early_ectoderm_NA18511	early_ectoderm_NA18856	early_ectoderm_NA18858	early_ectoderm_NA18912	early_ectoderm_NA19140	early_ectoderm_NA19159	early_ectoderm_NA19160	early_ectoderm_NA19210
OR4F5	0	0	0	0	0	0	0	0
OR4F29	0	0	0	0	0	0	0	0
OR4F16	0	0	0	0	0	0	0	0
SAMD11	625	63	284	116	30	35	603	17
NOC2L	4809	109	1648	353	200	500	3818	143
KLHL17	373	10	150	18	10	30	358	17
PLEKHN1	12	1	26	0	0	3	23	0
PERM1	0	0	0	0	0	0	0	0
HES4	34233	934	3491	2128	2939	6061	17793	1509
ISG15	3624	148	1509	907	213	469	3275	206
AGRN	2495	39	778	133	97	282	1687	60
RNF223	2	0	1	0	0	0	9	0
C1orf159	638	72	149	252	188	374	424	75
TTLL10	154	12	7	22	19	22	166	8
TNFRSF18	11	1	8	7	3	40	77	3
TNFRSF4	5	0	3	0	0	0	16	0
SDF4	4279	123	1402	512	361	665	3830	196
B3GALT6	3125	65	953	221	133	318	2549	86
C1QTNF12	125	14	134	83	20	21	339	6
UBE2J2	5522	129	1702	577	415	780	4279	226
SCNN1D	101	4	31	11	4	13	66	4
ACAP3	1048	20	314	81	68	162	839	44
PUSL1	2023	44	677	200	107	254	1790	69
INTS11	4485	125	1490	367	293	594	3505	173
CPTP	906	21	295	67	49	134	714	36
TAS1R3	11	1	2	0	3	1	4	0
DVL1	1512	17	424	90	48	115	1172	42
MXRA8	1221	51	1495	202	114	123	2391	50
AURKAIP1	20678	524	8127	1911	1086	2183	15461	723
CCNL2	3968	117	1325	423	304	744	3252	201
MRPL20	19980	383	6410	1861	1072	2238	15000	655
ANKRD65	157	6	58	17	15	32	186	7
TMEM88B	2	0	0	0	1	3	3	0
VWA1	1152	20	501	84	53	119	1045	27
ATAD3C	16	1	15	5	4	6	28	1
ATAD3B	1623	18	467	95	57	109	1099	49
ATAD3A	2690	45	894	193	66	230	2178	82
TMEM240	843	36	222	117	76	238	901	49
SSU72	19053	451	6206	1697	1049	2042	14081	635
FNDC10	1670	25	502	97	80	100	1530	24
MIB2	1720	41	735	157	95	231	1727	48
MMP23B	187	13	252	33	18	24	758	14
CDK11B	2906	83	916	310	224	524	2303	143
SLC35E2B	1096	56	345	146	105	202	863	61
CDK11A	2101	66	618	231	188	358	1724	89
SLC35E2A	472	37	194	141	105	210	497	44
NADK	598	35	189	118	79	181	518	55
GNB1	12449	557	4514	2360	1516	2848	9415	835
CALML6	3	0	1	0	0	1	3	0
TMEM52	381	9	187	33	11	61	405	12
CFAP74	236	13	9	31	37	37	176	14
GABRD	71	1	8	1	2	12	25	3
PRKCZ	1007	63	539	190	125	341	1299	87
FAAP20	8790	351	3302	828	711	1380	7957	428
SKI	1134	71	549	330	210	394	807	126
MORN1	593	47	166	161	144	304	429	68
RER1	6181	163	2220	688	379	853	5345	222
PEX10	2759	88	932	309	212	363	2039	110
PLCH2	3	0	0	15	11	19	1	0
PANK4	55	22	17	67	48	110	43	30
HES5	29	562	4	5859	5118	11275	17	2269
TNFRSF14	0	0	0	2	1	2	0	2
PRXL2B	73	31	23	144	110	235	36	77
MMEL1	1	0	0	5	7	8	4	0
TTC34	0	1	1	20	8	21	0	0
ACTRT2	0	0	2	2	0	0	13	0
PRDM16	1732	170	295	604	567	1256	785	309
ARHGEF16	354	10	188	18	22	44	363	12
MEGF6	604	31	254	86	85	224	477	48
TPRG1L	929	21	479	94	53	112	857	33
WRAP73	1926	34	676	182	110	230	1589	61
TP73	28	2	15	1	1	3	21	2
CCDC27	2	0	1	1	2	1	0	0
SMIM1	470	42	388	79	64	111	764	25
LRRC47	2895	71	1274	322	192	461	2450	124
CEP104	844	56	469	199	138	255	782	72
DFFB	302	21	151	31	39	93	248	26
C1orf174	4467	95	1453	363	206	510	3604	160
AJAP1	93	10	57	22	29	21	92	10
NPHP4	547	64	170	237	174	344	424	100
KCNAB2	248	20	90	62	65	87	167	35
CHD5	16	2	12	2	2	2	10	0
RPL22	25286	4217	9369	13934	9879	22567	22156	6186
RNF207	95	2	47	6	4	15	61	5
ICMT	3213	59	1308	268	183	403	2132	103
HES3	15	0	15	4	0	0	8	0
GPR153	1077	21	385	80	59	195	492	47
ACOT7	5358	173	1909	531	306	709	3523	250
HES2	12	1	13	1	3	2	11	0
ESPN	352	3	294	25	16	50	507	10
TNFRSF25	373	4	102	16	30	72	246	15
PLEKHG5	467	25	156	103	108	213	343	45
NOL9	2427	76	848	358	217	454	1503	123
TAS1R1	1	1	1	3	0	3	3	2
ZBTB48	977	36	242	149	103	189	805	79
KLHL21	300	13	112	88	86	110	212	16
PHF13	1188	43	551	259	119	268	1005	89
THAP3	1834	74	567	233	133	290	1514	110
DNAJC11	1807	100	637	361	254	509	1317	122
CAMTA1	18677	922	6104	3570	2542	4378	13969	1393
VAMP3	1954	80	834	319	117	292	1874	72
PER3	354	81	182	147	95	237	369	78
UTS2	15	0	1	8	2	2	2	0
TNFRSF9	3	0	4	0	0	1	3	1
PARK7	50651	1373	12931	5518	3421	6573	38150	1888
ERRFI1	1439	88	489	302	215	443	997	194
SLC45A1	117	8	34	22	36	32	149	15
RERE	6908	1533	2218	5439	3794	7015	5650	2143
ENO1	100890	1833	31483	7389	3588	10145	57228	3533
CA6	7	0	4	3	0	0	4	0
SLC2A7	0	0	0	2	2	1	1	0
SLC2A5	2	1	1	0	1	4	3	0
GPR157	155	8	58	17	24	38	120	13
H6PD	543	21	230	96	75	137	365	39
SPSB1	104	17	105	90	33	71	112	14
SLC25A33	3184	152	1081	562	305	574	2417	232
TMEM201	752	18	239	72	32	91	515	28
PIK3CD	58	9	60	10	15	41	69	9
CLSTN1	4578	232	1559	703	513	1109	3693	241
CTNNBIP1	4856	122	3494	595	304	795	5438	215
LZIC	4614	216	1724	772	635	1225	3802	295
NMNAT1	540	34	252	119	101	174	552	34
RBP7	48	6	92	16	6	20	74	2
UBE4B	2131	183	897	748	527	969	1662	339
KIF1B	8774	747	2172	2381	2003	3990	5391	1174
PGD	12407	351	3910	1356	838	1740	9276	564
CENPS	2181	101	652	371	240	493	1575	165
CORT	24	21	11	52	29	78	3	19
DFFA	5558	164	2358	508	299	759	4275	208
PEX14	1153	116	398	500	334	587	971	195
CASZ1	679	44	217	129	133	174	504	61
C1orf127	3	0	3	2	1	4	14	1
TARDBP	4774	224	1857	864	532	1471	3547	348
MASP2	2	7	3	10	4	12	5	15
SRM	19033	289	5232	1175	730	1660	12952	511
EXOSC10	2809	92	846	365	228	567	1982	136
MTOR	2300	103	847	502	344	620	1704	158
ANGPTL7	1	3	3	3	5	8	8	2
UBIAD1	1136	31	392	128	94	172	803	55
DISP3	193	9	20	11	28	48	160	15
FBXO2	562	15	1800	82	64	94	1005	43
FBXO44	614	22	367	47	52	96	576	23
FBXO6	150	10	52	32	27	28	179	17
MAD2L2	9139	254	3532	679	536	1192	7866	340
DRAXIN	4187	75	951	221	99	332	2585	105
AGTRAP	5931	153	2058	633	364	824	5613	228
C1orf167	8	0	23	12	4	11	68	3
MTHFR	798	27	271	128	83	168	661	50
CLCN6	716	56	217	207	148	281	564	106
NPPA	0	1	1	3	1	3	3	5
NPPB	0	0	0	0	0	0	15	2
KIAA2013	1731	39	765	176	101	206	1618	63
PLOD1	1248	41	628	170	107	176	1520	62
MFN2	1134	52	421	161	111	241	864	56
MIIP	3696	95	1308	345	245	498	3104	120
TNFRSF8	31	2	24	5	4	6	34	1
TNFRSF1B	182	2	78	12	6	16	57	4
VPS13D	638	107	221	456	360	640	436	136
DHRS3	145	4	209	13	12	13	172	7
AADACL4	0	0	0	0	0	0	0	0
AADACL3	2	0	0	0	0	1	0	0
C1orf158	9	1	1	3	6	1	42	1
PRAMEF12	0	0	0	0	0	0	0	0
PRAMEF1	0	0	0	0	0	0	0	0
PRAMEF11	0	0	0	0	0	0	0	0
HNRNPCL1	7	0	3	1	0	0	9	0
PRAMEF2	0	0	0	0	0	0	0	0
PRAMEF4	0	0	0	0	0	0	0	0
PRAMEF10	0	0	0	0	0	0	0	0
PRAMEF7	0	0	0	0	0	0	0	0
PRAMEF6	0	0	0	0	0	0	0	0
PRAMEF27	0	0	0	0	0	0	0	0
HNRNPCL3	0	0	0	0	0	0	0	0
PRAMEF25	0	0	0	0	0	0	0	0
HNRNPCL2	0	0	0	0	0	0	0	0
PRAMEF26	0	0	0	0	0	0	0	0
HNRNPCL4	0	0	0	0	0	0	0	0
PRAMEF9	0	0	0	0	0	0	0	0
PRAMEF13	0	0	0	0	0	0	0	0
PRAMEF18	0	0	0	0	0	0	0	0
PRAMEF5	0	0	0	0	0	0	0	0
PRAMEF8	0	0	0	0	0	0	0	0
PRAMEF33	0	0	0	0	0	0	0	0
PRAMEF15	0	0	0	0	0	0	0	0
PRAMEF14	0	0	0	0	0	0	0	0
PRAMEF19	0	0	0	0	0	0	0	0
PRAMEF17	0	0	0	0	0	0	0	0
PRAMEF20	0	0	0	0	0	0	0	0
LRRC38	1	0	0	1	2	0	3	1
PDPN	1014	29	846	88	69	92	1495	28
PRDM2	3033	180	785	649	474	983	2143	297
KAZN	1058	463	435	2078	1245	1979	1078	653
TMEM51	757	45	332	157	99	105	654	27
FHAD1	639	71	96	293	209	215	656	65
EFHD2	1259	33	817	158	99	174	826	37
CTRC	2	0	0	0	0	0	2	0
CELA2A	1	0	0	0	2	1	0	1
CELA2B	0	2	0	6	9	9	0	3
CASP9	672	28	324	104	109	163	560	48
DNAJC16	955	62	503	248	167	372	828	102
AGMAT	241	8	119	24	20	19	221	9
DDI2	1314	56	606	203	141	277	873	67
RSC1A1	0	0	0	0	0	0	0	0
PLEKHM2	1937	83	803	389	236	370	1730	113
SLC25A34	29	0	19	8	9	5	23	3
TMEM82	15	0	8	0	1	1	13	0
FBLIM1	699	47	415	133	95	193	777	39
UQCRHL	739	25	290	97	68	140	669	30
SPEN	5078	243	1553	710	560	1201	3426	337
ZBTB17	1215	62	322	174	134	256	920	79
SRARP	13	3	1	1	0	1	22	0
HSPB7	0	0	1	0	0	0	9	0
CLCNKA	12	0	5	4	1	4	19	2
CLCNKB	42	1	12	8	10	10	67	1
FAM131C	229	6	57	33	44	73	248	12
EPHA2	951	32	411	180	56	167	725	49
ARHGEF19	771	20	320	44	43	217	775	43
CPLANE2	102	1	54	15	12	8	152	7
FBXO42	1536	138	469	582	442	675	1132	209
SZRD1	3897	139	1437	517	307	827	2894	211
SPATA21	18	9	11	41	29	45	14	20
NECAP2	2446	80	830	261	173	372	2133	111
NBPF1	1863	108	454	279	462	407	1068	152
CROCC	1813	161	465	443	367	914	1380	146
MFAP2	221	374	88	1105	936	1563	248	419
ATP13A2	1852	46	556	182	138	210	1600	67
SDHB	4197	147	1588	470	319	686	3375	261
PADI2	27	1	2	4	2	2	29	1
PADI1	3	0	8	1	1	0	3	0
PADI3	18	0	17	1	0	6	16	2
PADI4	1	1	1	0	1	2	0	0
PADI6	0	0	0	2	0	0	0	1
RCC2	5967	193	2436	753	411	1160	4855	356
ARHGEF10L	677	50	262	219	153	213	529	95
ACTL8	14	0	4	0	0	0	13	0
IGSF21	490	53	137	156	129	170	704	44
KLHDC7A	5	0	23	2	1	2	53	0
PAX7	379	130	102	374	96	80	648	62
TAS1R2	0	0	0	0	0	0	0	0
ALDH4A1	607	13	303	52	37	76	442	28
IFFO2	105	5	41	53	31	46	95	17
UBR4	2626	119	1110	508	392	568	1993	177
EMC1	1387	31	435	142	103	227	1230	66
MRTO4	8561	166	2288	611	399	1055	6236	274
AKR7A3	43	1	10	1	4	9	27	1
AKR7A2	9464	293	3018	770	686	1316	6735	393
SLC66A1	944	20	381	118	46	100	815	29
CAPZB	14183	483	6818	2397	1169	2518	11750	790
MICOS10	12033	421	3842	1937	1238	2387	8483	763
NBL1	461	11	609	60	27	54	279	19
HTR6	8	0	2	0	1	0	2	0
TMCO4	32	2	18	13	5	19	68	4
RNF186	0	0	0	0	0	0	0	0
OTUD3	958	54	453	226	132	326	805	103
PLA2G2E	0	0	0	0	0	0	1	0
PLA2G2A	149	2	464	5	8	12	1602	4
PLA2G5	2	0	1	2	0	0	4	0
PLA2G2D	0	0	0	0	0	0	0	0
PLA2G2F	0	0	0	0	0	1	0	0
PLA2G2C	2	0	1	0	1	3	2	0
UBXN10	134	7	18	24	24	32	146	5
VWA5B1	5	6	1	24	12	6	7	5
CAMK2N1	2645	124	2055	491	455	1092	1886	151
MUL1	1062	31	396	109	82	157	840	32
FAM43B	425	12	90	24	25	51	266	12
CDA	488	6	256	13	7	19	1222	3
PINK1	1156	60	791	236	143	257	1290	67
DDOST	17525	312	5455	1183	631	1564	14257	429
KIF17	226	12	54	30	19	61	217	16
SH2D5	179	1	41	8	3	15	150	7
HP1BP3	13245	521	3958	2004	1820	3799	8393	833
EIF4G3	6120	1081	2050	3717	2816	5218	4321	1537
ECE1	651	42	246	102	79	119	578	61
NBPF3	292	34	8	97	77	123	275	25
ALPL	4713	120	1401	450	247	653	3827	200
RAP1GAP	152	0	50	13	11	29	156	11
USP48	4831	201	1562	846	565	1156	3702	344
LDLRAD2	14	2	4	7	0	6	35	3
HSPG2	956	47	349	246	104	194	931	61
CELA3B	0	0	0	1	1	0	0	3
CELA3A	0	0	0	0	0	0	0	0
CDC42	18099	852	7814	3588	1896	4463	17094	1100
WNT4	343	112	32	571	249	110	1863	27
ZBTB40	709	41	284	129	119	259	438	65
EPHA8	97	0	15	3	1	0	79	2
C1QA	0	0	0	0	0	0	0	0
C1QC	0	0	0	0	0	0	0	0
C1QB	0	0	0	0	0	0	0	0
EPHB2	2583	100	1276	616	509	731	1321	190
LACTBL1	0	0	0	1	0	0	0	0
TEX46	5	0	1	5	3	3	5	1
KDM1A	11645	458	3766	1536	1216	2627	8887	694
LUZP1	3401	134	1422	661	462	936	2616	213
HTR1D	73	0	61	4	2	2	51	4
HNRNPR	39803	1124	12986	4836	3280	8103	26575	2088
ZNF436	302	14	227	44	35	83	194	31
TCEA3	216	9	65	42	19	48	219	43
ASAP3	837	64	198	188	206	419	866	70
E2F2	700	19	81	54	45	127	283	49
ID3	66513	3155	16256	8515	6134	11942	67746	3438
RPL11	307131	8818	120378	30523	23288	49218	246676	13330
ELOA	2296	83	756	277	213	375	1667	111
PITHD1	7058	181	2328	697	470	1061	5333	286
LYPLA2	2081	124	745	431	244	629	1922	153
GALE	2345	43	776	228	138	314	1815	100
HMGCL	1353	67	641	238	154	291	1816	93
FUCA1	497	25	430	127	85	139	725	22
CNR2	4	1	0	4	1	3	3	1
PNRC2	6187	312	2399	1019	725	1883	4450	503
SRSF10	22271	649	5382	2336	1822	4111	13898	1138
MYOM3	0	1	4	2	0	1	6	1
IL22RA1	0	0	2	0	0	2	0	0
IFNLR1	36	3	35	28	28	51	56	10
GRHL3	56	1	53	7	1	4	76	2
STPG1	568	45	192	113	125	122	680	27
NIPAL3	414	13	213	83	62	101	399	30
RCAN3	839	37	328	136	119	176	1020	37
NCMAP	1	3	2	7	6	6	2	1
SRRM1	27420	829	8024	3046	2109	4497	20380	1221
CLIC4	3032	318	1417	1259	737	1708	2451	527
RUNX3	11	0	14	0	0	2	12	0
SYF2	8286	239	3034	895	711	1356	7187	349
RSRP1	2286	142	910	407	284	523	2408	191
RHD	24	20	4	40	22	78	7	24
TMEM50A	12029	393	3951	1257	866	1881	9295	506
RHCE	36	5	12	16	13	11	83	8
MACO1	1939	106	610	487	410	700	1453	203
LDLRAP1	512	16	191	64	21	67	419	26
MAN1C1	271	20	180	65	58	114	226	31
SELENON	2471	81	810	282	228	525	1614	121
MTFR1L	2854	87	814	356	232	468	2272	136
AUNIP	1013	35	326	116	96	178	761	33
PAQR7	160	2	78	16	15	32	192	13
STMN1	110234	3544	27911	9941	7502	15128	88249	5303
PAFAH2	471	16	196	55	55	81	393	26
EXTL1	25	3	13	13	5	6	48	1
SLC30A2	18	0	2	1	2	2	11	1
TRIM63	8	1	2	2	0	0	3	0
PDIK1L	854	55	213	175	165	327	501	89
FAM110D	508	20	141	66	50	66	539	12
C1orf232	55	4	19	24	17	21	85	10
AL391650.1	456	21	658	216	87	43	456	12
ZNF593	5283	150	1922	736	331	583	4917	266
CNKSR1	188	11	106	34	14	30	347	14
CATSPER4	13	0	6	3	0	1	13	1
CEP85	911	73	242	192	135	291	619	81
SH3BGRL3	23802	980	9311	3491	2692	5080	26950	1157
UBXN11	1672	68	395	236	230	413	1469	81
CD52	78	3	61	5	9	14	158	2
CRYBG2	249	19	189	68	30	48	367	15
ZNF683	0	0	0	0	1	0	1	0
LIN28A	3740	103	4377	668	128	753	3946	142
DHDDS	1391	83	531	273	220	375	1104	96
HMGN2	14688	2431	3530	8400	6194	16709	9212	4146
RPS6KA1	1042	25	427	106	71	171	821	41
ARID1A	10036	360	3463	1479	1128	2174	6925	603
PIGV	531	17	199	63	57	105	550	28
ZDHHC18	945	20	327	104	82	147	719	34
SFN	75	0	111	6	1	3	129	2
GPN2	1108	46	421	145	98	195	900	51
GPATCH3	618	19	251	96	56	129	539	34
NUDC	24667	587	7377	2442	1484	3068	20027	855
NR0B2	0	0	0	0	0	0	1	0
KDF1	80	0	116	1	2	9	148	1
TRNP1	402	14	273	56	44	74	581	13
TENT5B	459	11	451	112	62	63	821	27
SLC9A1	430	21	182	90	44	115	370	36
WDTC1	795	56	391	186	158	203	696	60
TMEM222	1893	60	620	203	159	318	1428	92
SYTL1	509	44	409	121	58	95	900	38
MAP3K6	124	6	72	30	15	26	222	8
FCN3	0	0	1	1	0	0	5	0
CD164L2	22	1	18	5	4	3	62	0
GPR3	131	1	63	14	5	11	135	3
WASF2	5628	268	2394	1029	507	1221	5185	333
AHDC1	1441	62	635	286	153	235	1324	92
FGR	7	0	1	2	1	0	17	0
IFI6	1496	49	496	102	125	310	1287	49
FAM76A	1819	57	577	221	185	307	1452	90
STX12	1596	79	488	331	260	415	1176	100
PPP1R8	2355	80	738	325	234	465	1848	102
THEMIS2	151	6	90	32	14	38	149	12
RPA2	8842	203	2583	770	603	1265	5845	310
SMPDL3B	223	14	249	26	25	35	377	12
XKR8	1007	28	419	108	66	123	978	35
EYA3	1888	146	556	576	449	748	1397	191
PTAFR	4	1	4	4	3	5	19	4
DNAJC8	20709	633	7118	2522	1786	3347	15601	920
ATP5IF1	25793	848	11470	3413	2098	3913	25462	1342
SESN2	763	48	524	215	71	159	664	74
MED18	561	32	222	59	67	166	517	44
PHACTR4	6114	406	1736	1436	1189	2148	4282	700
RCC1	3574	73	996	223	142	485	2378	162
TRNAU1AP	3848	112	1223	515	338	712	3358	202
TAF12	3943	108	1548	474	320	670	3306	184
RAB42	410	13	83	49	50	90	464	22
GMEB1	3193	92	895	368	217	533	2148	141
YTHDF2	13108	407	4264	1368	976	2467	9690	750
OPRD1	23	3	6	12	9	4	32	2
EPB41	6761	460	2023	1508	1327	2749	3780	631
TMEM200B	29	2	48	12	3	4	41	2
SRSF4	15242	604	4904	2173	1559	3166	10909	863
MECR	1890	81	623	245	150	309	1480	101
PTPRU	345	33	172	92	57	92	471	35
MATN1	1	3	1	7	5	6	4	5
LAPTM5	4	0	3	0	2	0	8	2
SDC3	1634	32	399	101	97	226	701	66
PUM1	9394	617	3341	2327	1692	3334	6704	913
NKAIN1	2763	80	727	243	239	437	1557	164
SNRNP40	12078	358	3334	1257	818	1765	8031	484
ZCCHC17	7868	246	2760	956	734	1413	5678	390
FABP3	264	6	349	48	40	30	343	10
SERINC2	3636	92	1365	396	227	466	2756	128
TINAGL1	9	0	13	0	1	1	16	1
HCRTR1	2	0	0	4	5	3	1	3
PEF1	4455	131	1643	418	206	542	3941	218
COL16A1	46	1	45	2	4	4	48	1
ADGRB2	990	16	172	80	68	121	589	30
SPOCD1	21	0	28	8	1	9	28	1
PTP4A2	15031	354	5196	1649	1018	2817	10614	665
KHDRBS1	33333	1046	10037	4125	3002	6148	25106	1787
TMEM39B	2202	66	466	229	160	371	1597	123
KPNA6	3745	129	1561	482	295	590	2671	167
TXLNA	2356	81	702	349	227	494	1709	112
CCDC28B	4086	118	1336	502	565	761	3140	214
IQCC	471	7	125	42	31	51	373	24
DCDC2B	2	11	3	27	20	22	1	8
TMEM234	918	22	359	113	80	137	731	31
EIF3I	19974	510	6172	2023	1119	2324	16310	760
FAM167B	44	0	20	6	4	7	42	1
LCK	31	1	82	3	3	8	112	1
HDAC1	4977	146	2985	521	407	1040	3625	236
MARCKSL1	141701	2595	31682	11556	8739	17445	94770	4486
TSSK3	24	4	9	30	11	26	30	4
FAM229A	419	11	119	46	34	62	335	12
BSDC1	2089	82	779	297	203	382	1570	89
ZBTB8B	504	21	187	70	63	131	396	23
ZBTB8A	1295	116	401	334	318	543	880	130
ZBTB8OS	5522	206	1829	835	517	1041	4373	320
RBBP4	14491	545	4364	2186	1669	3637	9953	798
SYNC	2700	94	744	315	304	538	1834	140
KIAA1522	997	45	305	157	139	228	1047	57
YARS	3827	170	1300	708	262	693	3244	189
S100PBP	2324	141	777	497	362	836	1673	216
FNDC5	319	7	130	49	60	70	236	13
HPCA	215	1	54	13	32	26	143	7
TMEM54	289	4	361	31	15	41	404	9
RNF19B	472	20	200	96	73	97	364	49
AK2	5133	160	1604	521	317	803	4704	228
AZIN2	190	28	106	83	72	111	186	26
TRIM62	93	9	58	38	26	33	67	14
ZNF362	1534	86	370	289	270	440	1099	158
A3GALT2	0	1	0	3	2	5	0	4
PHC2	7932	225	1837	762	585	1359	5187	356
ZSCAN20	200	16	46	43	23	53	143	9
CSMD2	301	68	72	364	352	395	137	116
HMGB4	1	0	1	0	0	0	0	0
C1orf94	53	1	9	2	2	3	25	1
SMIM12	3969	100	1299	431	242	587	3089	162
GJB5	4	1	7	1	1	0	3	0
GJB4	0	0	1	0	0	0	0	0
GJB3	4	0	0	0	0	0	4	0
GJA4	107	0	3	9	2	2	37	0
DLGAP3	59	1	47	3	12	7	58	6
TMEM35B	0	36	0	184	71	138	1	38
ZMYM6	434	57	125	184	140	285	268	74
ZMYM1	2057	169	732	605	387	840	1616	238
SFPQ	52953	724	14402	3385	2406	6497	32034	1585
ZMYM4	5477	418	1628	1862	1279	2676	3663	652
KIAA0319L	2188	199	777	721	548	909	1610	282
NCDN	591	10	215	51	31	64	501	14
TFAP2E	3	4	1	10	13	18	5	10
PSMB2	23324	561	8673	2142	1226	2907	18569	914
C1orf216	296	6	155	7	29	44	135	7
CLSPN	12382	258	3039	1104	795	1836	6992	513
AGO4	840	171	316	458	487	800	563	181
AGO1	3087	106	1228	415	328	888	2373	223
AGO3	2723	272	829	934	752	1364	1782	448
TEKT2	750	25	88	72	69	69	1028	36
ADPRHL2	3098	102	1150	365	261	512	2965	190
COL8A2	13	3	4	2	3	5	33	1
TRAPPC3	5487	138	2199	591	453	820	4810	250
MAP7D1	4170	108	1226	406	210	424	3336	161
THRAP3	20210	667	6377	2419	1759	3715	14389	1021
SH3D21	270	8	101	29	21	50	511	17
EVA1B	666	45	773	180	65	94	2758	41
STK40	1254	58	434	213	150	274	772	69
LSM10	5179	129	2036	631	410	719	4563	207
OSCP1	873	42	186	135	118	210	668	66
MRPS15	11756	360	4670	1219	605	1332	9087	416
CSF3R	6	0	0	0	0	0	2	0
GRIK3	10	1	11	11	2	2	14	1
ZC3H12A	75	1	42	3	4	9	107	6
MEAF6	9418	244	2899	952	817	1493	6779	398
SNIP1	998	64	366	229	167	286	825	64
DNALI1	4159	110	912	496	378	641	4104	151
GNL2	4685	100	1521	550	251	573	3820	187
RSPO1	3976	191	332	771	1053	1055	4234	269
C1orf109	2675	67	993	252	133	393	1610	115
CDCA8	5500	172	1424	520	363	956	3743	301
EPHA10	11	3	8	7	6	4	26	2
MANEAL	161	0	88	7	13	17	109	4
YRDC	2047	57	903	192	130	321	1712	75
C1orf122	9528	406	4789	1582	1016	1384	10145	383
MTF1	945	43	272	165	137	234	639	68
INPP5B	578	45	209	179	142	199	457	63
SF3A3	10051	252	3453	1080	609	1529	7775	431
FHL3	934	39	656	204	86	158	1390	56
UTP11	4507	158	1608	594	361	788	3796	225
POU3F1	1144	20	2475	152	124	206	842	55
RRAGC	2005	54	1092	226	159	272	1652	74
MYCBP	1649	97	515	421	292	608	1264	186
GJA9	0	7	0	12	6	19	0	2
RHBDL2	26	18	11	53	63	70	43	24
AKIRIN1	13718	429	6917	1921	1083	2474	12362	630
NDUFS5	57598	1467	20480	5850	3448	4739	47556	2501
MACF1	8573	1027	3378	3657	2394	4746	5832	1442
BMP8A	12	3	10	7	8	13	19	8
PABPC4	9784	185	3276	761	404	1135	7513	304
HEYL	98	8	33	18	27	48	70	11
NT5C1A	0	0	0	0	0	0	0	0
HPCAL4	28	4	2	3	4	23	81	5
PPIE	4350	157	1494	509	302	746	3651	236
BMP8B	25	3	1	2	2	3	18	1
OXCT2	3	1	3	0	0	2	6	1
TRIT1	1813	160	470	640	357	730	1613	224
MYCL	958	26	119	105	84	141	970	24
MFSD2A	831	17	105	52	33	100	466	25
CAP1	9934	274	4513	1224	672	1459	8981	417
PPT1	6471	162	2335	609	413	883	5372	231
RLF	2946	224	849	1096	670	1144	2579	398
TMCO2	1	1	0	1	1	0	0	0
ZMPSTE24	2028	94	986	397	217	523	1500	162
COL9A2	2760	143	2298	330	143	157	2943	91
SMAP2	1395	45	384	249	188	296	1005	70
ZFP69B	674	43	200	94	54	143	516	55
ZFP69	230	17	66	39	29	63	195	17
EXO5	486	13	174	63	38	96	354	27
ZNF684	499	17	169	109	68	126	426	26
RIMS3	358	12	150	61	58	113	269	30
NFYC	3337	141	1020	512	405	781	2511	219
KCNQ4	53	4	20	24	8	17	59	5
CITED4	2240	48	887	254	157	277	2078	105
CTPS1	7057	166	1912	523	331	864	4795	258
SLFNL1	6	16	2	80	48	103	6	44
SCMH1	1185	426	333	1515	1109	1942	685	605
FOXO6	110	3	54	24	4	16	95	13
EDN2	6	0	7	0	1	0	18	1
HIVEP3	69	38	59	146	118	119	200	33
AC119676.1	0	0	0	0	0	0	0	0
GUCA2B	0	0	0	0	0	0	0	1
GUCA2A	0	0	0	0	0	1	0	0
FOXJ3	1313	282	491	1059	792	1445	996	413
RIMKLA	476	11	256	70	51	116	586	24
ZMYND12	58	5	9	11	14	21	54	8
PPCS	3336	137	1346	426	317	662	3434	169
CCDC30	1211	116	204	488	448	506	1041	100
PPIH	7101	237	2356	859	593	1074	5606	307
YBX1	165524	4761	47032	18217	12212	30642	110503	8664
CLDN19	66	2	69	10	15	14	138	7
P3H1	1122	60	599	219	95	204	1172	76
C1orf50	190	74	66	238	179	342	166	87
TMEM269	35	6	6	20	18	21	20	13
SVBP	8142	291	2581	1095	761	1371	6847	378
ERMAP	204	6	73	49	50	86	180	23
ZNF691	722	19	257	90	68	129	599	35
SLC2A1	6678	134	3349	851	444	1239	9064	338
FAM183A	426	43	61	80	74	115	250	22
EBNA1BP2	8440	172	2443	729	479	912	6349	332
CFAP57	111	11	21	61	38	73	86	24
TMEM125	73	4	140	10	7	9	160	1
C1orf210	20	0	67	2	3	2	50	1
TIE1	38	2	8	5	2	1	15	0
MPL	0	0	0	4	0	0	2	0
CDC20	11890	244	3260	847	494	1452	7705	534
ELOVL1	881	20	389	111	35	95	848	30
MED8	3079	77	1108	410	236	437	2392	136
SZT2	644	50	182	145	154	246	337	62
HYI	2486	71	1071	419	393	435	2598	86
PTPRF	5386	176	1633	677	530	1040	3932	269
KDM4A	1532	78	715	405	313	617	1141	154
ST3GAL3	934	203	225	705	534	1076	548	336
ARTN	120	7	104	18	7	36	154	10
IPO13	612	18	247	66	45	96	423	24
DPH2	1324	11	430	64	38	127	941	42
ATP6V0B	11738	347	5574	1700	827	1883	10494	448
B4GALT2	4417	74	965	304	258	539	2993	155
CCDC24	309	30	222	92	87	143	498	30
SLC6A9	466	22	136	58	44	129	279	15
KLF17	0	0	0	0	0	0	0	0
KLF18	0	0	0	0	0	0	0	0
DMAP1	3281	98	1119	372	185	462	2296	122
ERI3	8851	301	2497	1160	804	1772	6466	485
RNF220	2466	116	735	376	281	385	2020	102
TMEM53	868	42	364	133	78	176	848	51
ARMH1	81	41	21	251	308	404	112	60
KIF2C	4902	157	1213	520	349	856	3301	258
RPS8	347455	13565	125159	45212	35734	80203	269338	19810
BEST4	275	14	80	30	27	63	375	14
PLK3	425	10	127	34	25	41	370	16
TCTEX1D4	11	2	3	1	2	0	34	0
BTBD19	63	12	34	46	42	61	88	19
PTCH2	120	36	25	85	32	53	147	48
EIF2B3	2427	124	901	564	276	576	1945	197
HECTD3	423	12	202	49	20	69	396	16
UROD	3805	105	1537	405	244	624	3377	179
ZSWIM5	302	163	82	658	519	867	179	216
HPDL	1456	23	294	21	35	132	878	16
MUTYH	1271	74	404	258	197	344	814	101
TOE1	1370	15	418	82	64	179	893	48
TESK2	82	30	95	122	81	130	98	37
CCDC163	166	3	76	7	13	8	68	3
MMACHC	404	16	109	38	22	76	242	29
PRDX1	83556	2092	34481	7579	4298	9193	65379	3035
AKR1A1	12048	403	4299	1043	848	1772	10407	594
NASP	70671	1865	20306	6985	4753	12109	46633	3481
CCDC17	18	0	9	2	1	3	15	2
GPBP1L1	2441	224	1064	710	510	1046	2393	290
TMEM69	2313	64	827	232	174	445	1733	104
IPP	1255	55	348	207	155	280	819	95
MAST2	719	114	159	542	328	489	486	171
PIK3R3	2460	391	908	1228	1010	2152	1549	859
TSPAN1	2	1	0	0	1	4	3	7
P3R3URF	0	0	0	0	0	0	0	0
POMGNT1	2503	65	845	222	169	252	2032	72
LURAP1	198	11	102	42	47	47	150	11
RAD54L	1295	38	366	130	84	216	853	82
LRRC41	3464	136	1319	591	340	653	2827	197
UQCRH	64314	1558	24791	5761	4093	8719	51544	2476
NSUN4	840	45	221	137	88	188	624	46
FAAH	192	6	43	21	11	34	198	11
DMBX1	26	0	6	4	0	2	32	0
TMEM275	0	1	0	0	0	0	0	0
KNCN	2	0	0	0	0	0	1	0
MKNK1	937	33	287	122	68	149	712	45
MOB3C	72	2	26	2	3	6	61	4
ATPAF1	4354	159	1491	593	377	746	3139	232
TEX38	1	0	2	0	1	2	4	0
EFCAB14	1454	65	637	266	167	345	1192	89
CYP4B1	1	0	0	1	0	1	1	0
CYP4A11	0	0	0	0	0	1	0	0
CYP4X1	19	1	6	6	2	5	16	0
CYP4Z1	0	1	0	3	2	5	0	1
CYP4A22	0	0	0	1	0	2	0	0
PDZK1IP1	0	0	0	0	0	0	1	0
TAL1	17	0	0	1	0	2	6	0
STIL	1142	98	368	299	192	476	838	153
CMPK1	5695	215	1980	834	516	1042	4378	286
FOXE3	49	1	154	54	18	8	15	1
FOXD2	54	2	5	3	2	1	43	4
TRABD2B	203	124	39	566	166	153	763	117
SLC5A9	3	9	1	32	24	43	2	8
SPATA6	2527	279	677	1189	737	1405	2065	406
AGBL4	164	17	13	1041	35	545	13	43
BEND5	2284	51	623	208	174	349	2199	91
ELAVL4	2797	30	98	205	450	1445	501	182
DMRTA2	4006	54	362	151	952	1387	1234	205
FAF1	3654	531	1137	2121	1404	2774	2805	835
CDKN2C	203	5	39	9	21	39	91	7
C1orf185	0	0	0	0	0	0	0	0
RNF11	2401	84	848	338	262	584	2000	133
TTC39A	66	6	92	26	20	18	95	7
EPS15	1579	181	582	677	545	1020	1124	247
OSBPL9	4234	264	1567	952	815	1457	2984	389
NRDC	10076	350	3333	1492	941	2176	6837	548
RAB3B	2065	66	1410	314	171	418	2753	96
TXNDC12	395	263	192	974	669	1351	397	394
KTI12	947	24	369	103	61	135	741	27
BTF3L4	12555	458	4220	1566	1126	2718	9425	651
ZFYVE9	1190	209	485	814	668	1036	890	270
CC2D1B	376	11	158	95	77	102	284	26
ORC1	1343	38	379	171	135	281	796	90
PRPF38A	6255	156	2038	589	370	1032	4212	248
TUT4	10359	753	3011	2540	1993	4118	6981	1108
GPX7	4853	206	957	613	457	729	4830	246
SHISAL2A	197	12	15	23	35	26	261	12
COA7	1985	30	681	157	112	273	1412	74
ZYG11B	2474	125	1155	551	425	748	1494	196
ZYG11A	30	2	17	20	8	22	46	8
ECHDC2	173	22	253	62	41	38	445	19
SCP2	6805	227	2614	814	637	1156	5113	366
PODN	3	0	4	1	1	0	2	0
SLC1A7	0	0	2	0	0	0	0	0
CPT2	1680	44	592	129	98	203	1361	71
CZIB	6613	182	2384	546	347	983	5061	263
MAGOH	16541	390	5005	1683	1005	2059	11689	558
LRP8	1330	75	313	280	137	258	1216	119
DMRTB1	3	0	1	0	0	0	1	0
GLIS1	18	3	15	17	4	6	44	1
NDC1	1468	84	519	353	243	491	1127	170
YIPF1	1474	52	632	184	126	230	1375	63
DIO1	2	2	1	11	12	11	4	5
HSPB11	8268	269	2853	948	626	1177	6361	360
LRRC42	4968	115	1652	526	352	662	4044	190
LDLRAD1	0	0	0	0	0	0	0	0
TMEM59	9388	329	3730	1206	1002	1703	8408	429
TCEANC2	560	24	239	87	78	153	418	47
CDCP2	1	0	0	0	1	1	0	0
CYB5RL	458	13	212	52	59	98	462	16
MRPL37	5342	146	2024	605	351	708	3926	293
SSBP3	7189	358	2068	1282	1035	2039	5045	546
ACOT11	183	13	72	47	17	42	142	16
FAM151A	0	0	1	2	1	6	2	1
MROH7	12	2	2	19	7	26	9	8
TTC4	441	97	156	322	193	419	342	109
PARS2	434	18	134	55	33	68	397	25
TTC22	12	0	8	3	1	5	13	3
LEXM	1	0	3	2	2	4	2	2
DHCR24	5316	85	1026	494	252	617	3642	184
TMEM61	11	0	6	4	1	3	13	0
BSND	1	1	1	0	0	0	6	1
PCSK9	750	8	104	40	19	65	295	24
USP24	1604	206	486	722	521	1017	985	278
PLPP3	2408	160	786	540	672	1427	1327	292
PRKAA2	2319	165	688	756	542	923	1722	300
FYB2	300	64	35	414	319	148	763	50
C8A	0	0	1	0	0	0	0	0
C8B	1	0	1	0	2	1	1	1
DAB1	1555	531	248	2039	1274	3337	714	887
OMA1	967	30	358	89	66	157	710	44
TACSTD2	11	0	17	2	0	1	21	0
MYSM1	1826	112	832	411	262	633	1537	156
JUN	4085	201	1074	903	458	699	3826	150
FGGY	785	88	349	399	261	530	491	174
HOOK1	1028	78	543	162	118	187	1294	57
CYP2J2	16	0	4	5	4	2	13	3
C1orf87	1	0	2	2	0	0	2	0
NFIA	1932	487	82	1517	1469	1746	3099	353
TM2D1	3519	187	1144	527	432	736	3509	242
PATJ	661	234	383	879	648	960	875	262
L1TD1	9414	85	7317	504	249	690	11182	163
KANK4	106	33	145	94	85	66	176	26
USP1	10110	290	2488	1169	759	2081	6108	495
DOCK7	3749	357	1111	1236	1022	1798	2515	512
ANGPTL3	11	1	1	6	2	8	17	2
ATG4C	1485	112	525	345	256	557	1119	157
FOXD3	294	9	88	25	13	14	932	10
ALG6	1643	75	513	185	158	280	986	101
ITGB3BP	7476	355	2124	1424	821	1622	6209	464
EFCAB7	844	92	246	252	262	450	607	99
PGM1	4716	107	1652	545	375	794	5602	224
ROR1	1460	418	742	1856	1159	2453	1462	639
UBE2U	1	0	0	1	2	3	0	1
CACHD1	4409	896	554	3346	4538	7020	3478	1615
RAVER2	867	102	253	359	322	609	472	194
JAK1	1733	174	364	585	502	806	1273	233
AK4	2355	182	689	644	281	706	4157	271
DNAJC6	108	38	67	168	189	168	87	46
LEPROT	3885	145	2110	480	349	594	3415	176
LEPR	98	31	129	157	55	97	146	41
PDE4B	399	52	91	105	216	522	179	68
SGIP1	123	24	69	119	156	286	72	57
TCTEX1D1	310	15	11	83	37	42	448	15
INSL5	0	0	0	0	0	0	1	0
WDR78	496	94	103	303	301	366	497	112
MIER1	5030	268	1550	929	694	1415	3716	417
SLC35D1	402	51	132	209	152	288	261	85
C1orf141	7	4	1	8	9	9	15	2
IL23R	0	0	1	1	1	2	0	0
IL12RB2	30	3	6	10	12	23	49	11
SERBP1	53511	1398	18809	5395	3318	8685	39873	2318
GADD45A	2252	101	1570	387	99	276	3281	116
GNG12	1834	139	559	569	340	628	1501	170
DIRAS3	96	2	21	25	16	13	74	0
WLS	12122	1299	1902	6309	4376	3770	21815	1360
RPE65	9	10	5	45	8	9	20	2
DEPDC1	3119	99	1311	427	200	560	2436	164
LRRC7	163	91	28	443	384	420	217	154
LRRC40	2833	142	946	483	339	810	1885	212
SRSF11	27921	854	9433	3273	2241	5082	20829	1427
ANKRD13C	1025	174	404	625	419	842	879	259
HHLA3	1400	42	551	212	96	415	1843	58
CTH	747	79	237	150	109	279	552	72
PTGER3	8	1	2	1	1	4	10	1
ZRANB2	12401	500	3992	1926	1385	3076	9341	719
NEGR1	423	201	25	357	366	1178	170	327
LRRIQ3	72	40	71	38	41	148	45	70
FPGT	437	65	102	116	164	346	110	75
TNNI3K	9	53	0	86	70	142	2	54
LRRC53	0	1	0	6	6	12	1	1
ERICH3	17	2	1	6	21	47	9	8
CRYZ	1581	63	600	248	190	361	34	112
TYW3	4277	212	1863	658	434	764	61	267
LHX8	85	3	25	4	14	8	63	3
SLC44A5	355	367	63	718	1257	2600	200	494
ACADM	6830	246	1663	798	677	1492	4354	390
RABGGTB	3988	99	1770	305	191	418	3156	112
MSH4	1	3	2	7	9	12	2	4
ASB17	0	0	0	0	0	0	0	0
ST6GALNAC3	885	472	297	1795	1428	3300	608	786
ST6GALNAC5	1199	356	443	1692	955	3251	760	798
PIGK	1337	112	601	349	217	470	1164	122
AK5	121	14	39	64	49	84	112	40
AC118549.1	2270	303	824	980	711	1531	1681	420
USP33	4029	262	1444	1009	766	1438	3075	369
MIGA1	751	88	352	325	228	430	684	130
NEXN	651	83	267	410	414	377	704	77
FUBP1	13283	551	3620	2144	1245	3105	9747	806
DNAJB4	1461	51	632	178	111	357	1017	54
GIPC2	14	5	11	17	12	34	24	6
PTGFR	18	3	2	0	4	7	10	0
IFI44L	307	2	8	1	44	55	23	5
IFI44	25	0	0	0	4	11	7	1
ADGRL4	35	3	25	8	2	4	28	1
ADGRL2	3524	421	1334	1825	1202	3264	2198	809
TTLL7	1726	76	332	434	344	559	1063	130
PRKACB	1370	289	477	1233	816	1577	1034	448
SAMD13	441	17	49	72	40	71	352	24
DNASE2B	2	0	0	0	0	0	6	0
RPF1	3106	105	981	345	269	522	2281	148
GNG5	45716	1100	14218	4955	2670	5918	36262	1717
SPATA1	55	14	35	76	56	91	57	21
CTBS	410	53	206	111	87	82	587	30
SSX2IP	2425	137	876	539	386	742	1624	175
LPAR3	193	4	79	6	2	14	76	5
MCOLN2	10	1	26	2	3	6	26	1
WDR63	111	17	23	58	55	55	107	13
MCOLN3	40	0	129	3	0	3	56	1
SYDE2	569	55	283	230	81	171	678	53
C1orf52	3421	94	1564	486	390	726	3053	176
BCL10	1949	56	805	294	171	449	1753	112
DDAH1	933	123	222	483	300	449	772	134
CCN1	5704	133	941	1424	424	915	5170	152
ZNHIT6	2794	104	1025	488	312	841	2000	182
COL24A1	62	36	13	44	137	439	28	20
ODF2L	4631	197	1260	630	532	1397	3718	301
CLCA2	1	0	1	0	0	0	1	0
CLCA1	0	0	0	0	1	2	1	0
CLCA4	1	0	0	0	0	0	0	0
SH3GLB1	3429	154	1259	719	482	873	2771	189
SELENOF	9013	330	3327	1180	823	1763	7767	428
HS2ST1	2031	349	580	1457	998	2038	1459	639
LMO4	6488	219	3872	941	447	1134	4330	353
PKN2	5540	494	1855	1617	1250	2831	3769	785
GTF2B	3226	121	1121	438	300	570	2621	157
KYAT3	3542	153	913	563	383	796	2675	173
RBMXL1	1366	35	495	147	111	232	981	59
GBP3	2	0	0	0	1	0	1	1
GBP1	10	1	11	4	3	1	9	0
GBP2	0	0	0	0	0	0	2	0
GBP7	0	0	0	0	0	0	0	0
GBP4	5	1	2	4	3	5	4	2
GBP5	0	0	1	0	0	0	0	0
GBP6	2	0	0	0	2	1	0	0
LRRC8B	1400	110	594	358	320	653	760	165
LRRC8C	643	54	88	332	458	892	141	123
LRRC8D	1364	233	541	662	501	1108	916	330
ZNF326	7776	251	2852	1044	798	1756	5025	468
BARHL2	34	25	2	47	36	12	462	4
ZNF644	7050	563	2176	2246	1647	3326	4689	848
HFM1	380	134	92	511	496	744	197	216
CDC7	2335	169	701	523	383	913	1333	244
TGFBR3	205	31	156	168	102	75	247	37
BRDT	0	1	1	7	1	1	0	1
EPHX4	124	7	33	22	26	45	137	9
SETSIP	35	0	11	2	0	3	22	2
BTBD8	405	48	120	98	119	204	307	45
C1orf146	0	1	0	1	0	0	0	0
GLMN	3264	196	822	691	560	1058	2239	273
RPAP2	3921	190	1085	856	721	1299	2557	306
GFI1	4	0	0	4	0	6	4	0
EVI5	2008	359	824	1352	1156	1877	1892	565
RPL5	220645	7996	85356	27543	21871	48269	187656	11806
DIPK1A	96	42	50	183	170	297	73	63
MTF2	8533	365	2850	1437	1025	2124	6440	648
TMED5	1777	62	727	248	230	455	1221	128
CCDC18	2765	159	846	684	440	982	1892	325
DR1	3929	107	1445	415	311	681	2777	157
FNBP1L	8636	664	2469	2236	1883	3817	7269	1054
BCAR3	1209	240	358	784	631	835	1121	318
DNTTIP2	6143	173	1756	713	424	987	4786	260
GCLM	1851	41	652	166	136	237	1390	90
ABCA4	28	3	84	15	13	17	13	3
ARHGAP29	220	35	977	117	58	78	496	12
ABCD3	2658	111	730	495	308	664	1552	174
F3	385	16	104	15	11	30	166	20
SLC44A3	54	14	38	64	36	55	83	23
CNN3	26652	955	8630	4204	2139	4700	18355	1424
ALG14	1291	59	383	214	149	346	884	97
TLCD4	434	22	164	85	75	132	353	36
RWDD3	159	88	64	378	282	505	138	116
PTBP2	5195	715	1622	2687	2206	5089	2485	1156
DPYD	30	37	6	96	66	125	19	44
SNX7	1981	93	885	372	294	537	2076	127
PLPPR5	109	7	22	28	25	40	128	5
PLPPR4	6	1	7	3	15	13	14	3
PALMD	213	10	39	34	291	61	372	35
FRRS1	154	13	33	57	37	89	129	26
AGL	1863	108	709	432	332	593	1526	173
SLC35A3	1262	73	535	344	235	461	1042	159
MFSD14A	102	155	45	657	389	776	117	212
SASS6	2698	124	913	408	269	767	1811	191
TRMT13	2015	79	570	258	186	437	1344	102
LRRC39	12	7	6	22	21	37	14	9
DBT	1442	85	595	213	193	314	1213	100
RTCA	2813	111	1146	425	309	584	2363	185
CDC14A	1184	219	379	855	829	1309	705	400
GPR88	11	0	1	1	3	1	0	0
VCAM1	824	14	70	92	62	208	150	37
EXTL2	4416	155	1587	612	333	892	3670	241
SLC30A7	1288	138	456	639	398	703	1186	201
DPH5	3608	128	1154	410	329	647	2992	193
S1PR1	1534	57	175	202	345	531	880	94
OLFM3	4091	288	486	1777	1753	5197	4628	740
COL11A1	3395	384	860	1971	1207	2496	2572	655
RNPC3	1316	84	392	262	217	492	1069	108
AMY2B	43	15	8	35	48	78	29	16
AMY2A	0	0	0	0	0	0	0	0
AMY1A	0	1	0	0	3	0	0	0
AMY1B	0	0	0	0	0	0	0	0
AMY1C	0	0	0	0	0	0	0	0
PRMT6	1886	43	767	183	88	211	1291	53
NTNG1	57	99	18	120	77	79	241	53
VAV3	363	56	125	295	437	584	212	163
SLC25A24	2975	125	472	531	365	596	2261	200
NBPF4	0	0	0	0	0	0	0	0
NBPF6	0	0	0	0	0	0	0	0
FAM102B	439	88	178	236	181	288	322	103
HENMT1	503	17	97	46	45	63	534	35
PRPF38B	8455	199	2799	793	480	1259	6018	380
FNDC7	7	2	1	4	0	6	4	1
STXBP3	2391	162	984	541	409	680	2174	165
AKNAD1	63	51	6	149	138	235	56	86
GPSM2	2884	155	576	477	438	832	2026	265
CLCC1	1377	38	420	169	119	242	1203	56
WDR47	365	33	103	129	142	207	247	57
TAF13	884	40	465	175	90	214	844	57
TMEM167B	1037	38	471	165	109	228	929	54
C1orf194	440	23	50	90	142	117	403	25
KIAA1324	39	5	15	49	60	72	43	13
SARS	6015	222	2538	788	468	1150	4472	340
CELSR2	3266	89	872	284	276	459	1789	136
PSRC1	4986	109	1393	379	240	757	3541	248
MYBPHL	20	2	15	5	1	2	13	3
SORT1	1660	83	629	363	280	573	1224	156
PSMA5	15090	363	5092	1507	905	1935	12445	589
SYPL2	6	0	6	1	1	3	6	1
ATXN7L2	299	5	86	36	16	57	214	15
CYB561D1	106	7	46	19	30	35	127	7
AMIGO1	169	5	74	16	18	20	140	6
GPR61	11	2	11	6	0	1	26	1
GNAI3	10007	301	3240	1261	952	1839	7635	499
GNAT2	3	0	0	0	0	3	0	1
AMPD2	940	22	317	92	61	99	1085	37
GSTM4	1218	47	343	138	120	190	965	69
GSTM2	195	18	79	35	53	108	227	15
GSTM1	2	11	61	12	30	53	87	15
GSTM5	4	11	9	1	3	118	54	1
GSTM3	5841	226	1361	658	525	1034	4329	338
EPS8L3	0	0	0	0	0	2	0	0
CSF1	157	3	60	40	20	27	164	9
AHCYL1	8263	299	3539	1048	637	1336	6367	462
STRIP1	1014	46	380	133	96	197	811	66
ALX3	22	2	10	4	9	6	24	2
UBL4B	0	0	0	0	0	0	0	0
SLC6A17	2	1	1	0	1	1	1	1
KCNC4	188	16	93	29	14	36	154	21
RBM15	953	31	300	125	81	297	655	53
SLC16A4	642	52	134	139	155	270	350	91
LAMTOR5	21597	511	6783	2333	1697	2984	18750	802
PROK1	3	0	0	0	0	1	6	1
KCNA10	0	0	0	0	0	0	0	0
KCNA2	4	0	6	1	0	0	0	0
KCNA3	31	3	3	0	1	3	20	1
CD53	11	0	9	1	1	2	12	0
LRIF1	1902	100	605	395	166	506	1242	108
DRAM2	2713	148	997	474	318	582	2965	183
CEPT1	1282	71	461	324	199	432	983	110
DENND2D	16	3	10	1	2	4	30	2
CHI3L2	0	0	1	3	0	1	8	0
CHIA	0	0	0	1	0	0	0	0
PIFO	898	30	402	333	153	115	1793	33
OVGP1	12	1	8	6	2	5	19	3
WDR77	4840	37	1680	204	105	282	3182	84
ATP5PB	13838	470	4532	1799	1159	2453	11164	791
C1orf162	13	0	13	4	0	3	19	1
TMIGD3	0	1	0	3	4	5	3	0
ADORA3	1	0	0	0	1	0	0	0
RAP1A	3029	179	936	679	446	889	2325	295
INKA2	181	22	202	94	42	57	175	37
DDX20	1997	51	625	194	133	314	1391	73
KCND3	19	6	8	17	15	11	25	4
CTTNBP2NL	2515	185	893	723	486	861	1898	239
WNT2B	1313	117	383	936	499	234	1775	124
ST7L	1307	124	381	505	366	631	1082	181
CAPZA1	8796	331	3040	1304	832	1648	6186	442
MOV10	714	42	280	189	127	224	633	48
RHOC	5187	219	2170	766	504	769	4845	263
PPM1J	117	6	119	15	6	17	250	2
TAFA3	15	0	5	3	0	4	15	0
SLC16A1	8834	212	2866	739	479	1197	6238	423
LRIG2	1084	84	411	340	268	505	854	119
MAGI3	1578	323	480	1115	966	1624	915	489
PHTF1	3613	242	987	779	575	1378	2418	431
RSBN1	3562	131	1113	456	394	799	2817	228
PTPN22	0	1	0	1	5	4	0	1
BCL2L15	18	0	1	4	3	5	3	2
AP4B1	387	3	109	51	36	65	254	28
DCLRE1B	771	8	234	57	46	108	549	29
HIPK1	1704	100	897	322	224	444	1272	101
OLFML3	2121	12	1023	135	27	52	2685	27
SYT6	1148	9	415	35	66	207	709	29
TRIM33	4871	329	1608	1273	928	1796	3457	516
BCAS2	8945	244	2903	1024	751	1594	7289	364
DENND2C	59	4	33	22	17	24	54	2
AMPD1	0	0	0	0	0	3	0	0
NRAS	3085	98	1191	472	261	788	2604	212
CSDE1	24866	860	9440	3122	1737	4636	20148	1253
SIKE1	2864	131	1281	433	256	687	2998	167
SYCP1	10	0	15	4	0	6	11	0
TSHB	0	0	0	0	1	0	0	0
TSPAN2	511	38	463	229	140	226	536	33
NGF	23	5	38	19	15	17	58	3
VANGL1	441	24	187	74	38	76	571	26
CASQ2	1	0	2	0	1	2	9	0
NHLH2	170	14	57	21	4	8	126	6
SLC22A15	39	24	28	98	62	91	35	40
MAB21L3	0	1	0	0	0	0	0	1
ATP1A1	8196	158	2973	746	340	909	6105	278
CD58	822	48	154	218	151	228	521	54
IGSF3	813	40	285	115	91	256	435	60
CD2	1	0	0	0	0	0	8	0
PTGFRN	1024	48	411	243	209	321	759	111
CD101	22	2	9	15	32	29	15	24
TTF2	4329	119	1354	424	226	585	2679	149
TRIM45	479	15	180	76	36	81	386	26
VTCN1	12	1	7	12	6	13	12	2
MAN1A2	4639	267	1236	1263	955	1849	3479	461
TENT5C	27	3	10	16	5	16	17	9
GDAP2	967	90	402	327	209	399	777	97
WDR3	2011	79	638	229	170	392	1414	108
SPAG17	194	55	72	184	312	41	377	90
TBX15	1	0	1	4	0	6	3	2
WARS2	774	81	303	257	177	458	631	144
HAO2	2	1	0	1	1	2	4	0
HSD3B2	0	0	1	1	0	2	0	0
HSD3B1	0	0	0	0	0	0	0	0
ZNF697	303	17	111	79	71	116	209	33
PHGDH	30907	767	8584	3127	1339	3661	19599	929
HMGCS2	6	0	8	0	6	9	10	3
REG4	0	0	2	0	0	0	0	0
ADAM30	0	0	0	0	0	0	0	0
NOTCH2	2178	196	605	758	537	836	1870	272
SEC22B	1338	129	533	467	317	716	987	182
AC253572.1	0	1	0	1	0	0	1	0
NBPF26	55	22	4	124	30	48	40	26
PPIAL4A	6	0	0	0	0	0	0	0
FCGR1B	0	0	0	0	0	0	1	0
FAM72B	211	8	59	15	4	22	168	4
SRGAP2C	1188	90	328	319	182	422	776	162
HIST2H3PS2	4	0	7	7	2	1	3	0
FAM72C	348	2	67	7	9	20	254	6
IGKV1OR1-1	0	0	0	0	0	0	0	0
PPIAL4E	0	0	0	0	0	0	0	0
NBPF15	508	30	91	154	110	188	289	52
PPIAL4F	0	0	0	0	0	0	0	0
SRGAP2B	405	88	95	427	330	343	244	159
FAM72D	406	6	55	19	10	31	307	10
PPIAL4D	0	0	0	0	0	0	0	0
NBPF20	175	5	14	8	12	16	71	3
GPR89A	942	50	215	221	141	180	726	68
PDZK1	6	5	1	50	43	89	9	18
CD160	45	5	8	23	12	12	49	8
RNF115	6778	203	1709	1224	898	1231	4571	304
POLR3C	2003	57	471	351	251	346	1594	83
NUDT17	263	4	65	53	38	28	273	15
PIAS3	1533	38	436	177	137	197	1283	45
ANKRD35	541	25	367	188	67	220	839	60
ITGA10	8	3	2	3	3	3	3	2
PEX11B	959	24	213	161	145	155	768	44
RBM8A	33229	565	7733	3472	2017	3557	26029	972
LIX1L	1879	49	466	345	296	456	1403	113
ANKRD34A	8	1	2	5	1	4	32	0
POLR3GL	2580	100	888	515	518	525	2913	163
TXNIP	3679	147	849	696	824	1225	5495	236
HJV	5	3	2	4	2	2	10	0
NBPF10	141	5	30	48	35	27	71	16
NOTCH2NLA	16	10	0	46	33	40	4	16
PPIAL4H	2	0	0	1	0	0	2	0
NBPF12	238	68	25	185	200	172	180	35
PRKAB2	1485	43	415	283	172	238	1464	60
FMO5	44	3	17	57	43	44	36	3
CHD1L	4331	3	917	39	30	48	3389	10
BCL9	3013	183	597	983	798	1117	1879	258
ACP6	980	29	160	156	137	171	947	53
GJA5	67	1	24	3	2	6	43	2
GJA8	0	0	0	0	0	0	0	0
GPR89B	639	28	166	171	111	127	522	36
NBPF11	553	34	100	218	191	222	324	62
PPIAL4G	0	0	1	2	1	1	1	0
NBPF14	387	11	52	92	77	64	321	43
NOTCH2NLB	1	0	0	1	1	0	4	0
NUDT4B	0	0	0	3	1	7	0	0
PDE4DIP	1653	82	251	482	331	242	1370	65
NBPF9	207	16	35	112	65	99	156	40
NOTCH2NLC	67	32	12	146	114	79	51	28
NBPF19	5	4	1	55	46	70	6	19
PPIAL4C	0	0	0	0	0	0	0	0
FCGR1A	0	0	0	1	0	0	0	0
HIST2H2BF	310	24	63	45	32	94	218	19
HIST2H3D	23	0	3	0	0	2	15	0
HIST2H4A	12	0	1	0	0	1	15	0
HIST2H3C	0	0	0	0	0	0	0	2
HIST2H2AA3	0	0	0	0	0	0	0	0
HIST2H2AA4	0	30	0	67	100	83	0	21
HIST2H3A	0	0	0	0	0	0	0	1
HIST2H4B	0	0	0	11	7	29	0	5
HIST2H2BE	331	21	57	27	53	52	358	17
HIST2H2AC	3768	40	389	203	184	225	1869	49
HIST2H2AB	264	8	41	24	15	59	136	12
BOLA1	2097	33	369	199	170	196	1825	61
SV2A	3440	64	1108	421	279	359	2524	83
SF3B4	8171	121	1921	640	433	770	6858	188
MTMR11	229	9	78	22	24	23	313	7
OTUD7B	1559	98	413	478	390	461	1139	154
VPS45	2013	119	477	696	581	665	1444	179
PLEKHO1	15302	216	2440	1215	1336	1566	9327	373
ANP32E	38297	652	8428	3476	2847	4943	27943	1287
CA14	4808	150	1844	572	266	462	4943	97
APH1A	9856	167	2485	926	582	973	9116	264
C1orf54	4223	226	1251	835	722	839	4172	262
CIART	661	18	216	101	54	69	1132	23
MRPS21	34006	586	7269	3697	2317	3526	26642	998
PRPF3	3116	98	701	585	390	547	2432	149
RPRD2	4097	329	814	1676	1254	1600	2828	473
TARS2	2224	48	448	299	177	213	1726	65
ECM1	45	1	35	8	0	8	75	2
ADAMTSL4	108	4	12	14	14	18	140	6
MCL1	9617	200	1905	1361	865	1412	7036	284
ENSA	18475	491	4897	2990	1835	2643	14631	709
GOLPH3L	2678	74	693	373	277	391	2296	101
HORMAD1	0	1	0	0	0	1	0	0
CTSS	9	1	9	9	6	9	11	5
CTSK	342	11	72	162	45	43	641	20
ARNT	1646	110	401	629	474	503	1420	147
CTXND2	17	4	0	4	7	2	11	1
SETDB1	2117	111	470	591	507	670	1689	176
CERS2	3945	79	1437	464	239	321	4171	76
ANXA9	46	4	72	7	4	17	82	2
MINDY1	376	15	103	53	76	77	283	23
PRUNE1	1178	33	302	126	89	136	943	30
BNIPL	65	3	39	13	7	13	72	5
C1orf56	2473	41	678	296	247	209	2071	62
CDC42SE1	4173	69	1129	415	322	443	3162	128
MLLT11	15501	294	3235	1492	1122	1649	9878	445
GABPB2	1099	35	208	225	200	241	683	70
SEMA6C	751	21	178	96	98	115	711	21
TNFAIP8L2	0	0	0	1	0	1	2	0
SCNM1	4261	92	858	505	374	489	3556	129
LYSMD1	555	17	132	66	40	58	397	8
TMOD4	1	0	0	0	0	0	1	0
VPS72	9147	161	1807	927	676	946	7407	300
PIP5K1A	2893	226	838	1320	875	1062	2518	318
PSMD4	18699	384	4306	2189	1487	2011	15121	580
ZNF687	1064	15	235	107	85	107	800	21
PI4KB	1723	38	405	261	172	179	1358	68
RFX5	1415	26	419	121	92	203	1133	41
SELENBP1	3441	63	1187	434	285	388	3032	113
PSMB4	17338	290	5990	1968	1199	1873	17662	507
POGZ	8837	294	1933	1855	1513	2086	5815	597
CGN	331	7	391	52	29	42	329	9
TUFT1	272	6	70	64	43	45	226	15
SNX27	4717	107	1152	683	519	725	2888	173
CELF3	115	7	70	25	52	42	63	6
RIIAD1	80	3	23	32	39	24	74	3
MRPL9	9186	153	2314	896	557	781	7052	253
OAZ3	194	9	27	27	8	12	171	3
TDRKH	1129	29	189	191	124	132	834	53
LINGO4	0	0	0	0	0	0	0	0
RORC	3	0	2	1	1	0	3	0
C2CD4D	51	0	16	2	1	1	27	0
THEM5	0	0	0	0	0	0	0	0
THEM4	1826	29	284	146	172	208	1077	59
S100A10	3295	121	1177	477	370	601	4742	155
S100A11	10694	286	7343	670	310	545	15697	204
TCHHL1	0	0	0	0	0	0	0	0
TCHH	426	4	49	0	2	32	23	1
RPTN	0	0	0	0	0	0	0	0
HRNR	0	0	1	0	0	0	0	0
FLG	0	0	0	0	0	0	0	0
FLG2	0	0	0	0	1	1	1	0
CRNN	0	0	0	0	0	0	0	0
LCE5A	0	0	0	0	0	0	0	0
CRCT1	0	0	0	0	0	0	0	0
LCE3E	0	0	0	0	0	0	0	0
LCE3D	0	0	0	0	0	0	0	0
LCE3C	0	0	0	0	0	0	0	0
LCE3B	0	0	0	0	0	0	0	0
LCE3A	0	0	0	0	0	0	0	0
LCE2D	0	0	0	0	0	0	0	0
LCE2C	0	0	0	0	0	0	0	0
LCE2B	0	0	0	0	0	0	0	0
LCE2A	0	0	0	0	0	0	0	0
LCE4A	0	0	0	0	0	0	0	0
C1orf68	0	0	0	0	0	0	0	0
KPRP	0	0	0	0	0	0	0	0
LCE1F	0	0	0	0	0	0	0	0
LCE1E	0	0	0	0	0	0	0	0
LCE1D	0	0	0	0	0	0	0	0
LCE1C	0	0	0	0	0	0	0	0
LCE1B	0	0	0	0	0	0	0	0
LCE1A	1	0	0	0	0	0	0	0
LCE6A	0	0	0	0	0	0	0	0
AL162596.1	0	0	0	0	0	0	0	0
SMCP	0	0	0	0	0	0	1	0
IVL	0	0	0	0	0	0	0	0
SPRR5	0	0	0	0	0	0	0	0
SPRR4	0	0	0	0	0	0	0	0
SPRR1A	0	0	0	0	0	0	0	0
SPRR3	3	0	1	0	0	0	6	0
SPRR1B	0	0	0	0	0	0	0	0
SPRR2D	0	0	0	0	0	1	0	0
SPRR2A	0	0	0	0	0	0	0	0
SPRR2B	0	0	0	0	0	0	0	0
SPRR2E	0	0	0	0	1	0	0	0
SPRR2F	1	0	0	0	0	0	11	0
SPRR2G	0	0	0	0	0	0	0	0
LELP1	0	0	0	0	0	0	0	0
PRR9	1	0	0	0	0	0	2	0
LOR	5	0	2	1	0	0	3	0
PGLYRP3	0	0	0	0	0	0	0	0
PGLYRP4	0	0	1	0	0	0	0	0
S100A9	9	0	5	0	0	2	6	0
S100A12	0	0	0	0	1	0	0	0
S100A8	0	0	0	0	0	0	0	0
S100A7A	0	0	0	0	0	0	0	0
S100A7L2	0	0	0	0	0	0	0	0
S100A7	1	0	0	0	0	0	4	0
S100A6	3603	188	1816	935	512	780	5782	141
S100A5	2	2	3	0	1	0	6	0
S100A4	3640	39	1581	321	143	287	3827	91
S100A3	4	0	2	0	1	0	14	0
S100A2	17	1	6	7	2	3	21	0
S100A16	879	15	388	124	88	89	814	28
S100A14	31	9	21	23	20	29	39	12
S100A13	11118	269	3855	1323	811	1103	10411	334
S100A1	61	1	86	4	2	3	168	4
CHTOP	8531	208	2331	823	537	1061	6509	258
SNAPIN	8010	133	1681	821	621	777	6147	228
ILF2	52816	822	10096	3781	2501	4412	35543	1329
NPR1	28	0	49	1	1	0	32	0
INTS3	441	76	90	398	254	346	319	79
SLC27A3	225	10	80	54	41	78	287	14
GATAD2B	346	308	74	1582	1238	1569	272	350
DENND4B	1441	37	286	156	101	163	1274	48
CRTC2	485	11	154	55	35	52	443	14
SLC39A1	409	181	107	982	514	919	414	275
CREB3L4	1987	45	509	137	140	243	1510	59
JTB	14387	371	2947	1915	1441	2041	11459	481
RAB13	8902	311	2473	1519	1620	2100	7649	458
RPS27	359823	6160	90043	28374	22960	35072	292301	8965
NUP210L	8	32	5	131	58	114	10	39
TPM3	29473	599	7625	3945	2343	3765	24117	932
C1orf189	34	3	4	6	9	5	30	3
C1orf43	14133	298	3764	1534	1081	1530	13381	419
UBAP2L	7224	151	1722	881	585	871	5422	227
HAX1	9038	211	2252	1078	615	859	8702	248
AQP10	1	0	0	0	0	0	3	0
ATP8B2	689	26	243	125	86	132	564	25
IL6R	13	0	9	1	2	1	17	3
SHE	6	0	1	0	2	1	7	0
TDRD10	2	0	0	1	2	1	5	1
UBE2Q1	3856	56	1085	388	214	320	3076	78
CHRNB2	111	0	12	7	5	16	37	3
ADAR	6135	150	1806	840	602	877	4624	239
KCNN3	880	50	92	211	284	191	772	98
PMVK	10857	154	1740	856	653	824	5740	190
PBXIP1	2728	75	776	453	494	524	2680	89
PYGO2	1864	41	417	227	102	206	1502	52
SHC1	2057	52	895	381	109	179	2982	56
CKS1B	11429	910	2652	4356	2362	4425	8035	1399
FLAD1	5430	109	1140	518	347	525	3940	162
LENEP	1	0	1	0	0	0	5	0
ZBTB7B	213	4	99	31	13	9	268	3
DCST2	72	3	18	31	19	17	54	3
DCST1	2	0	0	8	9	11	7	7
ADAM15	1506	28	301	159	96	170	1070	39
EFNA4	5430	80	982	414	318	629	4001	139
EFNA3	1998	19	521	131	101	199	1688	40
EFNA1	525	4	30	8	14	30	219	2
SLC50A1	2705	48	794	302	120	201	2623	71
DPM3	6724	178	1515	906	651	702	6312	225
KRTCAP2	13297	599	2563	3338	2080	2989	11362	835
TRIM46	582	10	125	71	64	101	340	16
MUC1	316	10	98	19	31	18	319	5
THBS3	996	42	336	231	174	163	1061	54
MTX1	1909	128	468	593	354	605	1798	194
GBA	41	20	7	87	70	103	58	19
FAM189B	40	56	10	268	199	236	32	72
SCAMP3	199	94	31	402	237	354	173	95
CLK2	253	73	65	231	254	298	170	66
HCN3	10	6	1	40	70	90	6	19
PKLR	1	0	0	2	1	0	0	1
FDPS	50138	905	6691	6515	3202	4969	35880	1456
RUSC1	4527	60	1012	387	296	421	3320	136
ASH1L	6479	494	1394	2722	2115	2347	4507	743
MSTO1	564	16	156	117	69	109	516	31
YY1AP1	2265	80	524	497	339	375	1644	146
DAP3	6623	211	1671	1130	711	980	5683	243
GON4L	5983	318	1270	1602	884	1323	4642	321
SYT11	3569	194	1470	786	433	1175	1403	236
RIT1	3719	119	1159	683	372	594	3384	142
KHDC4	3534	99	805	568	380	504	2660	139
RXFP4	1	0	0	0	0	0	2	0
ARHGEF2	1732	45	470	248	190	240	1362	75
SSR2	27755	583	7503	2991	2318	3169	23733	878
UBQLN4	1359	36	295	216	190	254	933	78
LAMTOR2	11167	201	3230	1225	942	1244	8169	334
RAB25	572	4	522	19	21	47	1044	9
MEX3A	14796	220	3190	1223	887	1510	10272	422
LMNA	2926	192	882	1202	895	1032	3432	271
SEMA4A	162	5	47	27	35	36	158	8
SLC25A44	683	26	182	97	56	98	508	33
PMF1	18645	346	3818	1622	1215	1813	13970	462
BGLAP	134	44	18	230	131	170	121	53
PAQR6	314	5	134	19	15	38	161	11
SMG5	1446	62	319	386	253	328	1046	102
TMEM79	223	18	57	33	20	35	208	16
GLMP	2205	60	666	304	198	227	2412	47
VHLL	1	0	0	0	0	0	1	0
CCT3	56714	878	12845	4690	3110	4945	42085	1352
TSACC	254	4	134	15	8	23	238	7
RHBG	31	1	2	3	6	10	39	5
C1orf61	38667	255	760	1349	4263	6574	7694	1681
MEF2D	401	15	159	86	85	81	400	23
IQGAP3	907	37	205	195	154	253	710	56
TTC24	2	0	0	0	0	0	1	0
NAXE	11114	187	2385	1163	777	770	9025	280
GPATCH4	7980	97	1586	494	319	610	5831	189
HAPLN2	45	4	6	16	9	2	45	4
BCAN	56	2	57	13	9	9	57	6
NES	36802	518	5072	3516	2231	3174	19390	1073
CRABP2	25439	575	12578	3084	2047	2279	31831	841
ISG20L2	3805	43	861	302	193	324	2755	83
RRNAD1	1646	45	384	257	182	257	1302	75
MRPL24	3417	58	566	241	175	271	2424	97
HDGF	30476	422	6915	2504	1822	3517	25238	789
PRCC	5517	125	1352	644	546	641	4433	187
SH2D2A	569	11	95	82	35	44	628	12
NTRK1	4	0	4	9	9	4	24	1
INSRR	2	0	0	0	1	1	0	0
PEAR1	22	2	4	7	1	0	22	0
LRRC71	1	0	0	2	0	1	2	0
ARHGEF11	1028	148	321	834	587	691	886	203
ETV3L	13	4	24	28	5	1	78	3
ETV3	709	29	183	224	153	187	637	46
FCRL5	0	0	2	0	0	0	4	1
FCRL4	0	0	0	0	0	0	0	0
FCRL3	0	0	0	1	1	0	1	0
FCRL2	2	0	0	1	0	1	0	1
FCRL1	0	0	0	0	0	0	0	0
CD5L	0	0	0	0	0	0	0	0
KIRREL1	1319	179	405	1050	758	883	995	238
AL138899.3	1	0	0	0	0	0	0	0
CD1D	233	0	43	3	3	4	451	2
CD1A	0	0	0	0	0	0	0	0
CD1C	0	0	0	0	0	0	0	0
CD1B	1	0	0	0	0	0	0	0
CD1E	0	0	0	0	0	0	0	0
OR10T2	0	0	0	0	0	0	0	0
OR10K2	0	0	0	0	0	0	1	0
OR10K1	1	1	0	0	0	0	0	0
OR10R2	0	0	0	0	0	0	0	0
OR6Y1	0	0	0	0	0	0	0	0
OR6P1	0	0	0	0	0	0	0	0
OR10X1	0	0	0	0	0	0	0	0
OR10Z1	0	0	0	0	0	0	0	0
SPTA1	0	0	0	0	0	0	2	0
OR6K2	0	0	0	0	0	0	0	0
OR6K3	0	0	0	0	0	0	0	0
OR6N1	0	0	0	0	0	0	0	0
OR6K6	0	0	0	0	0	0	0	0
OR6N2	0	0	0	0	0	0	0	0
MNDA	1	0	0	0	0	0	0	0
PYHIN1	1	0	0	3	2	1	1	1
IFI16	1796	7	522	186	37	60	455	44
AIM2	364	64	50	309	331	426	315	106
CADM3	314	16	130	50	102	118	309	22
ACKR1	16	1	4	2	2	4	14	0
FCER1A	0	0	0	0	0	0	0	0
OR10J1	0	0	0	0	0	0	0	0
OR10J5	0	0	0	0	0	0	0	0
APCS	0	0	0	0	0	0	0	0
CRP	0	0	0	0	0	0	1	0
DUSP23	5564	76	1314	579	357	418	5144	97
FCRL6	2	0	2	1	0	2	3	0
SLAMF8	0	0	0	0	2	0	3	0
AL590560.2	4	1	2	1	0	0	9	0
VSIG8	5	0	0	0	0	0	8	0
CFAP45	215	6	10	55	69	33	327	12
TAGLN2	3947	131	1261	626	457	597	3968	187
IGSF9	2280	38	443	211	200	277	1333	78
SLAMF9	1	0	0	2	0	0	0	0
KCNJ10	30	2	8	1	6	8	4	5
PIGM	2102	39	449	215	137	268	1316	58
KCNJ9	2	1	1	0	1	0	2	0
IGSF8	1330	22	553	105	87	121	1344	33
ATP1A2	5522	55	1251	320	111	269	2758	81
ATP1A4	52	1	24	19	4	5	49	5
CASQ1	44	1	29	9	2	0	42	0
PEA15	5083	65	1054	511	334	515	3088	160
DCAF8	2352	148	610	677	533	778	1910	224
PEX19	4529	87	1183	446	283	467	3770	124
COPA	6550	225	1894	1342	865	1018	5243	254
NCSTN	3607	66	972	360	272	356	3523	95
NHLH1	149	9	23	44	25	50	157	7
VANGL2	5214	110	862	634	562	744	4066	170
SLAMF6	0	0	0	0	0	0	0	0
CD84	2	0	0	0	1	1	0	1
SLAMF1	0	0	0	0	0	0	0	0
CD48	2	0	0	0	0	0	17	0
SLAMF7	1	0	0	0	1	1	2	0
LY9	1	0	0	1	0	0	0	0
CD244	0	0	0	0	0	0	1	0
ITLN1	3	1	0	0	0	0	2	0
ITLN2	19	0	50	4	2	0	89	2
F11R	968	48	439	180	82	235	1043	78
TSTD1	7258	224	3223	1015	836	1131	11573	348
USF1	972	20	299	100	112	155	1448	56
ARHGAP30	7	3	4	11	8	12	11	1
NECTIN4	14	1	9	2	1	2	19	1
KLHDC9	1821	51	445	216	203	179	1963	57
PFDN2	25989	515	5757	2600	1643	2461	19778	728
NIT1	4249	74	1249	412	335	407	3863	131
DEDD	1727	37	441	246	220	277	1264	72
UFC1	22573	443	4738	2376	1646	2206	13734	594
USP21	638	13	136	59	54	97	469	22
PPOX	2108	44	519	249	178	269	1722	75
B4GALT3	2674	47	634	232	162	240	2310	64
ADAMTS4	192	5	48	22	24	15	215	11
NDUFS2	17167	354	3516	1808	1303	1866	12313	481
FCER1G	10	0	11	4	2	3	15	1
APOA2	369	56	106	262	235	427	309	81
TOMM40L	511	4	126	50	26	32	343	8
NR1I3	4	1	3	1	3	5	10	1
PCP4L1	6	2	5	17	14	9	19	4
MPZ	103	11	35	22	15	32	135	8
SDHC	10371	345	2485	1630	1233	1720	8705	494
CFAP126	446	23	15	72	113	20	931	7
FCGR2A	28	0	15	4	4	3	15	0
HSPA6	33	4	6	3	2	5	585	3
FCGR3A	0	0	0	0	0	0	0	0
FCGR3B	0	0	0	0	0	0	0	0
FCGR2B	2	0	0	0	0	0	0	0
FCRLA	0	0	0	0	0	0	0	0
FCRLB	80	4	29	6	13	10	57	6
DUSP12	5611	101	1034	492	433	640	3967	170
ATF6	2781	157	657	903	550	718	2326	213
OLFML2B	441	7	64	49	50	66	439	19
NOS1AP	2014	213	327	1194	1169	1153	1544	361
SPATA46	3	0	0	0	0	1	7	0
C1orf226	619	10	120	54	31	69	508	11
SH2D1B	0	2	1	3	1	2	0	0
UHMK1	1868	111	504	493	324	424	1884	95
UAP1	3744	109	808	535	298	423	3342	159
DDR2	88	15	51	186	39	59	113	22
HSD17B7	4363	96	719	645	314	427	3447	175
CCDC190	2	1	2	6	3	0	7	0
RGS4	40	3	19	8	8	9	41	1
RGS5	528	21	146	145	69	98	548	36
NUF2	11418	263	2197	1152	889	1454	7498	420
PBX1	9832	523	3111	2717	2395	3771	7080	853
LMX1A	471	538	63	2984	3179	843	1818	326
RXRG	43	7	8	25	9	5	231	2
LRRC52	0	0	0	0	0	0	0	0
MGST3	34471	892	11545	4163	2309	3956	30830	938
ALDH9A1	8989	142	2318	832	566	760	6422	222
TMCO1	12854	305	2976	1885	1207	1560	11596	412
UCK2	3936	127	744	724	519	826	2642	276
FAM78B	67	3	14	22	20	42	58	12
POGK	4210	84	766	520	435	623	2770	175
TADA1	2001	76	437	410	285	379	1409	86
ILDR2	2341	179	374	1000	384	420	2196	184
MAEL	187	12	13	39	15	21	163	7
GPA33	7	17	5	134	32	24	36	8
DUSP27	4	1	1	4	7	4	5	1
POU2F1	4971	530	1574	2656	1873	2426	3876	814
CD247	257	14	45	59	20	21	407	11
CREG1	2408	113	875	523	239	364	3670	102
RCSD1	6	1	2	6	3	6	19	0
MPZL1	5829	226	1424	1504	860	1374	4612	340
ADCY10	5	7	2	34	30	24	2	11
MPC2	14202	295	3165	1919	1389	1634	9945	460
DCAF6	1628	156	351	885	775	882	1102	300
GPR161	5033	121	835	560	476	761	3071	193
TIPRL	6403	204	1894	1051	815	1107	5356	279
SFT2D2	2828	69	585	355	268	436	1692	99
TBX19	100	6	19	29	17	26	86	14
XCL2	5	0	2	1	0	0	1	0
XCL1	182	0	13	3	8	0	35	1
DPT	1	0	0	0	1	0	1	0
ATP1B1	6347	174	2036	954	786	953	6274	282
NME7	5024	267	870	1514	1214	1618	3456	459
BLZF1	1303	62	284	380	249	350	1064	112
CCDC181	3799	68	432	404	179	486	2702	141
SLC19A2	711	53	219	303	183	251	589	76
F5	9	0	6	11	2	1	7	0
SELP	1	0	0	1	2	1	0	0
C1orf112	2664	62	467	353	218	373	1409	98
SELL	5	1	2	0	2	0	4	1
SELE	1	0	1	2	2	0	2	1
METTL18	1183	33	395	230	143	220	1580	60
SCYL3	917	27	198	139	112	150	612	45
KIFAP3	1714	81	292	470	494	460	1363	134
METTL11B	9	1	1	12	5	2	6	5
GORAB	1218	63	285	296	202	235	953	59
PRRX1	1294	46	14	85	90	131	827	105
MROH9	0	15	0	106	58	24	2	14
FMO3	4	1	0	8	3	5	4	1
FMO2	1	2	1	6	5	1	1	2
FMO1	48	13	33	93	49	16	298	7
FMO4	132	12	48	66	58	70	155	24
PRRC2C	43573	935	10195	5962	3662	5244	31892	1481
MYOCOS	4	2	0	29	18	24	2	22
MYOC	0	1	1	1	0	2	0	0
VAMP4	1186	32	252	175	136	236	898	71
EEF1AKNMT	2572	37	549	208	144	223	2030	63
DNM3	61	33	19	232	220	202	50	80
PIGC	4546	107	905	652	458	578	3882	141
C1orf105	11	0	6	13	4	5	19	1
SUCO	5720	224	1481	2387	1298	1413	5285	329
FASLG	0	0	0	0	0	0	0	0
TNFSF18	1	0	0	0	0	1	0	0
TNFSF4	42	1	37	9	6	4	70	4
PRDX6	51715	1192	18077	6685	2924	4991	45318	1431
SLC9C2	26	8	2	43	45	32	14	11
ANKRD45	1239	60	122	260	201	198	724	60
TEX50	1	1	0	1	0	0	2	0
KLHL20	1424	131	377	639	462	578	1014	193
CENPL	2873	46	594	293	161	329	1916	75
DARS2	1742	52	391	211	155	246	1124	62
ZBTB37	1552	50	483	228	150	282	1271	59
SERPINC1	1	0	1	1	4	3	5	2
RC3H1	1921	296	494	1702	1319	1612	1289	408
RABGAP1L	1275	424	512	2457	1843	2277	1200	634
GPR52	7	1	1	6	1	2	5	2
CACYBP	27360	469	5925	2599	1462	2408	22238	765
MRPS14	7041	134	1555	781	569	764	5422	243
TNN	11	1	4	2	1	2	14	0
KIAA0040	100	1	48	5	7	16	131	0
TNR	0	0	0	1	5	4	5	0
COP1	3269	511	749	2819	2000	2587	2510	758
PAPPA2	79	5	60	44	150	39	51	10
ASTN1	1359	213	201	1057	1321	1510	712	317
BRINP2	49	3	3	7	17	14	21	5
SEC16B	21	1	15	6	9	10	16	5
RASAL2	3077	470	661	2567	1882	2587	2321	662
CLEC20A	2	0	0	1	2	0	0	0
TEX35	21	1	6	2	1	1	13	0
RALGPS2	4544	393	1119	2507	1700	1601	3964	460
ANGPTL1	175	50	158	354	273	177	74	69
FAM20B	2687	83	566	516	341	526	2055	165
TOR3A	3863	71	735	359	204	306	2794	84
ABL2	3420	181	683	1077	732	975	2265	280
SOAT1	1162	66	311	337	255	416	756	92
AXDND1	56	11	8	36	23	37	6	18
NPHS2	0	0	0	1	0	1	0	1
TDRD5	4	4	1	2	4	5	11	1
FAM163A	13	0	1	25	23	1	3	2
TOR1AIP2	5245	120	1378	664	470	704	4114	188
TOR1AIP1	2038	47	476	320	207	284	1695	80
CEP350	7120	351	1971	1992	1380	1965	5358	536
QSOX1	951	34	490	114	95	116	1175	38
LHX4	179	3	40	22	23	22	74	10
ACBD6	12886	428	2589	2455	1745	2338	9432	711
XPR1	3262	494	789	2165	1680	1885	2148	641
KIAA1614	89	7	15	29	33	32	112	10
STX6	2392	78	590	499	418	536	1872	167
MR1	18	4	4	6	3	1	29	2
IER5	3518	41	519	238	228	223	4132	108
CACNA1E	50	9	3	45	43	77	30	21
ZNF648	17	0	1	5	5	1	19	1
GLUL	19121	351	5249	1725	1257	2417	13904	639
TEDDM1	0	0	0	0	0	0	1	0
RGSL1	0	1	0	1	0	0	1	1
RNASEL	200	6	61	18	33	16	330	6
RGS16	1794	17	427	116	63	89	1514	35
RGS8	10	1	3	2	5	1	10	0
NPL	148	8	57	32	28	29	159	4
DHX9	16317	508	3581	2788	1978	3037	10477	882
SHCBP1L	0	1	0	1	0	0	1	1
LAMC1	2953	113	957	629	359	463	2872	159
LAMC2	41	2	27	16	10	4	56	4
NMNAT2	121	6	46	78	83	40	168	13
SMG7	2772	192	678	1151	722	1011	1850	365
NCF2	5	3	1	21	22	21	7	16
ARPC5	17417	422	5039	2693	1620	2363	12792	674
RGL1	634	137	168	874	564	757	485	220
APOBEC4	1	2	0	5	6	3	3	3
COLGALT2	803	63	412	328	279	305	757	65
TSEN15	4579	168	969	782	551	666	2743	215
C1orf21	3904	183	1829	1379	902	1324	2538	288
EDEM3	1595	71	363	405	243	365	1053	77
NIBAN1	125	8	81	87	29	45	76	12
RNF2	3980	157	985	968	676	908	3256	231
TRMT1L	2179	60	641	369	259	317	1729	100
SWT1	1002	39	121	245	285	292	450	88
IVNS1ABP	7771	220	1501	1185	840	1724	7192	499
HMCN1	411	128	92	310	336	480	287	165
PRG4	5	0	0	3	3	1	2	0
TPR	31144	609	6157	3521	2355	3822	24417	992
ODR4	3662	134	697	811	559	857	2913	246
OCLM	6	0	1	0	2	0	4	0
PDC	3	2	0	7	10	4	1	3
PTGS2	2	0	2	0	0	2	7	0
PLA2G4A	54	3	26	10	23	18	48	9
BRINP3	61	10	4	20	382	649	22	21
RGS18	0	0	0	0	0	0	0	0
RGS21	0	0	0	0	0	0	0	0
RGS1	1	0	1	1	0	0	2	0
RGS13	18	0	1	3	1	9	13	1
AL136454.1	536	19	166	58	44	96	451	25
RGS2	572	32	255	117	71	85	935	24
UCHL5	4336	106	921	636	475	702	3285	229
RO60	12331	347	2949	1913	1444	2149	9024	466
GLRX2	2084	32	490	229	141	258	1422	58
CDC73	5836	287	1403	1423	1000	1535	4438	394
B3GALT2	10	0	1	5	4	7	11	3
KCNT2	994	701	184	3305	2221	3699	678	940
CFH	2	4	0	1	0	1	1	0
CFHR3	1	0	14	13	4	1	51	0
CFHR1	2	0	1	1	1	0	30	0
CFHR4	0	0	0	2	0	0	0	0
CFHR2	0	0	0	0	0	1	0	0
CFHR5	1	0	0	2	0	0	2	0
F13B	0	0	0	0	0	0	1	0
ASPM	21986	412	3467	2272	1285	3116	12556	914
ZBTB41	1157	63	347	338	232	303	1024	66
CRB1	199	25	29	85	241	309	25	50
DENND1B	1563	182	379	1494	907	991	857	331
C1orf53	1692	46	813	203	167	135	1275	36
LHX9	230	4	512	59	54	43	112	5
NEK7	648	193	305	781	586	746	738	187
ATP6V1G3	4	4	0	15	9	9	10	2
PTPRC	0	1	0	16	9	1	13	0
NR5A2	67	1	8	5	12	4	39	0
ZNF281	5729	92	1348	489	366	646	4331	132
KIF14	3990	172	881	789	484	881	2588	298
DDX59	1791	77	450	359	294	297	1456	101
CAMSAP2	2998	256	784	1547	1047	1426	2231	421
GPR25	0	0	0	0	0	0	2	0
INAVA	957	33	242	253	197	247	612	45
KIF21B	268	14	103	70	61	67	236	27
CACNA1S	8	2	1	13	15	3	10	0
ASCL5	13	2	6	12	2	4	16	1
TMEM9	8848	187	2144	937	592	948	9378	228
IGFN1	5	0	2	1	0	0	1	0
PKP1	0	0	2	1	0	0	3	1
TNNT2	58	3	26	6	3	5	64	0
LAD1	50	0	49	0	1	7	92	0
TNNI1	190	7	62	20	18	28	217	5
PHLDA3	2299	43	820	199	46	201	1055	84
CSRP1	1412	29	587	184	105	209	1335	50
NAV1	15177	597	2551	4320	3197	5919	5918	1182
IPO9	11277	289	2109	1561	1076	1626	6706	400
SHISA4	805	26	241	143	127	132	865	35
LMOD1	187	25	99	213	132	64	228	34
TIMM17A	7501	156	1657	913	570	810	5883	252
RNPEP	3794	77	1030	544	367	394	3079	130
ELF3	140	8	181	13	11	7	382	4
GPR37L1	13	0	3	3	9	4	10	3
ARL8A	4047	81	1140	381	307	340	3712	108
PTPN7	44	1	9	10	12	4	37	3
LGR6	3	1	3	3	0	2	7	1
UBE2T	7962	420	4880	1815	1208	2285	12757	737
PPP1R12B	1368	163	313	948	927	1032	932	307
SYT2	38	4	16	17	46	44	56	11
KDM5B	20130	604	5115	3462	2324	3301	16937	905
RABIF	2215	44	494	233	174	209	1565	72
KLHL12	2160	48	511	255	169	296	1806	77
ADIPOR1	3147	82	1132	390	219	361	3052	113
CYB5R1	1464	31	393	159	141	171	1066	50
TMEM183A	4043	162	1099	1071	636	1029	3286	276
PPFIA4	339	6	87	99	49	81	468	15
MYOG	2	0	0	0	0	0	6	0
ADORA1	138	8	21	35	16	31	144	6
MYBPH	1	0	0	0	0	0	3	0
CHI3L1	84	3	9	19	4	6	113	4
CHIT1	0	6	0	5	2	4	3	0
BTG2	3283	110	1100	702	270	596	3158	88
FMOD	22	5	9	3	1	4	56	0
PRELP	238	7	97	26	26	21	156	13
OPTC	30	0	148	0	1	4	28	1
ATP2B4	2439	140	514	606	634	823	1911	223
LAX1	3	0	0	1	1	1	3	1
ZC3H11A	100	7	31	23	15	29	86	7
ZBED6	112	9	35	35	16	29	103	7
SNRPE	59661	1187	11333	6728	4643	6916	43033	2035
SOX13	1089	53	335	273	179	183	1223	54
ETNK2	598	14	171	89	60	70	812	25
REN	4	1	2	3	3	1	8	0
KISS1	5	1	2	0	0	1	9	0
GOLT1A	30	0	20	8	4	6	58	3
PLEKHA6	232	90	53	504	298	146	427	63
PPP1R15B	1789	37	388	242	135	312	1339	83
PIK3C2B	1841	69	366	389	414	525	1130	102
MDM4	7917	221	1640	1100	847	1269	5087	338
LRRN2	963	58	159	339	411	280	1223	72
NFASC	557	35	30	188	109	93	799	50
CNTN2	151	7	32	25	9	28	248	2
TMEM81	143	0	41	6	5	15	98	1
RBBP5	2686	73	682	474	262	500	1792	132
DSTYK	2706	99	686	657	432	426	2234	151
TMCC2	415	10	113	73	37	37	342	19
NUAK2	3491	210	427	1222	901	941	2582	186
KLHDC8A	4295	28	753	330	393	859	923	117
LEMD1	1902	41	443	488	188	187	3032	117
BLACAT1	1812	36	351	243	98	205	571	77
CDK18	869	16	241	71	105	143	604	40
MFSD4A	70	11	12	37	25	34	73	9
ELK4	1736	54	369	278	159	346	1247	85
SLC45A3	549	16	89	45	56	47	276	13
NUCKS1	140391	2459	29761	15537	9015	15857	110961	4532
RAB29	980	7	527	94	52	70	1054	16
SLC41A1	1170	17	326	147	94	161	941	37
PM20D1	0	1	2	8	4	1	0	1
SLC26A9	0	2	0	1	1	2	1	1
RAB7B	110	2	8	4	6	7	30	1
CTSE	3	0	0	3	1	3	0	2
RHEX	9	1	0	7	9	1	1	0
AVPR1B	25	1	2	3	4	0	38	0
FAM72A	61	3	18	10	6	9	53	5
SRGAP2	1929	155	399	860	532	593	1364	224
IKBKE	197	12	85	42	22	26	227	2
RASSF5	41	1	15	4	6	3	42	4
EIF2D	2705	72	785	293	257	310	2579	86
DYRK3	2436	45	331	295	231	319	1410	67
MAPKAPK2	2836	61	748	545	293	370	2602	90
IL10	2	0	0	1	1	0	0	0
IL19	0	0	1	1	1	6	2	0
IL20	0	0	0	0	0	0	1	0
IL24	0	0	0	0	0	0	0	0
FCMR	3	0	1	0	0	2	0	0
PIGR	0	0	0	0	0	0	0	0
FCAMR	0	0	0	0	0	0	0	0
C1orf116	11	0	9	3	1	2	19	0
PFKFB2	204	11	102	63	44	33	254	12
YOD1	1261	27	213	187	94	199	833	54
C4BPB	0	0	0	0	1	0	0	0
C4BPA	0	0	0	3	1	1	1	0
CD55	1085	37	246	181	122	163	942	61
CR2	13	0	4	0	0	0	20	0
CR1	17	2	3	6	2	7	14	3
CR1L	96	8	86	21	21	37	162	9
CD46	6960	314	1387	1415	989	1417	6447	405
CD34	22	0	6	3	3	4	18	0
PLXNA2	1107	12	158	179	156	67	432	24
CAMK1G	293	10	61	49	57	50	194	14
LAMB3	3	0	2	1	1	3	10	1
G0S2	111	6	44	32	27	33	72	4
HSD11B1	1	6	0	28	19	17	0	4
TRAF3IP3	6	3	1	1	2	5	3	1
C1orf74	462	9	121	48	27	33	386	6
IRF6	29	0	43	2	2	2	59	1
UTP25	1260	30	282	152	98	146	944	40
SYT14	861	75	266	243	471	490	764	123
SERTAD4	454	12	217	20	41	76	232	13
HHAT	513	107	162	367	325	413	426	132
KCNH1	7	36	5	89	113	131	23	16
RCOR3	3025	140	663	788	682	928	2147	234
TRAF5	1872	54	357	325	203	248	1629	80
RD3	109	6	33	69	49	68	202	14
SLC30A1	1123	37	206	114	136	231	699	50
NEK2	5769	125	829	435	383	653	3918	176
LPGAT1	2590	137	507	590	652	1041	1219	214
INTS7	1707	109	314	648	464	712	1035	195
DTL	5182	220	989	1390	971	1393	2768	396
PPP2R5A	1092	46	391	207	163	214	1063	60
PACC1	2992	67	653	364	279	434	2136	119
NENF	6428	86	1418	608	674	897	4422	232
ATF3	907	151	416	1124	419	361	2505	78
FAM71A	3	0	0	2	1	0	3	0
BATF3	53	3	22	15	4	5	113	3
NSL1	10746	257	2129	1320	783	1282	7349	410
TATDN3	2056	89	399	287	232	410	1572	90
SPATA45	28	0	7	19	6	6	23	2
FLVCR1	4128	103	786	595	416	669	3403	193
VASH2	1409	27	521	190	125	220	2106	97
ANGEL2	2460	85	592	540	372	594	1888	139
RPS6KC1	1397	203	371	1248	917	1166	1101	277
PROX1	289	22	133	204	96	52	569	7
SMYD2	3991	83	308	496	308	321	4105	166
PTPN14	1386	161	451	1025	426	357	1781	179
CENPF	79423	1410	13730	7911	5212	10131	51296	3291
KCNK2	326	11	9	26	75	158	88	26
KCTD3	3346	130	699	654	473	791	2376	191
USH2A	32	34	5	143	114	57	56	41
ESRRG	166	97	97	297	403	324	156	110
GPATCH2	5661	224	1291	1374	853	1253	4439	327
SPATA17	1077	116	102	542	330	454	1201	137
RRP15	6622	115	1459	598	221	686	4482	219
TGFB2	192	3	159	40	15	27	45	6
LYPLAL1	2627	163	747	779	408	740	3461	200
ZC3H11B	13	1	5	6	3	5	10	1
SLC30A10	46	8	26	171	18	44	108	18
EPRS	13518	320	3164	1666	637	1377	10674	406
BPNT1	1454	45	465	196	92	208	1185	44
IARS2	6520	90	1645	707	326	762	5466	210
RAB3GAP2	3536	207	1046	1204	493	920	2796	287
MARK1	965	193	314	1038	395	588	687	188
C1orf115	600	21	131	52	20	43	645	19
MARC2	365	21	52	93	42	64	385	35
MARC1	2666	61	534	307	262	468	1611	116
HLX	16	0	1	2	1	2	16	0
DUSP10	126	3	83	45	27	50	188	3
HHIPL2	18	0	7	4	1	3	28	1
TAF1A	1829	41	458	282	140	310	1569	95
MIA3	6309	179	1515	1015	494	1239	5603	322
AIDA	1369	138	339	739	310	686	1023	210
BROX	3394	87	920	462	217	519	2550	124
FAM177B	0	3	1	3	2	2	0	1
DISP1	586	167	118	807	317	550	897	157
TLR5	25	0	3	7	2	2	46	1
SUSD4	84	5	42	49	21	34	72	8
CCDC185	0	0	0	0	0	0	1	0
CAPN8	2	0	0	0	0	2	4	0
CAPN2	5170	153	729	777	329	499	3824	164
TP53BP2	4590	166	1078	928	492	996	3379	242
FBXO28	2265	119	517	747	345	667	1552	213
DEGS1	6576	123	1594	759	300	618	5210	195
NVL	3104	119	555	802	379	658	2266	202
CNIH4	16096	334	4773	1978	740	1739	14602	454
WDR26	1963	107	582	708	369	620	1499	141
CNIH3	821	43	123	243	161	230	743	59
DNAH14	2676	502	599	3997	2193	4010	2642	723
LBR	13855	294	2259	1617	946	2627	7268	562
ENAH	27724	994	7284	5527	2627	6497	20039	1561
SRP9	64220	1394	13143	7715	3841	8297	44250	2299
EPHX1	743	20	470	123	59	119	1141	30
TMEM63A	253	12	120	49	24	31	251	18
LEFTY1	166	4	178	15	5	18	348	6
PYCR2	4057	54	1187	296	117	291	2788	86
LEFTY2	224	2	1521	20	6	22	336	14
SDE2	1479	28	432	221	113	220	1157	72
H3F3A	5375	7629	1863	37067	21071	48370	7648	12345
ACBD3	4609	189	1548	1106	472	861	4756	225
MIXL1	634	2	96	20	8	14	2552	5
LIN9	2094	121	377	752	419	849	1452	241
PARP1	47286	837	10237	4715	2382	4713	33066	1130
STUM	23	2	8	14	2	5	36	3
ITPKB	583	78	121	430	312	210	733	65
PSEN2	1136	13	274	150	78	126	1133	34
COQ8A	960	25	294	135	56	158	914	50
CDC42BPA	3881	487	785	2533	1097	1836	2973	734
ZNF678	2210	152	454	595	348	762	1238	194
SNAP47	4137	79	994	408	166	400	3748	126
JMJD4	1497	18	390	112	56	146	1237	28
PRSS38	0	0	0	4	0	1	1	0
WNT9A	56	68	13	318	89	116	138	35
WNT3A	496	92	31	848	137	46	2192	40
ARF1	21682	516	5898	2888	1031	2102	22962	704
C1orf35	9554	154	2126	1015	400	881	7939	324
MRPL55	9780	168	2406	1183	491	866	8949	245
GUK1	22503	459	5252	3057	1316	2186	21369	691
GJC2	59	1	14	9	2	6	58	3
IBA57	990	19	173	83	35	80	896	26
OBSCN	1745	85	402	491	216	396	1637	124
TRIM11	1766	32	379	132	66	142	1424	35
TRIM17	188	9	44	33	30	30	174	12
HIST3H3	0	0	0	0	0	0	0	0
HIST3H2A	2850	77	462	283	94	319	2511	104
HIST3H2BB	112	4	15	17	4	23	124	7
RNF187	12180	147	2509	994	418	859	10888	304
RHOU	4057	147	1030	611	192	529	3059	186
RAB4A	10517	243	2202	1227	597	1233	8407	319
SPHAR	0	0	0	0	0	0	0	0
CCSAP	1412	33	302	215	119	288	1090	53
ACTA1	134	6	75	46	5	12	229	1
NUP133	3046	100	683	624	294	601	2124	151
ABCB10	724	44	191	230	148	279	475	56
TAF5L	1403	31	329	207	107	228	911	81
URB2	1040	26	180	133	70	160	683	31
GALNT2	3042	156	601	949	376	822	2218	226
PGBD5	402	11	91	70	23	94	232	14
COG2	3242	71	714	449	211	445	2369	122
AGT	19	0	11	4	1	6	23	2
CAPN9	90	1	31	19	8	18	35	2
C1orf198	1923	44	444	201	121	323	1462	66
TTC13	782	45	155	231	116	234	547	74
ARV1	3433	69	737	457	234	356	2487	118
FAM89A	1134	56	353	303	463	288	1284	48
TRIM67	7	1	2	6	186	36	2	3
AL109810.2	1	0	0	0	1	0	0	0
C1orf131	3749	71	958	500	252	523	3000	115
GNPAT	5651	117	1081	744	377	734	3748	203
EXOC8	355	10	91	52	17	49	290	10
SPRTN	2098	43	454	318	143	280	1550	91
EGLN1	491	95	110	541	288	482	547	186
TSNAX	6048	163	1661	969	417	926	5101	213
DISC1	118	55	21	278	131	234	104	78
SIPA1L2	1155	52	538	662	198	344	1102	67
MAP10	696	16	112	130	65	86	347	24
NTPCR	9801	344	2527	1590	536	1087	8654	389
PCNX2	1146	171	307	818	451	953	780	253
MAP3K21	295	23	100	77	54	97	263	22
KCNK1	484	20	180	52	28	62	528	21
SLC35F3	258	85	65	1180	270	429	298	132
COA6	10350	201	1999	1027	507	952	6831	249
TARBP1	2119	174	428	623	248	617	1612	190
IRF2BP2	3455	118	737	492	194	510	3144	167
TOMM20	24693	807	6725	3828	1847	4384	22123	1240
RBM34	560	6	104	50	26	68	416	13
ARID4B	14711	683	3025	3466	1797	3358	10958	1025
GGPS1	4995	100	1366	477	236	473	3606	156
TBCE	1531	28	277	169	113	244	1109	65
TBCE.1	778	8	148	72	27	62	496	16
B3GALNT2	4019	180	808	762	400	805	2805	194
GNG4	2452	49	470	200	221	616	933	116
LYST	436	25	108	295	173	259	280	65
NID1	528	32	369	184	60	226	252	44
GPR137B	996	80	223	215	197	301	939	93
ERO1B	411	36	101	179	62	106	390	55
EDARADD	148	7	61	23	10	55	126	17
LGALS8	1082	31	250	136	81	154	937	47
HEATR1	3307	100	709	556	210	575	2259	148
ACTN2	77	10	15	52	11	24	71	7
MTR	3429	170	904	809	334	890	3125	233
MT1HL1	1	0	1	0	0	0	0	0
RYR2	106	18	23	68	30	49	100	7
ZP4	0	0	2	0	0	0	12	0
MTRNR2L11	5	0	1	1	0	0	3	0
CHRM3	635	84	195	1647	534	604	462	51
FMN2	973	211	156	1135	797	1280	373	375
GREM2	13	4	1	16	13	33	20	12
RGS7	270	317	33	4520	446	377	386	240
FH	9772	182	2180	1156	466	1004	7519	303
KMO	28	4	20	13	8	11	18	1
OPN3	4212	87	638	508	208	363	3341	134
CHML	2651	84	732	500	135	340	2429	96
WDR64	21	11	3	77	39	43	23	11
EXO1	1587	59	310	348	170	392	973	93
BECN2	0	0	0	0	0	0	0	0
MAP1LC3C	11	5	12	39	23	5	174	1
PLD5	165	33	59	252	72	135	111	55
CEP170	1896	286	459	1757	795	1791	1471	494
SDCCAG8	994	197	251	978	575	991	692	281
AKT3	738	514	207	2875	1527	3450	563	855
ZBTB18	1031	30	300	169	115	256	567	39
C1orf100	0	2	0	9	2	2	1	2
ADSS	6815	143	2099	994	408	992	5060	240
CATSPERE	26	19	1	114	54	114	14	26
DESI2	7802	231	2645	1267	459	1016	4864	301
AL451007.3	99	0	16	22	19	13	143	4
COX20	9203	187	2455	913	594	1106	8757	298
HNRNPU	68717	1415	17374	6944	3449	10064	48799	2302
EFCAB2	2294	142	521	949	579	1194	1711	276
KIF26B	24	104	0	669	274	263	22	142
SMYD3	4445	882	931	5300	2166	4769	3987	1476
TFB2M	1860	45	487	268	125	269	1467	59
CNST	1126	75	308	426	196	420	938	102
SCCPDH	11855	241	2363	1201	724	1387	9811	336
AHCTF1	3179	204	786	1143	466	1196	2450	332
ZNF695	1309	56	381	393	198	405	953	156
ZNF670	1832	106	360	548	233	555	1283	182
ZNF669	1576	43	417	183	130	260	1427	63
ZNF124	1909	131	362	782	248	826	1541	200
ZNF496	1991	64	469	393	164	394	1696	133
NLRP3	12	2	6	6	3	1	16	1
OR2B11	0	0	0	0	0	0	3	0
GCSAML	0	0	0	0	0	0	0	0
OR2C3	0	0	0	0	0	0	0	0
GCSAML-AS1	0	0	0	0	0	0	0	0
OR2G2	0	0	0	0	0	0	0	0
OR2G3	0	0	0	0	0	0	0	0
OR13G1	1	0	0	0	2	0	2	2
OR6F1	0	0	0	0	1	0	0	0
OR14A2	0	0	0	0	0	0	0	0
OR14K1	1	0	1	0	0	0	1	0
OR1C1	2	0	0	0	0	0	0	0
OR14A16	1	1	0	0	2	0	4	2
OR11L1	1	0	0	0	0	0	0	0
TRIM58	170	3	45	8	5	9	156	9
OR2W3	0	0	0	0	0	0	0	0
OR2T8	5	0	0	0	0	0	1	0
OR2AJ1	1	0	0	1	1	0	1	4
OR2L8	7	0	0	0	0	0	4	0
OR2AK2	8	0	0	2	0	0	4	0
OR2L5	8	0	0	8	1	4	4	2
OR2L2	54	0	1	2	4	4	20	2
OR2L3	13	0	0	2	1	4	7	0
OR2L13	34	0	0	1	0	1	16	0
OR2M5	0	0	0	0	0	0	0	0
OR2M2	0	0	0	0	0	0	0	0
OR2M3	1	0	0	0	0	0	2	0
OR2M4	1	0	0	0	1	0	6	0
OR2T33	0	0	0	0	0	0	0	0
OR2T12	0	0	0	0	0	0	0	0
OR2M7	0	0	0	0	0	0	0	0
OR14C36	0	0	0	0	0	0	0	0
OR2T4	0	0	0	0	0	0	0	0
OR2T6	0	0	0	0	0	0	0	0
OR2T1	0	0	0	0	0	0	0	0
OR2T2	0	0	0	0	0	0	0	0
OR2T3	0	0	0	0	0	0	0	0
OR2T5	0	0	0	0	0	0	0	0
OR2G6	0	0	0	0	1	1	1	0
OR2T29	0	0	0	0	0	0	0	0
OR2T34	0	0	0	0	0	0	0	0
OR2T10	0	0	0	0	0	0	0	0
OR2T11	0	0	0	0	0	0	0	0
OR2T35	0	0	0	0	0	0	0	0
OR2T27	0	0	0	0	0	0	0	0
OR14I1	0	0	0	0	0	0	0	0
LYPD8	0	0	0	0	0	0	1	0
SH3BP5L	811	12	167	80	38	94	559	18
ZNF672	3098	40	640	283	103	220	2452	58
ZNF692	1746	32	274	124	65	163	1279	55
PGBD2	784	13	237	130	51	132	491	18
FAM110C	16	0	16	12	1	7	76	1
SH3YL1	1253	68	363	190	219	351	1017	94
ACP1	20432	548	5932	2057	1271	2967	15080	888
ALKAL2	166	0	30	22	4	3	121	3
TMEM18	5016	132	1317	503	307	734	3945	164
SNTG2	45	67	56	162	103	247	65	42
TPO	4	15	2	2	4	8	15	0
PXDN	4138	153	1800	535	401	1006	2885	230
MYT1L	5	4	1	3	5	11	28	3
EIPR1	1886	89	603	380	229	520	1473	139
TRAPPC12	437	85	162	411	341	533	390	172
ADI1	1235	143	146	541	269	584	483	154
RNASEH1	2682	111	1064	359	192	491	2304	158
RPS7	254811	9178	98179	30110	22922	50286	201464	12983
COLEC11	8	1	8	4	0	9	61	9
ALLC	1	0	0	1	0	1	1	0
DCDC2C	4	2	2	12	15	3	13	1
SOX11	25934	516	10005	2011	1613	5115	14577	1074
CMPK2	139	7	20	17	23	18	109	13
RSAD2	35	4	3	11	24	21	36	2
RNF144A	1114	175	280	676	408	861	757	271
ID2	14177	820	4294	2267	1658	2555	18776	928
KIDINS220	3908	217	1287	874	705	1244	2738	315
MBOAT2	2669	242	811	837	700	1386	1672	392
ASAP2	2661	222	634	812	703	1465	1401	410
ITGB1BP1	5431	128	1687	763	554	846	4393	234
CPSF3	6145	162	1876	621	418	978	4276	263
IAH1	747	229	1288	623	559	1135	5691	173
ADAM17	4288	184	1521	802	617	1149	3139	305
YWHAQ	30061	1113	8279	4221	3289	6409	18165	1878
TAF1B	2549	162	968	519	435	936	2486	282
GRHL1	74	12	72	44	27	46	75	12
KLF11	748	21	163	106	91	129	756	35
CYS1	13	4	10	9	6	4	6	1
RRM2	7542	263	1821	1000	686	1748	4516	530
HPCAL1	752	77	236	192	219	365	655	105
ODC1	44695	1116	7827	3840	3079	6136	30059	1555
NOL10	3074	162	994	712	456	905	2217	239
ATP6V1C2	355	35	329	137	125	79	234	23
PDIA6	36653	1204	14447	4720	2333	5327	34547	1626
KCNF1	56	0	19	8	6	3	116	4
C2orf50	42	9	7	16	32	34	59	8
SLC66A3	274	26	183	41	21	29	299	11
ROCK2	4728	363	1494	1420	1041	2148	3408	513
E2F6	1370	57	432	268	169	376	948	81
GREB1	1285	270	582	1443	431	772	862	304
NTSR2	0	0	0	1	0	0	0	0
LPIN1	1610	86	478	326	235	437	1337	102
TRIB2	1780	46	799	161	123	496	1105	109
LRATD1	786	49	130	139	135	146	1584	50
NBAS	2992	409	817	1496	1095	2122	2336	545
DDX1	8274	226	2504	1013	634	1493	6251	345
MYCN	4664	85	1005	173	175	813	2232	229
FAM49A	176	17	38	39	32	87	173	30
RAD51AP2	19	1	8	0	1	7	7	2
VSNL1	706	11	997	45	23	135	672	31
SMC6	4880	210	1817	848	534	1309	3514	335
GEN1	1261	111	357	386	210	634	717	174
MSGN1	20	0	8	1	0	1	28	0
KCNS3	288	6	132	17	28	59	176	24
RDH14	3461	80	1155	373	245	459	2638	167
NT5C1B	1	0	0	0	0	1	2	0
OSR1	7	0	3	1	0	0	11	0
TTC32	1194	54	422	190	140	325	1050	124
WDR35	945	169	208	576	475	993	442	252
MATN3	239	2	34	34	7	44	203	7
LAPTM4A	21269	542	11171	2490	1228	3022	17004	793
SDC1	2497	42	633	121	63	232	1394	54
PUM2	2961	570	854	2237	1771	3572	1964	959
RHOB	3777	98	948	411	362	404	3927	156
HS1BP3	1010	40	448	166	81	127	1035	41
GDF7	266	25	59	266	94	31	1901	17
LDAH	2573	261	763	968	632	1095	1869	298
APOB	57	8	26	37	37	33	105	8
TDRD15	2	0	1	2	2	0	7	2
KLHL29	203	104	55	450	438	311	201	126
ATAD2B	1980	266	579	980	839	1375	1382	379
UBXN2A	3864	248	882	783	789	1467	2638	370
MFSD2B	67	9	33	19	19	51	45	11
WDCP	1167	38	281	141	102	270	787	56
FKBP1B	2386	92	1376	271	282	559	3054	171
SF3B6	23262	689	8302	2683	1856	3516	18616	934
FAM228B	949	96	296	367	375	614	981	124
TP53I3	5180	137	1815	435	413	763	3722	199
PFN4	76	6	21	19	21	30	65	7
FAM228A	5	3	9	15	24	26	15	6
ITSN2	532	66	420	280	213	304	747	63
NCOA1	1464	364	702	1440	1443	2293	1002	561
PTRHD1	9143	208	2865	567	489	1236	6739	336
CENPO	1410	79	369	269	215	545	743	159
ADCY3	612	58	188	212	184	390	325	111
DNAJC27	594	55	159	173	157	265	414	67
EFR3B	2241	181	536	585	718	1240	1043	303
POMC	1661	27	293	64	109	129	347	52
DNMT3A	3830	150	1569	466	443	842	3139	212
DTNB	1126	307	443	1032	802	1231	850	393
ASXL2	890	104	426	387	203	386	740	147
KIF3C	893	36	222	154	137	266	687	68
RAB10	6351	390	2516	1521	1022	2309	5152	674
GAREM2	1190	38	316	75	139	317	482	58
HADHA	10477	438	3065	1415	915	2277	8130	645
HADHB	6522	239	1714	713	489	1228	4280	378
ADGRF3	16	9	3	39	39	62	6	18
SELENOI	1245	156	613	604	374	801	923	220
DRC1	190	59	15	160	158	85	548	25
OTOF	11	0	5	3	3	2	24	1
FAM166C	0	0	0	0	1	0	0	0
CIB4	1	0	0	0	0	0	5	0
KCNK3	5	1	4	0	1	3	0	0
SLC35F6	1074	28	419	119	62	143	852	28
CENPA	4707	163	1373	533	292	805	3039	261
DPYSL5	4456	222	850	1184	836	1540	2292	425
MAPRE3	743	29	268	156	127	159	683	49
TMEM214	914	14	373	84	56	100	840	23
AGBL5	1990	83	667	333	242	447	1582	112
OST4	25307	729	9651	3366	2182	3785	21668	993
EMILIN1	260	2	84	17	9	21	297	2
KHK	1086	23	388	113	65	140	661	28
CGREF1	385	5	53	22	26	34	258	19
ABHD1	70	1	30	6	8	15	48	2
PREB	1544	41	638	134	86	213	1340	72
PRR30	0	0	0	0	0	0	0	0
TCF23	1	0	1	0	1	1	0	1
SLC5A6	2837	38	780	212	99	209	2503	73
ATRAID	11346	394	4405	1361	859	1746	12313	490
CAD	2726	56	623	187	131	282	1839	69
SLC30A3	32	0	14	0	2	1	8	0
DNAJC5G	0	0	1	2	0	1	0	0
TRIM54	19	1	18	1	1	1	13	0
UCN	73	1	26	6	9	9	47	2
MPV17	6300	168	1945	726	444	886	4908	279
GTF3C2	2365	110	783	388	256	523	1841	168
EIF2B4	2348	61	903	229	167	311	1794	89
SNX17	5081	121	1987	496	297	623	4245	178
ZNF513	641	9	231	46	25	99	554	14
PPM1G	21886	487	7505	2111	1489	3019	14891	864
NRBP1	6682	194	2644	741	440	812	6085	249
KRTCAP3	567	14	430	34	13	57	940	10
IFT172	647	74	172	187	191	274	478	79
FNDC4	1612	47	608	243	214	317	2004	76
GCKR	1	3	3	2	1	3	8	0
C2orf16	5	1	1	7	2	3	2	1
ZNF512	2318	151	735	506	373	695	1706	164
CCDC121	518	21	93	53	34	71	329	21
GPN1	3948	95	1141	352	260	556	3162	149
SUPT7L	1737	69	677	296	189	358	1604	94
SLC4A1AP	2317	98	900	369	220	447	1990	136
MRPL33	10446	286	3366	1264	797	1588	7820	434
RBKS	791	29	173	143	106	165	590	56
BABAM2	2758	309	1015	1217	860	1484	2292	485
FOSL2	284	17	61	109	93	124	340	7
PLB1	6	2	3	17	4	7	15	1
PPP1CB	11151	434	4353	1757	1144	2481	8317	630
SPDYA	52	29	16	82	80	106	53	67
TRMT61B	2099	97	599	365	292	580	1007	168
WDR43	4939	234	1921	867	509	1115	3564	332
TOGARAM2	11	2	5	21	3	12	20	3
PCARE	3	4	2	4	4	0	2	0
CLIP4	270	28	48	125	107	199	156	67
ALK	7	13	4	40	25	14	14	34
YPEL5	2373	104	1424	599	396	672	2216	193
LBH	1069	29	430	108	96	299	504	73
LCLAT1	1290	174	322	709	465	984	827	267
CAPN13	5	0	10	3	1	2	12	0
GALNT14	83	7	30	29	24	33	56	19
CAPN14	3	0	2	7	10	5	5	2
EHD3	267	9	147	45	38	59	226	11
XDH	97	50	47	128	104	64	51	23
SRD5A2	1	0	1	0	0	1	0	1
MEMO1	956	16	315	59	48	109	607	25
DPY30	12927	450	4471	1445	911	1975	10918	556
SPAST	2168	169	741	570	435	900	1538	230
SLC30A6	910	100	381	476	280	554	676	145
NLRC4	1	7	0	17	11	15	2	8
YIPF4	4319	188	1539	624	444	842	3057	212
BIRC6	3193	469	1252	2057	1461	2650	2204	765
TTC27	1209	74	353	230	207	433	879	121
LTBP1	2123	307	1094	845	387	1071	1066	356
RASGRP3	21	5	20	12	3	10	15	8
FAM98A	2542	77	1090	330	216	563	1933	149
CRIM1	559	95	210	504	427	774	478	173
FEZ2	4549	199	1539	857	718	1095	3913	307
VIT	15	26	10	75	22	8	43	8
STRN	1838	133	650	507	341	621	1437	185
HEATR5B	360	74	152	271	216	404	363	102
GPATCH11	1712	67	508	221	165	328	1253	70
EIF2AK2	5576	210	1679	833	436	1245	3915	308
SULT6B1	0	1	0	1	2	2	0	5
CEBPZOS	2359	162	1621	667	476	1026	1635	136
CEBPZ	8281	188	2965	850	523	1307	5157	331
NDUFAF7	1587	77	682	265	148	374	1246	108
PRKD3	2682	171	749	656	562	1231	1727	284
QPCT	1140	11	400	103	52	126	38	25
CDC42EP3	1031	34	632	176	104	240	802	91
RMDN2	206	29	62	74	63	159	169	25
CYP1B1	409	4	819	18	16	30	375	3
ATL2	1978	151	695	562	370	812	1588	237
HNRNPLL	3028	188	1010	897	593	1106	2171	340
GALM	1136	73	604	249	199	375	1015	153
SRSF7	45496	929	9699	3850	2536	6324	30852	1942
GEMIN6	3108	56	978	252	187	428	2150	121
DHX57	2025	132	588	524	439	731	1364	202
MORN2	6164	156	1237	851	658	1044	5007	264
ARHGEF33	58	6	30	24	23	18	91	10
SOS1	2129	388	632	1480	1114	2214	1446	684
CDKL4	4	6	1	13	13	12	1	11
MAP4K3	1263	316	543	1082	812	1422	977	423
TMEM178A	1164	43	244	176	190	380	678	87
THUMPD2	2415	160	661	508	382	762	1795	220
SLC8A1	393	100	112	534	478	1006	276	238
C2orf91	3	0	4	3	3	1	10	1
PKDCC	1203	15	1316	99	64	132	1686	25
EML4	3025	320	1571	1244	1028	2068	2359	478
COX7A2L	17386	703	6767	2080	1513	2858	17219	876
KCNG3	61	4	59	28	17	42	74	6
MTA3	4759	274	2719	1178	676	1244	4359	379
OXER1	28	2	11	5	1	8	27	1
HAAO	58	15	54	62	76	94	59	19
ZFP36L2	7213	138	3554	722	612	1040	8420	303
THADA	1433	159	354	641	506	1036	920	302
PLEKHH2	288	18	109	101	58	170	215	38
C1GALT1C1L	6	0	19	10	1	7	4	3
DYNC2LI1	2554	160	745	466	428	716	2023	200
ABCG5	3	0	0	4	9	4	1	2
ABCG8	45	0	6	7	1	2	27	2
LRPPRC	5845	308	2389	1097	684	1481	4742	431
PPM1B	1899	148	992	601	468	1059	1473	269
SLC3A1	32	9	7	45	47	79	29	29
PREPL	2369	178	871	581	359	774	1863	175
CAMKMT	1191	377	721	1456	1025	2113	983	590
SIX3	5966	146	7451	423	231	872	1516	195
SIX2	10	0	3	0	0	8	7	1
SRBD1	2158	225	662	676	517	970	1460	284
PRKCE	114	107	27	308	187	352	105	118
EPAS1	19	3	11	11	16	9	22	7
TMEM247	0	0	0	0	0	0	0	0
ATP6V1E2	349	15	202	60	50	130	274	23
RHOQ	1532	92	703	391	257	531	1393	134
PIGF	4744	258	1772	813	527	996	3995	257
CRIPT	4342	146	1729	576	395	832	3570	189
SOCS5	806	20	283	119	65	196	550	29
MCFD2	4540	180	1895	718	485	968	4193	213
TTC7A	224	61	115	224	132	198	217	58
STPG4	0	8	1	32	31	41	0	32
CALM2	80300	2882	28909	11700	7978	14063	70102	4028
EPCAM	2460	35	3255	139	99	169	3382	45
MSH2	6537	336	2051	1293	904	2084	5071	499
KCNK12	182	7	301	64	42	66	203	15
MSH6	12395	334	3740	1509	967	2434	8515	583
FBXO11	4128	516	1173	2036	1616	2813	2881	911
FOXN2	625	86	292	428	241	498	557	124
PPP1R21	679	61	288	360	246	438	685	91
STON1	884	33	371	117	124	180	744	36
STON1-GTF2A1L	8	3	5	29	68	75	10	11
GTF2A1L	0	0	2	0	0	0	2	0
LHCGR	8	0	10	7	44	30	10	1
FSHR	2	0	0	1	16	5	1	0
NRXN1	1165	76	506	235	933	2964	585	383
ASB3	3285	295	992	975	893	1491	2500	403
CHAC2	1705	37	332	148	108	237	1130	65
ERLEC1	3445	146	1476	582	372	714	3332	188
GPR75	17	2	1	2	0	5	11	5
PSME4	2111	224	709	815	513	1153	1398	335
ACYP2	1246	320	445	921	706	1169	1161	308
TSPYL6	1	0	0	0	1	0	0	0
C2orf73	17	6	5	9	12	13	36	2
SPTBN1	3379	172	1666	537	343	658	3155	189
EML6	34	6	26	29	55	92	17	13
RTN4	28535	809	9512	3314	3196	6829	19082	1822
CLHC1	964	103	274	392	351	603	630	134
RPS27A	338252	9452	118537	36446	25214	50902	278518	13955
MTIF2	2496	93	979	353	197	498	1870	126
CCDC88A	11403	526	3031	1756	1306	2951	7721	756
CFAP36	7406	275	1943	1044	822	1635	5781	395
PPP4R3B	3756	177	1078	815	635	1311	2613	308
PNPT1	3710	146	1137	508	300	749	2430	210
EFEMP1	534	33	559	120	26	68	502	12
CCDC85A	44	10	21	51	95	137	21	32
VRK2	865	74	319	330	244	434	699	118
FANCL	4267	249	1340	776	486	1278	2936	382
BCL11A	3561	76	217	125	430	1136	1652	255
PAPOLG	1037	82	373	251	207	459	777	126
REL	1555	42	452	180	163	233	1077	61
PUS10	666	42	160	115	57	121	368	35
PEX13	2057	125	797	467	316	652	1801	162
KIAA1841	2012	184	662	715	584	1074	1341	218
C2orf74	1864	69	634	317	219	206	1014	122
USP34	4930	483	1850	2136	1525	2728	3773	721
XPO1	12208	648	3967	2659	1579	3968	8557	995
FAM161A	5911	151	1418	474	366	579	2224	276
CCT4	25872	709	9221	2813	1696	4269	20854	1121
COMMD1	4691	256	1626	1323	837	1501	3912	374
B3GNT2	658	22	414	117	72	147	590	46
TMEM17	444	16	129	51	59	107	275	16
EHBP1	3178	614	946	2166	1624	3002	2529	861
OTX1	2940	246	557	626	308	690	3428	199
WDPCP	951	492	213	1622	1393	2678	785	736
MDH1	19626	506	6693	1921	1218	2794	15468	847
UGP2	7640	229	3877	693	466	969	8545	255
VPS54	952	232	302	947	612	1001	623	275
PELI1	1340	112	440	418	347	667	970	224
LGALSL	2248	74	812	277	178	337	2202	111
AFTPH	1345	91	515	368	267	499	971	160
SERTAD2	1113	57	453	209	185	330	830	135
SLC1A4	420	22	86	127	117	230	334	39
CEP68	1753	120	645	361	313	695	1145	155
RAB1A	7462	315	3117	1269	821	1550	7155	454
ACTR2	9650	409	3710	1637	984	2355	7759	610
SPRED2	956	116	267	496	272	717	647	241
MEIS1	595	63	566	272	139	481	169	82
ETAA1	1246	61	447	202	116	334	911	112
C1D	4458	175	1897	664	432	837	3727	249
WDR92	1086	83	511	281	174	367	891	112
PNO1	2928	85	1217	342	174	421	2666	113
PPP3R1	1368	205	446	881	543	1035	1110	378
CNRIP1	307	7	73	46	85	199	257	20
PLEK	3	0	0	1	0	0	4	0
FBXO48	235	9	108	42	30	52	146	16
APLF	322	60	152	311	201	380	190	86
PROKR1	26	0	2	0	0	1	8	0
ARHGAP25	125	33	19	165	116	116	42	17
BMP10	0	0	0	0	0	0	4	0
GKN2	0	0	0	0	0	0	0	0
GKN1	7	0	3	0	0	0	7	0
ANTXR1	2085	320	442	930	915	1775	1390	463
GFPT1	2315	180	1150	734	452	841	2384	241
NFU1	4645	185	1695	518	483	811	4042	254
AAK1	2598	134	767	553	533	741	1821	204
ANXA4	409	38	247	93	85	133	479	41
GMCL1	3133	165	1137	495	310	732	2326	207
SNRNP27	3457	117	1312	437	338	693	2883	188
MXD1	228	29	116	144	111	276	230	55
ASPRV1	43	1	14	2	3	4	36	0
PCBP1	24511	566	8940	2037	1219	3143	18768	909
C2orf42	320	29	112	110	102	168	244	51
TIA1	5415	178	2138	619	414	1190	3847	343
PCYOX1	3195	102	1310	424	304	553	2841	139
SNRPG	28464	709	8871	3203	1925	4339	19696	1283
FAM136A	9812	245	4211	1022	673	1418	7704	348
TGFA	7	0	5	1	3	1	2	2
ADD2	2059	79	712	291	269	604	1735	146
FIGLA	0	0	0	0	0	0	0	0
CLEC4F	0	0	4	0	0	0	0	0
CD207	0	0	0	0	0	0	0	0
VAX2	29	1	136	29	4	15	8	2
ATP6V1B1	7	0	6	1	0	0	2	1
ANKRD53	17	2	22	11	8	9	18	7
TEX261	860	17	292	82	55	114	631	32
NAGK	1340	53	576	277	155	326	1263	84
MCEE	585	48	223	141	106	170	599	34
MPHOSPH10	5976	150	1782	659	448	971	4695	294
PAIP2B	647	35	350	107	102	319	531	58
ZNF638	10129	719	3126	2569	1894	3770	7022	1023
DYSF	28	2	18	3	3	11	35	1
CYP26B1	24	1	10	2	1	8	46	1
EXOC6B	1032	593	356	2562	2103	3660	793	1046
SPR	96	0	86	11	17	59	64	8
EMX1	2662	38	135	92	326	1128	331	263
SFXN5	1435	81	277	259	202	430	735	114
RAB11FIP5	196	7	49	48	23	63	177	17
NOTO	0	0	0	0	1	0	0	0
SMYD5	855	23	301	70	59	140	668	22
PRADC1	1125	51	489	189	142	158	1137	42
CCT7	23358	599	7991	1998	1245	2992	17967	962
FBXO41	148	5	74	32	21	25	85	14
EGR4	58	0	11	16	1	1	19	0
ALMS1	2413	289	609	1106	773	1511	1664	436
NAT8	0	0	0	1	0	0	0	0
TPRKB	11551	288	3397	1164	860	1881	8601	523
DUSP11	2202	64	780	267	218	427	1911	87
C2orf78	0	0	2	0	0	0	1	0
STAMBP	2765	106	1177	438	292	641	2328	148
ACTG2	18	1	15	4	6	2	48	1
DGUOK	13965	510	4959	1887	1188	2436	11381	651
TET3	528	104	136	358	326	655	461	163
BOLA3	7548	188	2732	752	435	982	5911	265
MOB1A	6719	235	2586	980	590	1392	4713	341
MTHFD2	3096	188	1526	696	240	765	2555	228
SLC4A5	92	95	37	343	237	143	209	39
DCTN1	3806	128	1409	471	374	822	3154	188
C2orf81	333	48	69	164	157	342	218	47
WDR54	10880	331	3122	1007	858	1764	9920	526
RTKN	960	29	513	134	118	174	1067	46
INO80B	84	22	39	75	70	141	74	38
WBP1	83	169	48	656	477	804	107	211
MOGS	1749	76	562	273	208	309	1454	84
MRPL53	282	2	100	13	6	17	234	5
CCDC142	593	16	208	38	38	75	393	30
TTC31	1261	35	358	120	102	206	909	52
LBX2	28	1	9	6	1	6	53	0
PCGF1	544	19	176	76	39	108	530	26
TLX2	25	2	7	17	7	11	39	6
DQX1	17	3	11	1	1	1	15	0
AUP1	6186	128	1988	504	330	666	5129	192
HTRA2	1991	58	712	195	131	279	1566	95
LOXL3	962	36	295	192	165	302	825	71
DOK1	891	15	299	82	63	164	693	32
M1AP	28	6	36	16	7	14	44	4
SEMA4F	277	8	84	36	42	51	279	24
HK2	949	34	455	170	80	215	1882	77
POLE4	6419	171	1638	708	428	808	4965	217
TACR1	5	21	1	66	36	60	3	14
EVA1A	160	15	66	26	26	73	178	17
MRPL19	7448	251	2728	949	656	1497	5705	394
GCFC2	1868	154	512	524	325	749	1777	183
LRRTM4	435	799	270	3479	3602	4627	462	1048
REG3G	0	0	0	0	0	0	0	0
REG1B	0	0	0	0	0	0	0	0
REG1A	127	0	2	0	1	0	21	0
REG3A	0	0	0	0	0	0	0	0
CTNNA2	838	1683	396	7124	3672	5630	805	1766
LRRTM1	41	8	20	23	8	16	104	2
SUCLG1	6400	188	2407	795	484	1016	5121	268
DNAH6	203	101	31	359	287	536	213	151
TRABD2A	139	7	28	26	16	29	77	17
TMSB10	137347	3514	40519	13123	10064	19229	101730	5632
KCMF1	4790	270	2035	1218	675	1273	4242	383
TCF7L1	4143	269	1898	1415	885	2065	2588	503
TGOLN2	3575	86	1300	419	261	585	2960	147
RETSAT	281	10	103	51	24	46	290	16
ELMOD3	1067	57	275	192	153	270	683	80
CAPG	982	11	502	69	111	162	1094	20
SH2D6	17	0	5	2	5	4	23	0
MAT2A	6282	188	2054	670	474	1267	4073	281
GGCX	2321	54	901	248	189	345	2200	109
VAMP8	1272	56	412	170	110	146	3429	68
VAMP5	649	79	278	233	155	63	958	43
RNF181	8223	249	3143	964	714	1402	8540	402
TMEM150A	1001	27	573	135	82	134	1333	29
USP39	3652	139	1171	501	338	736	2810	191
C2orf68	2817	80	896	266	208	398	2523	107
SFTPB	1	1	0	1	1	1	1	2
GNLY	1	1	2	2	1	1	4	0
ATOH8	207	4	33	31	10	25	215	11
ST3GAL5	661	30	177	117	107	168	580	54
POLR1A	1038	49	296	252	149	362	796	84
PTCD3	5774	163	1855	590	471	970	3854	263
IMMT	8610	279	2365	939	606	1169	6664	391
MRPL35	3038	93	955	306	212	485	2785	111
REEP1	219	7	48	38	55	104	153	23
KDM3A	1883	133	616	727	597	1009	1962	186
CHMP3	3801	185	1041	687	521	1106	2461	282
RNF103	584	27	222	127	122	197	433	50
RMND5A	2223	88	991	318	259	594	1668	155
CD8A	19	1	1	7	1	9	23	2
CD8B	7	0	5	3	1	2	6	0
RGPD1	2	2	0	10	5	12	1	2
PLGLB1	3	4	2	14	4	17	2	1
IGKV3OR2-268	0	0	0	0	0	0	0	0
PLGLB2	3	3	0	17	23	21	0	5
RGPD2	0	2	0	77	0	2	0	8
KRCC1	2812	104	1071	442	312	571	2384	147
SMYD1	1	0	0	0	0	0	1	0
FABP1	46	6	9	19	13	37	48	12
THNSL2	909	17	434	155	111	134	1177	46
FOXI3	93	1	66	4	2	6	104	2
TEX37	2	0	4	0	0	0	2	0
EIF2AK3	337	47	173	182	141	288	254	81
RPIA	2831	76	1034	367	204	399	2138	133
IGKC	0	0	43	0	0	0	5	0
IGKJ5	0	0	0	0	0	0	0	0
IGKJ4	0	0	0	0	0	0	0	0
IGKJ3	0	0	0	0	0	0	0	0
IGKJ2	0	0	0	0	0	0	0	0
IGKJ1	0	0	0	0	0	0	0	0
IGKV4-1	0	0	1	0	0	0	0	0
IGKV5-2	0	0	0	0	0	0	0	0
IGKV7-3	0	0	0	0	0	0	0	0
IGKV2-4	0	0	0	0	0	0	0	0
IGKV1-5	0	0	0	0	0	0	0	0
IGKV1-6	0	0	0	0	0	0	0	0
IGKV3-7	0	0	0	0	0	0	0	0
IGKV1-8	0	0	0	0	0	0	0	0
IGKV1-9	0	0	0	0	0	0	0	0
IGKV2-10	0	0	0	0	0	0	0	0
IGKV3-11	0	0	0	0	0	0	0	0
IGKV1-12	0	0	0	0	0	0	0	0
IGKV1-13	0	0	0	0	0	0	0	0
IGKV2-14	0	0	0	0	0	0	0	0
IGKV3-15	0	0	0	0	0	0	0	0
IGKV1-16	0	0	0	0	0	0	0	0
IGKV1-17	0	0	0	0	0	0	0	0
IGKV2-18	0	0	0	0	0	0	0	0
IGKV2-19	0	0	0	0	0	0	0	0
IGKV3-20	0	0	0	0	0	0	0	0
IGKV6-21	0	0	0	0	0	0	0	0
IGKV1-22	0	0	0	0	0	0	0	0
IGKV2-23	0	0	0	0	0	0	0	0
IGKV2-24	0	0	0	0	0	0	0	0
IGKV3-25	0	0	0	0	0	0	0	0
IGKV2-26	0	0	0	0	0	0	0	0
IGKV1-27	0	0	0	0	0	0	0	0
IGKV2-28	0	0	0	0	0	0	0	0
IGKV2-29	0	0	0	0	0	0	0	0
IGKV2-30	0	0	0	0	0	0	0	0
IGKV3-31	0	0	0	0	0	0	0	0
IGKV1-32	0	0	0	0	0	0	0	0
IGKV1-33	0	0	0	0	0	0	0	0
IGKV3-34	0	0	0	0	0	0	0	0
IGKV1-35	0	0	0	0	0	0	0	0
IGKV2-36	0	0	0	0	0	0	0	0
IGKV1-37	0	0	0	0	0	0	0	0
IGKV2-38	0	0	0	0	0	0	0	0
IGKV1-39	0	0	0	0	0	0	0	0
IGKV2-40	0	0	0	0	0	0	0	0
IGKV2D-40	0	0	0	0	0	0	0	0
IGKV1D-39	0	0	0	0	0	0	0	0
IGKV2D-38	0	0	0	0	0	0	0	0
IGKV1D-37	0	0	0	0	0	0	0	0
IGKV2D-36	0	0	0	0	0	0	0	0
IGKV1D-35	0	0	0	0	0	0	0	0
IGKV3D-34	0	0	0	0	0	0	0	0
IGKV1D-33	0	0	0	0	0	0	0	0
IGKV1D-32	0	0	0	0	0	0	0	0
IGKV3D-31	0	0	0	0	0	0	0	0
IGKV2D-30	0	0	0	0	0	0	0	0
IGKV2D-29	0	0	0	0	0	0	0	0
IGKV2D-28	0	0	0	0	0	0	0	0
IGKV1D-27	0	0	0	0	0	0	0	0
IGKV2D-26	0	0	0	0	0	0	0	0
IGKV3D-25	0	0	0	0	0	0	0	0
IGKV2D-24	0	0	0	0	0	0	0	0
IGKV2D-23	0	0	0	0	0	0	0	0
IGKV1D-22	0	0	0	0	0	0	0	0
IGKV6D-21	0	0	0	0	0	0	0	0
IGKV3D-20	0	0	0	0	0	0	0	0
IGKV2D-19	0	0	0	0	0	0	0	0
IGKV2D-18	0	0	0	0	0	0	0	0
IGKV6D-41	0	0	0	0	0	0	0	0
IGKV1D-17	0	0	0	0	0	0	0	0
IGKV1D-16	0	0	0	0	0	0	0	0
IGKV3D-15	0	0	0	0	0	0	0	0
IGKV2D-14	0	0	0	0	0	0	0	0
IGKV1D-13	0	0	0	0	0	0	0	0
IGKV1D-12	0	0	0	0	0	0	0	0
IGKV3D-11	0	0	0	0	0	0	0	0
IGKV2D-10	0	0	0	0	0	0	0	0
IGKV1D-42	0	0	0	0	0	0	1	0
IGKV1D-43	0	0	0	0	0	0	0	0
IGKV1D-8	0	0	0	1	0	0	0	0
IGKV3D-7	0	0	0	0	0	0	0	0
IGKV1OR2-118	0	0	0	0	0	0	0	0
IGKV1OR2-1	0	0	0	0	0	0	0	0
AL845331.2	0	0	0	0	1	1	0	0
TEKT4	7	0	2	1	0	0	8	0
MAL	29	3	14	6	4	2	99	1
MRPS5	6992	234	2270	789	434	1044	5534	322
ZNF514	840	36	377	140	92	195	835	47
ZNF2	290	12	83	66	53	85	277	22
AC092835.1	352	83	139	276	200	473	244	115
PROM2	52	2	28	2	2	14	58	2
KCNIP3	80	5	12	24	22	35	57	12
FAHD2A	1145	79	444	223	154	387	982	133
TRIM43B	0	0	0	0	0	0	0	0
TRIM43	0	0	0	0	0	0	0	0
ANKRD36C	1320	122	310	288	282	547	862	157
GPAT2	7	0	19	1	0	1	50	0
ADRA2B	26	0	16	3	0	3	21	1
ASTL	0	0	0	0	0	0	0	0
DUSP2	206	1	86	26	10	18	260	4
STARD7	5650	146	1845	542	362	924	4087	245
TMEM127	626	22	255	92	53	130	548	25
CIAO1	5432	178	1996	745	381	950	4248	256
SNRNP200	9005	289	2914	918	730	1524	6272	377
ITPRIPL1	599	17	129	43	17	83	423	28
NCAPH	3372	106	896	359	249	638	1867	224
NEURL3	2	1	2	0	0	1	14	0
ARID5A	350	10	140	52	23	29	379	13
KANSL3	1166	67	322	298	239	477	740	111
FER1L5	73	21	29	64	39	84	60	24
LMAN2L	1425	78	518	262	155	303	1336	85
CNNM4	295	35	168	106	57	104	233	43
CNNM3	1043	30	333	106	78	191	706	46
ANKRD23	38	23	8	120	95	180	23	46
ANKRD39	1427	51	563	158	113	199	1207	56
SEMA4C	1439	23	474	68	48	153	1064	36
FAM178B	32	9	11	18	24	15	90	6
IGKV2OR2-1	0	0	0	0	0	0	0	0
IGKV2OR2-2	0	0	0	0	0	0	0	0
IGKV1OR2-3	0	0	0	0	0	0	0	0
FAHD2B	1120	57	439	139	100	176	947	54
ANKRD36	679	109	246	361	306	644	597	126
IGKV1OR2-9	0	0	0	0	0	0	0	0
IGKV2OR2-10	0	0	0	0	0	0	0	0
IGKV2OR2-7D	0	0	0	0	0	0	0	0
IGKV3OR2-5	0	0	0	0	0	0	0	0
IGKV1OR2-6	0	0	0	0	0	0	0	0
IGKV2OR2-7	0	0	0	0	0	0	0	0
IGKV2OR2-8	0	0	0	0	0	0	0	0
IGKV1OR2-11	0	0	0	0	0	0	0	0
ANKRD36B	657	69	170	121	155	257	394	62
COX5B	31348	735	12756	3132	2117	4035	25776	1015
ACTR1B	2604	101	688	311	211	378	2165	113
C2orf92	117	24	78	59	42	121	105	32
ZAP70	9	1	3	2	0	3	3	1
TMEM131	2213	262	707	890	898	1858	1402	420
VWA3B	18	2	0	4	35	24	32	4
CNGA3	7	3	0	4	30	42	7	3
INPP4A	926	78	354	413	319	582	643	161
COA5	4060	126	1243	455	330	771	3301	182
UNC50	5607	182	2011	568	418	853	4191	232
MGAT4A	384	34	163	153	118	204	248	37
KIAA1211L	31	1	9	7	7	9	39	3
TSGA10	771	58	253	271	204	336	755	62
C2orf15	303	7	136	33	29	46	372	12
AC079447.1	25	85	9	399	248	507	20	113
LIPT1	731	22	192	60	50	91	659	20
MITD1	3947	111	1523	428	276	577	3233	146
MRPL30	1975	65	606	200	117	343	1558	90
LYG2	209	8	56	31	17	33	95	4
LYG1	37	10	24	51	28	51	44	21
TXNDC9	4560	124	1567	560	445	763	3666	237
EIF5B	15262	375	4621	1523	1139	2494	12061	697
REV1	2559	129	705	572	434	714	2029	200
AFF3	483	77	73	287	843	708	402	125
LONRF2	115	6	51	33	59	64	26	10
CHST10	1579	24	296	79	87	206	1067	38
NMS	1	0	0	0	1	0	0	0
PDCL3	3795	131	1261	440	360	643	3124	179
NPAS2	43	11	38	57	27	75	37	17
RPL31	57541	2052	23404	6941	5142	12510	51798	3185
TBC1D8	112	52	42	152	93	172	84	52
CNOT11	2756	79	944	330	208	488	2076	122
RNF149	1339	96	502	377	273	481	987	124
CREG2	15	1	3	2	2	7	19	0
RFX8	10	0	9	5	6	17	7	4
MAP4K4	10930	586	3940	1813	1331	3606	7899	910
IL1R2	1	0	1	0	2	0	1	0
IL1R1	20	3	7	11	4	8	17	1
IL1RL2	0	1	0	0	0	1	0	0
IL1RL1	0	0	0	0	0	0	0	0
IL18R1	24	1	3	8	5	5	12	3
IL18RAP	0	0	0	0	0	0	1	1
SLC9A4	0	0	1	0	0	0	0	0
SLC9A2	6	1	1	2	9	11	1	2
MFSD9	426	19	205	62	48	102	347	36
TMEM182	294	51	101	179	137	259	239	79
POU3F3	3135	67	52	154	284	640	919	110
MRPS9	6422	249	2201	868	581	1177	5292	356
GPR45	0	0	0	0	0	0	0	0
TGFBRAP1	1118	55	295	186	125	214	813	59
C2orf49	1901	82	702	292	196	482	1562	129
FHL2	875	150	398	637	496	597	670	114
NCK2	3450	124	930	528	439	771	2435	206
ECRG4	653	21	140	115	123	122	521	27
UXS1	3232	137	1031	463	267	564	2568	187
RGPD3	0	1	0	4	2	10	1	2
CD8B2	0	0	2	0	0	0	3	0
ST6GAL2	1480	320	300	833	833	1886	1363	343
RGPD4	0	0	2	2	2	4	0	2
SLC5A7	2	0	0	1	0	0	14	0
SULT1C3	0	0	0	0	2	1	0	0
SULT1C2	57	3	124	12	7	12	100	2
SULT1C4	805	38	242	129	72	146	528	45
GCC2	6038	305	2415	977	721	1508	5245	407
LIMS1	4955	273	1548	1041	743	1431	3641	443
RANBP2	4481	203	1693	905	506	1076	3181	303
CCDC138	3186	392	679	1643	1176	2440	2261	678
EDAR	2	13	0	15	5	12	25	1
SH3RF3	45	116	20	374	143	100	143	45
SEPTIN10	5264	303	1794	1017	648	1344	3945	373
SOWAHC	929	24	230	81	41	103	785	31
RGPD5	0	22	0	71	57	51	0	21
LIMS3	0	0	0	0	1	0	0	0
MALL	3	4	3	10	3	8	11	3
NPHP1	1508	113	328	345	306	409	1193	123
MTLN	1609	57	557	260	98	318	2218	96
LIMS4	0	0	0	0	0	0	0	0
RGPD6	0	1	0	0	1	0	0	1
BUB1	4524	186	1425	560	373	872	3050	257
ACOXL	45	3	90	16	12	51	40	8
BCL2L11	741	41	663	233	186	357	568	80
ANAPC1	1129	106	409	342	210	489	959	135
MERTK	157	18	174	101	44	70	91	15
TMEM87B	342	37	238	139	84	186	367	57
FBLN7	1224	102	231	338	227	625	517	181
ZC3H8	2769	113	760	378	340	707	1785	181
ZC3H6	2649	152	861	564	415	722	2319	204
RGPD8	25	8	1	19	30	35	11	9
TTL	2284	104	759	378	261	656	1435	197
POLR1B	802	46	261	129	117	217	642	57
CHCHD5	6775	237	2586	734	466	975	5332	301
SLC20A1	3961	113	1099	435	294	735	2474	165
NT5DC4	3	0	1	4	2	7	0	1
CKAP2L	3382	95	1053	338	249	650	1919	183
IL1A	10	1	26	2	2	6	9	1
IL1B	1	0	0	1	0	0	1	0
IL37	5	0	4	0	0	1	13	0
IL36G	1	0	1	0	0	0	11	0
IL36A	0	0	0	0	0	0	0	0
IL36B	0	0	0	0	0	0	0	0
IL36RN	0	0	0	0	0	0	0	0
IL1F10	0	0	0	0	0	0	0	0
IL1RN	0	0	0	0	0	0	0	0
PSD4	18	2	13	15	13	7	32	2
PAX8	71	19	24	29	3	36	171	12
IGKV1OR2-108	0	0	0	0	0	0	0	0
CBWD2	1122	61	398	199	177	270	606	82
FOXD4L1	3	0	2	0	0	0	0	0
RABL2A	1032	45	232	168	107	220	1008	54
SLC35F5	1307	133	681	497	397	711	1451	196
ACTR3	9934	397	3600	1761	1005	2018	7332	566
DPP10	332	587	115	1929	2186	4740	608	921
DDX18	10684	283	3534	1181	734	1684	8342	405
CCDC93	1643	76	595	319	256	506	1405	115
INSIG2	1723	72	702	360	197	466	3379	123
EN1	0	7	1	40	1	5	159	2
MARCO	0	0	0	2	2	0	4	0
C1QL2	3	0	2	0	2	0	2	0
STEAP3	71	0	38	4	1	2	88	1
C2orf76	1288	62	378	192	161	261	994	82
DBI	37635	804	9295	3425	2329	4927	24604	1552
TMEM37	135	5	116	20	6	20	163	6
SCTR	3	0	0	1	1	1	3	0
CFAP221	320	56	44	214	160	184	263	54
TMEM177	2938	44	689	209	159	330	2199	90
PTPN4	2530	328	676	1136	953	1775	1568	534
EPB41L5	1775	370	846	1781	1103	1703	1610	579
TMEM185B	971	19	300	79	48	99	811	31
RALB	1585	69	722	314	214	477	1321	103
INHBB	87	4	6	1	33	35	24	2
GLI2	1955	265	615	999	761	1598	1125	459
TFCP2L1	4	1	11	2	2	4	8	0
CLASP1	1689	441	565	1611	1239	2303	1217	708
NIFK	8810	231	2761	1054	704	1610	6406	424
TSN	7535	165	2124	613	476	1146	5355	290
CNTNAP5	4	12	3	92	161	95	11	17
GYPC	6451	197	1149	749	465	1291	4747	326
TEX51	0	0	0	0	1	0	0	0
BIN1	2994	113	1326	354	183	435	2814	172
CYP27C1	974	48	318	112	152	310	438	71
ERCC3	1224	59	454	301	203	361	940	120
MAP3K2	2107	200	826	636	509	936	1562	262
PROC	16	0	8	2	2	2	95	0
IWS1	6249	233	2283	998	651	1298	4431	400
MYO7B	0	0	0	4	1	0	1	0
LIMS2	43	2	36	12	4	10	60	2
GPR17	3	1	1	0	0	1	3	0
WDR33	6123	350	2080	1390	957	1806	4943	495
SFT2D3	2735	55	576	228	129	394	1835	111
POLR2D	4633	121	1429	364	256	779	3192	196
AMMECR1L	648	40	289	135	76	215	483	51
SAP130	1240	105	448	510	328	618	879	211
UGGT1	2056	111	770	411	259	634	1560	132
HS6ST1	1916	82	265	336	226	504	639	204
RAB6C	2	0	1	0	0	0	1	0
POTEF	3	10	8	247	8	34	42	31
CCDC74B	1783	36	238	150	235	212	921	64
SMPD4	383	68	99	263	186	406	178	166
MZT2B	34388	837	9589	3161	2259	5079	24376	1353
TUBA3E	0	0	1	3	1	1	1	0
CCDC115	2684	73	921	241	266	397	2795	115
IMP4	4025	84	1323	310	230	452	2996	147
PTPN18	1480	56	342	205	202	331	1196	88
POTEI	0	2	0	15	1	2	0	3
CFC1B	0	0	1	0	0	0	1	0
CFC1	12	0	3	1	0	0	16	1
POTEJ	0	0	0	0	0	2	0	1
GPR148	0	0	0	0	0	0	0	0
AMER3	3	0	0	0	1	1	1	0
ARHGEF4	541	46	331	215	98	141	531	51
SMIM39	0	0	0	0	0	0	0	0
FAM168B	2458	160	800	678	482	1042	1687	255
PLEKHB2	3326	85	1391	334	226	590	2927	357
POTEE	0	0	12	2	0	3	15	5
RAB6D	0	0	1	0	0	1	3	0
MZT2A	10653	268	3021	1157	1257	1841	7764	499
TUBA3D	13	2	3	7	2	3	12	2
CCDC74A	3000	87	586	258	273	401	1915	113
ANKRD30BL	1	59	1	6	173	422	19	39
GPR39	17	5	8	20	48	23	33	10
LYPD1	1079	154	352	476	953	615	3372	94
NCKAP5	602	422	58	1454	879	1013	583	379
MGAT5	783	160	330	557	495	946	688	231
TMEM163	107	15	94	59	59	663	67	40
ACMSD	1	7	0	36	29	53	3	13
CCNT2	2414	186	851	666	457	1042	1856	277
MAP3K19	17	4	4	11	21	16	33	4
RAB3GAP1	2170	242	675	1015	648	1272	1570	352
ZRANB3	898	376	430	1351	1042	2181	934	557
R3HDM1	4211	562	1223	2083	1520	2937	2724	865
UBXN4	15316	661	6988	2686	1908	3531	13716	925
LCT	2	1	1	1	2	2	1	3
MCM6	6583	145	1444	701	412	964	4267	265
DARS	10727	349	3799	1384	873	2142	10471	592
CXCR4	4778	175	406	851	441	707	7457	208
THSD7B	8	7	6	91	114	168	20	73
HNMT	82	2	63	29	15	34	56	3
SPOPL	545	78	206	319	241	489	421	171
NXPH2	151	5	14	26	22	51	43	17
LRP1B	41	620	5	1942	2786	1106	149	283
KYNU	21	2	12	3	2	10	28	2
ARHGAP15	576	63	528	129	40	116	790	50
GTDC1	950	242	230	814	468	979	901	360
ZEB2	4255	351	1665	1256	748	1531	2720	398
ACVR2A	1247	119	401	598	387	1030	725	217
ORC4	4422	213	1558	986	704	1460	3040	387
MBD5	1689	859	556	3070	2597	4767	1219	1251
EPC2	1721	204	553	838	701	1377	1296	368
KIF5C	4321	218	2281	833	687	1072	2768	362
LYPD6B	103	12	34	25	32	98	73	7
LYPD6	450	64	99	281	279	604	279	139
MMADHC	6564	225	2792	823	570	1284	6201	355
RND3	3124	131	1010	326	453	1368	2828	293
RBM43	438	25	128	90	94	107	472	22
NMI	211	10	153	21	10	20	281	7
TNFAIP6	12	1	24	1	0	1	6	1
RIF1	7641	306	2831	1196	844	1974	5109	593
NEB	35	10	33	47	23	61	31	18
ARL5A	1662	310	663	1094	794	1638	1352	443
CACNB4	1054	104	217	191	288	546	603	162
STAM2	668	59	281	212	158	319	509	84
FMNL2	2658	739	961	2266	1705	3787	2115	1125
PRPF40A	19710	613	6690	2433	1509	3332	15140	1029
ARL6IP6	7180	252	2087	829	747	1656	4759	424
RPRM	1231	19	621	49	90	67	1011	17
GALNT13	329	177	56	892	960	1556	281	424
KCNJ3	14	2	5	10	17	17	21	10
NR4A2	118	15	6	28	105	82	337	10
GPD2	882	94	297	385	375	768	578	141
GALNT5	29	9	21	23	107	43	61	8
ERMN	50	1	80	28	23	22	49	12
CYTIP	20	1	13	9	11	1	6	0
ACVR1C	26	6	14	15	22	28	30	10
ACVR1	519	81	264	268	210	329	529	100
UPP2	1	17	0	105	76	91	3	34
CCDC148	479	92	174	343	306	538	356	178
PKP4	2777	333	1229	1548	1034	2096	1963	599
DAPL1	418	4	3030	50	13	46	22	4
TANC1	572	176	223	889	431	642	805	275
WDSUB1	590	46	286	186	163	287	522	60
BAZ2B	7081	644	3439	2597	2104	4557	4207	1023
MARCH7	5974	371	1925	1442	1008	1986	4952	557
CD302	46	8	11	110	95	115	133	69
LY75	4	1	1	6	1	6	19	0
PLA2R1	27	15	10	32	14	28	51	12
ITGB6	2	0	1	0	1	0	2	0
RBMS1	2482	258	3914	1187	540	824	2974	312
TANK	1915	145	622	546	411	719	1711	223
PSMD14	12416	359	3878	1595	996	2227	8559	693
TBR1	7	0	2	2	1	2	13	2
SLC4A10	7	4	6	17	29	52	3	8
DPP4	80	11	16	32	16	68	47	15
GCG	0	0	0	0	0	0	0	0
FAP	23	1	44	29	20	27	12	5
IFIH1	29	1	8	0	3	7	11	2
GCA	3963	132	1632	388	298	709	3375	230
KCNH7	33	32	2	85	180	550	7	144
FIGN	3831	361	1698	1583	797	1586	1820	622
GRB14	402	19	105	70	21	88	309	31
COBLL1	174	26	56	100	60	134	164	34
SLC38A11	3	1	39	21	1	15	4	0
SCN3A	66	7	140	28	30	42	27	9
SCN2A	24	2	8	5	3	9	13	4
CSRNP3	2890	699	516	2125	1684	3383	1899	1032
GALNT3	71	0	117	19	12	22	175	3
TTC21B	1255	128	359	383	370	749	903	214
SCN1A	269	17	11	43	38	168	74	27
SCN9A	231	19	46	41	122	189	142	56
SCN7A	11	1	7	12	5	19	6	2
XIRP2	2	0	12	2	5	4	1	1
B3GALT1	240	1	181	14	11	22	131	3
STK39	1556	210	412	728	593	963	1189	362
CERS6	2343	329	764	1165	940	2069	1573	594
NOSTRIN	3	22	0	90	71	126	7	59
SPC25	2668	159	724	667	469	1078	1674	389
G6PC2	0	0	0	0	0	0	0	0
ABCB11	1	1	0	1	4	3	0	1
DHRS9	0	0	0	0	1	0	0	0
LRP2	1954	159	1977	1703	478	656	1428	218
BBS5	388	39	93	145	136	260	387	46
KLHL41	10	2	7	3	9	12	17	2
FASTKD1	1043	97	362	380	241	642	854	173
PPIG	20237	628	7000	2612	1754	3741	15838	1082
CCDC173	867	100	37	385	303	560	528	122
PHOSPHO2	974	32	310	118	104	149	953	44
KLHL23	8173	427	2958	1529	1130	2690	6198	673
SSB	37215	1041	12435	4088	2639	6003	28041	1761
METTL5	11455	402	4153	1305	844	1661	10144	545
UBR3	948	213	330	891	691	1173	645	366
MYO3B	83	39	289	160	27	78	98	37
SP5	2910	140	142	245	115	247	7484	117
ERICH2	230	38	87	46	24	66	355	22
GAD1	602	62	279	60	55	75	1177	64
GORASP2	4722	169	1911	716	513	976	4529	251
TLK1	5912	405	1483	1502	1050	2111	3656	646
METTL8	1674	108	655	295	229	497	1256	164
DCAF17	765	76	382	205	143	310	616	76
CYBRD1	327	41	156	109	110	205	305	33
DYNC1I2	4927	363	1616	1365	1047	2040	4214	509
SLC25A12	989	129	197	400	518	648	773	169
HAT1	9228	264	2847	1096	775	1505	5953	409
METAP1D	974	77	238	184	178	470	615	94
DLX1	44	0	8	2	0	9	14	1
DLX2	125	3	19	7	5	24	306	4
ITGA6	4859	259	2102	900	614	838	4298	301
PDK1	2239	26	548	176	120	278	3765	79
RAPGEF4	42	56	8	209	101	220	38	81
MAP3K20	1659	125	701	614	434	619	1525	153
CDCA7	4790	91	966	289	186	485	2555	149
SP3	4198	276	1744	902	732	1358	3186	461
OLA1	18357	784	5753	3276	1815	4444	13888	1311
SP9	55	0	8	1	1	0	52	0
CIR1	4609	211	1611	781	613	1233	3830	309
SCRN3	1400	110	470	414	383	532	1047	158
GPR155	239	12	96	68	66	76	214	31
WIPF1	643	67	161	228	179	367	455	109
CHRNA1	2	0	1	1	0	0	4	0
CHN1	3201	361	788	1088	906	1981	1899	538
ATF2	2769	223	920	852	607	1390	1960	379
ATP5MC3	51856	1389	20245	5741	2888	6156	44642	1960
LNPK	2139	139	697	550	405	741	1872	220
EVX2	0	0	0	0	0	0	0	0
HOXD13	3	0	0	0	0	0	2	0
HOXD12	0	0	0	0	0	0	0	0
HOXD11	0	0	0	0	0	0	7	0
HOXD10	0	0	0	0	0	0	4	0
HOXD9	1	0	0	0	0	0	5	0
HOXD8	1	0	0	0	0	0	4	0
HOXD3	5	0	1	0	0	0	16	0
HOXD4	3	0	0	0	0	0	10	0
HOXD1	4	0	0	0	0	0	11	0
MTX2	5420	266	1948	987	654	1384	4495	355
HNRNPA3	35346	1662	12736	6646	3822	11367	25498	2841
NFE2L2	2432	116	985	525	288	509	2002	202
AGPS	2399	149	863	664	449	1021	1771	297
TTC30B	622	27	141	70	63	103	491	30
TTC30A	462	11	124	50	39	82	412	16
PDE11A	24	8	22	49	15	27	76	7
RBM45	1040	35	317	118	102	202	769	53
OSBPL6	612	125	280	718	243	461	446	150
PRKRA	6031	263	2146	851	608	1408	4709	354
PJVK	92	20	43	31	40	94	108	18
FKBP7	1021	61	389	132	81	215	1074	51
PLEKHA3	3013	120	1226	448	313	649	2331	160
TTN	326	80	78	251	160	229	729	112
CCDC141	115	33	34	152	23	70	448	103
SESTD1	4181	378	1328	1060	778	1566	2955	494
ZNF385B	398	99	195	2354	268	922	282	302
CWC22	3651	155	1240	711	349	770	2631	215
UBE2E3	22690	732	5314	2651	2281	4559	16697	1267
ITGA4	50	5	29	28	14	33	51	16
CERKL	2	3	1	2	5	8	5	3
NEUROD1	95	7	8	16	15	29	56	11
ITPRID2	1380	102	413	312	273	459	1235	123
PPP1R1C	219	28	82	49	63	109	86	34
PDE1A	48	9	4	26	144	58	60	31
DNAJC10	4544	176	2091	713	487	1058	3761	256
FRZB	4945	24	3667	189	53	612	1638	155
NCKAP1	4513	295	1679	1115	779	1499	3294	433
DUSP19	212	18	103	41	30	112	303	22
NUP35	2216	113	702	320	245	585	1659	146
ZNF804A	99	96	3	187	176	404	106	64
FSIP2	1288	137	424	763	747	1210	877	174
ZC3H15	15621	446	4759	1860	1231	2650	11553	699
ITGAV	1518	166	1032	559	446	944	1040	260
FAM171B	3192	161	1030	729	895	1965	2039	387
ZSWIM2	8	2	1	6	8	8	6	2
CALCRL	93	29	57	67	38	93	75	28
TFPI	1712	176	2123	900	394	333	4070	225
GULP1	3456	589	1640	2383	2206	3254	3116	850
DIRC1	0	0	0	0	0	0	0	0
COL3A1	299	7	84	27	12	23	520	4
COL5A2	1399	134	290	397	263	366	1109	120
WDR75	2483	100	835	385	223	631	1777	198
SLC40A1	84	3	13	11	13	37	24	3
ASNSD1	2932	69	842	267	183	432	1833	106
ASDURF	0	0	0	0	0	0	0	0
ANKAR	284	56	90	192	186	266	296	104
OSGEPL1	1576	86	397	194	187	335	1168	101
ORMDL1	8761	292	3143	1092	857	1808	6865	449
PMS1	3009	167	923	652	478	1127	2105	280
C2orf88	109	31	27	106	88	210	55	61
MSTN	4	2	3	10	4	7	6	1
HIBCH	5776	461	1674	1493	1170	2410	4159	670
INPP1	323	22	165	96	49	81	292	24
MFSD6	17	7	7	21	23	42	16	14
NEMP2	314	21	65	45	30	77	197	19
NAB1	1255	49	263	175	143	451	680	101
GLS	1681	132	685	464	303	754	1363	235
STAT1	2193	86	782	271	182	403	1674	96
STAT4	36	20	2	75	67	104	45	22
MYO1B	2823	187	688	727	486	1479	1909	364
NABP1	134	10	50	20	18	79	117	13
CAVIN2	8	1	4	2	1	0	14	1
TMEFF2	459	88	373	352	261	625	409	88
SLC39A10	9719	445	3552	1490	1044	2385	6761	552
DNAH7	277	120	34	400	444	523	263	128
STK17B	579	34	190	95	64	262	385	46
HECW2	392	97	84	375	532	822	195	224
CCDC150	1938	107	481	407	253	623	1045	198
GTF3C3	2329	107	889	352	234	611	1974	149
C2orf66	20	2	11	1	6	9	17	1
PGAP1	2296	265	1279	878	689	1387	1623	382
ANKRD44	163	30	50	115	144	189	75	51
SF3B1	17678	594	5118	2405	1471	3425	12461	817
COQ10B	907	58	581	193	125	207	1060	53
HSPD1	71791	2277	23600	7318	4117	10972	53360	3414
HSPE1	68002	1393	22848	5761	3009	7155	52588	2131
MOB4	5353	261	2131	1010	752	1364	4490	350
RFTN2	616	94	162	202	284	414	546	124
MARS2	294	7	142	27	15	42	304	9
BOLL	2	0	1	2	4	1	5	0
PLCL1	9	6	2	55	30	37	25	14
SATB2	217	47	48	117	93	267	235	63
FTCDNL1	63	5	15	18	9	16	67	8
C2orf69	2305	63	813	295	165	409	1897	121
TYW5	1714	72	544	273	186	391	1281	103
MAIP1	2268	72	811	297	184	381	1845	111
SPATS2L	2709	247	1064	916	816	887	3027	262
KCTD18	580	21	185	69	47	123	524	25
SGO2	8165	228	2176	787	560	1447	4925	500
AOX1	26	2	9	7	2	9	21	5
BZW1	11625	554	3949	2254	1616	3855	8257	918
CLK1	1064	50	360	183	156	272	764	88
PPIL3	3135	68	1205	227	228	446	2345	104
NIF3L1	2869	111	1003	412	301	664	2348	170
ORC2	1684	165	600	640	463	926	1241	270
FAM126B	809	62	264	252	175	352	649	103
NDUFB3	14465	392	4369	1604	980	2000	10992	571
CFLAR	2282	92	534	317	146	243	1154	129
CASP10	4	1	19	4	1	2	14	2
CASP8	42	2	47	17	3	4	70	3
FLACC1	9	4	2	11	18	19	3	8
TRAK2	316	46	149	162	113	199	292	60
STRADB	2570	80	892	370	297	486	1866	133
C2CD6	2	2	1	10	12	13	0	6
TMEM237	4028	131	1240	430	340	772	2803	197
MPP4	9	1	3	1	4	2	6	0
ALS2	835	76	361	328	192	378	732	101
CDK15	5	2	3	8	4	17	4	11
FZD7	3242	34	1532	221	155	421	2787	105
KIAA2012	65	7	9	33	54	55	69	24
SUMO1	28004	846	9171	3281	2409	4528	21275	1195
NOP58	8330	256	2480	1132	764	1702	5734	550
BMPR2	1506	359	507	1229	841	1488	1148	542
FAM117B	1202	297	375	774	659	1376	980	526
ICA1L	1489	114	521	454	390	515	1088	175
WDR12	3057	116	1190	374	260	578	2345	204
CARF	545	63	183	173	152	292	383	74
NBEAL1	1182	173	506	621	491	773	1140	205
CYP20A1	1836	153	657	568	420	921	1441	180
ABI2	10673	518	3748	2135	1535	3215	7783	835
RAPH1	572	146	193	714	513	837	352	233
CD28	0	0	0	0	0	0	0	0
CTLA4	0	0	0	0	0	0	0	0
ICOS	0	0	0	0	0	0	0	0
PARD3B	871	410	169	1481	1741	3253	495	851
NRP2	1107	40	395	94	88	125	1772	42
INO80D	1520	109	576	522	416	807	1256	215
NDUFS1	4720	201	1907	805	612	1204	3663	345
EEF1B2	101923	3008	34631	10738	7715	18566	78182	4609
GPR1	214	30	50	149	234	169	126	44
ZDBF2	1234	125	78	1073	926	740	1102	166
ADAM23	1552	250	346	1225	1065	1419	1054	327
FAM237A	1	0	0	0	1	0	0	0
DYTN	0	0	0	0	3	0	3	1
MDH1B	475	19	96	101	65	114	308	22
FASTKD2	2833	111	917	423	307	624	2080	159
CPO	4	0	1	11	7	18	4	5
KLF7	447	56	245	282	239	381	332	48
CREB1	5881	398	1908	1600	1099	2344	4141	551
METTL21A	4219	143	1560	585	359	763	3283	216
CCNYL1	872	87	616	357	267	422	705	94
FZD5	396	3	2967	58	13	170	240	7
PLEKHM3	286	34	300	151	131	244	189	72
CRYGD	406	9	136	103	75	229	562	35
CRYGC	5	0	1	1	1	3	6	0
CRYGB	12	0	9	5	1	2	7	0
CRYGA	0	0	0	0	0	0	0	0
C2orf80	36	1	24	14	6	11	10	2
IDH1	8327	188	2348	1037	611	1399	5355	402
PIKFYVE	921	125	474	429	284	597	828	158
PTH2R	10	2	81	22	12	26	5	5
MAP2	6614	1120	1926	5348	3413	4678	4498	1502
UNC80	80	15	42	53	41	69	50	16
RPE	2226	94	876	313	209	559	1812	121
KANSL1L	838	150	317	653	584	1052	606	277
ACADL	35	12	6	27	16	19	67	6
MYL1	0	0	1	1	1	1	2	1
LANCL1	1133	101	587	293	293	713	929	173
CPS1	357	45	301	116	75	346	208	88
ERBB4	715	1818	141	10972	5431	4536	1103	1204
IKZF2	433	87	270	465	216	378	374	117
SPAG16	5155	375	1837	1954	1437	2096	3893	634
VWC2L	4	8	0	46	39	55	2	11
BARD1	5302	266	1571	1302	812	1655	3757	361
ABCA12	5	8	2	23	31	29	6	5
ATIC	8596	180	2494	699	416	1011	7034	317
FN1	2094	154	577	429	270	429	2525	110
MREG	395	28	152	122	93	130	316	41
PECR	779	60	368	197	163	253	679	64
TMEM169	818	48	437	188	187	319	483	54
XRCC5	49444	1468	14770	5407	3551	8303	32367	2250
MARCH4	0	1	61	6	2	6	3	1
SMARCAL1	1115	60	442	213	198	297	860	74
RPL37A	228440	4896	94444	15957	12881	29998	187118	6109
IGFBP2	74022	2104	33929	11544	6447	11863	96533	3061
IGFBP5	4716	310	5118	1808	776	1617	10120	282
TNP1	2	0	1	0	0	1	15	0
TNS1	77	18	17	54	42	72	59	12
RUFY4	0	0	1	0	0	0	1	0
CXCR2	2	0	1	0	0	0	2	0
CXCR1	0	0	0	0	0	0	0	0
ARPC2	22742	683	9023	2882	1683	3508	19311	1045
GPBAR1	82	4	12	33	19	11	228	1
AAMP	4649	124	2010	431	242	586	4009	187
PNKD	6181	203	2607	812	616	1194	5130	333
TMBIM1	99	4	111	11	8	20	259	9
CATIP	24	3	24	16	7	8	28	3
SLC11A1	8	3	16	3	2	3	18	0
CTDSP1	1413	53	565	163	112	275	1187	75
VIL1	63	3	55	13	10	18	51	15
USP37	1549	128	487	526	412	794	994	201
CNOT9	3209	119	1133	418	373	833	2273	168
PLCD4	18	9	15	15	18	11	31	11
ZNF142	595	26	152	105	91	165	329	43
BCS1L	1521	38	469	112	83	183	1258	54
RNF25	714	26	232	106	70	141	634	46
STK36	665	15	229	89	92	146	566	38
TTLL4	1175	52	381	152	89	191	952	70
CYP27A1	440	41	82	121	76	111	631	43
PRKAG3	0	0	0	0	0	0	1	0
WNT6	3	0	0	1	0	0	15	0
WNT10A	3	0	0	0	0	0	1	0
CDK5R2	22	1	7	4	6	10	17	2
FEV	0	0	0	0	0	0	12	0
CRYBA2	1	0	0	2	0	0	5	0
CFAP65	109	4	18	17	24	40	104	9
IHH	6	0	2	2	1	0	4	0
NHEJ1	18	35	3	143	127	281	12	73
SLC23A3	4	0	5	0	0	4	12	3
CNPPD1	1321	35	406	111	73	198	1040	67
RETREG2	3204	72	965	235	231	384	2773	92
ZFAND2B	1612	41	578	177	98	269	1447	62
ABCB6	31	25	6	91	66	128	42	44
ATG9A	25	17	12	92	80	138	24	39
ANKZF1	1858	47	666	199	133	265	2236	63
GLB1L	287	16	125	29	23	49	299	4
STK16	2212	92	835	212	179	341	2144	112
TUBA4A	186	3	182	11	4	14	270	4
TUBA4B	0	0	0	0	0	0	4	0
DNAJB2	1685	52	844	194	135	246	2151	68
PTPRN	62	2	90	13	5	12	57	4
RESP18	1	0	2	4	1	0	0	0
DNPEP	2158	50	987	222	170	324	2007	85
DES	51	1	29	4	2	4	259	0
SPEG	278	11	164	38	46	55	279	19
SPEGNB	0	0	1	0	0	1	0	0
GMPPA	855	29	418	76	62	117	730	31
ASIC4	4	0	6	2	2	2	14	2
CHPF	600	17	523	106	72	73	1060	19
TMEM198	372	6	100	13	35	54	225	16
OBSL1	2816	107	1190	390	267	346	3973	104
INHA	22	0	15	8	10	6	57	2
STK11IP	710	22	192	71	28	74	564	18
SLC4A3	266	17	59	35	43	57	305	13
EPHA4	3901	406	1659	1716	1125	2225	2802	697
PAX3	921	601	196	3520	911	659	3808	349
CCDC140	98	13	18	184	56	16	685	5
SGPP2	135	59	31	107	87	52	285	27
FARSB	3363	123	791	442	285	674	2338	191
MOGAT1	3	1	0	5	4	4	6	0
ACSL3	6262	232	1507	944	625	1413	4553	412
KCNE4	1	0	0	4	2	2	0	1
SCG2	36	3	12	10	9	9	272	1
AP1S3	203	56	119	106	101	99	217	39
WDFY1	1744	170	1264	662	326	747	1765	231
MRPL44	4733	129	1766	565	363	735	3947	210
SERPINE2	4812	198	940	509	453	751	6946	211
FAM124B	7	0	10	0	0	0	9	1
CUL3	7272	540	2539	2092	1370	2949	6030	707
CCDC195	0	0	0	1	0	0	0	0
DOCK10	114	33	56	169	79	127	75	23
NYAP2	0	2	0	3	5	1	0	1
IRS1	1244	61	382	218	150	364	882	108
RHBDD1	593	170	194	414	265	614	437	177
COL4A4	21	6	10	12	9	20	33	6
COL4A3	2	5	7	17	13	33	1	4
MFF	7508	263	2353	1092	668	1496	5892	408
TM4SF20	5	3	0	2	1	3	8	0
SCYGR1	0	0	0	0	0	0	0	0
AGFG1	2492	178	1126	639	441	942	1891	199
SCYGR2	0	0	0	0	0	0	0	0
C2orf83	0	0	0	0	2	0	0	2
SCYGR3	0	0	0	0	0	0	0	0
SCYGR4	0	0	0	0	0	0	0	0
SCYGR5	0	0	0	0	0	0	0	0
SLC19A3	24	0	11	4	3	7	18	2
SCYGR6	0	0	0	0	0	0	0	0
SCYGR7	0	0	0	0	0	0	0	0
SCYGR8	0	0	0	0	0	0	0	0
CCL20	0	0	0	0	0	0	0	0
DAW1	50	4	6	17	12	19	114	1
SPHKAP	1	2	0	3	0	4	0	2
PID1	51	8	17	114	31	28	36	4
DNER	1476	56	67	219	712	754	615	191
TRIP12	3581	347	1330	1379	784	1570	2674	396
FBXO36	521	71	163	248	214	390	482	112
SLC16A14	698	53	115	217	219	355	555	62
SP110	179	9	41	28	49	84	179	19
SP140	3	3	0	11	7	11	11	1
SP140L	931	10	18	72	149	10	133	2
SP100	25	2	4	10	4	7	14	4
CAB39	2035	166	729	702	488	902	1655	255
ITM2C	6754	155	4822	631	327	909	9109	237
GPR55	1	2	0	1	0	0	2	1
SPATA3	0	0	0	1	0	0	0	0
C2orf72	73	1	29	11	11	15	88	5
PSMD1	11852	369	4251	1681	922	1802	8032	591
HTR2B	8	0	0	5	6	15	3	0
ARMC9	2296	208	641	828	561	891	1947	259
B3GNT7	415	6	209	13	10	14	773	2
NCL	98924	2197	30972	8370	5385	14182	72534	3529
NMUR1	16	0	2	2	2	1	17	1
TEX44	0	0	0	0	0	0	0	0
PTMA	292746	8976	82955	31794	22782	58955	202622	16003
PDE6D	1652	86	713	395	322	572	1278	183
COPS7B	2753	77	966	299	172	371	2187	123
NPPC	220	10	34	9	13	17	88	7
DIS3L2	1477	224	303	768	642	986	876	315
ALPP	0	0	0	0	0	0	1	0
ALPG	30	0	17	0	2	3	10	0
ALPI	0	0	0	0	0	0	1	0
ECEL1	560	17	199	36	95	83	671	20
PRSS56	19	16	7	7	4	7	39	9
CHRND	1	2	3	4	3	9	6	1
CHRNG	3	2	0	0	4	4	5	3
TIGD1	573	26	137	76	61	135	423	20
EIF4E2	7259	233	2915	706	434	992	6453	341
EFHD1	1684	88	508	289	373	485	2030	111
GIGYF2	5473	348	2196	1393	898	1812	3906	470
KCNJ13	221	31	250	125	145	250	183	30
SNORC	95	10	48	27	39	53	155	16
NGEF	98	10	121	72	26	41	172	16
NEU2	0	0	0	0	0	0	0	0
INPP5D	208	34	111	79	5	30	170	44
ATG16L1	545	21	186	107	48	128	436	42
SAG	1	0	0	1	0	0	2	1
DGKD	999	69	244	308	213	397	646	112
USP40	624	43	201	173	186	324	415	87
UGT1A8	0	0	0	1	0	0	0	0
UGT1A10	0	0	0	0	0	0	2	0
UGT1A9	0	0	0	0	0	0	0	0
UGT1A7	1	0	1	1	0	0	0	0
UGT1A6	0	0	1	0	0	0	0	0
UGT1A5	0	0	0	0	0	0	0	0
UGT1A4	0	0	0	0	0	0	0	0
UGT1A3	0	0	0	0	0	0	0	0
UGT1A1	2	0	0	0	0	1	0	0
MROH2A	0	0	2	0	0	0	7	1
HJURP	3180	69	960	264	209	474	2278	135
TRPM8	26	0	64	13	7	15	13	1
SPP2	0	0	0	0	0	0	0	0
ARL4C	16373	588	6112	2171	1344	3654	12460	817
SH3BP4	1103	99	372	315	208	246	940	87
AGAP1	2367	656	717	2566	1837	3509	1613	1053
GBX2	434	1	14	8	1	8	443	0
ASB18	8	1	0	2	4	12	9	1
IQCA1	554	59	167	264	58	177	776	42
ACKR3	1588	49	306	229	285	386	887	109
COPS8	7781	289	2605	895	654	1317	5920	336
COL6A3	94	2	30	9	8	10	82	2
MLPH	16	0	46	1	1	3	13	0
PRLH	1	0	0	0	0	0	0	0
RAB17	29	0	28	5	6	14	24	3
LRRFIP1	4301	256	1088	709	719	1352	3289	398
RBM44	4	2	3	7	4	8	7	5
RAMP1	73	1	21	10	9	13	48	4
UBE2F	3387	121	1209	570	332	716	2542	248
SCLY	831	139	276	412	305	551	684	190
ESPNL	44	1	20	6	3	8	43	2
KLHL30	9	1	0	3	0	0	13	0
ERFE	128	4	9	8	4	7	52	2
ILKAP	3532	134	1209	529	343	682	2374	202
HES6	11967	260	1503	852	473	1413	7242	409
PER2	444	50	114	217	133	148	440	53
TRAF3IP1	2648	128	1066	511	347	651	2027	173
ASB1	840	25	390	96	74	129	685	35
TWIST2	132	0	42	12	9	23	109	7
HDAC4	668	173	195	637	404	699	379	245
NDUFA10	8020	264	2102	893	670	1425	5490	407
OR6B2	0	0	0	0	0	0	0	0
OR6B3	0	0	0	0	0	0	0	0
COPS9	16828	390	5190	1814	1144	2395	12091	651
OTOS	11	0	4	1	0	2	16	1
GPC1	4889	61	923	221	260	727	1843	130
ANKMY1	160	20	43	101	132	94	98	35
DUSP28	631	17	188	53	40	75	407	17
RNPEPL1	1231	22	363	73	75	134	827	18
CAPN10	1161	43	393	98	61	162	965	51
GPR35	11	0	7	2	0	4	13	4
AQP12B	0	0	0	1	0	0	0	0
AQP12A	1	0	0	0	1	0	0	0
KIF1A	4587	136	1282	445	346	692	2595	169
AGXT	1	0	2	2	0	0	1	0
MAB21L4	0	0	1	0	0	0	4	0
CROCC2	0	1	0	1	2	0	0	0
SNED1	24	12	4	53	53	50	23	26
MTERF4	3602	135	1074	439	354	722	2591	181
PASK	1077	24	283	82	88	152	727	42
PPP1R7	6367	192	2170	719	472	961	4796	289
ANO7	117	10	44	34	19	52	178	16
HDLBP	9019	261	3414	1068	734	1465	6676	410
SEPTIN2	18960	613	6766	2197	1642	3793	13165	872
FARP2	783	78	199	371	211	395	488	125
STK25	6040	162	2289	559	327	919	5124	250
BOK	488	5	106	33	15	27	450	9
THAP4	2007	56	827	195	130	249	1615	81
ATG4B	2214	110	889	347	208	452	1860	147
DTYMK	14802	367	3870	1343	861	2299	9854	700
ING5	3277	103	852	408	254	702	2257	176
D2HGDH	570	48	198	129	98	182	496	48
GAL3ST2	1	1	0	6	1	4	0	1
NEU4	0	0	0	4	3	2	1	0
PDCD1	0	0	0	0	0	0	0	0
RTP5	0	0	0	0	0	0	0	0
FAM240C	3	1	3	6	5	6	3	0
CHL1	439	128	15	9	186	296	557	96
CNTN6	4	10	22	5	57	88	17	5
CNTN4	270	153	238	68	516	1116	273	133
IL5RA	0	1	0	5	2	5	3	2
TRNT1	2381	103	778	365	249	453	1691	148
CRBN	4670	175	1654	535	532	1107	3470	265
SUMF1	639	342	296	1262	1220	2354	531	572
LRRN1	8758	319	2148	601	1672	4313	3995	881
SETMAR	1569	48	362	140	164	322	990	86
ITPR1	448	31	106	98	92	257	267	92
BHLHE40	135	7	119	19	11	16	480	6
ARL8B	1620	130	607	464	306	726	1208	180
EDEM1	459	19	175	100	69	129	321	44
GRM7	55	26	33	163	154	132	53	43
LMCD1	689	77	182	437	131	400	1005	71
SSUH2	23	4	9	36	9	27	31	11
CAV3	2	16	1	83	38	170	1	42
OXTR	110	1	32	7	6	32	86	10
RAD18	1896	122	585	509	345	786	1258	207
SRGAP3	7932	510	1164	2207	2089	3429	4134	887
THUMPD3	4551	138	1505	549	441	886	3722	291
SETD5	6815	555	2519	2095	1328	2822	5082	733
LHFPL4	47	4	32	17	6	17	69	10
MTMR14	1875	52	817	216	142	295	1548	87
CPNE9	18	7	32	4	8	18	26	4
BRPF1	710	22	236	80	58	123	523	37
OGG1	1936	61	617	231	211	362	1526	110
CAMK1	1602	38	595	232	205	375	995	81
TADA3	5984	161	2047	676	488	929	4844	283
ARPC4	8750	208	3160	774	465	1078	6809	286
TTLL3	494	42	152	185	129	222	347	78
RPUSD3	3774	98	1385	299	254	422	2638	164
CIDEC	0	0	0	0	0	0	2	0
JAGN1	5916	136	2059	644	415	846	4458	223
IL17RE	245	16	118	33	26	58	299	15
IL17RC	250	7	135	27	35	56	290	17
CRELD1	1603	55	527	160	104	236	1933	72
PRRT3	919	20	294	66	39	85	702	22
EMC3	3811	173	1362	675	438	879	3118	253
FANCD2	3696	150	1202	500	332	754	2467	224
FANCD2OS	0	15	0	60	53	79	1	31
BRK1	28837	725	10432	3023	2135	3851	21620	1159
VHL	2083	88	705	294	204	443	1588	118
IRAK2	33	7	13	11	7	13	33	6
TATDN2	469	18	136	77	61	120	322	30
GHRL	85	6	43	14	13	23	79	3
SEC13	5171	183	1818	762	419	853	4641	284
ATP2B2	134	12	4	34	141	198	58	35
SLC6A11	167	8	13	18	23	47	83	24
SLC6A1	32	3	4	4	6	5	37	1
HRH1	8	1	2	5	12	7	8	3
ATG7	683	183	187	727	522	828	561	294
VGLL4	5642	480	2188	1625	1453	2529	7135	518
TAMM41	1967	104	579	301	199	448	1616	141
SYN2	75	53	33	175	127	158	84	52
TIMP4	136	0	223	4	2	11	176	1
PPARG	6	8	9	17	7	19	6	1
TSEN2	1714	124	428	377	287	586	1118	163
MKRN2OS	7	32	7	94	96	151	8	56
MKRN2	1945	79	574	282	192	409	1765	99
RAF1	4266	200	1176	859	612	1196	2836	348
TMEM40	1	0	5	0	2	1	7	1
CAND2	819	42	157	112	111	216	568	56
RPL32	321572	8868	116280	31305	24613	52246	249460	13487
IQSEC1	1474	97	383	395	388	612	927	154
NUP210	1910	62	572	243	199	391	907	109
HDAC11	366	21	209	49	32	82	280	19
FBLN2	524	28	276	41	12	29	473	17
WNT7A	354	9	19	29	32	105	156	25
CHCHD4	1151	20	393	108	71	154	918	40
TMEM43	1506	49	460	173	112	248	1074	73
XPC	3688	184	1420	628	350	721	2763	198
LSM3	25122	486	8239	2331	1386	3056	17898	911
SLC6A6	1206	32	557	152	95	218	946	93
GRIP2	613	20	52	53	80	104	148	71
CCDC174	2465	87	794	319	226	436	2084	126
C3orf20	1	2	0	14	6	48	1	6
FGD5	9	0	12	5	2	3	24	1
NR2C2	989	118	295	518	375	800	664	194
MRPS25	4022	143	1749	470	331	625	3200	181
RBSN	1413	73	374	253	209	366	1015	83
CAPN7	1337	136	610	613	453	657	1117	181
SH3BP5	631	70	370	423	162	139	1807	41
METTL6	1481	125	540	352	285	566	1160	181
EAF1	939	39	426	146	92	222	743	48
COLQ	61	30	23	111	67	146	46	51
HACL1	1558	92	540	293	253	421	1374	117
BTD	646	92	287	277	231	400	793	129
ANKRD28	1016	223	445	642	590	1116	722	288
GALNT15	18	1	2	5	2	12	10	4
DPH3	5000	155	2144	691	380	940	4442	260
OXNAD1	813	87	319	298	189	403	701	109
RFTN1	91	11	23	54	39	57	168	20
DAZL	51	0	30	9	4	9	12	4
PLCL2	485	95	132	379	350	570	230	204
TBC1D5	1813	894	750	4195	3297	3858	1765	1111
SATB1	1151	46	476	100	111	237	1047	61
KCNH8	112	58	32	245	364	808	68	167
EFHB	176	18	52	37	17	39	52	6
RAB5A	3104	139	1677	539	367	758	2865	194
PP2D1	3	6	0	9	17	15	0	9
KAT2B	219	66	159	288	211	372	138	105
SGO1	5632	162	2028	671	414	1097	3955	303
ZNF385D	318	60	125	194	287	594	131	103
UBE2E2	2769	612	1236	3249	1749	2734	2892	879
UBE2E1	7043	447	2864	1684	1027	2600	5305	689
NKIRAS1	977	86	317	272	208	377	702	124
RPL15	183860	8371	76881	29782	20644	48169	156697	12437
NR1D2	911	107	451	244	230	566	669	127
THRB	25	4	34	12	12	8	30	4
RARB	48	21	6	63	93	214	46	70
TOP2B	9754	432	2668	1559	1277	2941	6356	638
NGLY1	2634	108	847	529	385	829	2086	177
OXSM	497	21	150	69	80	125	498	37
LRRC3B	1352	42	71	194	445	894	577	151
NEK10	90	35	17	210	86	201	56	39
SLC4A7	2995	326	1381	1061	818	2140	2201	541
EOMES	365	1	26	9	6	15	714	1
CMC1	4824	207	1488	578	461	1002	4437	321
AZI2	3516	175	1023	472	380	735	3217	222
ZCWPW2	62	58	42	193	157	202	86	80
RBMS3	145	136	72	308	268	377	325	159
TGFBR2	149	53	70	211	154	268	189	70
GADL1	3	1	1	0	1	2	1	2
STT3B	5226	298	1911	1007	650	1716	4836	480
OSBPL10	356	38	329	122	83	235	415	67
ZNF860	15	0	26	2	2	3	17	2
GPD1L	75	4	31	12	15	29	97	5
CMTM8	1845	116	882	359	316	941	1344	247
CMTM7	2165	91	679	225	135	654	1269	219
CMTM6	5990	212	3381	776	483	1091	5566	331
DYNC1LI1	7597	242	2454	984	720	1552	5934	453
CNOT10	2132	147	578	657	426	871	1462	232
TRIM71	3084	137	2089	546	189	596	2674	217
CCR4	1	0	1	3	0	0	0	0
GLB1	1854	84	1089	387	236	385	2130	118
TMPPE	19	1	11	2	6	8	26	1
CRTAP	3161	120	3089	548	326	675	3282	148
SUSD5	65	4	56	26	12	14	41	3
FBXL2	714	128	207	456	421	619	678	189
UBP1	1295	81	546	315	273	535	838	120
CLASP2	1697	452	532	1762	1580	2707	1138	731
PDCD6IP	3600	187	1511	816	563	844	2862	318
ARPP21	5	2	1	14	9	8	44	3
STAC	251	54	25	172	122	263	193	91
DCLK3	22	1	7	6	3	6	24	6
TRANK1	381	84	265	325	170	269	366	89
EPM2AIP1	3315	119	989	509	353	715	2195	150
MLH1	2751	107	797	435	285	595	1805	171
LRRFIP2	3483	296	1222	1376	844	1368	3076	357
GOLGA4	9583	560	4221	2161	1240	2768	8859	747
ITGA9	19	20	10	110	76	82	52	41
CTDSPL	3169	198	1417	864	724	1348	2091	387
VILL	182	9	103	21	15	28	188	13
PLCD1	392	20	125	59	35	114	330	33
DLEC1	27	2	17	15	6	19	26	8
ACAA1	1578	42	526	150	124	272	1194	59
MYD88	540	9	262	38	22	83	364	24
OXSR1	2457	192	893	773	470	933	1944	249
SLC22A13	7	1	3	3	4	3	9	2
SLC22A14	2	0	3	1	5	1	5	0
XYLB	288	48	72	144	114	313	120	94
ACVR2B	6744	201	2489	614	533	1495	5499	308
EXOG	2057	92	510	283	233	458	1191	144
SCN5A	184	13	63	37	50	94	93	46
SCN10A	0	0	0	0	2	2	0	0
SCN11A	76	26	41	106	82	216	54	48
WDR48	3311	160	1052	584	436	959	2261	210
GORASP1	516	18	209	90	38	96	480	42
TTC21A	274	20	89	74	62	77	233	30
CSRNP1	120	6	93	16	10	15	191	5
XIRP1	0	0	0	0	0	0	0	0
CX3CR1	2	0	2	0	0	0	1	0
CCR8	0	0	0	0	0	1	0	0
SLC25A38	1741	59	932	207	125	266	1282	63
RPSA	245983	7052	93942	24651	19019	47408	194833	12171
MOBP	6	0	4	2	0	2	5	0
MYRIP	7	11	9	78	73	122	7	34
EIF1B	16750	532	6516	1990	1437	2715	14421	795
ENTPD3	4	0	1	9	16	9	11	4
RPL14	171370	5885	57943	17532	14680	32572	119958	8744
ZNF619	50	5	95	4	19	52	28	14
ZNF620	2605	61	761	279	226	542	1590	145
ZNF621	1089	65	396	232	151	319	821	140
CTNNB1	14628	516	5251	1870	1265	2865	9792	846
ULK4	644	177	100	852	833	1198	448	418
TRAK1	1225	126	494	499	464	835	823	236
CCK	65	0	367	63	13	17	71	2
LYZL4	0	0	0	0	0	0	1	0
VIPR1	29	1	28	2	6	7	23	3
SEC22C	2652	116	702	293	267	614	2116	164
SS18L2	9257	249	2969	1120	728	1436	7006	340
NKTR	12520	432	3960	1475	1105	2578	8613	752
ZBTB47	479	17	89	57	26	64	266	14
KLHL40	1	0	2	1	2	3	0	1
HHATL	1	2	0	1	1	2	3	0
CCDC13	35	8	5	41	36	42	46	9
HIGD1A	5803	207	2457	817	581	991	4946	353
ACKR2	10	2	3	0	6	2	9	2
KRBOX1	8	0	6	0	2	1	9	1
CYP8B1	0	0	0	1	0	2	1	0
ZNF662	13	3	5	0	2	3	35	2
GASK1A	148	8	29	36	24	75	84	22
POMGNT2	856	18	319	94	64	126	719	25
SNRK	765	80	259	345	266	475	455	126
ANO10	1331	251	607	1060	842	1097	1268	348
ABHD5	1674	36	439	135	98	200	1243	65
TOPAZ1	0	0	0	1	0	0	0	1
TCAIM	1981	115	586	407	307	700	1387	159
ZNF445	2399	116	814	427	328	648	1645	167
ZNF852	192	26	72	92	92	168	171	34
ZKSCAN7	417	35	117	68	67	173	280	37
ZNF660	1986	65	571	217	213	433	1255	86
ZNF197	1209	168	347	540	448	779	870	210
ZNF35	1099	47	349	226	182	297	922	84
ZNF502	289	16	111	39	47	68	195	27
ZNF501	507	21	204	99	67	127	230	23
KIAA1143	2128	105	875	373	258	607	1864	173
KIF15	5493	214	1061	653	553	1370	2793	384
TMEM42	1618	60	673	237	139	227	1735	84
TGM4	1	1	3	2	1	2	0	1
ZDHHC3	2347	84	988	367	199	424	1953	130
EXOSC7	8641	289	3524	940	505	1124	8089	381
CLEC3B	0	0	0	0	0	0	2	0
CDCP1	91	0	63	3	3	2	64	1
TMEM158	1881	16	603	63	106	140	906	32
LARS2	1072	101	395	377	276	521	740	145
LIMD1	604	49	149	153	168	327	351	75
SACM1L	1334	86	565	332	265	520	1065	116
SLC6A20	1	2	1	2	1	2	12	2
LZTFL1	1354	54	333	193	167	354	1061	105
CCR9	0	0	0	1	1	1	0	2
FYCO1	211	11	72	52	45	100	158	29
CXCR6	1	0	0	1	1	0	0	0
XCR1	0	0	0	0	0	0	0	0
CCR3	0	0	0	0	2	5	0	0
CCR1	8	1	0	0	1	0	1	0
CCR2	0	0	0	0	0	0	0	0
CCR5	0	0	0	0	0	0	0	0
CCRL2	0	0	0	0	0	0	0	0
LTF	0	1	1	0	0	0	1	0
RTP3	0	0	0	0	0	0	0	0
LRRC2	30	0	22	4	6	8	42	1
TDGF1	2758	18	1836	63	69	135	2874	47
FAM240A	2	0	2	1	0	0	0	0
ALS2CL	17	0	9	4	1	1	15	0
TMIE	29	0	9	8	7	4	42	0
PRSS45P	66	2	5	24	18	18	47	7
MYL3	35	4	39	8	17	27	69	7
PTH1R	514	15	188	58	41	36	840	8
CCDC12	8627	228	2256	917	685	1237	5884	379
NBEAL2	315	7	135	29	21	37	254	20
SETD2	4762	388	1626	1599	1190	2043	3223	593
KIF9	2101	98	438	305	283	362	2114	120
KLHL18	726	59	267	196	137	256	573	107
PTPN23	1174	30	500	144	68	164	902	53
SCAP	2096	82	712	373	246	376	1768	99
ELP6	5157	155	1406	577	343	695	3940	208
CSPG5	1024	17	233	50	94	159	554	53
SMARCC1	24198	941	7804	3757	2686	6342	17461	1611
DHX30	5910	184	1749	677	580	1171	4313	336
MAP4	5635	438	1870	2077	1285	2258	4776	674
CDC25A	1876	49	647	201	120	298	1157	60
CAMP	0	0	0	1	0	0	1	0
ZNF589	1170	103	472	293	159	538	988	157
NME6	3132	81	983	323	255	572	2461	126
SPINK8	1	20	1	36	26	69	2	27
FBXW12	37	16	14	21	9	30	36	25
PLXNB1	1554	48	480	193	119	233	1086	63
CCDC51	1737	60	771	206	130	288	1725	80
TMA7	43639	1194	13689	5639	3534	6550	30271	1888
ATRIP	596	27	177	104	76	134	384	33
TREX1	0	0	0	0	0	1	0	0
SHISA5	3218	134	1838	444	277	546	3337	118
PFKFB4	846	33	279	169	113	201	1549	71
UCN2	3	0	3	0	0	0	3	0
COL7A1	246	2	170	13	5	27	188	4
UQCRC1	12107	315	3289	1076	711	1524	8581	497
TMEM89	6	0	0	0	0	1	2	0
SLC26A6	805	15	319	77	41	92	903	21
CELSR3	371	4	152	24	23	53	237	22
NCKIPSD	1000	26	345	87	51	187	846	47
IP6K2	5681	309	2641	970	805	1889	4397	453
PRKAR2A	3638	105	1714	487	411	637	2879	176
SLC25A20	290	14	101	47	57	91	245	18
ARIH2OS	304	11	92	38	30	63	277	20
ARIH2	4622	165	2016	681	402	1032	3535	272
P4HTM	1959	83	838	281	228	375	1929	106
WDR6	5091	87	1490	379	282	626	3544	154
DALRD3	3502	137	1091	401	298	549	3668	167
NDUFAF3	8689	273	2975	985	277	1050	7347	368
IMPDH2	18851	523	5632	1462	953	2385	16478	716
QRICH1	2418	138	822	524	389	721	1874	246
QARS	6105	161	2261	480	395	822	5383	242
USP19	997	27	356	104	93	144	733	38
LAMB2	1201	33	355	141	99	152	1240	31
CCDC71	543	22	230	74	55	92	442	25
KLHDC8B	5145	239	1662	1021	629	1031	6408	286
C3orf84	0	5	0	21	16	5	0	4
CCDC36	2	5	6	24	21	22	8	2
C3orf62	449	19	133	90	66	109	331	25
USP4	1362	90	610	303	238	383	1223	120
RHOA	25621	829	11085	3187	1762	4299	22134	1225
TCTA	367	17	337	89	58	78	318	18
AMT	83	51	44	228	186	323	65	119
NICN1	0	12	1	29	43	54	1	15
DAG1	3349	112	1154	534	315	662	2333	154
BSN	69	6	20	20	37	53	28	14
APEH	2928	92	1051	303	192	369	2225	145
MST1	220	3	124	31	20	28	318	9
RNF123	439	23	165	52	42	72	357	31
AMIGO3	2	0	1	1	0	2	3	0
GMPPB	1336	26	492	104	62	133	1034	32
IP6K1	1992	139	495	618	486	876	1442	247
CDHR4	5	0	0	0	1	1	4	0
INKA1	45	3	24	5	3	11	73	8
UBA7	12	0	7	3	1	1	10	1
TRAIP	1284	38	399	114	65	204	911	60
CAMKV	459	8	195	39	12	47	399	12
MST1R	12	0	8	6	3	7	8	3
MON1A	456	7	132	55	40	54	308	21
RBM6	6638	452	2048	1756	1273	2344	5158	652
RBM5	4189	129	1403	531	385	719	2909	190
SEMA3F	379	24	381	111	40	55	563	22
GNAT1	4	0	1	2	0	0	16	1
SLC38A3	64	1	32	8	6	18	55	4
GNAI2	30552	700	10916	2706	2413	4650	19996	1579
SEMA3B	292	7	108	39	33	20	307	19
LSMEM2	14	0	2	4	7	6	4	2
IFRD2	2699	42	1080	193	120	259	2517	76
HYAL3	350	10	140	41	20	38	289	9
NAA80	422	16	186	59	32	45	455	29
HYAL1	60	4	17	29	12	19	103	5
HYAL2	7988	211	2418	812	432	980	7391	260
TUSC2	4770	118	1537	463	305	584	3811	187
RASSF1	1002	30	427	126	88	164	998	55
ZMYND10	227	5	18	15	42	47	347	6
NPRL2	1551	28	501	130	114	193	1288	64
CYB561D2	1410	42	504	99	84	188	1213	49
TMEM115	2001	49	784	244	155	283	1707	82
CACNA2D2	415	26	294	86	57	97	504	37
C3orf18	347	9	121	30	26	63	301	26
HEMK1	992	14	316	86	66	163	767	37
CISH	117	1	66	14	7	24	114	2
MAPKAPK3	3135	73	1537	363	161	436	2013	136
DOCK3	345	642	153	2059	1564	3032	187	981
MANF	10848	315	4013	1097	752	1231	11717	408
RBM15B	4686	94	1540	353	234	544	3733	134
DCAF1	1222	100	454	412	261	592	811	144
RAD54L2	1872	103	717	474	344	680	1324	152
TEX264	1661	57	487	199	186	261	1588	60
GRM2	34	0	21	4	1	12	22	1
IQCF6	0	0	0	0	0	0	0	0
IQCF3	0	0	0	0	0	0	0	0
IQCF2	0	0	0	0	0	1	0	1
IQCF5	0	0	0	0	0	0	0	0
IQCF1	0	0	0	1	1	0	0	0
RRP9	2441	58	897	216	112	243	1820	67
PARP3	78	2	23	9	4	12	75	5
GPR62	15	1	5	1	1	2	13	0
PCBP4	3041	69	609	259	249	502	2291	132
ABHD14B	316	20	141	30	34	55	398	13
ABHD14A	3253	109	692	286	269	503	2611	135
ACY1	30	17	12	45	26	110	28	31
RPL29	201048	7254	71743	25325	14672	37551	185540	10881
DUSP7	361	9	129	35	12	62	265	14
POC1A	2577	79	873	271	159	390	1720	127
ALAS1	1812	82	525	234	149	307	1536	104
TLR9	0	0	0	0	0	0	0	0
TWF2	2257	61	732	207	99	259	1928	63
PPM1M	102	4	47	14	9	19	141	7
WDR82	4517	129	1415	461	352	812	2859	201
GLYCTK	202	10	112	16	16	25	135	3
DNAH1	29	3	10	24	13	17	29	6
BAP1	1625	41	431	126	66	174	1165	40
PHF7	469	26	223	91	72	100	575	33
SEMA3G	42	2	35	3	2	5	47	0
TNNC1	400	22	180	79	34	48	865	22
NISCH	1841	71	586	326	206	359	1443	99
STAB1	7	0	3	1	1	2	9	1
NT5DC2	24746	442	5565	1237	1162	2125	13102	646
SMIM4	1978	69	1127	328	258	394	2264	100
PBRM1	7099	398	2679	1758	1312	2516	4870	660
GNL3	8145	209	2681	621	393	1064	6304	297
GLT8D1	5221	139	1346	492	386	703	4099	225
SPCS1	25909	697	9141	2655	1694	3253	23855	923
NEK4	1776	92	509	342	259	485	1055	134
ITIH1	2	0	0	1	0	0	1	0
ITIH3	1	0	0	0	0	1	6	0
ITIH4	40	1	14	7	19	22	46	9
MUSTN1	1	16	0	236	34	33	1	11
STIMATE	124	27	55	95	91	162	113	35
SFMBT1	1129	109	208	411	379	825	629	208
RFT1	1907	57	650	189	126	309	1519	88
PRKCD	255	9	142	20	13	37	221	8
TKT	38039	876	13343	2886	1825	4377	28264	1566
DCP1A	2746	133	948	575	344	728	2123	259
CACNA1D	38	7	12	28	20	46	18	9
CHDH	441	8	95	36	18	49	327	11
IL17RB	174	13	21	16	5	21	142	4
ACTR8	1045	33	409	144	109	227	843	50
SELENOK	13757	409	4886	1409	1045	1918	11211	567
CACNA2D3	60	45	37	595	283	262	177	42
LRTM1	27	1	16	27	18	8	90	4
WNT5A	399	24	108	108	133	127	600	44
ERC2	367	295	130	1299	1210	1845	272	518
CCDC66	4903	240	1238	912	662	1180	3211	343
TASOR	3382	142	903	612	489	911	2594	237
ARHGEF3	80	57	62	252	121	145	75	80
SPATA12	12	5	30	24	12	19	23	5
IL17RD	3140	230	981	1090	430	753	3187	298
HESX1	286	21	2342	57	36	112	244	16
APPL1	5326	171	2216	760	478	984	3520	260
ASB14	5	3	1	10	5	12	2	6
DNAH12	10	7	3	24	48	37	8	4
PDE12	1148	32	365	159	98	252	948	53
ARF4	11621	368	4821	1780	1010	2402	10179	628
DENND6A	1118	132	334	366	330	623	796	152
SLMAP	1388	206	584	924	571	1044	1057	314
FLNB	1468	95	627	380	223	413	1015	152
DNASE1L3	1	1	0	2	0	2	2	1
ABHD6	1130	76	268	263	260	391	834	107
RPP14	1402	35	551	136	85	206	1027	60
HTD2	8	0	2	0	0	2	3	1
PXK	625	36	254	159	96	186	479	44
PDHB	7429	169	2635	725	366	820	7176	310
KCTD6	3762	118	904	472	240	530	2824	184
ACOX2	174	14	90	33	13	28	133	8
FAM107A	2197	57	84	183	60	179	1678	158
FAM3D	27	0	4	8	6	1	10	1
C3orf67	760	114	292	755	496	459	438	176
FHIT	744	641	307	1855	1489	3344	731	660
PTPRG	2170	560	1104	2346	1723	3630	1303	824
C3orf14	5876	100	1101	375	502	993	2954	299
FEZF2	13330	207	1872	877	1364	2709	5899	660
CADPS	846	198	273	1024	1502	1790	761	289
SYNPR	77	47	217	156	175	201	25	64
SNTN	20	2	16	13	5	8	16	1
C3orf49	8	5	3	6	9	8	4	2
THOC7	13503	311	3287	1464	1010	1553	10065	523
ATXN7	104	91	24	437	271	584	63	121
PSMD6	8966	233	3320	861	638	1266	6385	321
PRICKLE2	157	57	103	256	504	426	163	117
ADAMTS9	777	105	515	466	473	611	508	162
MAGI1	3262	1022	1039	3372	2507	4949	2315	1370
SLC25A26	2315	141	998	454	320	725	1853	189
LRIG1	1646	119	1152	541	388	869	935	193
KBTBD8	70	3	37	13	6	34	71	5
SUCLG2	4262	268	1034	828	571	985	3585	376
TAFA1	36	41	1	84	302	1025	3	257
TAFA4	145	65	43	124	34	51	177	33
EOGT	170	11	53	28	20	24	272	6
TMF1	2912	141	1204	591	393	648	2766	191
UBA3	2973	162	1174	623	463	804	2340	227
ARL6IP5	6823	342	2571	1248	1031	1633	6758	435
LMOD3	40	2	12	2	5	8	27	3
FRMD4B	2065	196	365	692	556	1323	1312	387
MITF	411	14	1144	60	54	121	77	19
MDFIC2	0	0	0	1	0	1	0	1
FOXP1	5327	898	1843	2740	2507	5223	2716	1349
EIF4E3	618	43	146	143	165	346	332	64
GPR27	1754	28	376	109	108	202	1120	46
PROK2	83	9	33	28	2	6	115	2
RYBP	2105	154	1045	585	436	914	1977	253
SHQ1	917	46	317	219	131	303	711	96
GXYLT2	145	31	212	46	19	56	171	10
PPP4R2	7628	395	2786	1428	1083	2255	6053	584
EBLN2	567	12	161	46	21	50	310	18
PDZRN3	173	135	114	281	88	151	154	124
CNTN3	92	46	21	14	233	186	198	50
FRG2C	3	0	1	1	0	0	1	1
ZNF717	256	48	140	231	281	270	14	120
ROBO2	1025	376	298	1698	1501	3200	477	483
ROBO1	2442	509	1710	1723	1379	3981	1174	1025
GBE1	1066	141	362	418	198	593	1198	241
CADM2	154	201	240	973	926	1458	140	180
VGLL3	254	8	42	26	22	60	137	3
CHMP2B	3927	125	2089	502	321	653	3627	183
POU1F1	0	0	0	0	0	0	0	1
HTR1F	7	1	0	0	0	1	12	0
CGGBP1	5008	374	1684	1300	997	2043	3841	493
ZNF654	654	137	258	613	433	847	632	254
C3orf38	2741	127	867	498	330	757	1918	195
CSNKA2IP	1	0	0	0	1	2	1	0
EPHA3	442	83	37	486	647	1169	144	141
PROS1	515	76	171	138	153	340	609	86
ARL13B	1835	173	586	345	485	1003	1343	276
STX19	11	9	3	21	28	51	8	9
DHFR2	283	9	81	13	14	51	198	7
NSUN3	864	90	304	121	230	513	640	117
MTRNR2L12	938	574	202	2541	1565	3483	667	915
EPHA6	36	29	5	116	145	208	28	66
ARL6	485	42	140	210	162	287	371	71
CRYBG3	598	53	205	133	108	204	573	51
RIOX2	1339	29	277	109	90	155	950	58
GABRR3	0	1	1	0	0	2	0	0
OR5AC2	0	0	0	0	0	0	0	0
OR5H1	0	0	0	0	0	0	0	0
OR5H14	0	0	0	0	1	1	0	1
OR5H15	0	0	0	0	0	0	0	0
OR5H6	0	0	0	0	0	0	0	0
OR5H2	0	0	0	0	0	0	0	0
OR5K4	0	0	0	0	0	0	0	0
OR5K3	1	0	0	0	0	0	0	0
OR5K1	0	0	0	0	0	0	0	0
OR5K2	0	0	0	0	0	0	0	0
CLDND1	3197	117	1243	456	289	675	2481	155
GPR15	0	0	0	0	0	0	0	0
CPOX	1305	30	431	114	96	165	1110	68
ST3GAL6	638	72	192	190	237	422	360	95
DCBLD2	5996	360	2086	1721	1033	2199	4191	585
COL8A1	2	3	8	8	7	11	2	0
CMSS1	7026	390	2128	1336	976	2289	4789	635
FILIP1L	181	146	30	594	426	892	127	215
TBC1D23	1390	94	564	320	220	472	1154	123
NIT2	4145	102	1374	330	267	605	2861	153
TOMM70	1925	101	711	394	293	575	1356	149
LNP1	613	44	230	100	79	199	338	60
TMEM45A	1448	66	658	329	185	316	2783	95
ADGRG7	0	1	0	0	2	2	0	2
TFG	10111	374	3724	1292	824	1970	8600	524
ABI3BP	5	6	0	17	11	20	7	10
IMPG2	13	6	7	23	30	22	4	21
SENP7	1589	219	529	780	735	1327	1129	336
TRMT10C	7565	195	2605	848	536	1262	5717	333
PCNP	11577	385	4423	1532	901	2294	9246	603
ZBTB11	964	60	331	206	125	317	709	91
RPL24	223584	7130	80571	22284	16139	34402	200197	9852
CEP97	1809	123	571	304	282	688	1227	182
NXPE3	816	34	279	122	101	186	669	42
NFKBIZ	72	6	68	24	23	27	83	15
ZPLD1	1	0	1	3	4	3	0	2
ALCAM	551	128	584	1090	285	220	1210	98
CBLB	940	257	451	1101	434	1420	753	362
CCDC54	1	0	0	0	0	0	0	0
BBX	8018	615	2928	2175	911	2970	7132	831
CD47	3977	230	1334	958	764	1137	3542	303
IFT57	11769	432	4358	1570	1286	2002	9055	594
HHLA2	2	0	1	2	0	0	0	0
MYH15	24	2	27	13	7	6	14	2
CIP2A	3704	167	1253	609	367	914	2361	228
DZIP3	3163	240	1398	689	451	1083	2521	362
RETNLB	0	0	0	0	0	0	0	0
TRAT1	0	1	0	0	0	1	4	0
GUCA1C	0	0	0	0	0	0	0	0
MORC1	0	0	1	0	1	0	0	0
C3orf85	0	0	1	0	0	2	1	1
DPPA2	74	3	85	16	6	16	117	9
DPPA4	7721	146	4722	781	292	860	6584	214
NECTIN3	4301	220	1342	825	554	1684	2223	315
CD96	10	7	1	20	9	14	6	7
ZBED2	0	0	1	0	0	0	0	0
PLCXD2	95	18	33	58	49	76	64	23
PHLDB2	841	45	148	131	92	164	901	54
ABHD10	1874	83	620	265	217	388	1309	117
TAGLN3	2301	82	577	267	294	411	1645	137
TMPRSS7	2	3	1	16	17	5	10	1
C3orf52	141	10	72	24	11	14	188	9
GCSAM	0	1	0	0	0	0	0	0
SLC9C1	4	14	1	33	20	34	9	15
CD200	2085	107	902	282	274	515	2144	160
BTLA	1	0	0	0	1	0	1	1
ATG3	3682	118	1423	427	278	576	3054	171
SLC35A5	1305	72	490	289	197	436	1120	90
CCDC80	1007	59	374	408	150	189	2945	118
CD200R1L	1	0	0	5	3	0	0	1
CD200R1	10	2	1	8	7	2	4	2
GTPBP8	2601	77	914	326	196	518	1772	147
NEPRO	2678	97	883	454	272	689	2122	172
BOC	4390	279	843	1287	569	1247	4279	414
CFAP44	271	52	50	350	261	433	187	104
SPICE1	958	124	316	465	325	644	835	152
SIDT1	2	2	0	6	7	7	1	1
USF3	1399	93	392	314	220	443	979	120
NAA50	5752	208	2246	842	445	1374	3985	420
ATP6V1A	1860	114	1269	435	307	590	1602	132
GRAMD1C	533	52	85	103	146	299	204	79
ZDHHC23	129	8	58	17	14	18	198	4
CCDC191	1140	102	285	481	438	669	1032	180
QTRT2	1775	46	512	285	174	434	1131	88
DRD3	0	4	0	2	0	4	0	1
ZNF80	2	1	0	0	0	1	0	0
TIGIT	3	0	0	0	0	4	2	0
ZBTB20	2947	564	351	1530	1345	2525	1485	754
GAP43	2221	155	913	912	798	633	5483	127
LSAMP	2569	1303	960	6701	5991	7044	2604	2031
IGSF11	56	14	51	58	71	69	21	17
TEX55	0	0	0	1	3	2	1	0
UPK1B	15	2	1	4	11	6	10	1
B4GALT4	1641	50	1171	244	195	311	1583	80
ARHGAP31	131	34	12	69	90	117	89	41
TMEM39A	978	77	457	298	147	359	914	103
POGLUT1	1887	58	685	211	185	387	1260	102
TIMMDC1	6018	188	2442	682	473	960	4587	314
CD80	2	1	0	3	2	3	2	1
ADPRH	78	1	25	6	4	6	65	1
PLA1A	0	0	0	0	0	0	0	0
POPDC2	64	1	35	4	6	11	26	1
COX17	7005	216	2812	859	511	1094	5393	327
MAATS1	859	86	155	333	354	788	460	194
NR1I2	20	0	12	5	6	4	15	7
GSK3B	3829	500	1664	1774	1348	2937	2940	852
GPR156	28	31	9	158	103	144	30	65
LRRC58	2758	90	1065	303	216	418	1770	120
FSTL1	3093	146	2847	446	210	601	3882	140
NDUFB4	19611	605	7175	2315	1471	3128	16668	919
HGD	5	3	0	2	2	2	9	3
RABL3	1000	75	363	222	165	384	766	98
GTF2E1	1389	50	620	204	114	302	1358	64
STXBP5L	137	83	17	422	499	590	96	209
POLQ	1222	130	394	565	420	1060	744	283
ARGFX	2	0	0	1	2	1	3	1
FBXO40	0	0	0	1	0	0	0	0
HCLS1	5	1	11	5	4	5	5	3
GOLGB1	10038	443	4319	2010	1056	2300	8963	674
IQCB1	3753	218	1246	907	656	1377	2752	369
EAF2	478	26	149	87	59	137	393	44
SLC15A2	68	5	23	22	23	37	54	10
ILDR1	5	0	9	1	1	0	9	2
CD86	2	0	1	0	1	0	1	0
CASR	1	2	0	8	2	0	5	0
CSTA	6	2	2	0	0	2	0	0
CCDC58	3535	112	1662	378	253	810	2669	141
FAM162A	15385	425	5484	1702	867	1701	25723	712
WDR5B	309	13	93	34	39	66	210	9
KPNA1	2334	227	846	840	548	1025	1820	297
PARP9	59	8	35	8	18	16	62	5
DTX3L	61	1	51	5	12	13	51	0
PARP15	2	2	1	5	3	2	5	0
PARP14	737	49	179	79	104	161	629	60
HSPBAP1	622	44	263	148	97	284	462	87
SLC49A4	930	97	346	336	289	566	683	133
SEMA5B	610	44	102	132	171	229	405	57
PDIA5	472	42	149	107	65	121	484	58
SEC22A	972	169	287	465	338	697	698	180
ADCY5	60	25	55	69	47	88	116	20
HACD2	1640	75	578	256	171	408	1120	120
MYLK	1134	107	668	539	249	576	715	159
CCDC14	6928	390	1847	1162	1016	2290	4207	503
ROPN1	11	4	3	1	1	1	19	0
KALRN	448	294	150	1182	1187	1628	279	429
UMPS	4315	115	1191	496	371	736	2667	200
ITGB5	1361	32	1223	265	101	129	1642	65
MUC13	0	1	0	0	3	1	0	0
HEG1	939	80	366	244	189	304	568	98
SLC12A8	207	26	94	71	89	215	168	40
ZNF148	4142	475	1390	1866	1354	2401	3136	676
SNX4	2819	182	1107	718	464	951	2148	193
OSBPL11	2206	114	806	571	390	613	1980	162
ALG1L	173	7	34	18	26	32	84	7
ROPN1B	7	0	1	2	4	2	6	3
SLC41A3	1532	58	581	211	150	239	1208	64
ALDH1L1	13	2	5	5	0	4	15	2
KLF15	391	15	100	27	11	29	202	10
CFAP100	40	29	8	67	75	97	73	28
ZXDC	737	84	259	332	263	545	555	137
UROC1	2	0	0	4	0	3	0	0
CHST13	23	0	19	2	1	2	51	1
C3orf22	1	0	0	4	2	3	2	3
AC024558.2	1	21	0	101	63	114	0	33
TXNRD3	270	26	79	81	55	98	218	29
CHCHD6	4912	202	1678	766	456	1102	3578	309
PLXNA1	1431	27	491	155	98	205	817	74
C3orf56	0	0	0	0	0	0	0	0
PRR20G	1	0	5	0	0	0	1	0
TPRA1	1016	21	406	151	81	136	665	29
MCM2	5040	107	992	322	222	611	2752	172
PODXL2	5376	100	678	265	358	555	3327	159
ABTB1	87	4	76	10	11	25	129	4
MGLL	14	24	13	78	32	93	25	28
KBTBD12	0	6	6	24	2	16	14	11
SEC61A1	2551	77	1036	312	157	336	2065	87
RUVBL1	13611	309	3478	1312	861	1858	10003	511
EEFSEC	1179	93	302	271	171	373	891	107
DNAJB8	0	0	0	0	0	0	0	0
GATA2	41	8	20	3	2	1	84	0
RPN1	4111	118	1598	462	315	527	3847	161
RAB7A	5384	339	2739	1227	731	1494	4846	429
ACAD9	1493	58	399	229	123	295	1156	83
KIAA1257	1141	109	259	341	234	255	979	110
EFCC1	530	39	96	70	39	26	723	26
GP9	1	0	0	0	0	0	0	0
RAB43	1	13	2	50	21	55	2	13
ISY1	1577	107	637	381	249	527	1412	151
CNBP	33083	957	10266	2993	2059	5152	25850	1446
COPG1	1601	45	704	217	132	201	1755	69
HMCES	3316	80	891	391	256	476	2298	146
H1FX	64049	1485	12378	4857	4123	9353	45231	2352
EFCAB12	154	14	7	19	17	31	117	10
MBD4	4387	137	1458	516	359	779	3683	217
IFT122	1512	102	323	271	271	465	1005	112
RHO	1	0	0	0	0	0	1	0
H1FOO	0	0	0	0	0	0	1	0
PLXND1	239	8	120	25	10	35	209	6
TMCC1	1392	354	524	1222	937	1787	1027	475
TRH	1151	20	26	108	92	39	1682	39
ALG1L2	175	13	54	53	50	60	112	21
COL6A5	0	0	0	0	0	0	2	0
COL6A6	4	5	0	9	10	19	11	1
PIK3R4	784	75	253	255	157	378	570	97
ATP2C1	2231	165	927	495	445	932	1854	207
ASTE1	538	20	166	89	72	114	450	32
NEK11	447	88	129	308	246	431	506	105
NUDT16	2851	91	877	316	175	350	2280	99
MRPL3	14465	408	4509	1541	838	1981	12365	594
CPNE4	13	18	16	115	28	33	53	10
ACPP	24	0	11	2	4	4	15	2
DNAJC13	928	85	414	426	271	541	690	132
ACAD11	103	120	26	282	173	390	73	270
ACKR4	7	5	1	13	20	31	7	10
UBA5	3272	128	1052	446	326	718	2620	203
NPHP3	805	74	378	243	202	386	728	108
TMEM108	494	122	190	541	275	618	357	208
BFSP2	34	1	21	9	3	4	114	2
CDV3	12412	296	5204	1303	709	1946	9957	466
TOPBP1	3676	162	1095	782	505	1093	2570	276
TF	40	2	11	15	8	17	33	6
SRPRB	2717	57	1062	264	143	407	2198	106
RAB6B	1207	35	458	174	181	330	936	66
SLCO2A1	30	6	12	15	7	12	55	7
RYK	4862	269	1615	1169	748	1530	3725	453
AMOTL2	1438	55	400	318	174	342	1370	78
ANAPC13	5808	254	2071	685	772	1272	5482	425
CEP63	2727	116	790	486	333	657	2227	204
EPHB1	393	120	240	713	293	521	1096	154
KY	4	0	5	12	5	5	4	2
PPP2R3A	1735	243	646	1087	909	1430	1307	345
MSL2	840	71	289	273	236	427	566	131
PCCB	2978	146	950	517	355	654	2601	220
STAG1	3212	744	797	3149	2293	4435	1988	1204
SLC35G2	430	73	74	221	140	202	553	99
NCK1	3269	208	929	655	380	793	3130	252
IL20RB	51	10	21	50	34	58	54	34
SOX14	3	0	2	0	2	2	14	0
CLDN18	10	3	1	3	9	30	5	4
DZIP1L	555	37	152	179	153	327	545	80
A4GNT	0	0	0	0	0	0	0	0
DBR1	1450	42	411	171	131	281	1087	85
ARMC8	2529	197	774	789	568	1092	1939	310
NME9	73	28	17	131	87	131	76	54
MRAS	826	44	318	156	146	266	730	45
ESYT3	26	0	20	5	11	12	26	4
CEP70	2525	177	600	412	409	839	1681	243
FAIM	1259	28	477	170	131	300	894	58
PIK3CB	478	107	228	363	262	391	476	106
FOXL2	3	0	5	0	2	1	7	0
FOXL2NB	2	1	2	0	0	1	3	0
PRR23A	0	0	0	0	0	0	0	0
MRPS22	5028	151	1541	580	361	744	3878	228
PRR23B	0	0	0	0	0	0	0	0
PRR23C	0	0	0	1	0	0	0	0
COPB2	6171	320	2582	1249	694	1282	5695	342
RBP2	7	10	0	20	23	36	3	12
RBP1	4240	245	5221	984	443	724	8067	291
NMNAT3	182	8	48	84	94	143	139	26
CLSTN2	54	43	80	152	139	101	143	24
TRIM42	0	0	0	0	0	0	0	0
SLC25A36	6268	264	2390	985	648	1692	5916	468
SPSB4	743	46	223	247	188	319	666	72
PXYLP1	1054	68	258	266	229	357	758	79
ZBTB38	1307	57	635	306	199	325	968	66
RASA2	1569	202	518	841	641	1188	1069	406
RNF7	17210	626	6529	2452	1654	2838	15341	823
GRK7	3	2	0	8	3	11	1	2
ATP1B3	17264	711	5429	2466	1412	2513	14895	799
TFDP2	8231	561	3243	1870	1604	3458	6163	848
GK5	1220	54	449	218	175	302	892	82
XRN1	1387	240	588	913	713	1287	1235	315
ATR	2057	192	544	718	468	1051	1442	285
PLS1	556	50	205	142	82	225	458	70
TRPC1	450	222	249	770	542	1072	414	304
PCOLCE2	1355	33	299	98	93	340	1029	67
PAQR9	123	2	29	10	7	20	127	4
U2SURP	18104	544	4773	2217	1395	3710	12747	1006
CHST2	1757	48	214	93	51	207	1598	65
SLC9A9	50	22	24	37	49	56	38	27
DIPK2A	2195	118	463	706	661	1171	1452	310
PLOD2	1343	58	365	199	150	381	1853	87
PLSCR4	61	18	11	58	90	86	84	11
PLSCR2	6	1	4	4	12	14	26	2
PLSCR1	1632	50	525	144	102	128	755	66
PLSCR5	3	0	1	0	0	1	8	1
ZIC4	2056	302	98	897	393	425	3088	180
ZIC1	10148	1013	619	3037	1244	1761	10397	665
AGTR1	5	0	1	6	1	2	7	0
CPB1	0	0	0	0	0	1	0	0
CPA3	0	0	0	1	0	0	0	0
GYG1	1487	40	894	177	137	226	1148	70
HLTF	5617	293	1562	876	684	1287	4876	493
HPS3	1022	49	374	244	163	307	783	82
CP	23	2	9	8	8	17	16	1
TM4SF18	22	0	25	9	1	2	46	0
TM4SF1	24	0	17	12	1	4	65	2
TM4SF4	0	0	1	1	1	0	2	0
WWTR1	817	84	305	312	187	236	950	85
COMMD2	6844	251	2271	817	589	1259	5307	333
ANKUB1	0	110	0	596	593	905	0	320
RNF13	2362	188	857	636	513	894	1806	304
PFN2	17784	565	5385	1877	1394	2701	15534	757
TSC22D2	1562	118	697	631	379	741	1014	258
SERP1	12133	409	4324	1565	1048	2017	10566	476
EIF2A	5147	234	1780	660	431	1006	4257	270
SELENOT	5021	176	1924	691	426	913	4365	260
ERICH6	4	2	3	12	17	15	7	7
SIAH2	872	15	237	77	73	99	564	30
MINDY4B	1	0	6	1	2	3	1	1
CLRN1	25	1	63	2	2	5	5	5
MED12L	740	220	419	1157	677	1330	421	421
GPR171	98	9	21	22	14	26	40	10
P2RY14	10	58	4	337	177	355	5	105
GPR87	2	3	2	16	1	9	2	2
P2RY13	19	0	3	4	1	4	9	0
P2RY12	0	6	0	43	33	31	0	9
IGSF10	493	17	288	95	63	125	333	29
AADACL2	0	0	0	0	0	0	0	0
AADAC	1	0	0	1	0	0	0	0
SUCNR1	1	0	0	0	0	1	1	0
MBNL1	972	146	224	534	468	1189	496	265
P2RY1	254	8	59	17	14	58	154	8
RAP2B	3089	89	1393	266	147	609	2228	139
ARHGEF26	54	102	14	244	238	363	28	142
DHX36	9305	360	3493	1471	1028	2195	7356	580
GPR149	0	3	0	0	0	4	1	1
MME	84	4	38	27	6	24	66	6
STRIT1	11	0	4	1	3	4	8	1
PLCH1	2934	701	1261	2945	1714	3696	1672	941
C3orf33	477	80	204	224	214	281	445	58
SLC33A1	630	69	328	251	168	360	565	81
GMPS	9995	576	2748	2153	1160	2345	7514	790
KCNAB1	36	1	29	11	6	11	26	1
SSR3	10984	384	5115	1540	904	2192	10613	506
TIPARP	589	52	335	189	134	283	691	82
LEKR1	38	68	8	90	98	97	77	53
CCNL1	4838	154	1462	607	418	884	3398	287
VEPH1	2141	77	219	622	744	1562	388	275
PTX3	1737	45	427	336	95	211	1157	47
SLC66A1L	43	3	9	10	5	21	28	3
SHOX2	9	2	10	4	3	8	38	0
RSRC1	5671	441	1856	1521	942	2118	3993	652
MLF1	5243	211	1217	919	668	891	5998	270
GFM1	1837	77	596	283	146	401	1352	64
LXN	904	31	378	118	124	197	777	41
RARRES1	234	22	28	71	62	112	313	46
MFSD1	447	19	222	125	89	148	439	46
IQCJ-SCHIP1	47	49	20	278	74	120	33	39
IQCJ	1	0	2	0	0	0	2	0
SCHIP1	252	6	100	39	13	38	115	8
IL12A	57	0	10	7	7	6	31	2
C3orf80	19	0	9	7	1	1	22	0
IFT80	1396	217	439	635	500	1034	892	289
SMC4	18799	572	4858	2372	1562	3791	10117	1316
TRIM59	2292	183	567	591	404	1061	1502	311
KPNA4	5864	321	2094	1390	892	1850	4442	533
ARL14	0	0	0	0	0	0	0	0
PPM1L	769	218	311	798	771	1640	397	381
B3GALNT1	1258	44	372	179	137	237	1042	69
NMD3	1678	99	678	384	231	444	1374	141
SPTSSB	20	0	33	7	6	10	25	0
OTOL1	0	0	0	0	0	0	0	0
SI	0	0	0	1	0	0	0	0
SLITRK3	127	2	21	18	15	14	98	1
BCHE	515	31	96	92	32	63	510	20
ZBBX	216	46	57	127	84	134	246	35
SERPINI2	13	21	1	86	69	101	15	32
WDR49	207	87	7	425	278	477	193	99
PDCD10	5325	189	2102	778	511	1063	4333	272
SERPINI1	227	13	163	38	22	73	364	20
GOLIM4	4907	140	1724	534	407	996	3813	220
MECOM	3270	1185	294	5833	3104	6539	1866	2169
ACTRT3	136	5	63	24	15	28	188	7
MYNN	1033	48	331	191	151	314	726	83
LRRC34	1084	58	374	202	143	272	997	74
LRRIQ4	2	0	1	5	5	7	3	6
LRRC31	2	0	1	1	4	0	0	0
SAMD7	0	0	0	0	0	1	1	0
SEC62	11089	482	4031	1922	1508	2847	8773	665
GPR160	186	12	345	62	36	30	282	8
PHC3	1098	206	418	722	595	1061	780	269
PRKCI	2138	146	948	627	387	827	1751	233
SKIL	3753	147	1920	689	312	443	3735	260
CLDN11	402	16	113	95	25	57	565	13
SLC7A14	3	1	4	4	0	1	3	0
RPL22L1	19003	562	7165	1960	1126	2356	13139	718
EIF5A2	557	24	227	128	63	123	507	27
SLC2A2	0	1	1	5	0	0	13	0
TNIK	728	135	134	661	473	537	1224	144
PLD1	26	13	25	50	17	18	42	11
TMEM212	1	3	0	0	1	0	0	0
FNDC3B	1440	441	572	2034	822	1412	1427	551
GHSR	1	0	0	0	0	0	0	0
TNFSF10	14	1	1	1	1	0	18	1
NCEH1	203	35	84	107	46	97	130	29
ECT2	5726	314	1791	1160	739	1863	3745	515
SPATA16	13	1	3	2	4	3	15	1
NLGN1	1369	1103	211	4654	3147	6754	800	1690
NAALADL2	139	316	38	1383	1121	1677	129	375
TBL1XR1	5737	489	2512	1944	1356	3342	4317	948
KCNMB2	7	21	2	377	317	88	3	44
ZMAT3	1809	117	963	432	93	397	1258	165
PIK3CA	791	109	316	411	291	638	578	181
KCNMB3	86	25	43	92	91	148	125	25
ZNF639	2353	65	802	265	191	483	1571	129
MFN1	1508	135	599	438	249	571	1148	168
GNB4	1889	101	617	359	174	288	1580	80
ACTL6A	9340	250	2692	874	599	1510	6445	390
MRPL47	12043	369	4023	1328	837	1816	9908	557
NDUFB5	11569	348	4931	1249	885	1784	10810	487
USP13	1714	128	575	425	283	633	1334	203
PEX5L	30	11	27	52	62	89	17	30
TTC14	3616	132	1517	490	348	788	2992	146
CCDC39	117	9	58	31	22	47	132	14
FXR1	14156	722	5352	2507	1476	3277	13698	832
DNAJC19	9368	301	3447	1184	806	1659	7606	456
SOX2	50957	855	12979	2513	3277	6769	25443	1779
ATP11B	787	129	302	525	420	752	542	217
DCUN1D1	1788	139	759	506	405	761	1351	205
MCCC1	1328	100	374	328	261	461	907	132
LAMP3	6	0	3	1	0	3	8	1
MCF2L2	124	63	92	164	125	192	144	57
B3GNT5	1148	70	208	239	211	361	721	117
KLHL6	5	3	6	1	1	2	6	2
KLHL24	1324	114	767	356	323	612	1310	144
YEATS2	1940	288	601	997	842	1388	1447	419
MAP6D1	1	3	1	10	10	44	1	12
PARL	5401	200	1858	749	486	1032	4296	255
ABCC5	1473	74	596	272	206	414	955	114
HTR3D	0	1	0	0	0	0	0	0
HTR3C	3	0	1	0	1	0	1	0
HTR3E	1	1	1	8	4	5	4	6
EIF2B5	2339	45	721	207	134	303	1658	76
DVL3	2099	59	774	241	198	387	1600	87
AP2M1	19393	462	7405	1857	1283	2431	17094	656
ABCF3	1047	27	371	83	59	118	854	34
VWA5B2	1	0	3	1	1	0	1	0
ALG3	3343	88	1197	305	201	384	2952	130
EEF1AKMT4	839	21	500	87	67	135	1007	40
CAMK2N2	312	1	212	11	16	16	205	13
ECE2	0	0	0	0	4	3	0	1
PSMD2	18509	357	5767	1617	997	2035	15074	674
EIF4G1	7919	143	2628	641	360	810	5152	197
FAM131A	1210	48	374	133	78	227	905	57
CLCN2	417	9	174	40	34	86	331	18
POLR2H	10712	308	3003	869	545	1288	9156	399
THPO	34	0	33	6	1	3	38	3
CHRD	66	1	39	4	6	11	86	3
EPHB3	602	13	192	40	40	85	497	29
MAGEF1	9148	278	3088	965	687	1162	8272	356
VPS8	1123	160	491	554	426	719	854	214
C3orf70	742	23	61	134	75	154	343	38
EHHADH	43	14	80	48	32	99	45	24
MAP3K13	3521	314	2268	1314	825	1895	2559	493
TMEM41A	1670	42	566	138	98	203	1565	64
LIPH	5	4	1	3	1	1	7	0
SENP2	1495	109	728	460	334	635	1424	146
IGF2BP2	12371	1035	4076	3413	2756	5588	8936	1606
TRA2B	20586	374	3971	1449	1106	2573	14377	931
ETV5	3010	81	1116	770	175	477	1602	180
DGKG	46	43	13	357	172	259	75	54
CRYGS	55	11	30	62	53	42	160	6
TBCCD1	522	37	188	131	87	140	336	44
DNAJB11	4904	187	1923	765	423	801	4582	218
AHSG	72	8	22	27	23	39	82	13
FETUB	0	0	0	0	1	1	0	0
HRG	0	0	0	0	0	0	1	0
KNG1	1	0	1	0	0	0	0	0
EIF4A2	20853	906	11058	2779	2260	3724	24617	1008
RFC4	10211	268	2637	949	625	1462	6548	403
ADIPOQ	0	0	1	0	0	0	1	0
ST6GAL1	1062	161	479	596	271	705	897	202
RPL39L	10351	130	3111	1046	663	1124	8836	272
RTP1	38	0	38	13	1	4	41	2
MASP1	806	8	34	24	150	131	88	36
RTP4	0	0	0	0	0	0	0	0
SST	193	26	64	95	98	180	205	45
RTP2	0	0	0	0	0	0	0	0
BCL6	148	17	67	123	55	157	138	20
AC072022.2	18	1	2	9	4	17	9	1
LPP	2279	631	1379	2904	1914	3369	1931	818
TPRG1	15	24	4	153	72	46	19	25
TP63	2	0	4	7	4	6	0	1
P3H2	474	122	414	467	262	560	642	92
CLDN1	310	149	258	436	147	183	526	49
CLDN16	4	19	1	42	11	9	17	3
TMEM207	0	0	0	0	4	2	1	0
IL1RAP	43	10	18	63	20	21	29	3
GMNC	42	110	1	136	205	332	94	116
OSTN	6	5	5	22	49	24	20	4
UTS2B	4	1	4	8	6	6	8	0
CCDC50	4819	213	1770	986	546	1298	3631	304
PYDC2	1	0	0	0	0	0	0	0
FGF12	609	193	77	776	225	377	809	217
MB21D2	435	53	184	254	146	331	382	105
PLAAT1	469	23	209	91	38	59	461	33
ATP13A5	0	0	1	2	0	2	0	2
ATP13A4	13	5	8	6	15	24	6	4
OPA1	2348	213	979	778	467	1010	1784	266
HES1	20935	447	3837	3183	4488	4123	19383	570
CPN2	1	1	1	0	0	1	2	1
LRRC15	0	0	0	1	0	0	0	0
GP5	0	0	1	0	0	0	1	0
ATP13A3	2096	167	896	657	455	1022	1532	267
TMEM44	1326	46	386	133	126	267	933	70
LSG1	2068	66	832	256	173	418	1554	104
FAM43A	356	13	137	40	74	42	546	20
XXYLT1	4017	169	1159	663	434	939	2856	312
ACAP2	2934	297	1144	1206	755	1486	2308	436
PPP1R2	3477	154	1184	560	440	723	2973	210
APOD	1	0	2	3	2	2	1	0
MUC20	6	9	2	14	17	42	7	10
MUC4	0	2	0	2	4	13	1	4
TNK2	471	21	206	66	50	131	277	28
TFRC	1218	59	396	190	157	412	989	112
ZDHHC19	41	3	15	22	9	28	76	4
SLC51A	22	5	13	14	17	30	38	12
PCYT1A	784	46	334	188	133	247	632	69
TCTEX1D2	11509	492	1956	2040	1480	2750	7781	675
TM4SF19	2	1	0	5	2	2	1	1
UBXN7	3920	154	1399	695	493	1194	2779	296
RNF168	3682	146	1120	556	349	803	2270	216
SMCO1	1	1	1	2	0	0	1	0
WDR53	646	42	230	142	78	182	573	52
FBXO45	1774	46	674	216	120	316	1370	81
NRROS	53	0	25	5	4	5	69	1
PIGX	4147	100	1342	467	370	629	2183	142
CEP19	1411	49	517	191	154	212	1096	60
PAK2	11183	438	3594	1876	1397	3119	8005	741
SENP5	2131	205	837	819	481	1033	1517	259
NCBP2	11322	253	3336	823	646	1848	8037	486
NCBP2AS2	6535	175	2354	719	493	918	5501	264
PIGZ	123	6	27	84	53	31	77	1
MELTF	253	13	65	34	16	41	203	13
DLG1	4679	683	1561	2470	1676	3097	3061	1047
BDH1	21	22	9	74	77	172	19	39
RUBCN	487	37	195	111	114	174	379	39
FYTTD1	2602	120	981	462	356	746	1825	163
LRCH3	2117	218	692	851	590	1000	1513	318
IQCG	1024	66	272	393	313	598	1226	135
RPL35A	215290	6248	78649	22376	16731	33403	177115	8872
LMLN	755	43	203	124	96	223	538	50
ZNF595	523	42	293	93	62	289	771	73
ZNF718	1280	143	137	694	638	1230	488	352
ZNF732	8	35	255	295	70	455	254	127
ZNF141	2483	129	757	494	372	735	1719	165
ZNF721	3506	360	1052	1313	1094	1958	2623	545
PIGG	654	41	228	168	93	196	548	52
TMEM271	9	0	5	2	3	0	2	0
PDE6B	570	33	500	110	105	224	730	53
ATP5ME	27247	576	10623	2449	1462	2956	21880	814
MYL5	327	8	169	51	44	39	347	15
SLC49A3	65	1	45	12	4	7	99	2
PCGF3	1653	98	715	399	247	456	1415	133
CPLX1	38	1	8	3	7	19	107	5
GAK	1395	56	446	211	142	238	938	76
TMEM175	407	20	205	74	50	66	374	21
DGKQ	241	17	106	28	25	36	176	15
SLC26A1	42	0	13	1	5	5	20	0
IDUA	115	5	90	13	15	22	157	5
FGFRL1	1398	21	546	63	56	213	455	41
RNF212	150	23	74	72	36	57	348	20
SPON2	72	9	48	22	22	33	178	10
CTBP1	4695	113	1689	407	327	579	3372	174
MAEA	3881	109	1567	474	259	580	3170	174
UVSSA	503	42	233	105	66	133	453	37
CRIPAK	235	7	140	8	11	28	192	8
NKX1-1	0	0	0	0	0	0	3	0
FAM53A	159	14	26	42	28	41	92	20
SLBP	6656	158	2107	720	507	987	4719	286
TACC3	6554	155	1877	592	348	876	4341	228
TMEM129	1292	40	560	88	68	126	1223	43
FGFR3	789	17	266	122	135	102	515	31
LETM1	2136	53	676	198	121	241	1589	77
NSD2	9177	588	2422	2513	1563	3028	5660	956
NELFA	2638	127	903	434	303	656	2058	174
C4orf48	24605	687	4959	2758	2215	3454	17885	964
NAT8L	1133	13	144	46	56	109	611	24
POLN	40	0	27	4	5	13	35	1
HAUS3	1407	32	460	165	107	288	968	62
MXD4	4919	150	2135	583	452	921	3379	241
ZFYVE28	25	6	16	11	10	20	22	2
CFAP99	4	0	1	6	6	1	12	0
RNF4	1888	124	689	418	298	587	1539	208
FAM193A	2051	173	563	694	569	877	1301	289
TNIP2	1860	51	616	166	121	231	1553	75
SH3BP2	600	28	228	95	65	125	599	37
ADD1	4766	251	1708	985	694	1303	3730	319
MFSD10	6676	178	1830	527	434	827	5587	197
NOP14	2701	62	1042	304	195	475	2043	129
GRK4	294	42	117	116	102	225	269	44
HTT	1943	177	792	758	517	941	1392	305
MSANTD1	9	1	5	11	7	8	14	4
RGS12	2390	133	615	558	401	780	1281	195
HGFAC	21	0	5	0	0	3	9	0
DOK7	22	0	10	6	6	3	38	4
LRPAP1	7977	311	3679	1273	607	1244	7035	448
ADRA2C	1206	20	380	54	25	43	790	14
OTOP1	0	0	0	0	1	0	0	0
TMEM128	2120	97	747	243	187	305	1552	76
LYAR	5166	96	1617	361	221	503	3413	192
ZBTB49	310	12	109	57	47	82	203	21
NSG1	1048	50	199	52	236	701	1037	83
STX18	2675	152	786	656	407	691	2428	191
MSX1	1839	288	333	679	262	121	9114	68
CYTL1	114	2	52	6	5	11	245	6
STK32B	32	4	20	34	46	24	26	14
EVC2	304	18	91	132	80	111	298	27
EVC	108	17	33	103	83	104	111	35
CRMP1	5154	107	1383	428	726	1879	2283	408
C4orf50	3	0	0	2	2	3	3	0
JAKMIP1	70	0	31	2	2	4	90	0
AC092442.1	0	0	0	0	0	0	0	0
WFS1	753	17	256	57	47	76	622	30
PPP2R2C	34	3	46	7	4	4	38	5
MAN2B2	288	10	129	54	49	75	264	14
MRFAP1	19056	481	6700	1899	1216	2482	16643	702
AC093323.1	1521	25	421	112	84	271	1112	69
S100P	3	0	0	0	2	0	5	1
MRFAP1L1	3363	112	1198	458	294	775	2586	145
BLOC1S4	4423	124	1646	495	323	600	3739	158
KIAA0232	3756	361	1317	1421	965	1736	2787	473
TBC1D14	1593	89	591	324	262	497	1218	128
CCDC96	536	9	74	86	77	85	503	20
TADA2B	746	23	218	85	64	159	610	40
GRPEL1	3342	79	1095	299	190	405	3460	127
SORCS2	808	206	348	661	468	494	577	313
PSAPL1	6	0	2	0	0	0	4	1
AFAP1	309	31	142	140	141	199	343	51
ABLIM2	115	6	39	39	39	65	79	12
SH3TC1	3	0	2	1	0	1	1	0
HTRA3	124	6	90	11	12	13	165	6
ACOX3	564	35	154	130	82	137	457	65
TRMT44	386	31	143	100	83	169	382	48
GPR78	1	0	1	1	0	2	0	2
CPZ	5	0	3	0	0	1	10	2
HMX1	208	2	163	2	5	5	33	2
FAM90A26	0	0	1	1	1	1	0	0
USP17L10	0	0	0	0	0	0	0	0
USP17L11	0	0	0	0	0	0	0	0
USP17L12	0	0	0	0	0	0	0	0
USP17L13	0	0	0	0	0	0	0	0
USP17L15	0	0	0	0	0	0	0	0
USP17L17	0	0	0	0	0	0	0	0
USP17L18	0	0	0	0	0	0	0	0
USP17L19	0	0	0	0	0	0	0	0
USP17L20	0	0	0	0	0	0	0	0
USP17L21	0	0	0	0	0	0	0	0
USP17L22	0	0	0	0	0	0	0	0
USP17L23	0	0	0	0	0	0	0	0
USP17L24	0	0	0	0	0	0	0	0
USP17L25	0	0	0	0	0	0	0	0
USP17L26	0	0	0	0	0	0	0	0
USP17L5	0	0	0	0	0	0	0	0
USP17L27	0	0	0	0	0	0	0	0
USP17L28	0	0	0	0	0	0	0	0
USP17L29	0	0	0	0	0	0	0	0
USP17L30	0	0	0	0	0	0	0	0
DEFB131A	1	0	0	0	1	0	0	0
SLC2A9	2	0	2	5	8	9	6	3
DRD5	1	0	3	0	0	1	5	0
WDR1	4633	118	2717	695	361	770	3887	194
ZNF518B	1994	78	609	351	255	477	1308	140
CLNK	3	1	0	5	6	0	2	1
HS3ST1	164	6	47	28	15	13	214	4
RAB28	3362	301	1187	1285	902	1770	2475	494
NKX3-2	5	0	4	0	0	0	7	0
BOD1L1	8516	294	3093	1176	790	1606	7812	471
CPEB2	63	16	43	108	86	52	105	20
C1QTNF7	9	8	5	11	13	33	14	6
CC2D2A	1762	134	374	408	378	629	1357	167
FBXL5	1939	364	744	1346	853	1854	1278	599
FAM200B	4068	198	1685	685	528	862	3527	290
BST1	105	4	90	17	10	18	151	7
CD38	4	0	8	7	0	3	3	0
FGFBP1	3	0	2	1	0	0	17	0
FGFBP2	4	0	0	0	1	1	2	0
PROM1	1511	76	226	308	309	675	789	152
TAPT1	583	53	169	190	148	297	424	71
LDB2	1219	157	370	361	755	1603	1172	297
QDPR	4733	133	1267	616	394	905	3852	208
CLRN2	0	0	0	0	0	0	0	0
LAP3	3162	103	1484	404	217	513	3042	130
MED28	11146	343	3918	1185	878	1998	9481	496
FAM184B	1629	53	301	166	109	178	201	69
DCAF16	2047	113	744	346	258	685	1565	171
NCAPG	7455	209	1819	752	492	1442	4681	475
LCORL	3080	611	940	1836	1487	2945	2613	896
SLIT2	4213	1824	636	7115	8677	8743	5086	2916
PACRGL	1711	118	355	399	262	658	1120	198
KCNIP4	60	77	84	185	259	295	65	64
ADGRA3	2615	320	723	1144	788	1921	1654	562
PPARGC1A	92	13	61	103	44	64	64	9
DHX15	7837	292	2586	1120	727	1743	5423	490
SOD3	79	4	66	21	15	13	257	6
CCDC149	566	47	136	134	100	166	434	44
LGI2	326	21	41	61	32	56	349	15
SEPSECS	487	38	108	125	98	218	362	45
PI4K2B	597	55	192	96	133	328	438	82
ZCCHC4	636	85	236	159	119	262	508	83
ANAPC4	1200	49	462	207	131	317	961	73
SLC34A2	3	1	2	2	2	1	20	0
SEL1L3	945	65	389	252	204	393	575	90
SMIM20	6856	244	2405	756	587	1140	5990	319
RBPJ	10257	541	3940	1868	1448	3333	8543	852
CCKAR	0	0	0	0	1	1	0	0
TBC1D19	689	164	186	628	473	798	555	201
STIM2	1923	152	725	723	391	699	1811	217
PCDH7	1970	929	1274	4121	1625	2034	3006	773
ARAP2	16	5	19	23	6	13	50	1
DTHD1	0	2	0	0	0	0	0	1
NWD2	2	0	2	4	2	5	4	3
C4orf19	206	15	15	64	122	193	146	25
RELL1	810	53	321	164	129	257	694	60
PGM2	2059	46	847	213	168	311	1721	55
TBC1D1	2657	120	867	392	331	871	1552	186
PTTG2	47	0	12	0	0	0	20	0
KLF3	2480	165	1133	579	321	577	2120	204
TLR10	0	0	1	0	0	1	1	0
TLR1	1	0	1	1	2	3	1	1
TLR6	7	0	1	1	0	1	3	0
FAM114A1	767	55	322	256	202	293	1005	80
TMEM156	3	0	0	4	0	1	0	0
KLHL5	1421	152	590	834	623	971	889	234
WDR19	1063	100	301	397	311	596	747	166
RFC1	11287	433	3142	1720	1157	2587	8134	629
KLB	24	2	12	5	5	6	13	2
RPL9	217701	7501	74901	26330	19107	43969	215716	10891
LIAS	1750	46	634	178	162	337	1395	79
UGDH	4593	178	2019	626	401	1059	3601	255
SMIM14	2140	148	1656	470	449	771	2441	199
UBE2K	7376	478	3172	1746	1011	2246	5970	720
PDS5A	4412	510	1553	1809	1348	2536	3066	766
N4BP2	5182	400	1937	1116	1055	2093	3919	519
RHOH	105	53	163	282	38	75	358	41
CHRNA9	13	2	11	5	3	5	48	8
RBM47	658	194	831	951	851	337	1455	121
NSUN7	1095	168	355	640	455	618	1037	190
APBB2	2980	277	687	867	712	1630	1699	432
UCHL1	36950	965	13107	2626	1880	5257	24767	1503
LIMCH1	1011	18	138	160	224	723	259	82
PHOX2B	6	0	0	0	0	2	14	1
TMEM33	3454	140	1611	405	259	795	2521	184
DCAF4L1	24	0	13	3	1	3	16	0
SLC30A9	3350	274	1116	949	607	1343	2526	372
BEND4	243	8	112	19	11	32	197	17
SHISA3	91	0	9	1	1	1	52	0
ATP8A1	587	124	231	452	431	1043	309	201
GRXCR1	1	0	1	3	0	0	0	0
KCTD8	77	30	15	95	423	274	91	60
YIPF7	12	2	3	15	8	18	17	6
GUF1	2034	84	615	253	210	463	1579	105
GNPDA2	1411	49	319	98	163	308	906	94
GABRG1	2	0	1	1	2	0	6	0
GABRA2	43	5	46	1	23	55	66	16
COX7B2	1	0	2	0	0	1	0	0
GABRA4	1	0	1	0	0	2	1	0
GABRB1	1	1	1	3	7	45	1	1
COMMD8	3492	90	1006	134	259	552	2453	144
ATP10D	292	31	151	7	130	228	336	39
CORIN	6	23	2	120	44	32	45	9
NFXL1	1307	96	466	335	224	457	978	133
NIPAL1	95	7	54	34	18	64	120	17
CNGA1	36	1	16	11	5	20	20	6
TXK	3	2	0	10	8	9	4	3
TEC	42	17	19	41	23	41	76	15
SLAIN2	1547	130	575	554	366	707	1281	225
SLC10A4	39	0	16	3	7	5	38	1
ZAR1	1	0	0	0	0	2	1	0
FRYL	2861	428	850	1513	1335	2405	1715	733
OCIAD1	15056	556	4386	2118	1639	3200	11213	790
OCIAD2	9498	197	4148	1107	814	1399	8940	421
CWH43	0	0	0	0	0	1	2	1
DCUN1D4	1762	146	537	828	436	966	969	259
LRRC66	4	2	2	8	6	11	2	7
SGCB	2589	104	1158	507	295	629	2186	153
SPATA18	171	21	52	56	12	39	68	12
USP46	3310	182	1129	697	394	784	3127	224
ERVMER34-1	162	4	60	20	8	19	239	12
RASL11B	900	4	302	20	12	8	1461	4
SCFD2	583	85	161	450	267	573	484	168
FIP1L1	6188	259	1864	1001	668	1346	5269	411
LNX1	179	10	99	57	30	44	147	21
CHIC2	1307	121	522	436	271	521	1427	128
GSX2	105	3	5	1	2	28	7	1
PDGFRA	85	6	66	34	47	27	153	6
KIT	416	64	98	130	62	63	447	50
KDR	188	1	135	8	4	15	210	4
SRD5A3	2664	85	436	189	101	160	2437	90
TMEM165	6665	296	2227	1138	779	1661	5382	398
CLOCK	1803	206	525	790	524	903	1524	362
PDCL2	17	4	6	14	8	13	13	11
NMU	3721	121	390	236	222	429	3557	151
EXOC1L	1	0	2	0	1	0	7	0
EXOC1	2015	120	747	417	341	695	1601	160
CEP135	3311	144	750	634	474	1052	1934	265
KIAA1211	654	609	187	1708	1683	3021	373	962
AASDH	2685	121	892	409	373	808	1860	204
PPAT	4575	211	1969	739	442	1161	3845	383
PAICS	21048	553	6351	1882	1191	3406	15467	963
SRP72	12527	357	3702	1318	905	2101	8951	572
ARL9	569	16	41	26	94	144	210	48
THEGL	5	5	4	28	19	17	16	9
HOPX	116	4	4	5	31	14	33	1
SPINK2	100	2	39	12	10	1	138	3
REST	5965	294	2390	1070	846	1770	5813	462
NOA1	1651	59	722	188	160	301	1721	92
POLR2B	5109	225	1849	864	619	1211	4116	338
IGFBP7	581	48	610	129	87	33	2394	24
ADGRL3	2787	2976	1004	9669	7159	11541	3768	3839
TECRL	2	0	1	0	3	0	4	0
EPHA5	45	20	8	28	78	171	8	29
CENPC	3718	168	1076	621	541	1135	2575	319
STAP1	0	0	0	1	0	3	0	1
UBA6	2827	211	999	716	582	1056	2045	326
GNRHR	0	2	1	10	12	7	0	10
TMPRSS11D	2	6	1	37	40	38	0	19
TMPRSS11A	2	6	0	31	37	16	5	24
TMPRSS11F	0	0	0	5	4	0	0	1
TMPRSS11B	0	0	1	0	0	0	1	0
YTHDC1	1696	285	537	1038	811	1817	1314	448
TMPRSS11E	6	0	2	0	0	0	9	0
UGT2B17	0	0	1	0	0	0	0	0
UGT2B15	0	0	0	0	0	0	0	0
UGT2B10	0	0	0	0	0	0	0	0
UGT2A3	0	0	0	0	0	0	0	0
UGT2B7	1	1	4	5	0	4	4	1
UGT2B11	2	1	0	0	1	1	0	1
UGT2B28	0	0	0	0	0	0	0	0
UGT2B4	6	4	4	6	1	2	12	1
UGT2A1	0	0	1	0	0	1	4	0
UGT2A2	0	0	0	0	0	0	0	0
SULT1B1	1	1	1	0	0	0	2	1
SULT1E1	0	0	0	4	0	1	2	1
CSN1S1	0	0	0	0	0	0	0	0
CSN2	0	0	0	0	0	0	1	0
STATH	0	0	0	0	0	0	0	0
HTN3	1	0	2	0	1	0	0	0
HTN1	8	0	2	0	0	2	1	0
PRR27	1	0	0	0	0	0	0	0
ODAM	6	0	0	1	0	0	0	1
FDCSP	0	0	0	0	0	0	0	0
CSN3	0	0	0	0	0	0	0	0
CABS1	5	1	4	5	1	3	1	0
SMR3A	0	0	0	0	0	0	0	0
SMR3B	0	0	0	0	0	0	0	0
OPRPN	0	0	0	0	0	0	0	0
MUC7	0	0	0	0	1	1	0	0
AMTN	0	0	0	1	0	0	0	0
AMBN	1336	11	37	8	356	1100	81	174
ENAM	0	0	0	0	0	0	0	0
JCHAIN	1	0	0	0	0	3	2	1
UTP3	2666	71	1052	278	157	386	2176	122
RUFY3	6177	372	2237	1395	1341	2547	4472	599
GRSF1	4690	183	1818	710	559	972	4033	243
MOB1B	926	203	406	678	703	971	833	248
DCK	2788	72	943	245	183	403	1930	116
SLC4A4	142	68	32	241	222	205	273	62
GC	0	0	0	2	0	0	0	2
NPFFR2	17	3	21	11	13	10	29	2
ADAMTS3	405	184	103	463	114	175	1152	163
COX18	905	50	362	148	97	216	774	40
ANKRD17	5359	600	1933	2628	1842	3726	3856	956
ALB	8	0	2	4	1	6	14	0
AFP	198	18	87	64	56	124	164	26
AFM	0	1	0	1	0	0	0	2
RASSF6	2	0	2	1	0	2	1	0
CXCL8	0	0	1	0	0	0	1	0
CXCL6	39	0	14	4	1	5	47	3
PF4V1	7	0	3	0	0	1	5	0
CXCL1	7	1	4	2	0	1	5	0
PF4	35	0	56	1	3	2	19	1
PPBP	6	0	3	0	0	1	3	0
CXCL5	35	2	52	5	3	9	43	0
CXCL3	67	3	35	7	2	3	56	1
CXCL2	19	1	10	6	4	1	28	0
MTHFD2L	1884	98	506	521	292	491	1310	161
EPGN	1	0	1	0	0	1	4	2
EREG	1	0	0	0	1	0	1	0
AREG	3	1	1	0	3	1	3	0
BTC	65	5	170	34	18	24	83	10
PARM1	138	80	242	471	70	204	479	64
RCHY1	2485	105	746	307	249	474	1898	141
THAP6	941	71	329	202	150	351	728	76
ODAPH	7	1	2	3	1	3	3	2
CDKL2	421	21	85	84	101	195	386	50
G3BP2	10589	375	4038	1619	1020	2499	7930	566
USO1	3813	184	1905	678	477	884	3300	270
PPEF2	1	0	0	1	0	2	2	1
NAAA	195	15	95	72	26	76	183	30
SDAD1	4238	154	1400	643	457	846	3441	256
CXCL9	0	0	0	0	0	0	0	0
ART3	7	1	6	14	13	1	18	5
CXCL10	0	0	1	0	0	0	0	0
CXCL11	1	0	1	4	0	0	1	0
NUP54	4493	229	1830	994	547	1255	3480	336
SCARB2	2955	167	1351	596	414	837	2781	198
FAM47E	185	21	68	48	48	58	190	31
STBD1	14	8	11	79	50	97	25	16
CCDC158	0	1	3	5	0	2	3	0
SHROOM3	2987	679	786	3260	2157	4636	1917	1296
SOWAHB	7	0	2	1	0	0	9	0
SEPTIN11	21538	553	5289	2114	1788	3604	11656	1101
CCNI	57180	1650	20118	6855	4356	9198	45790	2443
CCNG2	2892	109	1268	444	293	879	2355	235
CXCL13	5	4	0	17	5	27	159	6
CNOT6L	1325	79	324	262	265	483	781	142
MRPL1	5345	198	1384	727	525	1101	3771	317
FRAS1	844	324	305	1279	1073	1606	693	382
ANXA3	260	12	341	209	73	97	522	8
BMP2K	1118	163	488	713	411	808	909	205
PAQR3	1301	64	413	246	163	435	779	92
NAA11	0	0	0	6	4	3	0	1
GK2	0	0	0	0	0	0	0	0
ANTXR2	1034	83	277	334	251	477	896	120
PRDM8	5	0	0	2	0	2	7	0
FGF5	0	0	0	0	0	1	1	0
CFAP299	31	1	4	21	30	56	12	17
BMP3	0	0	2	1	1	0	9	0
PRKG2	37	7	17	26	17	17	33	7
RASGEF1B	265	36	320	96	53	117	176	34
HNRNPD	55922	1387	15897	5552	3799	10250	37450	2658
HNRNPDL	58828	1097	15452	5540	3739	8029	40563	2214
ENOPH1	4675	123	2017	452	309	677	3521	208
TMEM150C	482	18	256	122	103	124	440	42
SCD5	2807	224	787	1028	621	1210	2089	409
SEC31A	5029	349	1764	1437	837	1347	4546	410
THAP9	599	52	158	156	119	280	459	61
LIN54	605	102	220	364	272	545	451	163
COPS4	5377	192	1959	765	499	884	4108	292
PLAC8	29	2	9	5	2	6	50	3
COQ2	2922	64	824	252	213	446	1893	123
HPSE	18	1	8	1	1	5	25	1
HELQ	1026	46	368	202	181	299	990	91
MRPS18C	9996	293	2988	898	705	1636	7585	458
ABRAXAS1	2452	118	782	403	221	502	2563	149
GPAT3	7	0	14	2	1	1	9	0
NKX6-1	55	1	2	0	2	12	90	0
CDS1	288	27	163	127	90	88	531	29
WDFY3	1053	308	443	1317	1070	1925	738	503
ARHGAP24	321	35	120	108	135	378	260	73
MAPK10	6091	1005	2197	3506	2905	7136	3573	1531
PTPN13	3517	546	1632	2608	1441	3125	2389	848
SLC10A6	3	0	0	1	3	2	1	0
C4orf36	19	7	0	18	27	48	7	16
AFF1	1252	190	501	725	1565	2033	1159	413
KLHL8	1617	137	435	405	342	798	890	224
HSD17B13	4	2	1	2	0	7	12	2
HSD17B11	1302	76	329	102	120	197	1272	75
NUDT9	2829	103	835	317	271	556	1976	134
SPARCL1	369	84	118	216	81	72	1598	26
DSPP	0	0	0	1	0	0	3	0
DMP1	0	0	2	0	1	0	0	0
IBSP	0	0	0	1	1	0	2	0
MEPE	0	0	0	0	0	0	0	0
SPP1	697	8	754	23	28	33	424	10
PKD2	1479	287	645	987	685	1636	948	457
ABCG2	21	0	29	5	1	9	32	1
PPM1K	939	65	360	181	161	268	838	78
HERC6	43	3	20	6	16	10	28	4
HERC5	150	10	221	23	7	15	139	3
PYURF	9731	229	3020	1148	778	1521	7212	405
PIGY	0	0	0	0	0	0	0	0
HERC3	11	17	6	71	53	95	16	15
NAP1L5	398	16	222	144	53	91	433	17
FAM13A	1885	357	903	1065	943	1784	1330	586
TIGD2	388	18	146	62	39	73	349	19
GPRIN3	31	1	25	12	11	16	30	4
SNCA	2552	198	1529	911	534	427	3116	158
MMRN1	2074	167	612	681	539	685	1721	219
CCSER1	77	142	9	567	680	597	59	190
GRID2	722	70	326	214	278	452	762	101
ATOH1	10	0	4	1	1	2	41	0
SMARCAD1	4013	219	1168	979	731	1748	2653	379
HPGDS	1	0	0	2	2	1	0	1
PDLIM5	2826	388	1232	1926	1265	2195	1750	650
BMPR1B	665	186	216	417	760	1834	285	342
UNC5C	293	255	71	816	420	571	564	197
PDHA2	0	0	0	0	0	0	0	0
STPG2	79	87	21	174	148	222	18	78
RAP1GDS1	2699	213	704	1041	705	1281	1979	429
TSPAN5	3169	261	1244	1163	689	1815	2010	361
EIF4E	4328	390	1678	1519	935	1956	3078	542
METAP1	2354	120	894	391	216	528	1935	168
ADH5	25198	727	8605	2545	1707	3593	18883	1013
ADH4	8	8	2	29	23	24	3	6
ADH6	3	3	2	11	14	8	2	1
ADH1A	3	0	0	3	2	0	0	1
ADH1B	1	0	0	1	0	1	2	0
ADH1C	0	0	0	0	0	0	0	0
ADH7	0	0	0	0	0	0	0	0
C4orf17	0	1	0	1	0	3	0	0
TRMT10A	1053	46	276	129	110	283	766	56
MTTP	198	4	21	19	30	51	64	10
C4orf54	0	0	0	0	0	0	1	0
DAPP1	0	1	3	0	1	0	0	0
LAMTOR3	3799	130	1229	519	400	751	3246	200
DNAJB14	2844	228	1368	803	596	1151	2775	312
H2AFZ	203955	4337	53223	17304	10323	24411	131729	7298
DDIT4L	216	6	190	43	11	41	227	13
EMCN	4	0	2	3	2	4	2	1
PPP3CA	2524	239	1520	1210	772	1790	1977	454
BANK1	30	7	19	17	7	12	61	3
SLC39A8	566	39	260	176	45	160	754	37
NFKB1	895	50	267	242	163	315	522	71
MANBA	694	75	437	378	305	602	632	119
UBE2D3	17261	734	5854	2455	1723	3945	13421	1090
CISD2	5490	230	2045	720	557	1274	4720	315
SLC9B1	120	30	32	76	54	99	103	24
SLC9B2	502	37	107	145	150	241	326	74
BDH2	5070	195	1878	729	544	808	4104	301
CENPE	8366	313	2533	1037	666	1866	4991	640
TACR3	32	14	4	50	32	33	32	14
CXXC4	1083	52	952	321	145	219	831	73
TET2	856	179	242	676	578	1104	583	296
PPA2	5542	344	1881	1126	843	1767	5256	513
ARHGEF38	3	11	2	28	17	29	4	11
INTS12	1401	119	404	418	296	519	1108	156
GSTCD	1591	164	562	686	465	1033	1036	242
NPNT	9	2	3	3	3	7	7	4
TBCK	1716	302	410	1181	896	1684	921	423
AIMP1	7370	252	2675	766	448	1048	6003	297
GIMD1	0	0	0	0	0	0	0	0
DKK2	9	2	2	13	14	17	7	2
PAPSS1	4779	240	1920	660	453	985	3623	267
SGMS2	22	5	14	45	4	2	20	4
CYP2U1	517	20	226	80	49	144	356	27
HADH	5734	169	1367	579	367	749	4374	257
LEF1	2887	310	332	852	983	2267	2243	448
RPL34	212043	6036	72489	22612	19296	36138	162282	8838
OSTC	23826	713	10142	2856	1883	3656	21664	923
ETNPPL	64	1	23	6	7	10	40	3
COL25A1	146	46	82	112	140	242	83	58
SEC24B	821	182	302	677	491	834	701	266
MCUB	2915	154	771	917	735	1039	2737	222
CASP6	4532	145	1592	493	392	872	3486	256
PLA2G12A	976	67	326	247	201	411	734	122
CFI	3	0	0	1	1	1	5	0
GAR1	5170	152	1490	565	360	911	4158	239
RRH	19	1	6	14	7	14	18	5
LRIT3	4	1	0	3	0	0	3	1
EGF	257	54	86	313	92	202	139	114
ELOVL6	5734	262	1442	1190	647	1656	3354	518
ENPEP	83	14	31	143	188	93	59	38
PITX2	1547	45	175	33	6	28	840	35
FAM241A	17	2	12	3	7	11	19	6
AP1AR	1897	88	721	285	236	585	1153	155
TIFA	1203	33	237	108	132	334	728	47
ALPK1	161	17	30	21	61	126	80	22
NEUROG2	1534	11	21	33	253	710	266	41
ZGRF1	1555	89	499	408	271	725	934	156
LARP7	10136	364	3773	1307	917	2018	7034	560
ANK2	1078	324	862	1875	979	2473	1077	544
CAMK2D	1590	284	822	1037	743	1048	1364	290
ARSJ	22	0	20	11	1	8	48	2
UGT8	573	31	160	56	29	108	457	30
NDST4	503	160	165	619	901	1380	230	412
MTRNR2L13	0	0	0	0	0	0	1	0
TRAM1L1	357	16	84	49	43	81	309	19
NDST3	78	12	29	59	114	101	46	45
PRSS12	36	2	24	12	7	11	50	7
METTL14	1907	107	706	423	275	534	1530	145
SEC24D	851	88	356	257	150	275	742	97
SYNPO2	11	3	10	10	3	18	16	4
MYOZ2	0	0	1	1	0	1	0	0
USP53	645	55	303	253	185	292	675	85
C4orf3	17225	468	7208	2421	1281	2517	19220	708
FABP2	2	0	0	1	0	0	0	0
PDE5A	419	120	194	460	314	538	391	138
MAD2L1	18473	367	5553	1369	839	2394	12141	720
PRDM5	626	89	261	368	244	651	443	120
NDNF	344	5	59	36	56	189	134	14
TNIP3	4	0	2	0	0	4	4	0
QRFPR	11	0	3	1	2	5	8	1
ANXA5	14544	511	8328	1916	1392	2348	14642	510
TMEM155	38	0	14	0	17	12	80	0
EXOSC9	5549	117	1654	546	308	835	4043	273
CCNA2	7747	144	2460	574	366	1011	4833	371
BBS7	1943	107	603	361	317	536	1732	129
TRPC3	26	8	1	17	15	60	18	11
KIAA1109	2253	275	780	934	682	1409	1779	345
ADAD1	1	0	4	0	1	1	0	0
IL2	0	0	0	0	0	0	0	0
IL21	0	0	0	0	0	0	0	0
BBS12	534	21	186	89	72	110	499	25
FGF2	1787	112	1117	427	280	644	1373	186
NUDT6	1482	48	451	242	130	288	1083	62
SPATA5	1294	315	390	1056	799	2006	753	595
SPRY1	5729	119	2284	520	107	490	4475	211
ANKRD50	815	49	472	238	152	365	687	113
FAT4	1123	108	258	394	533	1215	483	228
INTU	4457	208	817	702	623	1721	2004	332
SLC25A31	2	1	0	6	2	1	2	5
HSPA4L	1498	96	189	160	85	282	854	131
PLK4	1737	64	424	270	198	568	887	144
MFSD8	1177	74	464	268	225	522	851	117
ABHD18	691	97	245	365	322	634	500	195
LARP1B	1987	152	661	565	446	1059	1335	229
PGRMC2	5709	168	1917	627	445	1241	4590	268
JADE1	3867	111	1876	401	329	853	2584	206
SCLT1	2106	428	562	1479	1202	2417	1782	641
C4orf33	436	26	182	106	68	110	424	25
PCDH10	477	20	91	121	41	63	835	14
PABPC4L	290	16	86	55	33	62	294	24
PCDH18	1306	18	859	91	65	226	884	63
SLC7A11	532	68	591	253	40	170	670	45
NOCT	202	44	94	119	76	179	208	68
ELF2	3300	354	1018	1096	1043	2040	2196	539
MGARP	31	3	39	9	7	6	107	2
NDUFC1	16815	401	4341	1358	1116	2035	13625	622
NAA15	6022	251	2033	987	690	1439	4263	459
RAB33B	440	21	242	63	71	144	478	42
SETD7	366	46	129	158	99	227	298	43
MGST2	1576	83	321	388	260	454	1670	129
MAML3	1114	773	314	2834	2783	4563	909	1256
SCOC	7887	362	3391	1115	844	1390	6328	398
CLGN	2842	122	689	516	390	558	2009	178
MGAT4D	0	0	0	2	1	0	0	1
ELMOD2	2088	97	683	460	304	643	1719	131
UCP1	14	1	8	14	19	10	61	3
TBC1D9	624	175	288	993	1073	1246	442	257
RNF150	408	107	63	354	438	904	277	200
ZNF330	2918	110	932	288	253	495	2462	132
IL15	20	10	10	4	51	41	26	9
INPP4B	89	48	24	216	653	467	102	110
USP38	750	39	214	148	122	222	562	66
GAB1	832	187	237	542	480	1088	562	251
SMARCA5	20538	623	6704	2742	1780	4448	13692	1091
FREM3	6	5	1	24	9	22	2	4
GYPE	0	5	11	18	6	13	39	8
GYPB	4	0	0	1	5	4	7	2
GYPA	0	0	0	0	0	0	2	0
HHIP	309	99	43	103	60	90	739	64
ANAPC10	2291	178	869	749	504	1006	2024	261
ABCE1	6287	211	2063	790	449	1151	4624	319
OTUD4	1220	58	568	258	167	370	955	90
SMAD1	1926	136	767	440	397	783	1548	170
MMAA	236	7	76	48	41	53	199	22
C4orf51	16	5	2	37	21	28	11	9
ZNF827	2488	245	587	840	751	1345	1868	387
LSM6	16256	385	4317	1673	1002	2069	9918	579
REELD1	0	0	0	2	0	0	2	0
SLC10A7	208	59	61	186	175	372	156	84
POU4F2	1	0	1	2	1	1	2	0
TTC29	336	85	79	241	138	272	580	127
EDNRA	124	36	62	81	83	84	168	36
TMEM184C	868	92	365	354	238	476	694	133
PRMT9	970	70	256	266	202	319	802	69
ARHGAP10	954	358	574	1375	452	476	1698	273
NR3C2	58	86	11	276	286	267	83	176
IQCM	11	2	2	30	8	13	3	4
DCLK2	823	132	125	451	414	768	389	184
LRBA	1353	515	764	1744	929	1875	1106	578
MAB21L2	542	14	649	164	12	23	173	9
RPS3A	268531	13040	107320	40409	33770	72848	234340	18002
SH3D19	892	476	627	1808	853	1601	982	522
PRSS48	3	20	3	94	53	78	4	17
FAM160A1	84	62	71	130	203	211	91	55
GATB	915	39	316	123	95	226	738	83
FBXW7	1999	269	725	942	628	1423	1494	441
TMEM154	91	6	27	40	34	33	161	15
TIGD4	241	41	100	129	84	116	239	48
ARFIP1	2159	193	842	772	524	1126	1671	299
FHDC1	151	8	103	74	63	47	163	19
TRIM2	3226	374	964	1683	1916	2673	2208	568
MND1	5880	178	1307	552	391	1037	3350	342
TMEM131L	1106	119	177	347	414	1054	526	266
TLR2	9	1	4	5	3	8	16	4
RNF175	5632	259	1386	1169	869	1737	3616	486
SFRP2	43898	1526	40354	5669	2196	6549	22460	1672
DCHS2	21	7	6	52	50	84	22	37
PLRG1	5550	170	1924	691	425	949	4122	260
FGB	56	7	15	22	29	34	30	8
FGA	24	5	3	12	9	18	5	7
FGG	15	4	4	13	6	16	23	3
LRAT	610	30	401	66	48	99	512	77
RBM46	44	1	17	4	4	6	177	9
NPY2R	197	0	208	6	18	50	21	4
MAP9	4432	161	1506	662	558	1171	3336	281
GUCY1A1	369	34	132	106	88	361	138	59
GUCY1B1	1873	75	533	418	398	369	1433	103
ASIC5	0	0	0	0	0	1	0	1
TDO2	2	4	1	30	13	10	3	8
CTSO	12	22	3	87	88	56	18	25
PDGFC	829	191	155	530	509	1109	687	262
GLRB	387	34	75	102	83	337	225	44
GRIA2	6	3	0	7	5	42	4	1
GASK1B	46	8	43	12	15	9	28	3
TMEM144	180	8	146	20	22	41	173	6
RXFP1	1	0	2	0	0	1	0	0
C4orf46	1676	52	644	232	123	373	1157	101
ETFDH	784	64	208	147	143	268	609	92
PPID	7292	268	2223	958	566	1522	6146	399
FNIP2	1849	81	470	367	286	615	937	144
C4orf45	9	6	5	40	43	68	16	16
RAPGEF2	1678	293	455	964	742	1392	964	427
FSTL5	52	31	3	28	378	413	26	75
NAF1	1773	87	549	368	238	620	1243	173
NPY1R	156	3	124	11	55	56	85	17
NPY5R	51	3	16	6	17	22	29	3
TKTL2	0	0	0	0	0	0	0	0
TMA16	4891	205	1431	505	386	1092	3814	295
MARCH1	209	118	138	745	926	2876	82	315
SMIM31	0	0	0	2	1	4	0	0
APELA	591	2	364	21	11	27	466	6
TRIM61	258	12	244	23	93	134	5	3
FAM218A	246	9	97	46	45	68	56	0
TRIM60	18	1	6	1	0	0	12	0
TRIM75P	0	1	0	0	0	0	0	0
TMEM192	1342	49	623	206	138	274	1168	86
KLHL2	402	38	155	118	121	285	219	73
GK3P	2	0	0	2	0	0	1	0
MSMO1	14806	411	2548	2250	1070	2371	11097	643
CPE	4304	202	3706	1108	635	1207	4874	411
TLL1	3	1	41	10	5	22	6	2
SPOCK3	23	13	10	16	29	81	31	25
ANXA10	0	1	0	4	1	0	0	0
DDX60	318	22	47	63	25	70	224	18
DDX60L	74	8	11	40	29	33	65	18
PALLD	7422	923	2745	4150	3708	8200	3741	1325
CBR4	3515	298	1359	843	771	1697	2419	442
SH3RF1	995	215	427	771	747	1435	641	261
NEK1	1653	227	669	680	567	1052	1338	276
CLCN3	2711	164	1205	662	533	991	2180	247
HPF1	11393	387	2763	1463	1021	2228	9587	569
MFAP3L	142	14	129	77	64	73	160	29
AADAT	1311	61	241	177	183	421	976	74
GALNTL6	79	54	2	727	396	390	201	50
GALNT7	3526	294	1362	934	640	1386	2511	433
HMGB2	58555	1530	15463	4596	3106	8183	40303	2503
SAP30	8197	162	2434	734	550	1217	5814	282
SCRG1	440	15	213	59	64	93	272	32
HAND2	42	0	5	2	1	4	28	1
FBXO8	743	41	272	115	80	169	657	53
CEP44	1722	112	560	293	245	491	1283	152
HPGD	490	8	147	21	26	75	798	11
GLRA3	7	1	3	1	1	3	6	0
ADAM29	1	0	0	0	1	0	0	1
GPM6A	2671	695	736	2182	3615	7150	1392	1287
WDR17	399	106	61	261	346	736	252	189
SPATA4	36	0	9	7	8	22	36	7
ASB5	2	0	1	0	1	1	8	1
SPCS3	5384	233	2437	744	459	1483	4926	350
VEGFC	269	60	82	230	87	169	293	42
NEIL3	928	59	202	236	184	459	356	122
AGA	692	20	212	112	80	126	814	37
TENM3	3090	2282	944	7949	3762	6784	2689	2111
DCTD	3524	120	1425	358	215	570	2937	149
WWC2	1549	193	957	970	548	996	1624	313
CLDN22	1	0	0	2	1	0	3	0
CLDN24	0	0	0	0	0	0	0	0
CDKN2AIP	2448	52	758	326	222	449	1984	127
ING2	4774	137	1471	672	393	672	4497	212
RWDD4	2559	108	935	495	337	641	2272	188
TRAPPC11	1575	137	614	460	332	632	1244	162
STOX2	2039	324	489	999	1062	2419	1773	426
ENPP6	1	0	1	3	4	3	8	2
IRF2	1076	65	332	194	187	340	768	101
CASP3	3299	149	1643	548	404	777	2855	196
PRIMPOL	694	65	195	239	206	486	490	100
CENPU	9163	335	1546	871	538	1901	6181	488
ACSL1	48	7	33	11	10	21	70	3
HELT	0	1	30	9	2	4	4	0
SLC25A4	4977	129	2798	723	372	704	4994	217
CFAP97	5099	189	1574	488	473	867	4042	217
SNX25	460	121	188	635	320	388	445	182
LRP2BP	91	17	38	81	63	58	93	27
ANKRD37	609	21	327	88	71	122	2637	36
UFSP2	3327	133	921	453	379	646	2858	166
C4orf47	274	111	76	438	189	354	1010	85
CCDC110	39	12	40	21	18	46	111	7
PDLIM3	133	17	152	128	116	139	478	21
SORBS2	2079	144	559	748	891	1502	890	312
TLR3	15	0	12	1	2	2	35	0
FAM149A	86	12	63	51	33	36	119	25
CYP4V2	58	23	47	108	61	55	71	42
KLKB1	137	3	75	16	4	5	124	9
F11	1	1	0	0	0	1	2	0
MTNR1A	0	1	1	2	4	9	1	1
FAT1	4987	303	2403	1074	673	1364	4135	425
ZFP42	1074	3	804	46	14	43	1390	6
TRIML2	125	3	233	13	9	20	111	7
TRIML1	0	0	0	0	0	1	0	0
FRG1	3473	184	1264	674	492	906	2755	288
FRG2	0	0	0	0	0	0	0	0
DUX4	1	0	2	0	0	0	0	0
PLEKHG4B	1401	154	488	573	634	1389	1075	248
LRRC14B	4	0	3	1	0	2	3	0
CCDC127	2799	78	855	286	203	472	2045	102
SDHA	3687	158	1023	462	313	731	2786	201
PDCD6	426	303	148	1313	867	1567	341	425
AHRR	5	9	10	39	22	50	14	8
EXOC3	1227	54	467	174	129	263	967	67
SLC9A3	727	3	186	3	3	4	660	4
CEP72	842	34	160	105	74	158	484	49
TPPP	63	5	25	7	8	18	34	3
ZDHHC11B	34	2	18	10	11	51	32	4
AC026740.3	7	0	6	0	1	3	5	1
ZDHHC11	204	14	67	104	56	151	123	18
BRD9	4079	119	1035	393	276	628	2919	193
TRIP13	2617	34	632	162	113	290	1486	84
NKD2	5	10	0	21	18	45	0	13
SLC12A7	17	28	4	95	89	166	8	42
SLC6A19	0	0	0	0	0	0	2	0
SLC6A18	0	1	0	0	0	0	0	0
TERT	273	8	88	14	17	30	127	11
CLPTM1L	4947	119	1569	501	279	587	3804	169
SLC6A3	1	0	0	2	2	2	1	3
LPCAT1	295	63	136	143	78	278	220	87
MRPL36	6754	185	2424	746	512	896	5840	269
NDUFS6	34571	859	12526	3366	2144	3963	24706	1307
IRX4	9	2	7	1	1	2	23	0
IRX2	152	49	1357	229	58	120	4221	54
C5orf38	52	13	301	51	16	25	895	11
IRX1	60	20	130	89	27	35	1430	23
ADAMTS16	131	15	65	73	45	46	98	19
ICE1	3206	159	1252	640	405	909	2445	232
MED10	5073	128	1708	512	379	794	4083	180
UBE2QL1	193	6	54	31	25	34	103	6
NSUN2	1244	53	549	213	127	269	963	69
SRD5A1	1270	56	362	159	158	401	947	94
TENT4A	905	94	328	287	202	545	678	141
ADCY2	485	65	53	432	573	195	1017	94
C5orf49	880	19	62	128	111	88	887	28
MTRR	801	44	256	212	169	236	545	66
FASTKD3	504	8	160	68	46	93	402	27
SEMA5A	643	72	815	364	106	305	552	38
TAS2R1	4	0	2	1	0	0	1	0
ATPSCKMT	1248	70	370	236	222	420	970	103
CCT5	32605	799	10649	2595	1471	3971	24167	1292
CMBL	3908	199	904	551	365	815	2408	263
MARCH6	6851	394	2029	1507	1313	2618	4987	695
ROPN1L	83	3	19	19	17	34	95	7
ANKRD33B	78	23	49	78	24	69	48	14
DAP	3382	156	1060	659	384	570	3235	253
CTNND2	2491	750	617	3113	2478	4516	1357	1119
DNAH5	121	7	11	43	29	48	102	14
TRIO	1274	422	454	1704	1191	2303	849	708
OTULINL	763	20	183	108	81	155	465	46
OTULIN	1446	74	515	235	156	378	995	92
ANKH	529	25	70	78	95	244	193	54
FBXL7	758	691	281	2423	3394	5066	456	1115
MARCH11	82	3	17	8	36	29	41	1
ZNF622	2316	69	931	255	172	284	1987	92
RETREG1	283	7	109	47	129	281	186	40
MYO10	12855	529	3611	2261	1955	3362	7247	813
BASP1	33513	850	7807	3535	3913	6733	21319	1684
LINC02218	0	0	0	1	0	1	0	0
AC106774.4	0	0	0	1	0	1	0	0
TAF11L2	0	0	0	0	0	0	0	0
TAF11L3	0	0	0	0	0	0	0	0
TAF11L4	0	0	0	0	0	0	0	0
TAF11L5	0	0	0	0	0	0	0	0
TAF11L6	0	0	0	0	0	0	0	0
TAF11L7	0	0	0	0	0	0	0	0
TAF11L8	0	0	0	0	0	0	0	0
TAF11L9	0	0	0	0	0	0	0	0
TAF11L10	0	0	0	0	0	0	0	0
TAF11L11	0	0	1	0	1	0	0	0
TAF11L12	0	0	0	0	0	0	0	0
TAF11L13	0	0	0	0	0	0	0	0
TAF11L14	0	0	0	0	0	0	0	0
H3.Y	17	1	0	0	1	3	2	1
CDH18	45	715	27	4357	771	564	510	348
CDH12	29	178	0	120	258	501	59	156
PRDM9	0	1	1	0	0	0	1	0
CDH10	635	151	75	441	527	1096	292	287
CDH9	47	16	53	166	32	55	90	24
CDH6	6777	1265	1582	4094	1099	1339	9175	997
DROSHA	1719	127	650	437	334	738	1406	191
C5orf22	925	77	422	264	188	372	784	71
PDZD2	66	64	62	175	194	440	67	108
GOLPH3	2416	191	1077	729	471	1007	1880	266
MTMR12	646	80	299	292	196	333	530	90
ZFR	7596	489	2358	1803	1322	2754	5243	666
SUB1	36576	1026	13134	4214	2668	5973	30015	1602
NPR3	65	8	12	12	11	27	68	8
TARS	4920	171	2032	852	454	956	3735	268
ADAMTS12	617	213	247	907	446	722	606	265
RXFP3	0	0	0	0	0	0	0	0
SLC45A2	31	2	19	3	11	15	4	3
AMACR	93	24	31	112	64	134	81	31
C1QTNF3	118	13	23	32	51	79	117	18
RAI14	4876	283	1285	1079	854	1968	2963	481
TTC23L	78	45	12	110	69	144	64	34
RAD1	3467	84	1176	305	198	571	2680	131
BRIX1	7186	160	2447	673	369	920	5521	298
DNAJC21	6401	236	2526	846	454	903	5183	317
AGXT2	0	0	0	1	1	0	3	0
PRLR	41	3	32	6	2	14	68	6
SPEF2	560	55	74	176	246	294	583	71
IL7R	0	0	0	1	0	1	0	0
CAPSL	28	9	10	3	4	6	132	2
UGT3A1	37	4	62	6	2	9	70	2
UGT3A2	296	10	288	21	7	30	360	8
LMBRD2	360	28	164	127	83	170	308	31
SKP2	3817	125	1275	377	262	689	2858	185
NADK2	1154	55	462	247	211	407	941	81
RANBP3L	1	1	1	23	13	10	2	10
SLC1A3	1890	81	218	177	228	420	728	221
NIPBL	8172	745	2812	2514	1816	3643	5708	1091
CPLANE1	1720	190	663	780	655	999	1308	273
NUP155	2571	104	793	387	256	623	1746	169
WDR70	2326	331	844	1168	846	1776	1943	483
GDNF	18	4	8	5	3	4	64	6
EGFLAM	58	4	28	21	15	9	97	4
LIFR	604	34	89	143	176	202	348	65
OSMR	15	0	1	6	7	11	21	3
RICTOR	1551	185	507	697	481	960	1230	269
FYB1	1	0	0	2	2	0	0	0
C9	0	0	0	1	1	0	0	0
DAB2	393	30	214	98	60	67	620	12
TTC33	1235	80	414	303	223	397	863	130
PTGER4	3	1	2	3	1	1	19	0
PRKAA1	1152	86	322	293	269	449	869	122
RPL37	214789	4441	69293	17728	14190	32376	169520	6967
CARD6	3	1	2	2	0	1	2	0
C7	1	0	3	2	1	1	8	0
MROH2B	0	0	0	0	0	0	0	0
C6	0	0	0	0	2	1	0	0
PLCXD3	14	8	2	54	26	26	32	6
OXCT1	2483	123	741	451	388	753	1688	195
C5orf51	1428	74	586	312	205	535	1013	93
FBXO4	688	32	209	128	123	219	494	40
GHR	64	29	18	104	96	196	55	30
CCDC152	1474	126	1843	366	16	677	1238	296
SELENOP	1256	31	774	90	161	292	1888	43
ANXA2R	68	7	5	1	1	4	60	1
ZNF131	4473	244	1292	979	737	1605	3139	384
NIM1K	2	1	2	16	8	12	13	4
HMGCS1	17976	601	2362	3024	1535	4153	11566	1118
CCL28	67	2	55	7	5	11	73	1
TMEM267	925	100	269	269	208	459	694	129
C5orf34	644	39	233	136	68	295	442	53
PAIP1	4159	269	1671	1101	880	1901	3168	404
NNT	1574	92	466	260	259	573	1001	129
FGF10	35	2	66	5	2	4	16	2
MRPS30	3736	111	1377	402	334	674	2895	201
HCN1	24	6	6	15	10	14	7	7
EMB	1034	49	475	206	53	178	967	55
PARP8	903	223	265	776	408	711	890	319
ISL1	33	10	7	19	20	30	43	10
ITGA1	68	5	11	29	14	64	60	7
PELO	1649	37	594	232	133	233	1279	72
ITGA2	1099	99	208	306	288	634	595	140
MOCS2	2823	86	1033	306	207	470	2112	158
FST	13312	74	6152	461	62	527	14098	117
NDUFS4	13092	476	4682	1648	956	2032	10123	581
ARL15	566	438	245	1566	1318	2712	389	747
HSPB3	0	0	0	0	1	0	0	0
SNX18	1050	29	498	179	91	212	775	60
ESM1	10	11	4	15	8	4	29	1
GZMK	16	1	13	10	8	3	41	1
GZMA	1	1	0	5	0	0	8	0
CDC20B	21	12	1	9	7	17	16	3
GPX8	4059	205	1808	740	342	758	4463	195
MCIDAS	0	0	2	0	1	1	1	1
CCNO	54	3	23	15	5	5	70	0
DHX29	5379	143	1756	763	489	960	3988	267
MTREX	3117	235	936	854	548	1148	2364	297
PLPP1	1055	181	552	709	590	1021	865	250
SLC38A9	865	89	338	380	320	568	637	143
DDX4	0	1	2	1	1	7	0	15
IL31RA	0	0	0	0	1	0	2	1
IL6ST	1084	62	306	237	260	464	715	91
ANKRD55	3	0	3	4	5	14	0	1
C5orf67	0	0	0	2	0	2	0	1
MAP3K1	883	77	357	214	196	475	569	116
SETD9	1128	37	145	108	109	182	309	37
MIER3	966	64	355	242	185	397	663	80
GPBP1	11634	574	3741	2017	1431	3354	8662	857
ACTBL2	0	0	0	0	0	0	0	0
PLK2	514	40	434	154	37	85	1086	50
GAPT	0	0	0	0	0	0	0	0
RAB3C	412	43	126	182	201	255	620	115
PDE4D	71	158	42	439	363	974	104	276
DEPDC1B	5032	239	1258	721	543	1270	2618	456
ELOVL7	39	6	36	22	20	62	39	8
ERCC8	1154	199	369	629	520	1079	831	297
NDUFAF2	4522	249	1266	1140	680	1522	3196	371
SMIM15	4848	129	1658	567	392	879	3432	198
ZSWIM6	2329	728	922	3190	1935	3937	1542	1194
KIF2A	7451	429	2486	1832	1308	2858	5671	701
DIMT1	3395	97	1120	376	279	592	2405	172
IPO11	963	104	368	303	188	495	646	145
LRRC70	4	0	0	2	1	2	3	0
HTR1A	0	0	1	0	0	0	0	0
RNF180	329	33	128	226	133	202	225	57
RGS7BP	65	5	11	63	67	50	72	20
SHISAL2B	780	15	257	67	21	113	822	24
SREK1IP1	4752	237	1880	729	785	1510	5056	386
CWC27	6452	335	2190	1295	924	2006	5275	509
ADAMTS6	1610	272	1078	898	1252	1783	908	373
CENPK	5888	349	2157	1199	874	2202	4070	743
PPWD1	2356	150	693	493	350	756	1734	202
TRIM23	964	76	438	195	171	361	906	75
SHLD3	325	6	104	42	30	47	313	19
TRAPPC13	887	60	288	283	210	399	708	83
SGTB	886	53	303	170	139	231	706	73
NLN	3107	159	940	490	401	1097	2372	249
ERBIN	3034	374	1019	1608	1261	2418	2151	709
SREK1	10427	339	3078	1301	851	2136	7149	586
MAST4	629	123	181	424	351	646	438	206
CD180	0	0	0	0	0	0	0	0
PIK3R1	2337	156	918	824	477	570	3274	207
SLC30A5	2037	109	768	362	272	480	1813	138
CCNB1	18974	466	6073	1514	974	2556	11982	901
CENPH	12488	412	3413	1261	765	2187	8711	670
MRPS36	4501	202	1638	712	492	1113	3823	258
CDK7	1074	54	492	249	180	373	936	126
CCDC125	318	42	86	20	249	374	285	56
AK6	184	174	59	550	392	819	174	246
TAF9	10	186	1	775	450	1035	11	276
RAD17	692	111	282	336	286	535	587	140
MARVELD2	98	9	137	86	23	45	248	19
OCLN	109	50	73	193	117	258	111	68
GTF2H2C	262	31	71	121	84	183	201	53
SERF1B	0	2	0	7	9	15	0	3
SMN2	0	9	0	27	7	55	0	10
SERF1A	0	6	0	19	17	51	0	8
SMN1	237	21	104	63	70	82	188	20
NAIP	5	17	0	59	66	273	9	44
GTF2H2	587	64	123	227	217	305	460	104
BDP1	2682	286	859	1106	807	1695	1886	451
MCCC2	1880	103	755	307	231	463	1446	130
CARTPT	1	0	0	0	0	0	0	0
MAP1B	56623	1802	17357	6566	8505	14551	43991	3504
MRPS27	4555	175	1377	650	412	1086	3759	315
PTCD2	792	31	219	99	85	192	627	36
ZNF366	0	2	0	1	0	0	9	0
TNPO1	7530	410	2753	1719	1204	2282	6443	666
FCHO2	729	122	236	360	308	482	615	167
TMEM171	4	1	1	0	0	1	7	1
TMEM174	0	0	0	0	0	0	0	0
FOXD1	1469	49	51	24	22	12	354	24
BTF3	81951	2308	28618	8085	5610	13271	66159	3620
ANKRA2	1137	53	466	169	150	216	890	72
UTP15	984	27	363	124	56	188	729	47
ARHGEF28	34	11	14	48	49	19	49	14
ENC1	1678	42	914	277	127	316	1497	102
HEXB	2265	85	1197	290	170	317	2392	104
GFM2	1244	62	492	244	180	330	1001	104
NSA2	13671	541	5922	2147	1339	3338	13803	961
FAM169A	854	152	388	501	394	795	664	187
GCNT4	21	9	5	39	35	22	49	2
ANKRD31	85	11	29	37	32	53	66	14
HMGCR	7859	280	1519	1333	746	1929	5524	490
CERT1	2843	208	1439	785	518	950	2606	274
POLK	1811	124	584	460	358	689	1225	167
ANKDD1B	10	4	3	15	12	22	11	8
POC5	850	62	276	274	165	292	697	103
SV2C	91	132	32	1472	570	298	349	95
IQGAP2	2587	122	829	493	459	889	2363	263
F2RL2	35	3	121	12	1	8	18	2
F2R	3547	71	881	209	207	640	2072	152
F2RL1	192	2	208	5	5	12	344	1
S100Z	0	0	0	10	1	0	10	1
CRHBP	4	0	3	1	1	2	7	1
AGGF1	955	145	341	595	466	853	842	238
ZBED3	1186	45	471	244	164	253	1092	60
PDE8B	50	35	19	136	92	186	63	50
WDR41	3133	141	1106	548	400	735	3022	185
OTP	2	1	2	0	0	0	0	0
TBCA	24511	881	7959	3311	2296	4082	19035	1215
AP3B1	3772	413	1226	1362	1089	1845	2702	559
SCAMP1	2899	171	1072	506	414	827	2347	240
LHFPL2	363	68	141	150	135	296	307	123
ARSB	542	58	256	273	242	411	334	95
DMGDH	50	22	11	68	82	91	23	25
BHMT2	7	2	5	1	4	5	13	0
BHMT	15	3	100	2	9	7	15	6
JMY	794	47	451	153	171	265	730	73
HOMER1	1754	152	880	750	400	835	1502	237
TENT2	1290	233	648	884	627	1325	1113	295
CMYA5	307	16	90	67	20	80	151	21
MTX3	1510	60	595	210	149	421	1084	97
THBS4	245	67	142	255	175	308	358	81
SERINC5	1184	135	795	557	198	497	1369	135
SPZ1	0	0	0	1	0	0	1	0
ZFYVE16	4361	390	1295	1417	875	1526	4097	452
FAM151B	161	31	33	100	90	135	102	25
ANKRD34B	32	2	27	90	21	43	7	3
DHFR	3748	276	771	1205	569	1991	1710	407
MSH3	2836	206	696	764	466	1044	1710	284
RASGRF2	24	11	25	37	52	59	23	19
CKMT2	29	9	9	54	47	103	34	28
ZCCHC9	4354	158	1493	524	386	746	3385	232
ACOT12	3	1	3	5	5	3	3	3
SSBP2	6323	996	2691	3671	2664	5589	4060	1588
ATG10	1650	130	515	573	327	766	1239	210
RPS23	319133	10708	128352	40130	27723	65208	265544	16777
ATP6AP1L	614	39	137	98	94	189	464	50
TMEM167A	10190	366	4756	1439	943	2376	7543	574
XRCC4	1727	136	632	490	406	853	1315	251
VCAN	15589	498	5501	1854	2014	4507	10228	1182
HAPLN1	582	9	161	153	32	43	1228	16
EDIL3	280	93	214	290	149	217	278	48
COX7C	74960	1975	29225	7091	4814	10825	60368	2868
RASA1	1394	272	496	871	790	1500	1095	444
CCNH	3259	311	964	937	1185	2522	2182	603
TMEM161B	1280	124	339	310	361	834	712	175
MEF2C	147	44	59	72	128	186	243	40
CETN3	3404	112	1267	348	243	610	2670	189
MBLAC2	274	27	101	39	19	69	244	23
POLR3G	1681	17	658	92	43	95	1960	42
LYSMD3	643	63	275	188	140	209	576	62
ADGRV1	3370	962	1338	2616	2344	2940	3971	1076
ARRDC3	2283	192	483	340	360	1375	1920	155
NR2F1	15590	591	4913	3267	3757	3117	11271	859
FAM172A	1891	332	556	1219	935	1780	1387	527
POU5F2	246	7	70	21	15	30	159	7
KIAA0825	259	63	64	219	314	646	126	112
SLF1	4508	190	1120	712	600	1253	3001	385
MCTP1	81	27	32	278	349	467	64	69
FAM81B	71	8	9	27	58	29	260	5
TTC37	3997	237	1379	875	571	1155	2959	314
ARSK	1170	57	523	210	164	291	1021	98
GPR150	21	0	2	2	0	1	18	1
RFESD	524	14	106	46	41	76	377	27
SPATA9	19	0	1	8	9	10	14	0
RHOBTB3	4881	224	783	585	529	1104	4572	403
GLRX	1731	65	627	194	185	291	1234	102
ELL2	281	42	116	215	207	406	139	77
PCSK1	855	54	17	72	30	35	361	61
CAST	4631	301	1754	1052	426	871	4970	334
ERAP1	427	24	109	115	78	131	361	44
ERAP2	20	3	3	4	4	4	12	2
LNPEP	997	63	337	263	235	375	691	101
LIX1	15438	823	4039	2046	1251	4196	7751	1238
RIOK2	2366	84	912	324	218	515	1914	114
RGMB	1401	58	328	199	93	174	1234	92
CHD1	7579	335	2372	1462	862	2014	5177	629
FAM174A	507	26	280	95	84	129	587	32
ST8SIA4	947	74	34	201	205	644	414	124
SLCO4C1	49	7	13	18	18	11	62	5
SLCO6A1	86	13	2	490	494	35	34	7
PAM	3463	808	743	2137	1765	3755	1950	1225
GIN1	732	45	206	106	66	190	573	57
PPIP5K2	3763	215	1090	776	601	1408	1995	384
C5orf30	1781	32	317	126	132	354	950	110
NUDT12	1018	42	286	195	134	282	490	59
EFNA5	7288	1396	4998	8447	2429	9188	4201	2050
FBXL17	892	377	269	1563	1193	2185	601	490
FER	1672	431	400	1669	1406	2417	1115	706
PJA2	3996	313	1729	1138	996	1564	3456	297
MAN2A1	1604	248	1090	708	497	1039	1335	317
TMEM232	182	114	58	562	668	963	179	212
SLC25A46	1117	87	552	287	198	443	896	91
TSLP	21	0	2	3	1	1	21	1
WDR36	1991	93	626	353	243	599	1390	147
CAMK4	799	50	80	265	201	484	225	123
STARD4	2211	77	581	381	175	524	1774	143
NREP	16173	535	4482	1956	1761	4760	10599	1000
EPB41L4A	291	86	52	351	310	351	340	82
APC	3068	287	975	1035	921	1432	2038	396
SRP19	7789	334	2842	1393	911	1921	6025	525
REEP5	2999	138	1667	548	429	605	3344	171
DCP2	5143	233	2183	923	523	1547	4153	370
MCC	513	166	223	432	429	693	870	179
TSSK1B	4	0	1	0	0	1	3	0
YTHDC2	2460	190	612	689	508	1045	1630	270
KCNN2	327	38	250	298	137	189	293	59
TRIM36	696	74	127	225	177	539	664	90
PGGT1B	2032	89	625	335	259	480	1346	116
CCDC112	3591	153	1046	483	444	935	2905	272
FEM1C	643	41	237	174	105	262	462	84
TICAM2	9	10	2	30	34	46	4	13
TMED7	2421	91	1065	444	254	599	2265	145
CDO1	3253	175	865	605	473	670	4001	229
ATG12	5291	162	1831	739	428	919	4387	307
AP3S1	6817	300	1919	1053	692	1026	6252	423
LVRN	4	3	3	4	5	8	5	2
ARL14EPL	0	1	0	0	0	0	2	0
COMMD10	3863	375	1266	1294	854	2029	3107	624
SEMA6A	9229	383	4271	1623	1037	1375	7777	560
DTWD2	697	81	209	273	242	421	737	118
DMXL1	837	147	339	617	433	740	741	220
TNFAIP8	1637	90	438	267	240	536	1310	118
HSD17B4	6313	257	2757	896	623	1221	5987	315
FAM170A	0	0	0	0	0	0	0	0
PRR16	465	127	24	440	152	195	194	160
FTMT	0	0	0	0	0	0	0	0
SRFBP1	3908	170	1361	674	453	980	3211	255
LOX	104	4	8	12	8	31	325	5
ZNF474	26	4	3	7	3	0	27	0
AC010255.3	0	3	1	7	2	4	0	1
SNCAIP	396	45	70	166	217	355	208	67
SNX2	7657	274	3051	1124	762	1392	6477	431
SNX24	2396	171	525	653	490	657	1902	196
PPIC	489	29	270	125	105	67	1436	18
PRDM6	6	2	2	8	10	6	14	4
CEP120	488	62	205	222	151	320	377	90
CSNK1G3	2638	174	954	684	481	1099	2125	314
ZNF608	3932	523	2054	2793	916	2071	3081	538
GRAMD2B	318	38	272	121	53	110	284	29
ALDH7A1	10440	408	4115	1600	1049	2534	9166	735
PHAX	6833	196	2400	815	605	1239	5216	354
TEX43	0	0	0	3	0	2	1	1
LMNB1	14960	484	3949	1558	1108	3469	9937	848
MARCH3	306	37	165	141	102	199	225	89
C5orf63	557	54	172	13	53	196	102	15
MEGF10	602	73	113	255	603	852	340	162
PRRC1	1431	94	762	325	216	265	1400	98
CTXN3	9	0	21	0	0	3	5	0
CCDC192	42	11	11	52	108	15	30	24
SLC12A2	1772	108	767	456	287	510	1495	177
FBN2	2768	863	1317	2197	1068	2681	2849	897
SLC27A6	31	69	20	259	104	268	35	67
ISOC1	3336	119	887	295	163	304	2567	130
ADAMTS19	971	234	263	331	321	1341	1397	221
MINAR2	21	3	40	7	6	19	14	7
CHSY3	52	27	23	137	109	195	27	86
HINT1	91492	2752	31025	11388	7691	15001	69818	4180
LYRM7	1829	55	663	185	129	332	1388	86
CDC42SE2	2705	297	967	1092	1009	1898	2196	522
RAPGEF6	487	216	182	909	709	1271	315	412
FNIP1	1754	238	870	957	702	1265	1415	356
MEIKIN	0	3	0	2	4	3	0	2
ACSL6	54	1	6	7	11	38	19	8
IL3	0	0	0	0	0	0	0	0
CSF2	0	0	0	0	0	0	0	0
P4HA2	821	37	438	213	111	137	1682	47
PDLIM4	2348	83	836	326	194	372	2189	119
SLC22A4	11	9	9	18	33	42	16	8
SLC22A5	279	15	49	48	54	91	299	28
IRF1	267	8	86	20	21	42	232	17
IL5	1	0	0	1	0	4	1	1
RAD50	634	231	248	881	667	1701	407	439
IL13	2	0	0	0	0	0	1	1
IL4	0	0	0	0	0	0	0	0
KIF3A	4324	171	1552	635	474	1031	3026	290
CCNI2	2	0	0	0	1	0	4	0
SEPTIN8	856	28	344	81	63	171	550	40
SOWAHA	2	0	0	0	0	0	4	0
SHROOM1	224	4	73	36	23	28	271	10
GDF9	15	1	3	1	1	6	10	2
UQCRQ	19223	385	5848	1597	1167	2419	14426	629
LEAP2	500	6	105	56	42	78	346	18
AFF4	2916	304	1204	1284	820	1420	2514	447
ZCCHC10	3562	154	1094	543	449	799	2520	211
HSPA4	12305	388	5419	1692	929	2121	9387	495
FSTL4	22	7	19	68	73	66	19	8
C5orf15	3439	148	1551	555	319	755	3213	198
VDAC1	22157	672	7645	2520	1432	3175	17754	946
TCF7	911	28	234	118	89	160	792	57
SKP1	42892	1309	14809	5385	3737	6290	33401	1828
PPP2CA	9994	365	3301	1346	985	2146	7182	596
CDKL3	643	95	223	337	289	523	586	113
UBE2B	6997	290	2525	1113	829	1604	5662	392
CDKN2AIPNL	4565	128	1990	496	350	785	3891	201
JADE2	156	0	115	10	7	9	210	6
SAR1B	2820	128	968	474	312	636	2307	184
SEC24A	712	72	381	279	170	269	629	66
CAMLG	8118	298	3023	1191	1029	1709	6884	486
DDX46	20946	582	6471	2418	1466	3761	15690	985
C5orf24	4595	143	1581	470	314	756	3522	196
TXNDC15	2680	88	919	407	300	497	2202	141
PCBD2	1162	90	214	257	274	491	710	145
CATSPER3	12	0	6	1	2	5	16	0
PITX1	52	1	11	11	5	11	52	3
H2AFY	32400	662	7243	3017	1992	4676	18465	1332
DCANP1	0	0	0	0	0	0	0	0
TIFAB	0	0	0	0	0	0	1	0
NEUROG1	445	20	20	45	18	20	219	11
CXCL14	341	61	132	202	90	31	1018	24
SLC25A48	27	4	3	11	14	14	18	8
IL9	0	0	0	0	0	0	0	0
LECT2	0	0	0	0	0	2	0	0
TGFBI	166	3	104	11	5	12	207	12
SMAD5	5009	227	2127	987	610	1345	3525	345
SMIM32	25	0	19	4	0	3	150	1
TRPC7	0	0	0	1	1	0	0	1
SPOCK1	587	49	784	358	145	332	255	82
KLHL3	475	41	207	163	146	278	402	90
HNRNPA0	36293	706	10289	2989	2270	5449	25442	1366
MYOT	0	4	0	6	7	15	0	2
PKD2L2	65	10	9	41	27	62	31	29
FAM13B	1558	246	509	935	676	1378	1076	402
WNT8A	32	1	4	2	3	1	101	2
NME5	1704	92	280	349	305	499	1339	111
BRD8	4317	140	1103	454	437	1034	2821	264
KIF20A	2199	51	634	144	99	235	1448	91
CDC23	2472	83	889	339	234	543	1870	130
GFRA3	14	0	11	4	6	22	24	6
CDC25C	2051	132	520	482	398	817	1256	247
FAM53C	2594	87	900	377	198	531	1962	144
KDM3B	3374	219	1301	987	790	1454	2591	371
REEP2	2074	57	743	244	176	332	1731	108
EGR1	10389	129	1046	1398	781	1455	5361	136
ETF1	4328	177	1819	769	400	1021	3377	246
HSPA9	14929	310	5342	1263	697	1699	11262	455
CTNNA1	8961	484	3362	1674	1244	2141	7480	711
LRRTM2	127	2	18	10	9	17	32	6
SIL1	1040	176	374	568	332	559	884	237
MATR3	75	5	26	11	5	23	83	13
MATR3.1	945	53	302	221	128	397	621	87
PAIP2	18616	599	5674	2140	1508	3420	14028	933
SLC23A1	4	1	0	6	13	7	2	4
MZB1	6	0	1	1	2	3	11	0
PROB1	30	1	16	1	3	4	25	0
SPATA24	854	12	238	87	63	145	705	26
DNAJC18	1857	94	674	326	294	502	1630	133
ECSCR	12	0	5	1	0	1	26	0
SMIM33	1	0	0	0	0	1	3	1
TMEM173	9	0	1	4	0	0	14	1
UBE2D2	20760	720	6815	2836	1936	3688	16970	1130
CXXC5	7635	207	2694	757	629	889	5819	241
PSD2	7	1	10	4	4	9	10	2
NRG2	120	9	18	224	30	29	123	18
PURA	1270	35	791	214	133	266	1420	65
IGIP	29	1	6	6	2	7	29	1
CYSTM1	4409	301	2822	1239	970	1063	5628	367
PFDN1	7360	241	2512	913	627	1476	5660	388
HBEGF	108	5	63	20	15	32	98	10
SLC4A9	7	2	3	8	7	8	6	5
ANKHD1	913	443	365	1551	1205	2409	677	700
SRA1	4388	171	1772	547	336	826	3121	274
EIF4EBP3	4	15	7	52	36	79	6	20
APBB3	219	5	95	17	21	36	243	7
SLC35A4	2050	36	634	139	107	178	1439	53
CD14	8	0	2	1	0	2	9	1
NDUFA2	15175	460	5143	1644	1048	2124	11808	598
TMCO6	585	25	180	51	46	88	432	15
IK	9921	387	3404	1424	919	2129	8499	517
WDR55	1021	27	385	109	70	151	930	38
DND1	24	0	13	3	7	8	26	5
HARS	3467	112	1306	381	276	576	2838	159
HARS2	899	45	280	155	125	208	852	58
ZMAT2	7416	233	2520	888	689	1260	5333	354
PCDHA1	7	4	9	3	4	10	2	3
PCDHA2	57	1	16	11	0	5	4	6
PCDHA3	14	0	13	4	2	1	8	2
PCDHA4	226	16	96	27	20	69	219	9
PCDHA5	78	2	35	36	12	34	38	3
PCDHA6	71	0	4	13	3	4	11	7
PCDHA7	33	1	5	5	5	1	61	0
PCDHA8	13	0	3	1	2	4	3	1
PCDHA9	120	16	90	53	38	61	198	22
PCDHA10	444	28	351	160	116	127	299	77
PCDHA11	45	1	32	10	13	12	16	1
PCDHA12	643	17	218	74	42	109	609	40
PCDHA13	43	2	21	7	9	17	22	2
PCDHAC1	68	2	29	14	5	11	35	3
PCDHAC2	15	0	9	2	1	2	8	2
PCDHB1	6	1	1	2	2	2	5	1
PCDHB2	1733	34	630	236	239	307	1809	77
PCDHB3	76	2	43	10	11	21	82	3
PCDHB4	143	8	42	21	22	28	105	6
PCDHB5	391	33	615	319	13	70	169	57
PCDHB6	38	0	31	8	4	9	26	1
PCDHB7	13	0	8	4	2	4	13	2
PCDHB8	1	0	2	1	2	1	2	1
PCDHB16	282	6	124	69	30	31	329	23
PCDHB9	177	6	87	19	14	27	200	15
PCDHB10	207	7	137	47	26	37	329	8
PCDHB11	82	5	53	14	9	24	94	10
PCDHB12	54	4	43	26	6	22	57	7
PCDHB13	123	5	56	10	17	13	133	4
PCDHB14	384	16	164	51	32	67	382	16
PCDHB15	519	29	342	102	33	66	294	21
TAF7	13645	379	4153	1775	1252	2411	11451	629
SLC25A2	1	0	4	0	0	0	3	0
PCDHGA1	30	1	21	34	3	9	16	3
PCDHGA2	6	1	11	1	0	2	9	1
PCDHGA3	3	0	2	4	0	0	8	3
PCDHGB1	10	1	11	5	0	4	7	0
PCDHGA4	2	0	6	2	0	1	3	1
PCDHGB2	3	0	3	1	4	2	12	0
PCDHGA5	37	0	23	10	0	4	19	3
PCDHGB3	0	0	0	1	0	0	0	0
PCDHGA6	48	0	37	13	2	5	47	2
PCDHGA7	10	0	8	4	0	1	9	0
PCDHGB4	20	1	23	10	0	23	3	1
PCDHGA8	75	1	53	22	2	18	23	1
PCDHGB5	6	0	7	12	1	4	7	0
PCDHGA9	19	1	10	6	1	8	11	4
PCDHGB6	695	55	187	92	158	157	789	52
PCDHGA10	453	32	338	124	73	164	535	57
PCDHGB7	363	6	76	57	15	20	222	10
PCDHGA11	22	2	11	12	6	4	19	0
PCDHGA12	50	0	13	18	2	7	29	4
PCDHGC3	34	14	65	38	31	70	164	11
PCDHGC4	33	0	1	2	2	5	14	1
PCDHGC5	3	0	0	1	0	0	2	0
DIAPH1	2797	139	934	525	283	838	2012	186
HDAC3	6460	210	1790	670	464	1057	4962	312
RELL2	222	7	134	18	31	21	265	10
FCHSD1	166	2	91	18	15	37	170	7
ARAP3	491	34	281	110	61	177	378	50
PCDH1	361	6	261	26	34	43	291	16
DELE1	1758	66	615	181	170	342	1281	90
PCDH12	2	0	1	3	7	13	2	1
RNF14	729	46	342	148	94	183	695	65
GNPDA1	7482	268	3512	883	845	1476	5604	406
NDFIP1	7432	321	2832	1260	1075	1738	6004	401
SPRY4	232	8	201	68	20	31	298	16
FGF1	4	7	3	14	6	4	12	1
ARHGAP26	380	80	238	388	288	417	271	122
NR3C1	200	8	45	37	30	47	299	15
HMHB1	0	0	0	0	0	0	0	0
YIPF5	3435	119	1652	451	286	668	3132	161
KCTD16	56	38	33	95	79	127	53	43
PRELID2	1111	195	366	640	346	1234	941	281
GRXCR2	0	1	1	2	0	0	0	0
SH3RF2	40	7	14	14	33	44	42	10
PLAC8L1	40	3	26	20	15	50	22	11
LARS	12054	422	3628	1495	962	2323	8985	616
RBM27	1461	244	567	958	606	1317	1060	345
POU4F3	5	2	2	1	0	2	2	0
TCERG1	10183	368	3118	1536	938	2221	6915	677
GPR151	1	0	1	0	1	0	0	0
PPP2R2B	2494	76	1157	300	587	1139	833	442
STK32A	30	4	35	24	6	16	34	8
DPYSL3	7397	235	3848	866	755	2116	4504	400
JAKMIP2	3225	314	569	1071	1032	1914	2191	540
SPINK1	24	1	20	2	0	2	88	0
SCGB3A2	962	2	796	22	21	36	948	10
C5orf46	0	0	0	0	0	1	0	0
SPINK5	707	157	222	527	29	617	217	177
SPINK14	0	0	0	2	0	2	0	0
SPINK6	0	0	0	1	2	1	0	0
MARCOL	0	0	0	1	2	2	0	0
SPINK13	3	2	3	0	2	6	0	1
SPINK7	0	0	0	0	0	1	0	0
SPINK9	1	0	0	1	0	4	1	1
FBXO38	690	70	264	270	197	429	475	82
HTR4	1	0	0	1	1	1	0	0
ADRB2	40	0	10	2	1	6	34	1
SH3TC2	34	1	3	14	10	41	19	5
ABLIM3	4	0	2	3	1	12	4	4
AFAP1L1	24	3	15	12	13	9	38	5
GRPEL2	658	30	275	108	61	139	473	30
PCYOX1L	761	28	179	43	47	124	454	24
IL17B	1	2	1	1	0	5	3	2
CSNK1A1	14563	570	5026	2367	1614	3454	10808	937
ARHGEF37	112	13	40	34	37	72	68	16
PPARGC1B	249	10	142	31	27	30	175	11
PDE6A	5	0	0	3	1	2	2	0
SLC26A2	1471	41	605	182	99	220	1076	65
TIGD6	443	9	126	37	44	57	448	19
HMGXB3	1782	73	722	344	218	382	1393	126
CSF1R	4	0	1	4	3	2	2	1
PDGFRB	301	22	53	61	55	50	468	17
CDX1	112	0	8	6	0	4	282	1
SLC6A7	0	0	0	0	1	0	3	1
CAMK2A	58	7	12	63	66	59	69	9
ARSI	78	3	65	23	12	13	149	3
TCOF1	5678	104	2136	494	216	489	4204	151
CD74	673	30	477	128	81	155	817	34
RPS14	300978	9926	127432	32499	27815	55046	246805	15100
NDST1	956	59	329	242	147	235	625	99
SYNPO	39	2	7	5	11	11	17	2
MYOZ3	522	9	84	12	32	66	491	13
RBM22	4699	157	1266	575	387	941	3489	252
DCTN4	1853	184	627	623	495	853	1346	240
SMIM3	1095	22	461	94	64	159	719	32
IRGM	2	2	2	3	5	16	1	4
ZNF300	90	32	365	183	119	387	8	48
GPX3	413	9	281	49	12	54	546	23
TNIP1	1476	33	514	159	67	219	2092	54
ANXA6	3088	132	1081	371	157	244	3690	160
CCDC69	85	5	59	24	17	19	117	8
GM2A	429	34	346	63	35	97	525	29
SLC36A3	0	0	0	1	0	1	0	0
SLC36A2	2	1	0	4	0	0	2	0
SLC36A1	185	15	71	63	59	105	176	25
FAT2	1	0	3	5	5	9	2	3
SPARC	10876	504	4485	1963	1753	2246	14583	509
ATOX1	11525	325	5154	1550	1127	1902	8917	527
G3BP1	14335	454	5397	2016	1344	3152	10679	894
GLRA1	2	2	0	13	17	15	6	7
NMUR2	3	1	1	2	2	3	4	1
GRIA1	118	39	72	204	106	128	142	42
FAM114A2	1366	43	376	197	159	268	1029	59
MFAP3	250	71	87	233	164	325	198	73
GALNT10	606	84	194	408	194	226	534	81
SAP30L	1730	53	614	244	170	314	1443	58
HAND1	122	11	22	21	21	33	140	11
LARP1	6538	189	2785	840	553	1032	4963	288
FAXDC2	284	54	93	118	127	244	365	95
CNOT8	1930	89	709	300	233	458	1515	118
GEMIN5	1787	60	470	216	138	320	1106	80
MRPL22	9616	290	3511	1221	587	1343	7652	397
KIF4B	25	0	6	1	1	3	7	0
SGCD	28	19	11	212	141	81	35	47
PPP1R2B	4	0	2	0	0	1	5	0
TIMD4	0	0	1	1	0	0	1	1
HAVCR1	0	0	0	3	1	0	1	0
HAVCR2	15	14	2	46	26	75	12	30
MED7	2588	87	879	264	201	378	2021	104
ITK	0	2	0	4	1	4	1	1
FAM71B	0	0	0	0	0	0	0	0
CYFIP2	2609	148	877	375	270	571	1348	243
FNDC9	0	3	0	4	3	5	0	2
ADAM19	474	52	226	223	144	188	482	51
NIPAL4	0	0	1	6	1	0	1	2
SOX30	25	16	3	34	95	67	33	28
C5orf52	0	0	0	3	1	1	5	0
THG1L	2069	70	578	215	164	413	1338	113
LSM11	388	12	107	76	51	70	314	20
CLINT1	5325	247	2201	1061	641	1403	4192	376
EBF1	257	78	14	63	56	267	78	95
RNF145	2912	221	1112	687	483	1058	2357	320
UBLCP1	4911	167	2086	646	424	966	1913	237
IL12B	0	0	0	0	0	0	0	0
ADRA1B	8	1	6	5	2	5	8	1
TTC1	5686	210	2181	843	574	1166	4649	368
PWWP2A	3008	205	1213	663	440	920	2454	290
FABP6	81	3	92	3	13	15	80	4
CCNJL	768	61	263	151	134	286	578	74
C1QTNF2	92	1	17	3	4	15	45	3
ZBED8	684	26	226	93	69	141	529	32
SLU7	2587	97	1185	364	274	615	2464	166
PTTG1	31263	901	8096	2584	1789	4789	23060	1537
ATP10B	23	1	0	6	4	9	2	2
GABRB2	217	10	7	34	23	112	276	30
GABRA6	0	0	0	1	3	1	0	1
GABRA1	0	0	0	0	0	0	1	2
GABRG2	99	7	50	15	20	40	36	0
CCNG1	17615	569	9516	1959	1001	2419	13207	789
NUDCD2	10512	273	3365	870	753	1483	8230	481
HMMR	7936	232	2129	922	498	1454	5378	456
MAT2B	2852	120	904	339	339	805	1993	170
TENM2	187	801	72	1828	2756	3338	456	615
WWC1	658	67	177	232	263	464	431	113
RARS	5537	222	2015	924	501	1147	4398	306
FBLL1	89	3	14	8	10	8	24	3
PANK3	2998	122	1080	570	390	1000	2377	249
SLIT3	657	453	67	1626	3306	1062	1230	607
SPDL1	3540	131	1157	499	316	729	2589	211
DOCK2	24	1	26	17	9	14	18	3
INSYN2B	10	2	0	12	6	0	6	0
FOXI1	0	0	0	0	0	0	0	0
C5orf58	52	1	10	4	8	0	68	0
LCP2	3	0	1	0	0	2	4	0
KCNIP1	284	58	33	191	192	211	314	81
KCNMB1	10	1	19	14	2	4	42	2
GABRP	9	0	11	1	0	3	10	3
RANBP17	1967	353	598	1610	1161	2334	1087	584
TLX3	17	1	5	10	11	18	43	4
NPM1	131986	5073	43642	15693	9067	23762	108871	7319
FGF18	930	68	80	119	19	69	1369	97
SMIM23	0	1	0	3	0	0	0	0
FBXW11	3000	279	1251	1152	765	1718	2113	429
STK10	170	16	110	75	51	96	154	42
EFCAB9	8	1	6	4	6	7	13	4
UBTD2	3302	241	979	1058	845	1834	1894	473
SH3PXD2B	1919	175	524	575	422	727	1312	244
NEURL1B	235	27	80	56	41	114	211	19
DUSP1	2101	58	381	260	218	319	2121	77
ERGIC1	3762	146	1115	568	323	716	2906	231
RPL26L1	7249	291	2500	1101	625	1442	6033	431
ATP6V0E1	9595	316	5027	1402	894	1760	8323	460
CREBRF	887	71	448	206	163	295	909	73
BNIP1	1393	42	395	146	100	216	1053	63
NKX2-5	37	4	1	0	0	0	25	0
STC2	488	12	359	141	29	78	1660	17
BOD1	17443	495	6534	1812	1092	2808	13834	738
CPEB4	592	72	376	234	112	204	540	59
C5orf47	8	5	5	15	7	12	23	3
NSG2	13	1	3	4	4	8	18	0
MSX2	2089	173	449	300	300	347	5505	79
DRD1	1	0	0	1	1	4	19	0
SFXN1	5685	253	1687	1012	697	1383	4270	405
HRH2	221	5	76	11	27	34	83	7
CPLX2	13	3	4	29	15	118	21	15
THOC3	2513	158	873	398	227	749	678	221
FAM153B	0	0	0	5	1	1	5	0
SIMC1	1245	149	312	577	455	709	877	238
KIAA1191	2937	80	1063	295	249	502	2328	128
ARL10	592	23	186	112	94	187	499	44
NOP16	2169	27	1066	162	87	240	1684	85
HIGD2A	15354	461	5659	1421	1366	2450	13428	603
CLTB	3168	103	1491	577	355	488	2835	137
FAF2	4579	225	1608	914	566	1124	3282	282
RNF44	1647	47	694	125	106	276	1333	84
CDHR2	4	2	1	3	4	9	5	4
GPRIN1	467	5	50	13	32	67	124	23
SNCB	32	0	26	4	1	6	50	0
EIF4E1B	0	0	12	0	0	0	6	1
TSPAN17	1212	29	431	107	45	99	1132	38
UNC5A	25	0	62	4	2	5	16	2
HK3	0	0	0	1	2	1	0	2
UIMC1	1819	138	670	600	459	787	1416	238
ZNF346	1704	75	494	296	274	486	1194	132
FGFR4	425	8	206	39	17	47	433	10
NSD1	8457	391	2582	1611	1332	2128	6335	596
RAB24	306	8	99	30	21	70	269	12
MXD3	2671	84	687	170	151	369	1630	141
PRELID1	30284	723	8830	2688	1666	3512	21654	1031
LMAN2	7800	231	3399	926	600	1131	7164	323
RGS14	633	26	277	67	63	107	1220	38
SLC34A1	0	0	0	0	0	0	0	0
PFN3	0	0	0	0	0	0	2	0
F12	333	5	203	32	38	65	598	19
GRK6	2429	64	819	221	169	338	1852	102
PRR7	5355	129	941	407	400	682	4717	178
DBN1	14891	329	4370	1163	895	2160	12650	452
PDLIM7	9218	306	4245	1408	1019	1721	9063	428
DOK3	47	2	18	11	15	24	31	12
DDX41	2317	52	736	180	110	250	2333	76
FAM193B	1263	70	377	241	161	309	950	94
TMED9	15447	416	5683	1446	885	1919	15927	505
B4GALT7	2225	59	763	247	160	297	1960	64
FAM153A	4	0	4	14	8	5	28	1
PROP1	0	0	0	1	1	1	0	0
N4BP3	585	15	301	90	42	75	737	20
RMND5B	2325	82	877	311	264	380	2103	115
NHP2	24867	529	6762	1917	1357	3045	16894	847
GMCL2	0	0	1	0	0	0	2	0
HNRNPAB	31850	788	11542	3094	1886	5589	21435	1442
PHYKPL	1662	143	461	483	291	567	1549	209
COL23A1	87	37	61	112	59	67	179	31
CLK4	983	57	244	177	156	264	720	55
AC113348.1	0	0	0	1	0	0	0	0
ZNF354A	1317	68	432	198	137	289	1161	96
ZNF354B	375	18	150	85	62	102	291	38
ZFP2	157	23	52	108	103	129	180	38
ZNF454	672	1	279	122	4	9	215	15
GRM6	29	0	6	6	0	2	11	1
ZNF879	252	8	96	43	25	56	237	11
ZNF354C	790	67	241	235	128	163	540	46
ADAMTS2	217	44	77	49	101	212	171	58
RUFY1	3204	159	736	680	451	839	2499	219
HNRNPH1	28599	453	8515	1880	1348	3958	18898	944
CBY3	1	7	0	4	16	6	5	3
CANX	20226	619	8529	2166	1441	3414	16799	859
MAML1	2037	102	577	408	297	589	1300	161
LTC4S	226	20	65	53	31	54	452	9
MGAT4B	4762	150	1859	501	293	598	5157	198
SQSTM1	4029	152	1878	598	364	624	3883	193
MRNIP	2342	91	592	300	239	459	2181	120
TBC1D9B	1990	46	693	274	204	311	1738	101
RNF130	9723	970	3979	3344	3040	6437	6555	1653
RASGEF1C	271	15	19	63	157	167	146	58
MAPK9	1793	83	645	379	250	480	1138	135
GFPT2	722	27	330	105	77	166	541	72
CNOT6	2336	203	770	738	545	1247	1538	327
SCGB3A1	26	1	17	5	5	13	45	1
FLT4	328	11	36	24	24	44	183	10
OR2Y1	0	0	0	0	0	0	0	0
MGAT1	2137	44	754	180	96	243	2055	66
ZFP62	1305	45	400	156	106	327	1027	55
BTNL8	5	3	0	1	5	1	2	0
BTNL3	0	0	0	0	0	0	0	0
BTNL9	11	0	1	2	0	3	7	0
OR2V1	0	0	0	0	0	0	0	0
OR2V2	0	0	0	2	0	0	0	0
TRIM7	5	0	0	0	0	0	1	1
TRIM41	851	27	265	71	59	157	628	52
RACK1	209933	5434	77501	18963	14061	31651	162475	8041
TRIM52	723	22	243	100	81	132	606	23
OR4F3	0	0	0	0	0	0	0	0
DUSP22	1353	46	656	120	95	250	1114	76
IRF4	5	0	10	1	0	2	10	0
EXOC2	1015	140	390	480	341	578	822	176
HUS1B	18	4	18	4	1	0	19	2
FOXQ1	11	0	2	3	1	4	113	1
FOXF2	7	0	0	1	2	0	62	0
FOXC1	312	12	25	5	4	9	296	7
GMDS	1144	105	415	398	271	524	842	192
MYLK4	10	1	3	8	7	8	10	3
WRNIP1	1380	73	500	258	182	377	1279	131
SERPINB1	846	47	261	237	174	155	1170	48
SERPINB9	1797	23	996	72	44	97	3985	17
SERPINB6	3675	90	934	436	297	629	2795	155
NQO2	3176	131	2295	423	271	435	4176	149
RIPK1	541	56	218	215	152	237	487	67
BPHL	3420	110	1010	416	307	700	2558	180
TUBB2A	9902	157	3536	907	510	837	14314	311
TUBB2B	73703	1351	16748	5641	4707	8491	62919	2342
PSMG4	2504	128	956	410	285	569	2283	179
SLC22A23	494	77	153	364	334	488	460	96
PXDC1	53	1	70	19	7	15	230	8
FAM50B	588	21	264	72	56	100	606	23
PRPF4B	9058	298	2675	1293	1016	2184	6316	492
FAM217A	0	4	0	22	26	46	1	11
C6orf201	2	1	1	7	5	4	3	0
ECI2	9676	250	2306	749	661	1245	6645	424
CDYL	3327	248	1110	871	602	1297	2422	370
RPP40	1327	18	354	84	59	162	897	47
PPP1R3G	44	1	17	8	3	5	97	2
LYRM4	8691	326	2448	1140	818	1837	7054	526
FARS2	1312	299	373	1170	923	1766	856	460
NRN1	503	30	217	479	185	150	2390	49
F13A1	31	1	10	8	2	1	26	0
LY86	0	0	0	0	0	1	0	0
RREB1	722	93	328	282	222	313	698	83
SSR1	3919	134	1645	419	350	812	3072	199
CAGE1	19	2	5	5	9	16	9	2
RIOK1	2805	79	848	268	183	399	1906	129
DSP	4234	149	1872	317	84	803	4445	157
SNRNP48	2640	110	942	313	191	455	2161	180
BMP6	186	32	18	93	220	356	223	39
TXNDC5	85	127	33	480	227	619	71	182
BLOC1S5	2293	113	859	326	265	619	1542	209
EEF1E1	11670	310	3820	1110	674	1699	8263	487
SLC35B3	698	49	253	206	146	262	668	66
TFAP2A	891	45	60	68	22	44	1191	18
GCNT2	578	62	360	195	130	216	518	71
C6orf52	530	21	114	63	56	136	402	36
PAK1IP1	4111	131	1391	435	272	659	2897	186
TMEM14C	20115	619	8240	2603	1473	2916	17153	922
TMEM14B	19024	600	5551	2500	1613	3082	14078	753
MAK	163	105	66	321	257	470	146	121
GCM2	0	2	1	1	0	3	0	1
SYCP2L	87	62	51	55	76	235	67	38
ELOVL2	314	20	211	209	103	334	98	58
SMIM13	719	25	232	112	90	208	488	48
ERVFRD-1	0	1	0	1	1	2	1	0
NEDD9	826	113	307	595	258	387	702	127
TMEM170B	640	52	225	207	115	280	412	89
ADTRP	4	1	1	6	1	0	6	1
HIVEP1	1272	191	516	861	470	901	1002	293
EDN1	127	6	112	35	11	20	108	2
PHACTR1	670	209	252	732	763	1971	462	425
TBC1D7	2929	104	1274	293	216	641	2620	161
GFOD1	156	1	78	30	28	38	136	10
SIRT5	1035	54	339	133	131	284	848	67
NOL7	12706	387	4060	1470	945	2182	10309	545
RANBP9	1810	192	735	678	483	970	1354	291
MCUR1	5635	167	2186	764	447	979	4511	265
RNF182	1000	65	254	215	221	363	738	119
CD83	578	26	169	73	54	102	684	31
JARID2	6149	404	2375	1474	1229	2956	4522	802
DTNBP1	2376	99	927	463	359	594	1812	199
MYLIP	509	45	285	99	60	77	464	50
GMPR	418	42	182	84	100	64	699	65
ATXN1	88	84	144	466	294	333	364	72
STMND1	13	1	6	2	1	6	15	1
RBM24	564	34	501	234	101	124	746	37
CAP2	2977	203	1167	1144	702	1070	2519	335
FAM8A1	671	39	318	134	100	200	601	51
NUP153	2133	192	674	805	508	1089	1373	293
KIF13A	1214	252	379	926	849	1286	1099	383
NHLRC1	85	1	7	2	4	13	81	2
TPMT	1476	46	562	195	131	309	1439	96
KDM1B	646	30	155	122	114	222	432	48
DEK	51034	1266	15026	5056	3752	9425	33714	2407
RNF144B	16	1	13	4	0	3	40	2
ID4	37936	436	3296	2639	6015	14741	10705	1370
MBOAT1	129	7	63	16	22	32	138	12
E2F3	3156	131	885	734	488	1236	2078	321
CDKAL1	2166	546	487	1977	1226	2669	1260	847
SOX4	27554	753	13171	2462	2693	5267	21093	1546
PRL	2	0	0	2	0	0	5	0
HDGFL1	2	0	0	0	0	0	1	0
NRSN1	4	0	0	1	1	1	4	0
DCDC2	25	4	19	15	10	7	35	2
KAAG1	0	0	0	0	0	0	1	0
MRS2	3330	99	1280	393	256	499	2798	141
GPLD1	516	20	101	86	69	118	400	34
ALDH5A1	593	23	173	104	108	148	452	42
KIAA0319	30	5	14	19	13	28	17	8
TDP2	2243	79	933	321	230	454	1456	123
ACOT13	5284	199	2672	772	528	816	6265	335
C6orf62	2805	83	1267	344	214	578	2283	148
GMNN	12374	304	3454	1294	751	1869	6952	595
ARMH2	1	0	0	0	0	0	0	0
RIPOR2	89	10	27	35	20	19	57	13
CARMIL1	839	175	399	725	563	767	738	223
SCGN	13	1	47	18	4	2	52	1
HIST1H2AA	3	0	7	0	0	0	0	0
HIST1H2BA	1	0	0	0	0	0	0	0
SLC17A4	0	1	0	0	0	0	0	0
SLC17A1	0	0	0	1	1	0	0	0
SLC17A3	2	1	2	2	0	0	1	1
SLC17A2	0	0	0	0	0	0	0	0
TRIM38	25	2	118	14	12	10	115	5
HIST1H1A	36	31	853	21	10	181	120	46
HIST1H3A	0	2	20	14	11	39	36	8
HIST1H4A	2	0	13	10	10	45	32	4
HIST1H4B	38	2	10	8	4	11	39	4
HIST1H3B	1193	48	338	170	141	339	693	116
HIST1H2AB	176	1	48	21	11	33	85	12
HIST1H2BB	0	1	1	14	17	1	0	0
HIST1H3C	2	2	1	14	17	0	0	1
HIST1H1C	4654	147	942	467	477	875	3374	242
HFE	85	5	28	17	11	23	88	7
HIST1H4C	72833	977	18478	3526	2663	5918	45448	1672
HIST1H1T	3	0	6	0	0	0	8	0
HIST1H2BC	369	23	115	79	38	104	217	28
HIST1H2AC	1119	95	373	190	166	449	1253	85
HIST1H1E	3095	157	787	411	316	687	1866	197
HIST1H2BD	406	47	145	97	77	144	563	45
HIST1H2BE	150	16	35	27	33	57	95	17
HIST1H4D	169	1	33	19	13	29	90	7
HIST1H3D	0	22	0	99	71	194	0	53
HIST1H2AD	2	8	0	9	5	46	3	7
HIST1H2BF	261	11	51	21	22	74	152	18
HIST1H4E	559	21	137	35	40	105	357	27
HIST1H2BG	220	18	66	23	16	39	202	24
HIST1H2AE	353	14	105	32	33	42	307	22
HIST1H3E	112	7	41	43	36	30	98	17
HIST1H1D	6724	394	1588	1186	889	1539	2693	471
HIST1H4F	82	6	31	11	10	19	1	7
HIST1H4G	0	0	0	0	0	0	0	0
HIST1H3F	401	14	106	44	34	101	209	41
HIST1H2BH	781	27	246	37	46	135	439	39
HIST1H3G	905	37	279	87	82	239	527	85
HIST1H2BI	66	3	27	3	2	7	45	3
HIST1H4H	440	21	134	47	59	131	337	31
BTN3A2	554	6	80	26	27	72	332	33
BTN2A2	710	33	264	142	99	184	549	54
BTN3A1	280	14	38	22	45	111	182	29
BTN3A3	28	4	8	15	10	17	24	5
BTN2A1	812	43	340	168	102	226	671	41
BTN1A1	4	0	0	0	0	0	4	0
HMGN4	4255	126	1465	472	411	835	3106	199
ABT1	4117	76	1454	384	261	647	3088	178
ZNF322	1649	134	591	563	382	716	991	191
HIST1H2BJ	171	14	64	26	23	60	145	14
HIST1H2AG	823	33	178	92	52	200	475	62
HIST1H4I	187	5	43	14	8	33	121	10
HIST1H2BK	100	3	38	5	6	25	80	11
HIST1H2AH	1289	52	216	207	144	319	577	94
PRSS16	101	2	71	5	2	11	89	2
POM121L2	0	1	0	1	0	1	0	0
ZNF391	341	23	102	33	50	69	154	15
ZNF184	725	35	197	91	82	180	523	58
HIST1H2BL	131	7	23	17	9	40	68	8
HIST1H2AI	81	14	16	64	83	63	36	19
HIST1H3H	296	13	85	48	23	79	209	33
HIST1H2AJ	165	2	43	17	16	33	83	12
HIST1H2BM	103	1	39	23	15	39	28	4
HIST1H4J	65	4	24	9	8	44	39	6
HIST1H4K	0	0	0	0	0	1	0	2
HIST1H2BN	457	44	72	69	60	125	277	37
HIST1H2AK	205	4	20	20	13	35	93	3
HIST1H2AL	289	11	51	33	17	46	128	13
HIST1H1B	4503	147	740	474	323	659	2088	163
HIST1H3I	190	7	42	28	12	37	12	10
HIST1H4L	24	4	0	7	7	9	0	6
HIST1H3J	136	34	35	54	55	144	87	40
HIST1H2AM	197	3	32	19	9	33	88	9
HIST1H2BO	90	2	23	8	3	6	40	2
OR2B2	0	0	0	0	0	0	0	0
OR2B6	31	2	15	1	1	1	21	2
ZNF165	175	6	113	16	22	29	169	6
ZSCAN16	964	31	371	131	93	186	711	42
ZKSCAN8	933	53	347	248	187	418	652	86
ZSCAN9	1178	51	333	196	139	324	908	87
ZKSCAN4	540	12	188	71	55	100	457	28
NKAPL	21	0	12	1	0	3	21	2
ZSCAN26	1351	67	399	285	225	417	959	108
PGBD1	1308	53	417	316	249	430	892	126
ZSCAN31	302	10	47	63	58	76	258	22
ZKSCAN3	357	16	137	62	59	151	283	28
ZSCAN12	632	48	163	131	112	247	479	59
ZSCAN23	191	60	46	128	116	290	104	51
GPX6	0	0	1	0	0	0	0	0
GPX5	0	0	0	1	0	0	0	0
ZBED9	27	21	10	76	49	105	21	28
TRIM27	97	96	29	379	257	615	57	169
ZNF311	10	22	14	5	41	114	56	3
OR2W1	0	0	0	0	0	0	0	0
OR2B3	0	0	0	0	0	0	0	0
OR2J1	0	0	0	0	0	0	0	0
OR2J3	0	0	0	0	0	1	0	0
OR2J2	0	0	0	0	1	1	0	0
OR14J1	0	0	0	1	1	3	0	2
OR5V1	0	0	0	1	1	2	0	0
OR12D3	0	0	0	0	0	0	0	0
OR12D2	0	0	0	0	0	0	0	0
OR11A1	0	0	0	0	0	1	0	0
OR10C1	0	0	0	0	0	0	0	0
OR2H1	0	0	0	0	0	0	0	0
MAS1L	0	0	0	0	0	0	0	0
OR2I1P	0	0	0	0	0	0	0	0
UBD	0	0	0	0	0	0	0	0
GABBR1	60	61	19	318	281	568	36	122
OR2H2	0	2	0	17	11	21	0	4
MOG	0	1	0	3	0	1	0	0
ZFP57	0	1	0	3	3	3	0	1
HLA-F	16	1	11	6	10	11	13	1
HLA-G	3	0	0	2	0	13	2	0
HLA-A	441	131	309	530	946	1647	363	399
ZNRD1	4957	229	1211	443	374	768	2520	299
PPP1R11	74	126	15	397	371	662	55	190
RNF39	0	0	0	0	3	2	0	0
TRIM31	0	0	0	1	1	0	0	1
TRIM40	0	0	0	0	0	0	0	0
TRIM10	0	0	0	0	0	0	0	0
TRIM15	0	0	1	0	0	0	0	0
TRIM26	86	57	36	269	205	296	79	93
TRIM39	6	15	1	72	53	84	5	22
RPP21	685	261	196	1014	691	1544	551	389
HLA-E	49	46	28	138	95	171	71	70
GNL1	404	66	174	280	214	408	385	116
PRR3	14	85	3	250	200	324	15	98
ABCF1	6477	233	2301	1117	698	1663	4884	431
PPP1R10	2131	236	693	812	671	1317	1731	424
MRPS18B	68	158	32	508	298	692	63	189
ATAT1	262	68	107	291	282	518	242	113
C6orf136	368	21	95	86	78	130	296	40
DHX16	893	44	375	227	128	278	621	62
PPP1R18	8	57	0	158	132	225	4	54
NRM	14	76	11	197	175	394	8	95
MDC1	357	131	82	481	337	730	262	151
TUBB	1033	3716	298	14758	9585	21531	673	7025
FLOT1	1149	147	553	678	466	939	1245	247
IER3	47	24	6	234	63	132	109	64
DDR1	61	88	27	368	329	581	43	149
GTF2H4	970	65	435	190	146	268	940	85
VARS2	194	14	35	64	45	97	124	21
SFTA2	1	0	2	1	0	3	1	0
MUCL3	0	0	0	1	0	0	0	0
MUC21	0	0	0	0	0	0	0	0
MUC22	0	0	0	0	1	0	0	0
C6orf15	0	0	0	0	0	0	0	0
PSORS1C1	0	0	0	2	1	0	0	0
CDSN	0	0	0	0	0	0	1	0
PSORS1C2	0	0	0	0	0	0	0	0
CCHCR1	679	38	349	237	118	243	583	81
TCF19	11	18	10	49	37	75	4	19
POU5F1	441	56	240	204	194	370	609	99
HLA-C	69	109	174	152	324	568	78	118
HLA-B	54	48	25	71	72	132	92	47
MICA	399	16	74	43	34	89	261	28
MICB	0	6	3	7	3	20	1	4
MCCD1	0	0	0	0	0	0	0	0
DDX39B	117	628	45	2234	1828	4702	101	1141
ATP6V1G2	3	6	0	38	37	64	5	17
NFKBIL1	12	80	4	313	269	462	11	129
LTA	0	0	0	0	0	1	0	1
TNF	0	0	0	0	0	0	0	0
LTB	0	1	0	4	0	1	0	0
LST1	2	1	2	1	1	1	6	1
NCR3	0	1	1	1	0	0	0	0
AIF1	96	8	111	14	7	14	272	9
PRRC2A	1880	129	586	475	357	680	1447	173
BAG6	3928	130	1444	421	306	611	3181	180
APOM	1089	32	239	121	88	214	710	62
C6orf47	0	29	0	114	75	152	0	30
GPANK1	510	95	148	224	218	503	366	133
CSNK2B	8527	382	2729	1478	1045	2396	6785	659
LY6G5B	0	8	0	23	18	40	0	12
LY6G5C	1	1	0	4	7	6	1	4
ABHD16A	14	80	6	315	237	441	8	116
LY6G6F	0	0	0	0	0	1	0	0
LY6G6E	0	0	0	0	2	1	0	0
LY6G6D	1	0	0	15	12	16	8	2
MPIG6B	0	1	0	9	6	9	0	6
LY6G6C	0	0	1	0	3	8	1	4
DDAH2	5676	645	1679	2157	1808	3360	6346	915
CLIC1	2275	813	923	3168	1992	4388	2336	1206
MSH5	29	93	4	255	215	405	16	103
SAPCD1	0	5	0	36	26	41	0	6
VWA7	1	0	0	0	0	3	3	1
VARS	1558	59	379	214	97	284	1043	104
LSM2	469	595	146	2208	1461	3298	481	913
HSPA1L	0	0	0	2	6	11	0	1
HSPA1A	2	152	0	543	106	507	1	151
HSPA1B	0	56	0	179	95	172	0	34
NEU1	8	96	8	362	194	331	10	92
SLC44A4	1	1	0	14	9	7	3	5
EHMT2	3854	242	1087	870	626	1188	2696	311
C2	0	5	2	24	23	22	0	13
ZBTB12	2	19	1	72	54	164	1	35
CFB	0	0	2	6	2	3	1	1
NELFE	7427	188	2141	777	563	1143	6208	362
SKIV2L	298	14	107	70	50	75	268	27
DXO	919	30	329	124	63	183	682	64
STK19	98	100	31	373	210	430	117	126
C4A	0	0	0	0	0	0	0	0
C4B	0	0	0	0	0	0	0	0
CYP21A2	0	0	0	1	1	1	0	0
TNXB	7	7	6	41	28	39	12	19
ATF6B	122	61	22	254	199	355	103	84
FKBPL	1	28	0	132	83	167	1	53
PRRT1	1	1	0	5	8	17	0	6
PPT2	4	34	0	107	67	143	0	39
EGFL8	0	12	1	43	40	77	3	16
AGPAT1	48	106	32	435	293	557	51	151
RNF5	77	344	12	1080	862	2066	42	508
AGER	73	7	24	15	9	27	60	11
PBX2	220	77	79	298	196	388	173	106
GPSM3	4	2	3	29	12	23	1	8
NOTCH4	0	7	1	19	25	51	0	15
TSBP1	0	14	0	120	81	141	0	49
BTNL2	0	2	0	7	8	5	0	0
HLA-DRA	9	0	5	9	7	7	8	3
HLA-DRB5	0	0	0	1	0	1	1	0
HLA-DRB1	13	15	13	21	35	6	46	5
HLA-DQA1	2	0	0	0	0	2	82	0
HLA-DQB1	316	4	0	92	14	26	2163	12
HLA-DQA2	0	0	0	0	0	0	1	0
HLA-DQB2	0	0	0	12	1	2	1	0
HLA-DOB	0	0	0	0	1	0	0	0
TAP2	2	3	2	7	13	36	0	5
PSMB8	23	6	49	10	5	18	47	2
PSMB9	7	4	24	2	2	3	11	1
TAP1	0	2	3	12	15	10	2	1
HLA-DMB	21	7	13	43	9	19	36	13
HLA-DMA	103	20	76	190	34	40	184	19
BRD2	1246	167	388	626	340	893	1154	292
HLA-DOA	2	2	1	4	2	8	4	2
HLA-DPA1	18	1	7	4	10	0	16	2
HLA-DPB1	282	44	112	173	127	101	326	41
COL11A2	5	7	1	9	3	13	13	3
RXRB	27	25	14	80	65	173	25	36
SLC39A7	1992	199	685	731	440	823	1785	233
HSD17B8	530	49	136	55	32	90	674	26
RING1	168	85	30	336	282	540	169	122
VPS52	44	41	24	132	96	204	32	52
RPS18	389347	11794	147759	40193	31142	68005	311967	17244
B3GALT4	0	16	0	49	68	48	0	14
WDR46	2185	59	711	281	164	420	1924	109
PFDN6	4926	153	1822	681	416	933	4273	280
RGL2	28	42	5	117	72	142	30	39
TAPBP	25	55	15	209	172	204	37	60
ZBTB22	0	34	0	118	73	133	0	33
DAXX	1982	81	606	387	276	594	1238	174
SMIM40	0	0	0	0	0	1	0	0
KIFC1	2884	154	749	572	344	910	1800	289
PHF1	174	60	56	168	111	246	124	48
CUTA	27360	1001	9651	4214	2419	5284	20899	1377
SYNGAP1	224	85	67	340	236	390	183	118
ZBTB9	0	8	1	45	29	81	2	22
BAK1	768	20	251	104	49	115	494	37
ITPR3	42	1	55	12	5	11	89	6
UQCC2	24663	778	8082	2571	1305	2893	18359	898
IP6K3	13	0	34	1	1	4	12	2
LEMD2	1389	41	481	139	65	219	1166	58
MLN	8	0	33	18	0	2	33	3
GRM4	56	2	57	8	4	5	131	4
HMGA1	83689	1336	31560	5241	2997	8471	61772	2360
SMIM29	812	30	359	103	81	115	1011	34
NUDT3	4805	96	1304	292	248	600	2986	183
RPS10-NUDT3	86	36	28	136	87	193	72	67
RPS10	42502	1212	13216	4503	2803	6248	33595	2082
PACSIN1	120	11	63	34	38	33	156	9
SPDEF	11	1	5	3	6	0	12	0
ILRUN	1215	118	689	482	301	572	1028	174
SNRPC	20977	500	6862	1892	1170	2894	16744	869
UHRF1BP1	652	61	234	270	218	391	418	101
TAF11	5233	158	2056	622	395	872	3888	223
ANKS1A	1285	208	435	703	584	964	993	273
TCP11	12	7	9	6	0	18	18	2
SCUBE3	2611	126	1064	541	393	696	1840	183
ZNF76	1282	48	342	183	131	309	914	76
DEF6	88	11	25	18	9	27	154	9
PPARD	466	35	159	177	122	202	350	71
FANCE	612	17	274	69	41	101	599	34
RPL10A	213511	5979	78780	19396	15618	35248	159685	9120
TEAD3	663	36	351	143	87	204	677	49
TULP1	62	19	44	8	19	26	113	4
FKBP5	2269	151	631	523	130	495	1399	160
ARMC12	107	2	18	24	4	20	130	10
CLPSL2	72	1	45	7	5	4	99	10
CLPSL1	18	1	5	3	1	4	22	0
CLPS	1	0	1	1	0	0	2	0
LHFPL5	139	31	41	93	89	192	99	49
SRPK1	13004	504	3740	1844	1187	2712	8766	754
SLC26A8	20	3	6	14	14	14	9	6
MAPK14	1357	123	541	573	386	667	1051	245
MAPK13	101	3	67	17	6	23	142	6
BRPF3	986	34	289	172	121	232	676	56
PNPLA1	0	4	0	3	2	3	1	0
BNIP5	0	1	0	0	0	1	1	0
ETV7	18	3	13	4	0	4	16	2
PXT1	9	2	2	4	4	6	5	1
KCTD20	2899	133	876	520	363	670	1973	188
STK38	1106	134	364	426	332	644	953	148
SRSF3	63799	1571	15841	6460	3945	10676	41417	2868
CDKN1A	606	59	421	128	15	95	532	79
RAB44	0	0	0	0	2	2	0	0
CPNE5	16	2	15	10	6	17	23	0
PPIL1	7946	206	2321	641	454	1118	6255	293
C6orf89	1542	72	485	278	179	372	1347	103
PI16	3	0	3	2	1	1	7	0
MTCH1	15001	407	6815	1580	989	2145	13402	557
FGD2	2	0	0	0	1	0	4	0
PIM1	2845	78	452	273	168	327	2572	114
TMEM217	27	3	25	2	5	5	30	1
AL353579.1	0	0	0	0	0	0	0	0
TBC1D22B	434	59	173	155	110	188	337	41
RNF8	3578	131	1297	527	302	698	2616	207
CMTR1	977	45	314	165	129	261	804	56
CCDC167	9565	273	2634	1157	795	1261	6960	484
MDGA1	136	15	51	60	63	63	138	18
ZFAND3	2530	733	1032	3118	1963	3543	2403	1035
BTBD9	274	334	103	1452	1135	1674	210	476
GLO1	18944	504	5557	1885	1357	2963	13750	838
DNAH8	2	6	0	6	4	7	0	6
GLP1R	66	5	14	6	7	40	24	12
SAYSD1	1865	48	489	154	125	271	1258	68
KCNK5	258	7	94	19	7	17	152	9
KCNK17	6	2	4	0	0	4	13	2
KCNK16	0	0	0	1	0	0	0	1
KIF6	138	11	37	59	52	135	83	48
DAAM2	201	9	51	38	67	89	101	19
MOCS1	341	14	144	36	31	56	255	19
LRFN2	8	2	1	5	3	3	8	1
UNC5CL	71	3	34	12	6	9	45	8
OARD1	7241	253	2314	740	611	1315	5147	339
TSPO2	0	0	0	0	0	1	0	0
APOBEC2	7	3	0	6	12	21	9	4
NFYA	604	36	220	132	76	143	456	45
TREML1	0	0	1	0	1	0	0	0
TREM2	4	0	3	0	0	0	2	0
TREML2	0	0	0	0	0	0	0	0
TREML4	0	0	0	0	0	0	0	0
TREM1	0	0	0	0	0	0	1	0
NCR2	0	0	0	0	0	0	0	0
FOXP4	1330	62	497	267	78	119	1127	54
MDFI	3826	94	1150	421	178	339	3679	88
TFEB	50	2	44	17	10	8	291	6
PGC	0	0	1	0	0	0	4	1
FRS3	191	5	72	23	16	27	139	11
PRICKLE4	0	2	0	2	1	8	0	2
TOMM6	0	703	0	2793	1689	3538	0	987
USP49	1666	149	668	590	440	947	938	272
MED20	990	35	322	131	78	207	752	48
BYSL	2113	42	756	147	70	219	1569	79
CCND3	766	27	373	82	56	142	670	46
TAF8	1574	83	595	225	214	420	1254	114
C6orf132	216	2	184	22	17	68	219	5
AL096814.2	16	0	7	1	2	3	24	1
GUCA1A	0	0	0	0	0	0	0	0
AL096814.1	0	0	0	0	0	0	0	0
GUCA1B	78	12	34	24	17	51	78	15
MRPS10	5071	167	1812	592	349	839	3723	229
TRERF1	867	159	314	634	618	982	592	297
UBR2	1163	173	553	613	374	712	931	196
PRPH2	9	2	8	2	5	5	11	2
TBCC	2559	56	1035	236	183	365	2098	89
BICRAL	261	120	77	279	363	651	223	174
RPL7L1	7849	273	2441	1105	803	1954	4846	485
C6orf226	1132	42	448	154	89	193	1203	52
PTCRA	0	0	0	0	1	0	0	0
CNPY3	4331	123	2109	431	304	726	4041	194
GNMT	7	3	17	2	1	6	11	2
PEX6	1063	51	270	155	115	186	962	55
PPP2R5D	1442	60	516	171	144	332	1023	83
MEA1	8056	211	2652	975	549	1098	6329	350
KLHDC3	6931	128	2145	520	384	884	5387	254
RRP36	6120	132	2095	769	478	862	4464	235
CUL7	865	39	336	160	101	149	838	46
KLC4	664	27	222	112	89	175	650	45
MRPL2	4270	124	1403	447	290	586	3883	198
PTK7	3055	123	1055	403	311	701	2666	177
SRF	1094	50	370	250	128	185	944	51
CUL9	357	25	101	78	84	135	231	39
DNPH1	12463	355	3160	1148	1012	1667	10043	524
TTBK1	96	9	33	33	63	107	49	30
SLC22A7	2	0	0	1	1	0	1	0
CRIP3	665	21	280	49	37	84	843	18
ZNF318	1529	51	505	179	157	273	1248	57
ABCC10	431	27	150	67	55	110	377	27
DLK2	157	5	29	8	20	28	62	5
TJAP1	1081	53	418	160	106	286	892	61
LRRC73	351	12	99	41	41	63	474	4
POLR1C	2094	105	715	513	333	543	1482	200
YIPF3	7475	205	2476	738	575	1072	6988	323
XPO5	2427	72	717	352	208	480	1694	147
POLH	346	58	152	232	74	165	238	61
GTPBP2	697	37	273	132	75	156	593	49
MAD2L1BP	2128	46	613	207	137	352	1798	111
RSPH9	645	32	189	145	94	176	812	39
MRPS18A	3230	113	1437	427	216	559	2913	141
VEGFA	1332	45	837	192	96	312	1921	87
C6orf223	12	2	5	5	2	2	25	0
MRPL14	14171	369	4977	1400	992	2028	11839	624
TMEM63B	961	55	497	174	159	235	956	58
CAPN11	6	0	6	2	0	2	22	0
MYMX	17	0	43	4	0	2	35	2
SLC29A1	2413	54	1083	144	69	236	2021	88
HSP90AB1	210872	6301	74849	20978	12422	30845	165478	9172
SLC35B2	1963	42	889	159	92	227	1459	62
NFKBIE	581	12	217	51	44	84	462	30
TMEM151B	420	1	51	27	69	92	179	25
TCTE1	50	1	1	14	15	14	10	6
AARS2	1264	18	350	77	79	128	761	33
SPATS1	0	0	0	6	3	2	0	2
CDC5L	10485	358	3168	1458	957	2128	7746	554
SUPT3H	2706	542	653	1862	1359	2916	2389	840
RUNX2	11	29	9	89	77	141	17	49
CLIC5	8	2	2	9	3	4	4	1
ENPP4	331	12	139	45	31	81	239	18
ENPP5	161	5	155	20	16	30	202	5
RCAN2	308	65	169	252	218	404	298	104
CYP39A1	298	48	98	152	198	319	273	68
SLC25A27	166	76	136	240	192	286	209	60
TDRD6	13	2	5	3	8	9	7	0
PLA2G7	110	6	83	5	6	13	100	8
ANKRD66	3	0	0	1	1	2	5	0
MEP1A	2	0	2	3	1	1	3	0
ADGRF5	1	0	0	1	0	0	0	0
ADGRF1	1	0	1	0	0	1	1	0
TNFRSF21	493	34	249	82	99	151	418	59
CD2AP	1709	207	1127	720	569	1114	1667	330
ADGRF2	1	0	3	10	0	0	9	2
ADGRF4	3	0	3	0	0	0	0	0
OPN5	2	2	1	4	3	0	3	2
PTCHD4	189	205	128	1299	63	341	95	436
MMUT	2091	67	717	226	194	394	1431	107
CENPQ	2435	92	807	329	284	564	1576	147
GLYATL3	0	0	0	1	0	2	0	1
C6orf141	1303	16	530	140	141	444	861	50
RHAG	4	0	1	1	2	3	2	0
CRISP2	6	3	5	2	0	0	6	0
CRISP3	0	0	0	0	0	0	0	0
PGK2	0	0	0	0	0	0	0	0
CRISP1	5	0	0	0	1	0	0	0
DEFB133	2	1	0	0	0	1	0	0
DEFB114	0	0	0	0	0	0	0	0
DEFB113	0	0	0	0	0	0	0	0
DEFB110	0	0	0	0	0	0	0	0
DEFB112	0	0	0	0	0	0	0	0
TFAP2D	0	1	3	2	0	2	12	0
TFAP2B	77	49	19	189	34	72	538	36
PKHD1	8	7	3	61	20	25	25	17
IL17A	0	0	0	0	0	0	0	0
IL17F	0	0	0	0	0	0	0	0
MCM3	15216	275	4762	1271	760	1856	9942	517
PAQR8	988	24	364	71	23	96	849	34
EFHC1	3363	203	905	685	612	1055	3271	296
TRAM2	738	36	294	206	141	242	630	44
TMEM14A	3708	130	952	425	351	677	2962	178
GSTA2	14	1	3	8	14	10	17	5
GSTA1	17	2	2	4	6	10	28	0
GSTA5	0	0	0	0	0	0	0	0
GSTA3	4	0	4	0	0	0	2	0
GSTA4	5608	270	1527	870	747	1142	4856	298
ICK	1274	66	501	200	179	358	911	99
FBXO9	1993	87	1064	363	270	371	1605	117
GCM1	2	1	0	2	0	0	1	0
ELOVL5	4196	215	1464	895	586	1246	3167	311
GCLC	1062	62	357	161	123	302	849	80
KLHL31	27	2	8	7	4	26	27	1
LRRC1	970	46	344	213	226	638	622	100
MLIP	1	0	0	1	2	10	0	5
TINAG	21	0	5	0	4	3	1	3
FAM83B	79	8	81	20	8	85	86	6
HCRTR2	5	6	1	6	14	12	17	7
GFRAL	0	2	0	5	3	6	1	1
HMGCLL1	181	41	37	142	230	197	282	50
BMP5	171	32	75	112	29	51	705	25
COL21A1	78	2	13	6	6	26	83	7
DST	5734	545	3721	2491	1186	2595	5239	730
BEND6	70	5	39	19	5	11	53	2
KIAA1586	3194	139	933	512	382	913	2220	202
ZNF451	2616	198	989	722	537	1060	1897	283
BAG2	1923	47	284	139	96	267	1492	87
RAB23	1032	50	380	175	104	262	882	71
PRIM2	3087	365	1038	1318	886	2199	2495	615
KHDRBS2	1013	464	178	1328	1155	2764	545	714
FKBP1C	94	2	25	3	3	2	59	2
LGSN	1	0	15	0	0	0	3	0
PTP4A1	1	0	1	3	2	2	1	0
AL135905.2	43	8	16	8	7	35	28	7
PHF3	7684	387	2660	1385	1060	2295	5881	642
EYS	16	22	2	85	78	122	17	46
ADGRB3	517	391	38	721	1570	4132	82	1005
LMBRD1	1654	136	565	497	354	605	1297	198
COL19A1	4	1	0	5	6	7	4	0
COL9A1	2768	174	736	361	309	627	3323	171
FAM135A	1296	289	417	1005	772	1560	953	433
SDHAF4	1088	69	430	219	138	331	1145	85
SMAP1	7544	379	2532	1468	1069	1838	7215	583
B3GAT2	650	22	106	74	425	611	639	134
OGFRL1	573	34	267	154	102	167	519	43
RIMS1	310	44	44	318	292	512	230	130
KCNQ5	6	7	3	64	23	25	13	16
KHDC1L	17	1	19	9	2	8	9	5
KHDC1	1065	131	500	530	415	655	1774	174
DPPA5	33	4	55	16	14	32	44	2
KHDC3L	13	1	7	1	0	5	9	1
OOEP	6	44	2	247	83	249	8	71
DDX43	1	0	7	1	2	4	8	2
CGAS	187	10	64	27	25	84	229	23
MTO1	956	56	299	124	107	213	835	47
EEF1A1	64387	17634	21994	61880	51568	115858	63157	26565
SLC17A5	741	45	385	171	105	184	703	51
CD109	56	6	12	14	23	35	52	14
COL12A1	16	1	6	3	17	18	17	3
COX7A2	29276	814	11661	2947	1977	3981	23314	1179
TMEM30A	1540	104	823	329	281	571	1406	142
FILIP1	1254	73	1161	330	539	986	639	144
SENP6	5619	503	2291	1896	1356	3110	3909	837
MYO6	3693	205	1594	776	764	1255	3042	336
IMPG1	12	2	2	2	1	3	11	0
HTR1B	0	0	0	0	0	1	2	0
MEI4	23	36	9	106	182	103	31	46
IRAK1BP1	1672	301	424	976	829	1648	1152	438
PHIP	16935	652	5260	2873	1757	4424	10290	1199
HMGN3	39502	1274	14100	5740	3973	7570	29562	1895
LCA5	924	98	479	271	162	327	852	98
SH3BGRL2	544	62	552	233	125	331	443	104
ELOVL4	866	31	704	271	117	227	711	56
TTK	5250	148	1368	584	393	1026	2968	344
BCKDHB	1988	442	883	1091	698	1840	1829	429
TENT5A	179	18	265	145	77	84	370	30
IBTK	2382	304	739	945	743	1081	2474	292
TPBG	29710	1507	6072	6938	3452	5141	47419	1173
UBE3D	2502	709	870	2580	1478	2141	3020	537
DOP1A	506	152	255	722	469	874	408	186
PGM3	2810	123	1251	612	337	604	2644	169
RWDD2A	740	31	334	130	81	140	680	43
ME1	206	22	113	180	60	111	267	37
PRSS35	838	24	229	158	112	163	434	24
SNAP91	80	43	36	171	246	397	45	60
RIPPLY2	61	2	5	4	8	12	42	5
CYB5R4	1026	65	313	216	217	354	544	110
MRAP2	170	6	34	50	69	124	75	17
CEP162	2751	184	719	762	593	991	1813	249
TBX18	0	1	0	8	2	2	1	0
NT5E	9	0	3	3	3	4	12	0
SNX14	1602	146	672	577	523	863	1441	220
SYNCRIP	12116	398	3824	1599	1164	3227	8040	832
HTR1E	9	12	4	6	78	10	33	5
CGA	5	0	2	0	0	1	0	0
ZNF292	12685	792	3760	3131	2466	5403	10021	1364
GJB7	92	8	80	49	22	31	76	13
SMIM8	3167	157	1079	537	519	861	2463	205
C6orf163	103	5	34	14	7	20	74	2
CFAP206	67	16	16	126	139	102	39	21
SLC35A1	1089	76	328	196	182	317	678	99
RARS2	4091	271	1294	912	664	1263	3739	342
ORC3	3657	218	1296	812	508	1057	2940	257
AKIRIN2	5422	175	1866	658	495	1098	4430	285
SPACA1	0	0	0	0	0	0	0	0
CNR1	38	9	8	25	22	17	58	4
RNGTT	1688	309	618	1141	750	1582	1265	490
PNRC1	6839	221	2442	811	981	1831	5826	409
SRSF12	2173	122	604	368	362	740	1462	186
PM20D2	1318	38	591	187	105	388	1040	98
GABRR1	9	1	3	3	3	3	3	3
GABRR2	3	1	7	15	9	7	10	5
UBE2J1	2460	156	905	496	330	655	1912	169
RRAGD	1074	64	584	180	225	365	1011	115
ANKRD6	821	240	419	859	511	769	517	288
LYRM2	7574	308	1948	1150	811	1588	5436	410
MDN1	4026	173	1741	693	329	760	3126	221
CASP8AP2	5327	214	1347	833	548	1156	3365	293
GJA10	23	5	15	27	8	1	44	6
BACH2	991	405	292	2006	1214	3403	433	679
MAP3K7	2741	133	1070	630	340	811	2253	210
EPHA7	1630	944	394	5296	2959	2842	4107	804
MANEA	1057	68	346	152	127	301	705	78
FUT9	924	145	84	364	450	2162	268	348
UFL1	3615	160	1205	561	416	918	2931	235
FHL5	0	1	0	0	0	2	0	1
GPR63	642	49	172	177	179	452	362	114
NDUFAF4	5017	110	1730	466	266	670	3642	182
KLHL32	59	19	10	72	74	160	43	26
MMS22L	4264	339	1077	1322	937	2116	2357	578
POU3F2	1837	33	136	194	92	194	1321	37
FBXL4	711	110	302	397	254	450	567	132
FAXC	1044	60	382	164	230	460	767	100
COQ3	1514	60	581	158	103	287	1324	90
PNISR	39624	1226	12709	3995	2853	6198	31214	1538
USP45	642	93	231	282	170	354	631	143
TSTD3	1322	205	313	622	452	729	1198	199
CCNC	5636	226	2526	810	573	1156	4541	313
PRDM13	5	0	0	0	0	0	5	0
MCHR2	1	2	2	3	1	2	1	0
SIM1	2	0	0	0	0	2	0	0
ASCC3	3760	465	1754	1735	649	1777	2566	732
GRIK2	118	87	65	161	248	689	58	226
HACE1	818	134	317	508	333	713	535	228
LIN28B	5162	673	2340	2443	1417	3490	3465	1089
BVES	164	15	62	51	43	72	125	22
POPDC3	75	2	69	6	4	23	64	3
PREP	1690	94	548	389	266	488	1598	158
PRDM1	130	9	161	26	9	12	144	17
ATG5	2873	183	1013	580	410	843	2429	236
CRYBG1	19	3	17	13	24	27	25	13
RTN4IP1	864	34	229	102	94	203	610	61
QRSL1	2053	108	677	343	235	502	1456	144
CD24	21862	566	8099	1934	1163	3324	19992	800
MTRES1	2816	84	986	381	284	500	2391	114
BEND3	765	45	211	106	97	253	575	72
PDSS2	984	265	347	788	642	1156	873	346
SOBP	1428	230	596	966	628	975	1476	369
SCML4	4	1	4	2	0	3	5	0
SEC63	7011	309	2382	1125	786	1796	4883	484
OSTM1	864	91	533	284	238	406	806	105
NR2E1	1039	12	142	102	172	345	45	51
SNX3	15226	438	4871	1612	1256	2309	11352	581
AFG1L	320	92	99	295	235	426	261	141
FOXO3	1440	120	604	378	339	849	923	179
ARMC2	444	151	67	486	479	628	365	180
SESN1	1026	129	768	471	192	446	823	157
CEP57L1	2175	131	618	440	320	645	1698	198
CD164	3543	137	1498	565	307	724	3087	159
PPIL6	1025	110	120	357	306	352	961	125
SMPD2	472	25	161	59	39	59	432	12
MICAL1	743	29	373	87	48	69	729	29
ZBTB24	1312	48	483	179	116	215	1107	59
AK9	532	61	188	194	208	344	499	82
FIG4	866	85	396	292	226	342	883	89
GPR6	0	0	0	0	0	0	1	0
WASF1	4555	409	1167	1337	982	2286	3413	568
CDC40	4126	210	1396	646	508	924	3243	273
METTL24	147	145	36	485	230	355	244	198
DDO	0	0	0	0	0	0	0	0
SLC22A16	0	1	0	2	3	3	25	0
CDK19	1760	350	524	1251	1148	2006	1286	551
AMD1	7528	213	2790	748	526	1230	5608	444
GTF3C6	22750	470	5698	2198	1484	2689	16290	738
RPF2	3816	126	1447	481	262	591	3448	191
SLC16A10	382	51	226	410	305	222	340	82
MFSD4B	2134	242	954	786	631	1236	1756	283
REV3L	2432	525	865	1943	1401	2606	2078	810
TRAF3IP2	338	22	91	125	109	157	332	44
FYN	6353	410	1598	1574	1285	2481	4284	706
CCN6	3	0	3	1	2	3	7	0
TUBE1	1092	55	352	146	116	259	786	72
FAM229B	6120	239	1387	756	776	1352	5330	271
LAMA4	320	14	52	108	141	180	197	34
RFPL4B	2	0	1	0	1	0	2	0
MARCKS	90847	2282	16885	8427	6897	16662	52173	4311
HDAC2	21551	623	7114	2338	1486	3815	15332	1165
HS3ST5	17	7	34	30	18	39	25	11
FRK	12	2	6	13	7	9	12	3
NT5DC1	2845	143	1134	545	343	689	2368	201
COL10A1	3	6	2	25	24	25	3	9
TSPYL4	3208	132	836	547	427	867	2244	155
DSE	1025	163	515	511	453	742	1056	204
TSPYL1	4418	87	1719	494	304	760	3329	165
CALHM6	33	3	7	15	6	19	67	5
TRAPPC3L	1	0	0	0	1	3	1	0
CALHM5	7	0	3	1	1	1	12	1
CALHM4	0	1	0	1	0	0	0	0
RWDD1	12199	418	3768	1625	1125	2132	9421	656
RSPH4A	590	14	54	98	93	125	382	23
ZUP1	1278	62	440	206	142	320	940	79
KPNA5	1611	154	485	375	316	543	1218	188
FAM162B	72	3	20	20	7	38	71	5
GPRC6A	4	1	2	2	3	1	6	0
RFX6	1	1	0	6	2	2	0	0
VGLL2	2	1	3	0	0	0	0	0
ROS1	0	0	0	1	0	0	0	0
DCBLD1	311	10	133	28	42	97	348	33
GOPC	2591	147	1283	240	362	752	1457	187
NUS1	885	132	382	451	308	718	673	204
SLC35F1	1997	549	332	2106	4685	6502	1487	797
CEP85L	658	149	190	488	300	522	635	176
PLN	4	2	0	9	7	16	3	3
MCM9	514	107	126	343	269	518	345	177
ASF1A	3939	103	1198	404	328	742	3033	227
FAM184A	809	65	250	211	238	405	770	121
MAN1A1	226	28	237	127	117	309	102	37
TBC1D32	596	262	176	894	716	1198	522	326
GJA1	9089	341	5777	1778	1258	1741	10428	470
HSF2	2938	154	942	594	411	818	2269	192
SERINC1	2895	171	1428	595	516	1171	2727	204
PKIB	1630	365	2115	172	155	1429	1101	121
FABP7	86285	974	6083	2180	3811	8237	15499	3089
SMPDL3A	424	17	89	58	34	94	311	27
CLVS2	156	18	9	42	71	179	108	28
TRDN	247	6	120	17	28	23	332	7
NKAIN2	92	32	9	221	170	422	111	58
RNF217	638	103	302	611	330	632	720	172
TPD52L1	348	47	232	197	94	132	773	55
HDDC2	14170	369	3820	1142	824	1636	10810	582
HEY2	917	38	159	44	302	591	531	129
NCOA7	687	56	205	205	210	341	500	85
HINT3	1820	61	671	203	189	350	1360	97
TRMT11	4871	314	1358	1092	734	1793	3239	525
CENPW	15604	375	4431	1657	916	1894	12119	802
RSPO3	22844	898	646	2829	2231	2544	24269	1574
RNF146	2954	150	957	494	350	741	2470	164
ECHDC1	7653	322	2139	1134	812	1834	5099	521
KIAA0408	159	33	11	123	144	294	65	82
SOGA3	102	70	4	278	289	706	49	159
C6orf58	18	8	5	15	11	29	10	10
THEMIS	0	1	0	0	0	1	0	0
PTPRK	303	645	68	2197	1912	3804	210	928
LAMA2	71	29	22	175	41	52	99	16
ARHGAP18	680	32	245	68	94	257	252	73
TMEM244	0	1	0	0	0	0	0	0
L3MBTL3	1279	87	323	269	234	368	1077	102
SAMD3	56	22	7	141	99	110	73	18
TMEM200A	120	23	66	151	130	122	360	33
SMLR1	12	2	0	4	1	7	6	5
EPB41L2	4767	306	1637	1264	623	1486	3733	385
AKAP7	1584	82	400	248	250	326	1360	104
ARG1	1	1	1	7	6	5	3	7
MED23	1062	96	337	341	257	523	848	126
ENPP3	5	4	2	6	8	12	7	3
OR2A4	0	0	0	0	0	0	0	0
CTAGE9	0	0	1	0	0	0	1	0
ENPP1	643	15	253	45	62	91	492	24
CCN2	6546	167	728	1548	740	921	6917	137
MOXD1	144	10	37	11	21	63	45	10
STX7	2039	68	1025	291	236	535	1417	134
TAAR9	0	0	0	0	0	0	0	0
TAAR8	0	0	0	0	0	0	0	0
TAAR6	0	0	1	0	0	0	0	0
TAAR5	0	0	0	0	0	0	0	0
TAAR2	0	0	0	0	0	0	0	0
TAAR1	0	0	0	0	0	0	0	0
VNN1	1	0	0	0	0	0	0	0
VNN3	1	0	0	0	0	0	0	0
VNN2	0	0	0	1	0	1	0	0
SLC18B1	1156	39	229	143	160	296	467	62
RPS12	343199	9456	134689	34357	24438	53244	252439	13244
EYA4	183	87	76	858	408	420	241	61
TCF21	5	0	3	0	2	0	7	0
TBPL1	4998	179	1811	579	445	913	3297	263
SLC2A12	560	47	292	120	87	272	335	66
SGK1	128	7	86	20	25	48	174	13
ALDH8A1	8	2	14	4	3	5	11	3
HBS1L	3340	198	1152	621	497	973	2464	282
MYB	265	10	98	40	41	106	152	19
AHI1	4623	359	1094	1356	1010	1937	3843	595
PDE7B	16	20	5	35	33	40	9	15
MTFR2	752	17	239	76	55	106	524	33
BCLAF1	9445	471	3117	2137	1456	3348	6395	801
MAP7	426	31	626	331	205	121	470	35
MAP3K5	17	11	6	48	39	26	28	5
PEX7	911	56	328	148	133	241	724	86
SLC35D3	18	0	27	0	7	2	6	0
IL20RA	14	1	6	3	1	4	15	0
IL22RA2	0	0	0	0	0	0	0	0
IFNGR1	2057	76	604	279	196	436	1737	132
OLIG3	578	13	25	5	5	6	859	3
TNFAIP3	77	7	61	23	11	21	72	11
PERP	5237	211	3614	782	464	808	5604	201
ARFGEF3	373	43	395	169	75	205	450	61
PBOV1	1	0	1	1	0	0	0	0
SMIM28	0	0	0	1	0	2	0	0
HEBP2	8906	175	2567	1211	507	1053	6883	315
NHSL1	2303	439	518	1564	1342	2732	1566	732
GVQW2	93	14	44	40	47	106	58	30
CCDC28A	822	28	401	131	112	237	643	47
ECT2L	45	3	13	23	28	28	30	9
REPS1	1989	161	716	860	567	1057	1593	298
ABRACL	12285	370	7081	1358	863	2185	9965	524
HECA	452	47	123	154	93	245	319	49
TXLNB	45	2	13	19	13	17	90	3
CITED2	7861	253	2506	1060	777	1168	12243	364
NMBR	1	1	1	8	6	12	0	0
GJE1	0	0	0	0	0	0	0	0
VTA1	3157	183	979	640	501	982	2473	238
ADGRG6	22	6	12	12	9	18	53	11
HIVEP2	78	34	63	148	110	153	77	38
AIG1	5640	285	1717	994	863	1710	4392	454
ADAT2	920	51	253	134	75	268	794	75
PEX3	1193	81	442	270	215	357	1047	88
FUCA2	5486	184	1628	757	474	1010	5069	235
PHACTR2	3730	236	1739	855	636	1496	2671	379
LTV1	3583	101	1238	358	229	486	2647	132
ZC2HC1B	0	1	0	3	3	6	0	0
PLAGL1	6218	610	906	3470	621	1504	5562	663
SF3B5	17203	521	5196	1798	1255	2511	13861	774
STX11	8	1	3	0	0	4	7	2
UTRN	3360	487	1638	1843	1537	3088	2247	797
EPM2A	344	56	127	231	131	273	197	66
FBXO30	1078	55	456	238	133	377	761	82
SHPRH	5606	280	1702	1082	754	1509	3762	465
GRM1	35	8	14	28	16	37	59	6
RAB32	3193	144	960	518	275	389	3181	139
ADGB	9	1	0	12	16	11	14	4
STXBP5	264	217	111	724	605	1045	196	255
SAMD5	215	460	91	1993	1788	1702	757	495
SASH1	1097	344	447	1126	833	987	1216	365
UST	398	325	314	1230	708	1489	394	475
TAB2	2396	290	966	1238	934	1599	1773	457
SUMO4	505	14	99	75	49	62	314	16
ZC3H12D	5	1	2	1	2	7	13	1
PPIL4	5671	244	2117	996	763	1422	4959	367
GINM1	3281	177	999	535	387	809	2643	208
KATNA1	1970	81	582	260	207	459	1655	125
LATS1	1168	142	358	560	404	812	967	242
NUP43	1794	93	798	329	218	614	1420	150
PCMT1	10356	314	3880	1308	799	1572	9043	460
LRP11	238	90	48	283	392	460	141	141
RAET1E	4	1	1	2	7	2	1	0
RAET1G	0	0	3	0	1	1	2	0
ULBP2	8	2	6	0	0	6	2	0
ULBP1	31	4	6	8	2	11	20	1
RAET1L	0	0	0	0	0	0	0	0
ULBP3	329	10	102	20	14	79	205	17
PPP1R14C	253	18	60	91	21	47	682	8
IYD	2	1	0	0	1	1	0	0
PLEKHG1	1338	447	630	1592	1570	2526	963	600
MTHFD1L	2132	171	746	828	378	980	1692	279
AKAP12	9945	338	4390	1819	887	2198	8352	492
ZBTB2	765	41	247	141	114	278	508	69
RMND1	2568	126	848	467	328	622	1957	171
ARMT1	3250	100	2037	435	272	568	2547	131
CCDC170	34	4	7	23	15	11	95	3
ESR1	4	2	0	7	4	5	0	1
SYNE1	453	82	96	310	292	321	447	94
MYCT1	15	0	19	1	5	5	22	2
VIP	0	0	2	0	0	0	0	0
FBXO5	6085	185	1445	639	416	1052	4056	369
MTRF1L	1100	70	436	318	228	444	896	121
RGS17	902	66	301	270	234	390	546	143
OPRM1	2	3	0	3	6	4	2	2
IPCEF1	9	4	1	31	27	61	18	7
CNKSR3	1082	84	290	334	294	474	845	142
SCAF8	1825	316	542	1312	950	1921	1289	492
TIAM2	859	172	247	921	628	1234	720	382
TFB1M	1632	116	528	312	206	424	1731	157
CLDN20	0	8	0	26	17	46	2	9
NOX3	0	4	0	2	0	1	1	1
ARID1B	7238	868	2700	3309	2606	4644	5153	1432
TMEM242	3443	122	1066	402	324	637	2641	173
ZDHHC14	560	61	167	279	124	322	512	89
SNX9	1974	276	582	847	565	1003	1756	347
SYNJ2	183	17	66	70	45	42	190	19
SERAC1	711	35	338	173	98	195	531	50
GTF2H5	12052	356	4328	1388	945	1783	11146	527
TULP4	2522	166	1017	815	651	1216	1733	317
TMEM181	1809	94	744	392	219	620	1246	164
DYNLT1	18512	701	6202	2570	1493	2963	15756	836
SYTL3	22	6	7	13	15	19	30	12
EZR	7674	312	3167	1174	711	1505	6059	417
RSPH3	895	96	255	259	296	400	847	102
TAGAP	1	0	0	3	1	2	1	1
FNDC1	6	0	0	3	1	4	7	0
SOD2	2759	259	797	817	639	1180	1613	361
WTAP	7967	332	2383	1475	985	2074	5437	594
ACAT2	34406	689	5133	3274	1656	4203	21935	1501
TCP1	18019	415	5919	1594	961	2289	13446	721
MRPL18	8415	240	2728	775	557	1230	6855	364
PNLDC1	11	0	1	3	1	4	6	0
MAS1	5	0	2	4	1	1	7	0
IGF2R	2185	199	1181	773	470	846	1686	249
SLC22A1	8	3	3	17	9	16	5	7
SLC22A2	12	3	6	1	2	4	10	0
SLC22A3	38	0	6	8	4	9	27	2
LPA	1	4	1	0	11	4	2	1
PLG	1	2	0	1	3	3	0	1
MAP3K4	2579	181	660	722	509	1056	1694	270
AGPAT4	4225	322	1168	1243	1001	2261	2910	545
PRKN	55	366	50	1614	1202	1604	233	506
PACRG	171	33	49	144	313	368	189	71
QKI	14803	907	4373	3381	2619	6792	7236	1589
C6orf118	773	40	125	238	337	423	1489	91
PDE10A	878	342	205	993	826	2110	344	592
TBXT	128	0	15	0	2	1	338	0
PRR18	17	4	10	22	6	9	157	2
SFT2D1	4688	191	1688	691	391	703	4635	158
MPC1	2881	120	866	551	316	624	3180	156
RPS6KA2	585	172	247	757	554	1174	396	258
RAMACL	21	1	12	8	2	5	23	6
RNASET2	2012	84	975	411	223	389	2078	134
FGFR1OP	1886	195	611	640	420	1077	1276	269
CCR6	12	1	7	1	1	0	9	1
TCP10L2	2	0	0	5	1	2	4	0
GPR31	0	0	0	0	0	0	0	0
UNC93A	2	0	0	3	2	1	3	0
TTLL2	0	0	1	3	6	8	1	3
TCP10	0	1	0	0	0	1	0	0
AFDN	10393	466	3242	2006	1567	4051	6463	779
KIF25	163	6	67	20	14	12	165	5
FRMD1	0	1	6	0	1	3	5	0
DACT2	27	3	13	5	4	14	22	4
SMOC2	22	4	11	6	11	13	39	4
THBS2	111	2	72	2	6	6	136	1
WDR27	838	131	251	586	420	780	600	199
C6orf120	1826	46	706	172	134	307	1367	77
PHF10	1779	77	477	279	256	477	1278	138
TCTE3	0	18	0	46	46	93	0	20
ERMARD	263	47	91	109	80	183	213	41
DLL1	133	85	17	329	384	966	44	232
FAM120B	105	181	35	753	653	1097	126	326
PSMB1	37387	1001	13828	3669	2133	4517	30011	1404
TBP	1147	53	419	202	150	275	841	82
PDCD2	8460	212	3285	921	523	1140	7770	275
FAM20C	506	15	156	35	27	76	371	9
AC187653.1	0	0	0	0	0	0	0	0
PDGFA	902	11	803	59	48	109	609	16
PRKAR1B	701	73	389	232	269	323	530	111
DNAAF5	2735	74	821	302	165	379	1709	129
SUN1	2295	90	949	403	267	608	2416	155
GET4	58	1	28	8	5	17	36	6
ADAP1	179	4	26	3	15	24	51	2
COX19	2460	102	756	294	215	493	1963	160
CYP2W1	3	1	1	1	0	0	3	0
C7orf50	9306	421	2178	1383	836	2075	6504	535
GPR146	92	4	71	12	5	31	219	1
GPER1	24	11	19	16	17	25	35	9
ZFAND2A	1058	50	250	125	113	240	1184	52
UNCX	27	0	4	7	3	8	10	3
MICALL2	269	20	114	45	29	56	196	9
INTS1	1666	33	627	161	109	230	1234	63
MAFK	140	1	43	18	9	23	142	1
TMEM184A	10	0	6	0	1	3	6	2
PSMG3	2988	133	2314	264	161	700	2806	139
ELFN1	722	25	331	69	41	137	443	33
MAD1L1	39	141	10	508	342	740	35	223
MRM2	6	114	4	415	292	597	3	196
NUDT1	11635	277	3517	997	597	1310	7842	476
SNX8	741	46	401	213	137	345	680	81
EIF3B	9840	147	3326	602	360	1027	7504	273
CHST12	1718	49	593	156	122	233	1136	70
GRIFIN	1	0	1	1	0	0	1	0
LFNG	3860	78	1059	477	236	787	1551	134
BRAT1	1845	57	576	246	251	378	1315	105
IQCE	1448	74	296	268	209	384	1138	80
TTYH3	3746	99	1029	342	275	638	2505	138
AMZ1	6	24	6	88	72	88	5	40
GNA12	1894	142	748	504	341	630	1404	235
CARD11	18	2	16	11	7	11	40	2
SDK1	478	778	116	2521	2029	3869	343	1281
FOXK1	1859	158	691	621	400	680	1347	231
AP5Z1	557	31	239	130	82	139	460	42
RADIL	479	37	119	140	123	208	278	42
PAPOLB	81	2	14	9	3	15	29	7
MMD2	2	3	1	7	4	4	1	4
RBAK	612	28	231	124	99	186	504	35
WIPI2	6779	201	2644	734	577	1205	5348	316
SLC29A4	1877	60	438	191	223	311	1004	75
TNRC18	2080	274	436	993	863	1302	1144	355
FBXL18	734	41	251	158	109	256	491	77
ACTB	269242	4671	110230	28343	16987	38332	199125	9217
FSCN1	16801	428	5099	1461	1155	2635	13412	722
RNF216	2965	261	979	857	567	1006	2157	284
OCM	2	0	1	0	0	3	3	2
CCZ1	2192	71	856	306	184	297	1527	81
RSPH10B	8	1	1	2	4	2	10	0
PMS2	569	50	173	204	166	270	507	92
AIMP2	3940	133	1482	471	285	727	3778	222
EIF2AK1	7213	221	2373	920	611	1430	5650	353
ANKRD61	13	4	4	6	5	6	6	0
USP42	2158	108	654	446	364	555	1392	149
CYTH3	391	69	155	231	191	260	294	100
FAM220A	2	0	2	1	0	1	5	0
AC009412.1	0	0	0	0	0	0	0	0
RAC1	30502	908	13252	3891	2456	6005	24407	1532
DAGLB	625	33	199	121	101	203	427	57
KDELR2	10005	283	3649	1121	514	1486	8657	395
GRID2IP	2	11	3	10	5	42	5	5
ZDHHC4	4532	136	1937	606	382	787	4021	188
C7orf26	1153	31	406	129	75	213	855	75
ZNF853	620	14	177	39	39	75	551	19
ZNF316	788	34	306	98	50	172	554	37
ZNF12	1932	48	684	217	149	307	1739	81
RSPH10B2	1	0	0	2	1	1	3	1
CCZ1B	861	73	388	145	154	244	546	74
C1GALT1	2501	104	1122	422	327	725	2201	183
COL28A1	8	6	4	14	13	40	11	12
MIOS	1370	70	450	298	190	432	884	109
RPA3	17014	426	5444	1428	989	2416	11449	640
UMAD1	826	173	313	625	472	896	596	268
GLCCI1	2971	406	1170	1005	857	1727	1903	517
ICA1	170	11	189	40	16	32	246	8
NXPH1	9	2	2	35	33	18	7	3
NDUFA4	78250	1991	29531	8334	4974	10673	59986	2868
PHF14	14448	628	4669	1803	1735	4346	9895	1095
THSD7A	733	110	99	433	344	696	296	157
TMEM106B	3998	179	1296	596	531	909	2881	214
VWDE	72	4	113	26	7	30	37	8
AC013470.2	34	0	4	21	13	14	12	1
SCIN	7	0	2	0	0	2	12	1
ARL4A	3808	186	1093	770	271	562	3005	174
ETV1	2723	204	942	692	248	499	1754	230
DGKB	49	118	10	456	1573	983	104	190
AGMO	94	12	31	129	8	127	20	11
MEOX2	12	0	2	3	1	1	3	3
CRPPA	209	34	86	374	179	301	189	61
SOSTDC1	77	10	55	29	12	35	177	13
LRRC72	0	0	0	0	1	1	0	1
ANKMY2	1823	86	738	423	361	597	1595	191
BZW2	8881	271	2909	835	614	1753	6100	504
TSPAN13	5331	183	1593	608	455	898	6923	267
AGR2	0	0	3	4	1	0	2	0
AGR3	0	0	1	0	0	1	0	1
AHR	44	10	92	70	56	91	42	23
SNX13	1923	172	544	659	553	1115	1247	285
PRPS1L1	0	0	0	0	0	0	0	0
HDAC9	1232	330	319	959	1987	3833	483	959
TWIST1	28	6	10	8	4	10	161	3
FERD3L	0	0	0	0	1	0	3	0
TWISTNB	3061	91	1223	402	186	461	2539	136
TMEM196	62	6	2	3	64	128	11	38
MACC1	112	0	110	27	11	55	113	9
ITGB8	1339	153	292	613	727	1314	613	264
ABCB5	10	14	1	50	47	121	3	39
SP8	4219	93	793	395	379	1114	2112	237
SP4	1654	123	456	508	355	782	1024	224
DNAH11	306	42	50	329	120	149	228	64
CDCA7L	5695	115	1176	472	302	720	3659	191
RAPGEF5	189	36	95	80	52	115	192	43
STEAP1B	332	34	98	139	75	111	385	33
IL6	10	0	4	1	0	1	7	0
TOMM7	24336	653	8733	1789	1663	3035	19690	894
FAM126A	1443	137	653	517	396	747	1302	177
KLHL7	3585	209	1476	912	715	1339	2834	353
NUP42	3818	137	1079	478	373	827	2237	197
GPNMB	70	0	533	14	0	9	64	3
MALSU1	6613	219	2354	780	518	1099	5172	373
IGF2BP3	10169	891	5674	3655	2218	5061	7869	1374
TRA2A	6637	429	2100	1424	1025	2542	4790	702
CCDC126	649	45	235	209	163	271	482	80
FAM221A	1321	55	421	166	104	291	1017	73
STK31	54	4	8	15	13	33	19	10
NPY	52	2	16	7	9	25	85	10
MPP6	3470	264	975	976	761	1367	3203	424
GSDME	506	20	184	88	82	145	453	34
OSBPL3	317	85	90	314	141	244	266	103
CYCS	21777	462	9256	1736	1130	2513	17360	800
C7orf31	193	13	67	43	23	44	220	20
NPVF	0	0	0	0	0	0	0	0
NFE2L3	1528	57	403	159	69	149	1184	128
HNRNPA2B1	125539	3056	40972	11639	6874	20273	87728	5549
CBX3	21791	659	7388	2619	1915	4655	14860	1156
SNX10	1467	86	346	179	182	347	1176	92
SKAP2	119	1	61	29	12	42	320	11
HOXA1	32	0	0	0	1	1	160	0
HOXA2	75	0	1	1	0	3	314	0
HOXA3	30	0	1	1	1	1	116	0
HOXA4	1	0	0	0	0	0	11	0
HOXA5	1	0	0	0	0	0	9	0
HOXA6	1	0	0	0	0	1	5	0
HOXA7	0	0	1	0	1	0	8	0
HOXA9	3	0	0	0	1	0	24	0
HOXA10	5	0	0	0	0	0	30	0
HOXA11	1	0	0	0	0	0	6	0
HOXA13	6	0	0	0	0	0	7	0
EVX1	40	0	8	0	1	1	135	1
HIBADH	2469	275	1319	798	552	904	2114	306
TAX1BP1	7831	390	3760	1672	1160	1913	7957	547
JAZF1	161	72	106	335	437	278	234	88
CREB5	2475	139	422	471	1452	5206	268	642
TRIL	497	45	204	206	54	129	1074	39
CPVL	1093	62	813	346	103	226	1404	52
AC004593.3	0	0	0	3	1	2	1	0
CHN2	26	3	25	11	7	10	49	3
PRR15	98	3	105	7	3	8	161	3
WIPF3	636	38	267	147	118	245	557	56
SCRN1	1866	136	1090	605	451	771	1536	162
FKBP14	1359	77	391	205	143	310	1213	81
PLEKHA8	2981	204	1049	833	585	1265	2326	354
MTURN	645	59	306	115	144	208	733	68
ZNRF2	1105	111	573	489	226	418	1119	169
NOD1	162	30	43	135	105	130	126	47
GGCT	14781	466	4901	1651	1073	2638	10530	783
GARS	5585	215	2158	894	419	1050	4255	285
CRHR2	1	2	4	11	11	10	1	1
INMT	100	10	31	42	73	42	72	15
MINDY4	359	34	63	183	121	251	230	54
AQP1	50	1	8	4	1	4	37	1
GHRHR	10	1	3	3	6	3	8	3
ADCYAP1R1	51	12	21	20	3	12	69	3
NEUROD6	0	0	0	0	0	0	0	0
ITPRID1	1	1	0	6	7	1	7	0
PPP1R17	92	26	110	80	68	96	216	19
PDE1C	60	68	10	636	166	111	122	68
LSM5	25553	625	7622	2561	1574	3605	17618	929
AVL9	1083	164	440	628	348	805	800	225
KBTBD2	1207	98	396	347	218	557	893	134
FKBP9	930	33	306	148	118	227	614	39
NT5C3A	3443	185	936	679	463	1149	2478	324
RP9	3144	141	1058	546	384	872	2558	238
BBS9	552	332	881	946	885	1687	431	852
BMPER	24	5	22	28	40	33	48	21
NPSR1	0	6	0	21	13	13	4	4
DPY19L1	1306	157	456	802	390	702	1145	219
TBX20	1	0	1	2	2	4	0	0
HERPUD2	2003	79	727	261	184	432	1546	129
SEPTIN7	32741	1086	10457	4426	3265	6612	23225	1778
EEPD1	364	52	54	158	77	221	218	70
KIAA0895	504	38	117	205	113	282	257	59
ANLN	2472	124	1009	477	309	711	1869	225
AOAH	9	8	3	26	12	51	6	16
ELMO1	299	121	52	319	294	636	164	187
GPR141	3	0	2	1	0	0	0	0
EPDR1	910	32	82	154	124	180	730	39
NME8	11	2	4	2	0	0	4	0
SFRP4	4	6	1	29	54	23	1	10
STARD3NL	5227	231	1953	880	582	1179	4174	322
TRGC2	0	0	0	0	0	0	0	0
TRGJ2	0	0	0	0	0	0	0	0
TRGJP2	0	0	0	0	0	0	0	0
TRGC1	6	0	2	0	0	0	10	0
TRGJ1	0	0	0	0	0	0	0	0
TRGJP	0	0	0	0	0	0	0	0
TRGJP1	0	0	0	0	0	0	0	0
TRGV11	0	0	0	0	0	0	0	0
TRGVB	0	0	0	0	0	0	0	0
TRGV10	0	0	0	0	0	0	0	0
TRGV9	0	0	0	0	0	0	0	0
TRGVA	0	0	0	0	0	0	0	0
TRGV8	0	0	0	0	0	0	0	0
TRGV7	0	0	0	0	0	0	0	0
TRGV6	0	0	0	0	0	0	0	0
TRGV5P	0	0	0	0	0	0	0	0
TRGV5	0	0	0	0	0	0	0	0
TRGV4	0	0	0	0	0	0	0	0
TRGV3	0	0	0	0	0	0	0	0
TRGV2	0	0	0	0	0	0	0	0
TRGV1	0	0	0	0	0	0	0	0
AMPH	2367	202	726	726	533	985	1395	228
VPS41	2116	195	849	751	574	1011	1813	257
POU6F2	802	87	276	887	1191	588	315	173
YAE1	3004	116	857	399	396	757	2133	159
RALA	5951	261	2675	960	659	1609	5002	469
CDK13	4379	347	1343	1352	984	1718	2961	547
MPLKIP	9403	253	2773	969	663	1302	7391	376
SUGCT	540	151	146	511	341	721	361	197
INHBA	4	0	13	2	1	0	6	0
GLI3	12449	1371	2483	6501	4710	10989	7095	2471
C7orf25	80	12	16	70	60	74	47	23
PSMA2	8385	912	3274	3389	1974	4322	5978	1421
MRPL32	5874	195	2947	686	401	868	5326	266
HECW1	80	32	10	34	57	371	29	102
STK17A	1649	107	669	508	261	520	1231	160
COA1	11663	702	4124	2528	1621	3376	9736	1055
BLVRA	1550	74	744	183	215	522	1530	130
MRPS24	228	426	53	1502	950	2032	163	624
URGCP	700	69	175	243	206	327	554	83
UBE2D4	1575	45	395	164	118	202	1236	62
SPDYE1	23	10	3	50	57	56	12	19
DBNL	3797	89	1346	329	199	440	3199	122
PGAM2	1316	88	982	417	102	52	1408	10
POLM	648	20	224	56	30	74	602	25
AEBP1	1060	39	479	119	76	153	1537	50
POLD2	13446	334	3427	1166	788	1725	9729	543
MYL7	35	0	19	4	5	9	77	0
GCK	272	7	76	17	11	35	258	14
YKT6	1465	60	644	227	145	310	1211	68
CAMK2B	107	4	33	19	16	30	112	5
NUDCD3	1834	85	615	369	260	646	1319	144
NPC1L1	10	0	0	0	1	3	9	0
DDX56	3056	96	1052	316	202	415	2361	113
TMED4	6924	317	2844	968	633	1203	6199	390
OGDH	1814	135	685	585	406	725	1299	217
ZMIZ2	906	39	359	99	95	196	651	41
PPIA	49500	3440	15252	10448	7013	20494	33246	6106
H2AFV	32222	951	8078	3541	2417	5984	20197	1460
PURB	2118	77	883	285	185	521	1745	102
MYO1G	13	0	4	0	0	5	13	2
CCM2	2925	164	906	629	459	852	2329	238
NACAD	476	9	131	61	82	123	271	32
TBRG4	3416	70	1467	265	175	371	2680	104
RAMP3	5	0	9	2	3	1	13	1
ADCY1	470	47	140	177	129	209	431	57
CCDC201	1	0	0	0	0	0	0	0
IGFBP1	0	0	0	0	0	1	0	0
IGFBP3	193	1	256	27	6	48	132	8
TNS3	1233	130	387	608	374	878	885	294
PKD1L1	3	1	1	12	5	21	4	7
HUS1	1333	51	427	205	94	259	855	59
SUN3	1	0	0	2	0	5	2	1
C7orf57	21	2	6	12	20	6	44	2
UPP1	2267	72	1298	426	185	292	1795	75
ABCA13	43	20	11	70	46	101	50	30
CDC14C	0	0	0	0	0	0	0	0
VWC2	22	15	60	78	22	10	73	2
ZPBP	1	2	0	5	5	11	0	0
SPATA48	0	1	1	1	0	0	1	0
IKZF1	83	4	8	10	4	12	121	3
FIGNL1	1647	83	265	149	135	370	1074	93
DDC	8	0	1	0	3	0	30	0
GRB10	1516	204	579	1005	561	1378	913	301
COBL	108	4	255	44	38	38	157	6
POM121L12	0	0	0	0	0	0	0	0
VSTM2A	7	1	8	2	0	2	5	4
SEC61G	23713	636	9658	2762	1545	2965	23797	862
EGFR	262	32	125	86	43	106	242	28
LANCL2	767	73	258	314	297	615	547	124
VOPP1	1486	163	393	598	580	1478	911	390
SEPTIN14	1	3	0	1	0	2	1	0
ZNF713	508	73	118	304	219	481	340	122
NIPSNAP2	5145	282	1825	955	735	1244	3829	379
MRPS17	1560	101	521	470	272	639	1254	199
PSPH	2527	118	1025	503	293	580	2020	141
CCT6A	32100	846	9974	2978	1750	4581	24588	1308
SUMF2	2644	106	1076	304	242	436	2766	115
PHKG1	402	14	132	58	46	61	293	26
CHCHD2	19075	79	10100	5865	222	2179	1049	91
NUPR2	0	0	2	1	0	0	1	0
ZNF479	0	0	0	0	0	0	0	0
ZNF716	1	0	0	1	0	0	2	1
AC115220.1	0	0	0	0	0	0	0	0
ZNF727	0	0	0	0	0	0	0	0
ZNF735	0	0	0	0	0	1	0	0
ZNF679	0	0	0	0	0	1	0	0
ZNF736	6	26	2	472	120	21	15	100
ZNF680	1532	131	551	566	180	861	1000	221
ZNF107	1120	99	426	382	359	718	762	179
ZNF138	1896	159	673	616	420	933	1559	261
ZNF273	1975	93	611	418	269	571	1426	163
ZNF117	847	41	472	222	66	253	700	58
ERV3-1	1269	56	461	193	107	177	758	54
ZNF92	2832	111	925	523	383	753	2031	200
VKORC1L1	3203	144	1124	650	395	909	2147	258
GUSB	3512	105	1447	402	254	590	2718	183
ASL	1535	61	506	159	157	283	1175	114
CRCP	2377	101	759	431	357	775	1575	208
TPST1	1033	362	380	1318	788	1417	854	435
KCTD7	503	39	151	115	117	132	415	41
RABGEF1	298	313	82	1295	878	1463	259	419
TMEM248	2396	100	1003	383	214	508	2042	143
SBDS	3516	134	1610	426	316	611	2952	173
TYW1	1562	150	577	547	450	806	1349	227
SPDYE21P	5	11	0	35	34	68	2	11
AUTS2	4368	1919	1622	6581	6540	12522	2247	3255
GALNT17	381	146	131	468	188	380	433	160
CALN1	148	143	40	326	217	506	136	136
TYW1B	543	79	192	303	287	436	702	141
POM121	1606	92	381	431	305	547	1180	160
TRIM74	1	0	0	1	0	0	3	0
SPDYE8P	0	0	0	0	0	0	0	0
SPDYE17	0	0	0	0	0	0	0	0
SPDYE9P	0	3	0	3	2	1	0	0
NSUN5	1556	59	687	268	186	323	1647	116
TRIM50	0	1	0	1	0	0	2	0
FKBP6	9	0	1	4	1	3	9	1
FZD9	468	10	38	19	16	41	304	14
BAZ1B	12411	406	3607	1639	1089	2410	7779	673
BCL7B	3666	94	966	347	214	430	2842	121
TBL2	2008	59	717	200	110	314	1970	64
MLXIPL	61	2	33	8	8	11	89	7
VPS37D	1546	49	496	174	144	270	1424	56
DNAJC30	1474	34	481	121	95	188	1241	40
BUD23	8305	245	2415	718	475	1304	7333	323
STX1A	228	3	101	28	22	37	246	10
ABHD11	1365	45	835	176	119	191	1201	63
CLDN3	1219	52	893	209	177	206	2311	53
CLDN4	221	13	420	29	16	34	679	9
METTL27	260	42	88	18	54	49	338	25
TMEM270	2	0	2	0	0	0	4	1
ELN	582	9	69	74	51	96	515	23
LIMK1	2355	71	788	200	163	314	1784	99
EIF4H	6694	275	2560	1012	580	1543	5800	429
LAT2	22	10	5	53	45	78	14	28
RFC2	7452	176	1898	713	436	1141	5203	335
CLIP2	697	103	207	369	385	554	521	191
GTF2IRD1	1530	241	463	948	591	896	1442	292
GTF2I	10441	1028	3350	3750	2718	6425	6956	1534
NCF1	3	1	6	3	5	3	15	1
GTF2IRD2	453	25	123	115	121	198	276	38
CASTOR2	1196	59	436	249	182	445	937	94
RCC1L	4123	121	1294	431	259	649	3140	187
GTF2IRD2B	307	42	60	131	103	201	258	60
AC211486.7	0	0	0	0	0	0	0	0
AC211486.8	0	0	0	0	0	0	0	0
AC211486.6	0	0	0	0	0	0	0	0
TRIM73	8	63	3	181	148	271	2	64
POM121C	2651	98	1112	392	259	475	1908	157
SPDYE5	14	16	5	57	57	59	10	18
HIP1	5895	231	2279	1073	817	1461	3540	473
CCL26	37	1	31	4	0	5	60	0
CCL24	0	0	0	0	1	0	0	0
RHBDD2	3142	107	1024	491	343	618	3408	167
POR	4811	174	1505	692	472	665	4582	225
TMEM120A	842	31	372	129	70	108	806	40
STYXL1	1540	60	592	256	201	311	1281	93
MDH2	14776	415	5426	1969	978	2460	15121	689
SRRM3	286	18	124	50	48	109	250	28
HSPB1	21624	601	5844	2886	1528	3131	21546	808
YWHAG	6773	223	2752	865	573	1552	5148	425
SSC4D	237	58	125	148	89	95	428	34
ZP3	212	12	299	37	50	37	372	7
DTX2	33	10	15	50	34	84	26	19
UPK3B	0	0	1	1	1	4	0	1
SPDYE16	1	1	0	5	11	18	1	2
POMZP3	170	21	48	73	91	192	488	33
CCDC146	173	89	69	297	209	404	232	109
FGL2	13	1	4	2	2	2	18	0
GSAP	91	24	35	59	67	123	50	28
PTPN12	4591	327	1879	1172	813	1810	3465	487
RSBN1L	6268	264	1883	985	845	1638	4348	423
TMEM60	4278	144	1677	516	338	691	3557	178
PHTF2	1514	214	471	804	715	1312	1149	351
MAGI2	951	300	276	1078	1759	2901	1099	525
GNAI1	1676	131	826	506	381	708	1791	225
CD36	4	5	1	15	16	14	10	9
GNAT3	0	0	0	0	2	1	2	1
SEMA3C	256	69	41	399	254	588	475	65
HGF	21	3	3	6	10	34	24	4
CACNA2D1	340	105	492	666	309	361	390	105
PCLO	1033	100	454	524	396	806	583	228
SEMA3E	136	2	95	16	17	29	86	2
SEMA3A	1781	144	1731	952	323	751	941	271
SEMA3D	178	27	47	117	56	93	260	17
GRM3	668	36	107	257	327	504	264	130
KIAA1324L	1213	226	494	681	606	519	355	224
DMTF1	2861	243	926	883	631	1417	1988	314
TMEM243	2123	71	703	399	253	625	1928	158
CROT	3135	197	952	980	604	1379	2459	374
ABCB4	230	24	38	78	63	137	141	42
ABCB1	29	2	6	34	24	30	17	11
RUNDC3B	197	9	21	59	34	70	234	13
SLC25A40	764	77	256	227	206	419	637	102
DBF4	8164	280	2259	1072	726	1922	5013	550
ADAM22	739	76	204	261	259	516	387	119
SRI	21939	448	5621	1791	1390	2972	12961	853
STEAP4	4	0	0	1	6	3	2	0
ZNF804B	0	1	0	5	11	12	1	4
TEX47	0	0	0	0	0	0	0	0
STEAP1	236	11	90	23	16	18	267	16
STEAP2	195	9	117	34	54	105	257	4
CFAP69	139	53	48	166	121	236	160	40
FAM237B	0	0	0	0	0	1	0	0
GTPBP10	872	95	345	308	251	448	772	131
CLDN12	1135	42	500	148	104	264	922	62
CDK14	1677	650	546	2875	1535	3499	1235	1099
FZD1	1940	45	563	179	211	316	2092	59
MTERF1	931	109	322	346	309	517	758	147
AKAP9	11860	686	3936	2502	1777	3800	11570	1044
CYP51A1	1092	479	115	2558	1415	2916	709	829
LRRD1	15	7	3	17	12	41	9	16
KRIT1	2104	205	692	623	487	1206	1344	284
ANKIB1	1756	374	622	1306	957	1904	1461	496
GATAD1	6697	177	2559	599	418	948	5592	288
ERVW-1	2	0	0	2	2	3	1	1
PEX1	1699	70	669	245	164	430	1133	115
RBM48	1193	47	336	212	166	325	931	73
FAM133B	6792	352	1858	1486	1042	2348	4699	578
CDK6	2927	312	646	1154	517	735	2904	381
SAMD9	27	0	0	0	2	4	5	1
SAMD9L	0	0	1	1	1	0	6	0
HEPACAM2	1	0	0	0	1	1	0	0
VPS50	849	119	206	351	289	600	578	157
CALCR	7	0	5	7	0	2	14	1
GNGT1	336	174	71	1910	546	406	103	66
TFPI2	114	1	74	11	8	20	187	1
GNG11	4083	67	522	439	235	374	4014	177
BET1	2723	134	1085	403	281	568	2497	150
COL1A2	2668	73	829	380	275	249	4014	139
CASD1	2116	174	837	713	581	1438	1306	386
SGCE	3348	277	1071	1093	866	1683	3501	400
PEG10	23272	506	2939	1763	1482	4450	11345	1258
PPP1R9A	3030	715	1185	2523	1922	3911	2415	1097
PON1	22	2	58	9	4	9	27	9
PON3	6	1	24	7	5	4	18	2
PON2	10513	312	1963	1072	777	1915	8128	612
ASB4	18	2	0	3	3	7	8	6
PDK4	79	2	4	2	1	9	50	6
DYNC1I1	66	14	90	62	20	22	115	25
SLC25A13	5099	294	2037	1203	630	1428	3886	419
SEM1	31190	903	11906	3802	2036	4389	23163	1212
DLX6	45	2	17	2	0	6	33	0
DLX5	170	5	163	15	1	19	172	2
SDHAF3	5187	174	1844	596	419	918	4188	265
TAC1	52	0	27	49	21	9	316	19
ASNS	2536	7	1221	20	9	23	2177	8
OCM2	0	0	0	0	0	0	1	0
LMTK2	547	87	260	333	248	508	491	138
BHLHA15	0	0	1	0	0	0	0	0
TECPR1	710	28	243	102	86	137	545	45
BRI3	18600	874	9347	3336	2017	3554	18362	1021
BAIAP2L1	958	138	429	465	166	409	1205	139
NPTX2	463	6	193	28	10	27	439	8
TMEM130	30	6	16	40	20	6	51	2
TRRAP	2154	203	777	776	538	1034	1467	302
SMURF1	462	174	208	695	424	843	416	255
KPNA7	0	0	0	2	0	2	0	0
ARPC1A	11379	312	4432	1359	716	1452	9348	495
ARPC1B	1354	118	580	495	179	453	1543	148
PDAP1	19606	488	6450	2059	1276	3016	14830	847
BUD31	11251	307	3525	1186	747	1578	8705	508
PTCD1	650	37	286	179	103	221	623	60
CPSF4	3916	102	1219	407	200	560	2839	189
ATP5MF	32455	813	11069	3238	1893	4013	25507	1177
ZNF789	717	44	232	252	223	443	482	86
ZNF394	1202	49	417	187	118	247	1027	67
ZKSCAN5	736	36	234	123	98	197	556	46
FAM200A	1250	59	358	221	142	312	902	78
ZNF655	1881	72	758	359	183	446	1528	103
TMEM225B	42	6	34	13	6	6	75	10
ZSCAN25	334	27	143	109	61	135	216	31
CYP3A5	345	6	97	30	22	44	204	10
CYP3A7	0	3	0	11	7	22	2	3
CYP3A4	2	1	0	8	1	8	8	2
CYP3A43	1	1	1	15	4	7	2	4
OR2AE1	0	0	0	0	0	1	1	0
TRIM4	816	51	342	204	166	318	623	67
GJC3	15	1	40	5	4	9	22	2
AZGP1	4	0	4	1	1	1	7	0
ZKSCAN1	7943	289	2442	1071	777	1868	5470	382
ZSCAN21	1303	54	506	195	133	314	1152	69
ZNF3	2443	76	834	262	211	457	1764	120
COPS6	15304	386	4987	1360	912	1796	12439	543
MCM7	19857	358	4704	1287	860	2346	11457	746
AP4M1	1708	41	514	173	132	224	1549	70
TAF6	3875	92	1447	345	208	424	3281	163
CNPY4	1920	60	732	200	158	387	1662	93
MBLAC1	190	5	58	23	15	22	180	7
LAMTOR4	17938	429	6836	2023	1317	2363	13755	690
MAP11	386	6	150	15	12	39	283	12
GAL3ST4	153	9	48	23	10	34	133	11
GPC2	3314	119	998	228	215	616	2561	135
STAG3	119	31	50	135	96	179	69	65
CASTOR3	1301	169	546	535	437	762	971	215
PVRIG	2	1	2	0	0	1	2	0
SPDYE3	52	44	8	142	102	190	29	46
PILRB	1438	54	321	185	112	233	652	70
PILRA	83	23	37	101	53	81	62	37
ZCWPW1	264	23	104	42	41	78	234	19
MEPCE	1195	28	395	112	75	206	1104	51
PPP1R35	4510	155	1664	456	359	550	4123	182
C7orf61	18	3	12	8	6	13	20	3
TSC22D4	1162	20	522	114	73	138	996	24
NYAP1	286	13	82	42	60	72	263	32
AGFG2	160	14	65	66	59	94	124	28
SAP25	179	3	45	14	7	19	130	11
LRCH4	748	20	289	69	48	86	717	19
FBXO24	34	7	21	8	13	17	53	5
PCOLCE	444	17	263	38	24	79	686	26
MOSPD3	2177	50	788	169	153	342	1701	81
TFR2	78	7	20	16	8	32	74	5
ACTL6B	21	2	13	3	6	5	34	3
GNB2	9132	240	3277	839	563	1309	7748	401
GIGYF1	2624	95	1031	344	275	646	1860	152
POP7	8599	158	2794	732	454	1030	5829	290
EPO	12	0	10	2	0	0	9	0
ZAN	1	1	0	5	1	2	4	3
EPHB4	1422	54	606	226	137	311	1188	87
SLC12A9	732	50	346	177	173	275	577	75
TRIP6	3848	110	1586	379	234	474	3847	135
SRRT	7338	156	2280	756	475	1207	4974	271
UFSP1	150	2	52	11	13	15	94	6
ACHE	164	7	148	22	22	24	216	8
MUC3A	137	1	98	9	2	11	250	5
MUC12	1385	66	402	283	137	243	2438	67
MUC17	0	1	0	0	1	0	0	1
TRIM56	1859	60	525	156	154	297	1497	62
SERPINE1	11	6	12	9	4	5	10	5
AP1S1	7713	184	2877	687	486	1044	5122	343
VGF	390	7	534	16	6	26	217	6
NAT16	12	0	13	3	4	9	10	0
MOGAT3	5	0	9	1	0	1	2	1
PLOD3	1055	23	533	99	65	143	954	47
ZNHIT1	9678	314	3839	1389	969	1729	8978	480
CLDN15	114	3	64	13	5	13	108	8
FIS1	14412	436	5054	1655	1294	2215	10742	648
IFT22	8932	234	1832	841	662	1325	5740	340
COL26A1	1630	112	574	388	191	401	1509	148
MYL10	1	2	2	0	0	0	1	0
CUX1	4929	706	1497	2348	1956	3401	3246	1004
SH2B2	1025	20	314	92	91	178	629	50
SPDYE6	1	3	0	13	8	8	1	1
PRKRIP1	2180	181	703	625	440	762	1741	231
ORAI2	4648	102	1252	394	309	595	3098	158
ALKBH4	2144	66	717	246	127	328	1599	86
LRWD1	2166	37	735	170	143	315	1664	93
POLR2J	15465	454	4403	1623	954	2377	9883	592
RASA4B	2	1	1	9	11	9	5	7
POLR2J3	527	168	113	980	902	981	206	169
UPK3BL2	0	1	0	7	11	8	0	1
SPDYE2	0	46	0	113	149	124	0	52
RASA4	27	16	22	42	45	80	39	11
UPK3BL1	23	85	39	188	220	418	68	40
SPDYE2B	0	1	0	8	15	10	0	0
POLR2J2	566	11	85	59	74	122	286	8
FAM185A	401	55	124	170	99	221	264	60
FBXL13	190	79	55	276	257	402	208	133
LRRC17	1018	84	228	215	65	207	1065	112
NFE4	2	1	2	10	3	5	2	0
ARMC10	227	198	165	591	435	790	304	255
NAPEPLD	57	63	22	181	181	293	52	86
PMPCB	6443	229	2240	854	500	1210	4992	364
DNAJC2	6699	198	2060	807	504	1036	5217	276
PSMC2	5999	166	2314	686	394	905	5192	274
SLC26A5	5	14	6	48	42	62	4	13
RELN	13	15	33	7	25	21	39	9
ORC5	1033	128	285	379	285	528	704	139
LHFPL3	10	16	0	23	73	159	5	23
KMT2E	12296	692	3592	2480	1694	3261	10303	938
SRPK2	7568	676	2250	2612	1972	3450	6125	982
PUS7	2238	90	781	357	253	706	1599	199
RINT1	885	67	318	316	173	363	761	82
EFCAB10	252	22	66	78	57	164	199	59
ATXN7L1	634	215	243	746	682	1069	533	325
CDHR3	198	52	74	216	183	290	140	102
SYPL1	4312	130	2218	739	350	769	3883	194
NAMPT	2448	193	1117	754	356	844	2097	271
CCDC71L	2269	61	670	236	135	268	1943	65
PIK3CG	0	0	0	0	0	0	0	0
PRKAR2B	3754	215	1061	749	450	983	1904	303
HBP1	2084	101	1009	323	300	670	1971	141
COG5	1276	363	432	1368	923	1688	964	491
GPR22	9	2	2	1	2	4	1	3
DUS4L	1140	42	426	135	102	230	971	51
BCAP29	4419	152	1172	542	475	828	3349	193
SLC26A4	5	2	1	4	2	8	7	2
CBLL1	1466	65	482	247	203	377	1122	84
SLC26A3	0	6	0	18	13	17	1	10
DLD	4536	136	1622	573	386	823	3561	182
LAMB1	866	78	727	202	136	168	1078	51
LAMB4	1	0	0	2	5	4	0	4
NRCAM	999	107	525	356	249	913	228	203
PNPLA8	1832	99	873	444	295	610	1635	152
THAP5	1987	62	697	227	204	406	1486	104
DNAJB9	1529	51	695	190	128	309	1500	63
IMMP2L	1190	455	383	1776	1121	3563	838	622
LRRN3	388	12	190	59	31	63	260	19
DOCK4	380	194	131	1258	604	867	361	279
ZNF277	1849	153	688	513	362	724	1553	219
IFRD1	3380	110	932	477	266	656	2925	290
LSMEM1	29	1	16	9	2	14	21	2
TMEM168	1345	130	334	449	332	693	919	175
BMT2	721	142	205	546	381	744	576	235
GPR85	255	17	50	85	38	65	197	17
SMIM30	3332	128	1293	421	315	587	3033	228
PPP1R3A	0	0	0	0	0	3	0	0
FOXP2	207	43	37	86	235	1012	59	121
MDFIC	1073	104	270	278	285	615	693	122
TFEC	15	3	8	0	9	4	0	0
TES	372	26	115	77	24	99	612	23
CAV2	36	2	113	11	6	10	47	0
CAV1	142	2	252	29	5	13	395	4
MET	371	5	64	51	43	13	57	4
CAPZA2	8070	350	3057	1298	1114	2111	5953	519
ST7	657	48	167	171	146	233	437	39
WNT2	0	0	1	0	0	0	0	0
ASZ1	1	0	0	0	1	1	0	0
CFTR	31	36	16	122	95	84	113	25
CTTNBP2	1016	101	531	283	336	545	553	156
LSM8	11542	350	4179	1241	916	1922	8197	530
ANKRD7	31	33	25	52	24	100	5	11
KCND2	186	152	75	724	256	688	84	172
TSPAN12	1037	30	407	175	123	234	909	57
ING3	2662	59	787	279	210	481	1606	124
CPED1	4	1	3	8	4	11	22	1
WNT16	2	0	3	1	1	2	4	2
FAM3C	1442	174	583	611	401	897	1168	242
PTPRZ1	12947	408	4354	1604	1902	4757	3411	708
AASS	7055	301	4423	1024	730	2078	4286	523
FEZF1	4099	63	1642	203	191	438	2531	161
CADPS2	640	215	363	1010	765	818	561	246
RNF133	2	0	1	1	0	0	0	0
RNF148	5	0	3	1	0	0	3	1
TAS2R16	0	0	0	0	0	0	0	0
SLC13A1	0	2	0	0	0	0	0	0
IQUB	268	39	66	71	93	65	370	35
NDUFA5	10550	362	3917	1377	1177	2084	8724	544
ASB15	2	0	1	1	3	0	2	0
LMOD2	11	0	1	1	0	2	17	0
WASL	3439	176	1325	695	549	1121	2583	307
HYAL4	1	0	0	0	0	0	0	0
SPAM1	1	0	0	0	0	0	0	0
TMEM229A	46	1	15	3	2	2	33	2
SSU72P8	0	0	0	0	0	0	0	0
GPR37	106	6	53	19	9	14	142	2
C7orf77	0	0	0	0	2	0	0	0
POT1	948	106	355	422	297	642	869	154
GRM8	81	119	4	174	971	736	120	131
ZNF800	1047	60	273	237	168	394	756	117
GCC1	380	16	140	57	24	83	401	15
ARF5	10178	259	4009	1187	714	1358	9308	357
FSCN3	19	1	13	5	5	9	14	9
PAX4	1	0	1	0	0	0	8	0
SND1	4110	314	1808	1060	634	1266	4117	428
LRRC4	1937	44	410	192	215	376	1483	73
LEP	1	0	0	0	0	0	1	3
RBM28	4659	191	1586	749	452	1017	3784	239
PRRT4	36	1	14	5	3	7	43	2
IMPDH1	1880	41	317	125	97	247	1170	69
HILPDA	9621	219	2212	724	484	1319	10107	367
METTL2B	3079	132	921	450	297	727	2076	202
FAM71F2	41	2	23	18	23	36	42	13
FAM71F1	9	2	80	8	3	2	16	0
CALU	16025	600	7820	2442	1306	2602	14287	703
OPN1SW	8	2	4	17	8	15	10	1
CCDC136	1096	78	765	313	156	387	1002	100
FLNC	196	7	307	44	11	21	393	2
KCP	259	11	96	20	28	49	417	23
ATP6V1F	16502	513	6547	1951	1480	2414	13588	744
ATP6V1FNB	16	1	4	2	1	4	14	2
IRF5	5	1	1	1	1	2	7	0
TNPO3	4304	313	1675	933	542	1213	3089	385
AC011005.1	12	0	3	2	2	2	8	0
TSPAN33	1263	24	681	170	97	177	978	49
SMO	2802	140	833	541	374	711	2170	196
AHCYL2	695	406	463	1412	830	1554	459	542
STRIP2	296	15	306	92	65	100	133	31
SMKR1	671	11	93	60	58	119	304	18
NRF1	790	189	223	785	582	1039	536	356
UBE2H	5084	430	3710	1777	1132	2194	4480	617
ZC3HC1	2025	91	674	358	288	572	1496	123
KLHDC10	1398	209	526	722	572	995	1222	262
TMEM209	2013	111	636	362	245	572	1457	131
SSMEM1	5	1	0	0	1	0	9	0
CPA2	34	0	22	12	5	10	39	5
CPA4	2	1	1	1	0	1	0	0
CPA5	11	5	1	22	6	3	10	2
CPA1	4	0	3	0	0	1	9	0
CEP41	2279	73	667	291	196	469	1650	137
MEST	20863	688	12310	2209	1098	2252	53906	715
COPG2	2279	174	611	685	483	945	1471	276
TSGA13	3	1	1	3	1	3	1	0
KLF14	1	0	0	0	1	0	1	0
MKLN1	2954	411	935	1608	1157	2092	1867	580
PODXL	1892	24	873	141	61	142	2587	38
PLXNA4	24	4	15	13	21	37	11	5
CHCHD3	8914	434	3097	1895	1243	2526	6751	705
EXOC4	2619	776	843	2788	2262	4550	1946	1205
LRGUK	54	41	12	171	198	410	41	79
SLC35B4	2973	89	1080	391	245	565	2195	149
AKR1B1	11888	262	3499	944	659	1594	7270	504
AKR1B10	2	0	2	1	1	1	1	1
AKR1B15	3	0	0	2	0	1	2	0
BPGM	2431	65	850	230	221	440	1752	105
CALD1	16138	496	7022	2312	1599	3577	12314	776
AGBL3	294	62	62	313	236	443	198	111
CYREN	2473	109	734	422	316	649	1430	162
TMEM140	13	5	5	45	23	50	14	14
WDR91	300	14	114	31	32	55	217	22
STRA8	1	0	0	0	0	1	0	0
CNOT4	3799	290	1166	1098	760	1587	2682	420
NUP205	2312	160	711	551	356	856	1569	237
STMP1	14988	510	2758	1804	1229	2851	11664	776
SLC13A4	153	30	44	78	56	62	260	44
FAM180A	0	0	0	0	2	1	1	0
MTPN	8237	360	3439	1476	976	2144	6362	530
LUZP6	0	0	0	0	0	0	0	0
CHRM2	19	22	0	120	86	14	5	15
PTN	35487	945	3148	2742	1540	2570	17906	891
DGKI	47	29	48	115	119	246	43	44
CREB3L2	1153	81	570	403	284	435	1162	103
AKR1D1	5	0	1	27	15	24	2	7
TRIM24	13751	1075	3297	5239	2830	6346	8526	1897
SVOPL	35	2	24	11	9	9	27	11
ATP6V0A4	7	2	2	3	4	2	12	0
TMEM213	11	5	4	10	12	18	14	8
KIAA1549	2139	183	443	642	531	1059	1187	290
ZC3HAV1L	168	21	51	89	64	179	179	34
ZC3HAV1	1052	30	259	48	44	185	925	42
TTC26	841	82	176	303	214	404	622	89
UBN2	2483	112	907	544	375	766	1894	182
FMC1	3520	131	1165	479	317	636	2354	196
LUC7L2	6293	575	1649	2053	1448	3423	4217	875
KLRG2	11	2	20	3	2	4	28	1
CLEC2L	117	14	17	109	55	47	252	14
HIPK2	6941	373	1487	1150	1048	2154	3467	600
TBXAS1	477	38	36	108	93	149	331	52
PARP12	42	3	19	9	5	4	38	0
KDM7A	486	66	225	247	180	335	461	87
SLC37A3	1158	70	477	263	194	371	908	135
RAB19	0	0	3	2	2	0	2	1
MKRN1	4679	132	1992	504	416	917	3872	222
DENND2A	1108	190	345	805	586	940	817	244
ADCK2	428	11	171	29	39	75	273	20
NDUFB2	25634	575	9309	2592	1739	3588	17957	992
BRAF	2851	476	900	1932	1508	2963	1935	840
MRPS33	6292	215	2728	804	467	1057	5653	290
TMEM178B	402	178	90	547	1010	1580	146	468
AGK	326	112	103	409	313	561	212	150
DENND11	75	81	22	361	296	622	61	142
WEE2	0	2	0	3	2	1	0	0
SSBP1	34562	803	11132	3425	2091	4679	25480	1421
TAS2R3	2	0	2	0	0	1	3	0
TAS2R4	151	11	57	27	16	38	104	7
TAS2R5	4	1	2	3	2	5	5	0
PRSS37	2	0	0	1	0	3	0	0
MGAM	6	42	2	77	41	170	8	21
OR9A4	3	1	2	0	2	2	5	0
CLEC5A	2	5	1	6	6	24	3	4
TAS2R38	1	0	0	0	0	0	1	0
MGAM2	0	1	0	9	1	5	0	1
PRSS58	0	0	0	0	0	0	0	0
TRBV1	0	0	0	0	0	0	0	0
TRBV2	0	0	0	0	0	0	0	0
TRBV3-1	0	0	0	0	0	0	0	0
TRBV4-1	0	0	0	0	0	0	0	0
TRBV5-1	0	0	0	0	0	0	0	0
TRBV6-1	0	0	0	0	0	0	0	0
TRBV7-1	0	0	0	0	0	0	0	0
TRBV4-2	0	0	0	0	0	0	0	0
TRBV6-2	0	0	0	0	0	0	0	0
TRBV7-2	0	0	0	0	0	0	0	0
TRBV8-1	0	0	0	0	0	0	0	0
TRBV5-2	0	0	0	0	0	0	0	0
TRBV6-4	0	0	0	0	0	0	0	0
TRBV7-3	0	0	0	0	0	0	0	0
TRBV8-2	0	0	0	0	0	0	0	0
TRBV5-3	0	0	0	0	0	0	0	0
TRBV9	0	0	0	0	0	0	0	0
TRBV10-1	0	0	0	0	0	0	0	0
TRBV11-1	0	0	0	0	0	0	0	0
TRBV12-1	0	0	0	0	0	0	0	0
TRBV10-2	0	0	0	0	0	0	0	0
TRBV12-2	0	0	0	0	0	0	0	0
TRBV6-5	0	0	0	0	0	0	0	0
TRBV7-4	0	0	0	0	0	0	0	0
TRBV5-4	0	0	0	0	0	0	0	0
TRBV6-6	0	0	0	0	0	0	0	0
TRBV7-5	0	0	0	0	0	0	0	0
TRBV5-5	0	0	0	0	0	0	0	0
TRBV6-7	0	0	0	0	0	0	0	0
TRBV7-6	0	0	0	0	0	0	0	0
TRBV5-6	0	0	0	0	0	0	0	0
TRBV6-8	0	0	0	0	0	0	0	0
TRBV7-7	0	0	0	0	0	0	0	0
TRBV5-7	0	0	0	0	0	0	0	0
TRBV7-9	0	0	0	0	0	0	0	0
TRBV13	0	0	0	0	0	0	0	0
TRBV10-3	0	0	0	0	0	0	0	0
TRBV11-3	0	0	0	0	0	0	0	0
TRBV12-3	0	0	0	0	0	0	0	0
TRBV12-4	0	0	0	0	0	0	0	0
TRBV12-5	0	0	0	0	0	0	0	0
TRBV14	0	0	0	0	0	0	0	0
TRBV15	0	0	0	0	0	0	0	0
TRBV16	0	0	0	0	0	0	0	0
TRBV17	0	0	0	0	0	0	0	0
TRBV18	0	0	0	0	0	0	0	0
TRBV19	0	0	0	0	0	0	0	0
TRBV20-1	0	0	0	0	0	0	0	0
TRBV21-1	0	0	0	0	0	0	0	0
TRBV22-1	0	0	0	0	0	0	0	0
TRBV23-1	0	0	0	0	0	0	0	0
TRBV24-1	0	0	0	0	0	0	0	0
MTRNR2L6	0	2	0	3	1	1	0	1
TRBV25-1	0	0	0	0	0	0	0	0
TRBVA	0	0	0	0	0	0	0	0
TRBV26	0	0	0	0	0	0	0	0
TRBVB	0	0	0	0	0	0	0	0
TRBV27	0	0	0	0	0	0	0	0
TRBV28	0	0	0	0	0	0	0	0
TRBV29-1	0	0	0	0	0	0	0	0
PRSS1	3	2	0	3	7	7	3	1
PRSS2	5	1	2	3	4	6	4	1
TRBD1	0	0	0	0	0	0	0	0
TRBJ1-1	0	0	0	0	0	0	0	0
TRBJ1-2	0	0	0	0	0	0	0	0
TRBJ1-3	0	0	0	0	0	0	0	0
TRBJ1-4	0	0	0	0	0	0	0	0
TRBJ1-5	0	0	0	0	0	0	0	0
TRBJ1-6	0	0	0	0	0	0	0	0
TRBC1	0	0	0	1	0	0	0	0
TRBJ2-1	0	0	0	0	0	0	0	0
TRBJ2-2	0	0	0	0	0	0	0	0
TRBJ2-2P	0	0	0	0	1	0	0	0
TRBJ2-3	0	0	0	0	0	0	0	0
TRBJ2-4	0	0	0	0	0	0	0	0
TRBJ2-5	0	0	0	0	0	0	0	0
TRBJ2-6	0	0	0	0	0	0	0	0
TRBJ2-7	0	0	0	0	0	0	0	0
TRBC2	10	0	9	1	1	1	24	1
TRBV30	0	0	0	0	0	0	0	0
EPHB6	367	18	166	95	89	154	269	33
TRPV6	1	0	0	1	1	1	1	0
TRPV5	0	1	0	3	1	5	1	1
LLCFC1	0	0	0	0	0	1	0	0
KEL	36	20	6	82	10	14	118	11
OR9A2	0	0	0	0	0	0	0	0
OR6V1	0	0	0	0	0	0	0	0
PIP	0	0	0	1	0	1	0	0
TAS2R39	0	0	0	0	0	0	1	0
TAS2R40	0	0	0	0	0	0	0	0
GSTK1	3544	69	1208	331	266	480	3320	141
TMEM139	111	9	42	33	6	10	156	3
CASP2	2056	76	577	277	239	530	1367	163
CLCN1	8	0	5	2	3	7	5	2
FAM131B	490	10	168	41	33	68	286	13
ZYX	1825	47	1047	329	210	288	2049	81
EPHA1	287	3	266	14	12	23	401	6
TAS2R60	1	0	0	0	0	0	1	0
TAS2R41	0	0	0	0	0	0	0	0
CTAGE15	0	0	1	0	0	0	0	0
TCAF2	6	0	1	2	1	0	4	2
TCAF2C	0	0	0	0	0	0	0	0
CTAGE6	1	0	0	0	0	0	2	0
TCAF1	3775	265	1131	1010	803	1676	2638	431
OR2F2	0	0	0	0	0	0	0	0
OR2F1	1	0	0	1	1	0	0	0
OR6B1	0	0	1	0	0	0	0	0
OR2A5	1	1	0	1	0	1	3	0
OR2A25	1	0	0	1	0	1	1	0
OR2A12	0	0	0	0	1	0	1	0
OR2A2	0	0	0	0	0	0	0	0
OR2A14	0	0	0	0	0	0	0	0
CTAGE4	0	0	1	0	0	0	1	0
ARHGEF35	45	5	49	34	28	29	47	16
OR2A42	1	1	0	0	2	0	2	1
OR2A7	0	1	0	3	0	2	0	0
CTAGE8	0	0	0	0	0	0	0	0
OR2A1	1	0	1	2	0	1	1	1
ARHGEF5	206	8	119	29	18	39	196	6
NOBOX	0	0	0	0	0	0	0	0
TPK1	262	76	96	169	142	229	265	83
CNTNAP2	2492	1406	1087	6012	4036	5213	2607	1925
C7orf33	0	0	0	0	0	0	0	0
CUL1	4648	255	1441	1107	719	1402	3118	408
EZH2	10010	377	2262	1606	1135	2906	6051	898
PDIA4	9006	240	3888	972	471	945	8870	323
ZNF786	708	36	193	173	162	254	517	63
ZNF425	315	21	110	89	103	138	295	25
ZNF398	779	55	310	230	206	267	542	79
ZNF282	720	29	220	117	102	144	588	49
ZNF212	687	43	278	180	145	284	661	58
ZNF783	317	34	117	83	72	102	290	31
ZNF777	784	22	258	135	116	156	629	41
ZNF746	953	28	324	127	101	178	731	40
KRBA1	449	13	141	57	33	74	366	21
ZNF467	552	21	181	94	124	102	756	22
SSPO	151	6	34	15	17	30	86	11
ZNF862	165	78	42	295	245	405	125	119
ATP6V0E2	3809	103	1831	503	365	721	3064	196
ACTR3C	3	5	3	5	6	4	2	4
ZBED6CL	5	0	29	2	2	0	2	1
LRRC61	68	10	511	68	32	15	42	25
RARRES2	4867	222	791	373	81	137	6145	115
REPIN1	6294	113	1400	444	255	642	3896	186
ZNF775	2684	57	852	258	202	424	2118	131
AC073111.4	345	10	104	26	19	40	335	13
GIMAP8	0	0	0	0	0	0	0	0
GIMAP7	0	0	0	0	0	0	1	0
GIMAP4	3	0	0	0	1	0	1	0
GIMAP6	0	0	0	0	0	0	0	0
GIMAP2	0	0	0	1	0	0	0	0
GIMAP1	0	0	0	0	0	1	0	0
GIMAP5	0	0	0	0	1	0	4	0
TMEM176B	54	0	26	3	4	8	57	1
TMEM176A	19	0	26	5	0	1	51	2
AOC1	0	0	0	2	0	2	1	4
KCNH2	329	6	191	46	39	58	399	7
NOS3	139	5	112	17	10	16	224	6
ATG9B	337	8	54	26	24	34	380	14
ABCB8	849	29	241	88	80	107	714	42
ASIC3	46	1	13	2	1	2	44	3
CDK5	1460	59	561	123	147	207	1203	58
SLC4A2	1588	34	504	125	86	155	1293	37
FASTK	2459	52	843	201	149	266	2097	76
TMUB1	2780	52	863	226	151	339	2456	104
AGAP3	1787	59	509	199	122	303	1528	98
GBX1	0	1	0	3	3	2	0	6
ASB10	0	2	0	0	0	0	0	0
IQCA1L	0	0	0	2	0	0	1	0
AC021097.2	0	0	0	0	0	0	0	1
ABCF2	0	56	0	284	155	387	2	89
CHPF2	511	10	214	63	29	66	521	13
SMARCD3	2390	57	452	182	202	354	1640	96
NUB1	3578	115	846	504	358	763	2534	208
WDR86	539	32	173	68	134	213	318	48
CRYGN	12	1	9	0	5	7	20	3
RHEB	9665	563	3364	1914	1309	2673	6972	765
PRKAG2	989	31	365	155	158	262	493	76
GALNTL5	0	1	0	0	1	0	1	0
GALNT11	2716	135	1046	529	435	832	2419	214
KMT2C	3168	464	1453	1728	1385	2516	2125	637
XRCC2	3862	103	1070	499	317	915	1905	204
ACTR3B	2040	84	652	263	204	460	1503	116
DPP6	72	17	36	177	217	321	196	53
PAXIP1	1512	73	394	244	172	341	1009	87
HTR5A	0	0	2	0	0	0	0	0
INSIG1	2690	61	546	383	147	480	2130	133
EN2	218	15	1	12	6	5	489	5
CNPY1	192	0	6	1	0	0	263	0
RBM33	3345	261	1001	831	642	1255	2276	342
SHH	7	0	2	1	0	2	18	0
RNF32	182	13	52	50	33	53	208	19
LMBR1	1229	185	377	810	511	990	898	339
NOM1	2465	50	685	200	115	291	1671	111
MNX1	22	1	0	2	6	0	30	0
UBE3C	1433	234	523	891	597	1037	1066	371
DNAJB6	8862	437	3699	1637	1157	2385	7059	636
PTPRN2	22	113	99	498	281	524	716	215
NCAPG2	1993	132	681	495	318	664	1465	225
ESYT2	846	108	380	402	306	430	756	135
WDR60	5151	211	1623	851	631	1348	3900	408
VIPR2	490	4	129	3	11	49	190	8
PLCXD1	31	71	12	236	204	303	44	117
GTPBP6	268	123	94	291	236	493	251	195
PPP2R3B	655	107	284	308	222	429	758	179
SHOX	0	0	0	0	0	0	0	0
CRLF2	0	2	1	0	6	1	0	0
CSF2RA	0	11	2	64	26	28	3	12
IL3RA	2	77	1	207	171	249	4	89
SLC25A6	1350	1109	689	3161	2603	5196	1422	1693
ASMTL	336	134	237	433	266	364	492	214
P2RY8	0	1	0	2	0	1	0	2
AKAP17A	326	58	154	272	155	221	429	105
ASMT	3	0	3	0	3	2	5	0
DHRSX	227	441	82	1344	1059	1147	297	639
ZBED1	3	67	0	249	196	328	1	125
CD99	837	522	360	1509	1503	1461	1315	797
XG	3	1	3	5	12	6	3	0
GYG2	1959	77	914	605	406	440	1171	90
ARSD	538	20	253	122	115	85	402	16
ARSE	564	21	145	147	35	64	356	19
ARSH	0	0	0	0	0	0	0	0
ARSF	0	0	1	1	0	2	2	1
MXRA5	165	8	164	93	51	67	134	7
PRKX	2219	86	1086	388	227	361	1435	126
NLGN4X	1520	223	1138	1439	1014	1307	1056	337
VCX3A	2	1	1	11	6	5	8	1
PUDP	1483	104	858	1044	492	615	1033	156
STS	292	97	108	1062	469	297	127	97
VCX	64	1	31	8	7	0	8	0
PNPLA4	2015	80	2042	544	357	326	1956	90
VCX2	0	0	2	0	0	1	3	0
VCX3B	20	0	28	3	3	3	27	0
ANOS1	1570	163	778	814	353	466	985	142
FAM9A	0	0	0	0	0	0	0	0
FAM9B	1	0	0	2	1	3	1	0
TBL1X	3222	338	2057	2022	1698	2302	1918	594
GPR143	1410	58	1703	523	340	251	1333	66
SHROOM2	502	69	376	461	351	346	328	101
CLDN34	5	1	2	0	4	0	6	1
WWC3	1423	64	1499	461	145	276	1064	101
CLCN4	457	28	449	300	129	130	383	40
MID1	3861	776	1635	8034	6035	3568	3606	1003
HCCS	1851	44	1420	389	110	258	1546	80
ARHGAP6	110	60	54	433	112	332	72	115
AMELX	0	0	0	0	0	0	0	0
MSL3	2591	52	1445	564	275	399	1734	115
FRMPD4	4	3	1	22	33	34	2	8
PRPS2	1943	50	830	274	131	410	1063	96
TLR7	3	0	1	1	0	0	1	1
TLR8	0	0	0	0	0	0	0	0
TMSB4X	274994	4833	114601	34612	41054	45379	121706	8811
FAM9C	6	0	5	0	0	1	0	0
ATXN3L	0	0	0	0	0	0	0	0
EGFL6	55	3	72	100	60	21	123	5
TCEANC	157	6	92	51	22	47	113	9
RAB9A	2593	77	1946	596	509	447	2080	102
TRAPPC2	1601	73	922	587	529	395	1020	83
OFD1	3632	112	2205	760	620	621	2680	148
GPM6B	9012	200	4006	2166	1466	1637	4361	289
GEMIN8	990	29	658	204	184	181	746	64
GLRA2	4	34	2	258	127	220	3	52
FANCB	1586	102	853	709	258	694	873	155
MOSPD2	782	56	651	396	148	302	642	81
ASB9	24	1	49	34	0	3	18	3
ASB11	0	0	0	1	2	0	0	0
PIGA	352	34	125	223	77	183	297	37
VEGFD	27	6	37	45	14	25	6	6
PIR	3926	115	1245	832	301	384	1812	124
BMX	0	3	0	18	6	8	1	4
ACE2	0	0	0	2	0	2	2	0
CLTRN	140	4	105	43	12	43	149	10
CA5B	220	67	116	519	214	445	174	103
ZRSR2	1360	43	499	297	231	283	705	54
AP1S2	9366	266	5550	2069	1226	1456	6646	275
GRPR	26	1	33	7	4	11	16	4
MAGEB17	1	1	0	1	1	2	2	0
CTPS2	2304	125	835	758	574	957	935	171
S100G	1	0	0	5	2	2	0	2
SYAP1	6845	155	2924	1164	672	963	3285	194
TXLNG	3978	75	1474	491	305	580	1575	121
RBBP7	17125	270	6476	2000	1236	1984	7079	443
REPS2	13	9	36	50	52	13	32	6
NHS	397	87	317	1103	1023	653	274	167
SCML1	1388	66	504	318	453	717	653	138
RAI2	20	7	60	92	26	25	56	9
BEND2	1	0	1	1	0	0	1	2
SCML2	861	92	542	599	209	404	731	123
CDKL5	625	74	372	644	295	463	450	125
RS1	7	0	4	8	4	1	13	2
PPEF1	93	5	10	25	18	30	20	4
PHKA2	609	33	460	304	118	242	390	69
ADGRG2	64	7	103	40	15	28	37	11
PDHA1	7800	261	6028	1755	515	1174	6828	343
MAP3K15	46	4	35	64	14	38	64	10
SH3KBP1	839	36	665	239	102	231	699	63
BCLAF3	1005	66	643	327	164	293	635	83
MAP7D2	497	13	121	174	48	84	379	27
EIF1AX	7498	537	4902	3927	2842	3515	6684	957
RPS6KA3	1737	218	1229	1604	518	1039	1474	277
CNKSR2	1349	127	646	1153	380	798	572	254
KLHL34	81	3	31	13	6	9	47	2
SMPX	19	2	7	8	0	0	26	1
MBTPS2	642	43	233	441	146	342	460	76
YY2	162	8	59	43	11	28	75	7
SMS	28662	635	12113	4086	1919	2781	14780	1201
PHEX	29	4	2	22	45	36	11	17
CBLL2	0	0	0	0	0	0	0	0
DDX53	0	0	1	0	2	1	1	0
PTCHD1	146	12	36	76	363	317	137	28
PRDX4	21236	498	11114	3250	1898	2250	17441	640
ACOT9	1784	73	933	442	178	309	1185	113
SAT1	7935	457	7436	1050	619	765	8463	439
APOO	5953	206	2815	1378	1025	1051	3844	298
CXorf58	14	3	2	6	4	5	14	3
KLHL15	314	31	223	277	206	166	225	74
EIF2S3	14559	292	9848	2386	1409	2004	9937	541
ZFX	2721	131	931	1062	742	1340	1068	236
PDK3	1656	124	1448	823	548	616	1527	149
PCYT1B	364	5	252	49	58	100	302	10
POLA1	2010	267	874	1895	1232	1556	950	380
ARX	6178	170	231	609	1652	2202	3747	524
MAGEB18	0	0	0	0	0	0	1	0
MAGEB6B	0	0	0	0	0	0	0	0
MAGEB6	0	0	0	0	0	0	1	0
MAGEB5	0	0	0	0	0	0	0	0
PPP4R3C	0	0	0	0	0	0	0	0
DCAF8L2	0	0	0	0	0	1	0	0
MAGEB10	0	0	0	0	0	0	0	0
DCAF8L1	0	0	0	0	0	0	0	0
IL1RAPL1	183	234	71	1184	1748	3373	70	470
MAGEB2	0	0	0	0	0	0	0	1
MAGEB3	0	0	0	0	0	0	2	0
MAGEB4	0	0	0	0	0	0	1	0
MAGEB1	0	0	0	0	0	0	1	0
NR0B1	16	1	7	2	2	1	23	0
CXorf21	0	0	0	0	0	0	0	0
GK	649	44	121	318	131	215	431	44
TAB3	429	44	163	252	101	205	298	48
FTHL17	0	0	0	0	0	0	0	0
DMD	2778	707	649	4575	2322	4509	2134	1059
FAM47A	1	0	0	0	0	0	0	0
TMEM47	5851	113	3187	1073	385	1138	2118	154
FAM47B	0	0	0	0	0	0	0	0
MAGEB16	0	0	0	0	0	1	0	0
CFAP47	69	57	9	488	330	218	85	64
FAM47C	0	0	0	0	0	0	0	0
PRRG1	483	48	236	312	102	197	256	64
LANCL3	10	3	6	7	3	2	17	1
XK	102	2	38	34	13	11	83	1
CYBB	7	0	3	4	1	0	3	2
DYNLT3	1290	58	482	328	127	278	1155	77
HYPM	0	0	0	0	0	0	0	0
AL121578.2	0	0	0	2	1	0	2	0
SYTL5	10	2	42	16	1	6	17	3
SRPX	277	12	293	66	13	56	255	15
RPGR	2093	100	949	710	359	641	1588	141
OTC	5	0	2	1	1	1	0	1
TSPAN7	819	45	471	206	165	544	336	92
MID1IP1	2689	58	1527	340	107	328	2340	80
BCOR	1163	107	474	349	248	411	754	106
ATP6AP2	7888	250	6472	1792	602	1375	6356	297
MPC1L	0	0	0	0	0	0	0	0
CXorf38	1140	55	661	207	76	158	759	60
MED14	1438	136	1006	892	311	652	777	149
USP9X	6339	293	4836	2135	774	1849	3429	454
DDX3X	12780	341	4945	2206	959	2724	6947	605
NYX	20	0	9	12	2	9	17	1
CASK	3884	471	2058	3445	1154	2539	1926	684
GPR34	0	9	0	32	12	19	1	6
GPR82	875	10	260	118	45	88	270	20
PPP1R2C	0	0	0	0	0	0	0	0
MAOA	134	14	151	76	21	57	260	4
MAOB	169	3	61	88	40	71	187	14
NDP	147	1	119	10	13	40	55	8
EFHC2	151	33	53	170	66	116	164	26
FUNDC1	3466	86	2159	668	275	562	2833	162
DUSP21	0	0	0	0	0	0	0	0
KDM6A	882	318	707	1691	646	1372	633	409
DIPK2B	0	1	0	1	0	0	1	0
KRBOX4	878	47	303	208	136	369	664	85
ZNF674	125	18	119	82	46	76	97	25
CHST7	769	10	382	71	33	66	478	52
SLC9A7	327	30	233	192	122	170	267	59
RP2	567	46	461	285	114	246	418	60
JADE3	556	114	422	725	252	532	361	192
RGN	136	21	176	144	39	80	225	12
NDUFB11	35316	1001	23461	7528	3077	5720	26101	1558
RBM10	3583	98	1414	647	331	534	2749	167
UBA1	9260	166	4232	945	513	785	3964	228
CDK16	6948	123	2726	713	469	613	3620	185
USP11	8866	187	3920	1329	764	1127	4591	305
ZNF157	20	4	5	26	20	34	22	9
ZNF41	149	16	79	157	53	160	85	35
ARAF	1248	36	854	295	82	210	952	51
SYN1	122	2	107	20	7	19	132	3
TIMP1	4943	193	7381	1733	630	1035	7945	243
CFP	16	0	12	3	1	3	20	0
ELK1	1046	29	884	260	80	158	800	30
UXT	13242	336	8217	1424	875	1946	10596	471
ZNF81	184	57	96	196	121	228	142	73
ZNF182	453	15	171	55	39	101	354	23
ZNF630	45	0	20	30	33	46	42	24
SPACA5	0	0	0	1	0	0	0	0
SPACA5B	0	0	0	0	0	0	0	0
SSX5	0	0	0	0	0	0	0	0
SSX1	0	0	1	0	1	0	1	0
SSX3	1	0	0	0	0	0	0	0
SSX4	0	0	0	0	0	0	0	0
SSX4B	0	0	0	0	0	0	0	0
SLC38A5	562	6	94	35	19	23	684	7
FTSJ1	1257	34	425	275	100	203	1106	47
PORCN	452	14	184	91	33	65	380	19
EBP	12136	273	2968	1435	610	1328	9771	410
TBC1D25	321	11	122	68	39	85	237	24
RBM3	20151	343	5103	1077	720	2327	13181	557
WDR13	3007	94	931	535	241	433	2575	119
WAS	37	2	23	27	12	18	50	5
SUV39H1	612	15	187	74	26	77	410	17
GLOD5	0	1	0	3	0	1	2	2
GATA1	1	1	0	1	0	3	3	0
HDAC6	1652	49	752	346	150	251	1147	59
ERAS	8	0	5	1	3	0	5	1
PCSK1N	1314	55	454	195	746	307	1645	92
PQBP1	6302	143	3666	954	435	863	4984	267
TIMM17B	9518	353	7288	2190	829	1878	7364	516
SLC35A2	753	18	663	136	50	104	709	25
PIM2	610	8	921	62	39	79	580	21
OTUD5	1672	74	1233	484	176	344	1414	81
KCND1	35	3	39	11	11	3	38	2
GRIPAP1	2202	70	1450	467	188	385	1641	104
TFE3	507	19	553	145	36	97	471	26
CCDC120	338	13	280	127	50	81	302	20
PRAF2	3036	105	2225	759	254	530	2837	127
WDR45	1406	61	1239	454	201	289	1244	74
GPKOW	1208	41	622	233	83	170	1061	55
MAGIX	105	0	75	29	9	18	181	5
PLP2	290	9	232	73	36	56	1044	11
PRICKLE3	175	6	208	51	15	32	202	9
SYP	582	11	79	42	64	98	556	27
CACNA1F	18	2	23	45	10	8	54	2
CCDC22	1588	41	684	308	113	246	1252	60
FOXP3	11	1	3	3	1	3	10	1
PPP1R3F	1201	63	355	280	209	271	1218	81
GAGE10	3	1	1	11	7	9	2	0
GAGE12J	0	0	1	0	0	0	0	0
GAGE13	0	0	0	0	0	0	0	0
GAGE2E	0	0	0	0	0	0	0	0
GAGE12B	0	0	0	0	0	0	0	0
GAGE12C	0	0	0	0	0	0	0	0
GAGE12D	0	0	0	0	0	0	0	0
GAGE12F	0	0	0	0	0	0	0	0
GAGE12E	0	0	0	0	0	0	0	0
GAGE12G	0	0	0	0	0	0	0	0
GAGE12H	0	0	0	0	0	0	0	0
GAGE1	1	0	1	0	0	0	0	0
GAGE2A	0	0	0	0	0	0	1	0
PAGE1	0	0	0	0	0	0	0	0
PAGE4	5	0	12	1	1	2	11	1
USP27X	522	18	392	145	66	103	486	31
CLCN5	754	83	869	765	220	375	786	110
AKAP4	0	0	0	0	0	0	2	0
CCNB3	35	4	18	24	4	9	31	6
DGKK	7	2	17	8	5	15	5	5
SHROOM4	152	93	97	1287	229	336	312	111
BMP15	0	0	0	0	0	0	0	0
NUDT10	1372	12	358	157	68	158	921	41
EZHIP	7	0	0	2	0	1	1	3
NUDT11	3180	80	733	439	172	583	1962	146
CENPVL3	1133	26	285	163	75	152	732	50
CENPVL2	0	0	0	0	0	0	0	0
CENPVL1	0	0	0	0	0	0	0	0
GSPT2	3429	99	1072	478	288	578	2630	147
MAGED1	8702	396	2541	3347	1187	2236	6727	619
MAGED4B	0	0	0	0	0	1	0	0
MAGED4	8	2	7	4	1	2	11	2
XAGE2	30	1	1	1	0	3	45	3
XAGE1A	0	0	0	0	0	0	0	0
XAGE1B	0	0	0	0	0	0	0	0
SSX7	0	0	0	0	0	1	0	0
SSX2	0	0	0	0	0	0	0	0
SSX2B	0	0	0	0	0	1	0	0
SPANXN5	0	0	0	0	0	0	1	0
XAGE5	0	0	0	0	0	0	0	0
XAGE3	5	0	1	0	0	1	11	0
FAM156B	0	0	0	0	0	0	0	0
FAM156A	8	19	1	104	57	84	6	21
GPR173	476	96	210	734	352	1022	313	207
TSPYL2	1336	51	471	449	121	223	1126	117
KANTR	811	112	304	768	356	723	693	218
KDM5C	2301	65	1058	481	177	313	1213	73
IQSEC2	402	15	441	216	78	89	372	32
SMC1A	13330	378	7109	2546	842	2386	8455	558
RIBC1	255	9	130	93	36	53	253	6
HSD17B10	11111	235	4401	1354	676	1349	8261	419
HUWE1	6542	361	2368	1406	968	1986	4729	540
PHF8	870	56	285	185	164	331	607	85
FAM120C	473	30	169	164	136	247	340	63
WNK3	6025	276	2015	1123	776	1635	4306	401
TSR2	4320	136	1727	855	313	772	3629	222
FGD1	1235	45	448	371	166	261	791	77
GNL3L	1912	53	565	432	148	354	1366	63
ITIH6	4	0	0	4	5	5	3	1
MAGED2	19695	611	8235	2495	1450	3060	17950	882
TRO	934	51	310	155	141	247	781	58
PFKFB1	7	5	0	3	11	15	2	6
APEX2	1175	11	329	80	42	86	845	38
ALAS2	2	0	1	3	1	1	3	0
PAGE2B	4	0	1	1	0	0	6	0
PAGE2	0	0	0	0	0	0	0	0
FAM104B	3652	93	752	371	219	477	2594	174
MTRNR2L10	7	3	4	7	9	13	5	5
PAGE5	0	0	0	0	0	0	0	0
PAGE3	0	0	0	0	0	0	0	0
MAGEH1	3291	88	19	400	34	22	3189	85
USP51	1753	59	5	245	112	10	1432	72
FOXR2	0	0	0	0	0	0	1	0
RRAGB	1170	67	11	226	209	20	1051	97
KLF8	276	11	6	37	49	5	297	12
UBQLN2	2015	39	605	388	139	325	1537	73
NBDY	12920	600	3922	3404	1368	2405	9716	793
SPIN3	673	38	284	292	106	224	511	65
SPIN2B	795	23	300	182	63	137	703	32
SPIN2A	72	10	73	64	20	24	83	4
FAAH2	149	95	81	775	379	531	155	171
ZXDB	214	9	67	57	21	42	148	12
NLRP2B	4	0	1	2	1	2	4	0
ZXDA	104	0	2	24	9	1	94	3
SPIN4	502	17	187	66	60	107	367	19
ARHGEF9	3721	262	958	894	721	1319	2627	404
AMER1	708	9	177	76	49	120	449	21
ASB12	22	0	1	0	3	2	15	1
MTMR8	93	58	20	158	162	247	62	67
ZC4H2	1712	284	544	1000	844	1781	1308	486
ZC3H12B	245	141	82	447	373	567	177	146
LAS1L	3628	90	1165	353	183	505	2528	142
MSN	4840	156	1590	619	410	801	3800	229
VSIG4	0	0	0	0	0	0	0	0
HEPH	661	89	27	20	257	406	764	100
EDA2R	359	30	204	101	14	114	214	36
AR	1029	60	352	170	162	334	630	93
OPHN1	576	95	124	342	469	840	391	192
YIPF6	4751	192	1903	614	382	840	4225	221
STARD8	22	2	5	6	3	5	28	4
EFNB1	5524	90	983	453	215	696	2564	151
PJA1	2940	80	1393	553	208	441	2159	120
FAM155B	212	3	45	22	15	40	107	9
EDA	297	172	158	503	385	841	270	275
AWAT2	1	0	0	0	0	0	1	0
OTUD6A	4	1	2	3	3	2	1	1
IGBP1	4462	202	1812	755	693	1116	3494	276
DGAT2L6	1	0	0	11	3	7	0	3
AWAT1	0	0	0	1	1	7	0	0
P2RY4	0	0	1	0	0	0	0	0
ARR3	3	1	0	3	0	4	6	2
RAB41	1	0	0	0	0	0	4	1
PDZD11	4896	137	1434	590	430	764	3742	200
KIF4A	4322	201	1159	659	457	1075	2620	343
GDPD2	965	25	239	111	49	72	1185	21
DLG3	1908	132	889	480	348	838	1410	205
TEX11	3	11	2	7	5	12	7	5
SLC7A3	844	33	424	86	67	145	560	37
SNX12	1364	34	569	155	112	283	1096	56
FOXO4	96	7	25	7	6	22	82	6
CXorf65	0	0	0	0	0	0	0	0
IL2RG	2	0	2	0	1	0	0	0
MED12	1200	54	102	121	103	189	813	61
NLGN3	1182	41	207	131	127	236	758	60
GJB1	4	1	0	2	1	7	7	1
ZMYM3	2077	56	789	228	159	274	1707	69
NONO	26749	773	8566	2667	1841	5129	20262	1236
ITGB1BP2	38	3	12	4	2	4	30	5
TAF1	1537	120	551	363	280	597	1077	158
OGT	2490	136	957	550	374	945	1590	253
GCNA	20	7	16	22	16	28	27	16
CXCR3	0	0	0	0	0	0	0	0
BX276092.9	0	0	0	0	0	0	1	0
CXorf49	0	0	0	0	0	0	0	0
CXorf49B	0	0	0	0	0	0	0	0
NHSL2	409	39	177	247	53	120	345	38
RTL5	532	8	131	88	35	98	385	22
PIN4	7071	292	2601	1515	739	1239	5814	343
ERCC6L	1296	34	392	193	92	244	811	87
RPS4X	247068	7743	159701	49947	21071	44628	188945	10999
CITED1	19	7	5	27	14	32	5	7
HDAC8	2113	421	697	2786	1119	1922	1669	595
PHKA1	272	21	85	174	93	189	139	34
DMRTC1B	0	1	0	9	4	3	0	1
FAM236B	0	0	0	0	0	0	0	0
FAM236D	0	0	0	0	0	0	0	0
DMRTC1	0	0	0	2	5	4	0	2
FAM236C	0	0	0	0	0	0	0	0
FAM236A	0	0	0	0	0	0	0	0
PABPC1L2B	5	0	4	0	1	0	4	0
PABPC1L2A	9	0	10	1	0	1	4	0
NAP1L2	323	8	144	41	33	54	299	14
CDX4	44	2	63	3	2	2	122	2
CHIC1	295	63	141	460	212	395	260	100
ZCCHC13	0	0	0	0	0	0	0	0
SLC16A2	2373	116	887	1039	439	549	1195	177
RLIM	1823	118	589	427	316	688	1389	174
NEXMIF	469	71	51	312	394	645	269	132
ABCB7	2627	179	828	672	403	978	2001	272
UPRT	588	35	226	207	112	174	641	50
ZDHHC15	315	48	127	154	188	410	230	84
MAGEE2	4	0	0	0	0	0	1	0
PBDC1	6022	182	2512	659	443	1048	5217	312
MAGEE1	457	14	220	58	50	77	316	22
FGF16	12	1	4	3	1	3	5	1
ATRX	20957	933	6701	6930	2799	5852	14697	1474
MAGT1	2366	113	1198	1088	310	534	2289	153
COX7B	24443	654	9716	4858	1583	3100	19565	911
ATP7A	362	18	131	119	43	94	272	21
PGK1	26423	607	11194	5871	1569	3681	36969	1157
PGAM4	50	0	16	1	0	3	31	0
TAF9B	2186	87	650	349	212	455	74	100
CYSLTR1	2	0	1	1	3	0	1	1
RTL3	0	0	0	0	0	0	0	0
LPAR4	1372	40	647	171	110	325	674	67
P2RY10	0	0	0	0	0	0	0	0
GPR174	0	0	0	0	0	0	0	0
ITM2A	397	9	182	36	27	56	494	22
TBX22	3	4	2	0	2	5	5	2
TENT5D	0	2	0	2	9	1	1	2
BRWD3	2178	221	850	1151	484	1045	1436	281
HMGN5	7714	181	1194	712	575	1113	4305	338
SH3BGRL	11981	339	2537	2207	1365	2417	6241	631
POU3F4	876	29	27	46	58	162	374	40
CYLC1	1	0	0	0	0	0	0	0
RPS6KA6	785	95	220	428	187	397	403	107
HDX	807	97	219	521	299	548	585	171
APOOL	1604	126	495	698	312	566	1172	180
SATL1	149	13	14	67	66	109	116	23
ZNF711	1805	112	639	760	379	759	1370	197
POF1B	2	0	0	8	7	4	4	1
CHM	1603	135	1189	844	331	676	1049	188
DACH2	174	41	55	389	116	331	173	50
KLHL4	503	10	111	91	45	41	361	6
CPXCR1	0	0	0	0	0	1	0	0
TGIF2LX	0	0	0	0	0	0	0	0
PABPC5	537	12	267	148	143	129	305	29
PCDH11X	1590	311	906	2367	1855	2128	516	321
NAP1L3	1109	34	750	271	256	212	705	59
FAM133A	135	12	147	47	44	45	213	10
DIAPH2	1926	276	1402	1942	1136	1671	1201	366
RPA4	110	4	35	6	9	6	56	3
PCDH19	862	28	104	159	157	364	233	56
TNMD	87	4	26	7	3	5	191	1
TSPAN6	10232	289	6485	2327	808	1977	8178	493
SRPX2	3	0	4	7	5	4	1	1
SYTL4	31	8	10	53	12	30	53	9
CSTF2	1121	49	366	292	112	245	841	67
NOX1	0	1	0	2	1	4	2	1
XKRX	37	1	8	15	6	26	17	3
ARL13A	1	0	0	7	4	1	0	0
TRMT2B	482	25	174	167	82	162	339	26
TMEM35A	826	33	284	137	125	194	626	47
CENPI	735	84	158	357	232	480	491	161
DRP2	51	3	19	16	19	25	26	4
TAF7L	41	2	7	16	5	10	18	4
TIMM8A	1974	49	845	392	117	253	1682	81
BTK	3	1	2	2	0	1	2	2
RPL36A	16605	3891	5654	22913	9012	23159	12759	5989
GLA	2586	87	947	664	166	495	2060	115
HNRNPH2	6477	228	2220	1648	609	1261	5119	295
ARMCX4	544	84	256	691	357	504	465	111
ARMCX1	3056	115	1371	897	267	586	2619	135
ARMCX6	417	116	91	1123	437	874	249	212
ARMCX3	5949	180	2483	1792	616	1254	4190	258
ARMCX2	5322	113	1852	1166	232	702	3826	189
NXF5	0	0	0	0	1	1	0	0
ZMAT1	1121	54	310	320	180	375	784	98
TCEAL2	5922	124	1215	579	762	1091	4692	217
TCEAL6	10	1	0	3	0	2	133	4
BEX5	600	11	263	74	125	166	731	31
TCP11X1	0	0	0	0	0	0	0	0
NXF2	0	0	0	1	0	1	0	0
NXF2B	0	0	0	0	1	3	0	2
TCP11X2	0	0	0	0	1	0	0	0
TMSB15A	52986	1387	8365	9183	4497	10518	25416	2635
ARMCX5	1115	25	305	176	80	137	872	31
GPRASP1	310	9	73	91	33	60	251	13
GPRASP2	1192	20	306	178	62	129	703	40
ARMCX5-GPRASP2	13	93	2	588	277	495	11	139
BHLHB9	31	0	9	12	3	12	19	3
RAB40AL	4	0	2	2	0	2	4	0
BEX1	9395	196	2480	1833	1142	1764	9836	622
NXF3	1	0	0	1	0	0	0	0
BEX4	12443	401	8352	2970	1186	2010	11353	476
TCEAL8	8381	246	6357	1894	1144	1375	7789	345
TCEAL5	2232	79	1702	697	17	658	158	150
BEX2	4875	156	4430	1121	959	1058	4258	283
TCEAL7	2853	120	4567	1103	546	959	2605	189
TCEAL9	8546	277	7372	2101	1330	1482	7546	371
BEX3	67218	1696	39463	12913	9248	10428	53631	2523
RAB40A	16	12	4	49	33	40	11	12
TCEAL4	10539	350	8353	2893	1159	2175	9777	498
TCEAL3	3391	134	1916	1056	506	922	2889	160
TCEAL1	1051	30	565	207	163	209	954	41
MORF4L2	18200	679	11538	4402	1818	4098	13607	980
GLRA4	0	0	1	1	4	0	3	2
TMEM31	77	4	72	17	5	11	73	5
PLP1	3901	62	4749	652	420	1085	1138	114
RAB9B	530	27	224	195	143	141	252	36
TMSB15B	63	38	36	299	168	278	74	71
H2BFWT	6	0	1	1	0	0	3	0
H2BFM	6	1	6	2	1	1	6	0
TMSB15B.1	15	13	12	100	53	113	8	33
SLC25A53	566	51	282	324	210	300	474	73
ZCCHC18	514	18	229	96	116	79	532	20
FAM199X	1302	90	982	699	440	504	1105	122
ESX1	0	0	1	0	0	2	2	0
IL1RAPL2	10	48	2	187	428	730	1	47
TEX13A	0	0	1	0	0	0	0	0
NRK	13	2	11	2	0	7	12	2
SERPINA7	2	2	0	0	0	0	0	1
PWWP3B	237	26	58	82	110	119	301	27
RADX	291	17	72	143	130	135	120	26
RNF128	4	6	4	23	12	19	6	10
TBC1D8B	112	5	60	48	37	47	189	8
MORC4	521	46	405	514	177	236	576	46
RIPPLY1	7	1	2	1	3	2	10	0
CLDN2	6	0	8	13	6	2	10	1
RBM41	2479	166	1246	1122	652	1030	1546	240
NUP62CL	649	51	262	318	153	348	501	109
PIH1D3	8	0	7	4	2	6	6	0
FRMPD3	19	14	6	77	131	45	22	19
PRPS1	5390	138	2843	1008	1227	972	3892	213
TSC22D3	1284	65	1214	485	478	417	1474	71
NCBP2L	0	0	0	0	0	0	0	0
MID2	10	4	16	51	68	37	25	5
TEX13B	0	0	1	0	0	0	5	0
VSIG1	26	1	21	13	7	7	12	0
PSMD10	3200	125	2353	1006	617	823	2287	192
ATG4A	312	24	312	126	82	77	289	9
COL4A6	8739	1397	1668	7385	6118	7871	5151	1625
COL4A5	3883	928	1721	6569	5245	7244	2793	1535
IRS4	272	7	254	188	82	81	324	24
GUCY2F	89	5	14	51	52	30	63	9
NXT2	808	33	642	192	92	215	613	39
KCNE5	495	15	349	140	86	61	451	24
ACSL4	1636	144	1339	1253	376	777	1119	152
TMEM164	598	74	374	551	305	406	405	105
AMMECR1	1156	63	704	507	342	474	704	94
RTL9	3	2	5	12	6	4	9	4
CHRDL1	393	25	142	124	110	224	296	26
PAK3	2589	465	978	3069	4015	4557	1278	767
CAPN6	771	24	1121	121	192	219	329	40
DCX	1088	42	494	366	1143	688	780	126
SERTM2	6	0	11	19	2	3	4	0
ALG13	1847	121	932	796	537	751	1225	174
TRPC5	1	3	0	15	10	9	1	3
TRPC5OS	0	0	1	4	0	0	1	0
RTL4	2	0	0	0	0	0	1	0
LHFPL1	113	15	86	162	57	39	35	16
AMOT	1060	51	177	337	203	228	613	69
HTR2C	166	10	34	274	159	624	97	29
IL13RA2	17	0	13	0	21	9	2	1
LRCH2	767	66	461	447	204	454	453	102
RBMXL3	0	0	0	0	0	0	0	0
LUZP4	0	0	0	0	0	0	0	0
PLS3	4792	186	2722	1617	1781	1099	3562	241
AGTR2	0	0	0	0	0	0	0	0
SLC6A14	0	0	0	1	0	0	2	0
CT83	0	0	0	15	0	0	1	0
KLHL13	631	86	97	657	127	226	352	149
WDR44	367	69	308	584	161	288	299	80
DOCK11	409	101	286	783	223	484	441	128
IL13RA1	648	24	494	235	73	162	650	48
ZCCHC12	133	7	49	59	25	32	311	7
LONRF3	7	4	5	3	1	2	19	0
AL772284.2	0	0	0	0	0	0	0	0
KIAA1210	1	0	0	1	0	0	0	0
PGRMC1	36264	1127	7630	6371	2252	4052	30530	1554
SLC25A43	295	25	91	254	96	160	140	50
SLC25A5	35603	829	13812	5778	1759	3994	26180	1211
CXorf56	694	33	251	224	82	151	609	42
UBE2A	4459	128	1899	1021	344	834	3756	201
NKRF	777	23	219	176	43	124	639	44
SEPTIN6	2840	138	1025	642	205	635	2133	153
SOWAHD	49	2	12	4	0	4	52	1
RPL39	29304	6240	7755	42035	15426	35724	24523	9708
UPF3B	8505	250	2991	2047	815	1780	6864	488
RNF113A	994	37	467	299	108	179	1155	41
NDUFA1	13847	389	5245	2845	1059	2022	12568	528
AKAP14	10	0	4	1	2	3	24	1
NKAP	4066	143	1635	1223	399	671	3946	252
RHOXF2B	0	0	0	0	0	0	1	0
RHOXF1	32	2	12	7	1	3	32	4
RHOXF2	0	1	0	0	0	0	1	0
ZBTB33	975	40	319	252	96	244	609	41
TMEM255A	133	7	18	38	24	46	173	2
ATP1B4	1	0	0	1	1	0	1	0
LAMP2	2061	117	829	731	240	533	2100	135
CUL4B	1601	86	631	591	224	620	1171	127
MCTS1	7901	235	2683	1712	506	1164	6391	340
C1GALT1C1	2344	64	810	507	145	356	1900	82
CT47B1	0	0	0	0	0	1	0	0
AC008162.2	0	0	0	0	0	0	0	0
CT47A12	0	0	0	0	0	0	0	0
CT47A11	0	0	0	0	0	0	0	0
CT47A10	0	0	0	0	0	0	0	0
CT47A9	0	0	0	0	0	0	0	0
CT47A8	0	0	0	0	0	0	0	0
CT47A7	0	0	0	0	0	0	0	0
CT47A6	0	0	0	0	0	0	0	0
CT47A5	0	0	0	0	0	0	0	0
CT47A4	0	0	0	0	0	0	0	0
CT47A3	0	0	0	0	0	0	0	0
CT47A2	0	0	0	0	0	0	0	0
CT47A1	0	0	0	0	0	0	0	0
GLUD2	216	1	2	3	18	42	221	12
GRIA3	414	70	104	525	432	665	241	149
THOC2	8140	401	2447	2843	1066	2355	5961	610
XIAP	2914	153	1069	914	384	721	1987	190
STAG2	6320	376	2198	2634	1089	2346	3679	582
SH2D1A	1	0	2	0	0	1	0	0
TEX13D	3	0	1	0	0	0	0	0
TENM1	41	12	31	83	23	47	32	16
TEX13C	1	0	0	0	1	0	1	0
DCAF12L2	168	5	52	49	13	15	163	5
DCAF12L1	8	1	20	8	0	3	65	2
PRR32	0	0	0	0	0	0	2	0
ACTRT1	0	0	0	0	0	0	0	0
SMARCA1	6862	316	2652	2415	792	1717	5552	481
OCRL	737	56	278	392	123	265	549	48
APLN	82	3	5	4	2	7	68	2
XPNPEP2	8	1	10	17	1	5	17	3
SASH3	0	0	0	1	1	2	0	2
ZDHHC9	1166	42	446	335	111	230	1050	63
UTP14A	1901	43	514	435	152	353	1263	91
BCORL1	963	62	288	397	144	229	586	76
ELF4	21	2	5	17	4	1	41	4
AIFM1	3303	98	1125	708	233	526	2586	173
RAB33A	1196	42	91	177	55	117	853	52
ZNF280C	1017	91	252	646	247	530	654	130
SLC25A14	950	39	326	278	106	255	802	62
GPR119	0	0	0	0	0	0	0	0
RBMX2	4241	120	1265	909	358	694	3039	185
ENOX2	861	55	339	582	185	396	624	106
ARHGAP36	4	0	5	0	0	1	7	0
IGSF1	427	191	385	1903	1519	641	458	211
OR13H1	0	0	1	0	0	0	2	0
STK26	2775	168	2067	733	502	948	2139	226
FRMD7	1	0	3	3	1	0	0	0
RAP2C	1026	31	891	310	219	265	861	67
MBNL3	358	39	194	174	213	392	307	46
HS6ST2	1612	254	822	2239	2355	3483	638	660
USP26	1	0	1	2	1	3	0	0
TFDP3	2	0	0	0	0	0	0	0
GPC4	4445	188	1854	895	1619	1377	2776	342
GPC3	28874	2276	23318	16589	6304	5908	27966	3126
CCDC160	2454	90	1796	1007	583	438	1921	120
PHF6	10268	515	3312	3712	1268	3002	7018	719
HPRT1	4323	138	1435	969	312	785	3438	236
PLAC1	3	0	8	5	3	6	8	3
FAM122B	1222	35	391	177	89	186	803	56
FAM122C	500	40	119	268	76	237	269	63
MOSPD1	1058	41	462	310	119	292	822	76
SMIM10	276	5	93	32	19	45	184	10
RTL8B	1291	35	458	301	96	162	1178	39
RTL8C	4889	149	1805	1107	471	788	3787	199
RTL8A	5988	181	2073	1249	516	838	5327	235
SMIM10L2B	133	8	83	32	24	18	209	7
ETDB	0	0	0	0	0	0	0	0
CT55	0	0	0	3	1	1	1	0
ZNF75D	208	38	119	434	154	294	170	89
ETDA	0	0	0	0	0	0	0	0
ETDC	0	0	0	0	0	0	0	0
ZNF449	388	15	148	155	42	86	278	36
SMIM10L2A	136	8	158	57	17	33	192	10
INTS6L	470	68	170	481	162	372	320	105
CT45A1	0	0	0	0	0	0	0	0
CT45A3	0	0	0	0	0	0	0	0
CT45A5	0	0	0	0	0	0	0	0
CT45A6	0	0	0	0	0	0	0	0
CT45A2	0	0	0	0	0	0	0	0
CT45A7	0	0	0	0	0	0	0	0
CT45A8	0	0	0	0	0	0	0	0
CT45A9	0	0	0	0	0	0	0	0
CT45A10	0	0	0	0	0	0	0	0
SAGE1	0	0	0	0	0	0	0	0
MMGT1	1009	45	416	313	128	319	754	67
SLC9A6	475	28	159	296	101	185	328	61
FHL1	3918	175	1059	1722	1148	1561	4024	243
MAP7D3	2424	90	727	597	411	432	2204	102
ADGRG4	0	0	0	0	0	0	0	0
BRS3	0	0	0	0	0	0	0	0
HTATSF1	12150	311	3717	2522	1005	2040	8688	437
VGLL1	1	0	0	0	0	0	4	0
CD40LG	1	0	0	0	0	0	0	0
ARHGEF6	74	3	41	56	30	29	62	9
RBMX	28885	843	8514	3759	2243	5405	20873	1525
GPR101	6	0	1	2	0	2	9	2
ZIC3	3315	59	787	370	109	212	2303	107
FGF13	1703	507	331	1161	922	2820	699	736
F9	0	0	0	0	0	0	0	0
MCF2	21	6	7	10	5	16	9	1
ATP11C	1840	139	583	666	438	606	1358	217
CXorf66	0	0	0	0	0	0	0	0
SOX3	11282	135	3577	1462	567	1698	4312	260
CDR1	13	0	4	4	2	8	7	0
SPANXB1	0	0	1	1	0	0	2	0
LDOC1	1223	73	737	15	212	315	2001	102
SPANXC	0	0	1	0	0	0	4	0
SPANXA1	0	0	0	0	0	0	0	0
SPANXA2	0	0	0	0	0	0	0	0
SPANXD	1	0	0	0	0	0	0	0
MAGEC3	1	4	0	0	4	12	0	1
MAGEC1	0	0	0	0	0	0	0	0
MAGEC2	0	0	0	0	0	0	0	0
SPANXN4	0	0	0	0	0	0	0	0
SPANXN3	0	0	0	0	0	0	0	0
SLITRK4	528	11	15	2	56	95	405	15
SPANXN2	0	0	0	0	0	0	0	0
SPANXN1	0	0	0	0	0	0	0	0
SLITRK2	54	1	6	1	3	10	33	6
CXorf51B	0	0	0	0	0	0	0	0
CXorf51A	0	0	0	0	0	0	0	0
FMR1	2853	129	754	686	387	754	1256	165
FMR1NB	1	1	0	3	1	2	1	1
AFF2	507	121	224	873	420	640	194	202
AC231656.1	1	0	0	0	0	0	0	0
IDS	368	69	144	525	211	359	402	88
CXorf40A	247	4	115	49	29	78	388	13
HSFX3	0	0	0	0	0	0	0	0
MAGEA9B	0	0	0	0	0	0	0	0
HSFX2	0	0	0	0	0	0	0	0
TMEM185A	669	30	219	202	102	157	512	35
MAGEA11	0	0	2	0	0	0	2	0
HSFX1	0	0	0	0	0	0	0	0
MAGEA9	0	0	0	0	0	0	0	0
MAGEA8	1	0	0	1	0	0	3	0
CXorf40B	1237	11	307	128	33	105	901	27
HSFX4	0	0	0	0	0	0	0	0
MAMLD1	129	32	13	358	235	226	102	66
MTM1	276	43	142	420	172	275	252	65
MTMR1	496	51	167	374	126	266	365	71
CD99L2	1305	70	409	417	220	425	696	96
HMGB3	35975	659	15358	3949	1898	5122	20938	1336
GPR50	3	0	9	4	1	6	4	1
VMA21	4856	185	1694	1327	391	1283	3559	314
PASD1	0	0	1	0	0	4	0	0
PRRG3	575	28	164	134	62	118	452	37
FATE1	0	0	1	0	0	0	0	0
CNGA2	0	0	0	0	0	0	0	0
MAGEA4	14	0	76	3	10	4	22	10
GABRE	63	4	19	10	10	6	59	4
MAGEA10	3	0	0	0	0	0	0	0
GABRA3	250	28	68	134	178	311	120	75
GABRQ	36	0	21	3	2	5	37	1
MAGEA3	8	0	3	0	0	0	0	0
CSAG2	0	0	0	0	0	0	0	0
MAGEA2B	0	0	0	0	0	0	0	0
CSAG1	0	0	1	0	0	0	0	0
MAGEA12	0	0	0	0	0	0	0	0
MAGEA2	0	0	0	0	0	0	0	0
CSAG3	0	0	1	0	0	0	0	0
MAGEA6	2	0	0	0	0	0	0	0
CETN2	9689	288	1967	2205	1006	1490	7635	371
NSDHL	2717	62	646	647	172	374	2062	111
ZNF185	243	21	81	138	49	78	370	28
PNMA5	2	0	1	0	1	2	0	0
PNMA3	684	16	140	88	3	112	553	22
PNMA6A	697	11	128	51	35	95	514	22
MAGEA1	0	0	0	0	0	0	0	0
AC236972.4	0	0	0	0	0	0	0	0
PNMA6F	1	3	0	0	0	0	1	0
ZNF275	598	18	221	156	53	97	391	34
PNMA6E	1	0	0	0	0	0	0	0
ZFP92	12	1	3	0	2	1	9	0
TREX2	0	0	1	0	0	0	2	0
HAUS7	409	6	112	49	23	54	223	19
BGN	58	3	32	11	5	17	112	9
ATP2B3	3	1	6	4	0	3	9	0
CCNQ	2258	63	882	481	140	370	1623	98
DUSP9	264	3	85	34	10	19	204	4
PNCK	1123	28	638	344	94	166	1030	36
SLC6A8	5069	60	2160	663	205	456	4296	131
BCAP31	9021	214	3840	1878	593	1112	8392	322
ABCD1	145	1	140	29	14	15	143	5
PLXNB3	0	0	0	0	1	0	1	0
SRPK3	2	0	1	0	2	0	5	0
IDH3G	5081	148	1820	612	378	798	4498	246
SSR4	24776	823	9925	3117	1979	3425	25498	991
PDZD4	647	17	89	63	79	155	401	24
L1CAM	121	6	58	38	16	27	218	4
AVPR2	2	0	0	0	0	0	2	0
ARHGAP4	256	7	182	54	25	42	441	12
NAA10	8914	216	2782	1470	519	1097	6894	349
RENBP	134	10	254	47	35	21	195	17
HCFC1	3990	88	1193	419	263	600	2473	124
TMEM187	427	24	129	160	74	99	448	25
IRAK1	3049	48	753	231	100	253	2503	76
MECP2	2412	133	633	1119	361	703	1810	201
OPN1LW	0	0	0	0	0	0	1	0
OPN1MW	0	0	0	0	0	0	0	0
OPN1MW2	0	0	0	0	0	0	0	0
OPN1MW3	0	0	0	0	0	0	0	0
TEX28	0	0	0	0	1	0	0	0
TKTL1	683	3	67	117	23	50	408	9
FLNA	7244	171	3062	1657	481	988	5680	207
EMD	4441	118	1640	764	253	600	3790	191
RPL10	364104	11607	120303	39505	30660	72684	284560	17533
DNASE1L1	429	28	196	104	65	102	527	35
TAZ	1550	49	508	148	115	220	1275	76
ATP6AP1	3168	101	1306	727	295	485	3218	120
GDI1	3378	130	1230	656	264	567	3084	136
FAM50A	8011	208	3199	1618	547	1149	6679	291
PLXNA3	665	10	207	91	32	93	488	34
LAGE3	11916	214	3884	2072	655	1173	12040	224
UBL4A	2248	40	675	268	122	269	1660	71
SLC10A3	326	8	146	74	18	41	391	12
FAM3A	1840	57	703	397	143	219	1931	67
G6PD	2499	57	995	289	122	292	1999	100
IKBKG	17	22	10	152	43	114	27	36
CTAG1A	0	0	0	0	0	0	0	0
CTAG1B	0	0	0	0	0	0	0	0
CTAG2	0	0	0	0	0	0	0	0
GAB3	0	0	6	1	1	1	2	0
DKC1	8779	190	2818	1339	510	1225	6216	322
MPP1	177	4	123	79	24	57	207	13
SMIM9	0	0	0	0	0	0	0	0
F8	99	4	31	67	19	41	63	17
H2AFB1	0	0	0	0	0	0	0	0
F8A1	462	6	135	78	28	34	778	18
FUNDC2	10671	339	2611	1929	778	1895	7574	531
CMC4	130	34	51	375	131	241	132	64
MTCP1	18	18	6	102	47	69	15	23
BRCC3	2247	88	691	772	264	576	1493	134
VBP1	11996	382	3847	2404	909	1936	8698	537
RAB39B	690	20	319	147	58	147	465	39
CLIC2	39	0	16	94	10	16	27	11
H2AFB2	0	0	0	0	0	0	0	0
F8A2	0	0	0	0	0	0	0	0
F8A3	0	3	0	41	25	52	0	5
H2AFB3	0	0	0	0	0	0	0	0
TMLHE	456	80	161	721	332	601	476	171
SPRY3	2	0	0	11	6	16	0	1
VAMP7	69	41	37	258	78	150	59	53
IL9R	0	0	0	0	0	1	0	0
OR4F21	0	0	0	0	0	0	0	0
ZNF596	138	6	60	62	31	98	151	15
FBXO25	394	34	207	75	93	204	386	37
TDRP	846	65	337	285	201	496	689	130
ERICH1	2732	111	1082	475	367	635	1770	211
DLGAP2	2	13	4	142	38	87	2	20
CLN8	4	39	0	121	73	175	7	47
ARHGEF10	9	122	3	573	339	634	4	192
KBTBD11	0	18	0	88	35	93	0	33
MYOM2	11	18	1	28	14	55	9	17
CSMD1	25	13	10	40	13	58	17	4
MCPH1	1792	149	559	663	422	1018	1259	272
ANGPT2	717	94	168	313	263	423	2001	108
AGPAT5	5282	247	1515	834	668	1478	3800	443
XKR5	97	15	31	23	13	51	92	15
DEFB1	2	0	0	2	0	0	1	1
DEFA6	3	0	1	1	1	1	5	0
DEFA4	0	0	0	0	0	0	0	0
DEFA1	0	0	0	0	0	0	0	0
DEFA1B	0	0	0	0	0	0	0	0
DEFA3	0	0	0	0	0	0	0	0
DEFA5	8	1	0	0	1	4	8	1
USP17L1	0	0	0	0	0	0	0	0
USP17L4	0	0	0	0	0	0	0	0
ZNF705G	0	0	0	0	0	0	0	0
DEFB4B	0	0	0	0	0	0	0	0
DEFB103B	0	0	0	0	0	0	0	0
SPAG11B	0	0	0	0	1	0	1	0
DEFB104B	0	0	0	0	0	0	0	0
DEFB106B	0	0	0	0	0	0	0	0
DEFB105B	0	0	0	0	0	0	0	0
DEFB107B	0	0	0	1	0	0	0	0
PRR23D1	0	0	0	0	0	0	0	0
AC134684.11	0	0	0	0	0	0	0	0
AC134684.8	0	0	0	0	0	0	0	0
AC134684.9	0	0	0	0	0	0	0	0
AC084121.9	0	0	0	0	0	0	0	0
AC084121.11	0	0	0	0	0	0	0	0
AC084121.6	0	0	0	0	0	0	0	0
AC084121.12	0	0	0	0	0	0	0	0
AC084121.8	0	0	0	0	0	0	0	0
AC084121.7	0	0	0	0	0	0	0	0
AC084121.5	0	0	0	0	0	0	0	0
AC084121.13	0	0	0	0	0	0	0	0
PRR23D2	0	0	0	0	0	0	0	0
DEFB107A	0	0	0	1	0	0	0	0
DEFB105A	0	0	0	0	0	0	0	0
DEFB106A	0	0	0	0	0	0	0	0
DEFB104A	0	0	0	0	0	0	0	0
SPAG11A	0	0	0	0	0	0	1	0
DEFB103A	0	0	0	0	0	0	0	0
DEFB4A	0	0	0	0	0	0	0	0
ZNF705B	0	0	0	0	0	0	0	0
USP17L8	0	0	0	0	0	0	0	0
USP17L3	0	0	0	0	0	0	0	0
PRAG1	509	45	259	216	115	233	364	79
CLDN23	92	1	83	4	11	4	76	0
MFHAS1	1961	89	834	281	207	559	1583	112
ERI1	1621	82	522	384	254	457	1198	123
PPP1R3B	349	18	140	71	53	63	456	20
TNKS	2228	415	868	1537	1105	2341	1665	671
MSRA	886	78	387	398	349	504	856	122
PRSS51	1	3	0	18	10	20	0	4
PRSS55	1	1	0	5	3	8	2	0
RP1L1	6	1	1	8	5	12	3	2
C8orf74	0	0	0	0	1	3	0	0
SOX7	60	0	19	2	3	4	27	3
PINX1	0	92	0	291	213	495	0	165
XKR6	553	199	276	1073	727	1732	474	346
MTMR9	1867	71	757	303	241	432	1424	113
SLC35G5	49	0	15	10	0	6	55	1
FAM167A	369	10	90	41	23	50	265	18
BLK	0	0	0	2	0	0	0	0
GATA4	38	0	5	7	7	6	28	3
NEIL2	1577	44	509	149	87	200	1358	76
FDFT1	19386	578	3932	2263	1333	3257	15347	1102
CTSB	2423	91	1260	347	242	406	2252	107
DEFB136	0	0	0	0	0	0	0	0
DEFB135	1	0	0	0	0	1	1	1
DEFB134	3	0	1	0	0	1	0	1
DEFB130B	0	0	0	0	0	0	0	0
ZNF705D	1	0	0	0	1	0	0	0
USP17L7	0	0	0	1	0	0	0	0
USP17L2	0	0	0	0	0	0	0	0
FAM86B1	150	17	48	69	53	86	160	28
DEFB130A	0	0	0	0	0	0	0	0
FAM86B2	26	0	6	4	2	7	26	2
LONRF1	1473	80	569	343	211	544	1275	147
TRMT9B	356	42	115	194	78	213	364	36
DLC1	97	18	110	85	36	41	248	24
C8orf48	466	10	117	41	43	67	399	14
SGCZ	2	18	2	36	59	52	10	12
TUSC3	8366	515	2769	1967	1193	2390	8192	705
MSR1	38	5	3	222	32	13	3	6
FGF20	1	0	8	0	0	1	10	0
MICU3	1195	110	366	468	393	796	1025	193
ZDHHC2	1318	93	506	320	260	537	998	102
CNOT7	8134	252	2985	970	713	1596	6307	431
VPS37A	1779	84	791	347	245	428	1647	138
MTMR7	187	41	33	123	136	225	85	76
SLC7A2	120	5	250	13	10	23	104	10
PDGFRL	150	5	83	20	10	36	74	7
MTUS1	1240	48	496	172	208	554	374	164
FGL1	8	0	1	2	0	1	0	0
PCM1	15309	674	4764	2717	2060	4362	10359	1001
ASAH1	5669	217	2441	653	514	839	5455	188
NAT1	139	10	81	46	14	33	194	5
NAT2	11	0	9	2	0	3	13	0
PSD3	2567	556	654	1684	1188	3107	1318	1062
SH2D4A	129	1	79	17	8	24	175	10
CSGALNACT1	17	1	3	14	16	11	10	8
INTS10	3232	108	975	367	275	502	2851	155
LPL	209	6	19	14	24	28	792	7
SLC18A1	0	0	0	1	0	0	3	0
ATP6V1B2	2721	86	1225	337	202	435	2138	119
LZTS1	51	12	36	87	16	15	132	13
GFRA2	154	11	54	29	28	64	82	13
DOK2	1	0	1	0	0	0	1	0
XPO7	1906	153	721	702	377	945	1214	281
NPM2	53	0	11	6	4	4	36	4
FGF17	1683	70	95	103	11	51	2013	83
DMTN	493	19	27	41	11	21	421	23
FAM160B2	630	28	166	70	62	114	511	34
NUDT18	80	4	52	21	9	24	204	5
HR	1	0	0	0	0	1	1	0
REEP4	1518	28	601	105	71	124	1292	54
LGI3	1	0	0	0	0	2	0	0
SFTPC	1	0	0	0	0	0	0	0
BMP1	423	19	71	59	61	65	273	24
PHYHIP	244	12	31	13	19	36	275	17
POLR3D	3293	75	1188	267	146	410	2599	100
PIWIL2	122	7	18	9	6	21	110	6
SLC39A14	928	35	446	143	82	161	886	48
PPP3CC	265	67	96	190	176	169	273	55
SORBS3	1955	63	714	217	183	324	2109	95
PDLIM2	4221	126	1220	582	471	690	4113	153
C8orf58	1084	31	311	112	63	166	974	39
CCAR2	2809	59	760	247	132	388	1803	95
BIN3	1598	80	446	247	137	326	1273	86
EGR3	608	17	72	216	38	72	248	7
PEBP4	53	1	15	20	22	16	47	2
RHOBTB2	829	22	127	97	117	225	463	58
TNFRSF10B	2601	196	1107	874	226	766	1839	325
TNFRSF10C	58	24	47	103	13	34	65	25
TNFRSF10D	419	49	213	202	75	200	405	106
TNFRSF10A	129	7	46	35	5	26	114	5
CHMP7	1715	30	602	173	123	225	1305	70
R3HCC1	3907	88	1122	417	401	559	2677	169
LOXL2	876	41	450	226	113	219	912	67
ENTPD4	1909	134	591	390	245	414	1369	124
SLC25A37	5325	184	1590	616	458	991	3642	259
NKX3-1	15	0	10	0	0	2	9	1
NKX2-6	0	0	0	0	0	0	0	0
STC1	747	13	299	90	47	100	2025	47
ADAM28	25	4	110	22	32	29	40	8
ADAMDEC1	0	0	0	0	0	0	0	0
ADAM7	0	1	0	0	1	1	0	2
NEFM	3613	43	1825	216	100	128	9999	60
NEFL	2568	49	948	268	97	133	4553	60
DOCK5	246	34	63	101	139	231	163	58
GNRH1	55	3	23	5	5	9	43	3
KCTD9	1055	56	393	220	142	323	848	112
CDCA2	3592	148	1100	492	355	827	2326	294
EBF2	36	7	6	15	19	39	51	5
PPP2R2A	6712	277	2378	1227	667	1580	5196	494
BNIP3L	11513	421	3932	1876	1486	3614	13558	866
PNMA2	929	27	143	113	103	276	593	47
DPYSL2	10369	355	2771	1199	1216	2853	6269	608
ADRA1A	1	1	2	6	22	7	1	1
STMN4	717	49	673	128	207	388	413	77
TRIM35	268	20	107	77	32	74	195	27
PTK2B	91	24	23	50	51	64	88	23
CHRNA2	3	0	0	0	0	1	3	0
EPHX2	1446	59	530	263	190	300	1105	69
CLU	16307	542	6467	2858	2533	2211	12965	570
SCARA3	956	13	176	94	113	178	492	30
CCDC25	7222	316	2597	1127	648	1712	6271	435
ESCO2	3411	102	865	424	273	634	1729	182
PBK	5407	139	901	377	432	1096	2615	308
SCARA5	3	0	0	2	0	0	4	1
NUGGC	1	1	0	2	3	1	0	1
ELP3	1464	85	467	322	221	483	1130	130
PNOC	17	2	12	1	5	8	4	1
ZNF395	831	19	260	79	30	166	585	29
FBXO16	1410	173	408	656	519	907	856	236
FZD3	19598	1006	5575	3690	2800	6456	12580	1644
EXTL3	1348	136	414	454	332	711	809	214
INTS9	603	90	220	294	180	398	405	102
HMBOX1	1921	146	341	556	436	957	1461	257
KIF13B	457	93	161	287	144	243	287	103
DUSP4	1693	46	684	163	50	181	1195	78
SARAF	11225	357	4953	1446	1106	1940	11850	494
LEPROTL1	5442	222	1951	796	509	1245	4142	330
MBOAT4	1	2	0	2	4	7	0	2
DCTN6	5424	147	1757	409	301	699	4099	210
RBPMS	3872	261	2517	971	441	955	3747	297
GTF2E2	2263	134	742	354	285	540	1946	178
SMIM18	3	5	1	8	13	14	5	4
GSR	1677	77	739	298	184	428	1236	120
UBXN8	827	27	325	74	59	161	672	25
PPP2CB	4820	233	1953	1051	670	1258	4192	386
TEX15	634	27	89	73	128	358	203	63
PURG	1046	103	319	374	296	685	641	157
WRN	2239	327	770	1047	845	1805	1598	482
NRG1	557	67	1343	385	522	1375	358	71
AC083977.1	0	0	0	0	0	0	0	0
FUT10	1111	98	335	411	267	552	901	150
TTI2	1463	82	504	270	174	413	1039	113
MAK16	1461	45	584	186	88	251	1344	66
RNF122	456	37	130	165	150	273	373	70
DUSP26	246	10	99	43	32	50	249	19
UNC5D	276	657	335	5357	1357	1573	449	510
KCNU1	0	0	0	2	1	0	0	0
ZNF703	426	6	252	25	41	64	429	13
ERLIN2	1738	91	856	292	184	380	1648	85
PLPBP	4131	120	1199	384	277	646	2824	187
ADGRA2	23	1	24	12	3	9	21	7
BRF2	1285	40	426	161	83	198	1151	53
RAB11FIP1	970	96	1125	357	93	196	2256	56
GOT1L1	0	0	0	0	0	0	0	0
ADRB3	1	0	0	0	0	0	2	0
EIF4EBP1	10033	269	3516	945	374	1439	6846	382
ASH2L	2825	124	941	477	324	602	2220	147
STAR	100	3	44	12	15	21	119	6
LSM1	6529	164	2133	667	483	910	4783	236
BAG4	2000	64	887	282	199	463	1363	123
DDHD2	1284	97	399	293	225	384	1076	104
PLPP5	4339	123	1636	303	292	735	3420	160
NSD3	12724	488	3808	1934	1479	3276	8660	810
LETM2	217	14	71	59	63	105	133	28
FGFR1	9647	357	4068	1551	1063	2038	8348	600
C8orf86	2	1	0	5	4	13	1	4
TACC1	413	30	375	143	91	208	547	60
PLEKHA2	61	6	51	24	19	40	52	5
HTRA4	3	0	1	0	0	0	4	1
TM2D2	3626	113	1449	385	260	531	3334	141
ADAM9	406	83	178	345	292	536	456	135
ADAM32	16	21	11	114	40	95	5	21
ADAM18	1	1	1	6	4	10	3	3
ADAM2	0	0	0	0	0	1	0	0
IDO1	120	2	199	7	6	7	39	3
IDO2	0	0	0	3	2	1	0	1
TCIM	365	16	195	77	55	67	234	22
ZMAT4	68	31	86	57	130	237	95	59
SFRP1	28244	457	22603	3248	2187	9109	7674	1174
GOLGA7	3632	131	1405	563	447	925	2516	193
GINS4	4468	87	1054	371	230	673	2275	135
GPAT4	1863	56	571	152	126	361	1389	77
NKX6-3	5	0	2	0	0	0	1	0
ANK1	35	23	42	27	13	22	18	14
KAT6A	4078	308	1286	1128	912	1900	2430	443
AP3M2	2871	102	656	387	285	696	1776	172
PLAT	437	17	151	40	26	64	238	24
IKBKB	922	43	326	181	140	235	617	57
POLB	1199	103	473	331	276	609	1322	140
DKK4	19	7	10	0	6	15	245	1
VDAC3	17751	439	5106	1649	1175	2304	12737	748
SLC20A2	1047	185	431	542	481	1001	905	234
SMIM19	7755	247	2188	948	671	1243	6006	381
CHRNB3	0	0	0	1	2	3	0	1
CHRNA6	1	4	0	3	2	1	1	0
THAP1	1880	50	567	183	166	319	1627	85
RNF170	1802	81	913	277	192	292	1762	87
HOOK3	4365	265	1533	1060	745	1292	3398	343
FNTA	6611	251	2003	856	642	1382	4980	318
POMK	190	32	74	110	88	198	151	43
HGSNAT	1344	99	367	357	293	445	877	133
IGLV8OR8-1	0	0	0	0	0	0	0	0
SPIDR	1772	387	447	1918	1347	3053	1081	836
CEBPD	109	7	54	21	13	3	262	3
PRKDC	35950	1150	8985	4675	2979	7357	23296	2098
MCM4	9749	227	2578	823	441	1341	6173	336
UBE2V2	16085	406	4766	1745	1140	2358	12058	703
EFCAB1	454	25	43	97	74	82	702	31
SNAI2	137	6	7	23	12	30	404	7
PPDPFL	0	0	0	1	0	0	0	0
SNTG1	31	10	8	64	658	248	64	76
PXDNL	2	15	1	64	56	67	8	34
PCMTD1	2756	274	1117	916	743	1445	2573	360
ST18	21	2	3	5	19	30	1	7
ALKAL1	40	0	14	3	0	2	10	0
RB1CC1	5962	309	2578	1166	840	1817	4251	456
NPBWR1	0	0	0	0	0	0	0	0
OPRK1	195	3	66	13	7	5	173	0
ATP6V1H	2086	117	1038	493	284	558	1750	157
RGS20	853	44	251	193	207	484	132	87
TCEA1	7013	561	3117	2452	1661	3162	5545	759
LYPLA1	8349	315	3263	1200	795	1646	6562	477
MRPL15	9112	161	2984	661	478	1062	5656	311
SOX17	54	4	5	10	9	4	54	1
RP1	4	1	12	0	1	5	0	0
XKR4	30	5	85	101	68	68	33	8
TMEM68	2134	103	894	358	221	521	1763	151
TGS1	5004	173	1538	531	400	941	3235	255
LYN	649	17	606	86	38	62	569	30
RPS20	136143	3105	47578	11632	9209	20062	106948	5044
MOS	0	1	1	0	1	2	0	1
PLAG1	1402	87	398	286	230	511	916	127
CHCHD7	2738	48	1087	255	159	367	2366	109
SDR16C5	13	0	0	0	6	5	3	0
PENK	5	0	2	0	2	3	23	0
IMPAD1	1895	39	641	208	139	364	1576	105
FAM110B	1050	127	248	267	403	754	798	268
UBXN2B	1489	99	484	405	296	634	1039	151
CYP7A1	0	0	0	0	0	0	1	0
SDCBP	9899	297	3852	1350	948	1733	8271	435
NSMAF	809	72	265	312	252	410	647	153
TOX	1223	191	235	499	792	1679	307	343
CA8	650	43	222	230	171	271	473	88
RAB2A	8883	468	3696	1780	1298	2491	8074	659
CHD7	13848	647	3761	2148	1596	3716	8772	1004
CLVS1	357	447	196	1977	1388	2553	233	688
ASPH	4561	213	1992	1136	690	1392	3431	357
NKAIN3	1576	384	280	848	1621	3738	518	694
GGH	6173	193	2050	783	560	1147	5771	311
TTPA	257	22	50	76	111	194	125	46
YTHDF3	1850	149	713	748	442	1071	1283	286
BHLHE22	33	2	6	11	0	5	36	2
CYP7B1	364	54	71	241	221	494	244	92
ARMC1	5193	201	1757	660	482	1071	3708	264
MTFR1	1977	137	607	432	328	674	1438	212
PDE7A	4063	365	1349	1602	1115	2303	2564	689
DNAJC5B	2	0	2	1	1	0	3	1
TRIM55	3	0	1	1	0	0	6	0
CRH	34	1	8	4	11	3	7	1
RRS1	2914	50	1062	265	114	392	2083	95
ADHFE1	81	23	55	85	70	98	109	29
VXN	2	0	2	10	0	3	1	0
MYBL1	456	29	331	102	53	114	330	44
VCPIP1	730	30	341	107	79	178	572	32
SGK3	657	110	272	332	335	548	523	111
MCMDC2	44	3	10	10	14	26	32	19
TCF24	3	2	6	2	3	3	7	0
PPP1R42	149	24	41	76	114	161	129	34
COPS5	7540	191	2723	760	526	1081	5721	320
CSPP1	1730	152	667	648	566	950	1457	210
ARFGEF1	1841	193	842	880	657	1255	1344	337
CPA6	0	2	4	4	5	11	1	3
PREX2	2137	178	986	819	660	1256	1237	337
C8orf34	28	14	14	70	74	102	112	12
SULF1	1868	489	944	1552	1044	1342	3139	406
SLCO5A1	284	29	74	69	110	321	175	82
PRDM14	133	1	91	8	2	9	112	1
NCOA2	1506	384	602	1598	1212	2492	901	618
TRAM1	4912	237	2328	986	512	1262	3992	315
LACTB2	2153	98	855	238	183	410	1679	105
XKR9	16	4	7	9	8	13	27	4
EYA1	256	119	68	350	199	587	356	220
MSC	5	1	7	0	0	1	10	0
TRPA1	5	1	1	0	1	2	5	1
KCNB2	143	38	23	191	256	671	34	98
TERF1	10129	304	5367	1058	810	1748	7890	513
SBSPON	23	1	8	6	3	8	21	6
C8orf89	9	0	2	1	1	1	1	0
RPL7	130316	4335	47476	15255	12167	28284	99209	5782
RDH10	893	33	412	90	115	397	532	43
STAU2	3282	448	906	1873	1363	2621	2378	846
UBE2W	1917	268	704	982	774	1429	1481	407
ELOC	12487	387	5192	1323	890	1920	10148	556
TMEM70	4211	77	1443	348	266	623	3148	177
LY96	0	1	1	1	2	1	1	0
JPH1	279	12	104	34	19	68	168	18
GDAP1	1920	64	405	278	372	874	916	172
PI15	21	1	8	11	8	6	12	8
CRISPLD1	2015	157	567	552	449	774	1857	221
HNF4G	7	11	6	32	23	67	14	11
ZFHX4	9225	1025	2009	5356	2790	4147	10776	1396
PEX2	4550	171	1284	563	471	945	4005	243
PKIA	4606	231	849	744	834	1702	2160	381
ZC2HC1A	2153	126	769	493	474	1019	1561	229
IL7	5	23	1	100	154	238	6	37
STMN2	1469	124	216	436	611	793	2762	264
HEY1	4090	70	590	224	213	548	1787	175
MRPS28	3242	311	998	1098	714	1753	2325	578
TPD52	1171	50	864	237	152	296	1592	63
ZBTB10	2163	118	809	454	317	638	1766	189
ZNF704	2390	359	426	1073	940	2146	1310	532
PAG1	266	22	58	86	95	134	297	49
FABP5	15521	417	3737	1571	956	2594	10380	795
PMP2	9	0	20	2	2	6	0	1
FABP9	0	0	0	0	0	0	0	0
FABP4	0	0	0	0	0	0	1	0
FABP12	0	0	0	0	0	0	0	0
IMPA1	2276	88	960	324	226	457	2097	136
SLC10A5	14	0	6	1	2	6	7	0
ZFAND1	2724	122	1062	372	280	523	2642	134
CHMP4C	581	30	257	99	46	126	891	36
SNX16	504	27	320	109	75	173	593	53
RALYL	48	52	79	95	53	69	72	14
LRRCC1	2436	89	673	306	174	439	2077	138
E2F5	5574	205	1293	845	598	1404	4305	366
RBIS	12083	377	4781	1511	982	1936	10450	537
CA13	106	19	54	41	40	81	98	23
CA1	0	7	0	16	15	38	0	5
CA3	905	37	141	99	38	72	739	27
CA2	2601	126	897	490	199	222	1589	109
ATP6V0D2	1	0	3	12	3	1	10	0
PSKH2	8	0	4	1	0	1	11	0
SLC7A13	0	0	0	1	0	0	0	0
WWP1	1412	149	794	675	434	799	1063	235
RMDN1	2683	136	1213	426	296	712	2167	197
CPNE3	5204	207	2581	848	659	1204	3531	284
CNGB3	10	2	9	2	6	6	5	1
CNBD1	0	1	0	13	3	8	1	20
DCAF4L2	3	0	0	0	1	0	0	0
MMP16	1040	382	346	1111	877	2165	585	583
RIPK2	808	54	422	161	121	220	674	69
OSGIN2	802	47	375	131	100	225	745	40
NBN	3056	114	991	418	371	734	2197	170
DECR1	4617	372	1238	979	936	1411	4107	373
CALB1	173	8	443	14	28	31	281	7
TMEM64	895	96	547	306	198	248	1030	70
NECAB1	128	12	89	45	35	32	110	10
C8orf88	689	44	229	149	59	102	652	45
PIP4P2	1963	62	1499	300	238	344	1527	104
OTUD6B	960	38	409	128	78	252	756	47
LRRC69	237	35	252	84	44	89	93	32
SLC26A7	10	12	22	22	13	16	5	1
RUNX1T1	274	35	123	96	164	161	313	43
TRIQK	1439	124	510	367	473	735	1282	201
FAM92A	6988	236	2206	1008	757	1443	4905	393
RBM12B	2627	153	937	504	347	875	2069	235
TMEM67	2587	161	480	528	449	831	1748	213
PDP1	473	12	353	159	162	208	472	45
CDH17	4	1	1	1	0	4	1	0
GEM	339	40	115	72	55	96	308	30
RAD54B	882	72	247	259	186	392	601	122
FSBP	632	16	242	91	65	142	451	36
VIRMA	3916	182	1080	595	469	879	2930	233
ESRP1	327	7	709	11	13	54	472	8
DPY19L4	1135	75	387	258	212	439	837	116
INTS8	2636	110	725	456	354	590	2009	203
CCNE2	745	25	118	69	95	174	373	47
NDUFAF6	2092	171	629	547	470	884	1261	268
TP53INP1	803	64	373	315	167	323	666	80
PLEKHF2	516	29	151	85	42	73	443	28
C8orf37	318	38	99	79	59	130	307	36
GDF6	21	6	2	14	6	2	80	2
UQCRB	44298	1333	16997	4783	3425	7077	34521	2001
MTERF3	2313	65	761	344	197	473	1696	130
PTDSS1	1648	37	582	179	119	270	1148	82
SDC2	3378	245	2266	1374	545	818	3971	295
CPQ	349	62	145	332	211	249	594	89
TSPYL5	13	32	316	4	97	140	502	33
MTDH	14180	467	4067	1996	1387	2599	10370	730
LAPTM4B	29679	650	10811	2484	1431	3055	23747	990
MATN2	95	6	59	82	48	27	171	14
RPL30	277204	8013	92277	28382	21759	43542	234415	11589
ERICH5	32	1	132	9	26	4	20	0
RIDA	5251	161	1846	566	490	855	3974	259
POP1	870	35	246	139	83	197	651	60
NIPAL2	13	1	10	7	8	13	29	4
STK3	1300	435	550	1627	1164	2228	1164	647
KCNS2	0	0	1	0	0	1	1	0
OSR2	2	0	0	0	0	0	0	0
VPS13B	818	548	243	1819	1476	2565	595	796
COX6C	35607	871	13132	4046	2573	4967	27812	1447
RGS22	99	18	19	120	96	126	136	38
FBXO43	336	15	98	55	61	125	220	35
POLR2K	10405	309	4099	1137	712	1364	8337	409
SPAG1	630	96	128	387	414	344	848	90
RNF19A	1131	105	435	556	310	476	1032	114
ANKRD46	2100	101	800	326	322	576	1459	119
SNX31	1	3	3	8	2	1	4	3
PABPC1	54999	1094	20677	4641	2931	7962	44686	2192
YWHAZ	23566	1236	7757	5733	3649	6711	18479	1638
ZNF706	16935	497	5614	2267	1423	2598	12252	771
GRHL2	28	2	39	9	6	28	54	6
NCALD	1670	196	732	1042	1179	3202	1235	376
RRM2B	900	77	715	305	115	234	912	102
UBR5	4427	408	1963	1685	1211	2430	3100	700
ODF1	0	1	0	0	0	0	1	0
KLF10	643	25	322	137	65	156	753	34
AZIN1	4743	224	1601	814	523	1012	3452	239
ATP6V1C1	1289	70	625	288	196	384	1057	117
BAALC	620	37	158	297	190	117	927	49
FZD6	547	84	252	367	194	336	594	107
CTHRC1	308	24	244	79	36	54	626	14
SLC25A32	103	44	43	256	124	270	81	76
DCAF13	10344	270	3420	994	589	1448	7442	379
RIMS2	576	185	313	780	656	990	390	270
DPYS	6	4	6	4	8	8	20	2
DCSTAMP	0	0	0	0	0	0	0	0
LRP12	1774	180	607	604	493	1020	1469	266
ZFPM2	341	118	7	239	955	2577	105	457
OXR1	2681	222	790	753	481	946	1933	351
ABRA	0	0	0	0	0	0	0	0
ANGPT1	334	54	107	193	35	55	272	29
RSPO2	3934	748	174	3200	8114	5572	5538	1295
EIF3E	45403	1949	14803	5943	5557	10856	37231	2793
EMC2	5330	272	1736	1102	662	1172	5930	391
TMEM74	1160	16	463	89	33	217	543	64
TRHR	0	1	0	8	1	1	0	2
NUDCD1	2976	118	999	442	318	762	2236	219
ENY2	30252	674	7992	2519	1769	4612	21549	1172
PKHD1L1	2	3	3	5	4	6	3	1
EBAG9	2481	115	812	269	236	451	1957	129
SYBU	156	6	23	19	46	84	49	18
KCNV1	0	0	1	1	0	0	3	0
CSMD3	28	10	4	76	88	95	21	6
TRPS1	1411	235	163	814	971	1561	1138	392
EIF3H	23689	855	8724	2710	2021	4368	19981	1202
UTP23	1783	101	670	364	241	510	1478	133
RAD21	18156	646	5778	2393	1619	3817	13899	962
AARD	274	8	58	26	12	11	325	0
SLC30A8	9	6	0	10	4	13	185	5
MED30	3907	127	1458	435	290	697	3055	188
EXT1	2248	1106	641	4729	3444	6937	2278	1840
SAMD12	688	193	311	671	453	710	526	218
TNFRSF11B	302	10	41	98	29	26	435	24
COLEC10	3	4	1	21	5	1	1	3
MAL2	857	23	627	90	44	111	1017	28
CCN3	116	2	17	9	8	9	101	1
ENPP2	588	33	193	167	35	99	742	44
TAF2	1548	146	689	606	429	855	1200	204
DSCC1	3266	87	1159	360	221	441	2314	167
DEPTOR	26	2	20	9	10	13	17	3
COL14A1	76	1	106	12	15	15	156	4
MRPL13	11333	310	3642	1202	760	1692	8027	525
MTBP	643	99	176	396	312	689	365	148
SNTB1	108	36	60	208	64	134	116	43
HAS2	546	14	610	39	14	56	482	8
ZHX2	366	96	67	322	361	454	493	132
DERL1	2914	74	1141	301	182	473	2457	107
TBC1D31	1279	95	357	293	214	479	789	158
FAM83A	4	1	1	1	1	3	4	4
C8orf76	2388	109	1215	454	315	550	1890	149
ZHX1	975	53	745	300	183	465	592	105
ATAD2	5128	297	1076	1100	788	1720	2864	417
WDYHV1	2688	97	861	336	253	464	1875	160
FBXO32	30	5	40	13	7	22	35	4
KLHL38	0	0	0	0	0	0	0	0
ANXA13	2	0	0	3	2	2	2	1
FAM91A1	859	60	397	240	144	312	632	83
FER1L6	10	3	0	4	9	20	2	0
TMEM65	1495	149	528	622	523	850	1471	220
TRMT12	790	29	286	116	70	153	667	49
RNF139	1702	39	400	175	127	309	1233	88
TATDN1	5852	286	2011	757	469	1154	4844	352
NDUFB9	17608	413	6509	1518	957	2559	14578	662
MTSS1	1025	152	349	716	352	638	828	192
ZNF572	49	5	53	17	6	39	3	4
SQLE	21513	415	3158	2374	1316	3365	14242	895
WASHC5	1282	87	418	259	197	337	897	117
NSMCE2	2738	493	1047	1796	1247	2431	2510	670
TRIB1	848	27	322	105	68	116	639	36
LRATD2	499	42	248	230	92	121	1084	30
POU5F1B	163	1	103	6	4	9	253	4
MYC	606	2	249	36	19	33	768	17
GSDMC	0	0	0	0	0	0	1	0
FAM49B	9453	397	2923	1469	988	2327	7018	660
ASAP1	4157	351	1083	1377	1037	2337	2518	568
ADCY8	11	1	11	16	9	12	30	4
EFR3A	927	132	519	407	261	502	703	158
OC90	1	0	0	1	1	0	1	0
HHLA1	29	2	2	6	5	9	13	3
KCNQ3	238	33	20	168	191	720	54	87
LRRC6	782	65	128	282	209	462	576	107
TMEM71	1	0	0	0	0	3	1	0
PHF20L1	4406	180	1558	758	508	1194	3178	278
TG	1	5	0	3	2	2	6	1
SLA	5	1	0	2	0	0	2	1
CCN4	4	0	3	0	0	0	5	0
NDRG1	84	4	45	27	32	46	792	8
ST3GAL1	265	30	78	170	107	134	487	37
ZFAT	254	24	79	129	89	168	221	40
KHDRBS3	2765	135	1452	446	299	529	2254	185
FAM135B	0	15	0	3	52	100	4	35
COL22A1	30	30	1	49	134	197	115	45
KCNK9	8	1	16	2	6	4	6	0
TRAPPC9	792	262	235	1004	770	1436	523	350
CHRAC1	3398	115	912	398	195	591	3325	182
AGO2	5388	199	1552	646	495	1229	3529	343
PTK2	5406	995	1998	3937	2620	4977	4175	1538
DENND3	117	8	42	27	21	42	54	5
SLC45A4	286	32	154	152	55	119	211	32
GPR20	0	0	0	12	5	4	0	7
PTP4A3	6	19	0	62	44	97	3	30
AC138647.1	1	0	0	0	0	0	2	0
TSNARE1	133	42	41	160	118	202	108	89
ADGRB1	331	11	67	23	24	57	227	18
ARC	201	0	70	48	18	27	141	5
JRK	1183	15	334	77	60	164	738	31
PSCA	10	0	1	0	1	2	2	1
LY6K	7	0	4	0	0	0	39	1
THEM6	1058	11	197	59	61	121	556	44
SLURP1	0	0	0	0	0	0	0	0
LYPD2	6	1	32	0	0	2	16	0
SLURP2	0	0	0	7	0	1	0	3
LYNX1	103	1	67	16	15	13	84	7
LY6D	1	0	0	0	0	0	0	0
GML	0	0	0	0	0	0	0	0
CYP11B1	0	0	0	0	0	0	0	0
CYP11B2	0	0	0	0	0	0	0	0
LY6E	67	180	21	647	405	912	45	294
LY6L	0	0	0	0	0	2	1	1
LY6H	14	92	3	356	589	721	22	129
GPIHBP1	0	0	0	0	0	0	0	0
ZFP41	258	23	90	72	48	118	150	21
GLI4	1602	58	559	197	156	270	1406	85
ZNF696	661	12	242	87	50	116	446	46
TOP1MT	1487	36	554	128	37	169	1817	65
RHPN1	1172	30	373	101	58	163	887	35
MAFA	54	1	48	0	1	3	55	0
ZC3H3	765	32	256	124	97	161	630	52
GSDMD	84	5	27	43	28	51	64	12
MROH6	9	6	4	26	9	17	3	8
NAPRT	709	70	338	75	128	164	1843	94
EEF1D	26300	1930	8410	5280	3617	9702	20581	2575
TIGD5	0	35	0	124	110	186	0	38
PYCR3	4	19	1	49	37	105	6	19
TSTA3	1198	96	396	364	274	432	1338	118
ZNF623	14	42	8	131	125	229	3	39
ZNF707	3	23	2	61	41	68	4	15
CCDC166	0	0	0	0	0	0	0	0
MAPK15	45	15	12	55	36	84	49	12
FAM83H	1	8	0	38	22	63	0	16
IQANK1	2	8	1	26	10	56	2	10
SCRIB	307	32	81	146	99	228	237	56
PUF60	1274	489	368	1905	1565	3122	1104	872
NRBP2	689	23	306	109	70	168	645	31
EPPK1	147	12	97	48	40	37	251	6
PLEC	1180	42	476	185	89	135	1171	28
PARP10	80	1	51	11	8	13	102	3
GRINA	4597	98	2396	487	255	541	4145	122
SPATC1	0	1	0	2	4	5	0	0
OPLAH	215	7	126	17	13	31	256	7
EXOSC4	3557	89	1196	299	230	526	2611	161
GPAA1	5372	98	1924	461	256	445	4307	125
CYC1	13353	349	4704	1215	810	1957	10707	583
SHARPIN	3838	124	1366	404	277	471	3400	155
MAF1	7987	157	2643	622	470	987	5488	296
WDR97	20	2	2	5	1	4	8	1
HGH1	1162	17	334	65	43	96	780	23
MROH1	228	19	229	97	73	65	256	27
BOP1	3639	60	1013	160	126	249	2696	89
SCX	439	18	320	64	32	60	404	21
HSF1	3561	95	1191	352	250	480	2850	154
DGAT1	1839	32	640	169	88	197	1635	62
SCRT1	7	0	16	1	0	3	6	0
TMEM249	3	1	7	2	1	5	13	1
SLC52A2	2370	51	1047	215	145	274	2175	74
FBXL6	738	16	351	57	31	100	866	31
ADCK5	338	8	156	43	33	69	269	21
CPSF1	2702	68	734	230	214	375	1750	109
SLC39A4	606	7	746	23	7	8	709	2
VPS28	11965	387	3647	1304	1044	2005	9002	572
TONSL	1932	40	461	122	88	174	1278	52
CYHR1	4608	122	1922	432	374	695	4217	160
KIFC2	216	6	134	15	10	27	309	4
FOXH1	1911	5	1449	30	14	43	3573	12
PPP1R16A	1736	38	564	118	115	198	1597	68
GPT	13	1	4	1	2	4	11	1
MFSD3	2803	90	902	236	176	317	2618	102
RECQL4	1267	17	340	75	49	125	713	31
LRRC14	1381	22	435	81	60	127	961	39
LRRC24	412	6	170	38	54	96	334	19
C8orf82	2338	69	721	220	143	255	2477	81
ARHGAP39	585	50	190	138	132	216	413	60
ZNF251	144	146	62	389	299	628	117	143
ZNF34	380	15	131	50	48	83	382	34
RPL8	279265	7765	110165	25077	17569	41154	219475	11468
ZNF517	263	9	62	36	26	45	161	10
ZNF7	1671	41	468	197	126	263	1385	65
COMMD5	2516	60	942	242	173	363	2020	98
ZNF250	895	57	264	199	145	316	690	76
ZNF16	1164	51	250	165	133	30	932	106
C8orf33	5103	137	1404	479	338	684	3947	191
WASHC1	564	44	160	160	126	246	578	75
FOXD4	16	0	7	3	0	2	4	0
CBWD1	2145	77	622	325	209	367	1676	74
DOCK8	77	51	33	268	149	176	96	43
KANK1	976	230	255	826	511	854	763	302
DMRT1	179	14	14	20	53	95	118	20
DMRT3	2246	100	231	314	707	1073	1933	187
DMRT2	2	0	1	0	0	2	1	0
SMARCA2	212	7	81	15	27	58	214	6
VLDLR	256	10	192	69	25	51	467	11
KCNV2	1	3	0	15	6	24	0	11
PUM3	4388	201	1170	608	420	989	3239	312
RFX3	2115	995	758	4127	2093	3775	2093	1227
GLIS3	712	835	609	5876	1101	1695	1058	458
SLC1A1	81	7	81	37	48	29	115	7
SPATA6L	33	10	35	26	45	21	45	10
PLPP6	428	8	172	41	35	66	353	21
CDC37L1	1470	74	596	263	201	388	1172	82
AK3	3620	206	943	633	678	1284	2413	296
RCL1	1164	53	369	177	170	380	779	96
JAK2	135	59	58	193	113	176	133	57
IGHEP2	4	0	2	0	0	0	4	0
INSL6	14	4	1	10	16	29	5	6
INSL4	1	0	0	0	0	0	1	0
RLN2	519	23	330	65	56	123	210	30
RLN1	113	6	38	22	12	33	86	10
PLGRKT	6239	182	1557	590	467	878	4415	261
CD274	7	1	0	2	2	1	7	3
PDCD1LG2	0	7	2	16	16	25	0	6
RIC1	549	174	232	604	466	810	361	210
ERMP1	243	25	112	96	69	140	253	37
KIAA2026	2481	138	722	711	513	1093	1818	267
MLANA	2	0	1	4	12	14	15	4
RANBP6	1071	50	395	229	151	411	904	74
IL33	6	0	0	1	0	2	9	0
TPD52L3	0	0	0	0	0	0	0	0
UHRF2	2124	189	671	610	482	1116	1445	297
GLDC	2426	154	761	1033	447	1054	1590	260
KDM4C	354	77	191	410	245	395	366	135
DMAC1	8913	249	2801	955	547	1260	7298	374
PTPRD	1832	761	1039	2698	1946	3426	1853	968
TYRP1	330	2	613	7	59	50	79	0
LURAP1L	48	9	69	34	31	30	40	11
MPDZ	5070	353	1303	1251	1006	1924	3177	520
NFIB	1450	57	50	76	386	921	543	168
ZDHHC21	1582	154	545	559	394	927	1244	225
CER1	91	1	123	4	2	5	696	2
FREM1	315	591	49	1159	280	266	922	410
TTC39B	270	40	117	116	151	247	237	65
SNAPC3	3536	138	1069	473	414	843	2642	202
PSIP1	37431	1049	13180	3753	2853	7353	26990	1909
CCDC171	1134	173	305	475	494	1484	924	358
C9orf92	0	3	1	8	9	15	0	5
BNC2	246	61	139	319	144	288	389	59
CNTLN	4426	335	781	989	1036	2055	2633	521
SH3GL2	93	7	39	25	58	188	35	12
ADAMTSL1	38	80	8	557	441	2367	15	132
SAXO1	8	14	7	29	30	34	12	12
RRAGA	5385	113	2012	565	372	678	4457	196
HAUS6	3893	162	1226	594	430	1164	2197	267
PLIN2	8094	219	2900	1005	621	1547	6642	380
DENND4C	849	250	366	947	703	1163	616	328
RPS6	345880	9399	123258	34319	24385	59032	236436	14171
ACER2	39	45	21	134	71	171	46	46
SLC24A2	20	12	27	84	30	28	21	11
MLLT3	1934	522	429	1757	1196	2171	1790	577
FOCAD	1191	367	352	1545	1207	1979	831	551
HACD4	345	15	74	86	51	92	347	19
IFNB1	0	0	0	0	0	0	0	0
IFNW1	0	0	0	0	0	0	0	0
IFNA21	0	0	0	0	0	0	0	0
IFNA4	0	0	0	0	0	0	0	0
IFNA7	0	0	0	0	0	0	0	0
IFNA10	0	0	0	0	0	0	0	0
IFNA16	0	0	0	0	0	0	0	0
IFNA17	0	0	0	0	0	0	0	0
IFNA14	0	0	0	0	0	0	0	0
IFNA5	0	0	1	0	0	0	0	0
KLHL9	2008	76	580	297	223	503	1228	115
IFNA6	0	0	0	0	0	0	0	0
IFNA13	0	0	0	0	0	0	0	0
IFNA2	0	0	0	0	0	0	0	0
IFNA8	0	0	0	0	0	0	0	0
IFNA1	0	0	0	0	0	0	0	0
IFNE	0	0	0	0	0	0	1	0
MTAP	3197	254	900	827	811	2083	1977	543
CDKN2A	5	1	17	0	0	0	8	1
CDKN2B	8	0	8	5	3	3	53	0
DMRTA1	9321	176	688	1029	617	1768	4956	495
ELAVL2	1139	61	355	162	239	393	568	97
IZUMO3	0	0	0	0	0	0	0	0
TUSC1	1544	62	668	247	232	359	1278	99
CAAP1	2118	151	809	543	361	872	1735	230
PLAA	2365	97	851	437	308	590	1745	179
IFT74	3123	211	999	767	514	1086	2972	324
LRRC19	17	9	4	32	22	56	9	14
TEK	9	2	3	13	8	25	12	5
EQTN	21	3	4	6	5	14	10	5
MOB3B	2617	169	934	632	521	1132	1099	272
IFNK	0	0	0	0	1	0	0	0
C9orf72	1993	186	720	542	388	844	1602	188
LINGO2	132	352	27	1501	2073	2579	269	310
ACO1	1811	88	703	365	252	406	1497	113
DDX58	386	43	114	144	156	262	247	85
TOPORS	4188	107	1458	382	248	668	3074	198
SMIM27	1240	46	476	160	138	186	1095	74
NDUFB6	12913	324	3846	1226	817	1807	9243	532
TAF1L	1	0	0	0	1	0	1	0
TMEM215	31	1	5	0	1	3	22	1
APTX	3279	253	1199	727	450	1158	2683	256
DNAJA1	40665	1198	11816	5047	3369	6534	35684	1727
SMU1	4560	178	1644	774	479	1122	3865	267
B4GALT1	988	66	366	192	131	242	917	85
SPINK4	1	0	0	0	1	0	1	0
BAG1	8859	188	2671	703	580	1350	5070	335
CHMP5	8330	256	3479	1001	762	1339	7403	396
NFX1	1379	119	462	479	311	580	1037	180
AQP7	3	1	4	7	1	1	12	2
AQP3	45	3	35	3	9	16	102	6
NOL6	599	13	191	45	29	72	498	14
ANKRD18B	976	24	133	63	37	91	585	57
TRBV20OR9-2	1	0	1	0	0	0	1	1
TRBV21OR9-2	0	0	0	0	0	0	0	0
TRBV22OR9-2	0	0	0	0	0	0	0	0
TRBV23OR9-2	0	0	1	0	0	0	0	0
TRBV24OR9-2	0	0	0	0	0	0	0	0
TRBV25OR9-2	0	0	0	0	0	0	0	0
TRBV26OR9-2	12	1	5	6	2	6	18	1
PRSS3	1	5	2	18	14	25	3	2
TRBV29OR9-2	0	0	0	0	0	0	0	0
UBE2R2	16100	587	5445	2355	1688	3282	13045	991
UBAP2	3569	199	1158	810	593	1144	2408	293
DCAF12	1966	74	648	301	196	399	1571	119
UBAP1	1643	163	472	732	542	855	1272	252
KIF24	543	53	134	224	198	399	314	89
NUDT2	3096	99	733	328	260	550	1408	170
MYORG	106	0	5	12	3	21	72	2
C9orf24	219	10	44	54	53	72	235	30
FAM219A	384	29	165	173	110	185	237	44
DNAI1	31	39	12	106	105	144	37	47
ENHO	3949	78	1164	272	216	550	2000	172
CNTFR	4710	156	1988	480	344	840	3728	171
RPP25L	2800	93	977	292	214	427	2234	97
DCTN3	11030	324	3276	1187	915	1863	7725	532
ARID3C	6	1	6	0	0	5	2	1
SIGMAR1	4152	98	1252	311	214	422	3424	142
GALT	1168	41	507	140	106	208	1079	69
IL11RA	790	24	231	103	49	130	816	46
CCL27	47	1	17	5	3	2	51	4
AL162231.1	1599	42	516	209	134	264	1262	68
CCL19	0	0	1	0	0	0	0	0
CCL21	0	0	0	0	0	0	0	0
FAM205A	0	0	0	0	0	0	0	0
FAM205C	0	0	0	0	0	0	1	0
PHF24	24	1	12	4	2	7	17	4
DNAJB5	842	11	270	67	47	116	512	47
C9orf131	2	0	0	1	1	1	1	0
VCP	14673	435	6058	1742	961	2194	11980	755
FANCG	2416	56	772	193	143	299	1670	72
PIGO	559	12	189	36	28	58	451	17
STOML2	20698	542	7134	1956	1221	2353	16869	696
FAM214B	573	19	252	74	53	105	591	32
UNC13B	787	90	420	372	339	708	537	175
RUSC2	211	37	91	158	176	199	218	54
FAM166B	67	5	29	9	7	11	127	3
TESK1	867	22	377	79	80	125	760	29
CD72	51	15	40	30	22	42	102	19
SIT1	31	0	48	6	3	3	53	1
CCDC107	4621	115	1178	493	339	610	3991	166
ARHGEF39	1734	47	528	111	96	262	1268	84
CA9	105	5	28	11	6	15	141	4
TPM2	13756	454	8348	2649	680	2027	16227	618
TLN1	3775	160	1225	656	337	715	3126	211
CREB3	2723	79	984	342	251	439	2433	109
GBA2	1385	24	601	154	99	201	1103	50
RGP1	1493	41	468	121	97	208	1067	51
MSMP	28	0	16	4	0	1	52	1
NPR2	229	9	84	36	35	65	215	17
SPAG8	102	6	27	8	17	18	189	7
HINT2	747	212	244	677	530	982	606	258
TMEM8B	897	39	320	136	119	184	761	45
FAM221B	39	4	16	30	17	20	88	6
OR13J1	0	0	0	0	0	0	0	0
HRCT1	0	0	0	0	0	0	2	0
SPAAR	1	0	1	1	1	0	5	1
OR2S2	0	0	0	0	0	0	0	0
RECK	766	160	270	407	303	520	810	184
GLIPR2	810	19	410	80	58	257	468	43
CCIN	1	0	0	0	0	0	4	0
CLTA	29294	892	13220	3729	2229	4284	26190	1240
GNE	351	44	112	193	145	234	289	73
RNF38	1345	319	559	1238	939	1831	861	556
MELK	3100	189	821	585	441	938	2013	332
PAX5	71	8	4	13	2	5	67	4
ZCCHC7	2354	353	1056	1393	795	1873	2251	509
GRHPR	9650	331	3308	1092	902	1610	7437	457
ZBTB5	704	54	166	210	163	259	485	73
POLR1E	2198	48	606	162	120	343	1547	79
FBXO10	326	54	117	284	153	207	319	75
TOMM5	3843	699	753	2789	1705	3861	2722	1051
FRMPD1	5	2	1	11	7	7	5	2
TRMT10B	1242	76	374	297	242	435	949	114
EXOSC3	5033	165	1924	622	393	906	3814	215
DCAF10	2097	207	690	872	622	1075	1618	285
SLC25A51	405	44	159	219	151	310	413	69
SHB	485	29	158	178	143	155	476	53
ALDH1B1	1662	30	541	83	67	216	976	56
IGFBPL1	3725	76	537	260	496	763	2292	203
ANKRD18A	277	4	36	28	42	44	73	36
FAM240B	0	0	1	1	0	0	0	0
CNTNAP3	330	96	72	316	530	674	316	265
SPATA31A1	1	0	2	0	0	0	0	0
BX664615.2	1	18	17	52	100	71	14	24
ANKRD20A2	0	0	0	0	0	0	0	0
IGKV1OR9-2	0	0	0	0	0	0	0	0
FOXD4L6	3	0	0	0	0	0	0	0
CBWD6	320	10	152	59	38	59	232	23
CNTNAP3B	224	166	130	780	704	771	591	347
SPATA31A6	0	0	0	0	0	0	0	0
SPATA31A5	0	0	0	0	0	0	0	0
SPATA31A7	0	0	0	0	0	0	0	0
CNTNAP3C	8	8	7	20	47	57	0	10
AL391987.2	4	0	0	0	0	1	0	0
AL391987.1	0	0	0	0	0	0	0	0
ANKRD20A4	12	1	0	0	1	8	5	1
IGKV1OR-2	0	0	0	0	0	0	0	0
IGKV1OR9-1	0	0	0	0	0	0	0	0
FOXD4L5	0	0	0	1	0	0	0	0
CBWD5	495	38	216	155	120	252	651	61
FOXD4L4	1	0	0	0	0	0	0	0
IGKV1OR-3	0	0	0	0	0	0	0	0
ANKRD20A3	1	0	0	0	3	3	0	2
ZNF658	120	12	26	55	60	70	96	23
SPATA31A3	0	0	0	0	0	0	1	0
AL627230.3	0	0	0	0	0	0	0	0
AL627230.1	0	0	0	0	1	3	0	0
ANKRD20A1	19	0	0	0	2	7	6	0
CBWD3	254	22	48	69	50	92	114	21
FOXD4L3	0	0	0	0	0	0	1	0
PGM5	42	16	38	12	117	54	224	11
TMEM252	0	0	0	0	0	0	0	0
PIP5K1B	375	147	200	638	308	497	392	162
FAM122A	1472	25	544	150	87	184	1030	56
PRKACG	0	0	0	0	0	0	0	0
FXN	2759	134	921	446	320	768	1840	193
TJP2	149	48	61	224	128	328	59	108
FAM189A2	91	3	45	36	13	39	57	8
APBA1	2	29	8	110	91	119	2	28
PTAR1	2077	171	993	579	481	896	1781	209
C9orf135	549	18	370	46	165	85	587	31
MAMDC2	71	45	57	206	144	149	111	37
SMC5	3901	315	1323	1311	1207	1925	3116	491
KLF9	1	0	17	3	3	4	18	3
TRPM3	2735	1867	1227	8446	4093	5248	2509	1105
CEMIP2	5582	512	2241	3098	2141	5033	3012	906
ABHD17B	2778	190	956	866	650	1383	2051	490
C9orf85	1375	121	550	419	321	585	1195	157
C9orf57	0	3	0	2	1	3	0	0
GDA	101	13	3	1	16	51	128	14
ZFAND5	6197	203	2444	897	621	1464	4570	340
TMC1	5	6	0	18	7	12	12	2
ALDH1A1	1870	18	2151	108	109	188	110	12
ANXA1	1630	44	2456	170	43	188	408	10
RORB	680	54	234	153	215	561	258	144
TRPM6	3	2	3	3	2	6	9	0
C9orf40	4032	130	993	470	206	408	3243	140
CARNMT1	1195	88	413	327	230	623	945	162
NMRK1	323	19	167	48	29	95	366	30
OSTF1	294	13	271	32	41	85	430	25
PCSK5	591	173	535	822	376	832	390	290
RFK	3891	175	1142	567	416	753	2962	176
GCNT1	1688	232	425	1006	624	784	2237	274
PRUNE2	446	114	174	409	329	371	322	122
FOXB2	19	0	2	0	0	0	11	0
VPS13A	2333	245	777	934	700	1337	1785	404
GNA14	45	2	24	22	17	17	35	7
GNAQ	3632	482	1393	2029	1563	2669	2476	810
CEP78	7026	272	2103	882	637	1430	4375	363
PSAT1	17665	484	5620	2378	1505	3218	11456	780
TLE4	12640	904	4891	4852	2130	4300	11974	1609
TLE1	6303	214	1182	1103	1581	2082	3955	396
SPATA31D4	0	0	0	0	0	0	0	0
SPATA31D3	0	1	0	0	0	0	0	0
SPATA31D1	0	0	0	0	0	0	0	0
RASEF	36	0	22	11	6	12	60	3
FRMD3	76	55	24	252	130	121	292	39
IDNK	674	47	112	273	143	198	786	56
UBQLN1	4886	233	1598	821	546	1118	3681	348
GKAP1	4290	217	1225	797	668	1134	3125	324
KIF27	596	104	173	320	295	480	647	144
C9orf64	95	28	5	2	60	103	105	17
HNRNPK	66892	1367	19975	5439	3587	9119	46540	2217
RMI1	2632	122	686	377	393	836	1573	222
SLC28A3	1	0	0	1	0	0	4	0
NTRK2	675	34	52	300	126	83	953	46
AGTPBP1	1997	317	780	1204	960	1660	1459	485
NAA35	2972	214	1064	851	558	1155	2236	355
GOLM1	12837	555	3630	1844	1513	3175	9694	729
C9orf153	89	37	14	110	21	77	58	47
ISCA1	3966	141	1332	503	436	830	3250	247
TUT7	994	93	410	321	223	468	848	132
GAS1	13135	136	2057	692	948	2627	6298	368
DAPK1	1312	174	426	635	562	939	1006	272
CTSL	2790	116	1566	400	256	439	3058	130
SPATA31E1	1	0	0	0	0	0	0	0
AL353572.3	0	0	0	0	0	0	0	0
CDK20	394	15	125	46	25	87	445	12
SPIN1	3936	282	1568	1222	854	1757	2593	478
NXNL2	5	7	18	14	15	6	33	1
S1PR3	326	18	531	82	25	54	442	21
SHC3	998	131	230	615	265	413	1055	202
CKS2	36818	761	11905	2887	1681	4159	24647	1555
SECISBP2	7595	387	2029	1232	866	1941	5547	462
SEMA4D	1385	64	388	222	166	314	881	114
GADD45G	818	20	157	70	40	140	793	42
DIRAS2	8	1	22	11	1	3	16	0
SYK	15	0	20	2	3	8	19	1
AUH	911	132	426	447	363	644	891	177
NFIL3	1318	41	339	143	99	244	1112	56
ROR2	811	151	319	571	526	911	714	237
SPTLC1	3345	127	1340	547	383	834	2578	224
IARS	7440	286	2168	1131	587	1384	4878	415
NOL8	3036	82	899	300	261	595	2200	158
CENPP	752	243	279	974	666	1557	560	407
OGN	19	8	7	65	27	92	11	22
OMD	5	12	1	56	46	77	0	21
ASPN	11	16	2	57	43	80	5	25
ECM2	13	24	6	73	78	144	13	36
IPPK	421	32	132	125	73	167	284	50
BICD2	1209	46	402	164	103	217	727	73
ZNF484	381	55	117	139	113	195	338	54
FGD3	24	2	6	13	22	24	26	7
SUSD3	105	3	34	8	5	6	110	5
CARD19	862	38	456	121	54	123	828	55
NINJ1	2808	90	830	268	169	354	1884	100
WNK2	1052	222	304	737	595	741	1065	233
C9orf129	38	7	17	43	32	26	63	12
FAM120AOS	4404	116	1718	448	327	669	3495	177
FAM120A	2072	118	752	420	248	588	1507	208
PHF2	895	68	192	203	144	312	577	91
BARX1	174	5	45	22	11	37	411	7
PTPDC1	763	58	201	226	155	278	574	71
ZNF169	325	33	103	113	91	165	295	35
NUTM2F	3	0	1	0	1	1	0	0
MFSD14B	1768	106	653	396	240	569	1339	163
FBP2	1	9	3	15	16	29	4	10
FBP1	63	0	24	3	3	1	28	0
AOPEP	996	375	342	1239	854	1444	919	405
FANCC	669	214	168	802	552	910	454	352
PTCH1	1876	233	542	508	274	367	2042	214
ERCC6L2	1961	252	553	730	541	973	1427	295
HSD17B3	0	0	0	1	0	0	0	0
AL160269.1	0	1	0	0	0	1	1	0
SLC35D2	898	54	888	183	120	190	1163	44
ZNF367	608	79	109	322	276	479	347	196
HABP4	2028	144	716	617	302	542	1775	150
CDC14B	1108	267	619	908	509	1113	885	319
PRXL2C	700	22	449	116	78	164	764	37
ZNF510	556	42	199	129	93	182	456	69
ZNF782	258	65	66	288	189	361	190	114
MFSD14C	4116	240	1313	957	699	1307	2479	364
NUTM2G	1	2	0	11	12	3	0	3
CTSV	1900	23	1787	145	68	185	1788	59
CCDC180	340	25	117	99	61	116	277	40
TDRD7	155	22	120	106	65	62	48	17
TMOD1	116	3	24	11	10	11	34	5
TSTD2	1203	136	368	419	356	764	903	163
NCBP1	1743	82	635	371	229	494	1246	131
XPA	3260	106	879	374	382	721	2443	167
FOXE1	1	0	0	0	0	0	0	0
TRMO	517	19	145	73	42	135	407	26
HEMGN	0	0	0	1	0	0	3	0
ANP32B	39768	1098	9496	3603	2475	5886	26023	1713
NANS	3774	105	1516	331	256	517	3710	166
TRIM14	169	4	95	22	25	41	155	17
CORO2A	274	11	211	24	36	46	475	17
TBC1D2	25	4	34	4	14	17	63	5
GABBR2	40	8	15	15	12	13	57	5
ANKS6	1134	83	388	249	172	350	850	119
GALNT12	1994	118	472	423	238	284	1607	101
COL15A1	22	3	10	19	4	8	133	4
TGFBR1	3210	231	1211	1033	677	1715	2976	328
ALG2	1154	37	570	163	105	228	1193	47
SEC61B	29005	743	11980	3621	2091	3821	24688	1084
NR4A3	29	9	6	271	76	89	36	5
STX17	2184	93	902	413	268	582	1586	148
ERP44	3553	151	1592	659	384	776	3426	207
INVS	588	361	169	1486	1036	1731	447	464
TEX10	1666	114	570	445	332	643	1020	163
MSANTD3	4271	162	1344	681	458	964	3271	244
TMEFF1	634	648	341	2043	1401	2733	503	965
CAVIN4	1292	64	410	204	137	362	731	135
PLPPR1	9	21	5	231	101	270	10	41
BAAT	1	1	0	0	8	8	1	4
MRPL50	7433	172	2335	636	442	882	5176	275
ZNF189	664	34	257	223	130	249	492	58
ALDOB	10	0	0	1	1	2	2	0
TMEM246	1686	36	535	113	117	207	1271	52
RNF20	3785	123	1391	494	360	737	2992	192
GRIN3A	5	7	1	6	7	10	5	3
PPP3R2	0	0	0	0	0	0	1	0
CYLC2	0	0	0	0	0	1	0	0
SMC2	12325	273	3426	1161	806	1919	8813	570
OR13F1	0	0	0	0	0	0	0	0
OR13C4	0	0	0	0	0	0	0	0
OR13C3	0	0	0	0	0	0	1	0
OR13C8	0	0	0	0	0	0	0	0
OR13C5	1	0	0	0	0	1	0	0
OR13C2	0	0	0	0	0	0	0	0
OR13C9	0	0	0	0	0	0	0	0
OR13D1	0	0	0	1	0	0	0	0
NIPSNAP3A	1345	55	439	163	171	273	1453	66
NIPSNAP3B	226	14	64	46	51	128	159	19
ABCA1	648	76	586	89	152	266	398	73
SLC44A1	2281	101	1430	353	297	537	1847	149
FSD1L	2170	257	399	873	961	1764	1255	369
FKTN	839	95	367	384	280	507	686	146
TAL2	219	7	179	59	18	47	345	6
TMEM38B	1745	146	1358	593	241	456	1644	147
ZNF462	9153	521	3112	2502	1628	3663	5732	859
RAD23B	13871	449	4593	2119	1343	3208	9920	869
KLF4	84	5	48	14	6	9	144	4
ACTL7B	1	0	0	0	0	0	0	0
ACTL7A	0	0	0	0	0	0	1	0
ELP1	1347	82	562	314	197	453	1005	113
ABITRAM	859	34	237	153	163	223	601	75
CTNNAL1	9830	300	2806	1369	838	1881	6115	551
TMEM245	3250	216	1265	848	619	1194	2353	349
FRRS1L	390	32	192	99	55	91	434	25
EPB41L4B	177	15	141	64	71	57	159	24
PTPN3	63	5	16	31	10	19	60	7
PALM2-AKAP2	2011	167	1154	675	197	594	1211	197
C9orf152	2	3	0	4	0	1	0	1
TXN	46069	1115	14106	4285	2085	5038	33689	1653
TXNDC8	0	0	0	1	1	0	0	0
SVEP1	14	2	8	22	11	24	29	4
MUSK	11	7	5	6	5	22	6	3
LPAR1	432	43	243	162	64	475	256	69
OR2K2	0	0	0	0	0	0	0	0
ECPAS	2012	184	694	633	420	764	1403	208
ZNF483	368	124	1028	416	254	577	1435	135
PTGR1	13243	562	3045	1700	885	2237	9884	508
DNAJC25	869	51	345	242	146	244	800	91
GNG10	84	164	55	940	676	1744	49	420
SHOC1	7	35	4	190	132	329	5	64
UGCG	2310	156	788	424	262	465	1980	195
SUSD1	144	43	51	97	131	298	127	39
PTBP3	2290	195	1169	621	359	1045	2161	303
HSDL2	2879	163	819	500	583	665	2274	203
KIAA1958	2608	587	741	2158	1499	3333	1910	862
INIP	2718	117	971	385	319	643	1782	235
SNX30	367	40	314	164	93	209	284	60
SLC46A2	0	1	0	1	1	1	0	1
ZNF883	2033	76	681	258	256	520	1526	114
ZFP37	371	42	181	157	152	241	616	46
SLC31A2	87	3	24	13	8	25	103	6
FKBP15	777	45	201	168	129	219	669	51
SLC31A1	1994	66	913	339	179	395	1749	95
CDC26	114	281	35	1175	778	1496	90	361
PRPF4	3944	91	1223	359	213	494	2675	143
RNF183	8	0	6	0	0	3	13	0
WDR31	403	35	105	72	74	127	345	30
BSPRY	46	0	52	2	6	5	77	1
HDHD3	1195	44	380	130	114	198	1032	62
ALAD	571	33	302	94	56	129	519	31
POLE3	6873	139	1586	513	380	1092	4356	285
C9orf43	75	4	20	11	12	28	38	10
RGS3	1646	101	378	346	283	529	1820	176
ZNF618	5189	248	1129	936	842	1809	2978	484
AMBP	18	2	12	5	11	9	32	3
KIF12	17	0	19	2	2	1	22	0
COL27A1	823	58	320	229	150	219	703	70
ORM1	0	0	1	0	1	0	0	0
ORM2	7	0	5	0	0	1	11	0
AKNA	470	36	122	97	40	101	366	24
WHRN	309	45	131	118	93	153	452	65
ATP6V1G1	24651	758	11786	2920	2381	4574	20469	1003
TMEM268	224	3	39	41	38	82	156	18
TEX53	0	0	0	1	1	1	0	0
TEX48	0	2	1	0	1	2	1	0
TNFSF15	2	0	2	0	0	2	1	1
TNFSF8	0	0	0	0	0	0	0	0
TNC	173	5	146	25	11	13	224	5
PAPPA	1653	96	63	58	93	146	372	188
ASTN2	546	132	197	449	480	964	392	262
TRIM32	871	26	228	94	78	137	639	31
TLR4	5	0	43	3	0	1	4	0
BRINP1	90	14	89	24	21	15	120	6
CDK5RAP2	5786	313	1469	1106	713	1517	3289	426
MEGF9	792	135	175	481	469	928	408	274
FBXW2	1769	68	707	354	190	479	1460	120
B3GNT10	141	10	46	47	32	70	127	13
PSMD5	1765	120	355	311	379	732	1421	196
PHF19	2337	49	524	159	204	329	1366	104
TRAF1	40	6	6	24	13	23	27	7
C5	423	35	61	92	79	114	235	24
CNTRL	3501	162	669	455	525	1118	1886	269
RAB14	4931	184	1864	847	549	1027	4011	286
GSN	1395	35	1001	198	110	145	1624	62
STOM	987	16	1110	99	33	90	899	28
DAB2IP	1074	55	396	209	176	380	691	92
TTLL11	65	9	13	70	73	98	51	25
NDUFA8	10265	299	3471	1104	721	1483	9136	462
MORN5	139	15	33	39	58	51	255	10
LHX6	5	0	3	1	0	0	7	0
RBM18	1348	59	527	181	148	273	1169	68
MRRF	1304	70	545	226	147	329	1054	86
PTGS1	78	1	16	3	17	23	82	9
OR1J1	0	0	0	0	0	0	0	0
OR1J2	0	0	0	0	0	0	0	0
OR1J4	0	0	0	0	0	0	0	0
OR1N1	0	0	0	0	0	0	0	0
OR1N2	0	0	0	0	0	0	0	0
OR1L8	0	0	0	0	0	0	0	0
OR1Q1	0	0	0	0	0	0	0	0
OR1B1	0	0	0	0	0	0	0	0
OR1L1	0	0	0	0	0	0	0	0
OR1L3	0	0	0	0	0	0	0	0
OR1L4	0	0	0	0	0	0	0	0
OR1L6	0	0	0	1	0	0	0	0
OR5C1	0	0	0	0	0	0	0	0
PDCL	3667	120	1437	474	371	796	2778	200
OR1K1	0	0	0	0	0	0	0	0
RC3H2	1766	192	692	713	535	982	1267	247
ZBTB6	561	26	212	149	108	200	539	31
ZBTB26	473	47	171	157	125	246	329	62
RABGAP1	4013	384	1353	1484	1050	1876	2623	508
GPR21	0	0	0	0	0	0	0	0
STRBP	8876	506	2675	1786	1365	2379	6032	717
CRB2	3953	184	1076	752	533	695	4897	268
DENND1A	1003	338	339	1382	1197	2478	486	815
LHX2	16665	151	5081	473	855	3661	2698	726
NEK6	1788	56	475	215	105	401	1087	114
PSMB7	19379	537	6483	1935	1286	2768	14698	681
ADGRD2	35	2	7	8	11	13	31	1
NR5A1	53	2	15	13	11	8	52	7
NR6A1	7014	690	5263	3006	1704	3459	6842	929
OLFML2A	74	2	29	13	9	9	110	3
WDR38	10	1	3	2	6	0	34	0
RPL35	175281	4007	60967	15321	10672	23465	128844	6459
ARPC5L	7425	172	2820	834	463	1027	5197	308
GOLGA1	783	81	284	218	187	346	533	108
SCAI	1926	212	550	801	611	1068	1440	358
PPP6C	2739	156	976	566	411	806	2165	196
RABEPK	1575	43	543	153	104	228	1222	81
HSPA5	29110	700	10484	2774	1634	2763	32465	1036
GAPVD1	1766	128	733	497	327	610	1421	152
MAPKAP1	3409	242	1218	903	593	1166	2598	353
PBX3	3559	427	1229	2484	1098	2148	2256	537
MVB12B	1025	123	308	418	290	473	582	159
LMX1B	43	31	17	127	32	12	395	15
ZBTB43	1451	64	642	250	169	315	1140	81
ZBTB34	275	11	113	46	46	83	224	20
RALGPS1	659	92	203	295	261	452	465	138
ANGPTL2	570	22	222	53	35	93	350	16
GARNL3	157	41	36	246	150	274	117	86
SLC2A8	1252	25	396	90	66	141	728	34
ZNF79	122	10	43	49	30	36	95	15
RPL12	203667	6388	92432	19339	14948	31642	174143	8627
LRSAM1	445	36	181	163	97	175	316	43
NIBAN2	358	24	135	42	21	61	282	25
STXBP1	768	49	388	197	115	215	722	86
PTRH1	955	36	413	121	87	150	936	39
CFAP157	15	2	3	6	12	7	18	2
TTC16	1	0	0	1	0	0	1	0
TOR2A	2159	62	704	155	131	291	1676	79
SH2D3C	82	3	99	16	30	74	69	15
CDK9	1929	38	980	181	113	236	1962	74
FPGS	1454	54	429	137	107	194	1043	68
ENG	35	2	30	11	11	15	61	2
AK1	552	121	191	400	461	621	401	187
ST6GALNAC6	14	56	7	153	87	214	27	65
ST6GALNAC4	600	25	206	54	54	93	617	28
PIP5KL1	128	5	104	18	10	30	174	12
DPM2	4916	128	1811	487	245	614	4124	178
FAM102A	913	41	324	164	71	170	654	55
NAIF1	317	8	105	36	21	40	249	11
SLC25A25	430	28	162	110	86	183	305	47
PTGES2	3321	76	1400	329	208	428	2920	135
LCN2	6	0	12	2	0	2	18	0
C9orf16	14111	414	6380	1194	1238	2225	12622	583
CIZ1	3559	73	984	282	242	417	2586	101
DNM1	1796	130	607	421	466	777	1332	179
GOLGA2	2072	96	933	341	208	437	2367	126
SWI5	3634	163	1474	631	303	687	3659	175
TRUB2	2971	57	927	231	207	410	2137	118
COQ4	3935	104	1280	457	378	618	3270	157
SLC27A4	731	33	225	97	91	139	633	28
URM1	3019	87	1056	272	200	468	2356	115
CERCAM	212	5	70	24	38	35	348	6
ODF2	2225	136	529	444	320	624	1987	184
GLE1	915	40	350	163	136	213	745	51
SPTAN1	2997	181	971	666	586	831	2678	220
WDR34	6426	149	1499	588	365	740	3583	247
SET	106165	2786	38208	9362	6164	18970	80111	4530
PKN3	979	43	216	138	144	224	703	70
ZDHHC12	3124	78	1563	397	250	467	3068	105
ZER1	570	52	248	239	193	265	528	71
TBC1D13	841	34	332	125	102	186	619	41
ENDOG	2517	62	772	265	211	360	1964	101
SPOUT1	8	40	2	124	74	188	10	69
KYAT1	155	44	53	164	97	223	108	71
LRRC8A	2460	45	897	198	149	407	1591	76
PHYHD1	440	15	487	72	73	144	569	24
DOLK	1116	24	477	121	79	142	926	43
NUP188	1924	72	619	228	184	348	1324	97
SH3GLB2	2776	65	1082	228	172	357	2225	127
MIGA2	416	13	192	37	32	72	346	14
DOLPP1	1411	26	511	83	56	180	1069	41
CRAT	662	24	271	84	64	119	640	35
PTPA	2380	63	883	221	159	342	2013	102
IER5L	3811	143	1206	333	182	422	4597	232
NTMT1	5850	152	1847	500	304	746	4552	235
C9orf50	11	2	9	1	2	3	9	1
ASB6	576	15	226	36	22	65	456	28
PRRX2	644	16	518	35	12	57	516	12
PTGES	252	9	111	11	7	45	194	12
TOR1B	463	25	187	123	82	203	393	56
TOR1A	2530	53	841	241	157	386	2240	85
C9orf78	5369	142	1769	608	419	924	4245	240
USP20	279	23	96	79	70	107	211	36
FNBP1	1703	165	736	660	462	697	1413	221
GPR107	933	96	386	361	261	476	923	115
NCS1	1912	60	728	229	150	416	1303	118
HMCN2	10	4	17	2	2	4	15	1
ASS1	551	19	497	126	13	48	1021	10
FUBP3	2766	155	1049	580	354	731	2117	211
PRDM12	30	7	11	8	7	6	32	2
EXOSC2	2623	60	839	190	127	362	1735	103
ABL1	1552	220	549	737	625	1230	1231	355
QRFP	1	0	0	0	1	0	0	0
FIBCD1	75	3	136	4	0	7	116	3
LAMC3	93	2	15	9	3	6	84	6
AIF1L	5979	106	1772	374	227	641	3310	210
NUP214	2290	153	671	648	454	842	1524	247
FAM78A	82	4	27	3	2	3	51	1
PLPP7	169	7	49	24	27	29	136	11
PRRC2B	6853	459	2430	1589	1278	2603	4707	727
POMT1	833	42	240	151	109	198	734	72
UCK1	3015	48	1086	218	138	330	2013	83
PRRT1B	0	0	0	0	1	0	0	0
RAPGEF1	1000	102	429	400	344	573	732	143
MED27	2586	157	982	669	463	776	2175	273
NTNG2	69	9	56	8	15	29	73	10
SETX	3089	203	1110	815	553	960	2247	272
TTF1	5629	171	1349	694	475	955	4159	281
CFAP77	330	88	35	613	285	148	888	71
BARHL1	181	60	12	579	214	134	1033	34
DDX31	705	56	239	190	132	201	596	58
GTF3C4	1755	63	617	314	183	468	1522	125
AK8	43	16	18	51	40	75	55	18
SPACA9	740	37	181	159	97	139	930	51
TSC1	1394	60	569	224	142	367	1012	69
GFI1B	9	0	4	0	3	4	6	0
GTF3C5	3073	61	1082	237	170	414	2214	124
CEL	94	3	38	9	1	13	49	8
RALGDS	1796	68	516	171	118	324	1337	105
GBGT1	164	6	95	27	17	23	182	7
OBP2B	1	0	0	0	0	0	0	0
ABO	28	4	3	23	20	23	54	21
SURF6	2053	63	810	272	155	356	1758	104
MED22	2524	42	840	232	140	370	1524	109
RPL7A	353557	11992	130636	35927	26011	62756	281535	16775
SURF1	4977	181	2141	441	364	801	4547	217
SURF2	5035	106	1561	465	328	704	4175	185
SURF4	4029	123	2087	604	278	605	3781	187
STKLD1	126	6	62	39	23	50	125	9
REXO4	2482	63	933	291	177	367	1955	89
ADAMTS13	160	22	78	39	31	70	129	15
CACFD1	1247	51	459	130	96	204	897	51
SLC2A6	840	17	350	73	47	116	739	27
MYMK	0	0	0	1	0	0	1	0
ADAMTSL2	16	1	2	5	4	6	48	3
FAM163B	2	0	1	0	0	1	1	0
DBH	2	0	0	1	0	2	6	0
SARDH	167	6	52	44	23	33	262	11
VAV2	615	71	232	273	147	361	392	118
BRD3OS	1887	43	589	184	101	268	1628	60
BRD3	8013	193	2974	619	478	1065	5716	274
WDR5	1665	60	660	218	153	371	1270	92
RXRA	1787	36	606	148	74	175	1133	49
COL5A1	251	17	93	40	46	100	293	23
FCN2	0	0	0	0	0	0	0	0
FCN1	1	2	0	3	2	2	1	1
OLFM1	766	24	233	108	115	186	759	43
PPP1R26	718	24	285	72	42	135	629	41
C9orf116	4663	111	670	337	388	613	3294	193
MRPS2	5817	131	2012	480	305	713	4721	249
LCN1	4	0	0	0	0	0	5	0
OBP2A	0	0	0	0	0	0	0	0
PAEP	1	0	3	0	0	0	2	0
AL354761.1	0	0	0	0	0	0	0	0
GLT6D1	1	1	0	0	1	1	3	0
LCN9	0	0	0	0	0	0	0	0
SOHLH1	0	0	0	0	0	0	0	0
KCNT1	0	2	1	1	1	2	1	0
CAMSAP1	2125	156	585	495	413	816	1208	211
UBAC1	5024	151	2062	643	472	837	4002	214
NACC2	199	15	210	33	22	55	128	18
TMEM250	2412	39	688	143	106	222	1876	55
LHX3	4	0	0	1	0	0	0	0
QSOX2	710	29	257	105	54	193	574	58
CCDC187	19	1	7	7	10	26	23	2
GPSM1	1435	16	406	91	64	173	790	32
DNLZ	200	4	139	13	24	9	193	2
CARD9	33	1	15	13	6	12	38	7
SNAPC4	760	33	188	110	86	173	496	49
ENTR1	2944	125	916	310	202	510	2720	125
PMPCA	4891	93	1428	392	232	603	3846	156
INPP5E	892	21	341	65	42	119	675	36
SEC16A	1314	55	381	249	120	308	928	78
NOTCH1	2961	51	624	215	178	570	1159	108
EGFL7	1985	68	1013	223	117	304	1719	90
AGPAT2	2146	89	472	224	208	543	2095	122
DIPK1B	5046	189	1140	489	383	663	4371	194
LCN10	0	0	0	2	0	0	0	0
LCN6	0	0	0	0	0	0	0	0
LCN8	0	0	0	0	0	0	0	0
LCN15	21	1	12	10	6	12	57	3
TMEM141	3693	176	2605	537	260	662	4510	205
CCDC183	86	10	18	44	26	42	123	7
RABL6	11382	278	3329	989	661	1561	7453	445
AJM1	111	8	34	11	8	24	132	2
PHPT1	46936	1480	13365	6032	2659	6249	31941	2070
MAMDC4	221	3	72	20	10	28	105	14
EDF1	35969	1057	13915	3892	2438	5429	28508	1628
TRAF2	1402	24	475	136	87	211	1099	67
FBXW5	3133	73	1096	275	202	322	2619	108
C8G	13	0	4	0	0	0	9	0
LCN12	19	0	13	1	0	2	13	0
PTGDS	342	7	264	24	18	15	280	2
LCNL1	23	0	7	0	1	2	27	1
PAXX	9248	269	1973	580	585	1108	6875	354
CLIC3	11	0	4	0	0	0	11	0
ABCA2	486	11	143	57	54	91	441	25
FUT7	2	0	0	0	1	0	1	0
NPDC1	2833	95	1104	326	306	513	2457	142
ENTPD2	15	1	20	1	0	0	14	0
SAPCD2	1465	20	439	72	49	145	1045	59
UAP1L1	59	2	148	11	3	5	58	2
MAN1B1	1862	56	684	173	131	220	1824	66
DPP7	1866	45	1046	170	236	463	1902	83
GRIN1	25	0	10	0	1	4	21	0
LRRC26	246	9	45	23	21	65	108	33
TMEM210	0	0	0	0	0	0	0	0
ANAPC2	446	8	174	47	32	70	525	18
SSNA1	10103	275	3002	852	579	1280	7956	402
TPRN	1162	22	453	94	82	184	926	42
TMEM203	5496	123	1525	411	326	707	4232	218
NDOR1	115	32	41	90	67	99	84	20
BX255925.3	373	7	128	32	17	31	253	10
RNF208	888	15	234	65	84	138	612	30
CYSRT1	78	3	41	9	7	10	36	4
RNF224	1	0	2	1	0	1	0	0
SLC34A3	0	0	0	2	0	0	0	0
TUBB4B	43459	1166	12452	4262	2600	5307	34208	1981
FAM166A	5	0	0	0	0	1	4	1
STPG3	2	1	5	0	3	0	1	0
NELFB	3917	80	1094	307	183	477	2969	117
TOR4A	29	1	62	3	4	9	56	1
NRARP	9363	87	1637	652	478	969	5698	280
EXD3	918	94	417	311	215	350	797	123
NOXA1	48	20	40	60	36	56	103	11
ENTPD8	11	0	2	2	0	1	10	0
NSMF	1458	42	451	127	103	210	1333	63
PNPLA7	22	6	4	25	22	37	29	4
MRPL41	14104	398	4998	1662	993	1907	10953	570
DPH7	2754	74	1019	303	210	451	2328	135
ZMYND19	2889	58	901	275	186	445	1984	120
ARRDC1	931	35	515	136	83	158	1043	41
EHMT1	6290	456	1818	1722	1278	2552	4260	738
CACNA1B	86	28	43	92	84	91	98	54
BET1L	670	26	320	106	39	129	675	30
SCGB1C1	0	0	0	0	0	0	0	0
ODF3	0	0	0	0	0	0	0	1
RIC8A	3229	69	1062	245	160	320	2570	115
SIRT3	1026	69	400	225	202	349	986	83
PSMD13	10603	254	3310	1015	609	1408	8564	369
NLRP6	0	0	0	0	0	0	0	0
PGGHG	623	11	291	35	18	46	715	9
IFITM5	1	0	0	0	0	0	2	0
IFITM2	3014	149	1662	726	252	444	5659	160
IFITM1	1425	26	1126	90	81	108	4212	31
IFITM3	19186	594	12327	2338	1141	2290	27115	768
B4GALNT4	3543	34	763	186	197	383	1998	78
PKP3	39	0	84	3	2	3	85	0
SIGIRR	2885	63	823	309	282	417	2370	98
ANO9	29	0	47	3	2	11	61	5
PTDSS2	179	65	128	210	155	286	246	114
RNH1	3318	175	956	717	463	951	3074	271
HRAS	2094	96	794	443	308	637	1656	159
LRRC56	64	2	24	9	13	11	50	4
LMNTD2	49	6	33	17	12	19	64	8
RASSF7	11	27	4	107	66	135	18	43
PHRF1	363	41	135	209	139	289	274	67
IRF7	524	21	140	68	39	119	489	41
CDHR5	0	2	0	1	3	2	0	0
SCT	225	17	88	55	41	53	447	23
DRD4	1769	81	277	763	420	962	973	180
DEAF1	480	158	142	554	439	715	409	222
EPS8L2	450	17	357	67	26	89	1190	25
TMEM80	2038	43	877	149	93	185	1429	61
TALDO1	16405	487	6507	1736	1197	2391	12926	708
GATD1	2647	56	752	269	188	373	1613	125
CEND1	598	8	308	48	45	94	274	26
SLC25A22	2177	58	619	159	100	215	1598	71
PANO1	123	1	81	17	17	24	162	1
PIDD1	1182	35	325	82	40	134	784	58
RPLP2	174886	4179	60350	14341	10624	24634	125072	6557
PNPLA2	882	31	502	113	59	128	816	34
CRACR2B	971	33	936	114	42	182	1274	43
CD151	6035	192	3409	744	377	880	6624	282
POLR2L	19314	562	5681	2331	1235	2616	13884	773
TSPAN4	3375	110	1337	409	200	355	4072	100
CHID1	6287	210	3034	833	487	901	5826	239
AP2A2	1328	122	241	401	352	464	1126	139
MUC6	0	6	0	12	8	18	0	8
MUC2	0	0	0	0	0	0	0	0
MUC5AC	0	0	0	0	0	0	0	0
MUC5B	0	0	3	0	0	0	2	0
TOLLIP	1203	40	676	170	103	191	1189	56
BRSK2	1060	32	258	66	74	208	486	36
MOB2	1670	43	586	148	128	266	1246	68
DUSP8	0	5	0	33	26	42	1	12
KRTAP5-1	0	0	0	1	0	0	0	0
KRTAP5-2	0	0	0	0	0	0	0	0
KRTAP5-3	0	0	0	0	0	0	0	0
KRTAP5-4	0	0	0	0	0	0	0	0
KRTAP5-5	0	0	0	0	0	0	0	0
KRTAP5-6	0	0	0	0	0	0	0	0
IFITM10	2	5	0	17	8	16	0	4
CTSD	5179	136	2753	454	235	530	5254	168
SYT8	1	0	1	0	0	0	1	0
TNNI2	11	0	4	0	0	1	3	0
LSP1	212	1	14	4	1	3	90	1
PRR33	0	0	0	0	0	0	0	0
TNNT3	12	0	15	6	1	0	41	0
MRPL23	5181	116	2500	447	270	521	5666	150
IGF2	61	1	18	10	2	9	30	3
AC132217.2	0	1	0	0	0	0	0	0
INS	0	0	1	0	0	0	1	0
TH	11	1	7	1	0	4	23	0
ASCL2	66	4	27	34	3	13	130	1
C11orf21	0	0	0	0	0	0	0	0
TSPAN32	3	1	6	3	2	6	3	2
CD81	24444	687	11061	2734	1618	3265	21900	959
TSSC4	4674	104	1451	454	319	570	3446	169
TRPM5	3	0	1	1	0	0	0	0
KCNQ1	10	33	11	108	47	43	14	26
CDKN1C	1513	261	707	637	417	600	2723	224
SLC22A18AS	2	1	0	3	0	1	1	2
SLC22A18	101	10	126	36	20	37	154	8
PHLDA2	124	10	119	28	12	26	240	7
NAP1L4	5516	530	1757	1830	1331	3027	3902	814
CARS	1088	92	413	463	194	422	899	137
OSBPL5	295	31	112	134	139	184	194	45
MRGPRG	0	0	0	0	0	0	0	0
MRGPRE	2	0	0	0	0	0	2	0
ZNF195	2888	142	1204	545	364	818	2512	241
ART5	340	22	195	32	17	58	198	11
ART1	0	1	0	1	1	5	1	0
CHRNA10	53	0	8	5	2	15	21	3
NUP98	2158	174	794	790	534	953	1566	265
PGAP2	2615	90	934	313	212	409	2025	113
RHOG	1962	34	733	175	94	205	1769	68
STIM1	551	80	164	326	250	400	463	113
RRM1	12401	284	2749	1288	835	2050	6802	637
SSU72P5	0	0	0	0	0	0	0	0
SSU72P2	0	0	0	0	0	0	0	0
SSU72P4	0	0	0	0	0	0	0	0
SSU72P3	0	0	0	0	0	0	0	0
SSU72P7	0	0	0	0	0	0	0	0
OR52B4	0	0	0	0	0	0	0	0
TRIM21	314	10	117	33	34	64	301	13
OR52K2	0	0	0	0	0	0	1	0
OR52K1	0	0	0	0	0	1	1	0
OR52M1	0	0	0	0	0	0	0	0
OR52I2	0	0	0	0	0	0	0	0
OR52I1	3	2	0	1	3	5	5	1
TRIM68	285	9	92	27	19	41	216	10
OR51D1	1	0	0	2	1	1	0	2
OR51E1	0	0	0	0	0	0	0	0
OR51E2	0	0	0	0	0	0	0	0
OR51C1P	0	0	0	0	0	0	0	0
MMP26	0	0	0	3	1	0	0	0
OR51F1	0	0	0	0	0	0	0	0
OR52R1	0	0	0	0	0	0	0	0
OR51F2	0	0	0	0	0	0	0	0
OR51S1	0	0	0	0	0	0	0	0
OR51T1	0	0	0	0	0	0	0	0
OR51A7	0	0	0	0	0	0	0	0
OR51G2	0	0	0	0	0	0	0	0
OR51G1	0	0	0	0	0	0	0	0
OR51A4	0	0	0	0	0	0	0	0
OR51A2	0	0	0	0	0	0	0	0
OR51L1	0	0	0	0	0	0	0	0
OR52J3	0	0	0	0	0	0	0	0
OR52E2	0	0	0	0	0	0	0	0
OR52A5	0	0	0	0	0	0	2	0
OR52A1	1	0	3	0	0	2	38	2
OR51V1	1	0	0	0	0	0	0	0
HBB	0	0	0	0	0	0	0	0
HBD	1	0	0	0	0	0	0	0
HBG1	1	0	0	0	0	0	1	0
HBG2	16	1	2	2	0	3	21	0
AC104389.5	116	59	24	183	119	253	62	73
HBE1	5	0	2	0	0	0	52	0
OR51B4	0	0	0	0	0	0	0	0
OR51B5	12	1	6	1	2	3	12	0
OR51B2	1	0	1	0	0	1	1	1
OR51B6	0	0	0	0	0	0	0	0
OR51M1	3	0	1	2	1	2	1	0
OR51Q1	0	0	0	0	0	0	0	0
OR51I1	2	0	1	0	0	1	4	0
OR51I2	2	3	1	3	4	13	1	9
OR52D1	0	0	0	0	0	0	0	0
UBQLN3	1	0	0	0	0	0	0	0
UBQLNL	60	0	14	3	3	8	24	0
OR52H1	18	0	7	0	2	1	10	2
OR52B6	2	0	1	1	0	0	0	0
TRIM6	245	8	132	64	49	129	187	16
TRIM34	2	0	0	23	19	19	2	9
TRIM5	1347	56	588	206	142	230	1093	100
TRIM22	219	18	229	25	7	11	148	13
OR56B1	0	0	0	0	0	0	0	0
OR52N4	1	0	1	0	0	0	0	0
OR52N5	3	0	1	0	1	0	2	0
OR52N1	1	0	1	0	0	1	0	0
OR52N2	0	0	1	0	0	0	0	0
OR52E6	0	0	0	0	0	0	0	0
OR52E8	1	0	0	0	1	0	0	0
OR52E4	2	0	0	0	0	0	0	0
OR52E5	0	0	0	4	0	3	0	1
OR56A3	3	0	0	11	8	4	0	2
OR56A5	0	0	0	0	0	0	0	0
OR52L1	0	0	0	0	0	0	0	0
OR56A4	3	0	0	1	4	2	1	0
OR56A1	16	0	8	6	3	1	8	3
OR56B4	0	0	0	0	0	0	0	0
OR52B2	0	0	0	0	0	0	0	0
OR52W1	0	0	0	0	0	0	0	0
C11orf42	0	4	0	11	6	10	0	3
FAM160A2	729	30	233	111	93	167	534	28
CNGA4	0	6	0	14	8	10	1	2
CCKBR	254	6	1559	102	31	47	128	11
CAVIN3	1019	26	3258	318	105	132	1128	46
SMPD1	297	9	211	62	28	42	415	11
APBB1	1722	50	527	226	205	310	1152	96
HPX	9	2	6	4	2	4	6	3
TRIM3	340	14	181	45	38	60	245	17
ARFIP2	2782	67	1058	290	217	419	2265	108
TIMM10B	2913	65	942	407	225	592	2410	97
DNHD1	149	60	44	346	220	413	136	120
RRP8	1490	36	405	178	101	206	954	55
ILK	5031	213	2290	904	647	1093	4343	273
TAF10	10878	349	4198	1246	795	1567	8898	473
TPP1	1157	28	727	114	99	187	1097	47
DCHS1	1647	22	247	168	137	217	1042	57
MRPL17	7376	142	2420	681	369	780	6664	265
OR2AG2	68	0	12	10	3	7	40	1
OR2AG1	13	0	1	3	0	1	6	0
OR6A2	27	1	5	14	4	6	20	1
OR10A5	0	0	1	0	0	0	0	0
OR10A2	18	0	3	1	1	1	7	0
OR10A4	10	0	1	0	0	0	2	0
OR2D2	3	0	1	0	0	0	2	0
OR2D3	1	0	0	0	0	0	0	0
ZNF215	474	17	123	136	38	68	329	21
ZNF214	571	39	155	136	108	177	566	40
NLRP14	25	4	9	13	12	8	23	3
RBMXL2	4	1	0	1	0	2	3	0
SYT9	53	17	30	204	220	206	52	47
OLFML1	2	0	7	2	0	2	15	0
PPFIBP2	63	13	61	72	22	21	107	14
CYB5R2	537	6	287	54	17	77	665	28
OVCH2	6	0	2	19	1	4	10	14
OR5P2	0	0	0	0	0	1	0	0
OR5P3	0	0	0	0	0	0	0	0
OR10A6	0	0	0	0	0	0	0	0
OR10A3	0	0	0	0	0	0	0	0
NLRP10	0	0	0	0	0	0	0	0
EIF3F	29630	1007	11621	3205	2423	5081	27572	1421
TUB	559	30	158	67	43	112	313	24
RIC3	1758	65	927	366	219	352	1628	77
LMO1	188	3	347	55	4	59	295	2
STK33	3089	676	769	2418	1525	2822	2439	917
TRIM66	166	41	57	93	47	152	118	21
RPL27A	128209	4303	55245	14105	11335	25748	100600	6677
ST5	1459	151	658	651	408	742	1471	188
AKIP1	1884	69	822	234	153	295	1617	114
C11orf16	0	1	2	2	1	3	3	1
ASCL3	0	0	0	0	0	0	0	0
TMEM9B	1478	44	674	219	142	265	1436	83
NRIP3	226	10	412	287	153	217	518	18
SCUBE2	140	17	90	153	164	126	207	15
DENND5A	1531	233	631	980	615	1175	1091	338
TMEM41B	2818	174	1164	780	535	1162	2578	313
IPO7	7416	291	2663	1082	629	1920	5171	462
ZNF143	2321	166	673	592	329	638	1948	186
WEE1	4881	161	2149	739	407	901	3395	219
SWAP70	1753	99	942	406	220	520	1586	148
SBF2	1723	590	481	2046	1539	2679	1164	819
ADM	681	17	290	31	4	25	744	6
AMPD3	47	10	18	53	24	44	57	14
MTRNR2L8	212	283	44	1131	729	1644	141	395
RNF141	2546	87	842	371	200	439	1512	109
LYVE1	1	1	0	3	3	6	0	2
MRVI1	357	12	89	56	52	83	231	16
CTR9	3788	116	1218	428	329	569	2662	172
EIF4G2	28312	736	9950	2888	1830	4193	22656	1111
ZBED5	3354	118	935	450	352	859	2340	218
GALNT18	254	69	93	241	346	321	434	116
CSNK2A3	49	3	16	6	4	5	33	1
USP47	5829	474	1598	1894	1369	2385	3923	699
DKK3	2207	83	586	283	256	290	1898	143
MICAL2	9	0	19	2	5	3	11	0
PARVA	1508	82	552	423	253	488	1492	109
TEAD1	4156	486	1581	2316	1627	2610	3532	818
RASSF10	180	11	33	25	4	12	138	7
ARNTL	192	14	74	46	36	63	144	9
BTBD10	1661	115	679	437	266	566	1206	181
PTH	0	1	0	0	0	1	0	1
FAR1	2035	221	744	870	595	1289	1491	339
SPON1	848	165	292	282	75	257	1203	197
RRAS2	2726	193	1312	876	641	1398	2570	365
COPB1	6618	277	2387	1036	636	1269	5430	369
PSMA1	20187	614	6825	2379	1433	3112	15758	960
PDE3B	1525	236	281	877	662	1582	832	483
CYP2R1	983	52	298	282	197	313	764	75
CALCB	180	63	108	240	95	159	261	76
CALCA	7	0	24	0	0	1	13	2
INSC	6	6	8	20	6	13	14	6
SOX6	2201	670	239	2683	2762	4431	1006	1331
C11orf58	25446	795	9099	3065	1959	4197	19583	1129
PLEKHA7	580	211	173	665	591	1034	373	304
RPS13	213836	6772	74680	23203	16293	38877	175302	11462
PIK3C2A	4022	356	1794	1621	1016	1858	3519	470
NUCB2	6064	302	2822	1131	931	1545	5499	384
NCR3LG1	279	12	16	56	41	178	125	30
KCNJ11	65	3	24	7	2	10	42	2
ABCC8	43	0	7	5	14	35	26	3
USH1C	23	2	10	6	3	9	32	2
OTOG	13	5	5	13	7	15	6	2
MYOD1	1	0	1	0	0	0	3	0
KCNC1	536	10	88	56	80	124	197	30
SERGEF	1128	61	492	352	242	472	790	127
TPH1	85	1	14	15	13	20	45	9
SAAL1	3930	119	1068	417	334	760	2624	225
MRGPRX3	0	0	0	1	0	0	0	0
MRGPRX4	0	0	0	0	0	0	0	0
SAA4	0	0	0	2	0	4	0	0
SAA2	0	0	0	0	0	0	1	0
SAA1	0	0	2	1	0	0	0	1
HPS5	909	72	339	264	195	364	702	89
GTF2H1	1450	77	595	379	236	468	1088	122
LDHA	70680	1146	16207	6183	2898	7441	107661	2886
LDHC	20	1	5	1	1	2	26	3
LDHAL6A	11	0	2	13	5	20	3	9
TSG101	5252	234	1981	898	604	1123	4747	311
UEVLD	390	56	138	175	142	188	347	72
SPTY2D1OS	245	27	65	107	81	150	188	45
SPTY2D1	1332	75	564	290	154	316	1405	82
TMEM86A	90	4	58	6	9	14	78	0
IGSF22	14	3	6	6	7	10	13	1
PTPN5	138	10	137	44	31	99	128	19
MRGPRX1	0	0	0	0	0	0	0	0
MRGPRX2	0	0	0	1	0	0	0	0
ZDHHC13	1268	86	458	263	233	463	978	95
CSRP3	0	1	0	0	0	1	5	0
E2F8	650	30	116	71	61	115	437	33
NAV2	1443	372	472	974	1365	1379	1943	468
DBX1	1	1	0	3	0	1	3	0
HTATIP2	1025	31	442	101	34	47	1289	15
PRMT3	1489	107	456	288	187	443	1127	127
SLC6A5	1	0	0	0	0	1	0	0
NELL1	22	3	3	7	17	14	18	7
ANO5	360	95	299	295	167	342	234	92
SLC17A6	15	3	3	5	3	12	23	2
FANCF	3111	72	809	239	226	453	2384	120
GAS2	203	42	47	103	109	178	211	50
SVIP	3233	119	851	376	256	586	2478	179
CCDC179	0	0	0	0	0	1	0	0
LUZP2	38	7	251	41	7	59	56	19
ANO3	125	19	38	17	16	25	214	31
MUC15	0	0	6	0	0	0	2	0
SLC5A12	299	4	28	137	159	6	161	5
FIBIN	12	1	10	4	2	0	18	0
BBOX1	1	9	0	142	67	10	2	5
CCDC34	8699	278	2350	983	660	1504	6241	436
LGR4	906	99	1686	543	196	262	910	80
LIN7C	1870	94	931	343	210	525	1693	118
BDNF	39	2	142	25	8	14	56	6
KIF18A	2490	148	705	558	429	947	1512	260
METTL15	858	277	357	1134	709	1368	735	390
KCNA4	8	2	3	1	1	2	5	2
FSHB	0	0	0	1	0	1	0	0
ARL14EP	4031	161	1249	600	449	858	2700	199
MPPED2	2011	145	383	599	574	2516	510	403
DCDC1	442	149	68	552	474	876	249	265
DNAJC24	2648	159	888	617	364	841	1600	252
IMMP1L	7665	482	2288	1776	1134	2090	5452	597
ELP4	3705	566	1072	2170	1152	2375	2362	701
PAX6	13766	442	4927	2298	1558	2516	8206	594
RCN1	19403	882	6635	3426	1791	3886	14519	1147
WT1	0	0	1	0	0	0	2	0
EIF3M	19597	601	6402	2374	1506	3497	15836	990
CCDC73	1	2	1	19	8	17	2	6
PRRG4	36	4	42	20	5	9	50	3
QSER1	4665	310	1753	1144	673	1484	3431	442
DEPDC7	100	5	34	14	2	12	120	4
TCP11L1	315	46	94	154	140	254	254	78
CSTF3	5005	252	1608	750	567	1363	3904	370
HIPK3	527	108	225	351	312	437	520	118
KIAA1549L	584	71	23	239	336	643	255	120
C11orf91	18	0	12	16	3	6	37	5
CD59	3694	188	1766	799	541	991	3788	270
FBXO3	1989	79	737	275	253	443	1513	131
LMO2	1217	23	882	58	147	311	355	59
CAPRIN1	12327	465	4154	1750	1239	3028	8846	767
NAT10	2101	49	586	272	136	285	1434	95
ABTB2	79	12	41	47	52	58	35	20
CAT	2469	84	474	285	236	426	27	68
ELF5	1	0	0	0	0	2	2	0
EHF	1	0	1	1	1	0	3	0
APIP	2901	148	810	406	376	906	2024	204
PDHX	1548	113	655	456	316	568	1460	196
CD44	52	0	17	4	3	5	139	1
SLC1A2	148	18	64	72	58	303	102	41
PAMR1	130	20	1144	113	30	197	160	31
FJX1	6073	166	1610	657	435	642	8384	224
TRIM44	8753	377	3120	1406	968	2144	7062	480
LDLRAD3	1118	319	466	1066	742	1316	1265	432
COMMD9	2895	82	1068	340	304	490	2315	132
PRR5L	124	32	102	88	35	83	117	27
TRAF6	566	41	212	184	154	223	432	55
RAG1	24	2	9	5	7	9	15	3
RAG2	2	4	0	3	16	9	1	8
C11orf74	5047	193	1345	657	589	906	4621	279
LRRC4C	1097	487	175	7357	2799	1393	740	494
API5	5210	268	1790	1079	708	1420	3711	336
TTC17	3635	486	1127	1683	1246	2336	3192	637
HSD17B12	7756	236	3073	938	365	1053	6118	241
ALKBH3	470	55	314	168	138	239	765	79
C11orf96	398	12	140	47	21	26	1143	9
ACCSL	1	0	0	1	0	0	0	0
ACCS	71	6	47	12	17	13	126	9
EXT2	2250	120	885	532	317	519	1887	155
ALX4	7	2	0	3	1	2	22	0
CD82	3421	83	653	427	136	508	1519	124
TSPAN18	5607	227	1034	1067	680	1617	3456	358
TP53I11	2333	51	1221	270	231	590	1272	120
PRDM11	177	13	47	62	43	81	152	19
SYT13	147	8	89	21	19	56	181	11
CHST1	69	3	45	4	12	23	34	0
SLC35C1	476	8	180	32	25	49	413	15
CRY2	354	33	126	89	60	79	349	21
MAPK8IP1	1438	29	422	104	110	164	900	48
C11orf94	5	0	1	0	0	0	3	0
PEX16	1502	48	554	165	112	208	1186	62
LARGE2	311	15	241	27	20	77	233	27
PHF21A	1808	360	632	1316	1107	1837	1412	528
CREB3L1	75	10	121	45	21	20	225	3
DGKZ	1844	45	645	149	108	271	1418	46
MDK	84686	3469	39326	9351	4242	9069	77264	2998
CHRM4	0	0	0	0	0	0	0	0
AMBRA1	364	204	160	800	577	968	323	266
HARBI1	381	8	134	42	21	43	293	17
ATG13	1015	80	490	298	220	381	898	94
ARHGAP1	821	35	297	115	81	163	661	34
ZNF408	607	13	195	62	50	86	501	32
F2	3	2	2	4	11	3	5	4
CKAP5	6187	410	2011	1374	951	1986	4084	616
LRP4	902	178	271	750	422	786	883	207
C11orf49	4922	632	1249	2551	1951	3508	4109	967
ARFGAP2	3880	88	998	317	235	534	2762	129
PACSIN3	1629	36	591	103	56	175	1360	51
DDB2	3117	233	1209	442	183	644	2259	341
ACP2	1485	36	486	160	122	195	1346	48
NR1H3	450	35	191	74	50	103	379	31
MADD	667	35	269	82	89	191	399	50
MYBPC3	3	1	0	4	1	0	4	0
SPI1	5	0	3	2	3	3	9	0
SLC39A13	879	26	478	113	63	129	1023	38
PSMC3	15094	309	4873	1345	747	2163	11192	629
RAPSN	2	0	2	1	0	0	2	5
CELF1	7330	374	3122	1500	1005	2216	5371	583
NDUFS3	13720	326	4262	1345	847	1870	10411	521
PTPMT1	2518	65	842	242	233	557	2287	101
KBTBD4	1776	38	441	155	142	293	1200	87
FAM180B	0	0	0	1	0	0	1	0
C1QTNF4	2199	91	876	265	283	382	2211	90
MTCH2	10105	253	3935	1117	672	1476	8461	424
AGBL2	40	4	22	13	17	26	74	5
FNBP4	6488	292	2200	1039	781	1662	4520	458
NUP160	3421	261	936	876	603	1400	2207	338
PTPRJ	343	149	278	788	367	605	373	198
OR4B1	0	0	0	0	0	0	0	0
OR4X2	0	0	0	0	0	0	0	0
OR4X1	0	0	0	0	0	0	0	0
OR4S1	0	0	0	0	0	0	0	0
OR4C3	0	0	0	0	0	0	0	0
OR4C5	0	0	0	0	0	0	0	0
OR4A47	0	0	0	0	0	0	0	0
TRIM51GP	0	0	0	0	0	0	0	0
TRIM49B	0	0	1	0	0	0	0	0
TRIM64C	0	0	0	0	0	0	0	0
FOLH1	160	0	0	0	0	26	5	0
OR4C13	0	0	0	0	0	0	0	0
OR4C12	0	0	0	0	0	0	0	0
OR4C46	0	0	0	0	0	0	0	0
OR4A5	0	0	0	0	0	0	0	0
TRIM48	0	0	0	0	0	0	0	0
OR4A16	0	0	0	0	0	0	0	0
OR4A15	0	0	0	0	0	0	0	0
OR4C15	0	0	0	0	0	0	0	0
OR4C16	0	0	0	0	0	0	0	0
OR4C11	0	0	0	0	0	0	0	0
OR4P4	1	0	0	0	0	0	0	0
OR4S2	0	0	0	0	0	0	0	0
OR4C6	0	0	0	0	0	0	0	0
OR5D3P	0	0	0	0	0	0	0	0
OR5D13	0	0	0	0	0	0	0	0
OR5D14	0	0	0	0	0	0	0	0
OR5L1	0	0	0	0	0	0	0	0
OR5D18	0	0	0	0	0	0	0	0
OR5L2	0	0	0	0	0	0	0	0
OR5D16	0	0	0	0	0	0	0	0
TRIM51	0	0	0	0	0	0	0	0
OR5W2	0	0	0	0	0	0	0	0
OR5I1	0	0	0	0	0	0	0	0
OR10AG1	1	0	2	2	0	0	1	0
OR5F1	0	0	0	0	0	0	0	0
OR5AS1	0	0	0	1	0	0	1	0
OR8I2	0	0	0	0	0	0	0	0
OR8H2	0	0	0	0	0	0	0	0
OR8H3	0	0	0	0	0	0	0	0
OR8J3	0	0	0	0	0	0	0	0
OR8K5	0	0	0	0	0	0	0	0
OR5J2	0	0	0	0	0	0	0	0
OR5T2	0	0	0	0	0	0	0	0
OR5T3	0	0	0	0	0	0	0	0
OR5T1	0	0	0	0	0	0	0	0
OR8H1	0	0	0	0	0	0	0	0
OR8K3	0	0	0	0	0	0	0	0
OR8K1	0	0	0	0	0	0	0	0
OR8J1	0	0	0	1	0	1	0	0
OR8U1	0	0	0	0	0	0	0	0
OR5R1	0	0	0	0	0	0	0	0
OR5M9	0	0	0	0	0	0	0	0
OR5M3	0	0	0	0	0	0	0	0
OR5M8	0	0	0	0	0	0	0	0
OR5M11	0	0	0	0	0	0	0	0
OR5M10	0	0	0	0	0	0	0	0
OR5M1	0	0	0	0	0	0	0	0
OR5AP2	0	0	0	0	0	0	0	0
OR5AR1	0	0	0	0	0	0	0	0
OR9G1	0	0	0	0	0	0	0	0
OR9G4	0	0	0	0	0	0	0	0
OR5AK2	0	0	0	0	0	0	0	0
LRRC55	168	3	43	14	8	30	78	4
APLNR	37	1	17	11	2	6	184	0
TNKS1BP1	1460	50	426	194	110	275	1165	76
SSRP1	16836	356	4562	1114	693	1781	11407	564
P2RX3	10	0	11	5	9	18	21	2
PRG3	0	0	0	0	0	0	0	0
PRG2	0	0	0	0	1	2	0	0
SLC43A3	1139	34	182	51	46	128	661	29
RTN4RL2	204	3	124	15	24	42	197	7
SLC43A1	65	7	39	5	3	14	79	7
TIMM10	5851	156	1870	444	279	654	4490	182
SMTNL1	12	1	20	6	4	19	17	6
UBE2L6	5492	170	1799	413	441	891	3467	233
SERPING1	3338	118	1046	339	229	511	3285	148
YPEL4	15	5	9	3	5	10	41	0
CLP1	1277	45	469	242	142	236	1063	129
ZDHHC5	968	53	442	223	145	333	746	65
MED19	4549	153	1372	576	380	856	3476	213
TMX2	4588	174	1523	508	359	780	3960	202
SELENOH	33919	906	10038	3648	2772	5238	26152	1357
BTBD18	8	2	2	15	12	23	6	8
CTNND1	3173	356	1413	1668	1043	2079	2540	456
OR9Q1	0	2	0	1	4	0	0	0
OR6Q1	0	0	0	0	0	0	0	0
OR9I1	0	0	0	0	0	0	0	0
OR9Q2	0	0	0	0	0	0	0	1
OR1S2	0	0	0	0	0	0	0	0
OR1S1	0	0	0	0	0	0	0	0
OR10Q1	0	0	0	0	0	0	0	0
OR10W1	0	0	0	0	0	0	0	0
OR5B17	0	0	0	0	0	0	0	0
OR5B3	0	0	0	0	0	0	0	0
OR5B2	0	0	0	0	1	1	1	0
OR5B12	0	0	0	0	0	0	1	0
OR5B21	0	0	0	0	0	0	0	0
LPXN	86	31	26	66	69	179	80	30
ZFP91	1835	131	626	503	355	910	1100	225
CNTF	4	2	3	1	1	3	5	0
GLYAT	1	0	0	3	1	4	4	0
GLYATL2	101	108	12	348	418	1081	54	235
GLYATL1	168	20	120	42	59	142	103	33
GLYATL1B	0	0	0	0	3	1	0	0
FAM111B	2473	85	570	345	234	507	1584	164
FAM111A	1899	63	638	212	161	432	1434	105
DTX4	1534	79	469	327	320	545	854	90
MPEG1	1	0	0	0	1	0	0	1
OR5AN1	0	0	0	0	0	0	0	0
OR5A2	0	0	1	0	0	1	1	0
OR5A1	15	0	11	0	2	5	4	0
OR4D6	0	0	0	0	0	0	0	0
OR4D10	0	0	1	1	1	0	0	0
OR4D11	0	0	0	0	0	0	0	0
OR4D9	3	1	1	6	3	7	3	1
OSBP	1832	74	757	369	245	427	1553	101
PATL1	1287	65	434	246	122	289	942	73
OR10V1	0	0	0	0	0	0	0	0
STX3	757	50	1039	193	125	183	1526	50
MRPL16	5288	195	1895	527	398	953	3856	228
CBLIF	0	0	1	4	4	3	0	1
TCN1	0	0	0	1	0	1	5	1
OOSP3	1	0	1	1	3	2	2	1
OOSP1	1	2	0	2	1	0	0	0
OOSP4A	0	0	0	1	0	0	0	0
OOSP4B	1	0	0	0	0	0	0	0
OOSP2	0	0	0	1	0	0	0	0
MS4A3	0	0	0	0	0	1	0	0
MS4A2	0	0	1	1	0	0	1	0
MS4A6A	6	8	5	3	2	1	247	0
MS4A4A	0	2	0	2	2	0	15	0
MS4A4E	0	0	0	2	0	2	0	1
MS4A6E	2	3	1	1	1	2	13	0
MS4A7	1	1	1	0	0	0	3	0
MS4A14	0	0	0	0	0	0	0	0
MS4A5	1	1	0	0	1	2	0	0
MS4A1	0	0	0	0	0	0	0	0
MS4A12	1	0	1	0	0	0	0	0
MS4A13	0	0	0	1	0	0	0	0
MS4A8	15	3	6	12	12	1	84	2
MS4A18	0	1	0	1	1	0	0	0
MS4A15	0	2	1	3	1	0	4	1
MS4A10	1	0	0	1	0	1	0	0
CCDC86	1556	28	613	130	45	139	1211	52
PTGDR2	3	0	0	0	0	1	2	0
ZP1	0	0	1	0	0	0	0	0
PRPF19	4382	101	1238	383	243	686	3415	185
TMEM109	2713	48	684	198	98	246	2645	69
TMEM132A	4551	102	1293	306	278	459	4038	129
SLC15A3	48	2	43	7	3	10	94	4
CD6	2	0	2	3	0	0	1	0
CD5	1	0	0	1	1	5	0	1
VPS37C	560	18	201	88	65	129	460	43
PGA3	0	0	0	0	1	1	0	0
PGA4	0	0	0	0	0	0	0	0
PGA5	30	0	9	1	0	2	28	0
VWCE	365	15	107	44	25	113	113	30
DDB1	6212	171	1973	694	438	861	4601	244
TKFC	1293	39	441	84	46	117	1004	57
CYB561A3	1001	21	235	72	84	142	789	32
TMEM138	2414	66	729	245	122	324	1859	99
TMEM216	2598	87	1082	342	237	572	2533	121
CPSF7	3003	128	941	463	326	689	2148	169
SDHAF2	3432	117	1007	432	330	694	2584	166
PPP1R32	85	11	24	33	21	30	112	11
LRRC10B	1034	41	103	82	54	77	902	38
SYT7	242	5	167	27	15	36	161	6
DAGLA	154	8	31	16	28	40	115	17
MYRF	180	4	40	24	26	51	129	14
TMEM258	29808	637	9416	2515	1782	3624	24036	972
FEN1	8765	143	2398	829	431	1178	5920	274
FADS2	6785	278	1546	926	693	1375	4775	404
FADS1	20255	418	5233	1626	1194	3000	13216	689
FADS3	810	11	444	73	67	134	551	32
RAB3IL1	165	3	112	13	9	16	254	2
BEST1	61	2	36	14	12	20	81	7
FTH1	201164	5662	74321	23058	16562	30723	161045	8971
INCENP	1899	71	657	214	108	415	1347	133
SCGB1D1	0	0	0	0	0	0	0	0
SCGB2A1	1	0	0	0	0	1	0	0
SCGB1D2	1	0	3	0	0	0	1	0
SCGB2A2	0	0	0	0	0	0	0	0
SCGB1D4	0	0	2	0	0	0	0	0
ASRGL1	6069	141	1541	663	635	916	4429	288
SCGB1A1	2	1	0	0	1	0	4	3
AHNAK	654	84	153	244	84	162	1766	41
EEF1G	162	3832	73	13071	10554	22731	142	5716
TUT1	803	36	246	83	91	149	642	42
MTA2	1738	35	558	140	96	383	1208	95
EML3	364	12	143	29	25	37	389	9
ROM1	167	8	64	20	30	47	191	10
B3GAT3	3777	147	1396	445	220	548	3668	152
GANAB	6243	156	2350	668	416	867	5497	219
INTS5	1161	24	377	66	56	159	965	29
C11orf98	222	28	60	106	70	128	165	41
LBHD1	35	3	15	6	8	20	26	4
CSKMT	1682	32	227	128	79	171	1150	63
UQCC3	7905	227	2386	765	445	983	6686	278
UBXN1	14544	490	5698	1559	1265	2749	12426	725
LRRN4CL	5	0	1	2	0	2	10	2
BSCL2	220	289	81	955	675	1032	301	311
GNG3	980	23	311	78	118	305	649	52
HNRNPUL2	2254	169	810	607	437	1179	1647	259
TTC9C	2324	97	838	272	201	506	2082	139
ZBTB3	343	8	151	19	22	42	286	13
POLR2G	10732	332	3320	1182	782	1641	9452	495
TAF6L	1254	34	448	154	136	240	904	61
TMEM223	4782	142	1674	541	379	761	4488	190
TMEM179B	3638	162	1496	471	383	650	3981	167
NXF1	1166	25	331	101	57	120	904	68
STX5	1871	105	850	344	255	464	1832	140
TEX54	0	0	1	0	0	2	0	0
WDR74	3005	68	989	271	171	499	2704	154
SLC3A2	10135	367	4349	1841	718	1631	12411	391
CHRM1	0	0	0	1	0	0	0	0
SLC22A6	1	1	0	1	1	1	5	0
SLC22A8	0	0	0	0	0	0	0	0
SLC22A24	0	3	0	1	0	1	0	0
SLC22A10	0	0	1	2	5	4	1	0
SLC22A25	0	0	0	0	1	0	0	0
SLC22A9	2	0	1	0	0	0	3	0
PLAAT5	104	0	38	10	9	19	80	6
LGALS12	13	2	7	0	1	2	6	0
PLAAT4	11	2	24	1	0	0	24	0
PLAAT2	2	0	5	0	0	0	6	0
PLAAT3	2176	41	3164	133	92	183	2530	54
ATL3	944	47	349	130	93	157	917	58
RTN3	16507	648	6065	2445	1913	5066	11828	1139
C11orf95	1925	85	610	173	157	399	1318	86
SPINDOC	2463	86	874	278	192	395	1896	101
MARK2	2567	90	844	295	216	384	1813	130
RCOR2	5552	96	1618	290	242	594	4929	193
NAA40	1734	47	649	213	141	383	1140	86
COX8A	35736	815	12046	3198	1974	3838	26258	1203
OTUB1	8262	231	2591	899	557	1208	6642	349
MACROD1	2198	96	889	273	213	521	1713	143
FLRT1	125	6	20	13	7	10	193	3
STIP1	12655	303	4193	1257	723	1663	10060	460
FERMT3	22	2	14	9	6	15	16	5
TRPT1	2144	72	929	278	207	360	1759	103
NUDT22	2097	65	906	192	126	283	2328	82
DNAJC4	2263	113	658	336	292	394	2832	90
VEGFB	3123	124	2172	427	322	702	4390	180
FKBP2	864	47	345	196	114	218	892	60
AP001453.3	2	1	5	2	1	3	6	0
PPP1R14B	26822	971	7427	3565	2307	5525	24016	1648
PLCB3	996	18	331	63	43	106	740	22
BAD	5551	205	2080	910	465	870	5289	286
GPR137	1427	44	556	145	159	247	1444	72
KCNK4	4	0	1	1	0	3	1	0
CATSPERZ	8	0	11	3	0	3	22	0
ESRRA	700	10	368	67	32	107	543	35
TRMT112	24487	789	9085	2883	1649	3440	21503	1042
PRDX5	29154	945	11674	3868	2247	4217	25624	1206
CCDC88B	130	5	81	24	12	19	164	9
RPS6KA4	274	10	200	32	19	30	336	11
SLC22A11	5	0	0	0	1	2	9	1
SLC22A12	0	0	0	0	0	0	0	0
NRXN2	1140	26	245	113	173	306	912	53
RASGRP2	153	6	264	60	26	32	591	12
PYGM	72	4	87	31	9	14	541	17
SF1	16134	378	3738	1527	1375	2990	8920	620
MAP4K2	575	20	242	58	44	94	536	29
MEN1	1725	36	676	115	80	217	1306	48
CDC42BPG	71	3	80	14	8	14	88	7
EHD1	1162	34	422	146	109	199	1038	56
ATG2A	550	11	196	41	35	68	367	24
PPP2R5B	302	15	185	42	50	50	468	18
GPHA2	54	0	44	1	1	9	41	0
MAJIN	6	0	1	1	0	2	5	0
BATF2	16	0	12	2	2	1	20	1
ARL2	19395	505	7659	2259	1153	2240	15038	753
SNX15	19	43	13	130	125	290	14	69
SAC3D1	4916	112	1337	424	346	820	3311	276
NAALADL1	107	10	91	18	11	52	379	7
CDCA5	4184	97	1149	324	258	578	2545	153
ZFPL1	2487	75	842	264	182	355	2317	95
TMEM262	9	1	0	0	3	3	15	0
VPS51	4005	120	1508	404	312	657	3316	172
TM7SF2	5228	182	2711	920	545	794	5779	217
ZNHIT2	999	32	395	121	55	160	1216	30
FAU	122469	2958	43187	10174	8001	15635	102142	4403
SYVN1	901	50	302	191	109	262	691	73
MRPL49	2544	63	956	211	131	423	2273	102
SPDYC	12	0	12	0	0	1	10	0
CAPN1	1882	37	1107	211	101	284	2168	73
POLA2	2211	67	669	304	165	316	1581	106
CDC42EP2	1	9	0	39	19	45	3	15
DPF2	3975	133	1265	483	345	625	3140	201
TIGD3	286	4	43	32	35	42	195	20
SLC25A45	6	0	9	0	1	0	8	0
FRMD8	483	14	173	56	38	88	379	13
SCYL1	1970	50	763	229	143	254	1795	68
LTBP3	581	22	205	55	55	103	821	24
ZNRD2	3777	99	1365	312	220	458	3341	155
FAM89B	5180	123	1501	427	418	781	3356	235
EHBP1L1	173	6	73	26	17	24	249	7
KCNK7	13	0	11	0	0	1	7	1
MAP3K11	1781	37	684	150	89	196	1341	60
PCNX3	872	18	300	85	54	117	606	29
SIPA1	704	20	280	62	40	73	893	16
RELA	1362	29	386	155	95	182	981	31
KAT5	2515	60	731	235	178	378	1938	112
RNASEH2C	10475	261	3523	962	702	1413	8213	420
AP5B1	597	16	333	82	35	69	459	24
OVOL1	16	1	22	1	1	0	25	2
CFL1	103213	2431	33789	10631	7228	14918	74328	4454
SNX32	173	19	112	93	45	127	174	59
MUS81	1485	45	510	199	164	285	1263	65
EFEMP2	640	11	715	104	81	110	604	16
CTSW	0	0	0	0	0	0	1	0
FIBP	10647	272	3891	1057	738	1303	8052	333
CCDC85B	8401	215	2622	858	479	892	6609	249
FOSL1	96	4	82	17	3	8	47	10
C11orf68	1839	45	777	178	150	293	1774	89
DRAP1	17293	491	6354	1902	1269	2555	14924	775
TSGA10IP	266	3	88	67	48	31	308	11
SART1	3214	71	822	268	176	383	2330	114
EIF1AD	806	26	313	117	67	169	736	52
BANF1	23545	892	6601	3415	2320	4642	17264	1440
CST6	11	0	47	1	1	4	42	2
CATSPER1	0	1	0	0	0	0	0	0
GAL3ST3	977	18	393	93	50	137	777	38
SF3B2	17951	526	5143	2042	1201	2745	13619	800
PACS1	1034	205	381	1030	627	948	923	290
KLC2	1649	43	538	156	123	200	1164	75
RAB1B	2354	57	997	211	158	336	1560	94
CNIH2	5516	127	828	456	527	755	3629	209
YIF1A	5865	163	2347	629	426	755	6123	234
TMEM151A	7	0	9	0	1	0	11	0
CD248	58	6	48	8	3	8	126	5
RIN1	94	2	61	13	6	14	156	2
BRMS1	3192	72	1106	281	177	387	2408	118
B4GAT1	3523	83	1173	347	252	444	3040	149
SLC29A2	1327	27	298	171	63	164	1000	42
NPAS4	9	1	1	2	0	1	13	0
MRPL11	18535	425	5920	1758	1050	2304	13308	676
PELI3	392	15	188	50	47	58	361	15
DPP3	2970	75	1105	206	131	261	2512	82
BBS1	270	104	69	323	228	400	202	103
ZDHHC24	877	47	438	157	118	173	993	47
ACTN3	157	18	448	43	7	12	799	13
CTSF	109	21	20	2	86	119	151	3
CCDC87	15	1	2	2	3	3	17	0
CCS	3556	148	1839	587	354	606	3593	210
RBM14	2963	82	842	267	186	440	1995	139
RBM4	5021	509	1318	1802	1485	3209	3945	801
RBM4B	2844	93	871	401	319	557	2346	168
SPTBN2	871	31	165	70	72	182	464	49
C11orf80	534	143	187	444	386	642	468	202
RCE1	1711	42	773	155	68	197	1452	42
PC	694	41	178	92	55	125	463	35
LRFN4	1519	22	391	74	88	146	1017	27
C11orf86	5	0	1	1	1	0	5	0
SYT12	26	1	16	5	4	4	25	2
RHOD	685	23	246	166	29	57	1089	27
KDM2A	2645	243	941	1101	792	1224	2280	407
GRK2	1928	40	593	117	86	197	1564	42
ANKRD13D	2059	70	711	218	181	338	1551	87
SSH3	307	10	157	24	24	40	333	19
RAD9A	1320	100	315	420	323	482	1003	140
POLD4	49	36	48	128	55	103	66	43
CLCF1	39	5	38	20	10	25	22	7
PPP1CA	16030	353	5935	1383	718	1654	11978	571
TBC1D10C	56	2	32	7	1	4	63	3
CARNS1	8	1	8	1	1	2	18	0
RPS6KB2	2908	79	1087	261	160	331	2497	116
CORO1B	3956	112	2175	491	286	567	3797	170
PTPRCAP	0	0	0	0	0	0	0	0
GPR152	0	0	0	0	0	0	1	0
CABP4	3	0	2	0	4	2	7	1
TMEM134	3778	153	2030	544	376	622	4339	159
AIP	3039	116	1290	342	204	419	2984	160
PITPNM1	1237	37	511	128	85	170	946	48
CDK2AP2	4045	105	1451	404	195	452	3759	166
CABP2	1	0	3	0	1	1	1	0
GSTP1	153589	5390	69581	15320	9797	19157	131834	5949
NDUFV1	6962	211	2467	676	508	1093	5848	340
NUDT8	1039	39	422	88	60	131	813	39
TBX10	2	3	0	30	9	7	0	3
ACY3	4	0	5	1	0	0	1	0
ALDH3B2	0	0	1	0	0	0	0	0
UNC93B1	395	9	171	44	42	35	448	14
ALDH3B1	23	0	4	7	11	7	26	4
NDUFS8	20917	708	7543	2473	1510	2952	18432	933
TCIRG1	228	6	97	20	11	13	391	6
CHKA	3036	350	1024	1151	809	1269	3549	381
KMT5B	4902	324	1528	1158	896	1673	4291	463
C11orf24	1650	34	672	123	78	114	1178	63
LRP5	1168	64	362	169	198	390	656	104
PPP6R3	2427	406	973	1576	1100	2192	1731	636
GAL	4411	26	862	90	84	137	6948	32
TESMIN	435	13	209	26	47	70	548	19
CPT1A	143	19	62	19	23	53	91	11
MRPL21	9241	199	3350	943	760	1466	8296	423
IGHMBP2	687	25	202	83	57	124	476	46
MRGPRD	0	0	0	0	0	0	0	0
MRGPRF	85	0	55	12	8	6	144	1
TPCN2	161	12	53	62	58	67	100	23
SMIM38	0	0	1	1	1	1	1	1
MYEOV	1	1	1	2	1	1	6	1
CCND1	19630	826	6435	1877	836	2240	18541	1009
LTO1	733	46	277	153	106	198	593	58
FGF19	525	48	216	37	7	26	1171	17
FGF4	118	1	74	6	2	15	233	4
FGF3	52	0	603	4	1	30	320	2
ANO1	13	5	12	8	2	0	9	1
FADD	1729	52	702	134	80	194	1493	56
PPFIA1	3391	207	1499	732	490	921	2926	244
CTTN	4572	166	2499	584	308	763	4067	190
SHANK2	220	55	123	244	253	362	224	155
DHCR7	5551	99	1021	438	237	472	4518	206
NADSYN1	386	33	267	113	75	128	429	30
KRTAP5-7	2	0	2	0	0	0	3	0
KRTAP5-8	1	0	0	0	0	0	2	0
KRTAP5-9	4	0	1	0	0	1	1	0
KRTAP5-10	6	1	0	1	0	1	1	0
KRTAP5-11	2	1	0	15	2	5	2	5
FAM86C1	464	18	143	43	38	66	269	26
ZNF705E	16	0	2	0	1	1	8	0
DEFB108B	0	0	0	0	0	0	0	0
AP002495.1	630	76	155	307	210	485	306	89
DEFB131B	0	3	0	4	7	14	0	2
RNF121	1522	100	493	399	270	511	1134	156
IL18BP	114	3	43	20	16	30	103	8
NUMA1	4288	168	1379	503	464	1017	3400	242
LRTOMT	787	27	199	88	97	181	590	41
LAMTOR1	13059	358	6045	1398	790	1685	10865	509
AP000812.4	0	0	0	0	0	0	0	0
ANAPC15	8004	185	2973	693	450	997	5169	286
FOLR3	0	0	2	0	0	0	0	0
FOLR1	193	26	281	86	30	24	809	13
FOLR2	2	2	1	1	0	0	5	0
INPPL1	1597	35	548	118	115	233	1163	42
PHOX2A	67	2	12	3	1	2	225	1
CLPB	1312	40	363	156	90	218	897	75
PDE2A	105	4	21	26	48	20	100	16
ARAP1	359	13	166	65	40	59	383	21
STARD10	992	46	506	125	134	149	1264	38
ATG16L2	401	36	155	113	113	165	358	45
FCHSD2	1129	457	353	1665	1337	2277	805	714
P2RY2	21	0	6	5	1	3	12	0
P2RY6	5	1	2	5	1	0	6	2
ARHGEF17	949	49	310	193	148	234	761	69
RELT	544	14	155	39	37	80	348	13
FAM168A	996	233	308	954	759	1350	626	397
PLEKHB1	1794	31	646	136	67	136	954	58
RAB6A	2559	181	1076	753	585	877	2047	265
MRPL48	3933	129	1285	440	247	558	2878	225
COA4	11598	257	3941	1135	690	1419	9148	386
PAAF1	2859	100	1043	436	302	593	2647	124
DNAJB13	60	4	8	18	18	9	53	2
UCP2	6854	181	3166	461	390	677	2686	238
UCP3	74	4	16	10	8	16	42	5
C2CD3	842	122	163	396	320	515	501	179
PPME1	2713	147	968	617	385	751	2420	239
P4HA3	109	23	47	95	70	116	156	38
PGM2L1	1479	55	634	291	236	431	1273	106
KCNE3	28	4	28	9	5	11	42	1
LIPT2	1184	18	363	67	64	167	1174	41
POLD3	7359	221	1634	909	627	1494	4728	380
CHRDL2	40	0	6	8	2	4	22	0
RNF169	2659	191	608	693	538	897	1855	287
XRRA1	1308	67	336	296	341	461	878	142
SPCS2	10637	732	3120	2977	2176	4342	7682	1062
NEU3	373	18	139	77	68	118	279	34
OR2AT4	0	0	1	1	0	0	0	2
SLCO2B1	1	3	0	2	6	1	1	1
TPBGL	27	1	5	2	2	0	25	1
ARRB1	372	14	241	47	31	43	341	16
RPS3	348825	10238	131121	29521	22554	55879	279245	15497
KLHL35	194	5	44	25	14	34	275	16
GDPD5	102	5	46	36	17	25	112	14
SERPINH1	8964	194	5015	1083	282	875	10185	229
MAP6	4380	176	702	989	602	984	2767	277
MOGAT2	0	0	0	1	0	0	1	0
DGAT2	260	1	149	34	12	26	216	8
UVRAG	1748	349	604	1067	801	982	1370	407
WNT11	11	1	3	8	1	1	23	3
THAP12	3435	129	899	576	415	947	2461	230
GVQW3	1235	33	351	155	136	260	1053	63
EMSY	1690	222	553	749	489	992	1284	308
LRRC32	20	0	11	4	0	1	28	2
TSKU	1009	16	248	84	71	145	723	33
ACER3	1267	150	486	597	508	882	909	248
B3GNT6	3	0	1	1	0	0	3	0
CAPN5	212	7	109	50	33	32	178	10
OMP	0	0	0	0	0	0	0	0
MYO7A	9	3	29	3	5	9	14	0
GDPD4	0	1	1	0	0	0	0	0
PAK1	3514	220	1501	684	667	1435	2764	326
CLNS1A	19696	504	5620	1822	1611	3105	13651	831
AQP11	299	22	84	70	77	151	302	35
RSF1	15210	590	4854	2442	1846	3728	11048	992
AAMDC	2594	119	1194	533	459	703	2394	203
INTS4	1131	85	366	279	200	416	861	119
KCTD14	296	9	133	17	23	40	357	14
THRSP	5	2	1	4	3	8	2	0
NDUFC2	24937	1019	8867	4361	2633	4847	19783	1404
ALG8	4341	175	1264	705	456	1155	3008	281
KCTD21	66	2	21	22	11	19	53	7
USP35	114	3	42	20	23	34	107	6
GAB2	246	166	109	570	350	1068	197	258
NARS2	1866	168	668	605	355	751	1298	266
TENM4	1221	573	189	1707	2864	4297	723	909
FAM181B	3395	174	237	753	214	192	10930	156
PRCP	2852	151	843	514	369	590	3904	182
DDIAS	1114	42	266	135	85	243	686	55
RAB30	424	48	190	129	133	220	341	70
PCF11	3258	97	844	400	298	695	2263	232
ANKRD42	396	23	115	94	74	121	339	24
CCDC90B	6094	307	2845	989	656	1414	5966	317
DLG2	287	560	130	2064	1864	6489	247	1311
TMEM126B	6063	153	2572	650	415	835	4981	238
TMEM126A	6328	169	1833	689	449	934	4427	273
CREBZF	4242	109	1334	475	336	797	2623	175
CCDC89	5	0	3	0	0	3	2	0
SYTL2	946	27	313	174	85	195	174	43
CCDC83	0	4	0	9	5	8	1	3
PICALM	1728	234	652	1022	729	1397	1259	373
EED	3475	99	945	463	231	633	2154	186
HIKESHI	10676	323	3592	1173	888	1865	8290	507
CCDC81	66	13	19	43	43	30	82	11
ME3	953	55	510	346	167	397	238	105
PRSS23	4242	82	5307	1021	283	817	1298	123
FZD4	302	34	87	87	33	102	171	23
TMEM135	1410	341	435	1143	659	1579	1031	543
RAB38	1026	36	506	189	117	219	900	44
CTSC	6995	103	3164	300	170	780	5437	170
GRM5	7	14	2	51	66	115	9	30
TYR	85	0	115	10	14	23	4	3
NOX4	159	63	65	217	171	429	115	135
TRIM77	1	0	0	0	0	1	0	0
TRIM49	0	0	0	0	0	0	0	0
TRIM64B	0	0	2	2	0	0	0	0
TRIM49D1	0	0	0	0	0	0	0	0
TRIM49D2	0	0	0	0	0	0	0	0
TRIM64	0	0	0	0	0	0	0	0
TRIM49C	0	0	0	0	0	0	0	0
UBTFL1	0	0	0	0	0	0	0	0
NAALAD2	623	46	280	173	108	216	412	88
CHORDC1	5563	210	2001	897	441	957	4617	289
FAT3	2658	525	569	1956	1518	2784	1118	634
MTNR1B	0	0	0	0	1	0	0	0
SLC36A4	3748	225	1358	903	653	1435	2813	432
DEUP1	73	11	28	41	24	53	61	8
SMCO4	3368	133	1142	426	256	467	2719	113
CEP295	3387	157	754	570	361	798	2018	210
TAF1D	8861	295	3284	940	654	1450	7706	457
C11orf54	2441	139	963	444	448	945	1882	208
MED17	2270	161	479	556	433	880	1502	230
VSTM5	12	3	4	20	22	40	29	2
HEPHL1	7	4	1	24	11	36	15	9
PANX1	743	49	181	177	123	263	592	62
IZUMO1R	0	0	0	0	0	0	0	0
GPR83	8	0	2	0	0	3	7	0
MRE11	3027	139	1143	505	314	857	2308	256
ANKRD49	1341	53	453	146	139	270	1073	69
C11orf97	0	1	1	2	1	0	9	0
PIWIL4	10	3	4	16	24	17	14	3
FUT4	195	1	42	11	16	22	150	8
AMOTL1	1412	127	440	496	326	658	1116	229
CWC15	11305	353	3781	1391	956	1838	8593	529
KDM4D	429	28	121	99	74	155	335	30
KDM4E	0	0	0	0	0	0	0	0
KDM4F	0	0	0	0	0	0	0	0
SRSF8	2375	67	790	272	178	349	1927	98
ENDOD1	270	9	131	74	31	70	225	10
SESN3	4007	442	2192	1942	1464	2897	4873	684
FAM76B	1680	93	521	307	228	551	1192	106
CEP57	7191	353	2624	1493	1055	2255	5501	642
MTMR2	1853	137	733	544	328	681	1489	225
MAML2	620	241	338	1012	828	1118	411	341
CCDC82	3283	150	1161	588	390	822	2588	218
JRKL	381	17	146	73	60	118	297	28
CNTN5	20	4	28	37	41	128	4	5
ARHGAP42	402	108	285	272	147	206	386	71
PGR	0	0	2	1	0	4	3	1
TRPC6	10	1	5	8	22	11	8	2
ANGPTL5	0	0	0	5	0	5	0	1
CEP126	904	61	215	148	168	294	588	75
CFAP300	1135	98	230	267	250	351	1147	96
YAP1	3939	479	1718	1616	1191	2283	3597	773
BIRC3	11	0	6	4	2	3	8	0
BIRC2	2479	76	913	387	278	550	1945	135
TMEM123	9347	377	2676	1088	790	2146	6237	529
MMP7	0	0	0	0	0	0	0	0
MMP20	0	3	0	0	0	1	0	5
MMP27	0	0	0	0	0	0	0	0
MMP8	0	0	1	0	0	0	2	0
MMP10	0	0	0	0	1	1	1	0
MMP1	3	0	0	0	2	1	3	0
MMP3	13	0	3	17	8	5	5	1
MMP12	1	0	0	2	0	1	0	0
MMP13	0	0	0	0	0	0	1	0
DCUN1D5	7788	200	2858	942	571	1125	6610	335
DYNC2H1	3062	367	765	1300	957	1796	2262	474
PDGFD	272	61	66	360	260	251	351	60
DDI1	1	0	0	0	0	0	0	0
CASP4	3	0	1	2	0	0	0	0
CASP5	0	0	0	1	0	0	0	0
CASP1	0	1	0	0	0	0	0	0
CARD16	1	0	0	0	0	0	1	0
CARD17	0	0	0	0	0	0	0	0
CARD18	1	1	0	5	3	3	0	1
GRIA4	57	31	62	359	60	58	82	26
MSANTD4	1971	77	696	344	255	519	1458	125
KBTBD3	591	22	179	65	65	123	475	40
AASDHPPT	5751	288	1988	933	756	1682	3888	413
GUCY1A2	171	16	23	122	178	254	93	69
CWF19L2	3488	187	1088	597	497	1010	2620	280
ALKBH8	500	34	158	106	75	180	308	52
ELMOD1	13	1	5	8	2	5	50	3
SLN	15	5	23	1	2	6	9	2
SLC35F2	267	7	151	21	8	27	185	2
RAB39A	372	17	97	56	78	199	233	51
CUL5	4547	377	1559	1347	1026	2078	3579	615
ACAT1	3296	98	1032	331	277	572	2526	157
NPAT	1175	69	404	288	247	419	800	101
ATM	4041	241	1312	807	680	1395	3083	435
C11orf65	209	37	53	136	92	170	150	63
POGLUT3	1271	46	413	147	87	213	1100	45
EXPH5	159	34	57	62	59	150	116	25
DDX10	2947	191	1137	664	430	1064	2343	309
C11orf87	54	0	2	0	2	8	156	1
RDX	14968	619	5911	2426	1557	2541	11972	802
ZC3H12C	319	104	134	676	450	774	211	121
FDX1	4472	110	1567	539	444	758	3182	202
ARHGAP20	5	2	2	5	30	13	11	3
C11orf53	0	0	0	0	0	1	0	0
COLCA2	96	4	18	14	12	14	108	4
POU2AF1	2	1	0	1	1	2	2	1
BTG4	0	1	0	0	2	0	2	0
C11orf88	38	4	16	15	2	2	201	1
LAYN	76	2	65	18	5	11	129	6
SIK2	631	160	202	732	499	766	512	197
PPP2R1B	2082	87	864	271	184	386	1807	115
ALG9	464	65	155	297	197	394	342	102
FDXACB1	380	8	102	27	19	47	271	17
C11orf1	3678	138	1953	460	401	919	3418	217
CRYAB	126	3	200	17	14	14	214	6
HSPB2	14	2	9	4	2	4	3	3
C11orf52	1	1	1	4	6	4	0	3
DIXDC1	3373	163	980	738	695	1032	2465	303
DLAT	2183	61	753	254	179	376	1650	110
PIH1D2	282	22	75	86	75	132	246	44
NKAPD1	3101	115	954	377	316	698	2491	142
TIMM8B	16102	370	5579	1460	976	1941	11969	574
SDHD	6246	174	2141	577	392	932	4586	285
IL18	37	4	30	8	13	22	47	7
TEX12	25	5	9	6	1	11	16	0
BCO2	123	9	29	18	18	28	69	23
PTS	4478	204	1923	654	514	932	3656	280
PLET1	0	1	0	6	10	11	0	10
NCAM1	1146	83	433	527	380	654	646	169
TTC12	624	63	169	193	169	258	529	61
ANKK1	1	1	0	7	2	4	5	2
DRD2	5	0	5	3	3	9	6	3
TMPRSS5	296	7	17	13	45	116	51	20
ZW10	1309	47	436	222	171	290	886	80
CLDN25	0	0	0	0	0	0	0	0
USP28	2444	110	1197	491	332	704	1814	151
HTR3B	1	1	0	3	2	2	1	1
HTR3A	31	0	37	0	0	0	30	1
ZBTB16	7184	293	2044	1196	810	1934	2679	487
NNMT	120	10	50	55	31	85	54	39
C11orf71	604	17	232	73	65	115	531	27
RBM7	2842	96	1117	294	234	507	2378	124
REXO2	4855	119	2003	501	287	607	3671	212
NXPE1	0	1	0	2	1	4	0	0
NXPE4	0	0	0	0	0	1	1	2
NXPE2	0	0	0	1	2	0	0	1
CADM1	6283	442	2163	2101	1932	3199	3416	812
BUD13	2489	77	616	271	169	393	1669	117
ZPR1	2564	64	1019	202	130	318	2293	75
APOA5	0	0	3	1	0	0	5	0
APOA4	138	14	51	66	76	112	98	27
APOC3	92	14	23	44	36	80	67	19
APOA1	673	108	213	342	325	540	839	112
SIK3	1457	505	513	1858	1256	2075	1037	724
PAFAH1B2	7205	240	2627	845	629	1557	4900	370
SIDT2	504	22	196	91	63	90	513	30
TAGLN	3091	60	3545	1035	113	112	7143	37
PCSK7	2188	42	644	241	139	238	1540	55
RNF214	3661	146	1184	616	465	862	2843	225
BACE1	1014	32	534	186	122	216	959	51
CEP164	2093	82	716	222	242	406	1621	118
DSCAML1	10	15	3	57	27	61	14	22
FXYD2	106	4	22	17	21	22	55	8
FXYD6	10880	247	2769	1016	1255	2299	5626	527
TMPRSS13	11	0	4	2	0	0	39	0
IL10RA	4	0	1	1	2	1	0	2
SMIM35	0	0	0	1	0	1	0	1
TMPRSS4	0	0	3	0	0	3	1	0
SCN4B	25	0	11	2	0	7	8	2
SCN2B	9	0	3	0	3	4	8	2
JAML	2	1	3	1	0	0	3	0
MPZL3	12	8	17	25	12	43	20	3
MPZL2	37	1	15	7	6	12	37	4
CD3E	0	0	0	0	0	0	3	1
CD3D	1	0	1	0	0	0	1	0
CD3G	3	0	10	1	1	1	2	0
UBE4A	1766	88	686	399	333	606	1222	125
ATP5MG	32060	1302	10810	5049	3565	6539	24659	1868
KMT2A	5956	392	1862	1689	1189	2766	3741	685
TTC36	21	1	4	4	5	9	25	3
TMEM25	1007	40	374	137	140	258	1063	54
IFT46	1404	56	433	211	154	323	1322	61
ARCN1	3242	220	1543	747	381	898	3068	245
PHLDB1	1244	53	308	171	125	245	1041	68
TREH	6	0	1	0	1	2	2	0
DDX6	11548	385	3855	1809	1271	3288	8119	661
CXCR5	5	0	4	4	2	1	7	2
BCL9L	677	27	369	100	47	124	647	26
UPK2	46	14	27	21	15	22	77	10
FOXR1	2	0	2	0	0	0	7	1
CCDC84	1515	84	416	346	241	440	1117	91
RPS25	125738	5261	43111	16679	13143	28725	106593	7861
TRAPPC4	6019	176	2051	829	440	835	4522	233
SLC37A4	3035	69	1238	211	148	385	2641	115
HYOU1	2069	43	888	244	128	261	1784	67
VPS11	634	33	192	102	73	126	476	31
HMBS	3946	91	1152	374	196	479	3044	171
H2AFX	19044	309	3958	903	770	2254	10193	672
DPAGT1	1928	37	642	142	98	209	1510	58
C2CD2L	188	7	57	24	10	32	157	9
HINFP	1088	52	402	146	110	181	867	52
ABCG4	24	2	13	10	7	15	16	8
NLRX1	334	28	113	76	60	100	298	29
PDZD3	3	0	1	3	0	2	0	0
CCDC153	178	14	164	39	22	33	219	15
CBL	2905	184	889	723	484	1052	1802	277
MCAM	1445	31	459	152	90	140	803	64
RNF26	3310	77	961	189	119	284	2363	85
MFRP	3	0	0	0	0	1	0	1
C1QTNF5	0	0	0	0	0	0	0	0
USP2	274	5	97	29	21	27	190	16
THY1	4517	108	1936	498	265	664	3604	198
NECTIN1	1871	69	659	297	187	365	1261	131
TRIM29	1	3	1	3	9	8	3	2
OAF	1190	50	197	112	119	212	912	75
POU2F3	8	2	38	0	3	6	11	3
TLCD5	1377	54	473	201	144	272	1247	72
ARHGEF12	1878	244	670	803	490	984	1266	280
GRIK4	47	39	25	75	101	64	69	30
TBCEL	414	94	171	347	263	565	317	127
TECTA	26	5	12	20	17	22	24	6
SC5D	3595	87	1186	463	234	498	2921	161
SORL1	744	24	517	108	48	118	581	29
BLID	1	0	0	2	1	0	1	0
UBASH3B	105	32	67	84	20	76	69	35
CRTAM	0	2	1	2	3	0	0	0
JHY	167	39	42	123	99	70	302	25
BSX	0	7	0	3	7	1	1	0
HSPA8	85122	1192	26635	5463	2845	6288	62809	1973
CLMP	714	70	148	260	75	86	1141	90
GRAMD1B	435	409	280	1960	877	649	1012	315
SCN3B	16	3	21	7	7	22	28	2
ZNF202	503	18	156	64	39	105	348	26
OR6X1	0	0	0	0	0	0	0	0
OR6M1	0	0	0	0	0	0	0	0
TMEM225	0	0	0	0	0	0	0	0
OR8D4	2	0	2	1	0	2	0	0
OR4D5	0	0	0	0	0	0	0	0
OR6T1	0	0	0	0	0	0	0	0
OR10S1	0	0	0	0	0	0	0	0
OR10G6	0	0	0	0	0	0	0	0
OR10G4	0	0	0	0	0	0	0	0
OR10G9	0	0	0	0	0	0	0	0
OR10G8	0	0	0	0	0	0	0	0
OR10G7	0	0	0	0	0	0	0	0
VWA5A	413	9	285	60	33	67	436	29
OR10D3	1	0	0	0	0	0	0	0
OR8G1	0	0	0	0	0	0	0	0
OR8G5	1	0	0	0	0	0	0	0
OR8D1	1	1	0	0	0	0	0	0
OR8D2	1	0	0	0	0	0	0	0
OR8B2	0	0	0	0	0	0	0	0
OR8B3	0	0	0	0	0	0	0	0
OR8B4	0	0	0	0	0	0	0	0
OR8B8	0	0	0	0	0	0	0	0
OR8B12	0	0	0	0	0	0	0	0
OR8A1	13	0	0	1	0	1	1	0
PANX3	0	0	0	0	0	0	0	0
TBRG1	1570	104	822	331	234	509	1415	123
SIAE	111	7	34	32	37	47	169	9
SPA17	3583	142	450	374	399	699	2939	192
NRGN	603	11	135	36	34	122	257	26
VSIG2	0	0	0	0	0	1	3	2
ESAM	5	0	4	3	1	3	4	2
MSANTD2	1738	153	495	548	423	946	1193	187
ROBO3	557	23	124	38	43	107	464	20
ROBO4	22	1	4	5	13	4	24	3
HEPACAM	0	1	0	3	1	1	1	1
HEPN1	10	1	1	0	3	0	20	0
CCDC15	686	33	212	131	66	172	390	50
SLC37A2	11	2	4	7	4	3	13	1
TMEM218	4007	137	1067	436	375	578	3026	189
PKNOX2	349	209	99	1042	508	489	533	204
FEZ1	9661	271	3180	1167	789	1723	3813	371
EI24	14096	262	5017	1116	655	1352	9467	433
STT3A	3091	96	1197	331	206	480	2715	122
CHEK1	8435	275	1980	971	793	2028	4828	528
ACRV1	9	2	1	16	13	45	10	13
PATE1	1	0	0	0	0	0	1	0
PATE2	10	1	2	0	0	1	9	0
PATE3	0	0	0	0	0	0	0	0
PATE4	0	0	0	0	0	1	0	0
HYLS1	1536	46	331	123	111	281	1112	56
PUS3	1700	32	519	187	103	253	1321	64
DDX25	373	6	586	63	46	65	478	9
VSIG10L2	21	5	2	21	6	25	23	6
CDON	2301	854	653	3457	2233	3394	2156	1084
RPUSD4	1716	43	736	177	100	289	1182	75
FAM118B	2141	75	943	378	251	372	1737	104
SRPRA	3179	119	1106	404	226	458	2956	108
FOXRED1	2295	101	770	351	197	603	1787	157
TIRAP	195	10	81	66	78	125	197	26
DCPS	3160	71	1067	365	171	382	2288	125
ST3GAL4	1127	46	260	136	95	200	784	55
KIRREL3	22	18	7	125	56	92	14	20
ETS1	50	8	50	11	9	13	79	6
FLI1	4	1	5	2	1	0	5	0
KCNJ1	2	0	0	0	0	0	1	0
KCNJ5	1	0	2	0	2	3	2	0
C11orf45	9	0	1	0	0	1	4	0
TP53AIP1	10	0	1	2	0	3	3	0
ARHGAP32	1301	363	397	1184	1003	1683	741	502
BARX2	3	0	1	3	1	1	15	1
TMEM45B	11	1	2	3	4	3	15	1
NFRKB	1578	83	489	331	238	500	1107	121
PRDM10	291	71	92	189	176	320	191	92
APLP2	15583	672	8584	2761	1487	2260	17731	806
ST14	60	1	49	3	3	7	69	1
ZBTB44	2689	157	1126	532	372	880	2172	232
ADAMTS8	679	25	62	146	47	36	1588	37
ADAMTS15	35	12	9	26	16	13	282	7
SNX19	723	55	296	203	158	218	578	55
NTM	838	111	325	388	257	280	744	138
OPCML	157	92	21	1213	257	328	299	85
SPATA19	0	0	0	0	0	0	1	0
IGSF9B	187	11	107	39	27	51	212	17
JAM3	3581	212	652	747	507	1124	2748	305
NCAPD3	3416	131	1009	494	418	751	2404	228
VPS26B	1625	54	490	158	127	199	1198	59
THYN1	9298	272	3318	823	617	1311	7347	396
ACAD8	1916	50	449	142	125	317	1549	91
GLB1L3	93	2	71	4	4	13	82	9
GLB1L2	711	15	148	44	53	90	263	30
B3GAT1	936	19	381	83	76	164	339	21
TUBB8	12	8	2	17	13	99	13	15
ZMYND11	2989	246	906	921	705	1348	2272	380
DIP2C	946	380	337	1392	1025	1961	691	548
PRR26	32	2	7	16	10	17	14	8
LARP4B	1282	208	501	824	485	962	1030	300
GTPBP4	7266	210	2312	854	430	1136	5645	257
IDI2	17	1	6	4	6	5	17	4
IDI1	16826	391	2718	2011	1179	2448	11090	724
WDR37	400	85	142	279	192	392	278	109
ADARB2	27	75	9	266	274	405	16	118
PFKP	1138	36	734	203	98	164	2221	35
PITRM1	686	17	255	101	75	86	519	35
KLF6	3136	63	880	359	249	458	3014	132
AKR1E2	79	34	28	53	55	104	101	47
AKR1C1	41	4	36	15	21	28	49	13
AKR1C2	21	2	16	1	4	23	25	8
AKR1C3	20	2	76	5	6	5	26	2
AKR1C8P	0	0	0	0	0	0	1	0
AKR1C4	4	0	0	0	0	0	0	0
UCN3	1	0	0	0	0	0	0	0
TUBAL3	0	0	0	0	0	0	0	0
NET1	2085	95	795	355	201	512	1406	138
CALML5	1	0	1	0	0	0	0	0
CALML3	0	0	0	0	0	0	0	0
ASB13	501	23	170	91	78	87	351	25
TASOR2	2120	161	664	624	421	996	1468	256
GDI2	23123	710	7331	2457	1684	4244	16805	1102
ANKRD16	1133	52	345	165	137	311	933	87
FBH1	1949	87	619	342	237	440	1499	128
IL15RA	2	0	3	1	0	2	4	0
IL2RA	0	0	0	2	1	3	0	0
RBM17	13221	363	4365	1613	1115	2271	9775	581
PFKFB3	956	58	300	428	209	476	1266	88
PRKCQ	204	46	72	79	144	106	167	69
SFMBT2	240	103	86	240	680	495	136	155
ITIH5	17	8	15	18	5	7	47	3
ITIH2	3	5	0	3	5	1	1	4
KIN	3209	85	1240	500	354	668	2857	167
ATP5F1C	22614	690	8700	2461	1688	3396	17236	986
TAF3	2603	169	860	661	429	979	1632	297
GATA3	86	6	28	8	6	10	84	2
CELF2	4678	279	1544	1265	1488	2194	1824	536
USP6NL	1654	186	442	802	625	1203	1102	338
ECHDC3	789	42	235	8	5	143	894	44
PROSER2	355	9	137	54	28	61	242	16
UPF2	3925	165	1229	658	612	1085	2699	281
DHTKD1	3099	162	901	377	297	442	2292	167
SEC61A2	1644	88	647	323	214	471	1271	116
NUDT5	10122	306	3516	1117	750	1601	8157	475
CDC123	11004	293	3681	1084	729	1715	8558	462
CAMK1D	1397	245	275	663	681	1467	862	390
CCDC3	31	8	33	51	45	59	56	9
OPTN	373	30	485	200	155	216	799	30
MCM10	4563	111	1074	495	333	666	2759	198
UCMA	2	0	13	1	1	1	5	1
PHYH	2053	106	1030	307	256	425	2084	131
SEPHS1	11005	229	3423	756	683	1785	7920	438
BEND7	930	78	260	237	293	413	565	137
PRPF18	1210	67	366	289	208	346	1012	110
FRMD4A	2501	396	581	1292	1199	2021	1674	659
FAM107B	4100	251	936	932	662	1356	2667	402
CDNF	46	9	20	36	26	40	56	10
HSPA14	925	27	304	100	55	150	752	41
HSPA14.1	2875	79	936	341	216	492	1996	162
SUV39H2	4091	99	1031	517	418	884	2499	240
DCLRE1C	3334	126	718	449	437	897	2147	235
MEIG1	181	14	32	44	29	36	181	11
OLAH	8	3	3	1	4	5	8	5
ACBD7	553	29	238	90	52	172	499	47
RPP38	2828	96	975	420	333	602	2326	168
NMT2	1343	84	433	328	260	520	894	138
FAM171A1	2616	176	603	708	609	1258	1637	386
ITGA8	64	13	2	43	15	6	78	15
MINDY3	608	107	261	325	228	411	508	124
PTER	479	41	161	138	66	210	362	64
C1QL3	3	0	4	2	2	12	1	2
RSU1	1972	107	847	615	392	646	1510	168
CUBN	128	33	33	133	128	209	138	25
TRDMT1	2683	202	619	582	435	915	1727	269
VIM	201280	7943	42643	25548	21195	31715	182696	9327
ST8SIA6	20	1	59	31	11	18	27	2
HACD1	1543	53	555	404	284	311	1512	68
STAM	1945	105	811	513	310	652	1569	166
TMEM236	3	3	1	1	1	4	1	1
MRC1	7	0	8	1	3	6	7	1
SLC39A12	22	3	12	31	16	5	39	1
CACNB2	175	116	56	447	287	503	114	162
NSUN6	1442	171	457	571	368	883	1038	271
ARL5B	2379	129	971	458	262	733	1918	180
MALRD1	39	50	16	220	107	220	17	91
PLXDC2	1584	787	908	3906	2927	5059	2047	1189
NEBL	962	400	405	2477	1967	1112	1605	406
C10orf113	4	0	1	2	3	3	7	0
SKIDA1	2557	60	884	203	194	441	1505	137
MLLT10	4262	521	1508	1948	1433	2936	3008	804
DNAJC1	3847	279	1628	1076	762	1201	2822	375
EBLN1	0	0	0	0	0	0	0	0
COMMD3	2953	121	593	390	364	654	2148	164
BMI1	1080	102	211	309	236	513	845	105
SPAG6	53	21	8	67	59	74	369	12
AL513128.2	22	3	2	6	14	8	109	1
PIP4K2A	1195	99	448	391	268	509	662	143
ARMC3	179	101	16	242	387	185	641	97
MSRB2	8180	286	2979	1414	740	1688	6368	457
PTF1A	8	0	0	0	4	0	2	0
C10orf67	119	10	11	28	25	45	92	5
OTUD1	441	10	152	51	39	71	519	16
KIAA1217	741	347	470	1661	932	1646	695	402
ARHGAP21	3849	307	863	990	908	1861	2394	452
PRTFDC1	2650	130	608	478	605	1324	1830	188
ENKUR	571	30	35	117	167	258	349	40
THNSL1	737	27	174	98	51	161	660	27
GPR158	11	1	2	7	8	17	3	5
MYO3A	306	63	55	175	108	190	146	68
GAD2	85	3	138	6	8	20	41	8
APBB1IP	1	0	1	1	1	2	1	0
PDSS1	1151	40	291	157	111	265	789	85
ABI1	1190	123	531	417	289	621	885	176
ANKRD26	5288	285	1124	879	685	1440	3813	396
YME1L1	5456	308	1935	1035	718	1682	4606	504
MASTL	1838	92	611	288	183	486	1337	161
ACBD5	1356	82	465	226	145	277	1483	87
RAB18	4214	161	1453	637	528	850	3328	212
MKX	1	0	2	4	2	3	5	1
ARMC4	492	57	60	220	144	193	301	98
MPP7	265	42	156	191	188	305	232	93
WAC	8183	458	2609	1980	1234	2617	5995	794
BAMBI	981	89	201	173	195	138	2944	73
LYZL1	0	0	0	2	0	0	3	1
SVIL	4584	296	1186	1582	1423	3734	1781	671
JCAD	96	7	49	20	13	15	86	8
MTPAP	1484	47	456	200	138	346	1198	93
MAP3K8	514	81	171	365	294	209	956	72
LYZL2	0	0	0	0	0	0	0	0
ZNF438	314	102	102	269	233	444	249	127
ZEB1	4900	541	1064	2148	1618	3527	2285	957
ARHGAP12	1917	212	673	801	576	1066	1477	327
KIF5B	17104	605	6259	2316	1685	3590	14033	1041
EPC1	6006	360	1566	1357	1042	1906	4247	497
CCDC7	197	66	49	364	304	338	176	122
ITGB1	5235	418	2518	1733	1015	1914	4595	561
NRP1	631	66	129	326	74	88	329	63
PARD3	4749	1106	1194	3756	2936	6495	3153	1902
CUL2	2602	145	994	525	343	738	2164	182
CREM	3847	178	1348	899	573	1037	2757	243
CCNY	4894	348	1778	1275	893	1844	3307	540
GJD4	3	0	0	0	0	0	0	0
FZD8	747	2	553	23	23	108	135	13
ANKRD30A	0	0	0	0	1	4	0	1
MTRNR2L7	0	0	0	0	0	0	0	0
ZNF248	1549	55	5	363	334	14	600	133
ZNF25	264	19	46	54	60	87	180	22
ZNF33A	3953	229	1215	920	656	1369	2615	328
ZNF37A	2854	66	490	336	24	437	1299	115
IGKV1OR10-1	0	0	0	0	0	0	0	0
ZNF33B	1661	100	601	430	430	782	1353	172
BMS1	5965	196	1904	772	376	1042	4083	275
RET	74	1	57	4	0	14	51	2
CSGALNACT2	808	69	254	252	177	398	565	110
RASGEF1A	366	12	139	56	29	84	452	12
FXYD4	6	0	3	1	0	1	1	0
HNRNPF	24602	444	7161	2057	1384	3709	17217	866
ZNF487	540	33	149	151	150	170	621	39
ZNF239	639	16	148	62	35	112	386	30
ZNF485	392	11	83	39	27	63	260	19
ZNF32	4629	152	1279	550	412	675	3505	220
C10orf142	16	4	14	7	2	2	21	0
CXCL12	666	2	351	19	19	51	547	12
TMEM72	2	0	2	1	0	3	5	0
RASSF4	790	37	347	137	89	152	801	68
DEPP1	29	1	10	7	4	2	49	0
ZNF22	13570	418	3330	1670	1115	2419	9662	712
OR13A1	0	1	0	1	2	1	0	1
ALOX5	0	4	1	7	3	18	1	1
MARCH8	188	53	52	196	184	347	163	97
ZFAND4	417	52	145	169	139	243	338	66
WASHC2C	1039	32	577	163	107	229	813	76
AGAP4	42	11	9	62	43	74	65	38
TIMM23	2993	114	974	529	285	664	2322	192
NCOA4	2661	84	1115	432	282	510	2112	131
MSMB	0	0	0	0	1	0	1	0
ANTXRL	0	0	0	0	0	0	0	0
ANXA8L1	0	0	0	0	0	1	1	0
NPY4R	0	0	0	0	0	0	0	0
GPRIN2	264	12	86	31	35	79	225	13
SYT15	1	1	0	3	4	2	1	4
PTPN20	0	0	1	6	0	0	0	0
GDF10	858	45	46	261	51	26	1259	14
GDF2	0	0	0	0	0	0	0	0
RBP3	0	0	0	0	1	0	0	0
ZNF488	98	1	17	3	4	3	53	5
ANXA8	8	35	1	25	1	5	5	4
FAM25G	0	1	0	0	0	1	0	0
AGAP9	92	15	59	36	28	37	99	14
FO681492.1	2	0	1	2	3	0	0	0
NPY4R2	0	0	0	0	0	0	0	0
FAM25C	0	0	0	0	0	0	0	0
FRMPD2	3	7	7	16	2	3	6	5
MAPK8	1948	551	787	1962	1658	3263	1437	851
ARHGAP22	512	35	134	81	56	161	429	37
WDFY4	0	2	0	2	0	0	0	0
LRRC18	2	0	1	0	2	0	5	0
VSTM4	147	10	40	75	44	41	72	17
FAM170B	0	0	0	0	0	0	0	0
TMEM273	15	3	15	2	0	6	5	1
C10orf71	0	1	1	2	0	0	7	0
DRGX	2	0	0	1	0	0	2	2
ERCC6	789	50	315	187	142	276	666	69
CHAT	0	0	0	0	0	1	0	1
SLC18A3	9	0	8	0	0	0	3	0
C10orf53	10	1	8	1	3	3	7	0
OGDHL	106	3	64	11	14	4	135	0
PARG	1748	141	668	587	433	828	1277	270
TIMM23B	437	30	127	53	32	52	241	22
AGAP6	273	0	88	0	0	0	218	0
WASHC2A	926	36	528	139	90	170	802	50
ASAH2	7	1	11	6	0	2	3	1
SGMS1	597	135	244	481	347	677	458	231
ASAH2B	360	18	108	105	65	122	334	28
A1CF	2	1	2	9	4	5	2	6
PRKG1	826	572	256	2567	3257	3103	820	883
CSTF2T	2291	42	809	225	152	376	1677	78
DKK1	991	57	449	126	63	107	1009	35
MBL2	0	0	0	0	0	0	1	0
PCDH15	39	30	4	104	93	231	27	47
MTRNR2L5	2	1	0	1	1	2	1	0
ZWINT	9132	161	2722	645	412	1010	5593	269
IPMK	414	61	151	223	164	300	339	105
CISD1	8191	252	2469	720	561	1339	6033	341
UBE2D1	4734	160	1736	613	448	939	3514	275
TFAM	6887	237	2538	911	651	1682	5082	421
BICC1	239	62	30	223	366	597	138	179
PHYHIPL	671	34	143	211	180	405	237	84
FAM13C	507	21	82	62	99	301	155	49
SLC16A9	1470	79	354	287	275	752	836	113
MRLN	5	3	0	2	2	2	1	0
CCDC6	2200	150	915	630	346	804	1781	188
ANK3	1562	178	669	535	390	642	1338	219
CDK1	13660	317	4239	980	708	1782	8907	574
RHOBTB1	1288	83	341	298	304	533	923	143
TMEM26	1	0	3	4	7	6	10	2
CABCOCO1	141	9	11	68	104	120	190	21
ARID5B	1429	174	241	502	892	1163	1474	206
RTKN2	4696	156	1031	601	504	1396	2615	366
ZNF365	23	2	7	6	10	23	15	7
AC067752.1	0	0	0	0	0	0	0	0
ADO	1769	28	673	148	99	225	1255	70
EGR2	815	14	67	134	48	78	627	4
NRBF2	2597	91	1052	420	286	551	2178	131
JMJD1C	5972	1020	2215	4184	2910	5948	4739	1660
REEP3	3520	304	1427	988	667	1379	3141	386
CTNNA3	127	245	27	910	1754	1924	158	383
LRRTM3	166	33	1	141	239	269	41	32
DNAJC12	429	25	237	61	47	74	419	27
SIRT1	1069	83	614	352	240	440	1033	153
HERC4	2199	272	929	1078	778	1487	1920	367
MYPN	0	0	0	3	0	2	1	2
ATOH7	45	3	29	11	9	7	77	1
PBLD	233	25	90	85	77	147	209	16
HNRNPH3	31413	971	11857	3416	2283	5548	25082	1573
RUFY2	1860	154	487	534	406	715	1396	185
DNA2	2510	149	754	389	436	874	1372	272
SLC25A16	495	45	211	253	200	277	386	80
TET1	9498	446	3540	1419	1083	2687	8624	710
CCAR1	12636	387	4075	1516	957	2387	7940	659
STOX1	1085	65	299	387	255	513	694	82
DDX50	5306	265	1621	1022	714	1251	4684	366
DDX21	7927	175	3469	782	519	1132	6647	290
KIF1BP	2466	103	909	353	285	565	1701	137
SRGN	0	0	0	0	2	0	1	0
VPS26A	5710	194	1938	830	606	1388	3792	352
SUPV3L1	1446	58	454	200	168	318	1157	109
HKDC1	2	6	4	33	61	32	10	1
HK1	2381	109	1056	633	634	425	2860	131
TACR2	3	2	1	3	2	3	3	1
TSPAN15	643	35	379	183	153	175	1372	50
NEUROG3	2	0	2	0	0	0	6	0
FAM241B	2197	72	572	212	101	189	2151	94
COL13A1	153	6	185	18	14	30	353	8
H2AFY2	15518	454	3629	1595	1255	2810	11395	865
AIFM2	209	6	89	54	24	56	201	16
TYSND1	1089	27	346	82	61	124	757	41
SAR1A	6171	184	2132	719	404	1086	4888	267
PPA1	27216	612	6050	1791	1266	3682	15305	985
NPFFR1	1	1	4	4	3	1	3	1
LRRC20	1010	40	243	112	86	172	730	51
EIF4EBP2	7030	193	2252	913	609	1660	4195	370
NODAL	727	6	305	18	12	42	1914	11
PALD1	380	31	129	40	37	89	236	31
PRF1	0	0	0	0	0	0	0	0
ADAMTS14	9	0	8	7	0	0	9	2
TBATA	1	0	0	0	0	0	0	0
SGPL1	1734	79	565	371	245	552	1294	114
PCBD1	6500	175	2992	914	570	1051	6483	295
UNC5B	651	27	360	102	81	126	395	39
SLC29A3	379	15	194	37	52	69	342	25
CDH23	595	27	61	102	147	253	456	90
C10orf105	37	0	10	3	11	7	49	2
VSIR	14	1	3	1	6	4	10	0
PSAP	10455	331	5106	1337	963	1726	11693	479
CHST3	446	26	79	100	78	99	275	27
SPOCK2	366	10	92	29	33	50	356	17
ASCC1	2224	123	751	406	284	585	1895	167
ANAPC16	17996	587	6010	2318	1800	3529	15757	863
DDIT4	13900	352	4129	1543	732	1794	22605	688
DNAJB12	1842	72	628	299	211	382	1648	100
MICU1	3016	256	1198	1057	783	1330	2377	412
MCU	972	192	429	726	525	930	679	302
OIT3	2	2	1	4	2	3	2	5
PLA2G12B	10	2	13	6	4	1	19	3
P4HA1	4936	320	1875	1340	833	1543	8241	434
NUDT13	87	11	54	68	49	67	162	27
ECD	1397	95	536	364	242	453	1063	140
FAM149B1	623	91	280	355	235	408	615	98
DNAJC9	10433	296	2286	1114	794	2117	6226	480
MRPS16	9795	274	3226	915	557	1486	6186	300
CFAP70	63	18	61	119	129	62	125	28
ANXA7	4383	150	1739	552	330	636	3590	186
MSS51	72	4	20	33	28	40	55	16
PPP3CB	2537	167	893	828	667	1123	2183	271
USP54	1114	189	457	689	608	1195	728	290
MYOZ1	112	6	255	26	6	36	165	10
SYNPO2L	7	2	11	11	8	18	16	3
AGAP5	61	8	46	24	14	23	43	7
SEC24C	1062	45	380	177	102	163	863	55
FUT11	1063	23	334	137	73	180	1265	43
CHCHD1	12812	328	4227	1438	890	1704	10267	446
ZSWIM8	636	21	303	157	116	148	521	62
NDST2	44	15	29	49	41	93	36	29
CAMK2G	1368	86	508	300	210	412	1140	131
PLAU	115	8	135	19	13	15	214	2
C10orf55	5	1	2	2	0	1	4	0
VCL	2909	469	1761	2612	1394	2216	2965	368
AP3M1	3071	122	994	511	400	746	2000	205
ADK	3608	480	1074	1604	1295	2512	2781	861
KAT6B	5665	322	1452	1174	1067	2425	3243	514
DUPD1	0	0	0	1	1	2	0	1
DUSP13	28	0	6	2	0	0	33	1
SAMD8	742	78	375	352	237	368	616	133
VDAC2	11973	661	5109	2151	1550	3228	11717	997
COMTD1	641	22	374	79	48	89	780	29
ZNF503	7378	404	1871	1293	1177	1495	10967	499
LRMDA	80	74	73	394	316	333	165	102
KCNMA1	55	25	83	48	53	133	52	20
DLG5	160	99	57	399	346	603	106	141
POLR3A	1766	70	694	292	204	417	1243	120
RPS24	279171	10511	93297	35184	30384	58739	204322	15243
ZMIZ1	2687	157	624	469	543	925	1618	283
PPIF	5396	93	1578	370	245	723	3356	187
ZCCHC24	235	22	133	59	24	61	282	17
EIF5AL1	540	7	176	29	17	35	354	20
SFTPA2	3	0	0	0	0	0	5	0
SFTPA1	0	0	0	0	0	0	0	0
NUTM2B	0	0	0	2	2	0	0	0
NUTM2E	0	0	2	0	1	0	1	1
SFTPD	14	3	12	7	10	20	28	3
TMEM254	2045	95	596	295	191	427	1967	99
PLAC9	91	9	68	26	15	29	168	9
ANXA11	1142	34	683	250	108	195	1454	45
MAT1A	2	0	8	2	0	0	7	1
DYDC1	25	0	7	4	4	3	22	1
DYDC2	595	12	75	60	32	73	490	39
PRXL2A	24713	565	5861	2527	1864	3800	17087	1003
TSPAN14	5099	118	1534	498	372	934	2987	237
SH2D4B	3	1	2	9	7	8	6	5
NRG3	325	961	71	4463	4627	7760	196	1814
GHITM	12308	324	4622	1237	786	1715	9721	484
C10orf99	0	0	0	0	0	0	0	0
CDHR1	95	2	19	6	3	12	36	1
LRIT2	0	0	0	0	0	0	0	0
RGR	158	0	38	4	11	46	10	11
LRIT1	0	0	0	0	0	0	2	0
CCSER2	2152	233	719	1001	691	1360	1631	375
GRID1	23	16	2	88	152	236	6	37
WAPL	4650	177	1619	886	637	1255	3260	331
OPN4	0	0	0	0	0	0	0	0
LDB3	74	2	10	10	10	10	39	4
BMPR1A	1948	442	752	1731	1141	2302	1522	675
MMRN2	16	2	2	6	11	8	20	1
SNCG	324	27	156	94	76	153	528	37
ADIRF	12	1	14	8	11	12	35	3
FAM25A	0	1	0	2	0	0	0	0
GLUD1	4201	188	1554	739	478	1027	2618	313
SHLD2	680	95	223	512	337	742	489	232
NUTM2A	1	0	1	2	1	4	0	0
NUTM2D	2	0	2	2	3	2	1	0
MINPP1	2315	84	909	317	229	608	1736	131
PAPSS2	219	14	102	133	102	67	416	26
ATAD1	2947	178	1218	686	509	923	2346	270
KLLN	51	1	30	8	5	10	36	2
PTEN	2700	333	1096	1200	880	1575	2121	544
RNLS	426	73	258	313	257	450	501	101
LIPJ	1	0	0	2	1	3	3	0
LIPF	0	0	0	0	0	0	0	0
LIPK	0	0	0	0	0	0	0	0
LIPN	0	1	0	0	0	0	0	0
LIPM	0	0	0	0	0	0	0	0
ANKRD22	0	0	0	0	0	0	1	0
STAMBPL1	174	14	35	60	39	66	122	15
ACTA2	831	77	876	537	50	107	916	92
FAS	160	14	96	42	7	30	107	11
CH25H	3	0	4	0	0	0	3	0
LIPA	1220	114	406	327	355	493	1431	150
IFIT2	38	0	8	11	8	15	54	2
IFIT3	179	4	43	18	20	30	165	8
IFIT1B	1	2	1	3	2	4	15	1
IFIT1	834	34	215	98	123	148	1373	37
IFIT5	1204	34	219	98	139	198	795	44
SLC16A12	29	3	41	5	0	5	53	4
PANK1	2043	97	617	375	292	570	1261	183
KIF20B	9905	287	2918	1095	706	1755	6509	559
HTR7	72	0	6	2	1	4	30	4
RPP30	6023	195	2065	704	425	1038	4348	264
ANKRD1	4	2	7	12	5	3	24	1
PCGF5	939	54	288	251	204	377	704	89
HECTD2	1508	203	405	756	281	598	1199	213
PPP1R3C	202	9	101	42	26	61	313	10
TNKS2	2322	223	1017	785	497	886	2045	245
FGFBP3	20131	680	2973	1432	360	1144	15324	771
BTAF1	1230	172	423	746	444	898	984	266
CPEB3	54	33	31	93	72	141	60	50
MARCH5	4030	234	1212	835	653	1388	2787	377
IDE	1259	163	562	508	295	515	1031	143
KIF11	5846	243	1596	787	569	1567	3602	410
HHEX	30	1	50	0	0	3	61	0
EXOC6	2358	271	416	961	752	1372	1394	388
CYP26C1	24	1	8	1	0	1	143	1
CYP26A1	493	1	89	5	2	21	627	1
MYOF	107	61	73	166	117	128	285	35
CEP55	2193	88	523	277	160	485	1418	100
FFAR4	14	1	4	4	1	4	25	0
RBP4	128	17	23	53	39	76	199	26
PDE6C	2	3	1	5	19	19	1	6
FRA10AC1	4613	181	1135	500	403	908	3578	291
LGI1	2142	171	1004	640	228	720	2163	205
SLC35G1	1299	77	529	294	144	262	965	93
PLCE1	668	19	173	155	85	178	345	46
NOC3L	3757	142	1159	438	278	711	2874	182
TBC1D12	464	43	190	188	151	210	368	60
HELLS	18426	503	5241	2001	1288	3612	10979	864
CYP2C18	2	7	1	2	4	4	5	0
CYP2C19	2	0	0	1	1	3	1	0
CYP2C9	0	0	0	0	0	1	1	0
CYP2C8	87	3	36	26	21	14	91	7
ACSM6	17	24	5	90	103	119	9	28
PDLIM1	2035	51	1630	134	74	236	2454	75
SORBS1	282	33	158	90	113	279	265	58
ALDH18A1	3736	98	1002	377	280	558	2598	163
TCTN3	3547	144	800	504	356	670	2645	155
ENTPD1	164	11	78	37	27	48	144	9
CC2D2B	19	12	21	36	42	55	21	7
CCNJ	1382	73	413	273	223	577	986	129
ZNF518A	3957	329	1514	893	840	1611	2820	448
BLNK	2	0	0	1	2	3	1	1
DNTT	0	0	0	1	0	0	4	0
OPALIN	1	1	1	1	0	1	1	0
TLL2	325	45	62	136	20	48	276	44
TM9SF3	6640	371	2749	1379	840	1933	5757	461
PIK3AP1	21	7	13	14	10	39	23	5
LCOR	3432	367	1109	1482	979	2055	2590	545
SLIT1	68	9	8	46	29	27	293	18
ARHGAP19	688	108	166	331	284	549	479	195
FRAT1	190	5	125	10	26	23	141	3
FRAT2	1797	22	1159	90	85	185	1444	46
RRP12	995	37	314	108	71	192	790	41
PGAM1	6996	346	2553	1692	972	2326	7801	822
EXOSC1	5534	185	1857	612	398	697	4353	199
ZDHHC16	2757	70	1052	348	235	438	2265	86
MMS19	1478	108	593	319	224	452	1142	126
UBTD1	481	24	310	136	58	76	622	33
ANKRD2	4	0	0	1	0	2	1	1
HOGA1	24	3	19	18	9	16	21	12
C10orf62	0	0	0	0	0	0	0	0
MORN4	1401	119	802	303	218	448	2398	97
PI4K2A	502	29	258	140	80	206	399	59
AVPI1	285	16	177	34	37	61	279	20
MARVELD1	1777	23	723	85	47	182	1548	48
ZFYVE27	689	60	323	187	112	246	633	56
SFRP5	33	0	16	0	0	2	39	1
GOLGA7B	2	0	2	0	0	1	5	0
CRTAC1	37	4	22	14	6	13	25	7
R3HCC1L	980	101	321	414	282	580	881	189
LOXL4	28	0	10	9	3	12	13	2
PYROXD2	371	28	118	111	52	77	391	24
HPS1	1827	80	1093	255	143	332	2130	95
HPSE2	102	49	393	1325	543	4089	10	73
CNNM1	81	4	13	13	21	30	68	11
GOT1	3209	129	1361	448	180	458	2511	189
NKX2-3	63	0	0	0	1	4	1	2
SLC25A28	971	28	322	116	70	174	699	59
ENTPD7	527	29	199	134	103	207	317	62
CUTC	2265	105	772	271	210	432	1860	125
COX15	1750	107	637	321	201	460	1318	133
ABCC2	31	4	16	14	9	11	20	11
DNMBP	938	98	333	475	269	335	822	119
CPN1	6	0	14	5	5	1	13	0
ERLIN1	1556	53	541	174	131	251	1373	85
CHUK	725	47	260	238	142	272	445	72
CWF19L1	841	51	157	247	150	302	571	83
BLOC1S2	4969	183	2270	765	383	899	4138	245
PKD2L1	3	0	1	2	0	1	4	2
SCD	12011	326	2443	1251	690	1733	9798	581
WNT8B	1107	397	100	1126	931	1357	1461	409
SEC31B	459	51	129	193	172	145	610	80
NDUFB8	19521	836	6664	3365	1899	3662	16044	1147
HIF1AN	1508	64	638	249	158	312	1128	92
PAX2	185	17	564	33	1	4	191	4
SLF2	1793	76	756	421	237	569	1354	140
MRPL43	8031	223	2516	815	673	1095	8365	454
SEMA4G	216	16	49	49	45	52	151	19
TWNK	599	20	195	52	32	124	460	20
LZTS2	2965	72	1095	273	143	321	2179	84
PDZD7	12	3	14	16	4	6	51	4
SFXN3	38	2	34	14	8	11	98	2
KAZALD1	164	12	42	33	0	30	216	13
TLX1	2	1	0	1	1	2	2	0
LBX1	0	0	0	0	1	0	1	0
BTRC	1254	208	386	974	717	1062	1034	303
DPCD	7903	271	1540	1010	626	1104	8344	364
POLL	1109	28	369	140	100	170	1006	42
FBXW4	944	88	550	269	220	380	943	108
FGF8	2330	106	383	265	38	209	3135	54
NPM3	6498	219	2023	512	248	520	6692	197
OGA	5373	334	1890	1149	815	1942	4187	500
KCNIP2	79	7	37	12	13	26	39	3
ARMH3	569	140	230	540	349	645	420	190
HPS6	609	4	288	44	33	70	509	17
LDB1	1285	29	634	166	117	313	865	70
PPRC1	1104	36	369	181	91	197	775	63
NOLC1	5382	151	1558	591	302	758	3721	206
ELOVL3	18	0	13	0	1	1	11	1
PITX3	2	0	11	7	7	3	10	0
GBF1	1154	164	448	666	436	696	878	205
NFKB2	409	18	187	50	24	58	501	16
PSD	318	12	187	105	82	118	508	33
FBXL15	1966	65	876	270	193	326	2091	84
CUEDC2	12263	309	3586	1210	853	1674	8658	497
C10orf95	63	1	40	4	3	16	104	2
MFSD13A	635	12	101	35	33	93	395	32
ACTR1A	3733	122	1206	415	298	619	2748	187
SUFU	544	87	229	383	236	431	409	149
TRIM8	2242	81	897	254	224	378	2535	127
ARL3	17646	595	5711	2257	1844	3301	11422	965
SFXN2	683	73	199	190	117	275	611	86
WBP1L	647	35	335	192	121	223	492	61
CYP17A1	0	0	0	0	1	0	0	0
BORCS7	5656	192	1444	598	466	1068	4052	296
AS3MT	26	108	5	373	223	617	11	139
CNNM2	405	119	274	366	212	425	483	152
NT5C2	1472	187	719	697	494	900	1202	257
RPEL1	5	0	3	1	0	0	8	0
INA	357	7	180	68	31	106	403	14
PCGF6	1798	83	638	366	230	440	1218	128
TAF5	1322	35	419	115	85	213	935	45
ATP5MD	23153	593	9209	2717	1536	3084	19514	924
PDCD11	3512	86	1099	334	202	493	2492	127
CALHM2	195	5	95	39	2	49	200	4
CALHM1	1	0	2	1	0	0	1	0
CALHM3	1	0	0	0	0	1	3	0
NEURL1	33	7	24	26	9	23	94	10
SH3PXD2A	616	43	337	133	69	165	669	67
STN1	1062	55	501	127	96	184	1104	64
SLK	3844	156	1307	547	358	716	2850	193
COL17A1	26	0	24	4	3	3	27	2
SFR1	1910	67	500	164	145	282	1660	76
CFAP43	81	74	33	214	141	300	145	73
GSTO1	9598	262	2720	615	563	991	10297	288
GSTO2	767	59	546	99	59	405	1316	95
ITPRIP	311	31	77	122	79	103	297	42
CFAP58	16	1	5	5	6	10	21	5
SORCS3	40	97	3	453	99	71	135	47
SORCS1	794	256	266	818	1392	1192	493	412
XPNPEP1	1681	72	856	288	170	317	1713	97
ADD3	3807	300	2108	1002	670	1279	3645	456
MXI1	2961	156	946	593	476	873	3529	207
SMNDC1	3984	150	1329	604	403	850	3155	253
DUSP5	476	18	172	88	80	106	607	19
SMC3	21386	607	6842	2347	1501	3114	15795	1037
RBM20	16	10	1	25	15	21	46	7
PDCD4	6057	323	2093	932	807	2003	4675	448
BBIP1	4273	177	1460	527	400	911	3082	246
SHOC2	1803	161	739	644	455	774	1300	210
ADRA2A	52	1	47	14	12	27	63	3
GPAM	929	49	314	143	92	275	630	55
TECTB	1	1	0	0	1	0	0	0
ACSL5	9	3	2	8	3	10	2	4
ZDHHC6	1906	60	484	255	219	461	1217	83
VTI1A	1043	291	377	1208	762	1531	737	465
TCF7L2	5733	557	2692	1961	1228	2863	3840	971
HABP2	1	0	0	1	1	2	2	0
NRAP	10	2	5	16	4	2	66	0
CASP7	715	37	349	125	82	203	764	47
PLEKHS1	0	0	0	1	0	1	2	0
DCLRE1A	759	31	243	96	73	189	540	44
NHLRC2	2949	209	905	745	615	1305	1733	283
ADRB1	8	0	19	1	2	2	4	0
CCDC186	1480	75	718	287	202	401	1774	89
TDRD1	7	0	1	2	1	1	10	0
VWA2	22	4	6	5	1	11	16	2
AFAP1L2	143	22	85	35	22	29	65	15
ABLIM1	1360	172	762	783	282	569	1199	222
FAM160B1	610	67	249	214	185	293	484	88
TRUB1	870	65	489	231	144	263	754	84
ATRNL1	592	349	108	1529	929	1500	479	499
GFRA1	89	27	492	128	65	128	102	32
CCDC172	27	1	32	2	0	4	23	0
PNLIPRP3	0	0	0	0	1	0	0	0
PNLIP	0	0	0	2	0	0	0	0
PNLIPRP1	0	1	0	2	0	1	0	0
C10orf82	381	25	245	58	33	84	615	42
HSPA12A	366	57	174	190	128	146	480	51
ENO4	280	44	82	125	130	155	263	42
SHTN1	1566	165	935	519	445	658	2093	164
VAX1	375	16	442	36	10	36	211	11
KCNK18	1	1	0	0	0	0	1	0
SLC18A2	14	6	15	13	25	23	28	10
PDZD8	2298	156	870	556	404	766	1673	227
EMX2	20205	535	1128	1359	2797	6367	11122	1216
RAB11FIP2	4020	252	861	604	599	1800	2716	371
FAM204A	10332	385	2614	1366	1404	2617	7682	698
PRLHR	0	0	1	0	0	0	3	0
CACUL1	4329	201	1807	829	561	1204	3379	323
NANOS1	581	7	276	34	16	53	439	14
EIF3A	25321	739	10822	2826	1610	4277	19424	1217
DENND10	3567	144	1632	678	452	810	3135	242
SFXN4	2435	61	682	280	166	312	1712	101
PRDX3	17976	516	7550	1610	1090	2272	14559	671
GRK5	407	49	113	176	134	267	158	83
RGS10	1229	26	505	78	91	249	252	45
TIAL1	6919	236	2360	883	672	1379	5085	383
BAG3	699	30	282	131	85	117	634	49
INPP5F	1517	89	2395	913	220	783	2714	123
MCMBP	3245	134	1099	503	360	775	2300	247
SEC23IP	2232	88	826	366	255	465	1814	163
PLPP4	70	13	67	54	110	121	200	25
WDR11	2082	113	782	426	341	542	1534	137
FGFR2	1478	248	779	1338	1276	1497	1892	314
ATE1	1623	339	636	1270	1020	1385	1551	424
NSMCE4A	9241	288	2618	949	679	1347	6694	409
TACC2	1709	201	599	627	535	774	1381	250
BTBD16	6	3	2	3	3	8	14	4
PLEKHA1	2685	102	1344	439	286	505	2338	153
ARMS2	2	0	1	0	0	0	0	0
HTRA1	1515	62	271	141	163	166	1919	65
DMBT1	1	0	0	0	0	0	0	0
AL603764.2	0	0	0	0	0	0	0	0
C10orf120	0	0	0	0	0	0	0	0
CUZD1	0	0	1	0	3	3	0	4
FAM24B	43	8	98	6	3	30	18	20
FAM24A	0	0	0	0	0	0	0	0
C10orf88	682	53	251	149	84	230	545	57
PSTK	1452	49	431	214	142	222	1348	72
IKZF5	448	26	166	88	68	162	304	46
ACADSB	449	45	246	141	135	165	378	49
HMX3	22	1	14	7	5	2	11	0
HMX2	25	1	9	0	1	0	14	0
BUB3	14066	361	4309	1125	828	2159	9266	714
GPR26	2	0	0	0	0	1	0	0
CPXM2	19	3	7	9	5	22	34	3
CHST15	172	16	74	72	40	26	183	10
OAT	2256	64	1338	245	163	310	1733	92
NKX1-2	461	1	83	2	1	8	768	1
LHPP	1302	73	408	212	122	250	1253	80
FAM53B	614	40	156	108	72	167	404	56
EEF1AKMT2	3306	204	926	667	573	1112	2690	304
ABRAXAS2	1613	88	593	325	198	433	1230	109
ZRANB1	2046	85	714	339	252	488	1538	162
CTBP2	8550	438	3131	1683	1187	2274	5974	819
TEX36	0	0	0	1	1	2	0	0
EDRF1	1794	89	575	313	205	445	1225	131
MMP21	9	3	1	10	5	10	3	6
UROS	8209	188	2304	988	506	774	5966	284
BCCIP	6714	236	1927	900	543	1356	4680	356
DHX32	1943	162	981	668	457	779	1695	226
FANK1	420	70	129	353	246	472	565	92
ADAM12	254	19	67	84	65	108	203	24
C10orf90	1	0	2	3	4	2	0	2
DOCK1	1806	239	746	947	667	1127	1512	374
INSYN2A	6	28	1	104	85	80	4	44
NPS	0	0	0	0	0	0	0	0
FOXI2	0	0	1	0	0	0	13	0
CLRN3	0	0	0	0	0	0	0	0
PTPRE	102	10	14	19	18	18	76	11
MKI67	17873	516	4042	1361	937	3191	9428	725
MGMT	4539	272	1575	484	585	982	2611	392
EBF3	34	3	11	26	23	23	40	11
C10orf143	360	11	98	51	62	65	164	24
GLRX3	10796	318	4403	1127	754	1559	8533	470
TCERG1L	22	11	25	37	29	45	92	29
PPP2R2D	2792	120	816	525	373	749	1989	211
BNIP3	13945	419	5560	2344	1241	2623	28501	802
JAKMIP3	21	4	7	10	3	8	28	4
DPYSL4	4874	87	1324	185	281	815	2831	154
STK32C	1261	49	471	154	94	208	1332	77
LRRC27	684	22	244	69	67	161	474	44
PWWP2B	437	12	102	26	25	42	382	6
INPP5A	611	51	237	216	141	287	440	98
NKX6-2	50	2	21	3	0	4	24	0
CFAP46	546	15	87	129	117	159	393	50
ADGRA1	73	2	14	3	6	10	9	6
KNDC1	356	34	176	134	88	177	296	41
UTF1	1155	19	1448	49	35	69	443	23
VENTX	134	2	128	12	4	23	67	6
ADAM8	31	0	23	3	0	4	29	2
TUBGCP2	4056	173	1277	584	384	811	2930	224
ZNF511	6348	173	2216	659	434	924	5138	271
CALY	461	9	264	48	74	95	737	31
PRAP1	14	2	20	6	8	20	9	4
FUOM	1845	62	1099	202	86	199	1719	65
ECHS1	14946	455	5190	1717	935	2366	12278	741
PAOX	240	25	158	93	67	132	189	39
MTG1	3878	192	1141	746	611	1207	2922	327
SPRN	43	0	6	3	4	4	57	3
SCART1	25	7	8	97	25	35	12	14
CYP2E1	6	1	5	20	3	4	11	1
SYCE1	0	0	0	0	0	0	0	0
FRG2B	0	0	0	0	0	0	0	0
IQSEC3	21	8	15	15	11	17	83	3
SLC6A12	15	1	4	1	2	1	20	2
SLC6A13	4	3	3	5	2	2	5	3
KDM5A	5506	270	1849	998	731	1482	4005	358
CCDC77	2257	107	712	397	239	684	1714	161
B4GALNT3	64	20	52	82	64	124	70	32
NINJ2	54	4	15	13	4	23	68	5
WNK1	6372	439	2993	1690	1099	2272	5343	688
RAD52	476	54	122	200	181	323	321	75
ERC1	2732	462	819	1888	1744	2465	1968	633
WNT5B	4225	656	1273	2421	3476	7023	2698	819
FBXL14	228	156	54	540	703	1476	183	346
ADIPOR2	1909	178	576	728	521	1019	1347	265
CACNA2D4	17	16	22	39	34	54	38	29
LRTM2	0	0	0	0	1	0	0	0
DCP1B	1000	65	399	310	202	256	759	100
CACNA1C	76	109	21	422	459	414	104	112
FKBP4	14284	232	4370	841	486	1187	11461	174
ITFG2	1417	67	496	252	205	406	931	70
NRIP2	25	0	6	3	7	6	33	0
TEX52	0	0	0	4	2	3	0	1
FOXM1	4206	86	1033	358	270	538	2371	88
RHNO1	4770	61	1318	421	297	622	3719	91
TULP3	3312	152	880	462	385	737	2523	125
TEAD4	613	11	228	65	39	122	511	16
TSPAN9	258	52	182	194	116	207	291	29
PRMT8	108	9	26	88	26	28	80	5
CRACR2A	31	4	13	9	8	16	23	4
PARP11	900	81	401	345	274	498	660	63
CCND2	6941	364	2228	1048	633	2151	6127	283
TIGAR	408	117	242	566	231	419	281	94
FGF23	73	3	26	2	2	11	80	6
FGF6	0	0	0	0	0	0	0	0
C12orf4	601	62	218	236	130	257	420	37
RAD51AP1	6535	218	2071	856	514	1256	4712	195
DYRK4	2581	99	782	404	259	408	2100	71
AKAP3	48	7	21	19	15	69	54	1
NDUFA9	3823	151	1722	441	333	658	2811	106
GALNT8	171	46	52	221	140	279	150	34
KCNA6	0	0	0	0	0	0	0	0
KCNA1	33	8	16	24	9	15	73	0
KCNA5	33	5	7	10	4	1	105	5
NTF3	397	43	236	128	118	240	341	33
ANO2	80	46	38	149	178	223	81	50
VWF	17	1	36	6	3	12	42	3
CD9	3342	42	1519	226	148	266	5982	95
PLEKHG6	101	6	73	20	7	11	173	5
TNFRSF1A	1956	48	813	240	161	265	2136	70
SCNN1A	135	5	200	6	9	15	220	5
LTBR	26	0	24	11	4	5	63	8
CD27	17	1	18	5	5	4	26	4
TAPBPL	12	1	4	5	5	5	9	5
VAMP1	199	7	150	20	17	38	171	9
MRPL51	30384	732	9537	3128	1738	3824	23699	1160
NCAPD2	4518	185	1219	530	333	854	3017	237
GAPDH	373939	7439	98798	29324	19841	46475	295131	14534
IFFO1	592	16	250	47	52	99	479	20
NOP2	119	39	34	171	87	196	101	73
CHD4	10698	576	3706	2173	1527	3018	8143	762
LPAR5	4	1	7	2	3	1	11	0
ACRBP	46	1	31	9	6	24	69	7
ING4	3360	125	1158	401	387	757	2869	185
ZNF384	1257	40	395	143	109	206	1017	50
PIANP	931	12	457	67	92	163	588	42
COPS7A	2044	50	684	180	95	248	1565	55
MLF2	13713	338	5474	1526	1103	2000	11493	659
PTMS	89526	2169	31351	8182	6696	13834	60976	3644
LAG3	184	9	67	14	21	45	157	13
CD4	108	24	84	27	27	35	105	11
GPR162	1250	30	400	142	127	143	1356	31
P3H3	851	32	517	134	67	107	1090	44
GNB3	315	5	133	37	15	28	274	7
CDCA3	6028	131	1335	393	289	777	3558	284
USP5	3543	63	1143	223	146	390	2672	107
TPI1	76307	1798	25015	7137	3921	10678	83853	3460
SPSB2	862	35	425	75	61	101	688	32
LRRC23	895	92	280	246	214	283	1104	164
ENO2	4996	270	4283	912	656	746	7122	196
ATN1	3528	140	1161	446	343	601	2780	162
C12orf57	35153	922	7231	3150	2698	5985	23301	1388
PTPN6	85	14	116	21	23	27	133	41
PHB2	21342	552	7622	1787	1333	2712	17183	856
EMG1	5089	109	1527	334	204	503	4417	130
LPCAT3	1595	66	657	180	162	273	1406	70
C1S	81	29	40	73	51	115	119	39
C1R	450	2	147	25	57	69	346	22
C1RL	533	76	222	242	237	385	596	86
RBP5	33	4	15	11	13	26	66	10
CLSTN3	681	34	282	143	135	177	916	46
PEX5	992	29	342	106	83	154	887	43
ACSM4	1	0	0	1	0	0	0	0
CD163L1	5	18	5	63	61	92	10	14
CD163	0	0	1	0	0	1	6	0
APOBEC1	0	0	0	1	0	0	0	0
GDF3	806	4	178	16	11	22	1062	4
DPPA3	59	0	28	17	16	17	42	5
CLEC4C	0	0	0	1	0	1	2	0
NANOGNB	0	0	0	0	0	0	0	0
NANOG	346	7	166	28	30	44	420	14
SLC2A14	12	5	29	16	10	5	32	2
SLC2A3	2320	54	2147	296	140	338	4903	77
FOXJ2	397	10	187	61	39	100	266	24
C3AR1	0	0	0	1	0	1	0	0
NECAP1	1114	33	420	114	77	175	948	49
CLEC4A	18	1	13	9	1	13	15	7
ZNF705A	0	0	0	0	0	0	0	0
FAM90A1	8	1	2	10	4	7	27	2
CLEC6A	0	0	0	1	0	2	0	1
CLEC4D	2	1	2	1	1	2	7	0
CLEC4E	2	0	2	0	0	0	7	0
AICDA	1	0	3	0	1	1	3	0
MFAP5	2	0	4	1	1	0	8	0
RIMKLB	2325	144	825	471	381	726	1584	170
A2ML1	8	0	9	7	8	14	16	2
PHC1	922	72	462	221	193	475	783	98
M6PR	2022	202	968	765	389	848	1791	251
KLRG1	747	47	159	153	136	273	512	71
A2M	25	27	5	76	100	155	26	31
PZP	21	16	1	61	95	165	9	16
KLRB1	1	15	0	7	10	36	0	6
CLEC2D	638	93	237	281	227	526	582	106
CLECL1	0	0	0	1	0	0	0	1
CD69	3	0	2	3	0	4	1	0
KLRF1	2	0	1	0	0	1	1	0
CLEC2B	1	0	0	0	0	0	1	0
KLRF2	0	3	0	2	4	2	0	2
CLEC2A	5	15	0	9	4	11	19	4
CLEC12A	0	0	0	0	2	0	0	0
CLEC1B	0	0	1	0	1	0	1	0
CLEC12B	0	0	0	0	0	0	0	0
CLEC9A	0	0	0	0	1	1	0	0
CLEC1A	3	1	0	0	0	1	2	0
CLEC7A	0	0	0	1	0	2	2	0
OLR1	0	0	0	0	0	0	1	0
TMEM52B	2	1	1	0	0	1	0	0
GABARAPL1	1695	73	983	229	124	297	1933	69
KLRD1	7	13	6	25	17	39	7	1
KLRK1	0	0	1	2	0	3	0	0
KLRC4	0	0	0	1	0	0	0	0
KLRC3	0	0	0	0	0	0	0	0
KLRC2	0	0	0	0	0	0	0	0
KLRC1	0	0	1	0	0	0	0	0
EIF2S3B	17	0	13	5	6	8	13	3
MAGOHB	7680	166	2148	738	375	1013	5219	213
STYK1	11	1	4	2	2	2	6	0
YBX3	12074	328	6274	1037	446	1171	10673	450
TAS2R7	0	0	0	0	0	0	0	0
TAS2R8	0	0	0	0	0	1	0	1
TAS2R9	0	0	0	0	1	0	0	2
PRH1	504	280	71	1405	974	1731	228	521
TAS2R10	0	1	0	2	2	5	0	0
PRR4	6	17	3	57	26	57	5	26
TAS2R13	0	1	0	3	1	1	0	0
PRH2	0	3	0	4	4	3	0	0
TAS2R14	3	14	2	33	30	68	3	24
TAS2R50	0	0	0	0	1	0	0	0
TAS2R20	0	2	0	1	3	5	0	0
TAS2R19	0	1	0	2	5	7	0	1
TAS2R31	0	1	0	15	8	18	0	7
TAS2R46	0	0	0	4	3	4	0	1
TAS2R43	2	0	0	1	1	0	2	1
TAS2R30	0	3	0	17	11	16	0	3
SMIM10L1	0	161	0	620	423	939	0	237
TAS2R42	0	0	0	0	0	0	0	0
PRB3	10	2	3	5	6	7	4	1
PRB4	0	0	0	0	0	2	0	0
PRB1	0	1	0	7	4	12	0	2
PRB2	0	0	0	2	2	2	0	0
ETV6	1055	157	412	524	427	749	777	241
BCL2L14	32	120	4	429	413	746	33	197
LRP6	3706	349	1241	1339	1020	2132	2456	596
MANSC1	528	15	157	70	65	103	449	15
BORCS5	799	58	335	157	136	290	642	69
DUSP16	574	102	361	453	280	564	430	107
CREBL2	718	34	422	147	83	164	631	50
GPR19	542	28	498	171	123	205	424	62
CDKN1B	3037	116	1281	338	302	822	2469	177
APOLD1	320	85	81	152	392	468	286	131
DDX47	96	3	33	19	10	14	63	2
GPRC5A	11	0	2	1	1	3	27	2
GPRC5D	0	0	0	0	2	4	0	2
HEBP1	4475	187	1448	741	442	748	4095	210
FAM234B	756	23	296	115	75	151	698	51
GSG1	39	10	8	13	6	12	90	8
EMP1	37	7	24	9	1	6	59	0
GRIN2B	29	22	37	119	30	32	23	3
ATF7IP	5183	579	2287	1776	1400	2934	3817	815
PLBD1	584	27	254	99	97	156	799	52
GUCY2C	5	0	2	5	6	6	5	2
HIST4H4	116	11	46	10	8	36	110	4
H2AFJ	3990	110	1784	559	331	556	3059	125
WBP11	7415	244	2659	929	560	1366	5773	319
C12orf60	353	18	125	68	64	120	253	45
SMCO3	0	0	0	0	1	3	2	2
ART4	9	0	2	2	13	13	13	6
MGP	10	0	4	6	3	1	12	1
ERP27	7	0	15	2	0	0	7	0
ARHGDIB	23	7	72	13	4	19	35	2
PDE6H	1	0	1	1	0	0	4	0
RERG	66	13	5	42	85	69	158	18
PTPRO	467	106	40	299	1037	1006	475	236
EPS8	1245	121	304	529	233	515	948	186
STRAP	23824	577	8051	2625	1710	3509	18853	972
DERA	4566	176	1458	849	512	1023	3657	259
SLC15A5	4	0	2	5	1	7	1	1
MGST1	15927	517	13421	1391	382	641	15739	310
LMO3	2256	186	809	732	388	571	1208	210
RERGL	3	3	3	3	15	4	23	8
PIK3C2G	4	0	0	3	9	3	1	0
PLCZ1	2	0	0	2	2	3	5	3
CAPZA3	0	0	0	0	0	0	0	0
PLEKHA5	13521	1634	2722	6308	6841	14615	11930	3710
AEBP2	2094	205	923	693	507	974	1555	360
PDE3A	72	36	162	349	216	327	59	40
SLCO1C1	9	0	7	2	3	0	1	0
SLCO1B3	0	0	0	0	2	1	0	0
SLCO1B7	0	0	0	2	0	1	0	0
SLCO1B1	58	21	26	80	70	27	37	7
SLCO1A2	883	83	244	382	331	108	473	44
IAPP	70	13	52	62	47	53	25	7
PYROXD1	588	56	139	162	107	193	511	70
RECQL	2385	116	1047	407	254	601	2018	137
GOLT1B	1879	105	930	399	237	488	1851	129
SPX	16	0	11	3	1	3	28	0
GYS2	1	0	0	0	2	4	0	2
LDHB	134300	3153	39643	11415	7411	17509	93961	5164
KCNJ8	298	3	12	11	14	28	121	0
ABCC9	16	2	1	7	14	2	27	2
CMAS	5685	164	2071	607	432	841	4698	234
ST8SIA1	1513	95	138	356	448	847	676	165
C2CD5	1289	149	401	567	453	985	888	278
ETNK1	4707	332	1269	1218	853	1895	3419	501
SOX5	3159	1426	1053	5451	3775	11075	1030	2613
BCAT1	7865	392	3021	1715	443	1988	4998	631
LRMP	5	1	1	24	42	14	0	3
CASC1	135	18	15	61	102	121	136	19
ETFRF1	2409	67	812	286	203	372	1706	110
KRAS	8374	262	3271	1140	948	1859	6741	504
LMNTD1	2	2	0	36	10	11	3	2
RASSF8	2626	323	1038	1297	1150	2122	2628	565
BHLHE41	30	0	53	2	3	5	148	2
SSPN	378	26	69	70	35	45	445	22
ITPR2	173	45	130	58	45	104	145	44
INTS13	1971	63	674	228	152	378	1739	93
FGFR1OP2	3909	190	1253	655	470	1140	2932	272
TM7SF3	5261	169	1908	672	415	817	3371	256
MED21	3979	137	1337	545	353	740	2971	159
C12orf71	0	0	0	0	1	0	0	0
STK38L	1229	141	633	481	314	551	1011	154
ARNTL2	219	32	96	151	87	130	275	29
SMCO2	3	3	5	7	1	2	2	0
PPFIBP1	1346	134	802	547	359	713	1397	200
REP15	40	0	25	6	6	3	29	1
MRPS35	4254	151	1548	565	462	990	3533	248
MANSC4	2	0	1	3	3	5	4	4
KLHL42	2269	112	835	387	248	550	1631	154
PTHLH	1	0	2	1	1	2	2	0
CCDC91	2863	432	1048	1442	1172	2326	2471	600
FAR2	588	39	162	152	99	278	364	105
ERGIC2	4969	221	1546	707	530	1241	3921	296
OVCH1	1	2	0	13	12	19	1	10
TMTC1	278	111	239	775	435	698	231	199
IPO8	1462	97	560	266	204	488	1201	102
CAPRIN2	707	67	360	157	95	224	553	58
TSPAN11	753	87	244	275	135	324	637	89
DDX11	1870	60	462	192	115	323	1371	69
SINHCAF	7613	669	4104	2427	1589	4178	6976	1087
DENND5B	1935	429	607	1595	1420	2322	1215	587
ETFBKMT	154	10	70	18	24	39	151	14
AMN1	905	58	283	160	158	288	774	79
H3F3C	21	1	14	1	0	2	12	0
RESF1	3034	152	956	459	474	864	2250	194
BICD1	2786	583	1231	1814	1622	2692	2328	841
FGD4	2234	318	1018	1087	876	1718	1449	445
DNM1L	4764	213	1706	928	713	1329	3494	347
YARS2	3163	85	1124	381	225	601	2542	168
PKP2	566	54	318	156	116	183	593	70
SYT10	397	8	21	12	13	26	213	10
ALG10	375	27	148	65	52	143	293	32
ALG10B	369	17	204	83	57	148	421	20
CPNE8	866	104	400	523	488	550	640	184
KIF21A	5610	257	2356	1369	1059	1171	4423	332
ABCD2	4	1	4	18	27	12	12	0
C12orf40	1	23	3	118	70	115	1	29
SLC2A13	480	235	244	996	547	923	609	268
LRRK2	19	3	7	8	14	14	15	4
MUC19	19	7	14	8	1	3	16	2
CNTN1	10	7	17	31	45	47	27	3
PDZRN4	109	270	31	720	296	370	1601	117
GXYLT1	2151	162	959	558	329	894	2106	197
YAF2	2771	246	678	909	648	1270	2079	375
PPHLN1	6020	347	2112	1131	740	1645	5690	458
ZCRB1	12384	494	3368	1429	1244	2328	10372	710
PRICKLE1	927	12	209	78	62	224	831	16
ADAMTS20	77	64	16	645	93	213	147	58
PUS7L	3939	130	1185	458	345	814	2555	199
IRAK4	476	22	180	85	65	122	343	29
TWF1	1218	82	491	357	222	466	1044	103
TMEM117	124	53	25	233	296	594	89	68
NELL2	4512	373	1614	1242	895	1627	2875	528
DBX2	28	1	386	10	5	12	7	0
ANO6	1170	205	505	870	605	962	955	324
ARID2	3276	554	1344	1688	1347	2765	2420	862
SCAF11	10550	524	4319	1819	1200	2876	8025	723
SLC38A1	10547	411	3443	1667	1042	3268	6009	796
SLC38A2	3556	104	2559	510	312	1160	2738	401
SLC38A4	13	7	84	20	12	21	41	3
AMIGO2	97	6	314	13	17	29	213	14
PCED1B	36	30	52	47	44	67	79	13
RPAP3	2971	125	1154	608	420	768	2504	206
ENDOU	1	0	0	1	2	0	1	1
RAPGEF3	22	0	20	3	5	2	37	2
SLC48A1	986	26	398	128	76	159	486	49
HDAC7	1735	61	702	296	166	301	1416	93
VDR	0	2	0	1	2	1	4	6
TMEM106C	9864	219	2036	818	661	1219	6282	384
COL2A1	11653	365	5394	1635	959	2213	10140	556
SENP1	1393	97	508	390	247	514	933	156
PFKM	2834	60	1503	254	219	408	2358	103
ASB8	1651	51	498	201	152	307	1159	81
CCDC184	254	7	64	42	37	76	316	14
OR10AD1	0	0	0	0	0	0	0	0
H1FNT	0	0	0	0	1	0	0	0
ZNF641	447	22	208	90	61	127	369	29
ANP32D	6	0	1	0	0	1	6	0
C12orf54	6	1	0	1	1	0	6	0
OR8S1	0	0	0	0	0	0	2	0
OR5BS1P	0	0	0	1	0	0	0	0
LALBA	0	0	0	0	0	0	0	0
KANSL2	1426	82	450	275	229	452	1185	121
CCNT1	1352	91	521	375	250	532	1094	127
TEX49	0	1	0	0	3	2	0	0
ADCY6	951	41	314	241	142	306	728	56
CACNB3	910	24	283	93	62	131	898	24
DDX23	4141	97	1227	376	246	595	2875	130
RND1	266	10	89	61	33	41	403	7
CCDC65	160	75	42	317	223	331	154	91
FKBP11	964	33	400	99	59	97	1095	40
ARF3	4193	121	2017	705	381	780	3741	186
WNT10B	87	27	38	123	33	10	448	9
WNT1	292	36	110	606	132	37	2018	28
DDN	11	0	9	7	3	1	47	1
PRKAG1	2719	110	904	321	236	505	2083	145
KMT2D	997	59	368	203	146	242	833	76
RHEBL1	284	10	151	19	7	40	259	11
DHH	3	0	2	4	0	1	6	0
LMBR1L	1177	43	464	139	105	211	1032	61
TUBA1B	250257	5504	59268	18416	11783	29297	159251	10130
TUBA1A	179765	4384	39050	16134	14113	29903	111880	9032
TUBA1C	21240	481	9161	1929	814	2089	18314	710
PRPH	69	9	30	19	8	5	212	3
TROAP	4659	85	968	235	203	479	2885	133
C1QL4	6	0	0	0	1	0	4	0
DNAJC22	13	1	12	3	0	7	8	2
SPATS2	6970	393	1677	1385	1079	1844	4820	582
KCNH3	17	1	5	10	6	6	36	7
MCRS1	5574	154	1679	504	351	772	4353	238
PRPF40B	742	101	232	416	301	616	658	146
FAM186B	9	4	3	9	9	18	4	1
FMNL3	663	28	192	121	122	186	424	41
TMBIM6	24694	770	10406	2895	1686	4527	23884	1182
NCKAP5L	815	38	321	185	126	192	733	57
BCDIN3D	1002	26	304	140	103	212	691	38
FAIM2	72	7	57	48	23	68	99	7
AQP2	0	0	0	0	0	0	0	0
AQP5	205	2	51	10	14	19	71	5
AQP6	8	0	2	1	1	2	6	1
RACGAP1	2755	93	794	401	233	589	1764	178
ASIC1	389	11	90	42	24	52	222	28
SMARCD1	6523	149	2070	637	430	1041	4640	247
GPD1	5	0	20	3	1	3	16	3
COX14	4199	141	2133	521	390	544	4087	183
CERS5	2448	146	851	679	484	807	2017	211
LIMA1	1604	81	1029	354	279	383	1411	101
FAM186A	1	4	2	11	11	17	2	1
LARP4	2725	179	1187	870	534	1223	2038	298
DIP2B	903	217	409	706	649	1085	575	275
ATF1	1728	95	578	411	279	537	1667	189
TMPRSS12	2	3	0	10	2	6	3	0
METTL7A	88	4	40	10	13	24	107	11
HIGD1C	0	0	0	7	8	14	0	9
SLC11A2	1812	92	656	312	256	599	1230	153
LETMD1	1397	98	649	286	187	459	1468	127
CSRNP2	732	32	326	166	106	193	615	61
TFCP2	2356	255	746	905	663	1325	1859	357
POU6F1	63	11	17	17	44	69	65	21
DAZAP2	2992	114	965	347	276	507	2189	162
SMAGP	171	11	214	24	13	32	238	9
BIN2	0	0	0	4	1	4	1	0
CELA1	0	0	0	0	0	0	0	0
GALNT6	39	0	29	4	0	6	74	0
SLC4A8	1604	130	360	325	278	673	930	207
SCN8A	596	59	144	412	263	364	359	119
C12orf81	12	1	4	2	3	0	13	0
FIGNL2	563	35	340	129	88	129	604	42
ANKRD33	10	1	13	3	0	1	50	1
ACVRL1	6	0	0	2	1	0	1	0
ACVR1B	1005	70	285	205	181	343	697	91
GRASP	663	16	376	48	36	63	559	22
NR4A1	483	24	212	124	60	110	313	45
ATG101	3121	73	1188	374	238	444	2727	128
SMIM41	0	1	13	3	2	11	2	0
KRT80	0	0	0	0	0	0	1	0
KRT7	44	0	45	1	0	2	64	0
KRT86	1	1	1	0	0	3	4	1
KRT81	0	0	0	0	0	0	2	0
KRT83	0	1	0	0	0	0	2	0
KRT85	0	0	0	0	0	0	0	0
KRT84	0	0	0	0	0	0	0	0
KRT82	0	0	1	0	0	0	0	0
KRT75	0	0	0	0	0	0	0	0
KRT6B	0	0	0	0	0	0	0	0
KRT6C	0	0	0	0	0	0	0	0
KRT6A	1	0	0	0	0	0	0	0
KRT5	0	0	0	0	0	0	0	0
KRT71	0	0	0	0	0	0	0	0
KRT74	0	0	0	0	0	0	0	0
KRT72	0	0	0	0	0	0	0	0
KRT73	0	0	0	0	0	0	0	0
KRT2	0	0	0	0	0	0	0	0
KRT1	0	0	0	0	0	0	0	0
KRT77	2	0	0	0	0	0	3	0
KRT76	0	0	0	0	0	0	0	0
KRT3	0	0	0	0	0	0	0	1
KRT4	1	0	0	0	0	0	1	0
KRT79	0	0	0	0	0	0	0	0
KRT78	1	0	1	0	0	0	0	0
KRT8	6913	251	5945	1134	588	1077	12540	310
KRT18	8962	234	6809	847	458	924	16548	308
EIF4B	16532	589	6831	1995	1384	3935	16544	1016
TNS2	68	1	11	6	5	8	54	4
SPRYD3	254	10	61	28	25	55	269	14
IGFBP6	56	6	45	9	1	28	121	3
SOAT2	0	0	0	1	1	1	1	0
CSAD	1061	79	414	270	158	409	786	95
ZNF740	860	49	324	147	123	326	625	61
ITGB7	5	0	2	0	3	1	19	0
RARG	209	5	180	22	15	41	345	3
AC021072.1	0	0	0	0	1	0	0	0
MFSD5	913	23	293	85	59	112	684	42
ESPL1	867	26	197	93	62	166	514	57
PFDN5	57615	1744	19587	6934	5608	9372	56801	2437
C12orf10	5622	192	2096	595	375	879	5100	263
AAAS	3647	102	1113	306	213	492	2585	173
SP7	6	0	8	2	0	0	7	2
SP1	1657	80	548	278	197	457	1112	92
AMHR2	71	2	136	18	13	11	75	3
PRR13	3274	158	1822	564	374	658	3385	166
PCBP2	33209	969	12508	3941	2312	5231	31033	1538
MAP3K12	1320	37	418	183	130	295	590	84
TARBP2	2447	43	847	157	112	319	1871	80
NPFF	7	2	10	11	4	8	8	3
ATF7	1622	154	532	551	454	819	1127	241
ATP5MC2	97092	2536	29749	8985	6869	15078	69978	3909
CALCOCO1	610	38	441	135	114	174	683	29
HOXC13	0	0	1	0	0	0	0	0
HOXC12	0	0	0	0	0	0	0	0
HOXC11	0	0	0	0	0	0	1	0
HOXC10	0	0	0	0	0	0	16	0
HOXC6	2	0	0	2	0	0	18	1
HOXC9	2	0	0	0	1	0	19	0
HOXC8	20	1	0	0	0	0	13	0
HOXC4	4	1	1	0	0	1	3	0
HOXC5	0	0	2	0	0	0	3	0
SMUG1	1824	49	597	203	138	258	1474	83
CBX5	30594	874	9468	3692	2156	6341	19596	1489
HNRNPA1	104347	3416	32180	12286	8695	23894	83992	5801
NFE2	75	3	52	11	11	7	125	3
COPZ1	13277	390	4814	1512	971	2140	11357	544
GPR84	8	0	1	0	2	0	3	0
ZNF385A	2300	76	666	241	158	354	1708	114
ITGA5	427	31	203	176	52	104	465	36
GTSF1	6	0	15	0	0	2	12	0
NCKAP1L	9	0	3	3	1	1	16	1
PDE1B	375	20	33	71	63	63	492	28
PPP1R1A	5402	211	899	907	896	897	5965	198
LACRT	0	0	0	0	0	0	0	0
DCD	0	0	0	0	0	0	0	0
MUCL1	11	0	1	0	0	4	6	1
TESPA1	6	1	0	1	0	0	3	0
NEUROD4	41	3	1	17	6	11	34	5
OR9K2	0	0	0	0	0	0	0	0
OR10A7	0	0	0	0	0	0	0	0
OR6C74	0	0	0	0	0	0	0	0
OR6C6	0	0	0	0	0	0	1	0
OR6C1	0	0	0	0	0	1	0	0
OR6C3	0	0	0	0	0	0	0	0
OR6C75	0	0	0	0	1	0	0	0
OR6C65	0	0	0	0	0	0	0	0
OR6C76	1	0	0	0	0	0	0	1
OR6C2	0	0	0	0	0	0	0	0
OR6C70	0	0	0	0	0	0	0	0
OR6C68	0	0	0	0	0	0	0	0
OR6C4	1	0	0	0	0	1	0	0
OR2AP1	0	0	0	0	0	0	0	0
OR10P1	0	0	0	0	0	0	0	0
METTL7B	69	6	52	18	9	3	83	3
ITGA7	577	17	324	120	79	149	453	35
BLOC1S1	10163	285	3296	1274	961	1812	6736	486
RDH5	452	18	70	72	34	101	214	30
CD63	51009	1416	26867	6858	3794	7095	51229	1793
GDF11	6711	177	2107	822	647	1124	4531	298
SARNP	648	606	156	2162	1628	3205	487	934
ORMDL2	3670	79	1398	392	249	430	3468	133
DNAJC14	961	35	387	75	64	159	879	32
MMP19	9	0	11	3	2	9	21	0
PYM1	3955	107	1506	442	256	466	3320	150
DGKA	97	7	72	31	42	52	175	20
PMEL	8063	192	19790	741	253	706	4295	98
CDK2	2238	61	421	212	160	374	1392	98
RAB5B	2225	76	822	299	204	450	1800	132
SUOX	603	22	212	68	49	104	440	26
IKZF4	1535	59	555	183	126	270	1300	83
RPS26	98918	4372	35264	15135	11638	27082	75036	6640
ERBB3	370	17	184	54	19	42	420	18
PA2G4	25451	564	8150	2197	1275	3347	18059	1115
RPL41	72079	9640	19794	33316	24424	58168	60730	14941
ESYT1	1944	67	934	221	115	270	1683	72
ZC3H10	754	29	248	56	38	98	520	26
MYL6B	15194	589	6721	2231	1461	3202	13192	767
MYL6	63457	2091	40134	9604	5295	7969	85935	2254
SMARCC2	6880	137	2053	577	545	1093	4730	211
RNF41	1742	56	708	257	143	295	1533	69
NABP2	5520	113	1219	398	310	640	3697	215
SLC39A5	6	0	4	3	3	3	8	3
ANKRD52	646	52	267	156	92	173	493	55
COQ10A	1679	46	715	170	157	276	1445	80
CS	2962	115	1109	345	299	687	2142	161
CNPY2	9359	526	3900	1909	1239	2697	8203	705
PAN2	553	17	225	61	44	93	476	23
IL23A	66	3	28	7	5	18	100	7
STAT2	715	41	340	151	142	210	693	51
APOF	0	0	1	0	1	1	0	0
TIMELESS	6085	147	1470	533	372	1036	3876	234
MIP	4	3	0	16	7	12	1	6
SPRYD4	1125	33	499	112	91	167	1070	29
GLS2	58	9	63	14	12	15	99	4
RBMS2	601	100	163	241	244	436	428	120
BAZ2A	3466	103	1572	448	295	640	2843	192
ATP5F1B	37942	1021	14204	3315	2284	5365	31488	1647
PTGES3	55012	1523	14198	5421	3508	8560	40785	2348
NACA	208127	6858	59932	22503	17015	33881	174274	9068
PRIM1	2881	119	804	421	330	856	2223	236
HSD17B6	281	14	79	11	12	42	141	12
SDR9C7	3	0	2	3	0	0	4	0
RDH16	26	2	14	3	2	5	32	2
GPR182	0	0	0	0	0	0	0	0
ZBTB39	971	23	348	89	50	162	648	34
TAC3	391	4	523	22	7	71	342	20
MYO1A	0	1	3	0	0	1	1	1
NEMP1	939	85	430	289	180	508	699	138
NAB2	1319	39	473	140	85	181	930	53
STAT6	415	23	167	98	54	78	468	27
LRP1	2426	101	1010	455	273	493	2039	140
NXPH4	21	0	52	9	3	11	105	5
SHMT2	6167	177	1955	586	221	769	4100	188
NDUFA4L2	192	6	316	83	17	64	1145	8
STAC3	63	9	28	21	15	28	62	10
R3HDM2	2823	307	1039	1225	1128	1736	2308	478
INHBC	4	1	1	2	3	4	7	0
INHBE	29	2	38	8	4	8	63	2
GLI1	264	9	61	23	7	11	261	10
ARHGAP9	12	1	9	2	1	3	20	1
MARS	3285	100	1056	391	188	434	2663	137
DDIT3	895	57	561	217	102	183	1311	58
AC022506.1	0	0	0	0	0	0	0	0
MBD6	1024	42	362	124	92	176	834	52
DCTN2	10255	337	3970	1219	770	1988	8976	524
KIF5A	419	15	242	40	133	202	332	37
PIP4K2C	367	14	198	57	35	65	427	18
DTX3	2223	61	769	207	194	373	1794	102
ARHGEF25	37	25	15	41	43	111	42	31
SLC26A10	13	0	8	5	2	5	12	2
B4GALNT1	210	3	26	8	11	25	113	4
OS9	4124	138	1628	440	308	762	4242	194
AGAP2	54	2	22	3	9	18	43	0
TSPAN31	2633	128	1096	326	224	543	2420	118
CDK4	21716	460	7270	1976	1194	3010	14594	752
MARCH9	1182	21	491	107	108	232	1053	63
CYP27B1	13	1	13	2	1	0	20	1
METTL1	1543	18	446	90	50	141	1143	36
EEF1AKMT3	71	5	38	18	10	22	129	4
TSFM	51	125	19	512	322	748	32	180
AVIL	159	12	51	50	46	72	123	37
CTDSP2	2710	76	786	310	219	466	2192	109
ATP23	249	49	55	130	112	178	195	62
LRIG3	767	66	305	226	201	275	556	110
SLC16A7	129	17	61	59	44	137	90	22
TAFA2	185	123	55	341	528	703	159	214
USP15	1948	175	530	695	544	1066	1408	285
MON2	963	279	341	900	659	1259	725	346
PPM1H	222	117	203	445	273	257	388	89
AVPR1A	11	0	1	0	4	15	2	2
DPY19L2	265	30	66	101	121	357	245	68
RXYLT1	2211	83	667	262	202	402	1762	101
SRGAP1	2152	267	560	812	711	1020	2016	366
C12orf66	274	11	81	29	20	42	205	8
C12orf56	152	7	42	28	49	48	178	15
XPOT	3090	125	1221	436	217	631	2291	161
TBK1	1346	121	673	456	234	441	1020	140
RASSF3	537	88	302	270	161	509	414	136
GNS	979	55	427	272	155	353	1013	76
TBC1D30	449	30	96	169	116	262	220	54
WIF1	13	0	4	0	0	5	35	1
LEMD3	1358	95	303	359	278	635	938	174
MSRB3	882	54	158	539	349	824	775	113
HMGA2	13578	579	2530	1333	2411	6733	5881	1409
LLPH	4720	143	1369	575	391	793	3393	225
TMBIM4	6863	379	2082	1099	765	1735	6167	373
IRAK3	75	2	13	26	11	15	44	9
HELB	499	45	158	127	84	161	553	43
GRIP1	932	743	294	2843	2146	4611	464	1118
CAND1	7344	285	2063	1154	868	1795	4597	422
DYRK2	2528	54	826	259	154	478	1775	103
IFNG	0	0	0	0	0	0	1	0
IL26	1	0	0	3	0	0	1	0
IL22	0	0	0	0	0	0	0	0
MDM1	1703	83	508	342	311	370	1499	80
RAP1B	2187	367	776	1578	1041	1993	1766	552
NUP107	6108	265	1869	998	635	1567	4368	448
SLC35E3	3016	108	946	345	287	573	2530	162
MDM2	3085	234	889	626	457	1039	2244	319
CPM	45	2	32	32	4	6	47	2
CPSF6	8156	411	2416	1644	1145	2646	5488	675
LYZ	11	0	3	2	0	2	13	3
YEATS4	7401	209	2300	764	589	1232	5558	347
FRS2	1218	212	468	933	660	1163	1065	288
CCT2	32429	787	9807	3534	2192	5266	25363	1420
LRRC10	1	0	0	0	0	0	0	0
BEST3	0	1	1	0	1	0	0	0
RAB3IP	2938	138	1198	413	286	360	1497	130
MYRFL	23	3	7	34	8	26	48	15
CNOT2	6735	466	2138	1721	1243	2647	5363	666
KCNMB4	1705	162	648	600	392	680	2109	213
PTPRB	40	2	5	12	20	18	35	8
PTPRR	13	8	5	38	12	13	27	7
TSPAN8	1	1	1	3	4	9	3	2
LGR5	249	87	253	507	204	436	135	101
ZFC3H1	1872	103	850	482	249	578	1742	179
THAP2	1369	64	369	229	206	323	1209	101
TMEM19	967	35	299	102	95	230	734	56
RAB21	3294	107	1347	496	356	772	2778	212
TBC1D15	1969	123	424	492	333	780	1573	219
TPH2	0	1	1	2	1	4	2	0
TRHDE	76	24	87	97	34	39	154	16
ATXN7L3B	9014	324	2777	1486	999	2479	6441	497
KCNC2	0	1	0	1	0	3	3	2
CAPS2	170	112	100	424	329	578	44	142
GLIPR1L1	75	9	17	41	31	74	67	10
GLIPR1L2	40	7	44	14	15	29	4	5
GLIPR1	75	4	31	25	9	24	43	3
KRR1	4746	147	2199	619	409	915	3740	252
PHLDA1	403	2	356	28	33	79	474	18
NAP1L1	96629	2615	30465	10679	7478	17982	71457	4381
BBS10	462	22	166	83	46	110	373	32
OSBPL8	5253	433	2255	1806	1219	2652	3775	701
ZDHHC17	1747	182	635	689	451	946	1331	262
CSRP2	38515	934	11457	4518	2628	5396	28403	1729
E2F7	1151	141	463	479	304	715	784	180
NAV3	1153	1921	243	11710	4676	10200	1076	2788
SYT1	4298	615	2052	2940	5488	8046	2068	1241
PAWR	7102	318	3396	1249	701	1577	5740	471
PPP1R12A	7858	507	3054	2070	1306	2464	6725	736
OTOGL	7	5	12	15	5	6	9	1
PTPRQ	10	4	3	12	16	38	2	6
MYF6	173	6	39	96	42	41	720	13
MYF5	5	0	4	0	0	0	7	0
LIN7A	488	73	150	303	308	408	678	99
ACSS3	567	135	341	507	349	558	622	154
PPFIA2	309	43	13	69	250	760	55	143
CCDC59	5473	186	1743	612	405	868	4426	252
METTL25	768	31	268	196	148	310	496	83
TMTC2	274	312	263	985	328	1036	329	245
SLC6A15	689	37	151	77	83	288	638	53
TSPAN19	142	13	15	41	24	47	123	13
LRRIQ1	2823	183	346	520	725	909	2577	261
ALX1	25	0	15	7	2	3	533	1
RASSF9	125	12	19	56	44	34	159	19
NTS	1228	8	133	48	47	46	775	10
MGAT4C	140	6	28	6	32	18	150	8
C12orf50	10	0	2	4	1	2	9	1
C12orf29	1879	49	530	185	139	318	1487	83
CEP290	6663	294	1539	990	677	1761	4719	449
TMTC3	1319	83	628	238	181	491	1081	101
KITLG	458	8	49	36	17	81	255	17
DUSP6	3425	136	678	560	122	399	3938	197
POC1B	1103	121	259	357	230	585	815	188
GALNT4	5	11	1	64	33	82	6	25
ATP2B1	14996	778	6695	3153	1365	3845	11563	1024
CCER1	0	0	0	0	0	0	0	0
EPYC	0	0	0	0	0	0	0	0
KERA	0	1	0	0	0	0	0	0
LUM	294	6	117	16	28	44	248	4
DCN	50	0	8	6	8	14	71	2
BTG1	15595	346	5349	1542	1326	3716	10620	763
CLLU1OS	0	0	0	0	0	0	0	0
C12orf74	1	0	0	0	1	6	2	4
EEA1	2298	135	1117	624	430	683	1855	183
NUDT4	772	76	425	259	221	517	765	159
UBE2N	14675	365	4905	1554	1011	2631	9239	654
MRPL42	12294	451	4391	1198	979	2602	9829	607
SOCS2	2183	28	319	76	80	175	1606	30
CRADD	457	129	198	534	387	862	382	185
PLXNC1	419	80	193	292	248	318	282	107
CEP83	1930	215	640	651	536	1020	1473	296
TMCC3	129	20	82	137	83	81	173	21
NDUFA12	20185	499	6555	2121	1419	2724	14908	822
NR2C1	2114	178	911	632	397	831	1886	221
FGD6	1223	111	526	335	310	586	723	162
VEZT	4564	317	1456	1127	893	1811	2995	462
METAP2	12125	377	4269	1455	996	2041	10103	563
USP44	5358	109	2767	451	272	756	2464	210
NTN4	232	20	64	64	117	218	77	48
SNRPF	45866	844	15230	3474	1970	5191	31522	1463
CCDC38	5	4	2	35	16	19	4	20
AMDHD1	14	1	112	9	5	6	23	2
HAL	4	2	1	0	2	3	1	2
LTA4H	6130	200	2542	620	404	951	5271	287
ELK3	158	21	185	57	43	67	212	36
CDK17	1017	134	365	503	456	777	625	212
CFAP54	262	71	22	368	455	423	237	104
NEDD1	2503	154	913	454	431	987	2146	231
TMPO	19496	694	4702	2328	1960	5085	12225	1140
SLC25A3	72566	2144	24244	6964	4522	9913	58039	3006
IKBIP	3688	188	1611	638	337	793	2868	241
APAF1	1226	88	610	352	240	509	926	148
ANKS1B	163	134	52	800	660	985	84	253
FAM71C	2	1	0	1	0	0	1	0
UHRF1BP1L	1085	158	323	511	380	682	746	215
ACTR6	3408	183	1346	528	403	784	2816	232
DEPDC4	457	53	176	154	96	222	370	89
SCYL2	1376	138	558	581	369	819	1124	205
SLC17A8	7	1	0	3	3	1	42	0
NR1H4	0	1	1	0	1	1	0	0
GAS2L3	1161	105	384	264	213	451	832	161
ANO4	26	36	12	176	246	142	33	33
SLC5A8	0	0	0	0	0	0	0	0
UTP20	2134	68	685	261	149	428	1445	121
ARL1	5683	183	2449	794	439	867	5385	217
SPIC	0	0	0	0	2	1	0	0
MYBPC1	3	0	0	2	1	1	69	0
CHPT1	2512	108	716	336	362	524	1516	165
SYCP3	25	8	14	16	36	42	28	6
GNPTAB	1105	59	672	219	167	317	939	102
DRAM1	178	32	100	77	12	40	135	26
WASHC3	2304	81	960	375	340	665	2017	139
NUP37	4892	166	1714	544	323	815	3772	242
PARPBP	2668	147	593	637	450	1000	1729	258
PMCH	3	0	1	3	1	2	4	0
IGF1	19	2	3	1	20	23	12	1
PAH	17	1	13	11	1	5	14	0
ASCL1	614	26	91	256	111	128	617	26
C12orf42	4	2	1	18	21	16	5	4
STAB2	0	1	0	2	2	5	0	1
NT5DC3	384	28	92	67	45	125	280	54
HSP90B1	47702	1481	16349	5281	3195	6346	44688	2025
C12orf73	2662	134	832	403	267	561	2063	160
TDG	4140	185	1574	704	578	1137	3215	303
GLT8D2	67	13	55	22	27	31	142	17
HCFC2	253	20	93	63	61	123	161	44
NFYB	7658	216	2199	780	584	1236	5644	344
TXNRD1	5233	363	1547	1303	1026	2090	3336	599
EID3	344	7	132	30	20	51	216	11
CHST11	709	153	275	559	522	943	550	283
SLC41A2	48	7	34	61	61	59	48	24
C12orf45	5422	172	1829	634	420	936	4480	273
ALDH1L2	46	12	25	58	30	55	50	21
WASHC4	1669	92	743	334	214	454	1365	127
APPL2	1821	105	494	537	399	725	1465	224
C12orf75	4415	205	1549	742	396	1029	3438	294
NUAK1	1466	136	557	539	403	480	1079	123
CKAP4	7276	250	2634	920	511	1049	5460	362
TCP11L2	89	22	68	73	62	68	217	13
POLR3B	744	60	217	250	142	252	568	101
RFX4	3039	380	126	1833	2500	2428	2654	672
RIC8B	1406	148	353	726	694	855	985	275
TMEM263	1950	142	700	555	361	574	2018	197
MTERF2	1860	54	646	243	219	324	1451	83
CRY1	1600	90	560	397	239	426	1317	138
BTBD11	82	23	63	153	102	104	154	40
PWP1	4659	137	1342	534	406	780	3636	223
PRDM4	1029	68	341	199	183	275	799	105
ASCL4	1	0	2	0	0	0	3	0
WSCD2	16	3	13	12	5	3	126	4
CMKLR1	6	0	0	2	1	0	13	0
FICD	360	14	158	39	34	45	336	10
SART3	3780	111	1348	381	275	612	2761	163
ISCU	8249	268	3526	966	613	1151	7203	395
TMEM119	29	1	5	4	2	3	43	1
SELPLG	5	2	5	1	1	1	1	1
CORO1C	2632	155	1214	767	505	941	2098	209
SSH1	710	51	239	208	173	256	509	73
DAO	1	1	0	1	3	2	0	0
SVOP	3	1	1	4	2	3	4	3
USP30	505	32	192	146	103	165	416	59
ALKBH2	3104	87	755	262	193	608	2204	135
UNG	6948	109	2031	488	389	1013	4721	265
ACACB	353	54	85	146	150	229	283	97
FOXN4	101	7	19	3	12	30	27	11
MYO1H	5	1	0	12	13	21	8	5
KCTD10	795	35	374	142	99	200	713	51
UBE3B	922	48	387	176	124	211	640	66
MMAB	6271	165	1258	617	386	888	4123	280
MVK	1808	24	393	167	92	219	1442	82
FAM222A	213	12	261	50	19	35	211	8
TRPV4	26	6	46	22	2	16	31	2
GLTP	2982	121	1030	377	201	617	2615	190
TCHP	2546	77	683	299	247	510	1828	135
GIT2	826	50	281	214	148	239	653	81
ANKRD13A	595	35	271	145	96	201	605	46
C12orf76	3307	202	1274	598	412	631	3768	207
IFT81	6432	386	1656	1353	1048	2033	4916	530
ATP2A2	3968	203	1540	726	570	1036	3126	289
ANAPC7	4597	155	1312	643	408	882	3130	176
ARPC3	23720	756	9412	2942	1699	3499	19912	1023
GPN3	5076	160	1957	588	293	672	4036	219
FAM216A	2523	97	817	291	173	423	2240	148
VPS29	9622	288	3715	1236	832	1559	7595	463
RAD9B	12	4	10	12	8	8	18	2
PPTC7	584	31	235	103	82	152	437	51
TCTN1	2474	103	731	321	309	704	1989	123
HVCN1	405	24	207	97	73	139	350	28
PPP1CC	20434	525	7469	2366	1299	3218	14380	817
CCDC63	36	9	17	34	11	18	30	3
MYL2	0	0	1	0	0	0	0	0
CUX2	265	151	46	431	680	979	195	198
PHETA1	643	6	191	41	35	75	446	25
SH2B3	91	12	57	85	36	64	97	34
ATXN2	5867	431	1869	1665	1076	1857	4319	595
BRAP	1059	54	383	272	179	348	899	70
ACAD10	842	60	274	211	192	306	569	96
ALDH2	5347	209	2813	1158	614	936	4337	313
MAPKAPK5	2889	122	1025	412	304	545	2383	181
TMEM116	1088	66	309	209	171	337	981	77
ERP29	18412	500	8210	1990	1261	2398	14920	650
NAA25	2509	155	834	612	361	832	1894	259
TRAFD1	1060	48	389	224	162	303	866	73
HECTD4	1144	206	449	957	674	980	949	297
RPL6	226041	9887	76392	33396	25187	51994	188176	13985
PTPN11	3153	174	1401	707	478	1048	2730	262
RPH3A	3	2	4	5	3	7	6	3
OAS1	6	0	1	0	0	1	2	0
OAS3	14	0	12	4	10	7	41	1
OAS2	2	0	0	0	0	1	2	0
DTX1	161	15	104	38	56	88	155	26
RASAL1	10	1	9	3	4	2	15	0
CFAP73	29	3	1	10	14	5	34	2
DDX54	4360	74	1627	357	193	419	3314	130
RITA1	1845	34	637	177	112	187	1653	70
IQCD	408	32	86	80	68	113	348	35
TPCN1	263	32	122	87	64	132	220	44
SLC8B1	153	7	98	19	19	32	173	17
PLBD2	490	30	207	84	72	119	364	31
SDS	9	2	4	7	5	4	3	4
SDSL	504	34	318	149	136	102	729	39
LHX5	1680	75	593	246	182	413	1951	111
RBM19	1210	31	416	170	99	259	860	62
TBX5	0	1	4	1	0	2	1	0
TBX3	122	8	116	15	7	22	77	12
MED13L	3426	618	1297	2266	1570	3122	2851	959
MAP1LC3B2	202	21	121	80	38	58	224	14
C12orf49	2093	60	992	213	160	369	1853	86
RNFT2	1459	95	493	298	247	520	876	145
HRK	42	8	124	8	10	25	43	5
FBXW8	930	129	300	408	288	516	727	147
TESC	330	10	333	46	16	44	507	24
FBXO21	5617	194	1774	786	669	1190	4198	306
NOS1	15	2	3	3	4	9	14	1
KSR2	175	40	69	70	91	167	179	41
RFC5	5303	113	1432	438	301	754	3229	205
WSB2	3061	76	853	292	241	444	2265	124
VSIG10	1119	70	811	190	198	442	819	84
PEBP1	63185	1807	22199	6546	4424	10445	46419	2943
TAOK3	1071	75	445	253	238	327	890	89
SUDS3	4970	196	2264	764	510	1056	4257	240
SRRM4	194	11	89	68	39	65	225	20
HSPB8	34	9	54	15	8	7	105	6
CCDC60	17	16	63	114	26	8	61	20
TMEM233	0	1	3	7	1	0	4	0
PRKAB1	901	29	422	119	64	190	868	38
CIT	2058	220	632	644	459	974	1463	353
BICDL1	155	21	93	86	99	93	152	18
RAB35	906	22	304	94	71	168	697	49
GCN1	1703	76	565	277	183	394	1268	120
RPLP0	177590	7583	54828	27504	19820	47160	136470	11450
PXN	732	28	304	115	76	156	771	42
SIRT4	212	10	111	53	49	63	249	13
PLA2G1B	4	0	3	1	2	0	2	1
MSI1	6812	255	1730	829	796	1493	3980	359
COX6A1	19716	1010	6846	4218	2508	5374	14983	1675
TRIAP1	5968	193	2406	619	277	718	4638	210
GATC	1695	68	537	304	203	431	1200	146
SRSF9	47638	1329	14762	5422	3511	7071	36175	2182
DYNLL1	84788	2285	23089	9245	5581	10362	67467	3513
COQ5	3242	103	1259	440	254	504	3245	168
RNF10	4272	147	1687	544	363	705	3684	198
POP5	5791	182	2226	578	419	764	5543	217
CABP1	131	5	98	32	8	15	152	10
MLEC	11507	404	5933	1338	792	1701	13708	481
UNC119B	1359	46	490	183	125	297	1101	61
ACADS	361	21	158	32	47	64	492	30
SPPL3	3790	321	1261	1225	926	1672	2953	463
HNF1A	13	0	4	0	2	4	29	2
C12orf43	3275	83	998	287	204	530	2378	132
OASL	0	0	0	0	0	0	0	0
P2RX7	11	5	10	10	19	11	84	5
P2RX4	707	43	231	140	123	163	887	52
CAMKK2	1902	37	498	126	105	279	1372	64
ANAPC5	8374	270	2568	870	619	1380	5851	366
RNF34	3044	154	995	542	410	756	2470	193
KDM2B	2195	188	815	786	512	985	1515	286
ORAI1	1455	47	857	224	115	286	1501	67
MORN3	237	11	41	34	55	84	212	16
TMEM120B	686	38	321	222	130	197	593	54
RHOF	731	13	289	43	31	81	860	20
SETD1B	796	26	273	103	86	137	496	31
HPD	18	3	22	11	5	4	26	3
PSMD9	1535	191	626	733	518	961	1535	299
WDR66	237	11	59	44	76	73	174	36
BCL7A	5410	164	1222	555	481	1026	3494	252
MLXIP	1391	39	481	154	105	243	1141	68
LRRC43	38	10	11	34	21	23	72	13
IL31	0	0	0	0	0	0	1	0
B3GNT4	16	0	16	4	1	4	69	2
AC048338.2	3	1	1	1	0	1	3	0
DIABLO	132	7	39	43	17	43	113	5
VPS33A	1785	55	651	245	180	353	1271	88
CLIP1	3866	222	1301	1043	863	1282	2889	319
ZCCHC8	1637	81	492	349	227	373	1334	156
RSRC2	16136	540	5181	1863	1344	2851	12415	882
KNTC1	2278	128	441	406	289	704	1348	175
HCAR2	0	0	0	0	0	0	0	0
HCAR3	0	0	0	0	0	0	0	0
HCAR1	1	0	1	1	0	0	1	0
DENR	8464	305	3656	1246	793	2006	7823	441
CCDC62	13	4	11	12	11	14	20	9
HIP1R	323	18	107	98	80	159	204	30
VPS37B	798	77	292	403	237	415	741	87
ABCB9	218	6	55	50	29	59	113	23
OGFOD2	641	16	185	48	31	77	373	22
ARL6IP4	17862	510	6753	2072	978	2154	14270	706
PITPNM2	100	19	35	49	48	64	102	22
MPHOSPH9	3170	179	801	637	543	1118	2016	291
C12orf65	3420	118	953	395	271	625	2469	200
CDK2AP1	22435	371	6726	1722	1197	3374	13730	725
SBNO1	7103	266	2672	1022	630	1469	4926	375
KMT5A	2216	79	718	321	277	666	1517	182
RILPL2	1216	57	377	163	120	290	1079	72
SNRNP35	3724	118	1191	410	347	610	2841	197
RILPL1	1697	84	567	394	253	466	1565	168
TMED2	6537	213	2987	967	607	1277	5879	313
DDX55	1779	107	745	312	163	370	1721	148
EIF2B1	4075	91	1315	366	246	514	3342	145
GTF2H3	2828	93	981	374	315	626	2045	162
TCTN2	1118	32	210	123	119	225	780	41
ATP6V0A2	1563	76	487	271	159	423	1211	108
DNAH10	12	10	2	44	24	40	31	9
CCDC92	270	125	60	352	253	512	157	143
ZNF664	2963	101	948	362	204	803	2046	178
RFLNA	349	52	61	152	148	215	198	84
NCOR2	2389	116	797	333	186	433	1869	162
SCARB1	677	29	215	106	33	88	479	59
UBC	41740	1513	15231	6452	3766	7428	29573	2319
DHX37	542	14	242	66	29	73	486	22
BRI3BP	2403	64	525	209	137	391	1380	112
AACS	1296	56	510	169	101	289	749	88
TMEM132B	531	23	542	231	89	170	526	22
TMEM132C	635	1205	123	4028	1349	1425	2638	978
SLC15A4	1004	71	409	318	319	321	1134	98
GLT1D1	453	50	176	258	194	165	502	68
TMEM132D	279	302	23	1073	1063	470	171	257
FZD10	498	8	20	71	14	12	985	2
PIWIL1	8	0	0	0	0	0	2	0
RIMBP2	146	59	58	369	335	166	236	83
STX2	2653	112	689	389	268	622	1854	116
RAN	116793	2417	31988	8581	5462	14356	82125	4423
ADGRD1	20	5	12	9	19	10	30	3
SFSWAP	4107	204	1184	647	401	848	3129	273
MMP17	330	9	117	22	29	64	179	9
ULK1	898	28	347	133	112	245	748	34
PUS1	1247	23	388	94	50	148	855	44
EP400	3158	192	1043	664	426	851	2063	245
DDX51	1637	31	571	75	51	169	1278	43
NOC4L	2874	53	825	174	125	290	2303	105
GALNT9	28	5	7	2	1	3	8	2
FBRSL1	2110	71	739	198	135	510	1486	125
LRCOL1	18	4	38	4	6	6	22	2
P2RX2	13	0	9	3	0	0	10	0
POLE	2021	87	572	316	229	430	990	169
PXMP2	8311	153	1566	522	586	1106	3889	273
PGAM5	1852	29	578	107	77	201	1494	53
ANKLE2	3756	113	1172	496	346	825	2378	207
GOLGA3	1180	60	503	248	136	325	1204	80
CHFR	871	70	444	301	188	297	866	70
ZNF605	1553	50	572	208	145	332	1227	96
ZNF26	967	46	317	161	114	204	732	65
ZNF84	2072	160	817	624	568	1072	1693	243
ZNF140	720	45	358	213	165	351	703	63
ZNF891	1548	60	549	235	133	299	1001	76
ZNF10	415	106	169	388	314	599	393	161
ZNF268	1633	62	529	243	181	355	1243	79
ANHX	0	0	0	0	0	1	0	0
TUBA3C	0	0	0	0	0	0	0	0
TPTE2	1	10	1	71	48	93	7	25
MPHOSPH8	7318	225	2222	1010	724	1479	5063	365
PSPC1	3563	301	1083	1269	919	1818	2362	537
ZMYM5	1781	107	634	404	355	747	1219	211
ZMYM2	7596	586	2747	2367	1791	3506	5581	864
GJA3	8	1	4	2	1	0	11	0
GJB2	3	1	0	0	0	0	1	0
GJB6	1	0	0	0	0	0	0	0
CRYL1	484	37	163	100	140	152	362	53
IFT88	2541	234	469	824	666	1287	1439	344
IL17D	319	7	112	43	27	55	204	14
EEF1AKMT1	2141	72	696	402	253	502	1744	159
XPO4	1285	197	410	684	516	1068	874	298
LATS2	859	90	293	658	304	436	721	148
SAP18	27847	770	11048	2999	2024	4125	24860	1207
SKA3	2674	71	714	256	199	516	1825	138
MRPL57	16948	484	5360	1827	1289	2647	13668	728
ZDHHC20	1565	259	673	1124	742	1520	1142	410
MICU2	5468	342	1760	1310	959	1719	4354	488
FGF9	765	36	315	55	70	167	347	39
SGCG	7	0	5	6	6	5	31	2
SACS	3455	195	1108	692	485	1191	2250	312
TNFRSF19	687	111	254	275	289	440	620	107
MIPEP	1117	77	322	296	165	375	778	100
C1QTNF9B	0	0	1	2	0	2	2	0
SPATA13	1126	188	292	841	678	1262	469	304
C1QTNF9	1	1	0	4	3	4	0	7
PARP4	1033	109	312	382	290	489	728	129
ATP12A	2	2	2	5	5	1	37	0
RNF17	5	1	3	0	0	1	2	2
CENPJ	2861	101	841	429	276	769	1730	195
PABPC3	43	1	12	0	5	2	28	0
AMER2	615	13	176	81	34	31	525	11
MTMR6	866	48	354	186	139	234	614	59
NUP58	3556	247	1196	781	554	1272	2710	331
ATP8A2	190	33	113	92	127	236	96	72
SHISA2	659	6	1572	80	19	291	111	27
RNF6	897	47	418	144	97	186	835	43
CDK8	2499	260	912	1237	863	1556	1898	494
WASF3	3946	362	2211	1443	1011	2236	2107	507
GPR12	4	0	1	0	0	0	0	0
USP12	1011	87	397	338	226	437	681	162
RPL21	142093	8113	49773	27556	18547	40007	122423	10912
RASL11A	22	1	11	1	4	4	27	8
GTF3A	12568	276	3439	1041	664	1354	8489	433
MTIF3	5505	187	1914	805	457	829	3489	240
LNX2	334	29	161	85	46	117	281	33
POLR1D	12478	303	4999	1184	942	1630	11056	461
GSX1	7	0	1	0	2	0	3	0
PDX1	0	0	0	0	0	0	1	0
CDX2	239	0	4	3	12	8	349	1
URAD	24	1	1	2	2	6	54	1
FLT3	38	0	4	14	11	33	22	9
PAN3	1941	453	807	1859	1376	2890	1306	690
FLT1	271	0	131	4	6	41	201	2
POMP	32438	757	11041	3252	1938	3850	25088	1081
SLC46A3	18	1	18	8	12	13	43	1
MTUS2	46	47	18	107	784	486	166	103
SLC7A1	987	91	376	452	143	436	738	111
UBL3	2238	126	799	535	369	629	1720	184
KATNAL1	1091	170	267	433	457	680	1034	251
UBE2L5	23	0	8	3	3	3	18	2
HMGB1	121737	5043	32936	16348	12985	37257	76600	10768
USPL1	866	87	256	358	265	601	571	157
ALOX5AP	4	0	1	0	0	0	0	0
MEDAG	19	1	12	3	4	5	28	0
TEX26	110	4	11	42	65	78	73	7
HSPH1	10460	262	3495	1165	584	1506	7447	420
B3GLCT	733	63	226	262	129	274	373	111
RXFP2	0	0	0	1	0	1	0	0
FRY	184	17	96	194	194	487	77	65
ZAR1L	3	0	4	1	2	0	5	0
BRCA2	3573	149	1139	580	452	1049	2344	270
N4BP2L1	192	13	55	24	28	69	114	10
N4BP2L2	11748	569	3681	1928	1566	3132	8365	840
PDS5B	4501	361	1404	1384	998	2203	2842	629
KL	2	0	2	1	0	1	0	0
STARD13	96	45	27	110	87	139	69	38
RFC3	3688	374	1195	1429	826	2801	2206	734
NBEA	1823	683	922	2662	2022	3467	1323	1009
MAB21L1	64	3	607	28	22	9	30	8
DCLK1	1027	227	217	665	468	1228	907	291
SOHLH2	160	14	17	12	7	16	109	16
CCDC169	292	34	245	55	23	52	162	29
SPART	7175	249	1691	912	599	1264	5675	294
CCNA1	428	5	46	26	34	50	315	15
SERTM1	20	2	5	7	1	10	167	4
RFXAP	2403	80	622	249	165	432	1576	98
SMAD9	900	119	329	336	255	493	985	130
ALG5	3558	152	1040	524	427	774	3011	201
EXOSC8	11979	340	3648	1176	790	1960	8890	592
SUPT20H	3935	199	1239	621	468	834	3195	234
CSNK1A1L	1	0	2	1	0	1	3	0
POSTN	119	9	16	39	20	34	56	9
TRPC4	162	93	45	365	160	171	327	70
UFM1	4019	185	1854	649	398	928	3660	236
FREM2	657	138	230	257	162	606	579	180
STOML3	11	4	6	2	1	2	34	1
PROSER1	1661	56	774	208	151	461	1323	130
NHLRC3	3873	147	1235	397	333	732	2699	169
LHFPL6	2862	326	476	856	1680	2814	2175	607
COG6	900	129	534	567	401	699	906	244
FOXO1	489	74	235	188	103	115	567	113
MRPS31	6109	218	1735	818	545	1237	4419	351
SLC25A15	1158	33	347	112	95	155	717	47
ELF1	836	95	333	434	220	472	591	135
WBP4	5596	225	1698	825	664	1343	3965	358
KBTBD6	1284	23	410	96	94	198	923	44
KBTBD7	1904	38	672	162	132	256	1318	71
MTRF1	590	46	244	176	138	286	510	67
NAA16	2280	208	682	611	566	1086	1885	318
RGCC	103	6	29	57	10	6	90	7
VWA8	512	242	181	801	583	1035	480	352
DGKH	1077	120	263	376	335	939	419	226
AKAP11	1386	85	470	353	244	550	923	118
TNFSF11	14	0	15	0	2	1	10	0
FAM216B	3	0	0	0	0	1	0	0
EPSTI1	35	1	43	20	9	7	69	3
DNAJC15	9864	315	3847	1508	903	1793	8637	543
ENOX1	125	58	10	168	241	291	105	64
CCDC122	577	38	140	150	80	312	679	56
LACC1	44	1	30	6	4	7	55	1
SMIM2	0	0	0	1	0	2	1	0
SERP2	1741	49	364	241	220	349	1225	79
TSC22D1	17571	914	7803	3855	3561	8446	12892	1646
NUFIP1	2396	82	793	391	214	507	1826	130
GPALPP1	2807	119	986	540	378	791	2185	181
GTF2F2	7718	359	2810	1331	1050	2336	5972	594
KCTD4	1	0	0	0	0	1	1	0
TPT1	267230	8459	107102	31118	22802	51810	233866	12482
SLC25A30	98	6	44	22	20	47	113	11
COG3	430	61	189	230	125	278	431	67
ERICH6B	28	5	4	14	5	17	34	4
SPERT	11	0	2	1	0	0	3	0
SIAH3	6	2	4	12	15	25	19	1
ZC3H13	13231	446	4819	1655	1186	2458	9764	731
CPB2	0	5	0	16	16	38	0	5
LCP1	21	2	22	7	5	12	15	2
LRRC63	2	14	2	24	17	55	9	5
RUBCNL	68	9	11	20	7	35	31	13
LRCH1	364	100	80	416	297	415	260	180
ESD	19229	704	5707	2237	1567	3137	15091	872
HTR2A	71	0	14	3	5	11	13	0
SUCLA2	5646	289	1838	970	733	1440	3992	435
NUDT15	4993	121	1666	522	268	677	3876	193
MED4	6853	242	2429	1020	679	1282	5371	374
ITM2B	15464	701	9019	2396	2054	2706	15463	758
RB1	2154	204	624	925	937	1486	1254	408
LPAR6	251	22	142	65	76	112	244	31
RCBTB2	2265	62	660	326	372	546	1504	158
CYSLTR2	0	0	0	2	1	1	2	0
FNDC3A	4759	580	1379	1932	1669	2985	3633	848
MLNR	0	0	0	0	0	0	1	0
CDADC1	961	53	271	163	136	249	775	80
CAB39L	350	75	130	203	220	362	341	90
SETDB2	428	30	202	115	88	173	369	57
PHF11	838	45	187	152	129	174	834	66
RCBTB1	1068	54	485	235	204	376	686	94
ARL11	14	0	11	3	0	2	21	1
EBPL	12627	374	3483	1228	827	1922	12342	531
KPNA3	6988	324	1993	1233	925	1777	4965	506
SPRYD7	901	36	416	141	83	178	1000	71
TRIM13	3992	171	1037	566	489	870	2664	252
KCNRG	113	4	17	10	8	13	74	5
DLEU7	315	88	23	262	377	268	245	119
RNASEH2B	5002	121	1372	466	431	913	2940	245
C13orf42	39	2	27	8	12	11	38	1
FAM124A	758	34	364	182	150	208	728	62
SERPINE3	1	1	1	21	22	24	4	17
INTS6	2881	168	786	727	433	736	2496	337
WDFY2	2134	355	686	1263	841	1267	1960	426
DHRS12	770	52	251	171	108	163	635	58
TMEM272	3	6	1	7	8	13	3	6
CCDC70	0	0	0	1	0	1	0	0
ATP7B	195	40	46	110	77	119	170	39
ALG11	641	61	188	232	187	322	443	74
UTP14C	0	0	0	0	0	0	0	0
NEK5	465	35	137	127	134	187	400	54
NEK3	1404	84	628	235	197	389	1303	111
THSD1	8	8	3	16	15	31	6	8
VPS36	3754	154	1272	596	449	887	3056	224
CKAP2	9775	349	2443	1408	887	2001	6392	466
HNRNPA1L2	186	6	55	18	12	49	199	13
SUGT1	11660	353	4266	1149	833	1815	9475	477
CNMD	1579	6	1183	32	38	26	1592	9
PCDH8	505	5	32	4	1	4	856	0
OLFM4	0	1	1	0	0	1	18	0
PRR20A	0	0	0	0	0	0	0	0
PRR20C	0	0	0	0	0	0	0	0
PRR20B	0	0	0	0	0	0	0	0
PRR20D	0	0	0	0	0	0	0	0
PRR20E	0	0	0	0	0	0	0	0
PCDH17	1182	18	197	78	176	848	232	150
DIAPH3	2386	412	1011	1759	991	2527	1802	745
TDRD3	2591	269	580	815	659	1309	2217	343
PCDH20	0	2	1	3	0	3	2	1
AL445989.1	47	0	3	0	0	0	2	0
AL445238.1	0	0	0	1	0	0	0	0
PCDH9	465	457	412	2119	1776	597	1199	131
KLHL1	1	2	0	3	1	2	0	0
DACH1	8077	1987	1672	6419	10065	21351	4262	5054
MZT1	7485	245	2528	782	478	1201	6138	363
BORA	1303	83	425	146	128	336	844	84
DIS3	2901	107	904	471	291	555	2186	161
PIBF1	2456	456	676	1757	1331	2627	1917	748
KLF5	49	3	54	11	9	11	91	8
KLF12	1013	195	312	815	858	1659	543	409
TBC1D4	624	73	231	255	108	417	507	113
COMMD6	31002	916	10950	3799	3042	5402	26516	1254
UCHL3	5125	140	1449	504	306	739	3246	246
LMO7	206	25	59	61	36	61	197	37
KCTD12	297	6	54	53	30	71	434	18
ACOD1	1	0	0	2	0	0	1	1
CLN5	1865	92	587	231	208	361	1314	112
FBXL3	871	48	318	174	116	266	684	77
MYCBP2	4534	322	1794	1091	778	1613	3370	455
SCEL	0	0	0	2	1	0	0	0
SLAIN1	1497	106	504	379	336	659	990	175
EDNRB	2335	41	892	110	100	239	393	54
POU4F1	42	3	8	20	20	7	34	11
OBI1	3430	133	994	639	354	863	2290	225
RBM26	6519	364	2298	1436	892	2356	4563	662
NDFIP2	754	24	436	140	79	161	866	39
SPRY2	3544	99	1657	395	142	584	2871	150
SLITRK1	67	3	27	4	3	18	21	4
SLITRK6	181	8	55	7	16	73	95	12
SLITRK5	1858	73	150	210	192	477	1064	84
GPC5	12	26	6	196	187	158	8	44
GPC6	2151	1095	816	4207	2450	6944	1386	1634
DCT	3053	28	2757	74	298	1496	115	66
TGDS	1272	60	652	186	138	304	1182	76
GPR180	959	76	520	245	203	497	661	95
SOX21	4553	32	2035	233	190	572	1003	102
ABCC4	954	111	380	435	285	813	592	232
CLDN10	1210	24	362	114	84	140	1269	46
DZIP1	2698	146	788	522	360	764	1729	262
DNAJC3	1826	70	1109	385	219	327	1858	96
UGGT2	1444	400	536	1423	994	2215	1182	557
HS6ST3	42	30	7	170	209	307	10	70
OXGR1	99	0	14	6	8	16	26	4
MBNL2	533	181	194	613	354	590	520	228
RAP2A	1677	92	606	398	294	615	1093	179
IPO5	12307	340	3849	1078	662	1989	8266	481
FARP1	5382	394	1578	1340	1101	2504	2985	639
RNF113B	5	0	1	2	1	6	0	1
STK24	4940	230	1814	1010	646	1289	3614	436
SLC15A1	4	3	4	17	9	6	11	4
DOCK9	112	26	95	114	69	119	93	35
UBAC2	4523	317	1822	1196	711	1774	3704	458
GPR18	5	0	1	12	9	21	5	5
GPR183	1	1	0	12	9	15	5	3
TM9SF2	3772	205	1507	701	515	972	3701	249
CLYBL	841	334	310	1114	596	659	1154	235
ZIC5	2657	168	910	438	344	586	3278	166
ZIC2	16540	674	5186	1950	1279	2357	23246	737
PCCA	2385	574	856	2018	1744	2873	2141	857
GGACT	323	6	90	39	42	36	343	22
TMTC4	2199	133	817	398	361	646	1488	202
NALCN	8	6	3	52	20	28	24	11
ITGBL1	2	1	0	5	0	1	4	0
FGF14	26	56	11	172	166	269	30	69
TPP2	3254	142	952	517	364	857	2131	240
METTL21C	0	0	3	0	0	1	2	0
CCDC168	53	3	33	12	6	19	64	10
TEX30	1845	113	827	370	243	487	2318	125
POGLUT2	1074	45	382	132	70	212	1103	65
BIVM	818	34	331	99	75	175	785	46
ERCC5	114	55	51	195	179	387	112	88
SLC10A2	0	0	0	0	0	0	0	0
DAOA	0	0	0	0	0	0	0	0
EFNB2	14092	259	2212	1471	1724	3971	6804	762
ARGLU1	25083	716	10066	2835	1936	4704	17712	1083
FAM155A	378	746	351	2945	882	2382	344	681
LIG4	410	33	189	91	63	100	381	23
ABHD13	1191	56	404	203	108	277	1065	75
TNFSF13B	53	21	8	77	34	60	54	16
MYO16	136	41	6	211	141	131	54	56
IRS2	1019	35	543	138	103	171	715	63
COL4A1	2774	93	1226	281	229	529	1690	106
COL4A2	7083	291	2201	755	704	1680	3675	430
RAB20	121	1	99	13	12	13	275	6
NAXD	876	32	372	106	78	185	751	41
CARS2	3889	131	1015	380	375	682	2496	183
ING1	2903	65	773	228	159	395	2146	127
ANKRD10	4628	255	1913	1001	819	1853	3362	473
ARHGEF7	2049	170	634	724	594	1148	1380	326
TEX29	6	0	4	4	5	9	8	3
SOX1	6680	83	180	209	262	848	1909	145
SPACA7	0	0	0	1	2	4	0	1
TUBGCP3	884	146	205	617	441	767	548	290
ATP11A	1718	156	583	661	434	804	1134	270
MCF2L	899	115	390	339	277	443	743	177
F7	28	2	33	9	3	7	64	0
F10	112	17	237	72	37	49	250	22
PROZ	1	0	0	2	1	0	0	0
PCID2	4746	159	1683	510	374	863	3783	229
CUL4A	2694	162	1224	573	377	884	2192	251
LAMP1	5531	144	2851	644	294	620	5038	196
GRTP1	1087	41	689	292	106	305	911	65
ADPRHL1	61	5	28	25	10	26	42	9
DCUN1D2	457	90	165	241	165	364	394	104
TMCO3	1760	101	867	338	228	515	1491	139
TFDP1	5267	151	1306	641	370	870	3387	290
ATP4B	0	0	2	2	0	1	3	0
GRK1	2	0	1	1	3	4	0	1
TMEM255B	256	16	91	75	45	108	160	21
GAS6	2211	136	633	559	303	333	2446	110
C13orf46	0	0	0	2	0	2	0	0
RASA3	367	31	164	131	65	174	186	48
CFAP97D2	4	0	0	4	2	8	7	1
CDC16	3131	139	937	533	346	762	2025	200
UPF3A	8753	438	2153	1193	888	1886	7096	658
CHAMP1	2447	118	776	451	334	700	1806	142
OR11H12	0	0	0	0	0	0	0	0
POTEM	0	0	0	0	0	0	0	0
POTEG	0	1	0	3	0	1	1	1
OR11H2	0	0	0	0	0	0	0	0
OR4N2	0	0	0	0	1	1	0	1
OR4Q3	0	0	0	0	0	0	0	0
OR4M1	0	0	0	0	0	0	0	0
OR4K2	0	0	0	0	0	0	0	0
OR4K5	0	0	0	0	0	0	0	0
OR4K1	0	0	0	0	0	0	0	0
OR4K15	0	0	0	0	0	0	0	0
OR4K14	0	0	0	0	0	0	0	0
OR4K13	1	0	0	0	0	0	0	0
OR4L1	0	0	0	0	0	0	0	0
OR4K17	0	0	0	0	0	0	0	0
OR4N5	0	0	0	0	0	0	0	0
OR11G2	2	0	0	1	0	2	0	0
OR11H6	0	0	0	0	0	0	0	0
OR11H4	0	0	0	0	0	0	0	0
TTC5	2051	84	788	308	240	449	1713	111
CCNB1IP1	14736	590	5663	1696	1016	2917	12290	805
PARP2	2701	83	812	287	216	435	2046	133
TEP1	115	10	42	55	26	36	80	26
KLHL33	2	0	0	0	1	1	1	0
OSGEP	3652	120	912	470	292	656	2430	200
APEX1	29670	547	8462	2127	1554	4185	20765	1089
PIP4P1	2420	59	805	204	128	269	1862	93
PNP	2395	62	945	236	145	301	1966	141
RNASE10	0	0	0	0	0	0	0	0
RNASE9	0	0	1	0	0	0	0	0
RNASE11	0	0	0	0	0	0	0	0
RNASE12	0	0	0	0	0	0	0	0
OR6S1	0	0	0	0	0	0	0	0
ANG	437	11	62	26	36	53	305	12
RNASE4	12	10	1	64	31	68	11	15
EDDM3A	1	0	0	0	0	0	0	0
EDDM3B	0	0	0	0	0	0	0	0
RNASE6	2	0	2	0	0	1	0	0
RNASE1	25	0	40	1	3	5	22	3
RNASE3	0	0	0	0	0	0	0	0
RNASE2	0	0	0	0	0	0	0	0
METTL17	2022	67	798	230	147	376	1441	108
SLC39A2	10	0	8	0	1	1	4	0
NDRG2	1132	42	346	123	161	194	1049	53
TPPP2	3	0	2	1	3	5	5	3
RNASE13	0	0	0	0	0	0	0	0
RNASE7	0	0	0	0	0	0	0	0
RNASE8	0	0	0	0	0	0	0	0
ARHGEF40	3046	71	948	362	267	477	1859	118
ZNF219	7970	180	2317	662	459	926	5394	254
TMEM253	64	3	52	2	4	9	66	3
OR5AU1	1	0	1	0	0	0	0	0
HNRNPC	39672	1838	11315	6306	4508	11036	30055	2963
RPGRIP1	2	5	1	3	7	16	5	3
SUPT16H	23582	631	5810	2699	1862	4200	16356	1064
CHD8	5205	233	1627	883	579	1193	3479	334
RAB2B	1173	79	446	313	234	465	897	120
TOX4	4136	167	1465	587	433	786	3535	210
METTL3	2175	74	955	313	135	356	1694	119
SALL2	4081	143	1952	535	353	684	2699	186
OR10G3	0	0	0	0	0	0	1	0
TRAV1-1	0	0	0	0	0	0	0	0
OR10G2	0	0	0	0	0	0	0	0
TRAV1-2	0	0	0	0	0	0	0	0
OR4E2	0	0	0	0	0	0	0	0
OR4E1	0	0	0	0	0	0	0	0
TRAV2	0	0	0	0	0	0	0	0
TRAV3	2	0	0	0	0	0	0	0
TRAV4	0	0	0	0	0	0	0	0
TRAV5	0	0	0	0	0	0	0	0
TRAV6	0	1	0	0	0	0	0	0
TRAV7	0	0	0	0	0	0	0	0
TRAV8-1	0	0	0	0	0	0	0	0
TRAV9-1	0	0	0	0	0	0	0	0
TRAV10	0	0	0	0	0	0	0	0
TRAV11	0	0	0	0	0	0	0	0
TRAV12-1	0	0	0	0	0	0	0	0
TRAV8-2	0	0	0	0	0	0	0	0
TRAV8-3	0	0	0	0	0	0	0	0
TRAV13-1	0	0	0	0	0	0	0	0
TRAV12-2	0	0	0	0	0	0	0	0
TRAV8-4	0	0	0	0	0	0	0	0
TRAV8-5	0	0	0	0	0	1	0	0
TRAV13-2	2	0	1	0	0	0	1	0
TRAV14DV4	0	0	0	0	0	0	0	0
TRAV9-2	0	0	0	0	0	0	0	0
TRAV15	0	0	0	0	0	0	0	0
TRAV12-3	0	0	0	0	0	0	0	0
TRAV8-6	0	0	0	0	0	0	0	0
TRAV16	0	0	0	0	0	0	0	0
TRAV17	0	0	0	0	0	0	0	0
TRAV18	0	0	0	1	0	0	0	0
TRAV19	5	0	1	0	0	1	7	0
TRAV20	0	0	0	0	0	0	0	0
TRAV21	0	0	0	0	0	0	0	0
TRAV22	0	0	0	0	0	0	1	0
TRAV23DV6	0	0	0	0	0	0	0	0
TRDV1	0	0	0	0	0	0	0	0
TRAV24	0	0	0	0	0	0	0	0
TRAV25	0	0	0	0	0	0	0	0
TRAV26-1	0	0	0	0	0	0	0	0
TRAV8-7	0	0	0	0	0	0	0	0
TRAV27	0	0	0	0	0	0	0	0
TRAV28	0	0	0	0	0	0	0	0
TRAV29DV5	0	0	0	0	0	0	0	0
TRAV30	0	0	0	0	0	0	0	0
TRAV31	0	0	0	0	0	0	0	0
TRAV32	0	0	0	0	0	0	0	0
TRAV33	0	0	0	0	0	0	0	0
TRAV26-2	0	0	0	0	0	0	0	0
TRAV34	0	0	0	0	0	0	0	0
TRAV35	0	0	0	0	0	0	0	0
TRAV36DV7	0	0	0	0	0	0	0	0
TRAV37	0	0	0	0	0	0	0	0
TRAV38-1	0	0	0	0	0	0	0	0
TRAV38-2DV8	0	0	0	0	0	0	0	0
TRAV39	0	0	0	0	0	0	0	0
TRAV40	1	0	0	0	0	0	0	1
TRAV41	0	0	0	1	0	0	0	0
TRDV2	0	0	0	0	0	0	0	0
TRDD1	0	0	0	0	0	0	0	0
TRDD2	0	0	0	0	0	0	0	0
TRDD3	0	0	0	0	0	0	0	0
TRDJ1	0	0	0	0	0	0	0	0
TRDJ4	0	0	0	0	0	0	0	0
TRDJ2	0	0	0	0	0	0	0	0
TRDJ3	0	0	0	0	0	0	0	0
TRDC	1	0	0	0	1	1	6	0
TRDV3	0	0	0	0	0	0	0	0
TRAJ61	0	0	0	0	0	0	0	0
TRAJ60	0	0	0	0	0	0	0	0
TRAJ59	0	0	0	0	0	0	0	0
TRAJ58	0	0	0	0	0	0	0	0
TRAJ57	0	0	0	0	0	0	0	0
TRAJ56	0	0	0	0	0	0	0	0
TRAJ55	0	0	0	0	0	0	0	0
TRAJ54	0	0	0	0	0	0	0	0
TRAJ53	0	0	0	0	0	0	0	0
TRAJ52	0	0	0	0	0	0	0	0
TRAJ51	0	0	0	0	0	0	0	0
TRAJ50	0	0	0	0	0	0	0	0
TRAJ49	0	0	0	0	0	0	0	0
TRAJ48	0	0	0	0	0	0	0	0
TRAJ47	0	0	0	0	0	0	0	0
TRAJ46	0	0	0	0	0	0	0	0
TRAJ45	0	0	0	0	0	0	0	0
TRAJ44	0	0	0	0	0	0	0	0
TRAJ43	0	0	0	0	0	0	0	0
TRAJ42	0	0	0	0	0	0	0	0
TRAJ41	0	0	0	0	0	0	0	0
TRAJ40	0	0	0	0	0	0	0	0
TRAJ39	0	0	0	0	0	0	0	0
TRAJ38	0	0	0	0	0	0	0	0
TRAJ37	0	0	0	0	0	0	0	0
TRAJ36	0	0	0	0	0	0	0	0
TRAJ35	0	0	0	0	0	0	0	0
TRAJ34	0	0	0	0	0	0	0	0
TRAJ33	0	0	0	0	0	0	0	0
TRAJ32	0	0	0	0	0	0	0	0
TRAJ31	0	0	0	0	0	0	0	0
TRAJ30	0	0	0	0	0	0	0	0
TRAJ29	0	0	0	0	0	0	0	0
TRAJ28	0	0	0	0	0	0	0	0
TRAJ27	0	0	0	0	0	0	0	0
TRAJ26	0	0	0	0	0	0	0	0
TRAJ25	0	0	0	0	0	0	0	0
TRAJ24	0	0	0	0	0	0	0	0
TRAJ23	0	0	0	0	0	0	0	0
TRAJ22	0	0	0	0	0	0	0	0
TRAJ21	0	0	0	0	0	0	0	0
TRAJ20	0	0	0	0	0	0	0	0
TRAJ19	0	0	0	0	0	0	0	0
TRAJ18	0	0	0	0	0	0	0	0
TRAJ17	0	0	0	0	0	0	0	0
TRAJ16	0	0	0	0	0	0	0	0
TRAJ14	0	0	0	0	0	0	0	0
TRAJ13	0	0	0	0	0	0	0	0
TRAJ12	0	0	0	0	0	0	0	0
TRAJ11	0	0	0	0	0	0	0	0
TRAJ10	0	0	0	0	0	0	0	0
TRAJ9	0	0	0	0	0	0	0	0
TRAJ8	0	0	0	0	0	0	0	0
TRAJ7	0	0	0	0	0	0	0	0
TRAJ6	0	0	0	0	0	0	0	0
TRAJ5	0	0	0	0	0	0	0	0
TRAJ4	0	0	0	0	0	0	0	0
TRAJ3	0	0	0	0	0	0	0	0
TRAJ2	0	0	0	0	0	0	0	0
TRAJ1	0	0	0	0	0	0	0	0
TRAC	11	0	8	9	0	1	64	0
DAD1	25372	784	9046	2959	1775	3223	23986	988
ABHD4	456	14	224	62	50	77	375	19
OR6J1	0	0	0	1	0	0	1	0
OXA1L	4043	122	1580	448	293	661	3310	177
SLC7A7	20	3	30	14	8	19	29	4
MRPL52	13596	361	4661	1333	826	1781	10447	522
MMP14	270	10	108	24	20	48	299	12
LRP10	736	26	359	103	88	118	707	33
REM2	114	7	45	19	33	29	153	7
RBM23	3366	160	1232	577	524	759	2701	237
PRMT5	4551	82	1268	313	243	547	3471	148
HAUS4	466	102	134	322	311	467	378	153
AJUBA	1161	41	427	253	125	246	1410	52
C14orf93	488	35	144	93	76	122	414	51
PSMB5	32341	821	12402	3141	1963	4029	26103	1239
PSMB11	0	0	0	0	0	1	0	0
CDH24	934	22	263	70	64	133	633	28
ACIN1	8095	307	2718	1119	826	1912	5393	459
C14orf119	5696	162	2135	725	405	841	5131	202
LMLN2	0	0	0	1	0	1	3	0
CEBPE	0	0	3	0	0	0	6	0
SLC7A8	2025	123	1124	870	242	508	3232	94
RNF212B	12	10	4	38	23	22	21	12
HOMEZ	964	34	488	161	98	207	835	60
PPP1R3E	567	28	250	87	52	105	549	26
BCL2L2	578	26	230	81	54	139	487	19
BCL2L2-PABPN1	1	15	2	80	61	111	5	36
PABPN1	15902	440	5490	1565	1005	2287	10854	584
SLC22A17	2722	115	926	522	329	428	3265	123
EFS	3020	90	883	292	260	605	2403	158
IL25	0	0	0	0	1	0	2	0
CMTM5	238	13	137	51	29	42	377	16
MYH6	1	0	2	0	0	1	6	1
MYH7	34	6	17	7	6	4	98	7
NGDN	3576	85	1134	415	280	586	2754	180
ZFHX2	860	35	328	178	140	151	1003	47
THTPA	1787	0	594	3	4	8	1426	2
AP1G2	587	7	364	34	26	72	560	21
JPH4	488	11	283	58	45	127	617	16
DHRS2	8	2	19	0	0	1	46	0
DHRS4	331	33	136	144	53	136	394	50
DHRS4L2	526	48	181	321	162	395	517	173
CARMIL3	93	1	25	5	5	16	51	4
CPNE6	0	0	1	0	0	1	0	0
NRL	92	17	42	35	20	30	77	13
PCK2	655	28	493	88	39	125	593	32
DCAF11	2046	69	864	195	154	305	1651	73
FITM1	5	1	7	0	0	2	4	0
PSME1	4975	202	2051	565	624	1252	4129	297
EMC9	2988	68	992	302	161	438	2940	168
PSME2	6587	239	2879	687	482	1034	6068	295
RNF31	21	26	9	93	53	82	26	35
IRF9	199	16	52	26	44	40	190	22
REC8	3844	98	1101	360	258	492	3376	183
IPO4	972	28	333	114	36	91	645	32
TM9SF1	712	56	226	296	205	399	526	103
TSSK4	5	0	2	1	0	0	2	0
CHMP4A	4463	143	1230	508	358	740	3358	205
MDP1	466	99	158	333	233	420	425	110
NEDD8	30048	885	9842	3436	2258	4050	23117	1187
GMPR2	3512	113	1615	419	337	680	3375	165
TINF2	2183	52	820	213	110	281	1838	63
TGM1	5	1	4	1	0	5	11	2
RABGGTA	667	16	300	45	33	59	590	18
DHRS1	707	38	549	143	118	202	837	33
NOP9	504	8	166	52	33	93	356	17
CIDEB	6	1	1	9	2	19	338	1
LTB4R2	12	0	5	1	0	0	20	0
LTB4R	82	4	46	15	9	16	139	1
ADCY4	4	0	2	0	1	2	7	1
RIPK3	4	0	2	0	1	1	4	0
NFATC4	1112	47	566	130	86	222	1241	44
NYNRIN	638	26	380	117	104	148	668	39
CBLN3	21	1	11	1	1	5	33	2
KHNYN	597	30	277	48	51	122	571	27
SDR39U1	3188	119	944	332	238	536	2899	160
CMA1	0	0	0	0	0	0	0	0
CTSG	0	0	1	0	0	0	0	0
GZMH	1	0	0	0	0	0	1	0
GZMB	0	0	0	0	0	0	0	0
STXBP6	1612	37	391	119	221	364	819	104
NOVA1	7796	322	2621	1144	1106	2096	5287	550
FOXG1	5581	16	314	61	324	1939	66	162
PRKD1	511	153	116	616	742	1618	236	284
G2E3	3871	300	1488	1023	671	1650	2879	533
SCFD1	5080	360	1751	1409	1005	1795	3739	526
COCH	1153	50	217	68	72	270	863	61
STRN3	2758	423	1214	1489	945	2129	2168	582
AP4S1	804	44	267	238	194	362	536	85
HECTD1	5057	311	2012	1207	886	1644	3924	433
HEATR5A	611	66	312	316	200	341	443	104
DTD2	1245	47	211	187	205	349	652	100
GPR33	0	0	0	0	0	0	0	0
NUBPL	1325	218	581	786	659	1368	1121	395
ARHGAP5	4562	377	1566	1555	1132	2151	3416	572
AKAP6	207	41	142	438	402	458	63	62
NPAS3	982	580	166	1431	1902	3676	298	827
EGLN3	1014	63	773	352	120	268	2726	81
SPTSSA	6094	227	2183	875	399	856	5177	241
EAPP	5375	196	1754	745	602	1227	4400	282
SNX6	12931	508	3970	1987	1554	2948	10373	808
CFL2	4839	111	1305	503	371	794	3064	184
BAZ1A	8625	346	1441	853	899	1819	4741	599
SRP54	5353	272	1976	1083	693	1236	4763	319
FAM177A1	3738	174	1499	597	466	710	3913	211
PPP2R3C	5877	158	1170	606	496	1002	3078	252
PRORP	160	157	58	541	413	821	89	232
PSMA6	1087	626	320	2371	1524	3418	737	888
NFKBIA	3065	47	989	288	218	434	2741	141
INSM2	11	0	1	2	0	0	4	0
RALGAPA1	1337	288	442	1101	1061	1732	901	427
BRMS1L	1307	78	680	327	162	441	896	172
MBIP	5478	159	2295	799	602	1135	3806	288
SFTA3	16	0	5	6	3	3	11	1
NKX2-1	29	0	0	0	0	1	3	0
NKX2-8	7	0	0	0	0	0	15	0
PAX9	5	0	0	0	0	3	0	0
SLC25A21	447	89	214	374	410	989	378	146
MIPOL1	1808	227	464	856	685	1469	1188	353
FOXA1	12	3	6	1	4	19	16	3
TTC6	14	11	0	23	18	51	14	9
SSTR1	6	0	5	2	0	5	19	0
CLEC14A	54	2	13	4	4	7	156	4
SEC23A	3100	230	937	761	482	774	2686	272
GEMIN2	3433	89	1124	341	225	478	2795	161
TRAPPC6B	1094	46	463	197	161	303	985	58
PNN	33749	761	10095	2666	2100	4937	24569	1187
MIA2	1362	87	440	271	251	515	1078	134
FBXO33	996	43	479	263	167	380	817	108
LRFN5	115	64	30	255	151	294	96	90
FSCB	0	0	0	0	0	0	1	0
C14orf28	330	11	138	39	34	69	254	21
KLHL28	1197	113	405	400	421	695	1074	174
TOGARAM1	1336	152	429	608	480	867	992	254
PRPF39	1436	127	476	415	357	654	1054	168
FKBP3	28633	730	9075	2909	1975	4141	20436	1187
FANCM	1223	111	357	333	245	505	826	140
MIS18BP1	11887	359	3093	1115	919	2269	7132	687
RPL10L	4	0	1	0	0	0	3	0
MDGA2	53	167	10	1070	1291	566	96	146
RPS29	67308	3066	25817	10368	8409	18831	54498	4364
LRR1	3965	110	900	428	272	606	2688	192
RPL36AL	26168	556	10821	2579	1822	4390	21875	1117
MGAT2	1798	28	558	174	82	211	1355	43
DNAAF2	3829	141	1160	516	388	798	2868	233
POLE2	1928	122	469	412	291	607	1258	210
KLHDC1	58	15	18	72	77	83	70	14
KLHDC2	5465	209	1958	698	565	999	4313	264
NEMF	5976	261	2078	1096	789	1413	4872	392
ARF6	3615	86	1324	359	221	577	2779	169
VCPKMT	952	48	330	198	153	311	810	81
SOS2	1112	213	401	704	547	873	849	267
L2HGDH	914	90	296	305	223	419	702	131
DMAC2L	2412	72	832	262	283	497	1660	113
CDKL1	104	45	22	174	152	269	73	84
MAP4K5	2071	259	858	982	977	1980	1297	484
ATL1	1421	40	319	189	340	532	439	109
SAV1	3280	112	1465	351	232	598	2716	141
NIN	3098	196	1145	836	508	1193	1625	323
PYGL	1411	41	496	192	73	226	1625	70
ABHD12B	55	3	24	24	6	29	93	9
TRIM9	136	13	51	50	47	89	116	35
TMX1	5686	181	1917	608	408	1134	3745	283
FRMD6	503	78	322	313	143	264	465	129
GNG2	1057	79	262	270	333	644	787	159
RTRAF	34366	919	12395	3475	2145	4650	25893	1396
NID2	76	20	78	123	28	36	266	16
PTGDR	0	0	6	0	0	1	0	0
PTGER2	4	0	3	0	0	0	3	0
TXNDC16	732	95	329	245	213	446	669	105
GPR137C	368	235	186	728	593	956	323	249
ERO1A	1938	95	851	338	242	500	2365	138
PSMC6	9858	332	3538	1168	759	1569	7630	522
STYX	962	55	532	197	135	328	878	82
GNPNAT1	2384	71	1456	299	145	380	1778	101
FERMT2	3669	253	2608	1456	868	1503	3188	314
DDHD1	2108	158	808	630	434	763	1462	213
BMP4	232	24	295	129	42	33	857	4
CDKN3	7598	242	2001	742	442	1136	4956	292
CNIH1	6751	239	2191	761	616	1428	4943	324
GMFB	3146	86	1257	399	261	664	2211	151
CGRRF1	1999	74	666	302	206	405	1556	101
SAMD4A	33	29	84	133	39	53	83	11
GCH1	86	9	78	30	8	52	145	13
WDHD1	4256	198	1368	830	534	1096	2675	346
SOCS4	1689	91	676	379	241	521	1055	143
MAPK1IP1L	8527	320	2995	1238	768	1906	7171	463
LGALS3	180	8	241	46	43	83	429	14
DLGAP5	11877	394	3094	1344	914	2447	7369	741
FBXO34	1216	124	394	468	343	611	968	168
ATG14	586	92	262	310	259	492	500	117
TBPL2	2	1	1	3	4	7	1	2
KTN1	19763	597	6338	2970	1616	3998	15247	929
PELI2	702	154	275	673	582	1384	228	327
TMEM260	1040	107	459	372	220	453	762	102
OTX2	5165	384	3139	1595	855	1666	6429	491
EXOC5	4471	268	1608	1055	650	1490	3356	385
AP5M1	1751	80	858	328	255	527	1295	120
NAA30	1118	66	536	238	136	375	947	93
CCDC198	18	1	4	5	1	1	6	1
SLC35F4	7	40	7	111	25	38	28	54
ARMH4	3533	181	926	615	662	1158	1940	273
ACTR10	5885	183	2105	740	557	971	4566	243
PSMA3	21423	550	7378	2279	1296	2882	15803	841
ARID4A	4755	204	1004	673	597	1032	3455	308
TOMM20L	17	2	8	4	5	8	12	3
TIMM9	5346	122	1728	521	359	713	4154	218
KIAA0586	2843	148	890	513	355	922	1826	290
DACT1	230	6	79	25	15	26	321	6
DAAM1	7370	403	2995	1973	1412	3143	5711	576
GPR135	254	27	62	122	94	169	176	58
L3HYPDH	337	15	112	84	56	89	250	24
JKAMP	3534	169	1261	552	408	824	2784	197
CCDC175	66	25	21	81	77	79	59	32
RTN1	1432	111	269	438	302	564	873	151
LRRC9	231	72	24	324	280	283	220	81
PCNX4	6105	301	1530	1217	916	1920	3674	533
DHRS7	3317	187	1137	464	427	831	3188	220
PPM1A	2083	115	966	507	368	795	1576	194
C14orf39	256	36	227	368	57	142	274	42
SIX6	726	8	4323	76	9	30	78	20
SIX1	36	7	36	19	16	33	119	11
SIX4	591	28	338	117	52	132	488	42
MNAT1	3902	474	1522	1803	1363	2845	3201	732
TRMT5	1501	45	478	207	140	300	1195	82
SLC38A6	726	89	263	329	261	388	660	103
PRKCH	24	8	10	13	9	26	56	10
TMEM30B	36	0	41	3	1	3	21	0
HIF1A	6157	332	2409	1337	862	1765	4507	457
SNAPC1	2500	126	1063	447	257	485	2230	152
SYT16	66	13	12	41	73	124	30	22
KCNH5	183	35	71	126	134	379	70	88
RHOJ	25	3	8	16	11	21	24	10
GPHB5	0	0	0	1	0	0	0	0
PPP2R5E	6354	486	2075	1741	1257	2846	4601	879
WDR89	1168	76	363	259	175	376	827	99
SGPP1	308	51	131	143	142	238	203	46
SYNE2	27641	1082	5154	4039	4607	10350	10875	2132
ESR2	171	79	101	234	439	578	225	153
MTHFD1	4732	86	1151	333	212	498	3112	149
ZBTB25	894	48	274	143	111	224	721	83
AKAP5	126	2	54	13	9	17	85	6
ZBTB1	1719	95	591	393	287	660	1434	165
HSPA2	403	10	333	28	20	31	319	16
PPP1R36	5	1	3	3	4	2	12	1
PLEKHG3	407	9	298	79	42	112	376	19
SPTB	14	1	11	8	12	21	24	4
CHURC1	5407	313	1787	1233	893	1762	4898	462
GPX2	11	0	11	1	6	7	4	0
RAB15	393	11	286	41	53	75	246	17
FNTB	855	71	265	237	192	293	602	89
MAX	1673	95	782	384	255	605	1471	125
FUT8	3144	357	965	1426	921	1763	1827	401
CCDC196	1	5	0	20	18	19	2	9
GPHN	1053	655	293	2664	1985	3392	677	1071
FAM71D	80	2	20	5	3	10	48	4
MPP5	1957	172	618	701	604	1239	1392	306
ATP6V1D	7914	302	3340	1223	825	1426	6364	442
EIF2S1	7504	202	2310	770	518	1139	6025	324
PLEK2	3	0	4	3	1	3	3	0
TMEM229B	4	0	2	7	8	8	2	3
PLEKHH1	510	22	274	129	107	229	269	50
PIGH	1397	44	387	128	133	254	1016	56
ARG2	3759	109	1298	514	292	803	2847	205
VTI1B	6050	213	2334	814	523	980	4547	295
RDH11	7466	192	2528	922	551	1159	6479	316
RDH12	49	4	37	20	7	15	64	2
ZFYVE26	264	41	103	159	125	204	180	79
RAD51B	590	789	183	2818	1909	4601	497	1088
ZFP36L1	27601	904	4658	4211	2938	5062	21188	1449
ACTN1	6407	192	2726	917	352	784	5073	258
DCAF5	2029	142	774	665	426	806	1647	233
EXD2	961	44	299	173	120	301	673	68
GALNT16	990	50	100	167	192	281	653	69
ERH	56589	1425	16474	5248	3603	8024	40565	2251
SLC39A9	815	63	303	297	215	427	651	138
PLEKHD1	125	3	133	9	4	13	138	7
CCDC177	383	10	127	37	37	67	328	8
SUSD6	326	36	183	172	91	203	225	72
SRSF5	25645	922	7768	2938	2188	4797	21437	1426
SLC10A1	3	5	1	24	35	30	1	28
SMOC1	2133	88	802	462	162	788	1026	194
SLC8A3	7	1	9	32	6	10	35	4
COX16	1634	364	512	1494	1021	1889	1324	552
SYNJ2BP	3040	114	1343	434	244	573	2430	169
ADAM21	4	0	1	0	1	4	6	1
ADAM20	8	0	2	2	2	0	11	1
MED6	4723	198	1350	592	384	912	3702	228
TTC9	817	43	218	172	136	171	705	42
MAP3K9	464	51	220	179	158	228	464	75
PCNX1	1551	303	605	1118	846	1492	1046	444
SIPA1L1	2101	462	850	1562	1083	2313	1377	626
RGS6	39	14	7	34	23	28	24	6
DPF3	7	9	11	13	15	10	25	6
DCAF4	302	8	149	35	15	51	211	12
ZFYVE1	324	29	168	122	85	119	294	31
RBM25	25113	617	7957	2372	1529	3609	18526	1027
PSEN1	1593	162	670	583	387	733	1270	216
PAPLN	123	2	82	21	11	16	93	3
NUMB	2058	227	747	830	594	1049	1595	298
HEATR4	16	16	3	53	52	60	16	28
RIOX1	1013	7	337	70	44	112	745	23
ACOT1	13	3	3	15	9	14	38	8
ACOT2	146	16	37	42	58	50	121	25
ACOT4	100	3	25	12	4	10	114	4
ACOT6	7	10	2	14	7	13	7	2
DNAL1	1761	60	475	249	209	428	1229	108
PNMA1	5540	84	1582	487	391	868	4441	186
ELMSAN1	982	60	277	185	147	283	886	76
PTGR2	1328	60	437	226	222	319	1734	70
ZNF410	166	103	50	398	301	507	105	158
FAM161B	179	21	66	32	36	60	212	13
COQ6	720	27	255	85	58	118	657	39
ENTPD5	550	27	183	130	75	152	442	49
BBOF1	313	48	60	104	123	180	258	29
ALDH6A1	3334	107	1411	440	295	581	2434	144
LIN52	1514	162	464	603	422	859	976	269
VSX2	10	0	162	1	1	1	1	0
ABCD4	3088	74	1279	259	169	449	2219	116
VRTN	989	3	418	12	6	26	1106	6
SYNDIG1L	4	1	8	6	0	0	6	0
NPC2	10806	476	10161	2178	1333	2256	13395	503
ISCA2	8297	219	2932	840	568	1017	6289	326
LTBP2	63	2	23	13	15	7	43	0
AREL1	592	78	212	248	184	342	459	89
FCF1	1222	69	397	196	168	321	882	71
YLPM1	5018	222	1658	904	706	1472	3001	380
PROX2	2	0	0	1	0	0	1	1
DLST	1460	85	516	318	261	494	1242	150
RPS6KL1	220	8	143	35	13	41	208	19
PGF	267	17	167	36	10	9	365	12
EIF2B2	2260	71	882	287	139	349	2120	125
MLH3	2036	116	558	391	249	488	1945	130
ACYP1	4288	170	1499	468	339	635	3343	266
ZC2HC1C	214	6	43	37	41	49	191	16
NEK9	1149	108	499	306	225	516	823	144
TMED10	9717	332	4273	1235	919	1982	9234	521
FOS	14828	389	1392	2662	1421	2670	10555	261
JDP2	184	9	107	100	23	72	307	19
BATF	0	0	0	0	1	0	1	0
FLVCR2	65	20	40	162	58	63	87	14
TTLL5	1155	258	267	880	671	1238	760	381
ERG28	11112	312	3013	1297	729	1512	9908	451
IFT43	3633	187	1185	820	612	1075	2856	312
TGFB3	44	7	12	18	19	29	35	13
GPATCH2L	4299	206	1586	878	554	1273	3439	326
ESRRB	3	7	2	18	8	16	7	9
VASH1	935	48	281	130	147	255	608	70
ANGEL1	729	34	240	107	66	154	505	42
LRRC74A	0	1	0	0	1	2	0	0
IRF2BPL	3101	92	665	244	223	371	2864	112
CIPC	777	35	272	78	89	186	640	40
TMEM63C	14	1	7	22	15	18	16	6
ZDHHC22	31	0	8	3	2	4	24	1
NGB	7	2	2	5	3	18	46	6
POMT2	864	43	199	117	79	160	702	58
GSTZ1	2067	90	1230	310	137	387	2284	102
TMED8	1063	81	554	298	203	362	836	86
SAMD15	551	28	145	131	76	174	473	37
NOXRED1	4	8	3	37	23	36	7	8
VIPAS39	899	30	304	103	76	187	746	42
AHSA1	9435	213	3307	832	446	946	8004	303
ISM2	3	1	5	2	2	2	20	2
SPTLC2	1424	96	563	338	301	486	1390	141
ALKBH1	737	68	322	241	171	354	616	98
SLIRP	21732	473	8651	2047	1288	2813	16432	740
SNW1	10864	390	3614	1456	981	2268	8775	586
C14orf178	8	9	2	25	15	43	5	9
ADCK1	539	37	266	108	78	141	370	27
NRXN3	1615	454	122	1284	1714	5008	827	1451
DIO2	303	7	38	48	48	115	120	26
CEP128	1628	257	332	1081	823	1855	1066	523
TSHR	14	11	3	39	74	52	32	15
GTF2A1	2221	110	1016	524	232	651	1752	186
STON2	659	97	302	371	324	524	846	138
SEL1L	1995	84	644	298	184	443	1604	106
FLRT2	811	171	478	668	573	2488	770	252
GALC	880	55	291	164	141	247	745	76
GPR65	1	0	2	0	0	0	1	0
KCNK10	682	77	419	457	336	385	613	89
SPATA7	2187	111	660	637	504	894	1582	239
PTPN21	393	50	195	234	265	329	347	87
ZC3H14	6114	258	2115	1061	727	1404	4214	370
EML5	64	14	24	55	69	162	43	39
TTC8	1313	134	419	515	395	765	958	196
FOXN3	2997	397	1672	1320	1022	1707	3101	589
EFCAB11	1625	124	631	546	441	797	1454	248
TDP1	2265	81	768	336	245	463	1745	122
KCNK13	7	2	1	23	11	3	7	6
PSMC1	1696	342	432	1369	838	1635	1273	508
NRDE2	1925	89	482	272	205	479	1361	107
CALM1	46537	1345	14112	5120	4093	7997	32850	2666
TTC7B	744	123	268	437	342	602	492	188
RPS6KA5	1194	114	325	403	381	739	691	230
DGLUCY	1413	99	488	247	290	546	971	102
GPR68	20	2	6	5	9	8	21	5
CCDC88C	1636	126	472	559	384	492	1267	149
PPP4R3A	5373	216	1683	911	570	1215	3637	332
CATSPERB	1	0	0	2	3	7	0	1
TC2N	7	1	3	5	2	12	10	4
FBLN5	33	3	12	8	4	9	50	6
TRIP11	4158	165	1326	707	511	1128	3245	277
ATXN3	3093	191	906	549	436	959	2272	251
NDUFB1	12060	339	3998	1502	943	1552	8454	494
CPSF2	3996	171	1461	581	333	786	2630	258
SLC24A4	6	5	0	1	1	1	4	2
RIN3	80	10	24	22	23	33	38	12
LGMN	2856	151	1226	456	255	433	3151	160
GOLGA5	1120	70	473	223	157	287	1062	47
CHGA	1	0	1	4	2	1	3	3
ITPK1	22	30	6	107	81	198	13	57
MOAP1	4	69	2	176	156	370	2	75
TMEM251	9	102	7	428	271	518	8	123
GON7	23	49	7	281	197	401	19	106
UBR7	330	85	111	207	191	369	217	88
BTBD7	313	190	138	724	483	1032	221	283
UNC79	3	75	2	175	103	185	7	79
COX8C	0	0	0	3	2	1	0	1
PRIMA1	8	4	1	9	19	43	2	7
FAM181A	1	70	0	301	339	523	0	139
ASB2	1	5	0	16	13	26	0	9
CCDC197	0	1	0	0	0	0	0	0
OTUB2	20	10	6	61	32	79	26	16
DDX24	1089	406	320	1731	1039	1906	1063	477
IFI27L1	1696	143	722	470	357	501	1813	189
IFI27	87	23	54	50	41	67	127	26
IFI27L2	2690	185	1261	748	567	1004	3440	187
PPP4R4	31	55	20	234	73	156	33	65
SERPINA10	0	1	0	0	0	0	0	1
SERPINA6	0	0	0	0	1	1	0	0
SERPINA1	13	5	5	9	15	23	10	3
SERPINA11	2	0	2	0	1	0	2	0
SERPINA9	0	0	1	0	0	0	0	0
SERPINA12	0	0	0	0	1	0	0	0
SERPINA4	0	0	0	1	0	0	0	0
SERPINA5	260	7	144	74	11	20	339	20
SERPINA3	0	0	0	3	0	0	1	1
GSC	153	7	19	19	3	6	420	4
DICER1	8136	372	2159	1337	959	2484	4730	512
CLMN	655	76	113	274	138	265	390	79
SYNE3	5	0	4	1	1	2	4	0
GLRX5	17949	520	6160	2018	1348	2600	14566	699
TCL1B	46	0	26	2	1	2	101	0
TCL1A	14	1	25	0	0	2	8	0
TUNAR	348	10	237	23	14	46	535	11
C14orf132	2887	99	297	311	207	458	2052	119
BDKRB2	16	0	2	1	2	10	22	1
BDKRB1	3	0	1	0	0	0	3	1
ATG2B	414	48	191	208	156	306	295	80
GSKIP	2229	79	1048	348	247	470	1808	122
AK7	312	24	55	128	95	140	239	46
PAPOLA	13448	531	4796	2023	1276	3115	10852	776
VRK1	7398	249	2495	1141	586	1603	4851	501
C14orf177	0	0	0	0	0	0	0	0
BCL11B	450	15	64	41	77	122	230	31
SETD3	1804	100	888	408	243	471	1727	158
CCNK	2995	110	984	441	312	657	2302	173
CCDC85C	1605	69	363	244	145	310	1146	116
HHIPL1	203	9	91	55	37	59	234	16
CYP46A1	667	67	268	307	170	211	599	62
EML1	2238	186	831	746	548	1004	1731	267
EVL	9291	394	2199	1397	1108	1874	6425	683
DEGS2	27	2	13	7	6	8	34	4
YY1	14303	376	4999	1528	1100	2367	11040	714
SLC25A29	3279	141	1344	407	298	654	2470	174
SLC25A47	1	0	0	0	0	1	71	0
WARS	1853	63	842	229	132	261	1584	73
WDR25	705	36	248	137	110	172	496	60
BEGAIN	302	14	58	11	5	32	48	12
DLK1	65672	1498	30946	1301	205	3773	15545	2181
RTL1	90	3	10	18	0	5	23	7
DIO3	617	10	123	26	0	33	178	2
PPP2R5C	4716	284	1537	1046	705	1406	3137	401
DYNC1H1	12893	522	4289	1892	1145	2723	10408	713
HSP90AA1	271747	6724	81158	23629	12241	26025	209574	9496
WDR20	1286	125	497	484	350	571	1052	174
MOK	1172	83	253	351	280	515	661	137
ZNF839	679	38	214	151	131	226	534	47
CINP	3187	85	976	350	234	461	2832	150
TECPR2	1070	105	329	390	289	480	743	151
ANKRD9	3832	82	1002	277	222	381	3147	116
RCOR1	2058	244	731	903	585	1051	1569	426
TRAF3	1480	161	329	610	440	788	912	241
AMN	26	3	15	3	4	11	30	2
CDC42BPB	3291	164	1180	598	403	922	2295	203
LBHD2	32	0	0	1	1	1	2	1
EXOC3L4	1	0	1	1	0	0	1	0
TNFAIP2	571	4	55	9	34	37	231	17
EIF5	25467	779	9291	2457	1553	4207	20495	1431
MARK3	4440	297	1398	1297	869	1605	3232	461
CKB	120868	2506	25839	7002	9429	21003	62255	6064
TRMT61A	1021	13	300	50	43	75	679	18
BAG5	3254	94	942	443	261	694	2219	187
KLC1	4246	249	1422	965	708	1425	3416	368
COA8	5338	177	2163	731	610	1087	4621	236
XRCC3	941	42	187	206	145	322	590	89
ZFYVE21	3664	83	1607	363	260	497	3397	137
PPP1R13B	104	19	55	90	70	116	104	37
ATP5MPL	32299	832	11454	3343	2213	4291	25057	1292
TDRD9	4	1	0	4	0	9	1	0
RD3L	0	0	0	0	0	0	0	0
ASPG	29	5	30	3	6	14	77	0
KIF26A	684	10	286	37	27	75	344	16
TMEM179	4	6	2	15	8	21	6	10
C14orf180	0	0	0	1	0	0	0	0
INF2	817	14	273	69	53	66	631	29
ADSSL1	569	25	322	61	41	84	509	18
SIVA1	22636	429	6292	2134	1393	3101	15225	859
AKT1	5209	122	1711	391	264	552	3824	167
ZBTB42	85	1	32	4	9	12	94	2
CEP170B	279	9	157	33	19	46	212	15
PLD4	9	1	0	1	0	1	6	2
AHNAK2	115	6	67	20	6	36	235	11
CLBA1	677	21	115	137	92	191	472	73
CDCA4	6241	162	1881	724	411	1006	4224	287
GPR132	2	2	0	4	2	1	3	1
JAG2	196	4	115	15	12	13	165	8
NUDT14	2285	148	2036	369	301	560	3130	188
BRF1	984	58	281	207	148	294	714	67
BTBD6	2378	60	553	207	170	325	1435	97
PACS2	2107	71	503	296	198	436	1420	119
TEX22	131	16	18	95	71	99	121	34
MTA1	6053	122	2022	453	288	676	4687	189
CRIP2	3444	107	606	398	331	671	2454	173
CRIP1	2295	203	193	1144	698	778	2390	207
TEDC1	1865	30	357	196	97	253	1322	58
TMEM121	1533	25	296	182	166	288	1250	45
IGHA2	0	0	0	0	0	0	0	0
IGHE	0	0	0	0	0	0	0	0
IGHG4	0	0	0	0	0	0	0	0
IGHG2	0	0	0	0	0	0	0	0
IGHGP	0	0	0	0	0	0	0	0
IGHA1	0	0	0	0	0	0	0	0
IGHEP1	0	0	0	0	0	0	0	0
IGHG1	0	0	0	0	0	0	0	0
IGHG3	0	0	0	0	0	0	0	0
IGHD	0	0	0	0	0	0	0	0
IGHM	0	0	0	0	0	0	0	0
IGHJ6	0	0	0	0	0	0	0	0
IGHJ3P	0	0	0	0	0	0	0	0
IGHJ5	0	0	0	0	0	0	0	0
IGHJ4	0	0	0	0	0	0	0	0
IGHJ3	0	0	0	0	0	0	0	0
IGHJ2P	0	0	0	0	0	0	0	0
IGHJ2	0	0	0	0	0	0	0	0
IGHJ1	0	0	0	0	0	0	0	0
IGHD7-27	0	0	0	0	0	0	0	0
IGHJ1P	0	0	0	0	0	0	0	0
IGHD1-26	0	0	0	0	0	0	0	0
IGHD6-25	0	0	0	0	0	0	0	0
IGHD5-24	0	0	0	0	0	0	0	0
IGHD4-23	0	0	0	0	0	0	0	0
IGHD3-22	0	0	0	0	0	0	0	0
IGHD2-21	0	0	0	0	0	0	0	0
IGHD1-20	0	0	0	0	0	0	0	0
IGHD6-19	0	0	0	0	0	0	0	0
IGHD5-18	0	0	0	0	0	0	0	0
IGHD4-17	0	0	0	0	0	0	0	0
IGHD3-16	0	0	0	0	0	0	0	0
IGHD2-15	0	0	0	0	0	0	0	0
IGHD1-14	0	0	0	0	0	0	0	0
IGHD6-13	0	0	0	0	0	0	0	0
IGHD5-12	0	0	0	0	0	0	0	0
IGHD4-11	0	0	0	0	0	0	0	0
IGHD3-10	0	0	0	0	0	0	0	0
IGHD3-9	0	0	0	0	0	0	0	0
IGHD2-8	0	0	0	0	0	0	0	0
IGHD1-7	0	0	0	0	0	0	0	0
IGHD6-6	0	0	0	0	0	0	0	0
IGHD5-5	0	0	0	0	0	0	0	0
IGHD4-4	0	0	0	0	0	0	0	0
IGHD3-3	0	0	0	0	0	0	0	0
IGHD2-2	0	0	0	0	0	0	0	0
IGHD1-1	0	0	0	0	0	0	0	0
IGHV6-1	0	0	0	0	0	0	0	0
IGHVII-1-1	0	0	0	0	0	0	0	0
IGHV1-2	0	0	0	0	0	0	0	0
IGHVIII-2-1	0	0	0	0	0	0	0	0
IGHV1-3	0	0	0	0	0	0	0	0
IGHV4-4	0	0	0	0	0	0	0	0
IGHV7-4-1	0	0	0	0	0	0	0	0
IGHV2-5	0	0	0	0	0	0	0	0
IGHVIII-5-1	0	0	0	0	0	0	0	0
IGHVIII-5-2	0	0	0	0	0	0	0	0
IGHV3-6	0	0	0	0	0	0	0	0
IGHV3-7	0	0	0	0	0	0	0	0
IGHV3-64D	0	0	0	0	0	0	0	0
IGHV5-10-1	0	0	0	0	0	0	0	0
IGHV3-11	0	0	0	0	0	0	0	0
IGHVIII-11-1	0	0	0	0	0	0	0	0
IGHV1-12	0	0	0	0	0	0	0	0
IGHV3-13	0	0	0	0	0	0	0	0
IGHVIII-13-1	0	0	0	0	0	0	0	0
IGHV1-14	0	0	0	0	0	0	0	0
IGHV3-15	0	0	0	0	0	0	0	0
IGHVII-15-1	0	0	0	0	0	0	0	0
IGHV3-16	0	0	0	0	0	0	0	0
IGHVIII-16-1	0	0	0	0	0	0	0	0
IGHV1-17	0	0	0	0	0	0	0	0
IGHV1-18	0	0	0	0	0	0	0	0
IGHV3-19	0	0	0	0	0	0	0	0
IGHV3-20	0	0	0	0	0	0	0	0
IGHV3-21	0	0	0	0	0	0	0	0
IGHV3-22	0	0	0	0	0	0	0	0
IGHVII-22-1	0	0	0	0	0	0	0	0
IGHVIII-22-2	0	0	0	0	0	0	0	0
IGHV3-23	0	0	0	0	0	0	0	0
IGHV1-24	0	0	0	0	0	0	0	0
IGHV3-25	0	0	0	0	0	0	0	0
IGHVIII-25-1	0	0	0	0	0	0	0	0
IGHV2-26	0	0	0	0	0	0	0	0
IGHVIII-26-1	0	0	0	0	0	0	0	0
IGHVII-26-2	0	0	0	0	0	0	0	0
IGHV7-27	0	0	0	0	0	0	0	0
IGHV4-28	0	0	0	0	0	0	0	0
IGHVII-28-1	0	0	0	0	0	0	0	0
IGHV3-32	0	0	0	0	0	0	0	0
IGHV3-30	0	0	0	0	0	0	0	0
IGHVII-30-1	0	0	0	0	0	0	0	0
IGHV3-30-2	0	0	0	0	0	0	0	0
IGHV4-31	0	0	0	0	0	0	0	0
IGHVII-30-21	0	0	0	0	0	0	0	0
IGHV3-29	0	0	0	0	0	0	0	0
IGHV3-33	0	0	0	0	0	0	0	0
IGHVII-33-1	0	0	0	0	0	0	0	0
IGHV3-33-2	0	0	0	0	0	0	0	0
IGHV4-34	0	0	0	0	0	0	0	0
IGHV7-34-1	0	0	0	0	0	0	0	0
IGHV3-35	0	0	0	0	0	0	0	0
IGHV3-36	0	0	0	0	0	0	0	0
IGHV3-37	0	0	0	0	0	0	0	0
IGHV3-38	0	0	0	0	0	0	0	0
IGHVIII-38-1	0	0	0	0	0	0	0	0
IGHV4-39	0	0	0	0	0	0	0	0
IGHV7-40	0	0	0	0	0	0	0	0
IGHVII-40-1	0	0	0	0	0	0	0	0
IGHV3-41	0	0	0	0	0	0	0	0
IGHV3-42	0	0	0	0	0	0	0	0
IGHV3-43	0	0	0	0	0	0	0	0
IGHVII-43-1	0	0	0	0	0	0	0	0
IGHVIII-44	0	0	0	0	0	0	0	0
AC244452.3	0	0	0	0	0	0	0	0
IGHVIV-44-1	0	0	0	0	0	0	0	0
IGHVII-44-2	0	0	0	0	0	0	0	0
IGHV1-45	0	0	0	0	0	0	0	0
IGHV1-46	0	0	0	0	0	0	0	0
IGHVII-46-1	0	0	0	0	0	0	0	0
IGHV3-47	0	0	0	0	0	0	0	0
IGHVIII-47-1	0	0	0	0	0	0	0	0
IGHV3-48	0	0	0	0	0	0	0	0
IGHV3-49	0	0	0	0	0	0	0	0
IGHVII-49-1	0	0	0	0	0	0	0	0
IGHV3-50	0	0	0	0	0	0	0	0
IGHV5-51	0	0	0	0	0	0	0	0
IGHVIII-51-1	0	0	0	0	0	0	0	0
IGHVII-51-2	0	0	0	0	0	0	0	0
IGHV3-52	0	0	0	0	0	0	0	0
IGHV3-53	0	0	0	0	0	0	0	0
IGHVII-53-1	0	0	0	0	0	0	0	0
IGHV3-54	0	0	0	0	0	0	0	0
IGHV4-55	0	0	0	0	0	0	0	0
IGHV7-56	0	0	0	0	0	0	0	0
IGHV3-57	0	0	0	0	0	0	0	0
IGHV1-58	0	0	0	0	0	0	0	0
IGHV4-59	0	0	0	0	0	0	0	0
IGHV3-60	0	0	0	0	0	0	0	0
IGHVII-60-1	0	0	0	0	0	0	0	0
IGHV4-61	0	0	0	0	0	0	0	0
IGHV3-62	0	0	0	0	0	0	0	0
IGHVII-62-1	0	0	0	0	0	0	0	0
IGHV3-63	0	0	0	0	0	0	0	0
IGHV3-64	0	0	0	0	0	0	0	0
IGHV3-65	0	0	0	0	0	0	0	0
IGHVII-65-1	0	0	0	0	0	0	0	0
IGHV3-66	0	0	0	0	0	0	0	0
IGHV1-67	0	0	0	0	0	0	0	0
IGHVII-67-1	0	0	0	0	0	0	0	0
IGHVIII-67-2	0	0	0	0	0	0	0	0
IGHVIII-67-3	0	0	0	0	0	0	0	0
IGHVIII-67-4	0	0	0	0	0	0	0	0
IGHV1-68	0	0	0	0	0	0	0	0
IGHV1-69	0	0	0	0	0	0	0	0
IGHV2-70D	0	0	0	0	0	0	0	0
IGHV3-69-1	0	0	0	0	0	0	0	0
IGHV1-69-2	0	0	0	0	0	0	0	0
IGHV1-69D	0	0	0	0	0	0	0	0
IGHV2-70	0	0	0	0	0	0	0	0
IGHV3-71	0	0	0	0	0	0	0	0
IGHV3-72	0	0	0	0	0	0	0	0
IGHV3-73	0	0	0	0	0	0	0	0
IGHV3-74	0	0	0	0	0	0	0	0
IGHVII-74-1	0	0	0	0	0	0	0	0
IGHV3-75	0	0	0	0	0	0	0	0
IGHV3-76	0	0	0	0	0	0	0	0
IGHVIII-76-1	0	0	0	0	0	0	0	0
IGHV5-78	0	0	0	0	0	0	0	0
IGHVII-78-1	0	0	0	0	0	0	0	0
IGHV3-79	0	0	0	0	0	0	0	0
IGHV4-80	0	0	0	0	0	0	0	0
IGHV7-81	0	0	0	0	0	0	0	0
IGHVIII-82	0	0	0	0	0	0	0	0
IGHV1OR15-9	0	0	0	0	0	0	0	0
IGHV1OR15-2	0	0	0	0	0	0	0	0
IGHV3OR15-7	0	0	0	0	0	0	0	0
IGHD5OR15-5A	0	0	0	0	0	0	0	0
IGHD4OR15-4A	0	0	0	0	0	0	0	0
IGHD3OR15-3A	0	0	0	0	0	0	0	0
IGHD2OR15-2A	0	0	0	0	0	0	0	0
IGHD1OR15-1A	0	0	0	0	0	0	0	0
GOLGA6L6	0	0	0	0	0	0	0	0
IGHV1OR15-6	0	0	0	0	0	0	0	0
POTEB2	0	0	0	0	1	0	0	1
IGHD5OR15-5B	0	0	0	0	0	0	0	0
IGHD4OR15-4B	0	0	0	0	0	0	0	0
IGHD3OR15-3B	0	0	0	0	0	0	0	0
IGHD2OR15-2B	0	0	0	0	0	0	0	0
IGHD1OR15-1B	0	0	0	0	0	0	0	0
POTEB3	0	0	0	0	0	0	0	0
LINC02203	0	0	0	0	0	0	1	0
AC135068.1	0	0	0	0	0	0	0	0
AC135068.3	0	0	0	0	0	0	0	0
AC135068.8	0	0	0	0	0	0	0	0
AC135068.9	0	0	0	0	0	0	0	0
AC135068.2	0	0	0	0	0	0	0	0
AC134981.1	0	0	0	0	0	0	0	0
POTEB	0	0	0	0	0	0	0	0
OR4M2	0	0	0	0	0	0	0	0
OR4N4	0	0	0	0	0	0	0	0
IGHV1OR15-1	0	0	0	0	0	0	0	0
IGHV1OR15-3	0	0	0	0	0	0	0	0
IGHV4OR15-8	0	0	0	0	0	0	0	0
IGHV1OR15-4	0	0	0	0	0	0	0	0
GOLGA6L22	0	0	0	0	0	0	0	0
NIPA1	724	54	289	180	149	252	684	58
NIPA2	3106	106	1159	459	302	577	2651	154
CYFIP1	3404	166	1254	618	386	807	2410	232
TUBGCP5	843	88	215	277	200	381	668	115
GOLGA6L1	0	0	0	0	0	0	0	0
GOLGA8S	0	0	1	1	0	1	1	1
GOLGA6L2	2	0	4	0	1	0	1	0
MKRN3	476	67	29	267	248	400	126	160
MAGEL2	255	8	96	52	14	48	201	21
NDN	12110	331	3469	2473	886	1872	9652	562
NPAP1	25	0	7	5	3	9	4	0
SNRPN	12194	678	7315	4820	1468	3170	10849	945
SNURF	111	10	53	41	17	34	97	9
UBE3A	6649	402	2607	1483	1147	2370	5197	621
ATP10A	22	34	9	21	15	114	23	21
GABRB3	1323	59	798	243	367	711	1232	127
GABRA5	61	4	46	9	21	37	137	8
GABRG3	206	121	160	693	883	1884	161	435
OCA2	152	129	79	378	263	320	348	143
HERC2	2114	303	591	922	901	1497	1632	465
GOLGA8F	0	0	0	0	0	0	0	0
GOLGA8G	0	0	0	0	0	0	0	0
GOLGA8M	0	3	1	1	1	0	0	0
GOLGA6L7	6	0	4	6	4	4	25	1
APBA2	243	187	34	535	453	833	189	279
FAM189A1	32	119	8	536	237	326	26	157
NSMCE3	0	122	0	580	385	687	0	168
TJP1	4517	401	1680	1667	1114	2194	3244	544
GOLGA8J	0	0	0	2	1	0	0	0
GOLGA8T	0	0	0	0	0	0	0	0
CHRFAM7A	5	1	0	1	3	12	2	4
GOLGA8R	0	4	0	1	6	12	1	2
GOLGA8Q	0	1	0	2	0	3	0	0
GOLGA8H	4	0	2	4	2	7	19	4
AC091057.6	7	13	2	42	24	93	2	21
ARHGAP11B	2	98	0	443	270	581	3	195
FAN1	197	57	64	226	149	319	147	94
MTMR10	27	25	9	90	69	143	28	34
TRPM1	34	6	50	8	18	60	4	1
KLF13	94	71	26	217	150	398	79	112
OTUD7A	10	36	5	155	158	206	7	76
CHRNA7	88	43	14	194	128	185	48	84
GOLGA8K	0	0	0	0	1	2	0	0
GOLGA8O	0	0	0	0	0	1	0	0
GOLGA8N	1	0	0	1	3	2	1	1
ARHGAP11A	348	63	117	250	162	434	272	134
SCG5	239	197	127	615	331	889	283	293
GREM1	5	54	2	172	26	50	12	45
FMN1	42	66	8	234	35	55	105	86
RYR3	54	30	44	155	72	110	51	34
AVEN	2873	110	950	544	268	545	2126	141
CHRM5	5	10	1	79	57	91	2	26
EMC7	4124	153	1801	555	341	562	4337	180
PGBD4	104	5	37	16	17	28	108	5
KATNBL1	6070	359	1869	1279	1028	1967	4215	467
EMC4	9174	242	3434	928	603	1282	7965	387
SLC12A6	392	47	220	169	118	259	328	85
NOP10	19583	533	7953	1936	1098	2398	15475	684
NUTM1	5	0	3	1	3	4	8	6
LPCAT4	1112	41	508	152	90	177	1023	33
GOLGA8A	1075	33	492	137	66	342	1732	112
GOLGA8B	987	48	225	143	111	256	928	51
GJD2	5	1	0	3	0	1	3	1
ACTC1	521	16	389	243	51	86	502	17
AQR	3366	187	1206	699	483	919	2285	279
ZNF770	4338	129	1649	593	458	982	3368	198
NANOGP8	0	1	0	0	1	0	3	0
DPH6	1031	224	570	1196	666	1281	800	356
C15orf41	770	102	284	350	367	691	658	166
MEIS2	3253	111	1834	1024	649	2171	2167	233
TMCO5A	0	0	0	3	0	0	0	0
SPRED1	1776	322	779	1215	726	1593	1416	415
FAM98B	3087	138	1017	422	331	778	2057	230
RASGRP1	901	33	198	195	229	588	335	69
THBS1	190	21	68	121	26	29	164	11
FSIP1	522	60	91	231	148	234	384	70
GPR176	107	17	240	86	29	50	99	22
EIF2AK4	7310	254	2806	936	610	993	5403	318
SRP14	103625	2958	33905	11825	7917	14909	70676	4548
BMF	378	17	83	65	82	126	352	23
BUB1B	4955	199	1359	684	446	1165	3297	345
PAK6	35	6	18	30	29	66	42	33
PLCB2	570	9	80	41	37	78	550	24
ANKRD63	0	0	0	0	0	0	0	0
INAFM2	392	11	189	47	17	60	441	9
CCDC9B	4	0	5	1	0	0	3	0
PHGR1	0	0	0	0	0	0	0	0
DISP2	45	2	12	4	8	11	40	4
KNSTRN	5341	148	1731	435	344	844	3753	218
IVD	2700	106	850	366	296	583	2101	170
BAHD1	373	24	138	96	55	95	247	46
CHST14	1179	36	441	104	60	161	871	43
CCDC32	1251	62	492	275	186	352	968	104
RPUSD2	1419	32	505	146	76	189	1220	49
KNL1	4376	161	1062	544	427	947	2506	305
RAD51	2157	55	567	209	143	315	1429	104
RMDN3	1449	64	516	239	173	296	1238	79
GCHFR	3130	154	1033	543	400	557	5114	230
DNAJC17	2022	76	635	345	245	432	1738	111
C15orf62	10	0	0	1	1	0	6	0
ZFYVE19	871	38	266	113	75	113	929	36
PPP1R14D	0	0	0	0	0	0	0	0
SPINT1	414	11	686	21	16	48	838	3
RHOV	82	0	51	1	11	21	139	3
VPS18	629	17	334	97	60	116	534	19
DLL4	0	0	0	1	0	1	7	0
CHAC1	202	18	115	103	16	70	254	10
INO80	1616	116	537	576	412	689	1228	243
EXD1	4	2	0	3	2	6	6	1
CHP1	2962	102	1413	380	289	457	2241	141
OIP5	3000	93	911	399	269	691	1888	203
NUSAP1	1646	555	413	1907	1488	3803	995	1241
NDUFAF1	1677	60	638	254	143	306	1653	83
RTF1	17037	547	5573	2066	1411	2864	13693	791
ITPKA	70	1	25	6	8	14	30	3
LTK	0	0	2	0	0	0	1	0
RPAP1	1567	64	506	174	141	319	1192	77
TYRO3	2837	41	1002	201	182	354	1450	99
MGA	2930	174	1024	774	502	981	2118	244
MAPKBP1	586	45	217	217	195	312	364	114
JMJD7	0	26	1	107	84	118	1	32
PLA2G4B	5	6	0	10	16	25	1	8
SPTBN5	14	2	7	1	2	1	6	3
EHD4	736	27	314	99	47	122	775	25
PLA2G4E	0	0	3	0	0	0	2	0
PLA2G4D	0	0	1	0	0	1	3	0
PLA2G4F	0	0	0	0	0	0	0	0
VPS39	699	65	312	231	156	319	651	80
TMEM87A	3478	220	1303	822	529	1220	2862	361
GANC	301	28	122	85	73	140	250	36
CAPN3	8	1	21	13	9	23	4	5
ZNF106	6131	266	2233	923	546	1356	4514	290
SNAP23	2352	111	1078	321	167	444	1981	136
LRRC57	1923	78	609	241	183	380	1381	124
HAUS2	2185	90	753	303	260	507	1583	131
STARD9	555	86	195	322	203	397	425	138
CDAN1	429	14	141	90	58	111	288	30
TTBK2	1331	168	570	629	458	794	983	232
UBR1	1040	175	320	713	512	884	812	267
TMEM62	191	22	36	89	81	97	156	44
CCNDBP1	2139	72	962	256	238	369	1810	95
EPB42	0	0	0	0	0	0	0	1
TGM5	0	0	1	1	0	0	0	0
TGM7	0	0	0	0	0	0	1	1
LCMT2	671	3	197	44	33	89	377	19
ADAL	1405	62	441	195	166	242	1053	87
ZSCAN29	978	23	349	139	95	226	717	48
TUBGCP4	3537	96	860	368	321	667	2406	173
TP53BP1	5955	343	1678	1418	983	1723	4178	417
MAP1A	2771	79	774	372	259	402	2269	115
PPIP5K1	207	24	64	93	71	146	140	35
CKMT1B	111	1	71	7	7	16	55	1
STRC	7	0	6	6	2	6	16	1
CATSPER2	178	23	53	140	109	189	109	37
CKMT1A	107	2	179	5	13	23	226	5
PDIA3	27493	845	9332	3097	1799	3647	25860	1256
ELL3	1	1	1	6	5	13	4	11
SERF2	76157	2059	29373	9054	6227	11642	60231	3209
SERINC4	15	0	8	0	1	0	10	1
HYPK	263	7	73	33	16	32	246	11
MFAP1	9119	275	2906	1197	754	1735	7056	438
WDR76	2377	71	511	314	226	593	1364	135
FRMD5	162	283	82	1124	982	1879	130	545
CASC4	2244	283	856	1144	823	1470	1893	429
CTDSPL2	3391	279	987	997	851	1708	2415	464
EIF3J	6966	243	2186	969	664	1422	5014	367
SPG11	2219	152	642	602	461	874	1566	232
PATL2	8	4	3	21	10	13	8	10
B2M	3172	403	1377	1568	806	1397	1896	455
TRIM69	13	19	3	67	69	130	9	29
TERB2	0	0	0	0	0	0	0	0
SORD	388	95	118	285	191	534	278	148
DUOX2	1	0	1	1	1	1	6	0
DUOXA2	1	0	0	0	0	0	2	0
DUOXA1	3	2	0	8	1	1	10	0
DUOX1	264	39	53	186	147	187	180	58
SHF	1944	79	671	202	154	382	1171	86
SLC28A2	8	0	2	3	8	13	15	2
GATM	733	16	219	66	97	188	550	46
SPATA5L1	791	26	203	129	97	197	607	52
C15orf48	10	1	4	2	1	2	20	1
SLC30A4	33	4	16	11	11	20	26	3
BLOC1S6	4626	164	1561	539	471	1018	3967	251
SQOR	7	1	7	0	0	6	38	0
SEMA6D	324	148	223	171	256	468	354	148
SLC24A5	185	9	137	31	24	40	161	20
MYEF2	7807	364	2838	1285	907	2012	5957	567
CTXN2	133	3	40	12	24	20	115	8
SLC12A1	9	2	13	18	10	24	34	1
DUT	24309	546	6459	2033	1328	3086	17414	928
FBN1	627	88	438	420	277	418	814	149
CEP152	2080	87	454	272	153	465	1048	179
SHC4	56	5	18	19	15	47	35	11
EID1	35864	1207	10769	4442	3636	7387	26184	1853
SECISBP2L	1521	177	704	676	455	790	1577	215
COPS2	5576	238	2069	946	553	1241	4430	300
GALK2	1117	99	421	370	266	495	970	151
FAM227B	621	133	216	394	380	476	581	131
FGF7	63	6	11	14	12	19	10	7
DTWD1	4526	202	1322	658	485	1028	3143	249
ATP8B4	5	5	8	10	4	12	8	3
SLC27A2	313	9	66	29	21	39	224	23
HDC	540	9	30	46	55	60	285	55
GABPB1	1982	119	611	496	289	672	1527	196
USP8	3973	212	1454	692	490	871	3311	277
USP50	1	1	1	10	5	18	3	4
TRPM7	1490	240	602	863	636	1199	1109	357
SPPL2A	2982	143	842	554	422	753	1936	225
AP4E1	364	64	181	204	184	287	277	73
TNFAIP8L3	68	21	11	150	42	46	22	29
CYP19A1	44	17	11	222	55	48	11	29
GLDN	113	11	11	96	19	23	50	11
DMXL2	1250	135	613	449	391	760	999	188
SCG3	847	5	415	21	68	82	867	18
LYSMD2	114	0	87	16	30	14	91	4
TMOD2	167	7	113	41	80	108	81	19
TMOD3	3764	186	1315	778	597	1093	3448	336
LEO1	4695	157	1430	603	421	863	3583	253
MAPK6	4196	243	1604	940	686	1326	3462	357
BCL2L10	9	0	16	0	3	3	41	2
GNB5	1663	90	770	245	265	494	1595	128
MYO5C	562	45	270	174	121	241	443	74
MYO5A	697	126	372	439	439	766	479	185
ARPP19	9846	358	3899	1233	876	2039	7460	462
FAM214A	591	76	286	267	264	423	433	100
ONECUT1	408	17	31	21	13	22	375	10
WDR72	1284	12	86	54	25	27	288	15
UNC13C	52	12	2	22	35	178	9	18
RSL24D1	15076	466	5199	1662	1080	2599	11624	731
RAB27A	388	27	485	142	67	176	215	43
PIGBOS1	2411	86	902	269	226	446	2103	94
PIGB	455	26	124	110	92	199	381	45
CCPG1	1165	68	719	282	278	441	1671	99
C15orf65	971	28	183	63	113	200	686	50
DNAAF4	2612	105	460	421	412	821	1965	223
PYGO1	1300	157	219	504	526	1053	730	233
PRTG	7748	1444	3930	4829	4483	7473	10650	1690
NEDD4	112	11	87	81	119	224	69	32
RFX7	1528	463	371	1859	1221	2418	1035	789
TEX9	2179	267	288	793	743	1306	1516	434
MNS1	897	68	427	177	162	360	874	49
ZNF280D	70	216	302	77	636	1131	1106	290
TCF12	3378	1086	1870	4042	2772	5933	2424	1650
CGNL1	278	16	332	42	46	64	377	16
MYZAP	5	0	4	1	0	1	15	0
GCOM1	16	1	4	1	1	1	11	1
POLR2M	1271	42	441	125	113	266	875	71
ALDH1A2	9	13	62	43	20	62	22	4
AQP9	0	0	0	1	0	0	0	0
LIPC	1	0	1	2	7	6	4	1
ADAM10	3122	344	1277	1220	846	1621	2593	507
MINDY2	2815	128	1009	533	330	511	2188	204
RNF111	948	185	332	652	535	975	762	262
SLTM	16672	452	5952	2077	1324	2824	12350	747
CCNB2	14746	323	4247	1060	720	2008	10057	599
MYO1E	679	252	387	1247	948	1495	540	266
LDHAL6B	3	1	0	0	0	0	3	0
FAM81A	280	47	11	94	107	203	85	54
GCNT3	1	3	0	3	5	3	1	2
GTF2A2	16064	441	5255	1819	1199	2278	12663	608
BNIP2	1836	83	831	369	261	540	1523	128
FOXB1	1022	35	171	54	12	26	1164	16
ANXA2	10554	490	2420	1725	964	1760	16235	433
ICE2	4238	203	1200	765	525	1074	3183	319
RORA	556	486	280	1576	1927	3671	811	841
VPS13C	1795	155	936	629	387	743	1550	249
C2CD4A	1	0	0	0	0	0	0	0
C2CD4B	12	0	6	2	0	0	7	0
TLN2	1396	106	499	638	320	686	1198	189
TPM1	14270	438	11951	4169	1329	3499	20027	510
LACTB	1143	39	479	198	159	344	1005	71
RPS27L	31763	1140	13427	3867	1271	4481	19693	1819
RAB8B	2858	178	752	730	821	2138	1613	439
APH1B	458	29	155	116	163	397	446	60
CA12	328	14	84	34	14	83	344	28
USP3	3668	241	538	826	617	1432	2635	380
FBXL22	159	5	41	12	20	23	142	11
HERC1	1941	290	838	1033	797	1291	1285	308
DAPK2	224	19	87	149	107	199	104	48
CIAO2A	4907	146	1905	574	459	975	3765	245
SNX1	2318	138	845	512	379	759	1751	192
SNX22	117	2	43	15	14	27	72	4
PPIB	24957	919	8066	3505	2071	3408	22995	1197
CSNK1G1	1090	163	407	540	420	824	802	256
PCLAF	24201	450	6015	1705	1389	4228	14414	970
TRIP4	1208	78	520	296	200	365	1138	112
ZNF609	3444	562	907	2178	1900	3507	2086	1010
OAZ2	9445	172	4682	859	522	1149	8825	327
RBPMS2	2913	80	1134	226	145	268	2204	95
PIF1	3228	101	1256	225	203	591	2535	172
PLEKHO2	329	8	140	31	15	61	264	14
ANKDD1A	343	30	114	83	80	158	237	40
SPG21	5362	165	2287	608	474	950	4887	225
MTFMT	1235	85	628	248	169	368	989	95
SLC51B	2	0	1	6	1	1	2	0
RASL12	112	7	96	11	10	9	126	4
KBTBD13	1	0	1	0	0	0	0	1
UBAP1L	58	18	43	48	30	46	44	12
PDCD7	6919	190	2203	754	567	1142	5205	368
CLPX	2838	126	1007	396	325	636	2439	153
CILP	3	0	1	1	3	1	1	0
PARP16	798	45	199	112	112	229	553	65
IGDCC3	14771	570	2700	1805	1201	2931	13036	726
IGDCC4	1057	56	611	306	233	464	652	98
DPP8	1155	101	472	401	257	476	972	155
HACD3	21319	825	7487	3212	1896	4492	17318	1304
INTS14	2145	74	573	249	153	352	1532	91
SLC24A1	123	10	43	33	30	56	141	14
DENND4A	286	66	87	266	210	332	192	96
RAB11A	11515	368	4587	1368	923	1941	9424	565
MEGF11	34	32	6	71	35	28	50	26
DIS3L	1535	51	467	167	142	281	1166	84
TIPIN	2938	102	690	347	253	562	1998	142
MAP2K1	2118	113	840	515	326	561	2108	199
SNAPC5	3127	120	1225	476	322	504	2814	105
RPL4	92140	2599	35480	7538	5885	13941	80520	3405
ZWILCH	2490	62	949	268	186	418	1776	93
LCTL	627	16	285	165	93	84	648	38
SMAD6	255	31	118	92	59	82	307	49
SMAD3	1492	146	580	590	494	886	1132	225
AAGAB	2292	159	842	666	328	601	2036	172
IQCH	210	84	70	425	284	391	215	113
C15orf61	1778	42	833	223	144	256	1343	76
MAP2K5	1065	158	505	559	470	811	990	222
SKOR1	11	1	6	0	3	6	21	2
PIAS1	6008	642	1940	2741	1669	2551	4614	925
CALML4	34	53	11	108	60	97	25	36
CLN6	967	57	251	190	101	295	491	74
FEM1B	1843	66	686	265	178	445	1516	115
ITGA11	41	2	7	3	10	6	41	1
CORO2B	343	21	85	66	110	158	128	25
ANP32A	27204	803	8857	2904	2154	5679	19670	1494
SPESP1	28	33	0	59	90	149	10	23
NOX5	2	1	0	2	2	5	5	0
GLCE	795	89	280	244	344	924	620	167
PAQR5	65	8	58	27	17	30	102	10
KIF23	4482	141	1332	512	338	816	2808	263
RPLP1	481536	12523	162772	50111	33875	77138	367275	19658
TLE3	2525	79	828	309	250	433	1953	132
UACA	3326	146	1567	588	369	887	3196	295
LARP6	1370	35	808	212	138	239	1056	56
LRRC49	2062	151	535	557	510	909	1167	247
THAP10	644	17	189	74	47	111	304	29
THSD4	188	95	46	157	235	803	144	93
CT62	2	0	0	0	0	1	2	0
NR2E3	15	1	7	3	5	6	11	2
MYO9A	1181	223	538	890	551	1023	921	302
SENP8	599	32	221	128	81	172	442	36
GRAMD2A	4	1	2	4	8	2	12	4
PKM	60846	1735	18961	9183	4739	7892	69135	2946
PARP6	624	57	212	200	156	236	515	70
CELF6	0	3	0	11	11	16	2	10
HEXA	1748	82	782	338	218	437	1659	117
TMEM202	0	0	0	0	0	0	0	0
ARIH1	2799	433	1170	1841	1193	2055	2257	669
GOLGA6B	0	0	0	0	0	0	0	0
HIGD2B	2	0	0	2	2	3	0	1
BBS4	3376	152	917	517	348	667	2633	233
ADPGK	1993	58	710	261	152	298	1486	99
NEO1	2604	452	857	1958	1298	2013	2230	573
HCN4	45	4	30	10	9	12	39	4
REC114	0	1	0	11	14	17	2	20
NPTN	2782	151	1371	571	519	792	2580	249
CD276	4177	117	1576	527	322	627	3317	174
INSYN1	55	2	29	8	8	7	21	2
TBC1D21	0	0	0	0	1	0	0	0
LOXL1	1856	45	1446	173	144	317	1402	104
STOML1	351	7	108	27	17	42	278	14
PML	1003	30	420	126	88	177	734	60
GOLGA6A	0	0	0	0	0	0	0	0
ISLR2	116	1	19	3	4	8	33	3
ISLR	69	0	29	4	2	3	166	1
STRA6	370	20	368	36	23	50	723	13
CCDC33	170	14	144	32	20	40	319	13
CYP11A1	63	4	22	23	17	35	106	11
SEMA7A	236	7	38	14	9	30	124	5
UBL7	2494	68	918	246	176	441	2024	118
ARID3B	1247	110	590	483	309	484	1236	160
CLK3	1503	48	615	184	123	237	1436	92
EDC3	1185	62	406	237	133	319	876	85
CYP1A1	8	0	36	2	1	0	0	0
CYP1A2	0	0	5	0	0	0	1	0
CSK	1764	25	567	146	119	264	1342	80
LMAN1L	0	1	0	0	0	1	0	0
CPLX3	17	1	59	4	2	1	13	0
ULK3	1215	15	378	65	44	128	917	36
SCAMP2	2526	107	1012	338	221	480	2266	132
MPI	1774	60	586	153	129	309	1623	68
FAM219B	2624	82	779	256	242	436	1926	130
COX5A	36194	893	11715	3242	1974	4384	26502	1388
RPP25	1599	14	640	87	38	66	1125	22
SCAMP5	1235	17	232	80	118	285	425	45
PPCDC	1007	111	361	436	253	620	808	131
C15orf39	402	10	111	32	13	55	242	7
GOLGA6C	0	1	0	1	0	0	1	0
GOLGA6D	0	0	0	0	0	0	0	0
COMMD4	9420	212	3102	707	466	1093	6897	346
NEIL1	377	7	178	48	38	84	363	23
MAN2C1	1249	31	497	113	76	207	903	47
SIN3A	3031	137	1066	556	349	803	2105	206
PTPN9	1464	122	514	490	331	667	1038	160
SNUPN	2716	66	867	323	190	352	2410	104
IMP3	8609	163	2804	654	483	1097	6460	304
SNX33	271	4	121	31	20	74	228	15
CSPG4	46	2	16	10	4	10	45	8
ODF3L1	1	1	2	3	0	0	11	2
UBE2Q2	1923	155	441	451	279	719	1613	194
FBXO22	6551	267	2292	902	481	1177	4569	451
NRG4	103	15	24	63	43	53	90	18
TMEM266	135	14	28	56	68	65	98	24
ETFA	7095	304	2186	1084	715	1553	4892	448
ISL2	10	0	3	2	1	1	12	1
SCAPER	1659	290	540	935	992	1502	1416	415
RCN2	33089	1061	17013	3929	2695	5562	26147	1385
PSTPIP1	132	5	87	13	10	18	134	6
TSPAN3	15792	470	4628	1699	1404	2583	12914	644
PEAK1	854	188	303	765	768	912	527	287
HMG20A	1789	128	671	437	382	661	1399	183
LINGO1	984	11	602	72	46	73	696	13
TBC1D2B	422	28	137	90	68	112	312	34
SH2D7	8	2	2	6	5	5	5	1
CIB2	4527	126	1764	679	468	825	2951	229
IDH3A	881	48	431	142	91	214	794	59
ACSBG1	19	4	16	4	2	10	21	4
DNAJA4	64	7	43	25	12	33	253	9
WDR61	5594	151	1584	611	429	887	4619	248
CRABP1	20322	233	31083	1679	3027	1381	42866	264
IREB2	3449	162	1427	655	468	937	2869	264
HYKK	93	6	66	10	15	25	92	5
PSMA4	29634	690	10106	2693	1677	3774	21221	1194
CHRNA5	1628	51	292	136	124	348	952	107
CHRNA3	40	4	41	7	8	15	44	2
CHRNB4	15	3	9	2	3	5	11	0
ADAMTS7	1040	54	383	166	133	278	714	77
MORF4L1	39187	1300	12812	5213	3659	7467	30976	2115
CTSH	1221	15	525	148	110	93	870	49
RASGRF1	2	0	5	3	0	6	7	0
ANKRD34C	0	0	0	0	0	0	0	0
TMED3	2552	147	1592	481	310	554	4254	202
MINAR1	36	1	11	23	9	26	21	6
MTHFS	688	100	412	444	281	491	714	91
AC015871.1	1583	90	407	324	235	395	1063	113
BCL2A1	1	0	0	2	0	0	1	0
ZFAND6	6497	404	2846	1635	1214	2104	5542	550
FAH	645	17	296	116	60	102	559	37
CTXND1	5	5	1	7	50	11	24	4
ARNT2	867	129	243	455	596	613	594	218
ABHD17C	1275	51	345	149	108	275	809	95
CEMIP	7	24	3	97	46	74	6	23
MESD	11184	293	2911	1127	849	1869	9599	505
TLNRD1	1819	49	695	160	79	158	1595	52
CFAP161	26	5	0	47	25	45	16	26
IL16	4	0	0	5	7	3	16	2
STARD5	78	8	29	22	11	14	225	6
TMC3	0	0	1	3	5	3	1	5
MEX3B	1670	41	345	138	100	317	1148	89
EFL1	1635	125	477	551	444	767	1173	224
SAXO2	183	32	50	143	117	130	175	39
GOLGA6L10	240	4	73	19	15	44	183	12
GOLGA6L9	25	12	15	30	23	78	51	16
RPS17	10091	3108	3283	12209	7506	17712	8718	5005
CPEB1	1	4	3	19	19	19	2	2
AP3B2	214	5	55	29	49	104	96	19
FSD2	60	15	23	11	20	34	43	7
WHAMM	606	35	297	152	116	162	551	47
HOMER2	1143	56	1069	353	183	305	588	50
RAMAC	1157	48	518	179	148	242	1055	57
C15orf40	3449	128	883	457	296	476	2136	158
BTBD1	1262	117	556	374	331	560	1051	159
TM6SF1	7	4	6	21	21	30	1	21
HDGFL3	9746	395	3357	1675	1331	2715	6672	741
BNC1	2	0	0	2	3	5	3	1
SH3GL3	378	21	46	69	67	194	177	73
ADAMTSL3	18	14	8	93	36	34	15	19
UBE2Q2L	29	8	5	12	15	15	25	3
GOLGA6L4	26	3	14	2	7	12	33	6
ZSCAN2	564	22	257	111	105	180	577	57
WDR73	4374	125	1133	437	364	845	2972	188
NMB	2199	61	506	160	150	311	2155	90
SEC11A	32898	1086	12084	4017	2490	5526	28709	1527
ZNF592	661	51	197	231	170	271	463	92
ALPK3	364	28	186	82	79	138	455	52
SLC28A1	0	1	2	4	4	1	1	2
PDE8A	205	136	87	342	246	524	109	162
AKAP13	4361	623	1659	2247	1454	2491	3724	755
KLHL25	479	59	129	183	174	274	322	91
AGBL1	38	109	2	1621	1277	448	56	244
NTRK3	342	31	113	105	302	249	131	30
MRPL46	290	84	72	362	211	506	253	150
MRPS11	5229	108	1737	533	378	667	3700	183
DET1	161	66	44	195	191	297	112	94
AEN	1977	43	956	178	42	195	1216	69
ISG20	53	2	42	22	4	23	43	5
ACAN	1	1	11	1	0	4	8	1
HAPLN3	386	11	210	24	9	28	273	7
MFGE8	5029	136	2990	316	205	490	4334	168
ABHD2	799	70	292	213	160	220	606	76
RLBP1	93	4	103	6	8	15	20	8
FANCI	5026	191	1331	798	511	1171	2964	283
POLG	1225	34	377	131	81	197	780	50
RHCG	22	1	2	4	13	21	20	5
TICRR	964	39	268	171	116	261	607	86
KIF7	450	59	171	234	170	311	390	84
PLIN1	8	1	2	1	3	1	8	2
PEX11A	863	31	252	123	108	169	803	40
WDR93	206	8	28	36	58	63	143	12
MESP1	924	18	107	44	53	43	730	19
MESP2	172	5	25	20	14	13	245	4
ANPEP	4	0	11	4	2	1	18	1
AP3S2	745	145	248	519	392	721	529	189
ARPIN	1133	48	294	145	158	321	651	71
ZNF710	903	80	267	388	289	616	565	146
IDH2	16551	391	3030	1422	1038	2843	10401	732
SEMA4B	726	33	218	138	115	194	461	50
CIB1	3874	136	1224	497	294	544	4013	148
GDPGP1	200	13	61	22	19	34	142	8
TTLL13P	6	8	1	5	4	19	6	3
NGRN	1611	548	292	2069	1649	3304	768	792
ZNF774	138	9	51	22	24	40	92	12
IQGAP1	2994	129	1080	505	385	715	2996	208
CRTC3	1155	74	214	361	368	461	673	129
BLM	3102	169	837	609	449	971	2006	269
FURIN	477	14	311	72	46	58	558	22
FES	109	1	107	21	9	22	222	5
MAN2A2	525	18	205	84	70	116	430	33
HDDC3	1963	56	768	159	158	276	1705	77
UNC45A	2360	64	924	199	178	315	2004	79
RCCD1	1454	44	423	140	110	193	1088	52
PRC1	2328	251	589	797	533	1454	1544	439
VPS33B	571	18	200	95	72	133	459	34
SV2B	3	3	3	23	6	3	8	0
SLCO3A1	747	60	273	374	506	493	725	133
ST8SIA2	811	74	205	284	266	548	562	122
FAM174B	222	38	130	197	122	278	262	64
CHD2	3634	480	1254	1624	1260	2555	2913	660
RGMA	3895	69	679	409	426	936	1203	159
MCTP2	12	2	9	8	2	5	21	0
NR2F2	9031	654	2976	2988	1736	914	13822	432
ARRDC4	127	7	79	38	5	89	300	9
FAM169B	2	0	2	6	4	3	3	0
IGF1R	3977	628	1485	1911	1260	2917	3407	876
PGPEP1L	1	0	0	1	0	0	1	0
SYNM	263	8	70	36	11	25	148	9
TTC23	778	73	265	230	194	325	568	102
LRRC28	1217	111	496	465	357	566	1299	165
MEF2A	1491	368	538	1407	1036	1850	1176	508
LYSMD4	374	26	173	95	68	163	300	31
ADAMTS17	20	8	3	89	64	33	22	8
CERS3	13	1	12	37	48	18	69	6
LINS1	957	31	314	132	99	223	665	50
ASB7	445	20	216	159	96	199	387	63
ALDH1A3	163	1	468	33	4	17	28	2
LRRK1	21	3	25	11	7	8	34	3
CHSY1	1605	99	502	479	228	532	1463	171
SELENOS	6206	151	2227	667	500	927	5741	247
SNRPA1	13693	424	4254	1585	901	2264	9935	700
PCSK6	92	18	45	91	44	161	148	23
TM2D3	3543	99	1040	364	318	691	2619	168
TARSL2	1296	80	730	353	226	390	1437	106
OR4F6	0	0	0	0	0	0	0	0
OR4F15	0	0	0	0	0	0	0	0
OR4F4	0	0	0	0	0	0	0	0
POLR3K	7394	148	2495	318	345	781	5339	239
SNRNP25	11894	241	4784	523	958	1473	7888	526
RHBDF1	441	12	257	56	33	57	731	18
MPG	4881	189	1812	554	465	836	4947	217
NPRL3	2379	83	667	281	287	382	1874	137
HBZ	23	1	4	2	4	6	38	1
HBM	1	0	0	0	1	0	2	0
HBA2	8	0	5	0	0	1	5	0
HBA1	7	0	1	0	0	0	13	1
HBQ1	611	11	47	38	67	82	298	25
LUC7L	8109	268	2539	1008	665	1479	5549	391
FAM234A	2692	98	1221	407	289	527	2373	111
RGS11	241	8	24	15	29	20	285	7
ARHGDIG	292	17	64	56	40	51	511	14
PDIA2	16	3	1	1	0	2	33	2
AXIN1	950	43	334	171	105	240	809	60
MRPL28	9660	279	4033	864	539	1050	8637	348
TMEM8A	1159	39	668	154	93	176	1232	65
NME4	47207	1014	10626	3375	2222	4385	35431	1290
DECR2	13	13	5	43	42	93	14	29
RAB11FIP3	187	124	70	401	395	672	117	180
CAPN15	996	18	334	100	46	132	737	37
PRR35	13	0	8	0	0	1	7	0
PIGQ	1415	29	535	129	72	189	1139	49
NHLRC4	18	0	18	2	3	3	43	0
RAB40C	1236	48	352	177	110	242	1183	79
WFIKKN1	2805	133	1379	545	289	420	3274	197
METTL26	11260	341	2840	1014	696	1814	9280	481
MCRIP2	2174	69	768	208	105	254	2217	103
WDR90	897	14	243	25	51	104	599	28
RHOT2	3300	38	1143	180	119	298	2790	123
RHBDL1	128	7	80	21	14	13	201	2
STUB1	9183	304	3573	1008	680	1330	8064	369
JMJD8	3973	74	1024	128	168	376	3183	110
WDR24	521	17	225	35	35	74	547	17
FBXL16	39	1	60	13	13	16	95	4
METRN	37759	1059	9763	4941	2932	4519	20727	1190
ANTKMT	5212	107	1891	418	284	652	3703	174
CCDC78	100	1	55	3	5	4	142	2
HAGHL	928	31	505	68	45	99	1179	38
CIAO3	1302	42	425	124	80	197	1039	57
MSLN	19	0	5	1	2	2	53	0
MSLNL	0	0	0	0	0	0	0	0
RPUSD1	1379	20	559	108	70	154	1107	51
CHTF18	1691	27	460	104	89	162	1177	37
GNG13	13	0	7	1	2	0	14	0
LMF1	549	82	212	226	168	198	531	77
SOX8	248	3	99	14	4	10	111	11
SSTR5	0	0	0	0	0	0	0	0
C1QTNF8	1	0	0	1	0	0	0	1
CACNA1H	456	20	227	60	47	92	322	28
TPSG1	1	1	0	0	1	0	0	0
TPSB2	1	1	1	0	0	0	2	0
TPSAB1	0	0	0	0	0	0	0	0
TPSD1	1	0	4	0	0	0	0	0
UBE2I	32335	751	10464	2871	1682	3955	24761	1219
BAIAP3	159	6	60	20	29	21	287	6
TSR3	6121	150	2064	602	442	805	4999	232
GNPTG	1011	40	360	223	151	323	973	68
UNKL	1193	35	463	116	70	119	829	63
C16orf91	2862	71	752	308	183	406	2183	114
AL032819.3	0	0	0	0	0	1	0	0
CCDC154	29	6	19	13	9	9	25	1
CLCN7	985	33	446	101	81	141	870	36
PTX4	0	0	0	0	0	0	0	0
TELO2	1838	38	611	118	92	186	1363	48
IFT140	1002	93	301	292	234	418	831	125
TMEM204	1	2	0	6	5	6	2	3
CRAMP1	548	53	209	221	174	275	431	78
JPT2	7360	193	1808	763	406	1314	4517	334
MAPK8IP3	659	47	220	256	173	325	506	85
NME3	5513	268	2320	556	599	894	7174	217
MRPS34	16416	424	6057	1752	1020	2238	12857	773
EME2	364	15	155	29	17	53	296	9
SPSB3	2479	88	955	253	223	487	2255	138
NUBP2	5380	125	1921	461	317	764	4275	235
IGFALS	8	0	2	0	0	2	6	0
HAGH	3926	173	2047	566	425	700	3516	203
FAHD1	3414	66	997	280	235	507	2067	144
MEIOB	177	17	60	49	9	56	224	17
HS3ST6	0	2	0	0	0	2	0	0
MSRB1	2222	53	968	205	137	291	1812	85
RPL3L	4	2	5	0	0	1	12	1
NDUFB10	22277	600	8719	2176	1664	3173	18454	932
RPS2	474736	15329	177808	52067	34260	81537	364011	23070
RNF151	3	0	0	1	0	0	2	0
TBL3	1648	31	605	131	62	188	1419	76
NOXO1	25	0	30	3	3	4	57	1
GFER	2561	63	1083	201	134	306	2310	82
SYNGR3	490	14	357	14	22	78	269	8
ZNF598	1386	28	408	99	47	115	1057	15
NPW	352	10	705	62	40	58	542	30
SLC9A3R2	852	18	378	56	35	114	1243	42
NTHL1	7181	153	2152	546	330	765	5146	208
TSC2	2356	46	689	196	162	327	1643	62
PKD1	719	31	252	106	80	149	562	48
RAB26	89	11	64	41	24	61	103	30
TRAF7	3584	93	1083	230	194	407	3153	101
CASKIN1	251	9	95	55	55	99	185	26
MLST8	3964	86	1466	332	208	500	3249	152
BRICD5	226	6	63	22	13	26	151	4
PGP	14378	395	4532	1451	884	1702	10518	539
E4F1	853	42	303	147	133	195	645	50
DNASE1L2	23	1	9	5	4	3	31	1
ECI1	12440	419	3476	1094	877	1999	9739	593
RNPS1	18417	394	5944	1487	942	2178	13713	651
ABCA3	477	36	171	138	106	156	331	60
CCNF	1871	61	685	183	136	324	1220	98
TEDC2	2563	40	829	229	86	259	1572	85
NTN3	5	0	0	2	0	0	2	0
TBC1D24	1135	28	279	98	79	158	550	39
ATP6V0C	45	373	24	1442	934	1810	33	482
AMDHD2	942	21	516	73	60	114	774	21
CEMP1	1	1	1	1	0	0	1	0
PDPK1	1414	44	657	177	116	237	1176	76
KCTD5	1230	43	479	110	81	196	950	50
PRSS27	184	2	32	18	10	30	123	3
SRRM2	36272	1064	10794	3831	2613	5401	25613	1458
ELOB	50292	1276	16884	5247	3383	6942	37686	1915
PRSS33	919	10	446	36	32	64	354	27
PRSS41	0	0	1	0	1	2	0	0
PRSS21	5	0	13	0	1	1	8	0
ZG16B	0	0	0	0	0	0	0	0
PRSS22	4	0	7	1	0	1	5	0
FLYWCH2	3351	113	1270	544	333	612	3172	164
FLYWCH1	758	27	238	107	84	149	715	58
KREMEN2	101	1	164	21	7	14	111	4
PKMYT1	1813	28	442	126	79	199	1216	70
PAQR4	2269	21	363	89	79	206	1257	43
LINC00514	1	2	3	2	0	2	8	1
CLDN9	3	0	14	0	1	2	7	1
CLDN6	2806	25	3052	104	61	160	4283	20
TNFRSF12A	1775	55	1342	232	86	139	2322	46
HCFC1R1	3122	102	1766	465	261	453	3385	128
THOC6	6442	101	1906	396	258	609	5051	162
BICDL2	26	0	41	2	3	1	64	0
MMP25	38	2	33	6	3	7	47	4
IL32	30	0	63	3	5	3	42	0
ZSCAN10	602	4	524	10	12	41	648	7
ZNF205	1963	54	591	162	143	257	1582	66
ZNF213	445	30	128	74	70	109	381	37
OR1F1	0	0	0	0	0	0	0	0
ZNF200	642	17	183	51	65	93	425	22
MEFV	1	0	0	0	0	0	0	0
ZNF263	927	23	361	119	68	127	852	35
TIGD7	190	18	115	65	43	103	234	18
ZNF75A	1507	91	784	405	190	537	1809	137
OR2C1	1	0	0	0	0	0	1	0
AC025283.2	0	12	2	45	31	49	2	22
MTRNR2L4	7	0	1	0	0	1	11	1
ZSCAN32	634	25	232	102	79	127	535	41
ZNF174	510	15	252	71	58	120	522	34
ZNF597	75	3	26	29	15	29	64	14
NAA60	1953	37	777	178	111	212	1583	76
C16orf90	0	0	0	0	0	0	0	0
CLUAP1	3965	158	939	648	468	927	2881	193
NLRC3	14	3	1	14	8	14	6	3
SLX4	654	29	164	102	61	149	486	30
DNASE1	1133	65	387	241	162	308	865	64
TRAP1	6321	164	2236	536	352	764	4974	325
CREBBP	4004	310	1295	1080	904	1577	2911	500
ADCY9	101	36	47	140	90	127	101	37
SRL	2	1	0	1	5	3	6	2
TFAP4	1651	40	416	118	89	331	1144	77
GLIS2	8	18	4	70	63	105	7	35
PAM16	306	206	90	758	447	1010	355	311
CORO7	2	14	0	89	36	62	2	36
VASN	0	12	0	95	70	44	1	16
DNAJA3	224	53	64	173	90	228	152	77
NMRAL1	1074	59	346	391	281	417	1194	111
HMOX2	981	62	360	245	178	280	826	71
CDIP1	28	80	7	225	136	299	14	91
C16orf96	6	5	6	22	17	25	22	7
UBALD1	723	19	338	88	77	149	680	36
MGRN1	1635	91	511	301	200	337	996	90
NUDT16L1	4814	151	1798	457	337	747	3704	236
ANKS3	1381	68	451	246	239	337	1078	89
C16orf71	34	3	6	20	17	24	28	9
ZNF500	594	28	186	81	60	114	444	18
SEPTIN12	1	0	0	3	0	2	0	2
SMIM22	10	0	4	2	2	2	19	1
ROGDI	1585	48	1092	219	168	218	1922	69
GLYR1	3647	184	1284	672	474	903	2851	235
UBN1	4635	148	1539	627	429	761	3525	209
PPL	163	15	105	35	32	57	270	21
SEC14L5	12	0	5	2	7	4	14	1
NAGPA	602	9	194	35	37	67	394	23
ALG1	683	20	286	71	46	105	575	25
C16orf89	83	0	9	1	1	3	110	0
EEF2KMT	1548	31	427	156	70	227	973	68
RBFOX1	267	2890	170	18657	7738	3280	1469	1473
TMEM114	4	0	8	6	6	4	5	3
METTL22	1061	46	366	186	140	242	875	80
ABAT	1761	130	402	406	493	786	1507	174
TMEM186	1388	43	410	133	90	183	1109	49
PMM2	1235	56	544	278	187	267	1124	93
CARHSP1	17648	506	5707	1562	1167	2484	14207	631
LITAFD	0	0	0	0	0	1	0	0
USP7	5627	218	2099	751	466	1043	4227	327
C16orf72	2774	48	1047	234	157	313	2141	108
GRIN2A	241	11	36	42	78	303	81	26
ATF7IP2	1203	110	345	330	271	404	973	194
EMP2	4688	115	1242	548	309	672	3547	159
TEKT5	4	0	1	14	2	7	5	5
NUBP1	2926	85	1025	322	221	515	2326	125
TVP23A	440	30	194	164	115	204	388	69
CIITA	4	2	3	4	3	7	2	1
DEXI	3015	63	905	234	181	311	2200	113
CLEC16A	374	84	125	299	228	367	222	135
RMI2	4580	97	1266	424	289	691	3154	161
SOCS1	624	22	357	47	35	57	755	30
TNP2	0	0	0	0	0	0	1	0
PRM3	0	1	0	0	0	1	2	0
PRM2	0	0	1	0	0	0	1	0
PRM1	8	0	7	2	0	0	6	0
AC099489.1	22	18	16	33	27	28	10	29
LITAF	3440	133	2319	388	49	156	4419	190
SNN	3001	56	1087	202	169	431	1880	98
TXNDC11	436	34	146	137	92	126	425	47
ZC3H7A	2868	125	904	559	387	766	2042	193
RSL1D1	15332	386	5303	1485	855	2454	12846	682
GSPT1	11270	283	3749	1198	734	1790	8017	521
NPIPB2	117	44	115	17	59	105	320	47
TNFRSF17	0	0	0	0	1	4	1	3
SNX29	747	119	249	409	337	472	561	144
CPPED1	891	65	384	236	157	295	795	70
SHISA9	222	121	95	875	815	391	448	123
ERCC4	1885	78	722	359	235	430	1452	132
MRTFB	1593	273	534	1070	904	1315	1162	361
PARN	662	125	276	410	281	536	504	136
BFAR	321	146	102	491	338	799	286	232
PLA2G10	3	2	6	3	6	17	5	1
NPIPA3	7	0	1	0	0	0	2	0
NPIPA2	0	1	0	1	0	2	0	2
NOMO1	726	26	169	78	35	66	632	45
NPIPA1	11	6	17	26	18	52	19	11
PDXDC1	260	183	139	547	487	629	384	213
NTAN1	913	129	303	419	259	455	885	156
RRN3	234	71	95	241	190	398	182	92
NPIPA5	0	2	0	4	3	2	0	4
MPV17L	0	20	5	75	61	95	26	42
BMERB1	382	220	152	781	720	1295	240	342
MARF1	133	61	41	212	172	322	88	92
NDE1	211	78	57	238	177	391	157	121
MYH11	0	15	4	39	37	93	3	18
FOPNL	369	115	157	366	208	643	377	157
ABCC1	112	81	68	299	126	330	101	148
ABCC6	1	8	2	57	41	32	1	17
NOMO3	5	6	6	23	13	17	1	7
AC138969.1	7	2	3	8	9	10	5	6
NPIPA7	0	0	0	2	1	4	0	0
XYLT1	971	209	228	1000	1221	2164	385	485
NPIPA8	1	0	0	2	2	3	0	0
NPIPA9	0	0	0	2	1	1	0	1
NOMO2	78	10	26	36	20	38	54	15
RPS15A	213561	8081	81635	26785	21507	46259	168773	11798
ARL6IP1	14776	1186	6135	4622	3036	8066	11862	1969
SMG1	2376	174	1018	731	496	1061	1665	309
TMC7	338	43	151	157	90	182	284	42
COQ7	2386	69	754	204	180	376	1829	83
ITPRIPL2	517	9	197	118	57	101	364	19
SYT17	1068	100	385	457	363	599	862	135
CLEC19A	265	28	498	204	78	89	52	27
TMC5	211	38	45	88	113	100	465	29
GDE1	5489	141	1786	538	398	821	4111	221
CCP110	2695	100	737	347	237	509	1549	125
VPS35L	1776	130	660	454	339	583	1405	173
KNOP1	16805	333	3665	1392	735	1957	10626	501
IQCK	3606	217	613	772	638	981	2556	259
GPRC5B	2780	108	873	261	244	375	1599	104
GPR139	0	0	0	0	1	0	0	1
GP2	0	0	0	0	0	0	0	0
UMOD	0	0	0	0	0	1	0	0
PDILT	0	0	0	0	0	0	0	0
ACSM5	0	0	0	0	0	1	6	0
ACSM2A	0	1	0	1	0	0	4	0
ACSM2B	1	0	1	0	1	0	1	0
ACSM3	30	11	44	18	34	37	55	16
ACSM1	123	4	3	6	15	3	177	1
THUMPD1	5618	188	2285	766	592	1353	4517	340
ERI2	828	53	258	167	134	257	625	61
REXO5	369	28	76	62	48	72	255	21
DCUN1D3	270	7	186	41	21	80	239	14
LYRM1	3617	101	804	382	264	479	2441	162
DNAH3	13	6	7	10	8	16	8	5
TMEM159	1626	52	739	123	182	312	877	74
ZP2	0	0	0	0	0	0	0	0
ANKS4B	1	0	0	0	1	1	1	0
CRYM	164	6	277	12	9	31	208	7
NPIPB3	4	1	3	2	5	15	1	4
METTL9	17215	456	5018	1839	1512	3105	11877	779
IGSF6	104	7	14	15	22	26	60	11
OTOA	10	2	18	11	10	8	2	3
NPIPB4	35	16	8	53	43	67	16	13
UQCRC2	10777	324	3601	1132	829	1520	8973	469
PDZD9	3	0	2	8	16	6	2	10
MOSMO	1842	138	861	490	369	668	1545	203
VWA3A	9	14	6	31	50	33	21	10
SDR42E2	4	0	5	1	1	3	7	1
EEF2K	518	28	251	93	64	159	414	43
POLR3E	1853	42	676	225	120	257	1455	62
CDR2	917	75	404	270	196	417	819	113
NPIPB5	119	13	46	56	31	81	77	31
HS3ST2	7	4	0	13	2	2	74	3
USP31	1034	49	341	178	133	249	609	67
SCNN1G	0	0	2	2	0	0	1	0
SCNN1B	5	2	0	3	2	5	3	1
COG7	1031	83	334	317	288	396	802	124
GGA2	3331	165	1481	840	639	994	3252	230
EARS2	787	27	283	86	47	106	662	35
UBFD1	2620	74	1110	414	189	569	2152	121
NDUFAB1	27618	653	10252	2619	1630	3483	21644	1059
PALB2	782	34	233	150	101	203	567	40
DCTN5	3063	78	1246	327	215	539	2154	116
PLK1	5421	90	1814	413	262	686	3716	252
ERN2	51	3	37	15	9	14	64	2
CHP2	3	0	7	0	3	9	19	2
PRKCB	182	19	94	234	345	378	340	38
CACNG3	1	1	0	0	4	1	13	1
RBBP6	7313	198	2062	1099	723	1351	5571	414
TNRC6A	5239	583	1696	2040	1846	3146	3597	751
SLC5A11	7	3	1	15	24	26	5	10
ARHGAP17	1377	91	552	432	293	541	1113	144
LCMT1	4843	186	2082	832	544	947	4634	273
AQP8	5	0	4	3	2	2	2	1
ZKSCAN2	573	15	180	64	68	181	437	27
HS3ST4	94	24	33	186	119	135	186	37
C16orf82	38	0	15	9	10	3	23	1
KDM8	209	8	63	52	39	55	142	17
NSMCE1	5891	225	1641	443	491	818	2130	172
IL4R	210	10	115	16	5	22	158	8
IL21R	9	1	1	1	1	0	7	0
GTF3C1	3148	127	959	537	343	653	2139	174
KIAA0556	549	93	162	371	274	376	401	114
GSG1L	3	2	15	17	12	8	44	1
XPO6	2217	100	661	398	255	504	1414	157
SBK1	3739	80	1035	210	197	419	2127	116
NPIPB6	37	2	15	4	5	7	28	1
EIF3CL	1	1	0	3	3	8	11	0
NPIPB7	1	0	0	1	3	2	0	0
CLN3	220	59	44	197	158	263	91	91
APOBR	4	0	0	1	0	0	1	0
IL27	0	0	0	1	0	0	2	0
NUPR1	12	1	62	5	0	3	24	0
SGF29	1874	77	483	248	226	378	1295	95
SULT1A2	34	2	12	20	5	14	63	4
SULT1A1	251	25	85	69	26	9	201	2
NPIPB8	0	0	1	0	0	0	0	0
EIF3C	75	12	14	77	39	85	43	24
NPIPB9	4	2	4	4	5	1	15	2
ATXN2L	3729	127	1369	549	315	655	2807	243
TUFM	20143	452	6368	1597	1174	2552	15343	790
SH2B1	972	32	354	178	144	213	777	64
ATP2A1	36	2	18	23	17	27	32	4
RABEP2	657	31	349	82	52	115	596	36
CD19	17	0	22	1	1	0	51	0
NFATC2IP	4539	121	1568	373	272	765	3019	149
SPNS1	2457	54	1135	201	117	264	2045	79
LAT	109	1	35	8	9	11	78	6
NPIPB11	24	1	14	3	5	7	34	2
BOLA2	0	106	0	288	175	663	0	129
SLX1B	4	1	1	0	0	2	2	0
SULT1A4	0	0	0	0	0	0	1	0
NPIPB12	0	4	0	6	5	9	0	0
SPN	63	6	19	8	5	3	34	7
QPRT	11542	392	9179	1934	764	1418	12702	432
C16orf54	18	0	3	1	0	1	9	0
ZG16	0	0	0	0	0	1	1	0
KIF22	7005	158	2096	520	345	874	5278	321
MAZ	18886	279	4503	959	888	2044	12844	612
PRRT2	2976	141	1483	312	255	585	2423	167
PAGR1	402	164	162	546	372	688	335	221
MVP	57	5	29	36	21	30	97	30
CDIPT	2013	57	1081	186	128	283	1899	84
SEZ6L2	670	36	766	167	98	178	1301	55
ASPHD1	85	5	185	47	46	68	100	14
KCTD13	629	16	245	147	110	191	519	45
TMEM219	7913	316	3162	1055	855	1376	7723	356
TAOK2	741	18	265	61	43	112	485	29
HIRIP3	3717	75	902	261	184	503	2311	124
INO80E	1996	49	686	171	108	294	1622	103
DOC2A	341	17	104	32	32	74	275	25
C16orf92	0	0	1	2	0	2	0	1
TLCD3B	507	12	357	26	55	128	486	26
AC093512.2	6	5	4	41	26	53	5	19
ALDOA	1509	25	548	111	59	135	1991	42
PPP4C	14582	421	5456	1397	884	2170	12061	705
TBX6	37	1	27	13	6	11	64	0
YPEL3	1583	80	811	222	216	380	1986	76
GDPD3	48	2	11	4	4	7	39	1
MAPK3	3225	81	1115	203	192	326	2578	90
CORO1A	1282	26	217	95	90	207	658	61
BOLA2B	95	10	34	41	33	61	70	15
SLX1A	2	2	1	9	4	10	3	3
SULT1A3	13	1	1	5	4	21	7	1
NPIPB13	32	1	15	3	4	4	22	3
CD2BP2	3647	71	1413	345	212	457	2899	118
TBC1D10B	1816	40	560	173	111	223	1488	75
MYLPF	46	3	49	6	4	16	69	1
ZNF48	3403	62	1042	257	151	417	2368	114
SEPTIN1	901	60	468	171	147	220	908	69
ZNF771	1818	69	841	276	184	420	1265	93
DCTPP1	13548	307	3570	953	589	1690	8734	493
SEPHS2	2459	77	1254	288	179	319	2240	95
ITGAL	1	1	0	0	0	2	0	0
ZNF768	1690	31	416	126	91	179	1192	56
ZNF747	539	12	252	50	50	119	469	24
ZNF764	516	25	193	79	56	105	388	32
ZNF688	1170	30	314	95	113	173	802	55
ZNF785	1313	72	393	197	187	401	794	92
ZNF689	1537	32	445	108	103	200	1049	52
PRR14	1744	38	499	141	114	201	1338	75
FBRS	982	23	365	172	98	169	938	57
SRCAP	171	62	47	268	174	352	115	102
TMEM265	1	11	0	48	30	70	0	23
PHKG2	1811	55	725	212	170	263	1647	107
CCDC189	434	8	101	46	36	72	331	15
RNF40	2073	82	590	244	183	350	1654	82
ZNF629	1283	37	388	116	81	222	1020	49
BCL7C	7303	212	2313	1170	729	1059	5716	326
CTF1	159	10	101	33	39	36	174	9
FBXL19	1273	36	420	142	114	189	977	59
ORAI3	1348	38	603	254	167	173	2016	50
SETD1A	936	41	320	106	93	198	659	52
HSD3B7	171	9	90	19	14	20	221	4
STX1B	399	16	172	65	47	82	194	23
STX4	1258	58	624	223	137	232	1244	74
ZNF668	933	20	257	98	61	143	707	53
ZNF646	445	29	137	50	46	109	290	32
PRSS53	6	0	2	8	4	12	28	4
VKORC1	8954	350	3197	1263	980	1915	10332	528
BCKDK	2849	64	1365	265	183	341	2981	122
KAT8	3441	120	1119	435	258	618	2956	184
PRSS8	295	4	552	15	20	35	750	10
PRSS36	63	3	27	8	6	16	60	3
FUS	51710	856	15206	3529	2254	6486	36343	1711
PYCARD	467	2	355	19	19	33	637	5
TRIM72	7	0	5	3	1	1	13	2
PYDC1	29	0	22	0	4	1	87	0
ITGAM	0	2	2	2	1	2	7	0
ITGAX	5	0	2	2	2	0	9	0
ITGAD	0	0	0	1	1	2	0	0
COX6A2	5	2	28	0	0	3	20	0
ZNF843	53	4	9	7	10	16	43	5
ARMC5	371	14	91	44	34	79	289	14
TGFB1I1	166	11	78	32	10	28	482	9
SLC5A2	11	1	12	3	3	4	21	1
C16orf58	864	37	377	104	82	122	869	39
AHSP	6	0	10	0	0	1	7	1
ZNF720	2541	120	894	436	305	551	2132	143
ZNF267	623	21	245	131	106	171	475	62
IGHV1OR16-1	0	0	0	0	0	0	0	0
IGHV1OR16-3	0	0	0	0	0	0	0	0
IGHV3OR16-9	0	0	0	0	0	0	0	0
TP53TG3D	0	0	0	0	0	0	0	0
TP53TG3	0	0	0	0	0	0	0	0
IGHV2OR16-5	0	0	0	0	0	0	0	0
IGHV3OR16-15	0	0	0	0	0	0	0	0
IGHV3OR16-6	0	0	0	0	0	0	0	0
IGHV1OR16-2	0	0	0	0	0	0	0	0
IGHV3OR16-10	0	0	0	0	0	0	0	0
IGHV1OR16-4	0	0	0	0	0	0	0	0
IGHV3OR16-8	0	0	0	0	0	0	0	0
TP53TG3C	0	0	0	0	0	0	0	0
TP53TG3E	0	0	0	0	0	0	0	0
TP53TG3B	0	0	0	0	0	0	0	0
TP53TG3F	0	0	0	0	0	0	0	0
IGHV3OR16-12	0	0	0	0	0	0	0	0
IGHV3OR16-13	0	0	0	0	0	0	0	0
AC136428.1	0	0	0	0	0	0	0	0
IGHV3OR16-11	0	0	0	0	0	0	0	0
IGHV3OR16-7	0	0	0	0	0	0	0	0
SHCBP1	1394	66	364	227	131	322	925	96
VPS35	11267	328	3474	1340	969	2448	7599	660
ORC6	13375	331	4064	1361	752	2119	8409	538
MYLK3	24	9	7	25	14	18	30	10
C16orf87	4913	176	1823	751	517	980	3502	320
GPT2	2054	61	575	260	147	364	1379	120
DNAJA2	8326	241	3338	966	659	1507	7027	361
NETO2	4452	213	504	783	648	1281	2725	307
ITFG1	2210	430	863	1536	1063	1857	2035	578
PHKB	3342	223	1046	925	711	1212	2367	325
ABCC12	93	1	41	1	0	2	5	3
ABCC11	4	1	0	7	5	8	0	0
LONP2	2740	179	767	683	459	927	1991	260
SIAH1	3079	160	993	574	443	981	2213	275
N4BP1	2448	139	895	552	391	815	1929	224
CBLN1	168	3	41	50	54	14	974	6
C16orf78	0	0	0	1	2	6	2	1
ZNF423	1834	306	541	1396	716	1289	1456	423
CNEP1R1	927	38	391	104	93	231	722	64
HEATR3	797	38	291	158	88	178	670	49
TENT4B	1380	53	592	248	173	376	968	138
ADCY7	73	9	27	16	22	24	39	12
BRD7	12541	432	4229	1628	1131	2465	8963	649
NKD1	593	89	149	220	230	250	1078	66
SNX20	0	1	0	0	0	2	1	0
NOD2	4	1	1	3	1	2	15	0
CYLD	499	34	286	108	74	145	456	38
SALL1	1397	51	815	128	85	210	1024	57
HNRNPA1P48	3483	83	1050	284	207	541	2503	141
TOX3	4541	287	1610	1796	1339	2566	2508	489
AC007906.2	89	35	136	178	33	28	392	12
CHD9	9695	714	2799	2271	1772	3104	8297	1037
RBL2	921	132	324	370	318	573	733	160
AKTIP	1196	33	344	162	120	218	886	68
RPGRIP1L	1988	104	520	369	351	644	1369	181
FTO	1529	262	581	1057	715	1316	1004	368
IRX3	431	6	96	36	41	13	387	5
IRX5	278	6	26	19	5	2	157	4
IRX6	12	3	3	5	1	0	11	0
MMP2	1564	51	399	119	43	79	1412	45
LPCAT2	457	75	110	174	158	231	374	72
CAPNS2	0	0	1	0	0	0	1	1
SLC6A2	3	0	0	1	0	0	3	0
CES1	20	0	20	5	1	35	9	13
CES5A	0	0	0	0	0	0	0	0
GNAO1	534	11	86	61	296	476	286	115
AMFR	1424	51	572	195	165	386	1062	87
NUDT21	5894	209	2287	833	526	1584	4510	329
OGFOD1	2573	58	762	311	199	428	1979	118
BBS2	1093	63	364	167	142	291	864	84
MT4	1	0	0	0	0	0	0	0
MT3	162	1	13	8	27	26	137	7
MT2A	1405	30	420	51	57	336	756	47
MT1E	155	4	164	17	20	35	110	9
MT1M	13	0	12	2	5	7	10	0
MT1A	4	0	2	0	0	1	1	0
MT1B	1	0	0	0	0	0	0	0
MT1F	240	8	324	19	17	64	95	6
MT1G	545	20	631	85	93	145	400	37
MT1H	326	12	341	54	39	85	258	15
MT1X	1435	35	1241	101	120	345	1507	56
NUP93	4364	151	1397	524	322	730	3164	237
SLC12A3	0	0	0	2	0	3	0	0
HERPUD1	2382	87	1022	375	190	342	2641	131
CETP	1	1	2	1	1	0	0	0
NLRC5	9	1	3	1	1	6	3	0
CPNE2	2442	78	548	282	264	450	2210	117
FAM192A	5232	201	1901	740	549	1172	3819	315
RSPRY1	2922	120	1027	424	352	699	2023	178
ARL2BP	6885	163	1889	758	659	1050	4890	283
PLLP	108	5	91	8	10	19	108	5
CCL22	0	0	0	0	0	0	0	0
CX3CL1	327	13	49	45	76	59	358	33
CCL17	0	0	0	0	1	3	0	0
CIAPIN1	5797	171	2242	688	454	984	4655	293
COQ9	3282	78	641	248	210	456	2485	145
POLR2C	6554	147	2501	634	399	933	5409	253
DOK4	402	11	200	28	21	47	293	12
CCDC102A	1377	34	283	130	58	163	1367	63
ADGRG5	5	1	6	3	0	8	30	0
ADGRG1	1772	32	230	144	173	310	646	54
ADGRG3	8	0	5	0	1	3	21	4
DRC7	14	0	7	7	4	11	7	3
KATNB1	1398	29	484	132	89	168	965	59
KIFC3	127	12	65	36	24	29	200	14
CNGB1	3	2	2	8	1	5	12	2
TEPP	38	3	29	5	8	6	54	2
ZNF319	213	7	77	17	25	34	177	12
USB1	2679	60	1188	271	149	324	1998	107
MMP15	575	6	247	29	23	64	469	17
CFAP20	5012	121	1625	537	349	744	3721	202
CSNK2A2	4692	142	2147	567	414	973	3643	214
CCDC113	1146	46	289	238	163	296	974	73
PRSS54	1	0	1	1	2	0	1	0
GINS3	1269	33	332	124	92	232	779	49
NDRG4	599	20	389	81	89	233	402	40
SETD6	1295	32	427	124	72	207	998	46
CNOT1	3904	247	1440	893	576	1338	3012	354
SLC38A7	892	20	459	82	75	127	674	42
GOT2	5302	127	1626	613	375	887	3554	232
CDH8	575	88	651	814	155	550	348	123
CDH11	4455	314	2038	1457	1144	2408	2051	615
CDH5	9	0	1	1	1	3	6	0
BEAN1	10	11	3	18	18	18	3	7
TK2	621	30	144	85	99	116	572	30
CKLF	4423	143	1034	662	538	1194	2881	261
CMTM1	19	40	8	163	116	433	11	78
CMTM2	11	1	2	3	1	7	5	0
CMTM3	4051	69	1580	306	256	760	2357	161
CMTM4	1007	82	377	351	218	449	759	92
DYNC1LI2	7251	278	2439	959	737	1759	5675	459
TERB1	0	0	0	2	5	7	0	7
NAE1	18838	451	4511	1615	1249	2530	11578	764
CA7	15	2	3	2	4	4	11	1
PDP2	603	16	296	71	43	91	537	34
CDH16	0	0	0	0	0	0	0	0
RRAD	22	4	17	5	4	6	51	4
CIAO2B	13181	434	4579	1666	904	1833	11087	549
CES2	1778	41	531	133	110	233	1385	54
CES3	105	11	33	26	23	30	86	5
CES4A	88	5	39	16	11	8	115	3
CBFB	2412	139	777	573	403	922	1654	221
C16orf70	582	32	232	85	56	148	508	48
B3GNT9	92	4	103	12	16	8	212	1
TRADD	49	1	32	4	5	5	98	3
FBXL8	10	0	3	0	0	3	22	1
HSF4	7	0	9	0	0	0	18	0
NOL3	275	11	196	46	31	68	705	19
KIAA0895L	901	57	412	136	128	313	844	55
EXOC3L1	16	0	24	1	0	3	28	0
E2F4	3461	68	1089	237	164	401	2534	94
ELMO3	78	2	41	4	5	6	100	5
LRRC29	49	3	55	33	33	37	84	9
TMEM208	6322	187	2527	713	434	806	5650	232
FHOD1	578	19	223	58	36	76	506	18
SLC9A5	69	11	48	21	24	48	88	14
PLEKHG4	180	3	203	7	9	12	151	7
KCTD19	36	11	6	25	14	26	19	19
LRRC36	15	3	1	15	11	11	26	5
TPPP3	990	34	215	155	188	184	1117	41
ZDHHC1	231	36	79	163	104	141	330	25
HSD11B2	226	5	83	18	13	17	380	26
ATP6V0D1	3805	112	1704	561	364	556	3795	162
AGRP	2	0	1	1	0	1	5	0
RIPOR1	517	24	296	79	72	143	295	28
CTCF	8747	304	2394	1113	805	1730	5862	467
CARMIL2	115	2	114	12	5	2	131	4
ACD	2031	45	763	183	161	283	1631	98
PARD6A	1528	31	445	153	150	255	988	63
ENKD1	1519	36	303	144	139	222	959	56
C16orf86	244	16	111	40	23	52	300	11
GFOD2	2368	92	708	314	275	560	1584	171
RANBP10	573	69	179	295	238	336	395	122
TSNAXIP1	241	7	63	45	48	46	208	16
CENPT	2152	38	695	169	135	282	1594	84
THAP11	3329	78	1137	283	227	439	2665	118
NUTF2	17839	420	5447	1783	1018	2206	13785	609
EDC4	1218	26	417	135	91	177	1027	34
NRN1L	73	6	107	12	6	15	167	9
PSKH1	858	46	278	122	107	217	609	45
CTRL	27	2	7	8	5	8	20	2
PSMB10	954	51	285	211	142	290	729	95
LCAT	82	3	47	11	1	13	57	3
SLC12A4	283	8	197	32	11	32	208	7
DPEP3	143	1	555	5	3	9	418	3
DPEP2	1	0	0	1	0	0	1	0
DUS2	730	59	259	164	126	178	548	62
DPEP2NB	0	0	0	0	0	0	1	1
DDX28	1157	18	378	98	69	131	900	24
NFATC3	2755	207	927	653	520	942	1869	309
ESRP2	56	2	76	2	2	6	78	2
PLA2G15	394	7	203	43	34	77	411	23
SLC7A6	1053	62	336	307	182	290	704	88
SLC7A6OS	2469	104	879	365	262	561	2122	136
PRMT7	1435	56	465	228	188	300	1141	94
SMPD3	9	0	6	3	4	6	6	1
ZFP90	2529	168	676	582	452	849	1773	224
CDH3	178	31	272	64	26	56	276	25
CDH1	417	8	762	17	20	43	919	9
TANGO6	337	72	133	188	183	537	252	83
HAS3	280	3	153	15	11	27	265	5
CHTF8	91	3	26	29	22	28	86	6
DERPC	4	1	2	4	0	1	1	0
UTP4	1584	59	506	233	180	385	1216	128
SNTB2	1958	120	767	444	254	495	1309	192
VPS4A	4362	142	1524	516	294	825	3322	188
COG8	1087	43	347	145	95	170	821	47
PDF	28	3	3	10	4	13	27	3
NIP7	4139	92	1525	401	209	537	3228	157
TMED6	4	0	1	6	6	9	2	5
TERF2	2091	90	654	370	263	505	1479	134
CYB5B	6610	167	1772	808	500	1139	4838	329
NFAT5	1554	237	801	1214	764	1185	1400	374
NQO1	1449	74	1240	340	99	283	2305	97
NOB1	3871	89	1594	356	246	575	3395	169
WWP2	560	92	142	374	316	456	386	176
CLEC18A	122	6	187	22	18	17	443	4
PDPR	1199	38	570	161	101	349	1126	111
CLEC18C	42	2	60	16	12	4	93	7
EXOSC6	4343	123	1719	544	277	823	3186	172
AARS	3174	109	1257	349	227	463	2618	124
DDX19B	1562	86	496	268	202	455	1152	123
DDX19A	1868	79	678	321	191	403	1545	123
ST3GAL2	1253	78	403	254	214	321	989	93
FCSK	201	13	75	38	33	54	204	5
COG4	2331	85	821	296	208	357	2186	120
SF3B3	6012	191	1930	674	445	1093	4313	275
IL34	23	3	9	25	13	20	47	8
MTSS2	385	38	101	170	106	183	290	49
VAC14	1215	52	518	182	106	269	925	72
HYDIN	274	104	34	383	339	385	280	130
CMTR2	1431	50	449	154	136	300	970	72
CALB2	16	2	20	2	5	3	102	0
TLE7	1	0	2	0	1	1	1	0
ZNF23	80	40	18	94	74	155	58	50
ZNF19	447	48	158	184	175	258	372	64
CHST4	40	3	19	12	14	16	51	5
TAT	1	0	0	0	0	0	1	0
MARVELD3	189	0	372	5	9	18	425	3
PHLPP2	698	92	227	391	277	404	547	149
AP1G1	1920	128	674	544	368	716	1439	173
ATXN1L	739	23	294	66	49	93	632	26
IST1	4042	192	1586	767	489	1042	3322	323
ZNF821	1957	118	522	333	336	497	1608	163
PKD1L3	1	8	0	42	43	39	5	26
DHODH	1111	28	373	94	67	172	813	48
TXNL4B	640	32	236	134	70	188	486	45
HP	2	0	0	0	0	1	4	0
HPR	0	2	0	7	3	7	1	1
DHX38	2048	80	788	313	169	401	1748	90
PMFBP1	37	29	13	77	54	93	31	23
ZFHX3	2423	314	542	932	688	1448	2082	404
PSMD7	18467	493	6821	1964	1197	2535	13800	821
NPIPB15	91	4	74	17	15	15	67	9
CLEC18B	160	4	251	21	12	9	271	13
GLG1	6720	413	2561	1557	1023	1885	5968	543
RFWD3	1721	92	600	399	241	463	1057	147
MLKL	20	3	17	1	3	0	39	0
FA2H	8	2	34	3	2	3	21	3
WDR59	1589	121	573	429	297	574	1199	165
ZNRF1	5765	235	1773	812	688	1367	4361	422
LDHD	46	6	110	7	8	7	101	0
ZFP1	1116	46	270	195	159	305	775	86
CTRB2	0	0	0	0	0	0	1	0
CTRB1	1	0	1	1	0	2	0	0
BCAR1	1481	38	541	194	138	238	1283	65
CFDP1	18212	769	5580	2739	1993	4407	13843	1276
TMEM170A	5331	170	1655	580	370	909	3474	221
CHST6	546	10	177	35	37	94	299	27
CHST5	2	2	1	3	1	14	2	8
TMEM231	1284	47	205	204	146	292	900	86
GABARAPL2	13736	421	5134	1297	1237	2105	11775	598
ADAT1	1481	37	436	149	105	270	878	67
KARS	5036	128	1656	445	295	713	3939	189
TERF2IP	5626	281	1805	979	750	1229	4808	437
AC025287.4	0	4	0	13	11	7	6	1
DUXB	0	0	0	2	0	0	0	0
CPHXL	0	2	1	8	5	3	0	3
CNTNAP4	7	4	3	14	4	12	15	1
MON1B	1132	45	390	165	108	247	826	69
SYCE1L	1256	67	386	208	161	228	916	81
ADAMTS18	261	84	252	568	1027	691	117	72
NUDT7	998	53	303	98	111	201	879	44
VAT1L	1493	157	345	809	567	779	1539	281
CLEC3A	2	0	0	0	0	1	10	2
WWOX	1416	1178	411	4586	3397	7887	1231	1808
MAF	1440	97	1223	598	658	435	2347	80
DYNLRB2	153	9	25	52	63	85	139	13
CDYL2	137	26	78	160	163	184	96	46
CMC2	6735	203	2197	872	733	1347	5063	498
CENPN	3824	166	1409	625	492	923	4659	288
ATMIN	3426	100	1024	360	290	594	2669	127
C16orf46	124	38	33	111	116	212	110	46
GCSH	1490	526	519	1563	1213	3164	911	894
BCO1	83	22	65	137	150	121	386	31
GAN	416	63	201	246	130	292	353	106
CMIP	2205	230	789	785	541	1006	1625	330
PLCG2	145	42	80	169	100	195	132	71
SDR42E1	5	0	2	16	2	0	3	0
HSD17B2	221	10	510	56	114	60	53	2
MPHOSPH6	5891	184	1423	670	493	1106	3742	222
CDH13	35	15	20	76	27	46	36	7
HSBP1	43961	1204	15429	4727	3167	5920	35559	1756
MLYCD	965	33	406	159	116	171	979	46
OSGIN1	22	1	15	1	5	4	37	1
NECAB2	2075	64	824	212	109	93	1626	48
SLC38A8	48	4	16	5	1	1	10	3
MBTPS1	2734	126	904	489	264	693	2349	154
HSDL1	3108	110	1348	419	274	629	2596	172
DNAAF1	51	2	8	8	16	17	52	4
TAF1C	790	18	294	63	34	86	653	26
ADAD2	3	0	2	0	0	0	7	0
KCNG4	1	0	1	0	0	2	0	0
WFDC1	50	1	104	4	9	3	42	0
ATP2C2	36	0	11	16	11	8	23	3
MEAK7	978	58	362	195	130	273	726	64
COTL1	14216	329	6050	1610	506	1353	11792	558
KLHL36	810	26	274	102	62	111	779	28
USP10	5875	283	2025	1107	719	1751	4154	464
CRISPLD2	17	4	14	4	5	6	31	6
ZDHHC7	1556	43	575	185	115	266	1363	78
KIAA0513	248	18	90	58	41	83	195	17
FAM92B	148	4	18	26	15	14	129	9
GSE1	1428	166	612	458	279	504	1002	206
GINS2	15150	235	3433	1262	766	1987	8834	529
C16orf74	212	13	156	27	30	47	229	17
EMC8	4318	111	1669	537	348	609	3536	219
COX4I1	60285	1943	24682	6640	4661	10191	51245	2722
IRF8	11	0	6	3	0	0	16	0
FOXF1	10	1	1	0	1	0	8	0
MTHFSD	509	30	203	108	86	164	495	48
FOXC2	7	0	2	0	0	2	71	1
FOXL1	5	0	1	0	0	0	7	0
C16orf95	61	31	23	88	63	121	56	37
FBXO31	291	18	103	82	77	80	219	27
MAP1LC3B	6874	268	3072	910	650	1178	6122	350
ZCCHC14	1270	77	413	302	273	486	858	146
JPH3	330	7	191	59	83	143	321	28
KLHDC4	1234	55	394	211	127	375	965	75
SLC7A5	1005	23	370	137	48	129	1142	36
CA5A	0	0	0	0	4	1	0	0
BANP	1544	82	497	304	226	421	1167	132
ZNF469	6	1	5	6	0	2	20	1
ZFPM1	4534	126	1268	471	371	609	3844	167
ZC3H18	5415	197	1544	649	429	983	3596	246
IL17C	5	0	4	0	0	1	4	0
CYBA	11511	388	5991	892	606	1626	11248	327
MVD	4097	79	829	413	216	427	3617	209
SNAI3	22	22	28	88	79	92	32	28
RNF166	1932	48	668	168	88	280	1482	79
CTU2	1356	25	432	109	55	113	1026	52
PIEZO1	115	2	52	5	5	8	77	3
CDT1	7416	116	2030	384	264	711	4103	217
APRT	23970	525	9272	1410	799	2202	18462	707
GALNS	768	26	279	71	65	125	693	40
TRAPPC2L	8747	204	2557	850	414	1335	6322	412
PABPN1L	1	0	0	0	0	0	1	0
CBFA2T3	266	6	123	27	23	54	280	18
ACSF3	1139	33	359	99	85	262	943	83
CDH15	15	3	20	4	3	3	51	1
SLC22A31	57	7	120	8	0	9	109	1
ZNF778	555	25	244	95	72	124	515	37
ANKRD11	18786	618	5618	2892	1596	3391	13598	1075
SPG7	5148	161	1643	747	522	927	4116	252
RPL13	487042	13840	162859	42645	36616	79827	379819	21241
CPNE7	338	8	105	12	23	35	184	18
DPEP1	20	1	39	4	11	5	119	4
CHMP1A	3375	95	1237	270	177	394	2710	90
SPATA33	4958	135	896	362	316	667	3370	221
CDK10	2925	82	829	244	151	442	2046	132
SPATA2L	686	43	362	155	71	133	786	40
VPS9D1	427	40	138	104	101	143	416	49
ZNF276	947	26	247	70	73	131	676	43
FANCA	2000	97	669	385	300	577	1493	189
SPIRE2	668	27	156	112	134	214	464	64
TCF25	11601	306	3770	1277	941	1861	9064	479
MC1R	63	5	23	7	10	20	55	8
TUBB3	154	605	60	2153	2876	5771	76	1666
DEF8	4228	121	1404	657	290	567	3463	179
CENPBD1	553	13	259	64	46	49	439	17
DBNDD1	1011	25	507	57	70	168	941	58
GAS8	402	25	238	28	53	115	551	36
PRDM7	0	0	0	0	2	1	0	0
SCGB1C2	0	0	0	0	0	0	0	0
DOC2B	4	1	3	8	6	8	3	1
RPH3AL	50	19	44	83	85	103	60	25
C17orf97	912	46	316	173	102	88	943	52
RFLNB	801	27	536	96	59	142	506	38
VPS53	1623	151	614	688	480	691	1278	205
TLCD3A	1503	31	515	131	92	187	1197	48
GEMIN4	1354	28	369	115	61	184	1021	44
GLOD4	9387	216	3488	910	753	1626	6448	354
MRM3	1675	55	439	179	122	276	1159	77
NXN	5724	488	1770	1698	1223	2267	4865	730
TIMM22	13	75	6	280	215	455	21	166
ABR	145	116	38	388	366	605	99	162
BHLHA9	0	1	0	0	0	0	0	0
TRARG1	5	1	0	3	3	6	1	0
YWHAE	3466	1837	1357	7071	4864	10691	2730	3053
CRK	63	103	25	443	304	788	55	191
MYO1C	699	28	560	118	66	115	841	43
INPP5K	334	19	144	65	42	90	268	20
PITPNA	3336	194	1251	731	498	839	2445	254
SLC43A2	103	28	34	153	92	111	79	34
SCARF1	0	4	1	25	6	20	0	4
RILP	8	12	5	49	34	44	15	14
PRPF8	2683	242	856	1009	705	1202	2010	327
TLCD2	0	17	0	40	32	49	1	14
WDR81	27	14	33	22	16	31	23	8
SERPINF2	0	0	0	4	1	2	0	1
SERPINF1	3584	136	5960	402	151	370	3380	123
SMYD4	1614	75	484	206	148	270	1090	75
RPA1	6186	169	2291	638	423	876	4713	249
RTN4RL1	46	43	48	166	64	95	114	44
DPH1	31	9	8	17	22	30	31	10
OVCA2	1	1	1	0	0	0	0	0
HIC1	25	1	7	3	6	6	20	1
SMG6	3007	278	1065	1168	830	1548	1936	413
SRR	1941	89	512	321	255	478	1197	130
TSR1	4740	81	1404	369	215	600	3599	159
SGSM2	743	17	254	77	80	179	484	48
MNT	859	26	297	113	65	162	695	35
METTL16	2685	204	880	687	543	1074	1744	285
PAFAH1B1	7996	592	2904	2291	1656	2975	6955	781
CLUH	678	14	190	53	43	60	430	20
RAP1GAP2	167	36	115	94	87	182	153	51
OR1D5	0	0	0	0	0	0	0	0
OR1D2	1	0	0	0	0	1	2	0
OR1G1	0	0	0	0	0	0	0	0
OR1A2	0	0	0	0	0	0	0	0
OR1A1	1	0	0	0	0	1	1	0
OR3A2	1	1	0	0	1	7	1	1
OR3A1	0	0	0	0	0	1	0	0
AC087498.1	1	0	0	0	0	0	0	0
OR1E1	0	0	0	0	0	0	0	0
OR3A3	4	1	1	1	0	1	1	0
OR1E2	0	0	0	0	0	0	0	0
SPATA22	16	0	5	6	4	3	4	4
ASPA	0	0	1	1	0	0	1	0
TRPV3	119	13	29	44	22	24	166	15
TRPV1	299	26	72	102	84	161	198	39
SHPK	456	42	189	169	108	194	374	48
CTNS	651	25	302	120	75	118	599	39
TAX1BP3	2309	93	684	433	303	533	1762	140
EMC6	11495	304	4230	1311	750	1534	9029	440
P2RX5	41	2	35	3	3	8	36	2
ITGAE	9716	292	2448	1106	855	1654	6312	481
HASPIN	507	7	163	40	24	64	298	17
NCBP3	4842	171	1894	723	475	1114	3682	298
CAMKK1	204	10	62	27	22	54	161	21
P2RX1	5	0	12	1	3	0	1	0
ATP2A3	63	5	23	10	7	9	73	1
ZZEF1	486	60	198	250	167	243	347	64
CYB5D2	872	39	417	230	206	295	872	63
ANKFY1	1794	164	507	627	462	842	1255	260
UBE2G1	2900	273	1108	1049	704	1374	2015	440
SPNS3	4	0	17	1	1	0	11	1
SPNS2	19	1	18	5	2	5	24	1
MYBBP1A	1310	30	464	63	58	130	989	23
GGT6	2	0	1	0	0	0	2	0
SMTNL2	133	2	114	7	9	29	144	4
ALOX15	58	1	18	23	1	2	80	2
PELP1	4801	114	1575	489	287	554	3297	191
ARRB2	2581	64	758	165	162	351	1770	117
MED11	3376	89	1058	264	221	431	2492	108
CXCL16	12	0	13	0	0	0	11	1
ZMYND15	8	1	6	1	4	1	18	0
TM4SF5	0	0	0	0	1	1	0	0
VMO1	52	2	50	11	5	93	132	5
GLTPD2	5	0	5	1	0	0	3	0
PSMB6	28675	785	10558	3074	1775	4272	21901	1219
AC233723.1	27	2	12	13	12	19	53	5
PLD2	446	19	185	53	44	89	492	22
MINK1	664	37	239	151	98	228	539	65
CHRNE	22	4	12	26	15	26	25	18
C17orf107	13	0	18	0	1	4	42	1
GP1BA	34	4	7	9	8	5	40	3
SLC25A11	6314	157	2816	573	361	844	5233	252
RNF167	3716	96	1598	344	283	539	3505	147
PFN1	60272	1349	24492	5749	2932	7000	50115	2229
ENO3	1271	91	1906	245	72	152	2412	77
SPAG7	9829	343	3583	1193	751	1374	7892	440
CAMTA2	189	8	96	38	47	49	156	9
INCA1	52	3	28	12	5	12	86	3
KIF1C	1394	43	670	161	85	170	1347	40
SLC52A1	11	2	9	4	6	1	10	1
ZFP3	145	6	60	30	32	64	51	8
ZNF232	1746	52	486	266	206	332	1379	80
USP6	8	2	3	12	7	14	2	8
ZNF594	520	37	174	152	123	178	327	51
SCIMP	46	2	10	29	25	29	37	15
RABEP1	4203	263	1486	1035	654	1223	3026	390
NUP88	2426	139	743	450	313	646	1681	212
RPAIN	11261	369	4177	1254	1011	2017	9380	541
C1QBP	36087	544	10395	1983	1255	2966	26680	839
DHX33	3026	105	975	245	189	577	2116	132
DERL2	5164	138	1718	587	353	811	4245	182
MIS12	2741	108	721	442	307	675	1946	162
NLRP1	123	8	41	20	15	26	144	6
AC055839.2	177	33	70	96	77	140	250	28
WSCD1	1452	71	489	348	230	245	1618	88
AIPL1	25	1	121	36	13	6	58	3
PIMREG	7221	174	1831	582	437	1321	4625	461
PITPNM3	119	3	66	40	16	42	129	17
KIAA0753	919	104	260	404	294	491	738	126
AC004706.3	35	2	7	4	2	9	45	1
TXNDC17	20970	394	7157	1719	1021	2346	16512	706
MED31	3510	98	831	419	361	725	2209	191
C17orf100	307	20	106	53	56	75	398	20
SLC13A5	45	1	18	6	3	4	59	4
XAF1	2	0	0	0	0	3	5	0
FBXO39	0	0	0	0	0	0	0	0
TEKT1	26	5	0	9	16	4	75	2
ALOX12	14	2	8	4	7	14	20	2
RNASEK	558	1011	200	2830	2069	3603	482	915
C17orf49	933	704	229	1664	1008	1866	819	657
BCL6B	62	3	17	6	0	2	149	0
SLC16A13	61	8	24	26	18	27	77	5
SLC16A11	9	0	8	0	0	1	65	2
CLEC10A	12	0	2	0	0	1	74	0
ASGR2	8	1	0	2	0	1	9	1
ASGR1	953	28	278	109	150	220	1264	59
DLG4	944	48	344	148	138	233	822	56
ACADVL	5976	183	2614	602	361	658	5487	219
DVL2	2787	72	945	237	175	329	2440	96
PHF23	5087	120	1836	513	330	724	4010	193
GABARAP	785	1338	330	4926	3794	7219	605	1875
CTDNEP1	8388	176	2636	676	441	934	7280	262
ELP5	5605	124	1506	450	316	739	6330	230
CLDN7	643	10	1269	49	46	69	1325	18
SLC2A4	183	3	101	12	8	18	207	4
YBX2	203	4	237	35	27	38	391	5
EIF5A	36103	626	12468	2370	837	3394	25478	1128
GPS2	2193	137	623	532	436	891	1526	231
NEURL4	409	5	144	41	32	72	311	23
ACAP1	246	22	99	61	40	41	418	12
KCTD11	288	14	103	41	25	40	487	14
TMEM95	0	1	0	0	0	0	1	0
TNK1	80	8	38	21	16	39	136	10
PLSCR3	8	21	6	104	69	131	7	35
TMEM256	8163	403	4509	1103	601	1169	7395	429
NLGN2	1252	55	442	253	179	327	1134	86
SPEM1	3	0	2	0	1	0	4	3
SPEM2	4	0	2	0	1	0	2	0
SPEM3	0	0	0	0	0	0	0	0
TMEM102	117	3	112	16	7	12	209	5
FGF11	427	28	240	163	83	101	1139	37
CHRNB1	652	29	331	143	115	149	925	54
ZBTB4	524	39	231	135	113	198	517	45
SLC35G6	4	0	2	0	1	0	3	0
POLR2A	6593	228	2448	833	568	1164	5082	331
TNFSF12	137	1	81	13	15	24	149	4
TNFSF13	1	3	0	8	4	8	2	1
SENP3	263	20	116	85	75	102	329	33
EIF4A1	18557	1983	6333	5982	3824	10783	13547	3332
CD68	48	3	35	3	4	3	54	4
MPDU1	4672	115	1660	358	258	585	3239	163
SOX15	250	23	193	32	20	46	448	17
FXR2	1556	34	621	119	67	171	1224	45
SHBG	178	9	84	28	31	42	205	8
SAT2	10744	324	3672	1245	1065	1828	10645	486
ATP1B2	1344	45	503	146	134	251	1443	68
TP53	3959	86	1212	273	205	555	2694	216
WRAP53	2495	66	695	215	159	367	1829	120
EFNB3	1825	65	534	218	185	249	1668	74
DNAH2	14	3	5	9	11	16	23	3
KDM6B	2160	60	1091	259	165	370	1911	98
TMEM88	2808	138	1378	745	334	520	5705	128
NAA38	13067	476	3263	1135	1043	1854	9796	667
CYB5D1	456	17	126	64	29	91	463	18
CHD3	3270	79	655	236	263	469	2086	141
RNF227	287	9	69	23	20	63	231	13
KCNAB3	594	15	79	24	29	77	366	30
TRAPPC1	13560	425	5361	1729	1130	2180	11728	648
CNTROB	638	20	191	81	65	144	449	48
GUCY2D	9	0	2	10	8	3	21	0
ALOX15B	5	0	7	0	0	0	9	1
ALOX12B	12	0	9	1	4	8	14	0
ALOXE3	0	0	0	0	0	0	1	0
HES7	49	0	42	4	2	7	106	4
PER1	513	17	176	106	69	87	544	36
VAMP2	6565	169	2467	540	626	893	6159	256
TMEM107	3461	81	839	434	280	650	2831	211
BORCS6	285	8	161	45	21	50	350	10
AURKB	8214	151	2160	532	324	886	4944	346
CTC1	224	34	97	59	64	96	182	26
PFAS	2128	56	590	184	143	314	1315	83
SLC25A35	120	5	78	26	15	19	150	11
RANGRF	3804	114	1628	446	254	504	2984	165
ARHGEF15	3	0	9	0	0	1	4	1
ODF4	1	0	0	0	0	1	1	0
KRBA2	263	43	86	145	94	239	235	46
RPL26	86974	8050	37515	27739	20028	45376	68276	11656
RNF222	0	1	0	5	2	1	6	0
NDEL1	718	71	334	232	175	261	656	77
MYH10	14494	595	4615	2373	1497	3158	10049	974
CCDC42	1	0	3	0	1	0	2	0
SPDYE4	0	0	0	0	0	0	0	0
MFSD6L	6	0	6	1	0	0	3	0
PIK3R6	0	2	0	2	1	1	0	0
PIK3R5	22	2	23	10	3	7	29	3
NTN1	103	22	61	49	53	58	36	31
STX8	3720	236	1292	987	614	1225	2746	348
CFAP52	47	2	10	3	21	9	71	3
USP43	75	4	59	29	21	22	53	10
DHRS7C	1	0	0	0	0	0	0	0
GSG1L2	0	0	0	2	0	0	0	0
GLP2R	0	0	0	0	0	0	0	0
RCVRN	1	0	3	0	1	1	1	0
GAS7	397	82	113	300	275	302	277	105
MYH13	0	1	0	2	1	0	1	0
MYH8	0	0	0	0	0	0	0	0
MYH4	0	0	0	0	0	0	0	0
MYH1	0	0	0	0	0	0	0	0
MYH2	4	0	9	1	0	1	2	0
MYH3	22	1	15	7	9	13	28	8
SCO1	4164	117	1412	396	238	570	3176	159
ADPRM	506	29	127	65	62	115	447	25
TMEM220	295	15	124	37	48	60	313	18
TMEM238L	0	0	0	3	0	1	0	1
PIRT	1	0	0	1	0	1	2	0
SHISA6	33	28	20	109	92	113	43	29
DNAH9	161	14	30	67	101	88	136	18
ZNF18	382	22	102	55	46	60	366	20
MAP2K4	1544	270	593	1214	805	1300	1172	406
MYOCD	6	1	2	15	3	8	4	0
ARHGAP44	528	97	195	402	311	476	353	138
ELAC2	2154	42	905	176	123	262	1669	94
HS3ST3A1	201	14	56	76	39	172	45	17
COX10	922	79	350	296	170	415	750	139
CDRT15	0	0	0	0	0	0	0	0
HS3ST3B1	125	3	115	53	12	35	88	4
PMP22	622	28	177	72	35	137	560	26
TEKT3	18	7	15	9	4	9	6	4
CDRT4	9	63	10	259	189	358	17	85
TVP23C	286	128	87	424	313	558	227	165
CDRT1	2	0	0	1	4	2	3	0
TRIM16	1125	55	374	152	142	258	893	80
ZNF286A	887	122	382	548	341	930	575	238
TBC1D26	2	0	1	6	2	3	1	2
ADORA2B	172	13	56	38	21	45	218	13
ZSWIM7	4949	283	1819	807	613	1377	3939	409
TTC19	6611	314	1907	1052	779	1639	5308	391
NCOR1	12094	634	3584	2311	1754	2857	9372	858
PIGL	1174	147	406	537	383	735	1227	196
CENPV	61879	1167	8235	4463	3251	8847	31871	2458
UBB	69918	2077	22772	8230	6231	12007	50185	3281
TRPV2	11	0	10	3	1	7	20	1
LRRC75A	5027	80	2846	272	239	539	2958	177
ZNF287	670	29	211	108	88	188	489	45
ZNF624	375	30	116	92	99	96	262	33
CCDC144A	19	12	11	51	43	107	15	32
TNFRSF13B	2	0	0	0	0	1	23	0
MPRIP	3202	124	1001	446	316	655	2251	181
PLD6	10	2	5	1	5	5	94	0
FLCN	596	27	383	102	71	102	548	32
COPS3	8372	218	2819	891	527	1237	6010	436
NT5M	1025	30	357	80	53	143	646	49
MED9	1247	37	404	138	103	192	895	46
RASD1	715	19	90	45	19	36	320	18
PEMT	3412	102	1137	399	257	536	2646	170
RAI1	1018	81	275	294	182	431	663	111
SREBF1	1452	43	268	101	63	178	1014	40
TOM1L2	323	49	152	196	142	188	235	70
DRC3	387	12	64	54	78	86	271	25
ATPAF2	1509	60	444	164	134	251	1202	98
GID4	727	40	320	71	72	130	632	46
DRG2	2565	73	951	290	143	425	2263	136
MYO15A	100	2	19	31	17	14	180	13
ALKBH5	5011	129	1867	530	303	648	5415	185
LLGL1	2752	42	336	255	157	168	796	95
FLII	2512	69	990	225	167	285	2533	83
MIEF2	778	28	256	68	67	127	786	27
TOP3A	2061	82	537	344	256	442	1385	112
SMCR8	364	17	155	41	30	83	287	15
SHMT1	2310	101	734	327	193	452	1695	130
EVPLL	0	0	1	0	0	1	1	0
LGALS9C	0	0	0	0	0	0	0	0
TBC1D28	0	0	0	0	0	0	0	0
FOXO3B	385	8	129	69	55	141	261	42
TRIM16L	356	14	115	38	48	76	247	33
FBXW10	2	0	0	3	5	5	7	1
TVP23B	714	67	233	202	164	217	624	62
PRPSAP2	4184	157	1457	609	474	871	3599	233
SLC5A10	0	5	1	18	10	22	2	10
FAM83G	170	4	79	15	10	30	183	6
GRAP	8	1	2	1	2	3	19	0
GRAPL	0	0	0	1	0	0	0	0
EPN2	1766	171	572	615	467	845	1312	227
B9D1	2130	120	979	376	283	447	2055	145
MAPK7	1313	26	448	107	70	137	1142	55
MFAP4	179	5	106	7	1	7	466	2
RNF112	62	0	23	7	4	8	61	3
SLC47A1	248	7	39	23	17	19	96	14
ALDH3A2	4141	95	1584	396	284	661	2944	184
SLC47A2	11	1	6	7	7	15	17	8
ALDH3A1	24	1	9	3	2	3	16	0
ULK2	844	103	258	289	249	405	571	142
AKAP10	788	127	361	424	297	564	648	142
SPECC1	3258	136	1103	608	438	933	2159	203
LGALS9B	0	0	0	0	0	0	0	0
CDRT15L2	0	0	0	0	8	0	0	0
CCDC144NL	15	59	6	152	86	334	6	87
USP22	7646	317	2895	1380	1028	2208	5360	554
DHRS7B	2246	137	820	600	393	750	1832	217
TMEM11	4632	115	1521	481	315	623	3569	176
NATD1	211	12	68	35	22	56	222	10
MAP2K3	966	25	397	97	41	87	651	32
KCNJ12	44	4	39	6	2	7	34	0
KCNJ18	0	0	0	0	0	0	0	0
MTRNR2L1	30	2	11	208	8	18	26	4
WSB1	13600	579	6325	2083	1609	3693	15121	969
KSR1	465	62	161	267	228	355	313	97
LGALS9	9	2	2	7	2	4	13	5
NOS2	274	21	41	286	15	135	202	16
LYRM9	740	38	261	90	66	156	551	36
NLK	861	232	452	911	617	1009	712	297
TMEM97	14942	248	3396	1356	863	2384	8514	584
IFT20	2459	109	1169	475	330	604	2597	129
TNFAIP1	1150	50	400	234	123	261	919	52
POLDIP2	4444	102	1619	407	286	513	3640	157
TMEM199	1881	63	752	201	129	260	1410	88
SEBOX	0	0	0	0	0	0	0	0
SARM1	525	39	144	216	257	294	278	77
VTN	76	8	47	137	97	43	221	4
SLC46A1	331	2	76	23	29	50	177	6
AC005726.1	144	13	53	69	50	123	82	28
SLC13A2	0	0	1	0	0	0	0	0
FOXN1	0	1	0	0	0	0	0	0
UNC119	4538	129	1761	736	435	691	4911	202
PIGS	1818	36	541	183	138	240	1424	77
ALDOC	986	26	229	87	50	127	1376	48
SPAG5	2920	65	839	211	121	294	1905	89
RSKR	508	13	154	31	32	61	309	24
KIAA0100	2166	93	725	350	220	511	1443	132
SDF2	4397	147	1711	587	391	685	4007	198
SUPT6H	3105	142	1270	546	423	749	2521	197
PROCA1	814	21	331	102	73	133	782	36
RAB34	5626	210	2698	658	192	408	7152	195
RPL23A	116869	4776	42506	15816	10626	23065	84336	7117
TLCD1	731	11	339	43	26	56	831	11
NEK8	371	10	196	29	16	47	392	10
TRAF4	3837	107	1689	375	201	416	3743	128
FAM222B	2227	200	904	799	566	958	1821	299
ERAL1	3290	77	1092	303	214	460	2658	125
FLOT2	2465	65	919	325	206	436	1734	107
DHRS13	1302	28	403	114	72	138	1143	23
PHF12	1319	58	477	313	217	329	987	112
PIPOX	229	4	147	32	25	34	153	11
SEZ6	35	1	9	8	8	8	40	1
MYO18A	219	30	169	82	53	113	207	18
TIAF1	11	0	6	1	1	0	9	0
CRYBA1	512	19	528	74	33	56	420	38
NUFIP2	4692	222	1857	1008	648	1150	3509	470
TAOK1	4626	348	1955	1509	936	1925	3367	561
ABHD15	96	0	63	8	11	7	79	6
TP53I13	3542	78	1148	382	216	448	3164	121
GIT1	2134	53	630	228	153	356	1461	91
ANKRD13B	1132	12	149	45	61	185	519	47
CORO6	115	2	8	3	1	5	29	2
SSH2	1474	391	412	1597	1959	2589	936	847
EFCAB5	57	18	14	61	102	84	58	23
NSRP1	6354	317	1982	1255	847	1945	4694	486
SLC6A4	14	2	4	1	5	7	14	0
BLMH	4761	130	1705	550	278	641	3732	209
TMIGD1	0	2	0	1	0	0	0	0
CPD	1433	113	712	456	302	520	1248	149
GOSR1	4480	184	1628	814	583	1135	3812	280
CRLF3	1012	203	333	806	666	1053	809	291
ATAD5	5919	232	1677	897	586	1448	3788	395
TEFM	1767	82	596	330	261	495	1386	114
ADAP2	74	5	21	43	56	37	85	6
RNF135	701	22	212	86	54	77	646	27
NF1	4412	601	1346	2423	1749	3212	2696	1029
OMG	6	33	1	116	97	179	1	54
EVI2B	1	7	0	41	49	73	0	14
EVI2A	12	2	0	11	11	11	3	5
RAB11FIP4	690	39	339	125	78	192	773	49
COPRS	11044	297	3271	1178	756	1273	8020	370
UTP6	3978	108	1364	486	278	708	2953	173
SUZ12	6485	283	2023	1135	826	1971	4387	501
LRRC37B	1173	65	238	213	168	315	630	102
RHOT1	2609	131	1019	544	381	778	1976	228
RHBDL3	287	13	70	27	72	98	106	40
C17orf75	3145	151	1481	562	263	621	2974	188
ZNF207	12123	326	3865	1257	883	1818	8762	537
PSMD11	14478	321	5206	1459	859	2059	10632	527
CDK5R1	574	11	164	33	41	80	388	21
MYO1D	271	115	88	325	259	401	217	145
TMEM98	14174	370	3006	1314	1129	2029	10773	542
SPACA3	0	0	1	1	1	5	1	1
ASIC2	19	5	17	23	32	42	5	15
CCL2	2282	75	2290	262	63	161	394	35
CCL7	0	0	0	0	0	0	0	0
CCL11	0	0	0	0	0	0	0	0
CCL8	0	0	0	0	0	0	0	0
CCL13	0	0	0	0	0	0	0	0
CCL1	0	0	0	0	0	0	0	0
TMEM132E	16	0	5	5	1	4	10	1
CCT6B	540	39	146	125	95	171	501	59
ZNF830	2687	77	907	328	221	469	2068	133
LIG3	3708	107	1086	397	313	669	2493	180
RFFL	751	70	185	232	187	338	394	102
RAD51D	1289	30	382	126	93	213	779	67
FNDC8	2	1	0	1	0	5	0	2
NLE1	1126	23	422	72	71	106	764	57
UNC45B	0	0	1	0	1	0	3	0
SLC35G3	0	0	0	0	0	0	0	0
SLFN5	417	46	203	94	85	98	335	26
SLFN11	6	0	1	2	2	0	11	1
SLFN12	294	18	196	119	69	167	435	42
SLFN13	931	3	10	59	5	82	621	17
SLFN12L	0	0	0	0	0	0	0	0
SLFN14	0	0	1	0	0	0	0	0
PEX12	195	4	85	28	13	31	179	14
AP2B1	5554	267	1861	948	711	1173	4094	359
TAF15	4168	536	1454	2133	1471	3534	3351	883
RASL10B	1520	26	302	118	61	117	1249	48
GAS2L2	7	1	2	1	2	0	9	1
MMP28	6	5	2	8	15	25	5	6
C17orf50	97	13	31	39	19	7	116	3
HEATR9	0	1	0	1	0	0	0	0
CCL5	1	1	0	0	5	1	0	1
RDM1	313	60	129	83	50	114	104	38
LYZL6	0	0	0	0	0	0	0	0
CCL16	0	0	0	0	0	0	0	0
CCL14	0	0	0	0	0	0	0	0
CCL15	0	0	0	0	0	0	0	0
CCL23	0	0	1	0	0	0	0	0
CCL18	0	2	0	0	0	0	0	0
CCL3	0	0	0	0	0	0	0	0
CCL4	0	0	0	0	0	0	0	0
TBC1D3B	0	0	0	0	0	0	0	0
CCL3L1	0	0	0	1	6	3	0	0
CCL4L2	0	0	0	0	0	0	2	0
TBC1D3I	0	0	0	0	0	0	0	0
TBC1D3G	0	0	0	0	0	0	0	0
TBC1D3H	0	0	0	0	0	0	0	0
TBC1D3F	0	0	0	0	0	0	0	0
ZNHIT3	44	317	11	1184	698	1404	31	377
MYO19	38	84	8	328	260	557	51	112
PIGW	8	10	2	49	23	76	9	20
GGNBP2	2299	190	880	855	575	1063	1716	300
DHRS11	41	59	16	213	135	243	31	82
MRM1	1	4	3	11	7	12	1	5
LHX1	0	2	0	4	0	5	1	0
AATF	2324	119	835	494	326	597	1614	197
ACACA	472	366	152	1485	1029	1772	365	588
C17orf78	0	1	0	9	15	11	0	1
TADA2A	562	64	163	260	220	411	442	120
DUSP14	5	95	0	289	196	425	0	125
SYNRG	1034	125	378	553	408	683	897	186
DDX52	2096	240	689	983	731	1455	1315	316
HNF1B	0	0	0	3	3	3	1	1
TBC1D3K	0	0	0	0	0	0	0	0
TBC1D3L	0	0	0	0	0	0	0	0
TBC1D3D	1	0	2	0	1	21	0	1
TBC1D3C	0	0	0	0	0	0	1	0
TBC1D3E	0	0	0	0	0	0	0	0
TBC1D3	0	0	0	0	0	1	0	0
MRPL45	246	111	97	425	324	664	175	150
GPR179	1	0	0	0	0	1	0	2
SOCS7	59	79	14	299	171	359	84	98
ARHGAP23	8	9	7	30	24	40	4	11
SRCIN1	15	27	4	93	83	142	16	45
EPOP	0	2	0	10	12	38	0	9
MLLT6	16	31	5	69	82	211	11	58
CISD3	112	27	20	66	54	177	95	37
PCGF2	133	120	45	422	271	621	192	170
PSMB3	20436	676	7236	2572	1561	3398	15770	1078
PIP4K2B	69	52	30	251	191	414	56	88
CWC25	569	72	216	262	176	386	489	127
C17orf98	0	0	2	1	1	2	1	0
RPL23	204290	5161	79489	19178	14813	34569	153201	8374
LASP1	1939	59	563	244	191	337	1931	84
LINC00672	761	45	393	121	121	76	1092	63
FBXO47	1	1	1	3	0	2	1	0
PLXDC1	31	4	13	12	21	12	39	4
ARL5C	2	0	0	1	3	2	0	0
CACNB1	185	10	40	18	30	42	108	14
RPL19	283607	7956	104155	25314	19089	42060	218639	11738
STAC2	72	2	54	14	7	16	35	4
FBXL20	1259	233	500	731	824	1132	1102	311
MED1	2517	111	875	409	275	559	1828	185
CDK12	4071	187	1365	701	457	1058	2792	321
NEUROD2	4	1	5	1	0	1	3	0
PPP1R1B	57	2	105	11	11	19	107	5
STARD3	3067	72	945	288	227	417	2957	156
TCAP	130	4	34	11	8	19	98	4
PNMT	205	1	31	15	17	47	61	6
PGAP3	274	12	127	49	33	92	327	18
ERBB2	3213	70	1188	314	207	377	2279	105
MIEN1	5120	149	2227	600	372	685	4496	205
GRB7	83	2	109	9	4	12	154	3
IKZF3	11	0	5	1	1	4	9	1
ZPBP2	0	0	0	0	0	0	0	0
GSDMB	96	11	42	50	25	90	89	14
ORMDL3	1347	39	522	181	87	318	1284	71
LRRC3C	0	0	0	0	0	0	0	0
GSDMA	0	0	0	5	1	3	0	0
PSMD3	8699	198	3173	683	414	884	7175	297
CSF3	1	0	0	0	0	0	0	0
MED24	2911	76	849	280	221	358	1968	88
THRA	1219	26	407	126	130	264	861	54
NR1D1	103	3	51	12	7	13	101	7
MSL1	3931	108	1367	428	316	770	2940	194
CASC3	4407	128	1342	516	436	929	3064	232
RAPGEFL1	274	14	114	60	48	72	226	19
WIPF2	2287	103	762	402	381	610	1669	189
CDC6	3531	94	1180	415	227	563	2566	165
RARA	607	15	234	67	91	147	597	28
GJD3	1	0	2	1	1	2	4	0
TOP2A	34844	943	9081	3601	2636	6728	20597	2103
IGFBP4	1593	57	490	166	97	224	1514	69
TNS4	2	1	1	1	1	2	6	0
CCR7	10	0	7	0	0	0	8	0
SMARCE1	5258	567	1736	2200	1581	3610	3852	893
KRT222	14	0	18	1	1	3	10	1
KRT24	2	0	1	0	1	0	0	0
KRT25	0	0	0	0	0	0	0	0
KRT26	0	0	0	0	0	0	0	0
KRT27	1	0	0	0	1	0	0	0
KRT28	0	0	0	0	0	0	0	0
KRT10	15722	426	4695	1918	1356	2345	13184	635
KRT12	0	1	0	1	0	0	0	0
KRT20	0	0	0	0	0	0	0	0
KRT23	0	1	7	7	3	9	7	3
KRT39	0	0	0	0	0	1	0	0
KRT40	0	0	0	0	0	0	0	0
KRTAP3-3	0	0	0	0	0	0	0	0
KRTAP3-2	0	0	0	0	0	0	0	0
KRTAP3-1	0	0	0	0	0	0	0	0
KRTAP1-5	0	0	0	0	0	0	0	0
KRTAP1-4	0	0	0	0	0	0	0	0
KRTAP1-3	0	0	0	0	0	0	0	0
KRTAP1-1	0	0	0	0	0	0	0	0
KRTAP2-1	0	0	0	0	0	0	0	0
KRTAP2-2	0	0	0	0	0	0	0	0
KRTAP2-3	0	0	0	0	0	0	0	0
KRTAP2-4	0	0	0	0	0	0	0	0
KRTAP4-7	0	0	0	0	0	0	0	0
KRTAP4-8	0	0	0	0	0	0	0	0
KRTAP4-16	0	0	0	0	0	0	0	0
KRTAP4-9	0	0	0	0	0	0	0	0
KRTAP4-11	0	0	0	0	0	0	0	0
KRTAP4-12	0	0	0	0	0	0	0	0
KRTAP4-6	0	0	0	0	0	0	0	0
KRTAP4-5	0	0	0	0	0	0	0	0
KRTAP4-4	0	0	0	0	0	0	0	0
KRTAP4-3	0	0	0	0	0	0	0	0
KRTAP4-2	0	0	0	0	0	0	0	0
KRTAP4-1	0	0	0	0	0	0	5	0
KRTAP9-1	0	0	0	0	0	0	0	0
KRTAP9-2	0	0	0	0	0	0	0	0
KRTAP9-3	0	0	0	0	0	0	0	0
KRTAP9-8	0	0	0	0	0	0	0	0
KRTAP9-4	0	0	0	0	0	0	0	0
KRTAP9-9	0	0	0	0	0	0	0	0
KRTAP9-6	0	0	0	0	0	0	0	0
KRTAP9-7	0	0	0	0	0	0	0	0
KRTAP29-1	0	0	0	0	0	0	0	0
KRTAP16-1	0	0	0	0	0	0	0	0
KRTAP17-1	0	0	0	0	0	0	0	0
KRT33A	0	0	0	0	0	0	0	0
KRT33B	0	0	0	0	0	0	0	0
KRT34	0	0	0	0	0	0	0	0
KRT31	0	0	0	0	0	0	0	0
KRT37	0	0	0	0	0	0	0	0
KRT38	0	0	0	0	0	0	0	0
KRT32	1	0	0	0	0	0	0	0
KRT35	0	0	0	1	1	2	0	0
KRT36	0	0	0	0	0	0	0	0
KRT13	0	0	2	0	0	0	0	0
KRT15	1	0	4	0	0	1	3	0
KRT19	4566	249	3344	1110	483	1265	12059	237
KRT9	0	0	0	0	0	0	2	0
KRT14	0	0	1	0	0	0	0	0
KRT16	1	0	5	0	1	0	2	0
KRT17	16	1	10	2	3	0	29	0
EIF1	71049	2066	25537	7470	4618	10194	65901	2801
GAST	0	0	1	0	0	0	0	0
HAP1	325	8	79	16	27	21	170	18
JUP	1445	53	774	197	145	271	1430	55
P3H4	4363	155	1150	384	328	719	3264	179
FKBP10	7549	241	2474	690	534	1237	5907	370
NT5C3B	8520	215	2751	753	594	1360	6115	355
KLHL10	13	0	3	2	5	5	10	2
KLHL11	473	12	192	75	49	102	339	35
ACLY	6154	160	1588	741	468	937	4562	285
TTC25	362	18	108	104	79	125	375	50
CNP	4777	88	1505	283	246	548	3056	126
DNAJC7	12712	343	3977	1462	1004	2230	8933	524
NKIRAS2	3185	85	1232	268	210	488	2745	129
ZNF385C	386	21	207	46	16	37	428	18
C17orf113	195	2	68	13	11	21	162	10
DHX58	19	2	25	2	0	9	46	2
KAT2A	1126	20	343	48	29	96	995	27
HSPB9	17	2	13	6	2	4	28	1
RAB5C	7875	202	3169	933	527	1032	6316	348
KCNH4	0	0	1	1	2	1	0	1
HCRT	215	1	139	1	3	1	29	2
GHDC	257	10	136	20	12	26	323	6
STAT5B	1356	155	477	643	507	878	823	248
STAT5A	26	1	28	6	6	4	50	2
STAT3	1896	119	894	400	206	382	1677	113
CAVIN1	146	4	210	28	16	29	500	8
ATP6V0A1	1794	117	615	372	307	449	1434	106
NAGLU	917	31	448	103	85	118	814	47
HSD17B1	288	13	160	85	32	45	386	15
COASY	2360	48	926	176	113	249	2126	84
MLX	2210	60	763	218	138	270	1758	79
PSMC3IP	3341	77	1096	250	185	402	2214	115
RETREG3	1181	51	425	192	163	344	1001	89
TUBG1	6203	134	2343	553	295	615	5181	231
TUBG2	458	23	251	89	72	113	602	36
PLEKHH3	954	36	472	110	56	93	1077	42
CCR10	116	12	66	40	21	20	423	8
CNTNAP1	216	9	129	50	33	54	280	15
EZH1	1083	63	357	238	176	298	811	78
RAMP2	1460	14	813	124	166	203	1783	37
VPS25	9316	255	3691	1019	524	1234	8291	349
WNK4	19	2	8	2	2	5	29	3
COA3	11430	306	3903	1499	983	1882	9040	481
CNTD1	10	3	6	13	14	17	24	8
BECN1	1314	58	687	218	169	328	1224	96
PSME3	3225	84	1207	333	179	484	2561	135
AOC2	42	0	14	8	2	5	36	1
AOC3	12	0	7	3	2	3	19	1
G6PC	0	0	0	0	0	0	0	0
AARSD1	831	124	259	409	261	560	637	174
PTGES3L	141	6	88	31	18	35	121	10
RUNDC1	1298	29	378	151	107	172	1103	53
RPL27	130135	2491	49366	9067	6191	13321	106603	3714
IFI35	135	5	132	28	15	12	254	11
VAT1	2866	106	2061	377	249	419	3518	125
RND2	6084	86	3870	507	299	510	5776	170
BRCA1	6584	193	1556	797	505	1176	3504	332
NBR1	1730	88	705	248	245	382	1472	116
TMEM106A	240	15	104	39	25	42	233	12
CCDC200	3	12	2	53	33	69	4	32
ARL4D	1620	50	573	204	125	259	1537	86
DHX8	1697	81	530	292	211	435	1175	127
ETV4	2009	19	815	184	44	79	1793	38
MEOX1	17	8	3	27	4	7	166	3
SOST	220	6	33	28	34	14	2439	8
DUSP3	790	25	491	112	76	155	805	25
CFAP97D1	0	0	1	0	0	0	2	0
MPP3	248	18	66	74	98	147	138	39
CD300LG	0	0	0	1	0	1	2	1
MPP2	633	36	293	137	144	165	540	41
PPY	10	0	9	1	1	1	11	0
PYY	24	4	55	13	8	5	42	4
NAGS	93	4	72	23	14	26	254	4
TMEM101	2187	92	863	247	179	406	2418	123
LSM12	361	195	139	661	422	1084	275	298
G6PC3	6048	147	2918	631	359	624	5683	188
HDAC5	1703	56	788	187	206	299	1807	86
C17orf53	594	22	207	104	58	134	425	29
ASB16	35	6	5	20	19	39	20	9
TMUB2	1686	47	653	146	111	254	1424	76
ATXN7L3	1164	24	437	153	95	225	934	41
UBTF	6624	147	1952	728	531	1070	4947	238
SLC4A1	3	0	0	1	0	1	3	0
RUNDC3A	37	3	27	3	12	12	44	4
SLC25A39	8214	220	3595	856	531	921	7821	277
GRN	2498	80	1859	333	243	411	2566	127
FAM171A2	3534	59	912	212	213	407	2720	89
ITGA2B	162	16	92	43	53	77	169	42
GPATCH8	5180	457	1644	1794	1289	2532	3557	685
FZD2	14186	207	3659	746	748	2218	6626	484
MEIOC	150	5	103	37	32	70	192	27
CCDC43	3459	116	1438	394	210	582	3073	187
DBF4B	982	73	287	273	213	378	525	125
ADAM11	169	5	87	35	18	26	150	7
GJC1	3495	133	1058	488	394	943	2082	208
HIGD1B	9	2	2	23	11	26	13	10
EFTUD2	3499	119	1132	424	283	571	2701	173
CCDC103	0	0	0	0	0	0	0	0
FAM187A	0	0	0	0	0	0	0	0
GFAP	24	0	8	1	2	2	9	0
KIF18B	1022	118	333	392	294	709	652	209
C1QL1	132	8	208	15	6	9	179	6
DCAKD	1870	114	753	353	288	551	1757	140
NMT1	2986	139	1156	464	286	576	2537	182
PLCD3	285	7	116	25	27	38	170	12
ACBD4	220	15	129	45	29	64	302	16
HEXIM1	1325	37	590	151	79	287	1257	74
HEXIM2	749	31	293	127	74	122	781	25
FMNL1	213	2	79	25	9	33	253	6
SPATA32	5	3	2	4	11	8	2	5
MAP3K14	154	39	44	170	167	200	94	39
ARHGAP27	2	5	0	10	12	19	1	5
PLEKHM1	21	13	8	62	44	58	21	15
CRHR1	0	4	0	14	24	36	1	7
SPPL2C	0	0	0	0	0	0	0	0
MAPT	107	23	8	64	96	126	77	41
STH	0	0	0	1	0	0	0	0
KANSL1	173	549	54	2030	1458	2879	92	934
ARL17B	37	29	5	96	150	310	42	35
LRRC37A	9	4	5	19	17	22	5	3
LRRC37A2	4	10	7	48	16	87	8	7
ARL17A	3	30	0	85	72	305	62	23
NSF	394	63	88	255	180	448	322	111
WNT3	158	31	31	131	44	93	132	15
WNT9B	0	5	0	9	4	2	0	1
GOSR2	2045	104	966	475	290	567	2249	157
RPRML	167	4	38	32	56	54	158	5
CDC27	2963	246	1050	907	640	1244	1997	416
MYL4	69	6	66	29	13	14	160	2
ITGB3	0	3	0	3	1	5	0	5
EFCAB13	52	50	19	125	156	214	40	70
NPEPPS	5363	438	2242	1880	834	1502	4093	452
KPNB1	26990	725	9149	2916	1595	3965	18257	1085
TBKBP1	446	8	194	42	39	52	372	16
TBX21	0	0	1	0	0	0	0	0
OSBPL7	247	12	82	26	20	33	212	8
MRPL10	4003	112	1584	359	230	525	3589	143
LRRC46	85	1	12	8	12	3	88	1
SCRN2	1592	71	871	213	115	269	1818	86
SP6	18	1	8	3	0	1	41	0
SP2	1057	55	322	198	170	267	605	54
PNPO	12	6	159	33	12	6	273	15
PRR15L	1	0	3	0	0	1	5	0
CDK5RAP3	4856	99	1700	435	277	572	3989	185
COPZ2	72	4	73	37	19	28	174	4
NFE2L1	1755	70	678	281	171	397	1435	87
CBX1	23024	660	6631	2557	1771	3535	17993	988
SNX11	794	22	282	74	49	118	667	22
SKAP1	5	5	4	19	16	21	14	12
HOXB1	69	0	1	1	2	1	716	0
HOXB2	416	27	18	15	18	22	2434	15
HOXB3	39	2	3	3	2	0	114	0
HOXB4	32	1	0	0	0	1	40	1
HOXB5	6	1	0	0	0	1	39	0
HOXB6	12	0	2	2	4	2	25	1
HOXB7	12	0	0	0	2	2	25	0
HOXB8	31	0	1	3	4	2	58	2
HOXB9	5	2	0	1	0	0	59	0
PRAC1	23	0	7	8	9	3	11	3
PRAC2	8	1	0	0	0	2	1	0
HOXB13	3	0	1	0	0	0	1	0
TTLL6	10	1	13	2	4	7	13	2
CALCOCO2	1478	100	631	412	285	443	1515	122
ATP5MC1	19762	409	5901	1499	870	1829	14117	572
UBE2Z	2996	89	1577	373	205	429	2849	128
SNF8	12800	381	4792	1575	847	1843	10570	515
GIP	18	0	9	7	2	5	36	0
IGF2BP1	14862	495	4901	2073	1245	3237	9754	892
B4GALNT2	0	1	1	8	2	3	9	0
GNGT2	6	0	5	0	0	1	6	0
ABI3	13	1	14	2	0	3	14	2
PHOSPHO1	1	0	0	1	0	0	5	0
ZNF652	3771	265	1588	960	735	1331	3131	397
PHB	22970	512	7779	2015	1107	2447	18268	832
NGFR	76	5	110	18	9	16	71	4
NXPH3	44	0	53	2	6	9	39	1
SPOP	5171	219	1509	760	516	1136	3621	336
SLC35B1	5544	118	2071	559	322	715	4572	208
FAM117A	1126	41	420	258	171	277	926	68
KAT7	2936	133	1512	474	311	725	2168	176
TAC4	4	0	1	11	7	14	5	3
DLX4	27	0	19	4	1	5	20	0
DLX3	31	0	34	3	0	11	24	5
ITGA3	149	7	99	22	27	79	132	15
PDK2	1239	40	597	154	113	232	1012	59
SAMD14	663	19	267	87	95	147	532	36
PPP1R9B	546	14	190	59	47	89	425	17
SGCA	21	1	28	13	0	1	64	0
COL1A1	697	23	629	108	33	85	2150	24
TMEM92	237	15	240	33	9	26	561	15
XYLT2	681	26	176	133	60	135	593	35
MRPL27	10626	252	3087	898	627	1220	7400	384
EME1	1113	38	362	145	97	254	717	50
LRRC59	5652	131	2056	489	263	609	4338	166
ACSF2	563	34	259	131	92	176	541	58
CHAD	0	2	0	18	10	12	5	7
RSAD1	1570	34	380	84	84	175	1315	61
MYCBPAP	96	14	24	19	21	23	88	7
EPN3	10	0	16	0	0	1	35	0
SPATA20	627	32	264	50	53	92	536	42
CACNA1G	200	15	31	29	31	36	253	14
ABCC3	15	2	20	1	1	3	18	1
ANKRD40	2169	52	959	206	124	305	1399	85
LUC7L3	27112	659	8978	2754	1891	4523	20195	1110
ANKRD40CL	2	0	0	1	1	2	2	0
WFIKKN2	7	1	3	2	0	0	9	1
TOB1	1987	85	1011	263	165	338	1935	121
SPAG9	4596	328	1622	1164	857	1697	3334	462
NME1	39898	695	8951	2792	1561	4092	23597	1097
NME2	1288	2026	336	7131	4831	10721	1103	3394
MBTD1	1806	183	685	710	604	1444	1241	340
UTP18	5676	147	1950	615	350	776	4480	239
CA10	13	18	3	92	43	20	376	3
KIF2B	0	0	0	0	0	0	0	0
TOM1L1	2300	174	795	684	502	865	2325	222
COX11	5727	175	1384	693	534	925	4322	308
STXBP4	1442	234	516	703	732	1276	864	389
HLF	9	0	2	1	2	2	2	1
MMD	4192	174	2057	579	347	1087	2324	256
SMIM36	3	1	0	2	3	2	1	0
TMEM100	44	0	17	2	0	4	25	4
PCTP	862	47	364	127	105	167	723	65
ANKFN1	23	30	5	124	82	99	11	44
NOG	1001	57	169	117	57	175	1406	47
C17orf67	516	46	124	110	69	192	428	47
DGKE	306	24	161	132	63	140	325	39
TRIM25	524	22	236	101	65	106	458	29
COIL	5521	141	1377	550	437	945	4199	239
SCPEP1	1563	55	1068	178	129	233	1570	77
AKAP1	1868	23	525	100	57	184	1062	51
MSI2	7964	1222	2726	3844	2943	5666	5856	1605
CCDC182	0	0	0	1	0	0	0	0
MRPS23	8220	205	2863	781	471	1034	6460	322
CUEDC1	1220	114	272	368	237	395	1171	116
VEZF1	4865	162	1474	646	485	1193	3632	287
SRSF1	6480	291	2065	917	638	2058	4288	447
DYNLL2	4584	115	1634	611	348	1367	2664	236
OR4D1	42	2	16	4	6	6	51	8
OR4D2	0	0	0	0	0	0	0	0
EPX	0	1	0	6	8	7	2	1
MKS1	930	29	302	102	73	183	780	44
LPO	2	1	5	2	0	1	7	0
MPO	3	0	1	0	0	3	0	0
TSPOAP1	291	24	149	93	119	204	284	35
SUPT4H1	207	181	93	870	640	1285	208	281
RNF43	115	7	26	25	18	50	153	10
HSF5	2	2	0	8	7	10	1	11
MTMR4	2807	94	704	345	302	518	1917	135
SEPTIN4	235	11	118	28	36	52	226	9
TEX14	13	73	5	172	59	330	10	273
AC011195.2	0	0	0	0	0	0	0	0
RAD51C	4168	165	1085	580	389	736	3216	273
PPM1E	523	437	142	1596	1596	2912	279	814
TRIM37	3712	169	1148	640	488	902	2464	212
SKA2	12218	474	3455	1707	1376	2673	7767	717
PRR11	2782	104	884	387	276	670	1645	184
SMG8	242	17	74	70	46	106	161	23
GDPD1	1043	77	261	271	255	354	685	87
YPEL2	541	24	475	92	57	119	405	39
DHX40	3604	129	1108	516	422	912	2789	230
CLTC	7429	252	2795	1160	643	1414	5359	376
PTRH2	2267	144	659	471	312	607	1928	176
VMP1	4633	283	1680	1012	626	1192	3938	326
TUBD1	1835	100	797	268	218	413	1448	143
RPS6KB1	1596	78	524	290	201	431	1116	140
RNFT1	741	31	224	117	115	208	572	45
HEATR6	1877	82	545	375	228	537	1344	134
CA4	221	7	292	51	11	18	154	10
USP32	852	165	454	725	471	833	694	281
C17orf64	34	6	6	18	11	17	59	2
APPBP2	2093	179	731	764	642	1018	1530	290
PPM1D	1196	125	405	481	380	718	689	231
BCAS3	571	364	240	1509	1350	2177	352	543
TBX2	21	0	16	4	1	2	7	1
TBX4	1	1	0	3	2	1	2	0
NACA2	174	4	53	2	3	5	157	3
BRIP1	1866	308	500	1212	890	1924	1323	575
INTS2	1187	67	524	252	180	366	874	111
MED13	2231	270	777	1145	899	1547	1562	429
EFCAB3	4	2	2	9	3	11	4	2
METTL2A	3840	131	1282	461	283	707	2910	206
TLK2	2741	232	922	889	623	1178	1955	368
MRC2	1443	88	571	301	224	390	1314	102
MARCH10	50	5	5	17	23	28	41	3
TANC2	1444	336	284	1108	651	1415	915	496
CYB561	1109	36	235	122	87	151	1006	32
ACE	12	1	13	2	3	3	21	1
KCNH6	8	1	5	0	0	1	10	0
DCAF7	8255	258	2514	748	599	1406	5336	403
TACO1	2194	66	734	263	152	297	1652	85
MAP3K3	702	52	256	164	112	206	458	66
STRADA	1049	121	268	385	278	574	713	174
LIMD2	7639	124	1720	371	352	795	4994	216
CCDC47	5888	193	2317	849	566	1399	4507	310
DDX42	5781	201	1833	896	540	1203	4347	232
FTSJ3	3001	75	1161	318	147	371	2790	123
PSMC5	19101	474	6061	1663	1101	2470	15266	716
SMARCD2	1451	35	928	130	61	111	1137	38
CSH2	5	0	5	1	0	3	2	0
GH2	6	0	7	0	1	1	14	1
CSH1	3	0	0	1	0	0	3	0
CSHL1	2	0	0	0	0	0	1	0
GH1	0	0	0	2	0	0	0	0
CD79B	41	5	33	14	2	3	84	2
SCN4A	81	5	67	16	6	14	92	4
PRR29	48	2	19	4	1	6	72	0
ICAM2	12	0	8	1	1	2	9	0
ERN1	155	14	123	75	56	56	149	26
TEX2	260	64	112	141	52	93	233	54
PECAM1	5	0	5	2	3	7	4	3
MILR1	2	0	0	0	0	2	2	0
POLG2	1338	63	432	225	154	301	1024	141
DDX5	50897	1254	14831	4696	3454	8328	36163	2058
CEP95	2396	177	621	615	506	877	1701	255
SMURF2	2295	223	608	769	630	1151	1704	351
LRRC37A3	86	33	29	154	108	185	84	65
GNA13	1457	60	488	330	205	422	1056	130
RGS9	625	41	276	126	116	78	877	40
AXIN2	1032	113	250	462	268	385	2046	103
CEP112	1500	513	351	2297	1616	2419	1121	751
APOH	2	0	0	0	1	0	2	1
PRKCA	461	95	106	281	224	280	520	88
CACNG5	0	0	0	1	0	5	0	1
CACNG4	1462	67	115	326	357	626	860	106
CACNG1	19	2	1	14	9	10	18	1
HELZ	2333	192	1008	793	528	980	1936	277
PSMD12	7061	231	2587	1083	633	1491	5336	371
PITPNC1	799	122	465	698	442	805	847	194
NOL11	5460	141	1703	646	329	901	3481	238
BPTF	21641	956	7433	3453	2627	5116	15768	1464
C17orf58	2010	51	648	154	83	230	1641	71
KPNA2	39443	768	11772	2712	1846	4691	25259	1496
AMZ2	3292	119	1252	385	248	473	2856	145
ARSG	426	73	168	305	157	144	616	48
SLC16A6	30	13	4	43	17	16	40	2
WIPI1	388	42	283	166	98	74	1331	26
PRKAR1A	6442	218	2685	839	539	1214	5685	317
FAM20A	41	11	52	40	35	29	65	15
ABCA8	2	1	0	3	1	1	12	1
ABCA9	13	2	3	9	6	1	8	4
ABCA6	1	0	0	2	0	0	1	1
ABCA10	4	1	2	20	10	10	7	1
ABCA5	254	68	286	298	127	220	553	55
MAP2K6	3326	296	1739	1024	563	1358	2797	372
KCNJ16	1	1	0	1	1	2	10	1
KCNJ2	59	27	12	64	47	126	551	11
SOX9	6786	105	1082	439	639	2190	1983	273
SLC39A11	369	76	176	330	191	351	354	114
SSTR2	337	12	212	60	16	50	403	18
COG1	854	21	334	112	77	152	608	35
FAM104A	2416	76	894	305	214	502	2059	106
C17orf80	1411	73	579	232	167	324	1084	79
CPSF4L	1	0	2	0	0	2	3	0
CDC42EP4	2633	44	624	148	162	372	1307	126
SDK2	4183	577	1311	2176	1296	1962	2924	729
RPL38	88398	1810	33698	6347	4603	9897	73412	2529
TTYH2	103	15	59	38	26	26	223	10
DNAI2	8	5	2	12	8	8	18	1
KIF19	107	2	29	13	9	9	132	8
BTBD17	4774	110	1124	498	295	563	4285	159
GPR142	0	1	0	0	0	0	0	0
GPRC5C	908	43	776	219	148	251	1489	47
CD300A	28	0	34	16	2	5	250	0
CD300LB	0	0	0	0	0	0	2	0
CD300C	1	0	0	0	0	1	6	0
CD300LD	0	0	0	0	0	0	0	0
CD300E	2	0	1	0	0	0	0	0
RAB37	19	0	22	13	5	7	34	1
CD300LF	0	0	0	0	0	2	0	0
SLC9A3R1	2608	118	1348	325	170	378	3002	119
NAT9	1788	57	648	183	120	260	1524	62
TMEM104	302	27	118	73	32	71	265	12
GRIN2C	50	4	11	13	6	16	28	10
FDXR	1612	68	879	142	56	166	1142	101
FADS6	5	0	5	0	1	1	22	1
USH1G	13	0	10	0	0	2	20	0
OTOP2	0	0	0	1	0	1	0	0
OTOP3	0	0	0	1	0	0	0	0
HID1	121	11	96	29	50	57	122	12
CDR2L	561	8	194	60	53	94	512	23
MRPL58	4401	109	1241	524	314	654	3316	168
KCTD2	884	34	317	126	74	155	731	39
ATP5PD	19989	494	6907	1911	1243	2719	17106	742
SLC16A5	78	9	42	20	22	21	121	14
ARMC7	586	17	186	60	34	88	543	25
NT5C	7442	180	2875	628	414	931	6327	269
JPT1	46097	1004	9728	3026	2600	6605	29817	2017
SUMO2	84998	3159	26515	11238	7904	16573	63850	4552
NUP85	1386	81	592	341	227	445	1128	103
GGA3	1013	31	398	145	103	226	821	64
MRPS7	10329	230	3370	899	603	1239	8480	431
MIF4GD	1853	70	886	198	145	243	1544	68
SLC25A19	801	17	251	57	45	111	599	39
GRB2	4288	169	1882	787	512	1088	3596	284
TMEM94	1002	35	374	142	127	231	653	58
CASKIN2	738	15	195	62	40	108	399	17
TSEN54	1474	52	620	158	140	221	1152	90
LLGL2	786	33	730	104	66	229	833	55
MYO15B	111	3	65	38	29	49	121	9
RECQL5	448	27	175	65	39	111	376	27
SMIM5	54	6	64	14	23	13	58	3
SMIM6	4	1	0	0	1	1	0	0
SAP30BP	3680	125	1158	482	320	652	2973	198
ITGB4	54	3	20	5	7	5	55	0
GALK1	1919	71	1107	326	237	341	2236	90
H3F3B	76869	3402	28011	8903	8751	15849	71385	3912
UNK	2125	145	688	521	393	737	1617	186
UNC13D	104	2	102	13	7	16	177	8
WBP2	2189	56	1074	222	134	209	2593	59
TRIM47	135	1	27	6	7	7	176	2
TRIM65	1060	49	361	115	68	191	913	53
MRPL38	115	177	36	526	343	662	96	206
FBF1	538	44	100	174	131	189	395	59
ACOX1	751	39	272	141	177	259	548	71
TEN1	0	26	0	93	89	185	2	44
CDK3	0	5	0	14	10	31	0	7
EVPL	7	0	1	1	2	0	7	0
SRP68	3982	88	1360	365	218	416	3224	122
ZACN	6	0	4	2	1	4	3	0
GALR2	38	0	3	0	0	1	10	0
EXOC7	3012	82	1020	255	221	435	2248	86
FOXJ1	719	19	44	91	114	88	1155	20
RNF157	1468	72	629	266	257	532	850	107
UBALD2	3164	74	727	184	173	383	2259	116
QRICH2	149	12	31	73	54	95	53	23
PRPSAP1	6941	216	2308	847	724	1186	5040	334
SPHK1	2426	82	1060	265	154	208	1247	67
UBE2O	2294	93	695	391	279	508	1514	154
AANAT	33	3	25	9	1	2	63	2
RHBDF2	99	0	57	5	4	14	116	4
CYGB	80	2	51	3	5	11	97	3
PRCD	44	1	33	9	10	5	56	5
AC015802.6	428	19	79	50	48	115	134	26
ST6GALNAC2	0	0	0	0	0	6	0	3
ST6GALNAC1	0	3	1	1	1	2	1	0
MXRA7	1893	248	1277	651	325	617	2090	286
JMJD6	1271	29	440	134	93	163	1210	55
METTL23	3922	127	1244	446	303	588	3400	158
SRSF2	43306	650	11855	2531	1802	4886	27600	1297
MFSD11	964	47	400	214	196	325	875	102
MGAT5B	154	10	29	19	17	36	168	13
SEC14L1	4013	201	1474	726	637	962	3026	268
SEPTIN9	5943	164	2323	502	394	892	4687	240
TNRC6C	2786	240	925	994	760	1513	2107	415
TMC6	404	16	187	46	21	59	445	18
TMC8	7	0	3	3	1	2	12	1
C17orf99	4	3	0	3	2	7	2	1
SYNGR2	969	27	465	133	67	129	811	29
TK1	4304	94	1328	382	201	639	3324	186
AFMID	1967	46	686	172	124	345	1493	102
BIRC5	16734	327	4966	1250	656	2030	10234	761
TMEM235	1	1	1	0	0	1	3	0
SOCS3	883	15	177	75	48	85	960	38
PGS1	1553	75	632	261	174	356	1246	89
DNAH17	1	4	1	43	46	27	6	23
CYTH1	334	54	149	221	204	379	309	120
USP36	842	40	401	164	122	232	357	51
TIMP2	2893	110	954	406	362	729	2222	191
CEP295NL	31	1	7	4	1	11	14	4
LGALS3BP	3073	67	889	298	175	344	2539	132
CANT1	1905	33	525	176	101	262	1456	65
C1QTNF1	40	3	20	3	1	9	25	3
ENGASE	469	25	161	44	32	70	396	15
RBFOX3	214	10	90	27	21	31	194	17
ENPP7	2	0	0	0	0	0	1	0
CBX2	3509	69	945	317	235	495	2405	133
CBX8	1125	22	322	113	99	219	801	39
CBX4	1018	44	283	218	188	235	937	63
TBC1D16	2129	149	451	474	442	725	1409	258
CCDC40	970	87	216	230	354	345	801	89
GAA	1531	48	474	139	104	239	1165	42
EIF4A3	15619	319	3825	1391	1020	1889	11259	672
CARD14	15	3	8	9	8	16	19	4
SGSH	267	12	110	29	23	50	241	10
SLC26A11	967	51	437	171	100	183	1030	60
RNF213	1384	82	681	334	282	461	1188	112
ENDOV	2583	72	730	249	196	376	2022	85
NPTX1	96	0	19	3	5	7	69	3
RPTOR	412	133	132	553	341	636	303	234
CHMP6	1788	48	663	213	124	275	1500	84
BAIAP2	1447	45	573	241	182	303	1153	89
AATK	551	23	136	91	85	133	410	22
PVALEF	9	12	2	31	37	51	10	13
CEP131	1645	44	375	129	116	254	1137	89
TEPSIN	421	11	193	43	29	70	372	27
NDUFAF8	10105	232	2809	1048	632	1248	6738	378
SLC38A10	1362	50	450	222	153	207	1310	66
BAHCC1	1026	131	228	273	172	357	787	127
ACTG1	278640	5902	86402	26320	23232	41614	211872	9838
FSCN2	7	0	4	2	1	1	14	1
FAAP100	936	18	289	71	56	97	793	25
NPLOC4	1758	123	602	437	289	481	1273	156
TSPAN10	682	20	374	43	71	112	400	18
PDE6G	97	0	31	3	4	7	115	5
OXLD1	2879	58	1228	236	213	304	2339	88
CCDC137	4373	66	1361	344	206	446	2529	141
ARL16	6223	250	1590	844	485	782	6782	302
HGS	2112	54	772	225	146	258	1717	75
MRPL12	10116	232	3566	951	500	1168	8186	388
SLC25A10	955	21	391	63	32	126	851	22
GCGR	5	0	9	0	0	0	8	0
MCRIP1	12345	285	3606	1168	738	1514	9717	452
PPP1R27	15	0	6	4	0	3	17	0
P4HB	13824	340	6241	1201	662	1629	14588	468
ARHGDIA	6524	109	2285	455	265	560	4713	186
ALYREF	15817	263	4559	944	538	1677	11163	448
ANAPC11	31210	917	8525	3319	2044	4441	22346	1364
NPB	165	10	121	19	7	20	567	7
PCYT2	1788	38	541	165	108	190	1390	63
SIRT7	1156	26	318	98	78	145	995	43
MAFG	1896	27	1216	170	80	228	1664	57
PYCR1	5891	120	1771	353	182	550	4584	186
MYADML2	3	1	12	2	1	0	2	2
NOTUM	165	5	58	14	9	20	287	1
ASPSCR1	4152	151	1373	437	315	545	3576	167
CENPX	14336	365	4797	1652	877	1926	10321	577
LRRC45	1540	22	342	75	59	166	1151	50
RAC3	8888	212	1984	620	458	1067	7308	329
DCXR	10871	337	2973	909	736	1651	8217	523
RFNG	2755	80	1054	227	138	355	2591	103
GPS1	5019	102	1843	380	266	525	3990	184
DUS1L	3949	116	1437	394	192	398	3220	126
FASN	7777	146	1738	444	225	620	6197	225
CCDC57	862	145	234	511	374	657	537	176
SLC16A3	1657	44	669	207	99	204	4017	76
CSNK1D	3211	113	1205	525	348	663	2954	140
CD7	98	6	67	25	9	29	186	9
SECTM1	7	0	1	0	2	4	8	0
TEX19	14	1	4	2	1	1	21	1
UTS2R	0	0	0	0	0	0	1	0
OGFOD3	1808	79	514	198	127	260	1718	97
HEXD	2627	87	664	254	191	434	1675	128
CYBC1	2679	57	944	251	175	402	2122	110
NARF	7381	231	2072	699	663	1289	6909	380
FOXK2	3174	207	884	759	552	905	2442	315
WDR45B	3784	107	1577	419	280	614	3656	168
RAB40B	520	43	305	184	78	172	637	49
FN3KRP	2621	85	945	329	233	465	1994	88
FN3K	587	23	117	89	87	122	452	37
TBCD	1681	166	436	688	466	893	1078	274
ZNF750	3	1	2	7	9	6	1	7
B3GNTL1	576	54	195	163	116	210	350	73
METRNL	29	88	27	290	268	374	48	83
TUBB8P12	12	0	4	1	0	1	4	1
USP14	8596	299	3268	1261	758	1658	6592	468
THOC1	4445	248	1101	874	650	1294	3009	375
COLEC12	950	783	312	2806	775	775	4611	322
CETN1	0	0	0	0	0	0	0	0
CLUL1	114	34	29	82	97	48	305	20
TYMS	27869	732	6209	2309	1210	2981	19401	1255
ENOSF1	3052	199	549	586	531	969	2304	278
YES1	3731	238	1432	1124	671	1501	2999	411
ADCYAP1	12	2	4	5	4	2	70	1
METTL4	1255	72	358	227	174	377	900	111
NDC80	5493	205	1524	734	525	1308	3886	396
SMCHD1	6794	414	1975	1750	1185	2359	4661	660
EMILIN2	285	10	104	90	50	53	347	13
LPIN2	2549	145	854	750	381	792	2110	219
MYOM1	19	10	7	35	16	42	29	11
MYL12A	15970	465	7525	2074	1097	1994	15478	497
MYL12B	16656	569	8081	2276	1471	2353	16125	709
IGLJCOR18	0	0	0	0	0	0	0	0
TGIF1	6630	198	2735	811	564	1051	6679	270
DLGAP1	743	868	174	3209	2133	4740	455	1214
AKAIN1	14	0	4	3	1	1	4	1
ZBTB14	1031	28	273	122	85	216	773	44
EPB41L3	664	67	87	255	243	272	646	58
TMEM200C	597	7	170	52	45	66	414	27
L3MBTL4	15	9	3	36	32	39	10	19
ARHGAP28	849	95	221	384	156	398	980	160
LAMA1	2174	371	598	1552	1116	1494	2134	534
LRRC30	0	0	0	0	0	0	0	0
PTPRM	327	377	163	2107	744	772	631	277
RAB12	539	74	222	297	180	448	450	97
MTCL1	396	37	311	207	203	177	469	70
NDUFV2	20576	575	7618	2147	1683	3097	16442	888
ANKRD12	7833	465	2380	1763	1328	2355	7566	711
TWSG1	1433	113	788	552	378	680	1112	170
RALBP1	6012	234	2412	790	441	1082	5063	279
PPP4R1	2469	142	725	611	504	922	1590	233
RAB31	607	47	685	163	65	77	757	36
TXNDC2	0	0	1	0	0	0	1	0
VAPA	11666	447	4325	1632	1193	2293	9764	694
APCDD1	1138	312	93	686	240	124	4186	94
NAPG	2078	106	821	468	279	581	1832	157
PIEZO2	708	57	93	211	292	197	625	128
SLC35G4	0	0	0	0	0	0	0	0
GNAL	889	82	283	251	202	514	696	110
CHMP1B	2567	75	1195	291	208	454	2134	87
MPPE1	807	41	299	133	113	173	850	40
IMPA2	5746	167	1580	411	286	873	3665	242
ANKRD62	4	1	1	2	3	1	13	0
CIDEA	4	1	4	2	3	1	7	0
TUBB6	3609	164	801	413	115	387	3435	168
AFG3L2	3681	121	1281	435	303	500	3040	141
PRELID3A	505	20	89	81	58	161	372	42
SPIRE1	1127	171	364	634	591	1005	607	272
PSMG2	8030	241	2768	953	660	1490	5966	364
CEP76	848	43	285	194	140	299	682	101
PTPN2	4619	167	1475	730	371	924	3583	267
SEH1L	2059	81	543	296	170	457	1492	113
CEP192	1925	299	544	846	520	1234	1233	365
LDLRAD4	39	37	39	143	104	119	40	25
FAM210A	1826	73	698	247	145	377	1933	91
RNMT	7823	287	2611	1127	892	1787	7421	393
MC5R	2	0	2	0	1	1	1	0
MC2R	1	0	0	0	0	0	0	0
ZNF519	2728	167	732	665	518	1272	1609	357
POTEC	0	0	13	0	0	3	2	0
ANKRD30B	5	2	1	1	1	11	0	3
ROCK1	6807	359	2707	1305	896	2008	5115	540
GREB1L	1110	433	1370	2769	712	2172	919	492
ESCO1	2695	166	999	618	370	799	2604	220
SNRPD1	45345	1039	12557	3698	2245	5729	31010	1586
ABHD3	952	67	232	199	197	319	390	80
MIB1	5177	448	1782	1511	1031	2579	3641	694
GATA6	47	3	2	10	6	17	98	1
CTAGE1	2	0	0	0	0	0	2	0
RBBP8	3132	171	916	550	362	812	1974	222
CABLES1	201	23	81	110	46	88	202	32
TMEM241	459	63	149	237	168	293	305	103
RIOK3	2159	115	821	563	304	653	2098	149
RMC1	347	29	168	205	139	182	330	59
NPC1	987	132	219	693	525	593	759	144
ANKRD29	181	9	36	39	42	32	184	7
LAMA3	20	4	3	23	21	22	19	10
TTC39C	1298	117	383	379	314	831	753	204
CABYR	391	29	184	84	62	135	473	66
OSBPL1A	6207	573	2157	1687	988	1562	5169	692
IMPACT	2368	86	842	240	213	502	1830	130
HRH4	1	1	3	3	1	1	1	1
ZNF521	6270	1039	1725	4222	2791	4720	4748	1627
SS18	4262	234	1634	859	578	1264	3403	312
PSMA8	0	0	1	0	2	2	1	1
TAF4B	259	25	125	95	74	146	216	51
KCTD1	1434	209	302	634	453	711	1111	260
AQP4	16	0	7	4	1	8	17	0
CHST9	727	64	161	279	120	541	284	154
CDH2	21905	1881	5317	8217	6114	11228	14445	2328
DSC3	44	5	10	22	9	49	36	10
DSC2	1738	64	664	331	298	528	1534	120
DSC1	0	0	0	0	0	0	1	0
DSG1	0	0	1	1	0	0	0	0
DSG4	1	0	0	0	0	0	0	0
DSG3	0	0	0	1	0	0	0	1
DSG2	2946	94	942	248	271	501	2347	129
TTR	985	99	226	595	2397	579	11109	151
B4GALT6	641	59	270	337	317	435	462	114
SLC25A52	0	0	1	0	0	0	0	0
TRAPPC8	985	160	442	502	365	700	738	182
RNF125	291	14	147	39	40	93	265	22
RNF138	2391	149	739	635	413	891	1576	271
GAREM1	1002	209	316	951	688	1739	873	507
MEP1B	2	5	0	15	8	33	1	4
KLHL14	298	133	77	364	408	413	411	82
CCDC178	21	11	14	45	53	68	58	14
ASXL3	486	141	81	475	451	729	889	209
NOL4	196	21	23	59	259	454	50	99
DTNA	1292	304	691	1071	807	1317	1214	405
MAPRE2	1997	109	621	433	423	895	1200	194
ZNF397	4155	127	1190	305	317	733	2831	151
ZSCAN30	893	50	352	185	210	385	741	70
ZNF24	6054	199	1738	745	550	1379	4337	343
ZNF396	164	8	52	30	19	30	204	9
INO80C	2758	114	1031	288	176	423	2525	105
GALNT1	9273	397	2306	1550	1141	2438	6230	599
C18orf21	2796	65	878	255	218	420	2367	106
RPRD1A	4047	258	1431	949	748	1531	3171	446
SLC39A6	6817	164	1625	619	569	1264	4719	319
ELP2	3398	146	1372	435	364	921	3213	217
MOCOS	206	16	31	69	88	133	127	35
FHOD3	2026	319	570	2082	1252	2607	785	789
TPGS2	14164	379	4277	1684	1228	2198	9597	546
KIAA1328	1244	358	294	1237	984	1945	793	587
CELF4	269	8	118	46	57	76	197	20
PIK3C3	1348	110	523	434	334	571	1188	171
RIT2	39	9	19	3	7	6	49	3
SYT4	73	134	14	41	49	59	548	25
SETBP1	1549	294	224	1019	1089	2106	887	525
SLC14A2	3	1	1	9	6	19	4	8
SLC14A1	4	1	0	2	2	6	4	4
SIGLEC15	3	1	3	1	0	1	5	0
EPG5	652	90	246	271	204	390	435	107
PSTPIP2	474	19	79	68	94	135	152	36
ATP5F1A	32702	879	11262	2996	2290	5440	25839	1391
HAUS1	10473	320	2651	954	744	1655	6260	488
C18orf25	873	97	379	283	192	447	609	117
RNF165	2685	91	664	234	262	633	1093	137
LOXHD1	1	0	1	2	1	1	1	1
ST8SIA5	8	4	8	18	4	9	8	1
PIAS2	3011	168	1058	717	467	845	2307	249
KATNAL2	996	87	428	403	249	448	639	130
ELOA3	0	0	0	1	1	0	0	0
ELOA3B	0	0	0	0	0	0	0	0
ELOA3D	0	0	0	0	0	0	0	0
ELOA2	3	0	0	0	0	0	0	0
HDHD2	3175	212	1502	678	461	1162	2505	353
IER3IP1	6954	261	2050	1081	692	1299	5136	397
SKOR2	6	0	1	0	3	0	7	0
SMAD2	3771	301	2112	1302	828	1818	2812	507
ZBTB7C	35	12	12	19	20	43	17	18
CTIF	416	67	151	234	174	342	243	104
SMAD7	609	24	247	93	93	102	858	46
DYM	1733	200	700	775	527	1022	1472	354
C18orf32	637	295	226	917	844	1610	554	390
RPL17	8394	9524	3124	31317	24105	51661	7116	14069
LIPG	354	22	63	164	88	129	385	39
ACAA2	7032	278	1961	761	570	1206	5846	412
MYO5B	69	20	53	62	27	76	86	23
CFAP53	181	20	85	71	92	124	329	46
MBD1	1519	46	501	234	165	302	1235	89
CXXC1	2153	41	733	162	125	240	1768	72
SKA1	189	52	59	166	95	251	136	79
MAPK4	609	116	106	291	511	795	466	216
MRO	24	2	4	8	11	9	49	2
ME2	5559	268	1599	902	467	1141	3849	305
ELAC1	1643	62	359	207	183	267	1370	65
SMAD4	3624	295	1252	1122	911	1783	2581	407
MEX3C	1888	68	713	285	176	439	1640	128
DCC	442	565	31	2554	6193	3229	542	851
MBD2	3253	154	1306	638	454	893	2483	226
POLI	1685	101	672	363	258	597	1311	146
STARD6	47	5	10	12	21	23	43	2
C18orf54	1342	75	541	183	96	382	901	97
DYNAP	3	0	4	0	0	0	2	0
RAB27B	100	9	24	47	60	128	59	14
CCDC68	9	3	9	5	2	23	24	3
TCF4	11533	863	3347	3266	2735	6277	7936	868
TXNL1	16714	425	5244	1910	1276	2773	13240	412
WDR7	512	142	168	593	401	692	359	87
BOD1L2	0	0	0	0	0	0	1	0
ST8SIA3	60	0	8	1	1	2	32	0
ONECUT2	319	13	84	32	30	56	357	19
FECH	711	14	245	79	43	131	546	8
NARS	8494	256	3623	930	612	1246	7589	163
ATP8B1	59	49	9	179	125	271	55	26
NEDD4L	1713	160	701	622	629	1378	1139	194
ALPK2	19	5	12	13	7	13	29	4
MALT1	1397	95	668	465	292	407	953	60
ZNF532	2477	337	578	1286	1018	1939	1873	245
SEC11C	6527	142	3198	633	561	884	4781	133
GRP	167	7	109	23	168	66	248	7
RAX	1375	27	3800	213	27	181	374	47
CPLX4	4	1	15	3	2	3	7	1
LMAN1	8926	456	8078	1642	734	1780	8389	253
CCBE1	105	9	126	73	59	76	326	27
PMAIP1	3506	108	1200	173	56	268	2923	55
MC4R	2	0	1	1	0	0	3	0
CDH20	915	167	415	660	797	884	218	324
RNF152	1175	499	192	1149	382	594	2310	505
PIGN	841	129	330	364	274	619	597	201
RELCH	600	113	270	438	339	615	454	182
TNFRSF11A	70	5	39	14	4	7	34	3
ZCCHC2	1147	59	342	234	181	270	782	94
PHLPP1	1598	483	415	1990	1805	2681	1137	732
BCL2	594	222	116	1199	815	553	1183	197
KDSR	3149	124	1417	384	304	655	2679	178
VPS4B	2646	99	1095	438	300	750	2175	184
SERPINB5	4	0	12	0	0	0	9	0
SERPINB12	0	0	0	0	0	0	0	0
SERPINB13	0	0	0	0	0	0	0	0
SERPINB4	1	0	1	0	0	0	2	0
SERPINB11	0	0	0	1	1	0	0	0
SERPINB3	0	0	0	0	0	0	0	0
SERPINB7	0	0	0	1	0	0	0	0
SERPINB2	2	0	0	0	0	0	0	0
SERPINB10	0	0	1	0	0	0	0	0
HMSD	475	4	35	45	52	111	236	20
SERPINB8	88	2	31	13	14	20	58	5
CDH7	90	6	87	71	39	35	165	9
CDH19	11	6	5	1	4	12	6	4
DSEL	10	26	4	103	67	147	9	35
TMX3	1615	102	645	340	259	550	1329	159
CCDC102B	785	113	261	441	286	568	759	127
DOK6	537	281	92	1860	1268	1406	803	303
CD226	11	2	9	40	17	36	19	5
RTTN	833	182	237	571	454	838	483	276
SOCS6	1191	84	368	334	253	457	865	141
CBLN2	2	0	1	0	2	0	11	1
NETO1	22	0	1	4	3	4	11	2
FBXO15	232	12	46	57	47	48	189	19
TIMM21	1692	54	467	212	137	337	1240	80
CYB5A	5698	134	2535	384	225	480	4751	172
C18orf63	0	0	0	1	0	0	0	0
DIPK1C	996	2	898	77	56	95	30	11
CNDP2	4520	77	1342	329	201	555	3941	146
CNDP1	13	4	4	30	6	19	8	2
ZNF407	655	127	173	623	501	1022	418	310
ZADH2	1245	41	323	109	125	312	935	45
TSHZ1	437	18	81	28	76	244	313	28
SMIM21	0	0	0	0	0	1	0	0
ZNF516	1287	195	817	604	542	1149	1210	325
ZNF236	1435	115	358	323	269	491	921	187
MBP	47	7	104	12	14	41	134	7
GALR1	1	0	1	0	0	6	2	1
SALL3	5	118	2	467	178	235	7	92
ATP9B	884	304	284	1174	959	1565	628	381
NFATC1	297	18	77	34	29	39	271	11
CTDP1	849	28	344	122	68	131	781	38
KCNG2	15	2	8	9	13	7	6	3
SLC66A2	2389	63	568	199	180	364	1640	91
HSBP1L1	159	4	46	26	14	26	224	17
TXNL4A	16209	439	4412	1522	1003	2225	11580	735
AC090360.1	198	2	62	15	8	23	115	5
RBFA	3703	76	857	199	181	493	1779	115
ADNP2	2902	128	752	639	446	802	2045	211
PARD6G	2059	101	608	434	278	630	1912	169
DEFB125	0	0	0	0	0	0	1	0
DEFB126	0	0	0	0	0	0	0	0
DEFB127	0	0	0	0	0	0	0	0
DEFB128	0	0	0	0	0	0	0	0
DEFB129	0	0	0	0	0	0	0	0
DEFB132	0	0	0	0	0	0	0	0
C20orf96	2932	59	886	342	221	374	1971	165
ZCCHC3	4669	88	1495	353	224	567	3743	165
SOX12	5680	78	1479	416	375	729	4525	228
NRSN2	1485	50	444	216	128	255	1265	68
TRIB3	249	12	66	60	19	55	386	17
RBCK1	2959	70	995	319	230	343	2452	99
TBC1D20	1176	49	471	213	135	309	1117	91
CSNK2A1	10730	402	3437	1493	1075	2201	8051	697
TCF15	381	5	156	17	9	21	463	7
SRXN1	9	14	0	31	25	45	5	15
SCRT2	7	0	0	1	3	2	7	2
SLC52A3	92	1	22	1	1	3	166	0
FAM110A	751	16	200	54	53	120	590	34
ANGPT4	1	0	2	0	1	3	2	0
RSPO4	105	5	56	31	9	18	133	3
PSMF1	4253	146	1557	627	443	814	4014	255
TMEM74B	140	2	34	24	21	29	246	11
C20orf202	4	0	2	0	0	1	7	0
RAD21L1	2	1	0	11	5	11	10	3
SNPH	27	0	27	7	3	8	22	1
SDCBP2	909	30	149	121	61	90	824	46
FKBP1A	15677	313	6306	1516	861	2044	11038	555
NSFL1C	5963	154	2279	642	416	829	4957	265
SIRPB2	0	0	0	0	0	0	1	0
SIRPD	0	0	0	0	0	0	0	0
SIRPB1	0	0	1	1	0	0	1	0
SIRPG	0	0	0	5	0	1	0	0
SIRPA	652	20	109	37	49	116	333	32
PDYN	21	1	5	1	13	23	6	6
STK35	698	43	300	158	115	245	498	95
TGM3	0	0	0	1	0	1	0	0
TGM6	0	0	0	2	2	3	0	0
SNRPB	53771	1114	16356	4363	2365	6088	38810	1966
ZNF343	172	9	53	47	25	57	107	12
TMC2	4	0	0	5	10	2	1	2
NOP56	14574	249	4708	1084	625	1589	10008	561
IDH3B	5788	129	2016	435	291	690	4329	210
EBF4	239	26	125	75	101	178	273	60
CPXM1	4415	127	1202	370	293	473	3257	143
C20orf141	0	0	0	0	0	0	0	0
TMEM239	0	0	0	0	0	0	0	0
PCED1A	1284	49	382	133	106	187	1072	90
VPS16	1979	58	643	173	140	238	1518	67
PTPRA	7976	452	2113	1552	1310	2428	5363	734
GNRH2	10	1	1	8	11	14	8	6
MRPS26	16225	338	5550	1610	1068	2300	11470	680
OXT	17	2	10	2	3	5	38	4
AVP	27	2	8	7	2	5	27	1
UBOX5	302	20	94	77	58	100	235	25
FASTKD5	936	10	320	76	47	120	607	30
LZTS3	456	13	228	67	42	90	392	26
DDRGK1	3984	123	1345	514	334	630	3333	142
ITPA	6705	120	1926	631	333	791	4027	214
SLC4A11	50	1	81	3	0	4	41	3
C20orf194	655	180	222	553	539	842	410	243
ATRN	1025	152	357	610	475	797	803	264
GFRA4	0	0	0	0	0	0	0	0
ADAM33	47	2	49	6	1	8	44	2
SIGLEC1	0	0	0	1	0	0	0	0
HSPA12B	71	0	15	8	7	3	80	2
C20orf27	8834	169	2354	577	410	877	5829	315
SPEF1	150	3	20	9	18	26	210	6
CENPB	2157	42	549	153	123	316	1457	79
CDC25B	1350	33	342	118	57	157	1195	48
AP5S1	388	6	143	43	35	59	319	19
MAVS	1403	48	570	178	143	237	1001	66
PANK2	3007	215	987	786	569	1057	2153	361
RNF24	1841	119	621	445	525	865	1521	238
SMOX	692	13	379	73	66	129	374	45
ADRA1D	9	0	2	2	3	0	9	0
PRNP	380	23	328	81	62	155	344	37
PRND	21	1	4	43	10	7	82	0
RASSF2	515	18	111	55	56	175	247	41
SLC23A2	313	42	140	235	168	268	188	77
TMEM230	9864	349	3491	1446	1087	1896	8724	606
PCNA	19587	372	4889	1206	783	1942	12591	656
CDS2	1959	85	858	384	247	636	1608	156
PROKR2	0	0	0	1	0	0	0	0
GPCPD1	637	166	212	431	327	736	504	151
SHLD1	498	86	248	154	195	244	483	91
CHGB	83	3	37	5	21	11	63	4
TRMT6	2730	53	955	290	168	375	2021	108
MCM8	1966	67	623	286	133	413	1129	148
CRLS1	232	111	71	430	258	517	182	159
LRRN4	2	0	1	1	1	3	5	0
FERMT1	157	3	105	15	7	18	272	3
BMP2	412	19	151	188	137	165	1388	31
HAO1	0	0	0	0	0	1	0	0
TMX4	2382	90	829	363	222	503	1944	122
PLCB1	1638	918	716	4153	3918	6111	1110	1284
PLCB4	641	281	328	1428	915	1565	677	498
LAMP5	303	3	464	14	13	8	52	1
PAK5	401	34	66	117	216	459	265	124
ANKEF1	253	7	103	64	46	114	268	32
SNAP25	67	16	39	40	22	79	83	25
MKKS	2440	87	628	255	205	440	1406	134
AL034430.1	0	0	0	0	0	0	0	0
AL034430.2	0	0	0	0	0	0	0	0
SLX4IP	967	153	395	441	353	742	738	184
JAG1	4636	233	1054	1138	753	1150	3685	294
BTBD3	2678	157	771	648	420	844	2269	279
SPTLC3	60	19	50	48	24	37	72	23
ISM1	14	7	12	22	17	26	35	3
TASP1	720	167	279	711	529	988	561	336
ESF1	8814	260	2938	1010	695	1529	7169	460
NDUFAF5	1755	83	548	250	207	353	1379	127
SEL1L2	9	5	6	8	11	11	13	13
MACROD2	331	329	100	1225	1179	2622	305	572
FLRT3	2069	140	2166	636	377	624	2251	179
KIF16B	793	99	307	427	297	439	661	148
SNRPB2	15257	471	5358	1784	1184	2628	11596	772
OTOR	2	0	0	1	0	0	2	0
PCSK2	53	9	22	6	36	24	36	10
BFSP1	50	4	25	9	3	16	66	2
DSTN	15455	504	7746	2407	1747	3814	13882	888
RRBP1	2751	103	1483	487	243	429	3201	157
BANF2	0	0	0	1	0	0	0	0
SNX5	4920	171	2224	621	481	948	4101	316
OVOL2	31	12	49	73	55	144	87	32
MGME1	4134	126	1567	605	377	1142	3169	292
PET117	1564	51	655	193	123	246	1494	77
KAT14	975	24	304	105	75	136	624	42
ZNF133	368	76	125	251	182	327	311	90
DZANK1	674	76	232	228	173	407	455	108
POLR3F	1415	42	450	241	152	317	1077	95
RBBP9	1419	45	391	95	119	232	984	52
SEC23B	2231	80	840	317	232	417	1872	128
SMIM26	10168	328	3638	1208	887	1582	8658	452
DTD1	8667	280	2203	995	796	1556	6192	415
SCP2D1	1	0	0	0	0	0	0	0
SLC24A3	19	9	2	59	110	117	47	22
RIN2	461	131	115	558	444	615	390	159
NAA20	5750	158	1889	654	415	841	4705	296
CRNKL1	2188	83	637	261	199	363	1706	112
CFAP61	26	20	3	101	91	141	37	41
INSM1	101	9	17	27	17	31	158	6
RALGAPA2	1482	244	494	1167	780	1598	1106	433
KIZ	1075	93	613	205	139	248	940	95
XRN2	19333	624	6493	2414	1623	3759	14539	1097
NKX2-4	1	1	0	0	0	0	0	0
NKX2-2	11	0	1	0	2	0	24	0
PAX1	4	0	0	0	0	0	5	0
FOXA2	153	3	11	4	6	6	157	8
SSTR4	0	0	0	0	0	0	0	0
THBD	7	0	3	1	2	1	7	1
CD93	1	0	0	2	0	0	2	0
NXT1	5655	121	1473	487	327	789	3899	251
GZF1	812	39	273	137	84	198	711	44
NAPB	536	38	196	136	86	221	490	58
CSTL1	0	0	0	0	0	0	0	0
CST11	1	0	0	0	0	0	2	0
CST8	0	0	0	0	0	0	0	0
CST9L	0	0	0	0	0	0	0	0
CST9	0	0	0	0	0	0	0	0
CST3	19458	582	5054	2343	1762	2578	16418	881
CST4	3	0	3	5	1	6	3	1
CST1	84	14	32	99	37	79	131	16
CST2	4	1	4	2	5	1	40	0
CST5	2	0	1	0	0	0	2	0
GGTLC1	0	0	0	0	0	0	0	0
SYNDIG1	107	25	65	65	19	28	109	27
CST7	0	0	0	1	0	0	0	0
APMAP	5168	136	1982	493	263	711	4708	200
ACSS1	139	2	8	3	6	8	28	5
VSX1	14	0	3	3	1	0	1	0
ENTPD6	1257	24	521	110	66	160	979	37
PYGB	1393	51	477	178	133	296	826	71
ABHD12	2512	131	820	465	287	567	1922	166
GINS1	2733	125	735	522	334	818	1668	259
NINL	1593	184	315	560	504	928	1229	288
NANP	744	26	145	92	58	115	501	45
ZNF337	824	65	226	262	182	350	548	135
DEFB115	0	0	0	0	0	0	0	0
DEFB116	0	0	0	0	0	0	0	0
DEFB118	0	0	0	0	0	0	0	0
DEFB119	0	0	0	0	0	0	0	0
DEFB121	0	0	0	0	0	0	0	0
DEFB123	0	0	0	0	0	1	0	0
DEFB124	0	0	0	0	1	0	0	0
REM1	0	0	7	1	2	2	2	2
HM13	6431	225	3327	919	520	1067	5499	369
MCTS2P	0	0	0	0	0	0	0	0
ID1	24031	1118	13265	5695	2065	3491	43640	965
COX4I2	32	0	55	1	1	9	73	0
BCL2L1	1474	78	701	242	261	416	1154	127
TPX2	14895	471	5458	1511	1126	2742	9337	863
MYLK2	15	0	13	3	1	0	3	3
FOXS1	13	0	14	3	0	0	40	1
DUSP15	283	11	229	49	33	72	263	21
TTLL9	38	9	13	49	72	87	48	15
PDRG1	3355	98	1780	341	177	522	2918	142
XKR7	8	6	10	16	5	9	6	3
CCM2L	113	4	64	11	5	14	183	5
HCK	2	1	6	3	1	3	22	3
TM9SF4	2210	123	1117	512	398	606	2053	200
PLAGL2	1730	61	950	208	134	339	1175	79
POFUT1	698	34	438	135	86	176	618	54
KIF3B	1873	91	994	387	258	526	1341	122
ASXL1	4195	270	1272	1092	814	1540	3309	540
NOL4L	1614	55	943	239	192	385	1129	111
C20orf203	5	10	4	9	13	15	9	7
COMMD7	7363	159	2162	762	652	1186	5461	297
DNMT3B	4223	72	2823	338	222	574	3636	150
MAPRE1	10193	250	3276	1064	656	1460	7710	384
EFCAB8	0	1	0	3	3	5	0	2
SUN5	0	0	0	0	0	0	0	0
BPIFB2	1	0	0	0	0	0	0	0
BPIFB6	0	0	0	0	0	0	0	0
BPIFB3	0	0	0	0	0	0	1	0
BPIFB4	1	0	1	0	1	1	2	0
BPIFA2	0	0	0	0	0	0	0	0
BPIFA3	0	0	0	0	0	0	0	0
BPIFA1	0	0	0	0	0	0	0	0
BPIFB1	1	1	1	1	1	0	0	0
CDK5RAP1	2549	90	866	342	237	481	1987	134
SNTA1	466	25	234	90	76	137	438	36
CBFA2T2	949	238	375	971	588	996	823	358
NECAB3	1088	29	472	89	71	142	918	46
C20orf144	12	0	5	1	0	2	9	0
ACTL10	3	1	20	8	2	6	57	3
E2F1	2788	55	651	220	154	364	1705	108
PXMP4	548	14	253	68	40	93	428	36
ZNF341	211	15	44	31	27	59	184	24
CHMP4B	3495	143	1359	550	421	747	2684	200
RALY	10979	348	3385	1474	980	1861	8292	700
EIF2S2	12901	585	4889	2203	1224	2885	10749	909
ASIP	3	13	21	64	27	91	15	30
AHCY	10386	172	3619	844	492	952	7516	339
ITCH	1320	256	451	926	730	1175	977	385
DYNLRB1	12770	382	5021	1606	1214	2022	10855	630
MAP1LC3A	1800	80	629	381	338	378	2453	101
PIGU	2256	138	677	534	371	743	1720	227
NCOA6	1990	196	491	774	556	1014	1217	324
TP53INP2	84	2	34	27	23	27	117	2
GGT7	979	85	301	367	257	531	1008	176
ACSS2	516	38	200	169	100	139	653	50
GSS	3432	131	1037	393	317	527	2143	162
MYH7B	38	1	3	4	5	6	21	1
TRPC4AP	2277	172	901	676	518	846	1864	270
EDEM2	1044	34	423	113	99	133	846	37
PROCR	133	17	213	44	27	60	270	17
MMP24OS	2591	92	1500	389	248	426	2663	125
MMP24	46	35	49	95	102	104	39	14
EIF6	10206	259	3610	945	625	1324	8090	367
FAM83C	0	0	0	0	0	0	0	0
UQCC1	1561	117	575	401	322	567	1334	152
GDF5OS	7	0	4	2	0	1	13	0
GDF5	37	5	11	16	21	18	88	7
CEP250	2142	67	442	243	150	346	1416	119
C20orf173	0	0	0	0	1	2	0	0
ERGIC3	9515	291	3564	975	684	1301	8858	439
SPAG4	306	11	213	72	33	55	1081	8
CPNE1	10404	366	3518	1320	729	1683	7968	626
RBM12	2428	61	798	215	184	437	1679	112
NFS1	975	38	340	97	62	148	928	47
ROMO1	15087	390	5738	1805	1121	1971	13323	627
RBM39	22290	694	6390	2822	2048	4403	16439	1275
PHF20	6650	294	2025	1233	870	1678	5126	506
SCAND1	14094	316	5660	1572	979	1861	12000	484
CNBD2	403	21	141	67	60	70	468	23
EPB41L1	867	51	402	204	127	221	670	84
AAR2	1142	38	406	160	98	204	837	70
DLGAP4	5065	184	1470	612	492	1115	3545	357
MYL9	3526	66	3986	963	298	266	6109	90
TGIF2	3208	130	1165	412	336	984	2115	202
RAB5IF	4992	329	1926	1338	757	1744	3697	504
SLA2	6	1	5	6	8	7	16	2
NDRG3	2236	85	669	260	197	476	1540	133
DSN1	3372	107	1148	451	317	766	1933	211
SOGA1	1662	85	560	294	252	460	1079	128
TLDC2	43	7	11	8	12	9	51	2
SAMHD1	602	31	638	115	74	158	384	45
RBL1	1357	184	360	653	564	1001	739	333
MROH8	170	41	57	123	87	151	118	49
RPN2	19256	494	6453	2259	1164	2611	14681	854
GHRH	244	6	25	33	1	21	132	8
MANBAL	5040	126	1421	507	254	711	3906	227
SRC	1102	44	199	130	71	194	625	61
BLCAP	3334	102	858	314	226	604	2029	170
NNAT	272	28	38	5214	1310	2395	694	107
CTNNBL1	5554	220	1853	827	561	1057	4734	379
VSTM2L	326	11	97	91	96	52	571	22
TTI1	2124	79	570	325	221	513	1376	138
RPRD1B	1571	93	434	374	233	543	1080	186
TGM2	35	0	23	1	4	4	24	7
KIAA1755	52	4	3	13	9	22	30	10
BPI	1	0	0	0	0	0	1	0
LBP	9	1	4	0	1	3	4	0
RALGAPB	1228	98	527	469	313	557	886	188
ADIG	0	0	0	1	0	0	0	0
ARHGAP40	8	0	1	1	1	2	16	0
SLC32A1	4	0	5	1	0	1	4	0
ACTR5	718	24	204	80	61	136	556	36
PPP1R16B	13	7	9	27	6	8	23	7
FAM83D	2293	62	750	242	147	354	1729	157
DHX35	644	66	216	247	179	359	442	109
MAFB	475	35	252	134	74	55	1707	22
TOP1	22573	709	6378	2830	1962	4020	16433	1185
PLCG1	1300	65	465	208	148	332	933	93
ZHX3	338	57	131	279	230	431	207	134
LPIN3	307	13	126	54	36	74	249	20
EMILIN3	713	18	106	58	34	60	417	27
CHD6	5287	337	1816	1319	1010	1867	4161	651
PTPRT	59	11	12	7	22	56	111	47
SRSF6	8306	160	2263	613	517	1501	5146	351
L3MBTL1	731	77	313	220	170	318	190	76
SGK2	20	12	8	41	23	45	7	9
IFT52	5083	165	1437	642	486	889	3860	285
MYBL2	6075	91	1612	460	252	555	3822	163
GTSF1L	0	0	0	0	0	0	0	0
TOX2	290	18	72	47	116	153	158	51
JPH2	2	5	5	27	6	6	5	4
OSER1	2252	71	1020	332	237	481	2107	130
GDAP1L1	180	7	91	28	68	74	127	13
FITM2	246	5	68	32	28	50	169	15
R3HDML	0	1	0	0	0	1	1	1
HNF4A	4	0	2	5	7	1	8	2
TTPAL	732	21	258	85	62	122	611	41
SERINC3	1657	67	993	236	168	325	1465	101
PKIG	5512	220	1464	858	621	1107	3845	356
ADA	1175	32	393	96	63	119	779	52
CCN5	6	0	2	2	2	4	8	5
KCNK15	12	0	10	3	0	5	12	1
RIMS4	261	4	57	4	15	45	135	14
YWHAB	32583	798	13166	3301	1930	4912	24222	1525
PABPC1L	586	30	188	127	52	180	410	38
TOMM34	1929	65	678	229	105	229	1615	76
STK4	3970	138	1279	600	402	814	2868	261
KCNS1	21	0	2	2	0	1	10	0
WFDC5	0	0	1	0	0	0	1	0
WFDC12	0	0	0	0	0	0	0	0
PI3	1	0	0	0	0	0	0	0
SEMG1	6	1	7	0	0	0	6	0
SEMG2	0	0	0	0	0	0	0	0
SLPI	3	0	1	0	1	0	8	1
MATN4	54	2	11	4	5	8	42	3
RBPJL	1	1	1	0	1	0	2	0
SDC4	1178	37	470	104	96	193	1115	45
SYS1	2411	76	792	269	206	439	1734	137
TP53TG5	6	11	1	33	22	37	5	15
DBNDD2	5	67	2	186	162	420	4	116
PIGT	3400	85	1388	357	188	318	3118	118
WFDC2	2737	133	1927	213	305	790	3300	189
SPINT3	0	0	0	0	0	0	0	0
WFDC6	0	0	0	0	0	0	0	0
EPPIN	1	0	0	0	0	0	3	0
WFDC8	0	0	0	0	0	0	1	0
WFDC9	0	0	0	0	0	0	0	0
WFDC10A	1	0	0	0	0	0	0	0
WFDC11	0	0	0	0	0	0	0	1
WFDC10B	4	1	0	1	2	1	1	1
WFDC13	0	0	0	0	0	0	0	0
SPINT4	0	0	0	0	0	0	0	0
WFDC3	12	4	10	12	9	21	46	4
DNTTIP1	3494	125	1171	432	316	677	2923	170
UBE2C	33549	733	9999	2316	1641	4440	23180	1635
TNNC2	111	8	104	14	15	32	148	5
SNX21	512	15	257	51	49	82	470	24
ACOT8	1110	48	496	138	91	187	1124	66
ZSWIM3	185	16	86	49	26	47	146	17
ZSWIM1	236	6	81	31	19	33	178	10
SPATA25	1	0	1	1	0	3	2	0
NEURL2	113	6	38	20	16	34	117	9
CTSA	1408	33	571	133	105	164	1258	43
PLTP	7051	239	2326	800	511	675	9655	299
PCIF1	1390	18	541	157	142	256	1055	57
ZNF335	595	29	168	129	79	114	411	37
MMP9	39	2	53	8	7	13	98	4
SLC12A5	752	25	267	81	136	138	464	42
NCOA5	1443	113	375	492	482	846	832	216
CD40	338	18	133	24	16	37	496	11
CDH22	10	4	6	11	9	15	26	4
SLC35C2	2602	95	796	355	253	526	2340	135
ELMO2	723	55	234	192	168	299	517	79
ZNF334	1367	87	408	223	199	369	947	111
OCSTAMP	5	0	0	3	2	0	11	1
SLC13A3	347	116	117	309	291	487	325	128
TP53RK	4566	109	1147	408	271	626	3115	155
SLC2A10	528	21	178	111	97	162	465	46
EYA2	60	16	59	80	63	54	71	23
ZMYND8	5368	296	2325	1083	634	1262	4017	589
NCOA3	1355	132	815	729	305	607	961	194
SULF2	827	90	247	260	372	183	1334	93
PREX1	1151	97	369	238	137	261	1200	153
ARFGEF2	579	102	295	394	260	504	416	132
CSE1L	8202	288	2539	1113	637	1601	5347	505
STAU1	7897	339	3238	1421	849	1915	5884	554
DDX27	4007	96	1639	381	248	526	3562	184
ZNFX1	372	29	137	85	66	116	303	37
KCNB1	177	22	60	54	71	82	105	29
PTGIS	924	50	321	165	151	394	649	82
B4GALT5	2487	109	1121	556	291	593	2169	184
SLC9A8	234	40	70	160	115	173	203	54
SPATA2	589	15	221	75	35	73	447	21
RNF114	4079	131	1621	435	295	665	3802	198
SNAI1	147	4	73	16	7	9	313	11
UBE2V1	861	402	334	1602	1081	2471	697	776
TMEM189	1357	49	517	181	117	244	1159	74
CEBPB	909	21	523	135	43	89	938	25
PTPN1	1946	126	889	515	283	519	1559	166
RIPOR3	36	5	25	28	24	38	41	18
PARD6B	1432	113	774	507	394	507	1363	168
BCAS4	1575	74	924	349	246	433	1623	128
ADNP	7585	488	1924	1897	1380	2695	5625	810
DPM1	5298	135	1644	532	327	709	3962	241
MOCS3	871	12	278	82	64	143	629	29
KCNG1	2111	60	203	184	144	198	2084	118
NFATC2	42	11	27	37	33	26	63	6
ATP9A	544	57	208	368	354	703	607	152
SALL4	5072	98	2887	624	231	972	3608	227
ZFP64	1243	66	379	293	223	429	1109	142
TSHZ2	1111	305	456	532	2243	1283	1553	332
ZNF217	1723	105	763	465	252	554	1432	165
BCAS1	4	1	3	1	4	3	5	2
CYP24A1	2	0	2	0	0	0	1	0
PFDN4	11157	324	4186	1007	723	1500	9568	511
DOK5	565	131	320	431	200	217	999	69
CBLN4	2	0	0	0	0	0	0	0
MC3R	0	0	0	0	0	0	0	0
FAM210B	3515	151	1363	554	424	834	2158	269
AURKA	5861	186	1992	542	345	950	4085	339
CSTF1	2596	69	835	277	168	425	2110	120
CASS4	2	0	0	3	1	2	0	2
RTF2	8796	271	2570	1062	774	1423	6766	436
GCNT7	2	5	0	30	26	38	2	12
FAM209A	8	1	4	5	6	6	2	4
FAM209B	24	0	10	3	1	6	21	0
TFAP2C	959	35	206	150	271	310	401	79
BMP7	4360	216	1571	1099	528	662	3738	401
SPO11	0	0	0	0	0	1	0	0
RAE1	5157	143	1551	565	378	831	3731	258
MTRNR2L3	11	0	3	0	1	0	7	0
RBM38	2244	37	816	160	98	246	1817	71
CTCFL	25	1	8	1	0	2	88	1
PCK1	2	0	1	2	0	0	8	0
ZBP1	1	0	0	1	0	0	1	0
PMEPA1	1778	53	372	150	185	327	1571	85
C20orf85	20	0	0	2	5	2	21	0
ANKRD60	0	0	0	0	0	1	0	1
RAB22A	2240	86	739	433	294	538	1743	159
VAPB	2806	119	1123	469	317	725	2597	200
APCDD1L	19	4	6	8	5	13	9	3
STX16	2571	192	1467	505	275	758	2049	235
NPEPL1	885	40	388	192	161	259	1034	73
GNAS	92491	2662	34410	10823	7237	14148	80887	4271
NELFCD	5434	125	1501	530	322	698	3656	185
CTSZ	2199	93	942	353	210	313	3305	97
TUBB1	3	0	3	7	4	9	6	5
ATP5F1E	59903	1564	18972	6629	4347	8105	48274	2346
PRELID3B	3485	109	1227	304	243	489	2774	181
ZNF831	2	0	0	0	0	1	4	0
EDN3	16	1	2	3	1	2	19	1
PHACTR3	202	3	18	26	54	136	121	34
SYCP2	13	0	3	14	15	17	28	3
FAM217B	1907	117	427	427	314	714	2541	192
PPP1R3D	175	15	29	57	40	57	261	21
CDH26	7	6	10	12	4	12	15	3
CDH4	68	203	12	630	1705	3046	47	622
TAF4	112	62	36	179	119	292	84	91
LSM14B	2413	67	1207	304	210	602	1788	122
PSMA7	49214	1338	15284	5616	3356	7348	35280	2471
SS18L1	952	63	282	170	155	341	710	106
MTG2	1216	64	357	245	151	266	812	85
HRH3	110	0	64	6	11	19	129	3
OSBPL2	1189	73	524	257	147	332	1053	82
ADRM1	9381	208	3557	883	489	1033	6908	333
LAMA5	736	22	367	115	69	121	735	34
RPS21	139255	3125	46107	10365	8059	19017	108466	5297
CABLES2	881	16	312	119	68	146	601	48
RBBP8NL	2	0	7	0	0	0	13	0
GATA5	22	1	17	0	1	5	7	0
SLCO4A1	217	6	81	9	8	22	118	13
NTSR1	5	0	1	1	2	0	11	0
MRGBP	3380	101	1082	339	234	492	2845	152
OGFR	1449	38	591	158	108	144	1123	53
COL9A3	1360	50	709	79	32	143	3275	33
TCFL5	1347	55	476	188	113	311	1033	86
DIDO1	2726	193	896	675	457	1007	2044	323
GID8	4359	136	1548	589	405	922	3546	240
SLC17A9	53	1	43	4	1	4	83	5
BHLHE23	0	0	0	0	0	0	0	0
YTHDF1	2984	71	1073	285	181	448	2385	128
BIRC7	51	0	93	1	1	5	27	1
NKAIN4	7329	206	2018	513	414	1420	3605	311
ARFGAP1	1188	26	472	108	73	153	1014	46
COL20A1	9	1	5	0	1	3	5	1
CHRNA4	60	7	13	9	12	18	75	2
KCNQ2	5714	143	631	272	515	1317	2911	342
EEF1A2	956	20	303	110	112	158	1980	64
PPDPF	36202	1165	14643	4422	3080	6811	32962	1692
PTK6	45	2	12	7	8	15	28	5
SRMS	0	0	0	0	0	0	0	0
FNDC11	214	8	76	21	20	36	217	12
HELZ2	345	12	138	21	28	40	312	13
GMEB2	633	46	225	177	130	248	559	89
STMN3	3259	46	354	93	169	302	1432	137
RTEL1	4	20	3	54	38	63	8	23
TNFRSF6B	0	4	0	4	1	7	0	4
ARFRP1	2090	51	717	175	121	234	1583	61
ZGPAT	49	61	20	250	158	300	38	89
LIME1	3	1	1	19	6	24	0	6
SLC2A4RG	5365	130	1293	491	339	651	4624	196
ZBTB46	151	31	141	125	74	174	148	51
ABHD16B	2	0	0	0	1	1	0	0
TPD52L2	3451	97	1437	335	211	612	3095	157
DNAJC5	849	48	267	227	152	257	750	80
UCKL1	1345	27	539	106	73	179	1084	43
ZNF512B	705	13	236	62	70	133	490	21
SAMD10	383	9	133	18	36	68	302	21
PRPF6	6284	197	2179	762	545	1120	4551	324
C20orf204	12	0	12	2	1	4	20	0
SOX18	11	0	6	2	0	0	24	0
TCEA2	5286	178	2012	677	597	1075	4553	272
RGS19	1265	22	442	97	58	121	1099	54
OPRL1	5	5	2	11	10	9	3	5
LKAAEAR1	90	0	22	4	3	10	71	4
MYT1	13	12	6	21	21	42	5	12
NPBWR2	0	0	0	0	0	0	0	0
PCMTD2	1244	77	546	268	226	632	876	154
OR4F17	0	0	0	0	0	1	0	0
PLPP2	163	3	198	12	10	17	391	0
MIER2	1141	28	415	135	122	194	835	53
THEG	0	0	1	0	0	0	0	0
C2CD4C	897	19	306	64	31	68	217	17
SHC2	1189	59	898	186	170	348	386	82
ODF3L2	23	1	13	6	1	5	6	1
MADCAM1	66	7	52	23	11	29	92	6
TPGS1	3843	85	1208	356	325	559	3505	135
CDC34	5851	156	2036	647	332	899	4749	292
GZMM	6	0	3	1	2	5	7	3
BSG	39316	1282	15112	4773	2239	5114	35013	1608
HCN2	13	0	9	5	3	7	20	3
POLRMT	1636	23	503	95	68	158	1256	42
FGF22	55	3	36	4	4	8	36	3
RNF126	4130	99	1431	348	244	492	3775	160
FSTL3	287	4	134	20	9	25	281	8
PRSS57	12	2	3	3	0	4	20	0
PALM	2176	64	565	274	194	368	1653	117
MISP	5	2	2	1	0	1	6	3
PTBP1	12583	237	4350	818	425	1273	10454	398
PLPPR3	7380	162	2239	612	594	929	6968	254
AZU1	25	5	35	18	24	17	25	8
PRTN3	7	3	1	12	4	9	17	4
ELANE	0	0	0	0	0	0	0	0
CFD	12	1	19	9	4	14	18	4
MED16	1132	52	365	263	172	370	1282	107
R3HDM4	1409	36	624	137	84	246	1464	63
KISS1R	248	1	61	10	7	30	324	4
ARID3A	3234	112	2947	342	139	296	3479	121
WDR18	6881	180	2477	435	295	829	5581	205
GRIN3B	48	6	30	17	12	20	113	9
TMEM259	4706	98	1748	237	195	466	4283	137
CNN2	6845	260	3757	1196	477	1055	7103	326
ABCA7	270	15	213	55	46	71	355	20
ARHGAP45	298	0	137	16	7	19	425	15
POLR2E	13270	306	4165	1188	644	1599	8701	474
GPX4	56695	1442	22824	5183	3689	7336	46120	2057
SBNO2	18	13	6	77	43	83	15	24
STK11	2618	54	846	186	122	317	2275	80
CBARP	769	13	275	56	38	79	538	24
ATP5F1D	24847	660	8755	2211	1849	3562	19415	1042
MIDN	8766	208	2840	856	563	1286	6917	368
CIRBP	34367	893	9453	2715	2958	5346	28810	1111
FAM174C	2923	74	1405	263	158	322	2901	91
EFNA2	2737	67	934	204	125	442	1266	121
PWWP3A	3219	80	1584	305	217	485	2695	124
NDUFS7	11734	341	4198	1217	745	1432	9344	437
GAMT	5981	148	3047	685	405	941	3983	214
DAZAP1	9619	185	3206	894	462	1245	6739	347
RPS15	256422	7361	83764	25548	20564	43941	178232	11758
APC2	653	38	100	63	83	217	183	57
C19orf25	3701	127	1269	379	263	535	2971	149
PCSK4	176	15	87	19	43	52	249	23
REEP6	832	44	513	121	74	113	807	39
ADAMTSL5	0	0	11	1	0	0	4	0
PLK5	16	1	13	4	4	4	18	0
MEX3D	3480	83	1156	251	176	473	2567	126
MBD3	4959	99	1210	370	279	657	3226	148
UQCR11	16287	553	6077	2506	1530	2947	12573	916
TCF3	9877	271	2878	1032	775	1891	7217	517
ONECUT3	8	1	7	3	0	3	6	0
ATP8B3	222	9	33	26	9	14	280	20
REXO1	1585	35	553	117	93	191	1182	64
KLF16	791	5	220	44	19	46	646	12
ABHD17A	1984	134	726	470	333	626	1598	194
SCAMP4	2731	74	908	310	202	380	2332	113
ADAT3	243	3	89	21	4	22	197	6
CSNK1G2	7212	142	2105	576	290	737	5212	224
BTBD2	2657	97	827	399	319	600	2477	168
MKNK2	2571	79	1191	360	210	480	2383	134
MOB3A	798	31	200	159	131	211	529	66
IZUMO4	148	3	47	10	10	22	133	6
AP3D1	5110	149	2266	434	299	560	4480	163
DOT1L	1326	56	430	183	129	314	890	76
PLEKHJ1	11370	281	3804	1057	803	1527	9230	494
SF3A2	3891	126	1171	358	303	622	3613	188
AMH	643	0	176	55	9	50	31	11
JSRP1	25	2	18	12	17	15	55	3
OAZ1	43795	1193	18218	4350	2638	5465	37452	1568
PEAK3	1	2	0	6	3	10	1	12
LINGO3	279	10	46	10	15	20	165	4
LSM7	34554	806	9736	3133	2031	4404	22723	1346
SPPL2B	1727	64	496	141	139	270	1421	81
TMPRSS9	11	9	7	27	21	32	16	11
TIMM13	19795	503	7401	1783	967	2385	16106	683
LMNB2	4498	110	1499	351	223	663	2934	178
GADD45B	295	15	185	34	10	19	726	20
GNG7	610	56	319	228	137	361	563	96
DIRAS1	855	15	111	35	59	132	473	31
SLC39A3	3365	67	1013	313	222	459	2895	135
SGTA	3825	109	1232	281	192	513	3222	135
THOP1	2817	55	721	222	191	358	1724	96
ZNF554	251	11	123	38	31	58	231	18
ZNF555	231	11	167	62	46	77	352	27
ZNF556	7	1	10	6	4	4	5	1
ZNF57	148	10	109	35	25	44	246	11
ZNF77	121	12	141	69	57	105	344	25
TLE6	8	2	9	6	9	18	16	2
TLE2	22	3	48	5	6	9	29	1
TLE5	7521	263	3080	817	627	1393	5546	367
GNA11	967	18	333	96	58	132	623	36
GNA15	1	0	4	2	1	6	1	0
S1PR4	0	0	0	0	0	0	0	0
NCLN	1201	37	501	164	107	172	989	57
CELF5	1799	57	529	228	228	473	1105	114
NFIC	994	22	337	54	60	169	600	34
SMIM24	103	2	295	17	13	20	223	1
AC005551.1	0	0	0	0	0	0	0	0
DOHH	1262	27	414	114	66	144	1026	47
FZR1	1318	37	410	94	78	170	1018	71
MFSD12	1356	50	742	214	120	187	1749	62
C19orf71	0	0	0	3	5	18	0	5
HMG20B	5425	150	1929	445	378	839	4732	256
GIPC3	8	0	4	1	0	0	9	0
TBXA2R	6	0	5	1	0	0	20	1
CACTIN	883	28	270	75	40	85	662	32
PIP5K1C	1180	32	546	141	100	216	848	61
TJP3	173	8	240	44	30	47	300	10
APBA3	422	19	180	40	37	64	386	18
MRPL54	7282	167	2200	600	468	924	5486	247
RAX2	0	0	2	1	0	0	3	0
MATK	268	6	202	14	5	26	278	4
ZFR2	1344	46	521	354	220	326	1550	72
ATCAY	436	13	476	65	113	233	370	43
NMRK2	376	8	872	33	26	32	478	11
DAPK3	2250	135	889	785	683	872	2208	137
EEF2	57271	1492	26023	5012	4146	9306	48921	2208
PIAS4	1695	30	696	177	120	297	1258	74
ZBTB7A	1602	43	664	151	96	233	1239	78
MAP2K2	16099	454	5945	1754	1111	2284	13117	695
CREB3L3	4	0	2	1	2	6	3	4
SIRT6	1402	35	435	172	96	186	990	74
ANKRD24	25	1	23	8	11	15	52	3
EBI3	4	0	16	2	1	1	9	0
YJU2	1960	38	587	174	115	270	1474	80
SHD	107	7	37	14	13	37	164	7
TMIGD2	58	2	33	20	5	7	107	2
FSD1	4309	105	1254	437	327	644	3312	194
STAP2	594	28	434	148	99	164	633	35
MPND	2408	62	826	267	167	342	1942	72
SH3GL1	3595	104	1406	413	289	500	3087	159
CHAF1A	8319	170	2420	765	473	1160	5158	273
UBXN6	1433	26	452	108	119	233	1185	65
HDGFL2	9517	259	3489	1086	662	1510	7658	413
PLIN4	17	2	12	7	4	19	16	1
PLIN5	862	35	173	77	95	311	434	46
LRG1	18	0	6	1	1	2	26	1
SEMA6B	880	14	534	99	79	91	856	24
TNFAIP8L1	802	32	240	55	64	127	651	45
MYDGF	8231	247	3419	877	471	1072	7399	345
DPP9	1027	26	350	135	94	160	755	50
FEM1A	964	15	333	61	37	107	721	22
TICAM1	57	1	31	4	9	13	50	3
PLIN3	5637	188	2299	710	392	739	5330	239
ARRDC5	0	0	0	0	1	1	0	0
UHRF1	4385	108	822	482	321	923	2419	224
KDM4B	2173	135	656	594	415	719	2057	219
PTPRS	862	383	419	1663	1206	2184	696	615
ZNRF4	3	0	4	0	0	0	3	0
TINCR	214	11	166	67	30	39	174	26
SAFB2	4863	98	1620	455	308	593	3618	183
SAFB	10748	271	3107	1185	793	1756	7731	382
RPL36	172023	4020	60180	14226	9946	21102	134301	5657
MICOS13	6399	147	2064	589	386	788	6030	256
HSD11B1L	2515	84	1144	299	207	408	2335	130
LONP1	3038	63	1104	321	142	358	2704	118
CATSPERD	4	7	0	11	5	3	2	6
PRR22	103	0	61	4	4	10	68	2
DUS3L	880	14	236	103	52	100	595	32
NRTN	638	18	179	58	22	65	551	24
FUT6	8	4	5	8	10	9	9	2
FUT3	0	5	5	4	2	3	7	0
FUT5	2	2	0	1	1	2	4	0
NDUFA11	17972	850	5967	3322	2108	4474	12864	1296
VMAC	190	18	97	63	30	67	203	21
CAPS	95	4	54	22	19	22	150	2
RANBP3	2260	97	710	309	189	397	1719	105
RFX2	1515	192	278	710	633	1094	1086	289
ACSBG2	3	6	0	41	26	55	0	9
MLLT1	2790	85	674	315	329	458	2958	111
ACER1	0	2	0	2	2	0	1	2
CLPP	7065	158	2350	714	454	979	5861	292
ALKBH7	12693	451	5024	1612	1420	2618	12901	661
PSPN	109	3	42	16	15	12	93	4
GTF2F1	3837	137	1311	524	402	753	3426	175
KHSRP	6622	181	2388	629	439	1055	4420	290
SLC25A41	68	5	20	19	16	24	52	3
SLC25A23	2241	73	637	366	319	426	1555	134
CRB3	83	0	158	9	7	7	142	2
DENND1C	20	1	20	1	5	3	67	1
TUBB4A	800	26	389	82	109	177	552	46
TNFSF9	56	5	103	7	5	17	85	3
CD70	15	1	87	3	3	9	17	7
TNFSF14	0	0	0	0	0	0	0	1
C3	10	2	18	7	4	2	15	4
GPR108	1727	37	666	160	157	210	1000	59
TRIP10	938	36	400	93	52	134	1105	38
SH2D3A	52	2	52	8	6	9	90	4
VAV1	2	1	17	1	0	4	7	0
ADGRE1	0	1	0	0	0	2	0	0
MBD3L2B	0	0	0	0	0	0	0	0
MBD3L5	0	0	0	0	0	0	0	0
MBD3L4	0	0	0	0	0	0	0	0
MBD3L2	0	0	0	0	0	0	0	0
MBD3L3	0	0	0	0	0	0	0	0
ZNF557	546	16	231	115	73	155	445	34
INSR	1466	105	728	370	303	614	1000	161
AC119396.1	0	6	0	13	16	23	1	2
ARHGEF18	466	57	157	215	145	282	334	67
PEX11G	218	17	124	24	38	71	149	24
TEX45	10	2	7	10	3	7	26	4
ZNF358	4688	108	1379	434	398	625	3313	167
MCOLN1	922	25	395	83	72	130	736	38
PNPLA6	878	23	509	122	68	130	835	17
CAMSAP3	413	19	211	91	54	108	385	30
XAB2	1987	42	666	171	108	246	1704	73
PET100	6918	350	2150	1316	853	1782	4904	482
PCP2	2	1	2	2	2	2	12	2
STXBP2	792	31	480	129	45	126	1143	27
RETN	0	0	1	0	0	0	0	0
MCEMP1	0	0	2	0	0	0	1	0
TRAPPC5	214	556	107	2317	1376	2314	201	847
FCER2	4	0	2	2	1	1	0	0
CLEC4G	2	0	5	0	1	0	7	1
CD209	0	0	0	0	0	0	0	0
CLEC4M	0	0	0	0	0	0	0	0
EVI5L	358	22	233	90	67	110	374	22
PRR36	2070	49	490	174	137	236	1405	79
LRRC8E	21	1	14	1	3	9	31	3
MAP2K7	2684	64	807	150	118	287	1895	79
TGFBR3L	59	3	57	24	11	13	282	2
SNAPC2	1627	49	655	154	94	207	1467	77
CTXN1	16277	349	3003	1562	1179	2297	10265	609
TIMM44	3251	64	1127	365	195	465	2375	161
ELAVL1	13929	373	4454	1612	986	2125	10135	639
CCL25	7	3	11	3	2	8	13	3
FBN3	590	67	337	216	206	337	496	125
CERS4	1850	99	1290	403	297	456	2132	120
CD320	10043	171	2188	577	233	744	7310	357
NDUFA7	1197	365	523	1261	801	1724	1002	521
RPS28	106053	5018	40924	18175	13366	28973	83393	7067
KANK3	37	6	30	11	13	16	59	10
ANGPTL4	189	16	187	54	32	51	629	20
RAB11B	5673	150	1985	449	333	615	4737	198
MARCH2	900	42	428	198	141	224	793	64
HNRNPM	49804	914	14750	3998	2522	6572	35938	1545
PRAM1	34	4	10	16	13	20	27	11
ZNF414	2460	48	759	165	175	316	1717	73
MYO1F	61	29	87	100	38	82	144	11
ADAMTS10	286	17	140	97	82	107	220	32
LINC01862	0	1	0	1	0	0	0	1
ACTL9	0	0	0	0	0	0	0	0
OR2Z1	0	0	0	1	0	0	0	0
ZNF558	8	1	218	58	32	49	260	2
MBD3L1	0	0	0	2	0	1	0	0
MUC16	3	0	7	0	0	3	1	1
OR1M1	0	0	0	0	1	0	0	0
OR7G2	0	0	0	0	0	2	0	0
OR7G1	0	0	0	0	0	0	0	0
OR7G3	0	0	0	0	0	0	0	0
ZNF317	552	26	163	106	85	137	367	35
OR7D2	3	0	0	3	3	0	30	1
OR7D4	0	0	0	2	0	0	0	0
OR7E24	0	0	0	0	0	0	0	1
ZNF699	248	15	109	54	52	65	217	33
ZNF559	642	63	373	229	121	220	750	78
ZNF177	7	19	6	85	34	67	13	34
ZNF266	609	41	199	133	112	207	491	57
ZNF560	19	1	46	5	2	22	5	1
ZNF426	2000	64	804	235	182	345	1554	76
ZNF121	2102	135	902	326	190	567	1365	124
ZNF561	1446	57	619	278	158	289	1272	86
ZNF562	1281	64	592	345	264	563	1027	91
ZNF846	239	49	126	124	143	170	297	51
FBXL12	2252	75	750	281	162	339	1971	98
UBL5	41451	1063	14470	4471	2843	5445	33218	1650
PIN1	12769	337	4608	1309	859	1706	9448	511
OLFM2	1603	84	1133	293	323	288	2512	98
COL5A3	26	4	25	17	19	6	52	0
RDH8	5	0	21	1	1	0	5	0
SHFL	156	4	114	21	13	19	253	2
ANGPTL6	12	0	7	0	0	1	25	1
PPAN	2356	63	728	246	133	350	1695	103
P2RY11	110	3	34	8	15	27	100	8
EIF3G	17055	474	5923	1776	1292	2525	14889	692
DNMT1	17489	400	4654	1521	898	1980	11641	646
S1PR2	558	15	205	48	34	92	540	20
MRPL4	8212	194	2576	731	508	995	6550	316
ICAM1	23	0	44	3	0	2	139	0
ICAM4	11	0	11	4	1	1	68	2
ICAM5	8	0	7	0	1	2	68	1
ZGLP1	95	1	62	4	7	19	88	4
FDX2	827	65	279	306	194	428	660	125
RAVER1	142	51	45	257	144	400	98	105
ICAM3	457	17	214	63	20	74	524	16
TYK2	509	25	216	76	58	111	495	30
CDC37	10139	237	3670	853	470	1174	8114	351
PDE4A	254	18	166	30	31	69	232	18
KEAP1	2393	54	760	235	132	316	1529	91
S1PR5	5	0	7	1	0	1	10	0
ATG4D	1611	53	611	179	133	223	1343	66
KRI1	1495	34	516	147	88	211	1205	72
CDKN2D	1070	49	304	143	89	152	1178	57
AP1M2	351	4	758	14	19	32	709	9
SLC44A2	1608	98	768	277	216	378	1852	101
ILF3	25672	700	7582	2380	1517	3860	16997	997
QTRT1	4356	79	1010	249	163	446	2663	154
DNM2	1923	97	826	428	254	442	1684	151
TMED1	4626	135	1426	410	206	550	4183	142
C19orf38	9	4	9	11	7	8	26	8
CARM1	3666	86	1437	327	198	491	3040	136
YIPF2	1563	81	689	218	130	240	2040	72
TIMM29	2341	72	812	277	182	371	1768	98
SMARCA4	17123	426	5912	1638	1154	2253	12410	701
LDLR	3718	87	564	470	272	598	2348	171
SPC24	3080	81	899	217	163	398	1784	106
KANK2	1035	21	428	97	49	119	818	25
DOCK6	314	29	180	97	43	75	336	34
ANGPTL8	4	2	2	1	1	0	1	0
TSPAN16	0	0	0	2	3	2	2	3
RAB3D	431	22	148	66	85	105	438	21
TMEM205	3751	107	1705	463	298	523	4074	160
CCDC159	230	20	128	50	38	50	254	13
PLPPR2	194	7	130	25	29	40	194	17
SWSAP1	665	17	268	55	62	101	605	26
EPOR	447	22	320	74	37	67	837	28
RGL3	47	4	77	17	13	13	201	4
CCDC151	301	13	135	48	43	20	630	8
PRKCSH	5999	159	2406	546	355	694	6353	168
ELAVL3	811	17	69	36	124	199	370	88
ZNF653	361	18	112	46	45	63	281	16
ECSIT	2936	86	877	294	236	549	2132	145
CNN1	128	7	161	43	10	8	208	7
ELOF1	4945	122	1729	485	272	627	4066	180
ZNF627	702	55	246	192	170	341	555	56
ACP5	98	0	141	5	4	6	92	3
ZNF823	349	34	123	98	83	135	313	47
ZNF441	246	22	73	99	67	98	219	19
ZNF491	110	27	42	89	112	117	68	22
ZNF440	272	36	99	105	93	142	216	39
ZNF439	952	20	124	4	11	144	177	71
ZNF69	843	95	206	358	293	514	461	143
ZNF700	295	39	103	174	128	239	231	45
ZNF763	83	15	49	31	35	58	119	15
ZNF433	230	34	76	89	90	153	188	28
ZNF878	44	11	24	31	18	30	43	19
ZNF844	446	48	108	126	160	250	95	76
ZNF20	87	53	39	160	131	216	109	76
ZNF625	871	126	304	405	373	669	688	123
ZNF136	1044	29	349	148	129	212	821	55
ZNF44	587	73	224	194	175	353	514	95
ZNF563	218	14	97	37	21	49	221	8
ZNF442	191	22	56	67	52	86	151	29
ZNF799	340	11	122	53	45	60	240	29
ZNF443	454	14	154	63	48	104	361	33
ZNF709	132	75	42	399	312	490	76	109
ZNF564	236	37	70	132	103	192	182	39
ZNF490	232	41	76	164	113	191	156	52
ZNF791	2391	91	838	363	234	375	2006	121
MAN2B1	274	35	69	165	125	149	210	58
WDR83	1599	73	606	208	138	313	1521	82
WDR83OS	268	689	66	2613	1964	4022	230	1003
DHPS	1699	194	511	486	426	808	1268	266
GNG14	0	0	1	0	0	0	1	0
FBXW9	1830	45	419	195	131	274	1639	80
TNPO2	1447	72	555	222	160	369	1005	112
TRIR	24935	618	8000	2437	1889	3637	17951	1056
GET3	6362	121	2399	576	384	871	4939	281
BEST2	5	0	2	1	2	2	27	1
HOOK2	1566	50	962	262	225	486	1581	132
JUNB	2245	68	540	348	155	275	2232	45
PRDX2	92307	2493	29265	9236	7940	15913	64250	4196
THSD8	2	1	2	2	4	6	1	2
RNASEH2A	742	11	236	57	48	115	555	37
RTBDN	5	0	24	0	0	1	14	0
MAST1	426	27	135	101	112	197	332	66
DNASE2	962	49	802	168	136	242	1522	69
KLF1	23	0	11	0	1	1	21	0
GCDH	2920	88	915	248	147	424	2000	130
SYCE2	237	23	74	60	62	101	246	41
FARSA	3835	77	1531	312	198	440	3292	123
CALR	49692	1216	21733	4549	2381	5129	48350	1616
RAD23A	9395	262	3051	981	649	1336	7607	421
GADD45GIP1	21779	558	7295	2104	1330	2791	18057	821
DAND5	18	0	5	1	3	3	18	1
NFIX	39	1	18	11	6	29	39	5
LYL1	56	0	36	18	5	27	69	1
TRMT1	2567	42	727	162	107	282	2092	70
NACC1	2204	52	903	196	98	281	1697	82
STX10	3356	70	937	253	238	468	2211	130
IER2	21138	542	3474	2611	1479	2786	15569	522
CACNA1A	1616	127	667	634	598	865	1340	254
CCDC130	2388	103	658	387	256	484	1739	128
MRI1	1162	30	412	106	90	173	856	25
C19orf53	20974	552	6742	2261	1462	2913	16046	768
ZSWIM4	646	48	269	153	113	196	599	58
NANOS3	81	7	12	21	31	56	92	11
C19orf57	342	9	106	31	30	56	294	13
CC2D1A	947	26	334	103	87	122	750	39
PODNL1	94	3	51	15	25	13	115	9
DCAF15	3422	97	1115	385	282	549	2812	171
RFX1	1397	45	407	151	131	256	907	66
RLN3	0	0	1	0	0	0	3	1
IL27RA	427	5	83	49	63	87	323	13
PALM3	488	12	183	59	58	109	403	11
MISP3	255	23	124	41	58	43	459	8
C19orf67	2	0	13	0	1	0	7	0
SAMD1	4057	87	1291	362	275	560	2831	154
PRKACA	1636	82	637	287	141	351	1380	91
ASF1B	3386	73	1085	312	151	390	2124	143
ADGRL1	2182	85	1104	247	232	409	1815	116
ADGRE5	81	4	30	11	13	22	160	4
DDX39A	8718	179	3157	629	401	914	5609	293
PKN1	6611	132	2006	549	435	789	5218	226
PTGER1	19	2	32	2	2	2	20	1
GIPC1	5128	138	2301	653	458	804	4339	213
DNAJB1	3856	105	1311	424	209	559	3212	174
TECR	10394	406	3505	1625	898	1921	9837	623
NDUFB7	18406	543	7107	1925	1416	2616	15109	687
CLEC17A	0	0	0	1	1	0	0	0
ADGRE3	0	2	0	2	0	7	0	0
ZNF333	223	50	153	132	105	198	455	46
ADGRE2	5	1	16	5	3	8	20	1
OR7C1	2	0	2	1	2	1	3	1
OR7A5	0	0	0	0	0	0	0	0
OR7A10	0	0	0	1	1	0	0	0
OR7A17	1	0	0	2	0	0	0	0
OR7C2	0	0	0	0	0	0	0	0
SLC1A6	1844	52	797	167	150	351	1311	46
CCDC105	3	2	0	8	1	4	2	3
CASP14	0	0	0	0	0	0	0	0
OR1I1	3	1	1	2	2	0	1	0
SYDE1	564	10	142	64	30	83	534	25
ILVBL	2860	60	881	228	144	345	2548	99
NOTCH3	3202	95	1100	451	285	655	2363	164
EPHX3	273	3	167	29	20	26	350	13
BRD4	9638	331	3375	1254	787	1549	7161	459
AKAP8	2083	73	718	285	185	326	1663	102
AKAP8L	5271	245	2045	964	670	1181	4782	305
WIZ	2321	35	654	183	146	339	1539	80
RASAL3	8	1	11	0	1	2	10	0
PGLYRP2	1	0	2	0	1	0	0	1
CYP4F22	0	0	8	1	2	3	0	0
CYP4F8	0	0	0	0	1	0	0	0
CYP4F3	1	0	0	0	0	0	0	0
CYP4F12	0	0	0	1	1	1	0	0
OR10H2	0	0	0	0	0	0	0	0
OR10H3	0	0	0	0	0	0	0	0
OR10H5	1	0	0	0	0	1	2	0
OR10H1	2	0	1	0	0	0	0	0
CYP4F2	0	0	0	0	0	0	0	0
CYP4F11	0	0	0	0	1	0	0	0
OR10H4	0	0	0	0	0	0	0	0
TPM4	18771	637	9031	2417	1360	3484	14815	784
RAB8A	6642	152	1973	572	458	1055	4863	256
HSH2D	3	1	3	10	5	6	12	1
CIB3	2	0	0	1	0	2	2	0
FAM32A	7943	182	3273	867	593	1295	6450	284
AP1M1	2492	71	728	335	210	543	2065	170
KLF2	33	0	38	7	1	3	104	0
EPS15L1	1465	97	441	401	348	570	1029	161
CALR3	8	1	0	5	4	10	4	2
C19orf44	352	22	88	58	45	84	237	17
CHERP	2365	50	662	227	152	338	1597	101
SLC35E1	2052	50	778	175	136	318	1785	57
MED26	538	20	161	123	75	115	413	48
SMIM7	8557	284	2723	884	610	1529	6480	379
TMEM38A	148	28	141	69	44	80	236	24
NWD1	3	3	3	9	8	11	3	5
SIN3B	1226	56	473	253	199	358	1008	90
F2RL3	12	1	5	2	1	2	5	0
CPAMD8	292	44	311	114	100	232	207	67
HAUS8	2313	44	612	258	193	415	1612	128
MYO9B	1648	122	469	441	268	658	1150	228
USE1	2067	79	741	206	155	353	1834	90
OCEL1	1116	35	461	91	67	103	1294	46
NR2F6	9433	240	3859	915	477	992	8526	342
USHBP1	36	16	16	43	43	71	29	29
BABAM1	5222	158	2336	555	428	988	4205	232
ANKLE1	149	8	89	9	12	24	159	15
ABHD8	1079	54	376	221	99	245	1023	65
MRPL34	6657	238	3197	793	412	822	6137	298
DDA1	3253	96	1440	386	229	514	2738	151
ANO8	631	21	164	45	55	110	476	25
GTPBP3	1707	64	824	167	73	208	1500	81
PLVAP	7	2	1	2	2	2	3	2
CCDC194	8	0	10	6	0	5	5	2
BST2	8320	160	9662	1440	422	903	8600	299
MVB12A	3818	113	1366	451	305	662	3896	184
TMEM221	209	8	44	46	45	52	150	17
NXNL1	0	1	0	4	1	1	6	3
SLC27A1	460	29	185	92	94	134	367	44
PGLS	14906	552	6249	1741	1312	2612	12387	689
NIBAN3	8	5	8	13	7	11	14	5
COLGALT1	2091	49	678	273	136	469	1760	93
UNC13A	110	0	131	8	6	18	118	7
MAP1S	2167	51	827	225	165	282	1575	72
FCHO1	641	30	276	138	63	128	528	50
B3GNT3	0	0	4	1	0	0	8	0
INSL3	46	1	54	16	8	17	110	3
JAK3	84	18	133	32	11	28	138	4
RPL18A	257469	8433	107157	26362	19733	41223	225766	12076
SLC5A5	3	0	9	0	2	4	1	1
CCDC124	8533	248	2855	1005	667	1364	6347	411
KCNN1	448	29	86	70	101	177	281	42
ARRDC2	58	2	37	6	5	8	169	1
IL12RB1	0	1	0	1	0	0	0	0
MAST3	281	15	129	55	53	89	190	23
PIK3R2	157	50	55	201	143	310	107	80
IFI30	9	8	9	13	9	27	98	14
MPV17L2	1509	37	675	107	65	211	1166	56
RAB3A	427	5	169	37	31	45	560	19
PDE4C	1	3	2	9	5	8	0	2
AC008397.1	0	0	1	2	0	0	1	1
IQCN	38	10	49	31	24	35	34	16
JUND	23423	685	7908	3127	2147	3834	19203	1012
LSM4	44479	1169	13693	4302	2689	6289	33281	1944
PGPEP1	497	15	314	59	52	104	383	25
GDF15	215	26	193	90	15	34	430	27
LRRC25	9	1	3	1	1	0	16	0
SSBP4	8574	275	2462	867	551	995	7195	347
ISYNA1	15482	481	5418	1721	679	1444	13996	612
ELL	369	15	132	87	57	112	275	26
FKBP8	13237	390	5223	1590	987	1788	11855	568
KXD1	4882	111	2076	393	275	575	4627	173
UBA52	122326	2949	42921	10493	7914	16459	86639	4824
CRLF1	144	10	115	23	12	24	151	8
REX1BD	10585	249	3982	1044	616	1310	8884	370
TMEM59L	488	16	396	40	54	105	645	23
KLHL26	338	10	96	40	27	58	281	27
CRTC1	948	65	330	304	171	347	650	107
COMP	16	0	11	2	6	6	16	4
UPF1	1638	67	641	205	135	295	1226	89
CERS1	1185	24	520	63	52	107	1154	30
GDF1	0	0	0	0	0	1	1	0
COPE	19488	608	7817	2348	1666	3243	16837	876
DDX49	2909	77	771	322	174	376	2101	105
HOMER3	7311	163	2842	683	540	1158	4997	220
SUGP2	6219	196	2174	815	523	1096	4153	301
ARMC6	2386	51	724	191	92	261	1598	78
SLC25A42	423	17	204	115	97	146	311	47
TMEM161A	2558	88	864	334	184	403	2564	113
MEF2B	10	26	3	69	64	93	9	36
BORCS8	1859	42	601	203	147	247	1223	70
RFXANK	5310	131	1919	470	386	738	4364	186
NR2C2AP	1267	28	310	76	29	116	955	34
NCAN	288	5	125	59	67	94	251	25
HAPLN4	259	5	137	39	22	66	308	5
TM6SF2	103	3	71	26	31	58	105	11
SUGP1	1528	59	470	265	184	325	990	82
MAU2	1430	69	475	279	204	377	1046	88
GATAD2A	3771	200	1190	779	434	1056	2944	289
TSSK6	13	1	3	13	6	10	8	2
NDUFA13	10787	1592	4103	6436	4420	8208	7882	2328
YJEFN3	711	24	286	100	55	96	734	30
CILP2	56	1	12	6	14	10	86	6
PBX4	303	59	93	198	234	292	301	90
LPAR2	2003	37	501	134	109	302	1604	63
GMIP	246	11	87	31	28	38	223	13
ATP13A1	1016	21	388	85	46	121	867	31
ZNF101	489	18	226	76	55	97	422	28
ZNF14	509	32	180	139	91	188	404	70
ZNF506	370	108	388	391	154	618	87	129
ZNF253	2084	174	628	643	521	1135	1300	272
ZNF93	2570	141	1062	906	573	1038	1984	256
ZNF682	1865	191	570	574	489	1022	1261	276
ZNF90	2088	93	823	469	263	629	1619	182
ZNF486	681	50	270	175	139	289	482	77
ZNF737	1024	58	374	222	174	382	752	65
ZNF626	1974	190	739	577	433	1038	1713	264
ZNF66	829	143	329	526	411	890	521	182
ZNF85	55	87	48	387	332	604	33	159
ZNF430	2040	88	735	383	302	599	1281	128
ZNF714	5421	296	1922	1120	446	1630	2510	369
ZNF431	2801	178	1013	598	470	942	1950	198
ZNF708	1570	172	609	637	529	1039	1312	250
ZNF738	6761	279	2505	1068	834	1735	4728	503
ZNF493	1499	84	542	269	213	420	678	102
ZNF429	1436	94	607	435	331	633	785	108
ZNF100	299	108	95	428	348	746	183	179
ZNF43	1298	294	416	1208	930	1875	926	449
ZNF208	7	145	236	13	3	8	6	0
ZNF257	1	24	0	5	3	1	0	0
ZNF676	1	1	0	328	2	6	1	0
ZNF729	0	0	0	1	0	0	0	0
ZNF98	1	0	0	4	3	5	1	1
ZNF492	49	0	2	3	0	3	46	4
ZNF99	0	0	0	2	0	4	1	0
ZNF723	0	0	0	7	1	2	0	1
ZNF728	3	0	62	0	0	0	1	1
ZNF730	1629	240	486	1227	579	1427	1245	381
ZNF724	1312	77	418	308	227	577	925	133
ZNF91	3030	209	1136	799	574	1345	2478	354
ZNF675	1389	105	570	201	249	531	1245	164
ZNF681	965	47	426	138	159	346	525	66
ZNF726	23	61	182	105	6	385	13	77
ZNF254	2798	252	914	956	779	1454	2053	371
UQCRFS1	7309	430	4688	1824	1342	2549	11468	752
VSTM2B	31	2	21	4	6	10	75	4
POP4	2629	86	885	277	157	337	2156	117
PLEKHF1	153	2	110	30	10	23	178	12
C19orf12	2252	81	723	262	205	462	1370	119
CCNE1	1779	36	881	141	61	206	1249	70
URI1	9428	433	2885	1465	1147	2793	6811	683
ZNF536	861	175	151	484	864	1585	225	320
TSHZ3	50	10	36	31	57	69	111	14
ZNF507	1103	58	428	202	182	381	805	87
DPY19L3	1244	140	442	521	324	709	946	201
PDCD5	21417	500	6094	2029	1365	2989	15165	869
ANKRD27	566	43	258	183	95	163	429	47
RGS9BP	19	0	21	10	4	0	15	1
NUDT19	339	10	183	67	67	96	231	14
TDRD12	13	1	18	3	4	5	23	1
SLC7A9	11	4	8	14	14	26	7	6
CEP89	2562	129	645	469	311	703	2017	223
FAAP24	666	20	245	73	56	109	554	29
RHPN2	439	40	251	168	76	149	378	46
GPATCH1	1072	41	296	181	100	201	732	62
WDR88	0	9	0	21	28	34	0	9
LRP3	2810	16	759	63	48	89	1562	23
SLC7A10	47	1	66	12	2	5	62	0
CEBPA	122	0	62	11	10	19	106	5
CEBPG	2850	100	1026	446	272	683	1914	172
PEPD	5233	149	2532	610	363	710	4163	224
CHST8	80	7	95	18	26	23	58	13
KCTD15	1023	27	316	138	95	151	695	62
LSM14A	4214	539	1586	2270	1513	2923	3560	797
KIAA0355	343	110	149	425	288	536	322	186
GPI	8384	217	2882	897	489	1307	9489	389
PDCD2L	1299	44	541	141	109	211	1330	65
UBA2	17609	573	5655	1958	1288	3006	13442	781
WTIP	1742	47	431	287	153	206	1717	76
SCGB2B2	4	34	1	86	102	348	0	107
ZNF302	3353	159	1290	533	469	1000	2005	246
ZNF181	760	20	258	76	90	139	568	33
ZNF599	470	17	255	76	50	104	502	32
ZNF30	419	24	122	69	62	104	306	37
ZNF792	198	2	63	18	8	21	119	7
GRAMD1A	2796	69	1113	268	173	342	2388	84
SCN1B	119	2	124	7	7	17	75	5
HPN	57	7	126	21	13	16	142	4
FXYD3	13	1	10	12	0	5	17	4
LGI4	46	6	49	27	17	11	107	3
FXYD1	395	9	359	121	74	47	954	16
FXYD7	160	3	166	22	18	41	175	10
FXYD5	1263	26	1230	81	32	119	2147	36
FAM187B	0	0	0	1	0	0	1	0
LSR	2795	88	1420	251	192	398	3236	105
USF2	4308	112	1690	452	325	678	3195	157
HAMP	5	0	0	1	0	0	4	0
MAG	1	0	1	1	0	0	0	0
CD22	6	1	1	0	0	1	6	0
FFAR1	0	1	0	0	0	0	1	0
FFAR3	0	0	0	0	0	0	0	0
GPR42	0	0	0	0	0	0	0	0
FFAR2	1	0	0	1	0	0	1	0
KRTDAP	10	2	9	4	1	6	53	1
DMKN	3429	75	2386	256	205	410	4925	106
SBSN	9	0	2	2	0	2	9	1
GAPDHS	2	0	3	1	0	1	6	0
TMEM147	15165	369	5285	1435	876	1669	12731	441
ATP4A	5	2	6	11	1	6	8	1
PMIS2	0	0	0	1	0	0	2	0
HAUS5	1485	63	438	172	159	306	976	71
RBM42	4494	114	1858	545	231	670	3678	175
ETV2	224	7	108	17	24	42	238	10
COX6B1	33738	975	13701	3787	2567	4823	29612	1440
UPK1A	34	3	52	9	5	14	90	3
ZBTB32	2	8	0	13	18	19	2	9
KMT2B	3408	76	982	232	215	335	2535	112
IGFLR1	106	16	25	57	48	128	69	28
U2AF1L4	903	36	462	120	64	170	784	42
PSENEN	5340	187	1964	818	514	853	5165	231
LIN37	59	30	15	91	71	122	51	45
HSPB6	61	3	32	24	9	17	152	1
PROSER3	1298	37	189	149	117	190	823	53
ARHGAP33	1596	36	314	85	108	263	806	74
PRODH2	2	0	0	3	0	2	0	1
NPHS1	7	14	10	69	76	85	18	36
KIRREL2	543	26	161	116	96	145	600	38
APLP1	5053	133	2049	721	537	893	4778	257
NFKBID	236	6	149	23	22	31	230	8
HCST	18	1	19	3	5	5	45	1
TYROBP	2	0	3	1	0	0	6	0
LRFN3	812	8	205	74	66	108	626	21
SDHAF1	1967	61	728	221	115	295	1642	87
SYNE4	299	7	491	12	11	23	542	10
ALKBH6	480	12	205	53	33	79	490	27
CLIP3	1756	71	791	261	266	509	1458	135
THAP8	994	37	407	129	112	171	870	49
WDR62	1156	49	386	203	120	228	628	84
OVOL3	6	2	6	2	1	5	5	0
POLR2I	19844	492	5777	1919	1133	2470	14526	800
TBCB	15788	394	5872	1431	1164	2763	11839	723
CAPNS1	6728	187	3006	584	398	752	6283	233
COX7A1	13	0	20	8	4	3	7	0
ZNF565	394	116	91	324	371	631	256	172
ZNF146	4283	196	1333	650	560	1247	3229	323
ZFP14	2125	95	658	391	301	584	1465	158
ZFP82	2733	116	798	405	276	522	2131	156
ZNF566	1450	74	427	259	195	367	977	112
ZNF260	2102	112	642	405	294	616	1456	197
ZNF529	927	75	319	393	157	402	810	116
ZNF382	580	26	175	109	54	86	454	25
ZNF461	244	21	94	112	85	128	214	44
ZNF567	1659	83	636	291	211	423	1374	131
ZNF850	498	52	441	346	88	229	442	112
ZNF790	801	52	222	235	148	255	668	95
ZNF345	753	87	249	295	306	498	464	112
ZNF829	354	21	181	73	13	71	259	31
ZNF568	920	70	458	231	40	278	1123	98
ZNF420	839	44	342	174	131	285	570	89
ZNF585A	267	57	247	225	145	185	390	102
ZNF585B	184	40	121	164	116	141	155	68
ZNF383	436	26	149	83	74	117	367	38
ZNF875	1098	119	525	407	186	613	1026	160
ZNF527	356	18	93	44	56	80	239	20
ZNF569	993	88	294	246	174	321	785	102
ZNF570	563	19	236	87	83	150	404	34
ZNF793	1891	71	644	232	191	375	1521	95
ZNF540	38	12	29	45	22	34	43	12
ZNF571	325	25	158	113	71	155	345	41
ZFP30	944	112	327	364	275	476	585	171
ZNF781	368	12	116	44	52	77	344	27
ZNF607	459	31	179	99	69	135	363	42
ZNF573	564	34	207	142	129	175	476	55
WDR87	2	0	0	6	3	7	3	2
SIPA1L3	491	207	253	726	629	1149	315	391
DPF1	1991	20	292	97	136	343	761	72
SPINT2	6063	297	5285	739	705	1140	12484	356
PPP1R14A	910	45	755	93	56	111	1250	27
YIF1B	3231	82	1299	301	175	403	2925	134
C19orf33	36	4	132	11	11	25	172	6
KCNK6	63	4	109	20	2	8	155	3
CATSPERG	45	23	33	97	48	63	97	25
PSMD8	22254	613	8592	2553	1468	2822	18946	916
GGN	30	1	12	4	3	1	39	3
SPRED3	311	14	114	80	34	51	243	13
FAM98C	573	21	235	66	63	108	522	19
RASGRP4	5	0	11	1	2	1	4	0
RYR1	80	20	80	74	82	50	114	19
MAP4K1	257	10	109	35	21	62	520	11
EIF3K	34997	888	13663	3442	2352	4813	32023	1362
ACTN4	5521	177	2305	776	445	894	4172	254
CAPN12	88	3	53	20	8	10	151	9
LGALS7	10	0	0	0	1	0	0	0
LGALS7B	4	1	21	0	0	3	21	1
LGALS4	14	2	8	3	3	11	14	1
ECH1	8311	266	3632	1023	646	1055	8810	383
HNRNPL	7433	260	2441	984	605	1727	4977	482
RINL	304	12	194	26	11	38	334	13
SIRT2	797	20	285	121	114	172	827	48
NFKBIB	1566	49	734	147	101	155	1335	65
CCER2	47	3	14	13	15	18	40	6
SARS2	760	54	299	131	75	298	540	82
MRPS12	5733	130	2148	592	343	619	4835	174
FBXO17	3276	113	1334	389	272	630	2732	167
FBXO27	271	16	170	109	75	121	259	17
ACP7	0	0	1	2	1	2	0	0
PAK4	1740	61	712	230	153	293	1437	111
NCCRP1	27	0	187	4	1	12	47	1
SYCN	0	0	0	0	0	0	0	0
IFNL3	0	0	0	0	0	0	0	0
IFNL2	0	0	0	0	0	0	0	0
IFNL1	0	0	0	0	0	0	0	0
LRFN1	509	11	171	48	26	47	348	18
GMFG	33	6	16	15	12	22	28	6
SAMD4B	4885	107	1757	536	425	784	3545	223
PAF1	2946	54	836	240	181	409	2099	117
MED29	2328	89	862	390	241	397	1889	157
ZFP36	356	15	173	101	46	37	872	6
PLEKHG2	1188	39	423	256	168	240	851	42
RPS16	235502	5918	78327	20523	12738	29973	184635	8496
SUPT5H	3105	104	1136	441	313	541	2495	141
TIMM50	4598	98	1684	436	238	602	3565	159
DLL3	658	20	273	150	51	101	1259	27
SELENOV	67	26	136	42	10	21	172	9
EID2B	1260	53	378	180	129	241	1028	58
EID2	3681	123	1292	530	297	609	3257	191
LGALS13	0	0	0	0	0	0	0	0
LGALS16	0	0	0	0	0	0	0	0
LGALS14	1	0	1	0	0	0	0	0
CLC	0	0	4	0	0	0	0	0
LEUTX	0	0	0	0	0	0	1	0
DYRK1B	1105	40	509	162	119	215	896	66
FBL	19024	369	5808	1427	954	2568	13697	747
FCGBP	28	2	12	13	8	6	64	7
PSMC4	11290	264	3929	943	512	1392	9372	333
ZNF546	296	23	90	94	89	143	186	42
ZNF780B	630	85	197	323	215	415	416	95
ZNF780A	394	27	165	72	61	149	325	33
MAP3K10	594	31	202	86	81	142	463	50
TTC9B	7	0	5	4	5	7	22	3
CNTD2	19	3	25	3	6	20	75	3
AKT2	2329	74	735	239	179	439	1704	105
C19orf47	270	15	169	41	26	56	211	20
PLD3	7878	270	4237	1131	838	1200	8353	363
HIPK4	7	3	4	21	13	14	6	15
PRX	76	4	45	15	7	15	105	6
SERTAD1	818	21	375	143	76	106	1238	58
SERTAD3	2298	57	1040	374	226	331	2803	94
BLVRB	1979	156	2227	453	233	564	3269	139
SPTBN4	130	9	113	36	62	76	173	22
SHKBP1	2250	57	1062	212	120	251	2112	69
LTBP4	4845	161	1247	341	342	773	3791	233
NUMBL	793	24	240	98	76	119	651	26
COQ8B	2193	60	731	236	191	364	2012	94
ITPKC	379	22	145	72	38	61	314	20
C19orf54	865	24	301	70	50	136	665	25
SNRPA	13345	332	3542	1037	739	1939	9421	554
MIA	9	4	4	7	8	6	9	7
RAB4B	51	41	16	177	105	183	47	54
EGLN2	68	89	30	344	221	529	63	142
CYP2A6	2	0	5	4	0	2	0	0
CYP2A7	0	0	0	0	0	0	0	0
CYP2B6	4	1	1	0	1	1	6	0
CYP2A13	5	1	5	2	0	0	12	0
CYP2F1	0	0	1	0	0	0	5	1
CYP2S1	482	18	583	21	24	48	640	13
AXL	1065	64	518	168	184	261	1425	59
HNRNPUL1	10435	249	3160	848	581	1430	7418	438
TGFB1	281	66	248	145	100	133	531	48
CCDC97	1105	29	379	170	112	214	870	78
TMEM91	599	91	292	242	245	418	704	98
B9D2	1380	39	261	155	137	208	984	59
EXOSC5	3171	37	985	152	101	279	2564	84
BCKDHA	26	87	11	222	193	350	27	101
B3GNT8	122	7	58	22	11	17	186	5
DMAC2	5209	125	1651	328	308	594	3743	226
ERICH4	1	1	0	2	0	2	0	0
CEACAM21	0	8	3	30	6	9	0	7
CEACAM4	0	0	0	0	0	1	0	0
CEACAM7	0	0	10	0	0	0	0	0
CEACAM5	0	0	0	0	0	0	0	0
CEACAM6	0	0	0	0	0	0	0	0
CEACAM3	0	0	0	0	0	0	0	0
LYPD4	0	0	0	0	0	0	0	0
DMRTC2	0	0	0	2	2	0	0	0
RPS19	480209	13251	184285	55435	32898	75208	343804	21630
CD79A	34	1	22	1	4	10	46	1
ARHGEF1	786	17	340	104	52	109	826	31
ERFL	2	0	2	6	2	3	5	2
RABAC1	12963	530	6594	1861	1201	2507	12230	656
ATP1A3	303	7	136	19	27	60	143	20
GRIK5	1007	46	388	215	240	274	850	73
ZNF574	922	16	338	110	74	178	774	55
POU2F2	567	28	234	55	47	112	508	23
DEDD2	2018	65	680	190	121	258	1853	78
ZNF526	447	19	147	58	30	65	382	21
GSK3A	3499	74	1221	318	183	396	2848	127
ERF	1467	46	591	203	141	274	1177	58
CIC	1339	26	496	118	101	199	862	54
PAFAH1B3	23509	531	7096	2003	1655	3744	14594	1041
PRR19	254	5	77	21	19	22	164	5
TMEM145	201	4	62	41	30	160	151	8
MEGF8	1511	43	496	170	142	250	1115	64
CNFN	1296	21	460	111	120	199	1104	50
LIPE	552	28	149	88	93	154	305	46
CXCL17	8	5	2	40	46	47	9	15
CEACAM1	81	26	24	88	47	82	63	11
CEACAM8	4	0	0	2	1	2	1	0
PSG3	0	0	0	1	0	1	0	0
PSG8	0	0	0	2	0	3	0	3
PSG1	0	0	0	0	0	0	0	0
PSG6	0	0	0	0	1	0	0	0
PSG7	0	0	0	0	0	1	0	1
PSG11	0	0	0	0	0	0	0	0
PSG2	0	0	0	0	0	0	0	0
PSG5	0	0	0	0	0	0	0	0
PSG4	0	0	0	0	0	0	0	0
PSG9	0	0	1	0	0	1	0	0
CD177	1	0	8	0	0	0	6	0
TEX101	0	0	0	1	0	0	0	0
LYPD3	19	2	31	11	10	12	75	3
PHLDB3	297	24	122	61	54	100	252	25
ETHE1	1850	63	555	167	181	309	1617	105
ZNF575	20	0	4	9	7	11	16	14
XRCC1	3548	125	961	394	344	645	2057	178
PINLYP	685	42	254	56	83	148	718	48
IRGQ	1112	46	598	129	105	235	832	56
ZNF576	1561	38	520	157	98	209	1302	51
SRRM5	19	6	4	19	22	30	8	15
ZNF428	21644	572	5364	2045	1972	3536	14340	883
CADM4	2419	103	657	296	262	567	1796	156
PLAUR	887	49	165	110	95	231	642	61
IRGC	0	0	0	0	0	0	0	0
SMG9	1813	54	508	185	132	260	691	81
KCNN4	11	0	7	3	1	1	2	1
LYPD5	5	0	19	2	4	1	3	1
ZNF283	300	23	138	59	40	29	117	36
ZNF404	1061	6	391	34	18	12	423	5
ZNF45	334	21	126	86	65	112	236	28
ZNF221	171	12	64	43	24	62	119	17
ZNF155	245	65	116	226	163	382	215	118
ZNF230	406	9	137	40	33	70	347	13
ZNF222	439	11	167	51	42	53	346	28
ZNF223	156	23	90	58	47	63	150	26
ZNF284	180	20	67	42	30	57	116	24
ZNF224	831	36	279	109	88	178	733	46
ZNF225	202	9	107	36	27	30	151	21
ZNF234	669	35	224	106	88	161	486	33
ZNF226	1331	98	504	248	169	323	1342	83
ZNF227	806	53	266	142	120	200	627	61
ZNF235	168	167	87	478	311	455	134	217
ZNF233	94	10	40	34	28	49	81	11
ZNF112	411	38	102	163	116	211	267	59
ZNF285	86	8	51	28	33	2	66	16
ZNF229	11	12	2	48	2	2	5	24
ZNF180	651	19	243	124	92	211	534	53
CEACAM20	0	0	0	2	1	2	0	1
IGSF23	0	1	0	0	2	4	0	1
PVR	433	21	169	68	36	77	394	22
CEACAM19	59	3	16	11	15	22	40	3
CEACAM16	0	1	0	0	0	0	0	0
BCL3	125	4	39	9	8	12	122	8
CBLC	60	4	68	3	3	1	104	4
BCAM	1952	57	642	129	99	181	2512	57
NECTIN2	4144	173	2645	848	377	736	4393	225
TOMM40	11752	212	4369	771	511	1272	9657	354
APOE	20883	727	40113	2931	1437	2085	36867	620
APOC1	3900	75	1262	222	169	261	3918	102
APOC4	0	0	0	6	1	2	0	0
APOC2	0	4	0	3	4	4	0	1
CLPTM1	2461	78	959	274	168	362	2086	100
RELB	163	9	151	73	19	43	158	6
CLASRP	1726	80	472	253	181	373	1295	106
ZNF296	139	2	100	7	8	13	136	4
GEMIN7	2308	49	781	197	128	291	1962	76
MARK4	1462	83	643	396	261	402	1412	122
PPP1R37	1309	24	373	85	56	128	941	29
NKPD1	11	4	8	5	6	7	18	14
TRAPPC6A	5246	195	2251	659	531	968	3972	267
BLOC1S3	170	4	104	15	11	17	178	3
EXOC3L2	12	3	15	2	2	5	35	2
CKM	9	3	2	7	4	5	34	0
KLC3	21	2	48	7	4	4	62	2
ERCC2	1420	47	484	135	107	189	1181	59
PPP1R13L	231	13	124	45	30	49	331	13
CD3EAP	1541	16	631	125	61	147	1329	42
ERCC1	10753	277	2816	1095	705	1457	7046	375
FOSB	1044	29	121	231	55	99	764	20
RTN2	369	15	231	74	46	79	395	24
PPM1N	112	3	203	18	16	22	289	4
VASP	2962	75	1634	404	196	421	3234	132
OPA3	1216	51	447	240	141	281	1068	85
GPR4	0	0	1	0	0	0	2	0
EML2	737	56	395	135	104	166	1053	63
GIPR	4	2	5	9	2	2	17	5
SNRPD2	38793	1250	13466	4222	3096	7199	28750	1963
QPCTL	251	17	85	78	61	76	232	36
FBXO46	826	37	284	170	149	277	651	68
BHMG1	0	0	0	1	0	0	2	0
SIX5	1439	50	431	111	80	189	1265	43
DMPK	699	44	166	151	138	200	483	73
DMWD	2803	75	795	230	189	310	2115	83
RSPH6A	0	0	0	4	0	2	1	5
SYMPK	2778	136	951	442	299	653	2131	175
FOXA3	270	4	242	16	10	22	376	6
IRF2BP1	1136	23	343	78	79	134	985	44
MYPOP	567	18	256	56	37	88	481	27
NANOS2	5	0	0	0	0	1	11	0
NOVA2	1783	34	370	220	215	392	1022	82
CCDC61	536	26	190	58	46	95	503	27
PGLYRP1	2	4	3	10	11	8	1	7
IGFL4	8	5	5	13	51	25	3	4
IGFL3	2	0	3	1	0	0	0	0
IGFL2	0	0	0	1	0	0	5	0
IGFL1	0	0	0	0	0	0	0	0
HIF3A	1058	70	561	322	158	414	1357	121
PPP5C	3293	108	1136	423	277	510	2346	143
CCDC8	1465	39	542	148	76	204	1239	43
PNMA8C	294	9	79	50	27	63	229	17
PNMA8A	1267	43	438	191	110	239	1022	53
PPP5D1	224	16	89	30	33	51	207	13
PNMA8B	226	9	103	34	16	32	87	6
CALM3	22554	562	7256	2252	1611	3342	16972	977
PTGIR	3	1	6	1	2	0	7	1
GNG8	34	0	146	6	1	7	19	1
DACT3	224	10	252	79	18	45	217	9
PRKD2	778	38	318	159	106	163	754	56
STRN4	2585	76	1004	271	204	319	2238	88
FKRP	762	34	230	159	88	209	580	48
SLC1A5	3468	91	1268	353	93	377	2928	119
AP2S1	23467	561	8713	2624	1426	3101	18387	934
ARHGAP35	3148	177	978	754	617	1242	1826	295
NPAS1	328	26	475	114	56	96	326	26
TMEM160	12999	332	4533	1369	905	1550	10018	442
ZC3H4	1968	81	493	251	170	411	1318	102
SAE1	8611	272	3325	1145	642	1683	6191	514
BBC3	1812	91	974	190	68	246	1320	111
CCDC9	937	40	331	184	113	197	1018	59
INAFM1	1000	48	521	166	96	178	1023	30
C5AR1	7	3	11	76	29	34	28	6
C5AR2	3	1	1	0	2	0	2	1
DHX34	643	61	176	200	169	322	402	89
MEIS3	1303	85	1451	408	375	681	2682	133
SLC8A2	29	2	57	14	7	21	55	4
KPTN	1516	43	541	158	101	225	1090	60
NAPA	2670	101	1271	374	217	389	2573	146
ZNF541	0	0	0	0	2	1	1	0
BICRA	651	11	253	64	37	101	458	27
EHD2	29	1	45	4	5	6	90	1
NOP53	17372	520	6852	1664	1427	2782	15905	701
SELENOW	35439	1164	12749	3306	1884	3697	26429	1332
TPRX1	0	0	0	0	0	0	0	0
CRX	25	0	222	15	15	25	69	1
SULT2A1	1	0	1	1	0	3	1	0
BSPH1	0	0	0	0	0	1	0	0
ELSPBP1	0	0	1	0	0	0	0	0
CABP5	0	0	0	0	0	1	0	0
PLA2G4C	6	7	32	12	6	6	41	3
LIG1	5410	147	1356	551	368	914	3443	208
ZSWIM9	987	40	367	167	121	273	746	63
CARD8	1490	74	404	300	244	436	1045	130
ZNF114	637	21	143	108	80	155	647	31
CCDC114	41	7	15	20	17	20	159	5
EMP3	2863	156	1519	642	404	828	4660	149
TMEM143	257	11	176	33	45	64	330	17
SYNGR4	8	0	14	5	0	5	24	1
KDELR1	20815	975	10630	3984	2261	5191	23058	1265
GRIN2D	44	8	52	48	43	46	113	17
GRWD1	3064	66	967	198	119	300	2296	75
KCNJ14	141	9	29	35	16	42	72	19
CYTH2	4371	111	1441	507	405	661	4166	180
LMTK3	145	25	134	87	78	94	329	70
SULT2B1	28	3	19	6	4	9	78	3
FAM83E	3	0	2	4	4	9	9	7
SPACA4	0	0	0	0	0	0	1	0
RPL18	258158	7687	102749	25244	19270	43161	214626	11137
SPHK2	947	32	335	97	75	156	732	37
DBP	1194	37	568	113	88	157	1301	44
CA11	975	30	733	126	97	135	1419	40
NTN5	50	8	31	18	14	6	65	3
FUT2	40	3	36	13	12	12	14	2
MAMSTR	255	5	114	25	21	45	268	20
RASIP1	133	5	108	18	17	34	166	9
IZUMO1	6	0	4	0	3	1	9	1
FUT1	28	3	37	0	1	4	93	1
FGF21	0	0	2	0	0	0	2	0
BCAT2	1340	57	613	210	82	276	1362	76
HSD17B14	1109	87	1283	251	156	212	1448	57
PLEKHA4	1083	65	537	312	125	188	2068	61
PPP1R15A	1736	74	544	289	178	310	2302	107
TULP2	2	6	3	6	1	5	4	12
NUCB1	3481	147	1829	545	294	547	4110	183
DHDH	97	10	45	49	28	30	221	13
BAX	16428	459	7824	1853	747	1744	12203	744
FTL	157551	7027	105891	28510	13199	26441	194323	7698
GYS1	540	48	247	140	103	176	511	53
RUVBL2	7073	123	1821	447	324	837	5201	277
LHB	2	0	4	0	0	1	13	1
AC008687.4	0	0	2	0	1	0	3	0
CGB3	1	0	0	0	0	0	0	0
CGB2	3	0	3	0	0	0	3	0
CGB1	0	0	0	0	0	0	0	0
CGB5	0	0	0	0	0	0	0	0
CGB8	0	0	0	0	0	0	0	0
CGB7	1	0	0	3	0	1	10	0
NTF4	54	4	63	17	10	16	196	5
KCNA7	4	0	1	4	1	5	13	1
SNRNP70	18226	454	5478	1678	1051	2386	12934	784
LIN7B	278	15	131	70	54	99	272	16
C19orf73	241	10	112	24	24	38	248	5
PPFIA3	887	26	313	77	66	135	765	52
HRC	44	3	36	3	3	12	144	4
TRPM4	1632	54	387	116	118	222	1176	24
SLC6A16	386	83	86	277	174	307	165	194
CD37	244	9	31	46	34	42	83	26
TEAD2	6699	177	2709	692	553	1071	6275	220
DKKL1	526	26	120	73	63	111	419	31
CCDC155	3	1	5	1	0	3	2	1
PTH2	20	1	255	2	3	4	79	0
GFY	74	1	52	1	6	31	43	5
SLC17A7	7	1	32	6	1	4	26	2
PIH1D1	7917	290	2518	778	615	1276	6979	386
ALDH16A1	2222	43	1066	185	122	207	1474	68
FLT3LG	92	9	119	28	18	22	107	7
RPL13A	276935	8190	98719	25502	20593	43028	233604	11285
RPS11	208010	5173	78863	18409	16128	33054	174601	9468
FCGRT	512	20	352	75	52	122	563	25
RCN3	799	22	315	58	40	84	1118	20
NOSIP	7299	206	2450	751	526	993	6112	315
PRRG2	181	9	136	16	10	33	187	17
PRR12	1920	74	717	292	227	400	1391	115
RRAS	346	39	524	137	66	93	1080	34
SCAF1	2340	60	768	258	153	284	1823	84
IRF3	2520	77	1252	335	193	336	2755	104
BCL2L12	5211	133	2229	584	308	717	4674	227
PRMT1	43327	1112	13304	3476	2052	5307	32373	1645
ADM5	134	1	38	10	3	9	116	6
CPT1C	1801	57	628	226	181	312	1607	115
TSKS	13	2	10	5	2	2	19	1
AP2A1	3547	83	1341	373	257	420	3286	123
FUZ	3161	41	615	164	109	250	2350	75
MED25	3003	70	898	276	195	414	2376	110
PTOV1	17686	372	5081	1400	1185	2390	13220	685
PNKP	5490	167	1547	459	390	821	4152	191
AKT1S1	1657	38	680	135	92	208	1411	56
TBC1D17	892	28	347	65	63	129	863	30
IL4I1	19	0	11	6	6	7	26	5
NUP62	7359	107	2198	438	264	861	5237	230
ATF5	1087	33	542	205	95	229	765	63
SIGLEC11	1	0	2	0	0	2	2	0
VRK3	2059	63	766	280	238	442	1850	167
ZNF473	600	29	145	69	51	101	426	24
IZUMO2	36	3	55	17	2	21	63	1
MYH14	98	14	202	150	89	87	234	28
KCNC3	166	18	236	119	73	81	358	9
NR1H2	1475	66	663	276	175	321	1424	80
NAPSA	19	0	13	6	5	1	30	3
POLD1	2140	65	517	302	191	476	1323	129
SPIB	20	0	14	1	3	3	27	0
MYBPC2	13	3	34	3	3	8	43	4
FAM71E1	655	35	796	97	59	104	882	47
EMC10	6145	126	2398	620	399	703	5502	212
JOSD2	987	25	323	64	39	120	690	40
ASPDH	4	1	2	0	4	2	3	0
LRRC4B	2710	96	568	399	328	599	1911	137
SYT3	98	2	31	11	7	19	104	0
C19orf81	1514	55	604	249	174	259	1357	82
SHANK1	58	21	15	83	57	105	43	50
CLEC11A	2357	97	1269	362	259	397	2602	108
GPR32	0	0	0	0	0	0	0	0
AC010325.1	20	7	11	27	19	31	25	23
ACP4	2	1	0	14	10	11	0	6
C19orf48	8481	206	2319	605	376	1084	5167	343
KLK1	23	0	9	0	0	4	25	0
KLK15	0	0	0	1	0	0	0	0
KLK3	0	0	0	0	0	0	0	0
KLK2	2	0	5	0	0	0	1	0
KLK4	1	0	2	1	0	1	3	0
KLK5	4	0	9	1	0	0	7	0
KLK6	37	2	61	8	2	3	126	2
KLK7	13	0	12	3	0	1	19	0
KLK8	69	6	43	47	7	10	120	8
KLK9	0	0	0	0	0	0	0	0
KLK10	22	0	23	4	4	0	56	0
KLK11	1	0	4	0	1	0	0	0
KLK12	0	0	1	0	0	0	0	0
KLK13	9	0	10	0	0	1	8	0
KLK14	0	1	1	1	4	4	2	1
CTU1	1072	41	436	113	74	172	973	56
SIGLEC9	0	0	0	0	0	0	0	0
SIGLEC7	1	0	2	0	0	0	4	0
CD33	4	0	2	0	0	1	0	0
SIGLECL1	0	0	0	0	0	0	0	0
IGLON5	2265	69	778	208	226	358	2149	72
VSIG10L	496	24	221	54	53	83	474	29
ETFB	8376	327	2722	918	669	1064	7855	480
CLDND2	172	8	110	27	20	29	202	13
NKG7	2	0	5	1	0	0	3	1
LIM2	363	80	336	217	85	66	1740	53
C19orf84	143	4	33	8	6	8	143	3
SIGLEC10	22	3	1	5	7	8	16	0
SIGLEC8	0	0	0	0	0	0	0	0
CEACAM18	0	0	0	0	0	0	0	0
SIGLEC12	0	0	0	0	0	0	0	0
SIGLEC6	0	0	0	0	0	0	1	0
ZNF175	235	24	80	61	48	116	180	17
SIGLEC5	0	0	0	0	2	1	0	0
SIGLEC14	0	0	2	0	0	0	0	0
SPACA6	308	33	145	135	112	143	350	46
HAS1	7	1	9	5	1	1	11	1
FPR1	1	1	0	6	6	2	0	2
FPR2	0	0	1	0	0	0	1	0
FPR3	3	2	0	6	6	7	0	2
ZNF577	872	79	274	347	249	344	380	139
ZNF649	846	47	849	204	98	303	587	77
ZNF613	255	11	144	55	47	85	215	30
ZNF350	486	22	167	87	71	119	260	30
ZNF615	261	16	118	55	36	81	160	30
ZNF614	533	17	175	75	53	128	439	38
ZNF432	811	44	188	153	134	250	560	59
ZNF841	156	10	58	36	18	67	128	8
ZNF616	734	35	233	100	84	193	513	51
ZNF836	154	9	121	49	42	84	278	24
PPP2R1A	13611	266	4841	1100	638	1369	10672	416
ZNF766	2996	152	1031	495	415	759	2501	179
ZNF480	1350	75	509	228	181	363	1182	119
ZNF610	390	26	123	87	85	176	228	24
ZNF880	1018	66	516	185	87	299	289	90
ZNF528	606	42	352	165	16	171	119	62
ZNF534	12	1	9	8	1	5	5	1
ZNF578	395	17	219	120	24	52	319	49
ZNF808	378	42	146	90	97	180	293	39
ZNF701	738	36	219	141	90	174	492	52
ZNF83	1278	178	405	717	516	940	1311	266
ZNF611	467	56	185	272	160	317	360	78
ZNF600	166	13	72	77	28	59	185	9
ZNF28	267	19	99	63	50	89	223	21
ZNF468	306	11	111	33	25	44	229	10
ZNF320	61	18	13	62	63	113	46	33
ZNF888	147	14	73	52	33	68	138	20
ZNF816	262	6	127	56	17	61	211	18
ERVV-1	0	0	0	0	0	0	2	0
ERVV-2	4	0	4	3	2	1	5	0
ZNF160	1433	65	447	271	207	410	1496	113
ZNF415	429	26	227	84	78	83	469	30
ZNF347	761	31	328	130	70	176	524	43
ZNF665	294	19	108	53	57	84	257	29
ZNF677	1222	65	1071	360	225	596	2228	136
VN1R2	0	0	0	0	0	0	0	2
VN1R4	0	0	0	0	0	0	0	0
ZNF845	288	14	103	55	39	78	260	16
ZNF525	229	14	123	53	37	91	229	16
ZNF765	436	42	254	147	108	203	409	68
ZNF761	208	8	127	38	32	60	187	16
ZNF813	320	27	194	99	36	118	441	26
ZNF331	1672	54	667	264	174	397	1413	97
DPRX	0	0	0	0	0	1	0	1
NLRP12	19	1	10	7	1	6	21	2
MYADM	2561	78	1093	402	191	315	3451	65
PRKCG	192	23	135	78	56	107	354	15
CACNG7	908	71	553	322	308	589	692	139
CACNG8	1417	53	451	181	55	107	1213	71
CACNG6	38	0	17	11	18	16	64	2
VSTM1	1	0	2	0	2	1	2	0
TARM1	0	0	0	0	1	2	0	0
OSCAR	0	1	0	7	4	12	0	5
NDUFA3	12948	356	5033	1232	793	1037	9179	423
TFPT	963	94	402	296	146	258	952	94
PRPF31	898	162	222	632	444	915	787	247
CNOT3	713	62	213	248	162	294	576	98
LENG1	502	36	188	145	109	205	423	52
TMC4	7	8	13	38	20	40	17	14
MBOAT7	18	72	41	307	186	404	70	122
TSEN34	89	162	32	616	419	908	116	277
RPS9	132780	6266	48769	21785	17417	36649	101028	9917
LILRB3	1	1	0	4	0	7	0	3
LILRA6	0	0	0	1	0	0	0	0
LILRB5	0	1	0	1	0	1	0	0
LILRB2	0	0	0	0	0	1	0	0
LILRA5	0	0	0	0	0	0	0	0
LILRA4	0	0	0	0	0	0	0	0
LAIR1	0	1	1	3	3	4	0	0
TTYH1	7389	720	1250	3526	3586	6462	4361	1827
LENG8	67	67	23	212	151	335	37	84
LENG9	0	8	0	21	15	44	0	8
CDC42EP5	6	41	6	184	36	128	31	70
LAIR2	0	0	0	0	0	0	0	0
LILRA2	0	0	0	2	0	1	0	0
LILRA1	0	0	0	0	0	0	0	0
LILRB1	0	0	0	0	0	0	0	0
LILRB4	0	0	0	0	0	0	0	0
KIR3DL3	0	0	0	0	0	0	0	0
KIR2DL3	0	0	0	0	0	0	0	0
KIR2DL1	0	0	0	0	0	0	0	0
KIR2DL4	0	0	0	0	0	0	0	0
KIR3DL1	0	0	0	0	0	0	0	0
KIR3DL2	0	0	0	0	0	0	0	0
FCAR	0	0	1	1	0	1	1	0
NCR1	0	1	0	0	0	0	0	0
NLRP7	0	1	1	7	0	3	0	1
NLRP2	314	16	0	302	4	141	0	2
GP6	0	5	0	45	5	31	1	3
RDH13	32	21	5	55	43	98	16	20
EPS8L1	1055	34	471	140	138	333	1036	67
PPP1R12C	845	16	365	90	54	126	674	38
TNNT1	3114	121	3856	502	216	538	8537	139
TNNI3	863	95	1342	342	244	296	3074	130
DNAAF3	391	13	85	57	58	81	373	22
SYT5	146	10	101	17	62	51	105	4
PTPRH	1	0	3	1	1	3	0	1
TMEM86B	65	2	20	5	1	7	41	2
PPP6R1	1870	47	770	193	123	244	1497	73
HSPBP1	3524	88	932	295	255	507	2472	143
BRSK1	576	31	234	82	68	104	515	45
TMEM150B	6	3	1	4	4	0	6	3
KMT5C	1512	24	631	103	75	201	1135	66
COX6B2	50	0	36	2	2	7	63	2
FAM71E2	0	0	1	0	0	0	3	0
IL11	20	0	48	3	1	5	31	0
TMEM190	50	1	67	20	24	15	181	4
TMEM238	208	4	181	12	11	19	290	5
RPL28	241013	6835	92983	20972	16469	38583	153493	10102
UBE2S	21846	937	7418	2859	1695	4104	16425	1521
SHISA7	3	2	5	2	2	3	10	1
ISOC2	4132	107	2069	525	201	408	3950	162
C19orf85	24	0	41	0	3	3	16	0
ZNF628	591	9	137	42	35	74	380	29
NAT14	5308	163	2093	550	364	656	5313	219
SSC5D	53	1	37	19	10	17	94	5
SBK2	2	0	1	2	2	2	4	1
SBK3	2	0	0	1	0	2	2	0
ZNF579	3198	72	1100	317	202	410	2815	122
FIZ1	1160	30	402	100	100	209	943	41
ZNF524	733	11	227	71	62	106	493	24
ZNF865	632	10	197	76	49	61	507	19
ZNF784	604	13	165	58	51	78	489	18
ZNF580	6268	260	2788	808	593	896	6742	249
ZNF581	2971	79	1388	300	196	410	3074	107
CCDC106	1315	37	563	155	120	210	1320	71
U2AF2	5240	100	1966	419	280	756	4521	165
EPN1	4933	121	1766	520	388	626	4272	200
NLRP9	0	0	0	1	1	1	0	1
RFPL4A	0	0	0	0	0	0	0	0
RFPL4AL1	1	0	0	0	0	0	0	0
NLRP11	0	0	1	0	1	0	1	0
NLRP4	0	0	0	2	0	2	0	0
NLRP13	0	0	0	0	0	0	0	0
NLRP8	0	1	0	0	0	1	0	0
NLRP5	0	0	0	0	1	3	0	0
ZNF787	3578	86	1204	346	233	532	2917	125
ZNF444	2703	89	940	297	171	427	2085	117
GALP	645	23	248	155	91	205	1607	24
ZSCAN5B	4	1	2	0	0	3	6	1
ZSCAN5C	0	0	0	0	0	0	0	0
ZSCAN5A	610	68	177	279	184	451	419	117
EDDM13	37	16	9	27	41	58	36	23
ZNF582	400	23	223	80	62	99	291	24
ZNF583	747	24	191	119	111	152	528	45
ZNF667	16	28	5	81	5	12	18	61
ZNF471	9	13	4	57	4	4	3	22
ZFP28	13	10	158	75	2	10	12	23
ZNF470	417	18	196	93	24	88	176	26
ZNF71	1600	50	443	204	138	261	585	78
SMIM17	110	9	78	24	41	49	28	41
ZNF835	14	0	24	14	1	4	6	0
ZIM2	0	1	0	3	2	1	0	0
PEG3	82	7	23	10	6	10	61	8
USP29	0	0	0	0	0	0	0	0
ZIM3	0	0	0	0	1	0	0	0
DUXA	0	0	0	0	0	0	0	0
ZNF264	800	33	315	163	109	219	689	49
AURKC	358	8	528	67	12	22	347	7
ZNF805	700	23	297	116	74	154	600	36
ZNF460	340	38	171	140	81	219	257	53
ZNF543	421	21	168	74	42	131	335	21
ZNF304	177	9	83	35	17	52	162	12
ZNF547	113	12	35	36	38	52	90	11
TRAPPC2B	1969	54	594	207	152	306	1556	69
ZNF548	554	24	139	134	100	193	338	38
ZNF17	282	12	96	48	34	55	241	12
ZNF749	349	25	91	87	184	165	318	52
VN1R1	42	2	25	19	7	19	43	7
ZNF772	193	11	91	54	39	70	118	23
ZNF419	522	26	233	75	41	109	486	31
ZNF773	453	10	183	68	53	93	389	23
ZNF549	399	51	201	147	112	209	306	44
ZNF550	358	16	162	61	31	73	291	19
ZNF416	307	12	126	47	24	56	271	20
ZIK1	1001	23	461	110	95	192	726	51
ZNF530	359	23	151	57	54	100	324	41
ZNF134	1203	27	486	146	109	237	1095	62
ZNF211	398	12	157	42	39	81	330	18
ZSCAN4	0	0	2	0	0	0	2	0
ZNF551	989	56	303	253	177	407	606	117
ZNF154	520	31	199	133	93	177	470	27
ZNF671	310	14	128	41	14	70	305	13
ZNF776	489	25	181	105	81	181	396	34
ZNF586	710	82	245	303	244	456	566	103
ZNF552	540	24	167	130	114	142	312	39
ZNF587B	452	63	139	218	118	236	357	68
ZNF814	2483	144	917	521	395	1021	1452	213
ZNF587	1348	60	366	285	147	349	1096	94
ZNF417	269	34	97	116	82	179	190	40
ZNF418	429	22	127	93	62	122	328	34
ZNF256	525	23	198	73	47	127	401	28
C19orf18	66	9	15	37	44	69	42	20
ZNF606	1271	66	359	163	170	295	766	85
ZSCAN1	1052	19	321	131	38	315	57	41
ZNF135	577	47	253	164	102	196	287	74
ZSCAN18	4585	138	1285	462	346	771	3109	216
ZNF329	546	41	226	193	123	222	543	57
ZNF274	1543	70	516	342	209	358	1393	113
ZNF544	2396	346	925	990	711	1271	2772	453
ZNF8	715	44	212	177	108	235	582	64
ERVK3-1	1776	118	613	397	275	566	1167	173
ZSCAN22	150	4	39	31	18	34	113	5
A1BG	1289	58	626	216	106	289	1611	87
ZNF497	269	22	66	67	85	130	172	24
ZNF837	643	11	144	53	36	71	470	18
RPS5	206835	5317	67985	17992	13387	29620	151791	8603
RNF225	0	0	0	0	0	0	0	0
ZNF584	1581	63	235	185	148	224	1119	71
ZNF132	3	0	13	22	7	20	1	4
ZNF324B	150	4	31	32	10	28	116	8
ZNF324	762	26	190	62	53	96	551	27
ZNF446	821	27	213	97	75	109	667	46
SLC27A5	2419	93	1036	347	221	387	2155	146
ZBTB45	845	23	216	91	83	128	482	28
TRIM28	21421	355	7364	1317	820	1947	16424	642
CHMP2A	11597	455	5139	1570	1005	1918	12185	582
UBE2M	14890	384	5555	1426	836	1895	13093	564
MZF1	1002	59	297	269	155	306	1289	63
SRY	2	22	2	1	1	1	274	13
RPS4Y1	117	1718	54	107	94	141	25393	2692
ZFY	4	93	1	5	7	9	744	175
TGIF2LY	0	0	0	0	0	0	0	0
PCDH11Y	50	98	26	55	36	50	124	161
TSPY2	0	0	0	0	0	0	0	0
AMELY	0	2	0	0	0	1	12	4
TBL1Y	0	88	0	3	3	4	106	136
PRKY	5	103	2	1	5	2	496	175
TSPY4	0	0	0	0	0	0	0	0
TSPY8	0	0	0	0	0	0	0	0
TSPY3	0	0	0	0	0	0	0	0
TSPY1	0	0	0	0	0	0	0	0
TSPY9P	0	0	0	0	0	0	0	0
TSPY10	0	0	0	0	0	0	0	0
USP9Y	9	241	4	4	7	16	2142	336
DDX3Y	17	120	8	5	0	9	2702	180
UTY	4	272	1	2	5	9	708	389
TMSB4Y	3	6	0	0	3	2	873	37
VCY	0	0	0	0	0	0	0	0
VCY1B	0	0	0	0	0	0	0	0
NLGN4Y	4	323	3	4	5	9	665	518
CDY2B	0	0	0	0	0	0	0	0
CDY2A	0	0	0	0	0	0	0	0
HSFY1	0	0	0	0	0	0	0	0
HSFY2	0	0	0	0	0	0	0	0
AC007244.1	1	0	0	0	0	0	9	0
KDM5D	9	50	3	0	0	2	644	54
EIF1AY	35	177	9	9	10	16	5105	232
RPS4Y2	54	0	9	0	0	0	43	0
RBMY1B	0	0	0	0	0	0	0	0
RBMY1A1	0	0	0	0	0	0	0	0
RBMY1D	0	0	0	0	0	0	0	0
RBMY1E	0	0	0	0	0	0	0	0
PRY2	0	0	0	0	0	0	0	0
RBMY1F	0	0	0	0	0	0	0	0
RBMY1J	0	0	0	0	0	0	0	0
PRY	0	0	0	0	0	0	0	0
BPY2	0	0	0	0	0	0	0	0
DAZ1	0	0	0	0	0	0	0	0
DAZ2	0	0	0	0	0	0	0	0
PRYP3	0	0	0	0	0	0	0	0
CDY1B	0	0	0	0	0	0	0	0
BPY2B	0	0	0	0	0	0	0	0
DAZ3	0	0	0	0	0	0	0	0
DAZ4	0	0	0	0	0	0	0	0
BPY2C	0	0	0	0	0	0	0	0
CDY1	0	0	0	0	0	0	0	0
OR11H1	0	0	0	0	0	0	0	0
POTEH	0	1	0	1	1	0	0	1
CCT8L2	0	0	0	0	0	0	0	0
XKR3	0	0	0	0	0	0	0	1
IGKV1OR22-5	0	0	0	0	0	0	0	0
IGKV2OR22-4	0	0	0	0	1	0	0	0
IGKV2OR22-3	0	0	0	0	0	0	0	0
IGKV3OR22-2	0	0	0	0	0	0	0	0
IGKV1OR22-1	0	0	0	0	0	0	0	0
GAB4	0	0	1	0	0	0	0	0
IL17RA	186	12	153	48	19	50	132	11
TMEM121B	120	1	77	5	14	31	42	3
HDHD5	5797	117	1638	446	299	577	5365	203
ADA2	687	18	357	62	71	170	763	28
CECR2	4847	621	2426	2338	1518	2655	3447	844
SLC25A18	59	9	24	21	22	20	99	21
ATP6V1E1	2475	114	1580	388	213	426	2234	102
BCL2L13	1619	103	601	401	302	545	1256	149
BID	3676	94	992	253	207	515	2149	171
MICAL3	1096	99	283	350	297	531	581	170
PEX26	1596	62	590	217	176	373	1107	86
TUBA8	9	5	4	13	12	9	2	1
USP18	18	6	5	19	18	21	6	8
GGTLC3	0	0	1	0	0	0	0	0
TMEM191B	22	5	87	7	11	24	23	2
RIMBP3	0	0	0	0	0	0	0	0
AC023490.5	0	0	0	0	0	0	0	0
DGCR6	6	9	4	8	15	18	8	3
PRODH	2	6	6	3	3	6	68	3
DGCR2	1455	67	402	299	210	411	1086	117
ESS2	873	15	295	104	51	120	824	22
TSSK2	0	0	1	0	0	0	0	0
GSC2	0	0	0	0	0	0	0	0
SLC25A1	4711	121	1280	419	292	531	3244	215
CLTCL1	151	31	49	115	110	136	118	51
HIRA	1224	32	421	141	110	225	772	67
C22orf39	3547	111	1192	360	279	526	3060	158
MRPL40	3490	112	1604	325	274	542	2897	166
UFD1	7903	181	2404	704	462	1006	5207	299
CDC45	2306	58	630	248	179	359	1420	107
CLDN5	156	7	42	57	11	18	217	8
SEPTIN5	14	10	0	28	38	51	10	26
GP1BB	0	7	0	14	13	47	0	6
TBX1	258	10	10	2	1	8	31	3
GNB1L	604	22	314	122	48	109	596	39
RTL10	1182	22	428	85	68	149	847	24
TXNRD2	67	20	106	73	86	122	48	50
COMT	654	119	956	435	647	709	606	419
ARVCF	1384	30	424	79	69	191	771	42
TANGO2	318	19	143	62	35	69	253	14
DGCR8	2917	79	806	340	258	591	1576	151
TRMT2A	1438	36	427	104	80	147	1148	43
RANBP1	72474	1452	19205	5314	2988	8169	47123	2383
ZDHHC8	786	15	263	93	50	119	595	38
CCDC188	3	0	1	1	0	2	3	1
RTN4R	1341	34	300	126	90	194	1290	62
DGCR6L	3305	96	1336	400	296	595	2794	133
USP41	0	0	0	1	2	0	0	0
ZNF74	1412	53	381	101	98	225	1051	69
SCARF2	111	12	37	39	12	32	154	11
KLHL22	1282	109	366	474	347	502	956	157
MED15	1289	103	440	366	316	499	1012	146
PI4KA	804	114	353	370	337	524	480	153
SERPIND1	1	0	0	9	13	13	1	2
SNAP29	1906	66	868	282	168	386	1608	94
CRKL	1936	75	657	279	214	550	1416	114
AIFM3	62	9	99	21	12	16	80	2
LZTR1	638	16	225	64	56	114	487	28
THAP7	3305	84	998	233	192	384	2529	102
P2RX6	40	1	24	9	6	6	62	4
SLC7A4	52	1	35	8	9	15	72	2
LRRC74B	3	0	1	10	6	20	10	2
GGT2	1	0	0	0	1	0	0	0
AP000552.4	0	0	0	0	0	0	0	0
RIMBP3B	0	0	0	0	0	0	0	0
HIC2	1766	51	584	187	88	228	1346	63
TMEM191C	48	4	65	8	4	24	88	3
RIMBP3C	29	0	3	0	1	2	2	0
UBE2L3	7031	410	2250	1609	1049	2130	5301	661
YDJC	2556	60	818	158	124	272	1855	73
CCDC116	1	0	2	1	1	2	4	1
SDF2L1	5972	118	2155	513	326	574	5791	169
PPIL2	1266	39	462	177	121	271	877	72
YPEL1	2670	151	793	431	438	729	1857	202
MAPK1	3128	225	1206	974	670	1115	2363	343
PPM1F	506	14	220	77	39	73	468	25
TOP3B	390	30	140	95	60	133	357	50
IGLVI-70	0	0	0	0	0	0	0	0
IGLV4-69	0	0	0	0	0	0	0	0
IGLVI-68	0	0	0	0	0	0	0	0
IGLV10-54	0	0	0	1	0	0	0	0
IGLV10-67	0	0	0	0	0	0	0	0
IGLVIV-66-1	0	0	0	0	0	0	0	0
IGLVV-66	0	0	0	0	0	0	0	0
IGLVIV-65	0	0	0	0	0	0	0	0
IGLVIV-64	0	0	0	0	0	0	0	0
IGLVI-63	0	0	0	0	0	0	0	0
IGLV1-62	0	0	0	0	0	0	0	0
IGLV8-61	0	0	0	0	0	0	0	0
IGLV4-60	0	0	0	0	0	0	0	0
IGLVIV-59	0	0	0	0	0	0	0	0
IGLVV-58	0	0	0	0	0	0	0	0
IGLV6-57	0	0	0	0	0	0	0	0
IGLVI-56	0	0	0	0	0	0	0	0
IGLV11-55	0	0	0	0	0	0	0	0
IGLVIV-53	0	0	0	0	0	0	0	0
VPREB1	0	0	0	0	0	0	0	0
IGLV5-52	3	0	0	0	0	1	4	0
IGLV1-51	2	0	0	1	0	1	0	0
IGLV1-50	0	0	0	0	0	0	0	0
IGLV9-49	0	0	0	0	0	0	0	0
IGLV5-48	0	0	0	0	0	0	0	0
IGLV1-47	0	0	0	0	0	0	0	0
IGLV7-46	0	0	0	0	0	0	0	0
IGLV5-45	0	0	0	0	0	0	0	0
IGLV1-44	0	0	0	0	0	0	0	0
IGLV7-43	0	0	0	0	0	0	0	0
IGLVI-42	0	0	0	0	0	0	0	0
IGLVVII-41-1	0	0	0	0	0	0	0	0
IGLV1-41	0	0	0	1	0	0	0	0
IGLV1-40	0	0	0	0	0	0	0	0
IGLVI-38	0	0	0	0	0	0	0	0
IGLV5-37	0	0	0	0	0	0	0	0
IGLV1-36	0	0	0	0	0	0	0	0
IGLV7-35	0	0	0	0	0	0	0	0
ZNF280B	88	21	34	109	101	238	52	33
ZNF280A	1	2	0	0	4	13	0	5
PRAME	2	0	1	0	0	2	0	0
IGLV2-34	0	0	0	0	0	0	0	0
IGLV2-33	0	0	0	0	0	0	0	0
IGLV3-32	0	0	0	0	0	0	0	0
IGLV3-31	0	0	0	0	0	0	0	0
IGLV3-30	0	0	0	0	0	0	0	0
GGTLC2	0	0	0	0	0	0	1	0
IGLV3-29	0	0	0	0	0	0	0	0
IGLV2-28	0	0	0	0	0	0	0	0
IGLV3-27	0	0	0	0	0	0	0	0
IGLV3-26	0	0	0	0	0	0	0	0
IGLVVI-25-1	0	0	0	0	0	0	0	0
IGLV3-25	0	0	0	0	0	0	0	0
IGLV3-24	0	0	0	0	0	0	0	0
IGLV2-23	0	0	0	0	0	0	0	0
IGLVVI-22-1	0	0	0	0	0	0	0	0
IGLV3-22	0	0	0	0	0	0	0	0
IGLV3-21	0	0	0	0	0	0	0	0
IGLVI-20	0	0	0	0	0	0	0	0
IGLV3-19	0	0	0	0	0	0	0	0
IGLV2-18	0	0	0	0	0	0	0	0
IGLV3-17	0	0	0	0	0	0	0	0
IGLV3-16	0	0	0	0	0	0	0	0
IGLV3-15	0	0	0	0	0	0	0	0
IGLV2-14	0	0	0	0	0	0	0	0
IGLV3-13	0	0	0	0	0	0	0	0
IGLV3-12	0	0	0	0	0	0	0	0
IGLV2-11	0	0	0	0	0	0	0	0
IGLV3-10	0	0	0	0	0	0	0	0
IGLV3-9	0	0	0	0	0	0	0	0
IGLV2-8	0	0	0	0	0	0	0	0
IGLV3-7	0	0	0	0	0	0	0	0
IGLV3-6	0	0	0	0	0	0	0	0
IGLV2-5	0	0	0	0	0	0	0	0
IGLV3-4	0	0	0	0	0	0	0	0
IGLV4-3	0	0	0	0	0	0	0	0
IGLV3-2	0	0	0	0	0	0	0	0
IGLV3-1	0	0	0	0	0	0	0	0
IGLJ1	0	0	0	0	0	0	0	0
IGLC1	0	0	0	0	0	0	0	0
IGLJ2	0	0	0	0	0	0	0	0
IGLC2	0	0	0	0	0	0	0	1
IGLJ3	0	0	0	0	0	0	0	0
IGLC3	0	0	0	0	1	0	0	0
IGLJ4	0	0	0	0	0	0	0	0
IGLC4	0	0	0	0	0	0	0	0
IGLJ5	0	0	0	0	0	0	0	0
IGLC5	0	0	0	0	0	0	0	0
IGLJ6	0	0	0	0	0	0	0	0
IGLC6	0	0	0	0	0	0	0	0
IGLJ7	0	0	0	0	0	0	0	0
IGLC7	0	0	0	0	0	0	0	0
RSPH14	143	13	35	27	34	63	98	13
GNAZ	1245	25	320	131	68	215	645	54
RAB36	595	14	81	59	67	112	384	22
BCR	1210	98	612	366	256	448	1140	124
IGLL1	1	1	0	0	0	1	0	0
DRICH1	6	3	2	10	5	27	2	3
RGL4	11	3	3	4	7	11	8	2
ZNF70	251	8	82	46	35	96	210	18
VPREB3	30	1	16	5	2	6	94	1
C22orf15	300	38	57	100	37	41	609	39
CHCHD10	4773	252	2120	939	604	832	5066	285
MMP11	1	8	1	39	26	77	2	24
SMARCB1	3341	508	948	1620	1215	2705	2772	757
DERL3	177	25	56	58	27	60	156	31
SLC2A11	128	44	73	170	141	186	121	52
MIF	34610	5012	8841	18704	11929	28092	35276	9231
GSTT2B	11	6	18	55	17	148	14	15
DDTL	3	4	1	4	5	14	0	3
DDT	39	220	19	842	760	1237	48	345
GSTT4	0	0	0	0	0	0	0	0
CABIN1	2729	147	863	528	351	689	2200	215
SUSD2	27	0	9	5	8	2	50	0
GGT5	8	1	5	0	1	0	5	0
SPECC1L	961	358	284	1371	933	1687	652	488
ADORA2A	1	2	0	12	4	11	0	5
UPB1	4	2	6	4	5	5	12	4
GUCD1	1485	35	464	130	97	278	1116	41
SNRPD3	10313	290	3571	1095	715	1645	7347	511
GGT1	7	5	2	8	7	15	1	4
LRRC75B	596	19	228	75	42	108	512	27
GGT1.1	1	0	2	0	0	0	0	0
PIWIL3	2	1	0	2	0	1	1	1
SGSM1	88	22	70	67	52	89	96	33
TMEM211	0	1	1	2	1	0	1	1
KIAA1671	556	113	269	419	264	433	422	140
CRYBB3	0	0	34	3	0	2	1	2
CRYBB2	587	33	186	103	78	95	601	67
LRP5L	154	13	48	44	30	90	116	16
IGLVIVOR22-1	0	0	0	0	0	0	0	0
GRK3	901	91	482	441	224	685	550	160
MYO18B	5	3	17	4	10	7	2	1
SEZ6L	538	19	242	74	51	218	219	95
ASPHD2	765	18	323	104	59	126	765	28
HPS4	2152	64	773	273	203	361	1876	83
SRRD	2223	56	704	213	138	333	1913	93
TFIP11	968	37	363	166	119	209	779	64
TPST2	1436	57	881	194	108	201	1764	61
CRYBB1	86	1	66	8	0	4	131	6
CRYBA4	108	10	262	23	6	35	149	8
MN1	1480	54	385	167	104	268	942	92
PITPNB	4719	192	1654	856	611	1292	3538	360
TTC28	2664	1587	658	5651	4379	9134	1820	2463
CHEK2	2486	98	847	360	212	489	2020	159
HSCB	1911	87	762	331	213	406	1521	107
CCDC117	2166	79	953	367	205	587	1925	108
XBP1	6303	181	2563	660	379	641	7298	224
ZNRF3	1870	465	353	1279	903	1549	1768	583
C22orf31	7	1	5	7	5	7	28	4
KREMEN1	210	29	77	128	76	95	236	34
EMID1	3593	175	1089	661	286	789	3179	206
RHBDD3	1537	69	778	245	173	308	1444	86
EWSR1	11873	349	3774	1355	949	1959	8926	521
GAS2L1	332	13	146	53	30	51	408	13
RASL10A	32	0	40	14	6	4	80	2
AP1B1	1326	48	528	194	114	226	1092	70
RFPL1	0	0	0	0	0	0	0	0
NEFH	120	4	64	9	2	19	183	1
THOC5	1742	48	599	196	145	338	1441	75
NIPSNAP1	12138	438	3724	1207	823	2050	9936	598
NF2	1473	84	502	263	192	340	1104	109
CABP7	6	1	11	3	1	0	10	0
ZMAT5	2800	90	901	334	228	488	2370	139
UQCR10	38924	1210	13127	4612	3174	5492	31399	1768
ASCC2	1682	53	571	209	137	284	1334	75
MTMR3	674	131	252	452	387	584	551	187
HORMAD2	13	0	8	3	6	9	7	0
LIF	47	4	21	5	0	7	27	4
OSM	0	0	1	0	0	0	0	0
CASTOR1	85	19	71	71	26	50	123	20
TBC1D10A	351	14	174	52	38	55	326	17
SF3A1	4566	118	1381	411	250	595	3151	131
CCDC157	906	27	227	149	143	211	730	65
RNF215	1106	46	460	154	91	202	1108	62
SEC14L2	260	24	92	103	85	142	306	35
MTFP1	460	96	169	450	221	572	485	208
SEC14L3	0	0	0	0	1	1	0	0
SEC14L4	8	0	9	2	4	4	23	0
SEC14L6	107	16	75	62	40	35	165	8
GAL3ST1	388	21	142	41	21	72	503	24
PES1	1912	53	744	168	120	244	1540	40
TCN2	1081	28	1123	160	107	147	1592	43
SLC35E4	343	11	131	72	84	106	315	24
DUSP18	666	30	149	95	97	165	550	44
OSBP2	254	58	85	172	206	286	220	89
MORC2	1608	69	564	297	223	440	1133	98
SMTN	893	32	351	65	54	127	877	38
SELENOM	2238	120	1269	465	341	453	4310	121
INPP5J	240	7	161	19	18	41	248	9
PLA2G3	985	29	167	65	29	88	943	47
RNF185	706	47	286	219	147	254	478	70
LIMK2	927	48	404	175	135	311	634	88
PIK3IP1	142	7	66	16	25	37	113	13
PATZ1	3533	81	896	263	203	480	2572	125
DRG1	3624	155	1388	647	430	757	2950	253
EIF4ENIF1	1900	81	571	326	290	488	1357	127
SFI1	1203	58	264	216	171	307	702	91
PISD	884	73	411	322	206	406	786	92
PRR14L	3188	186	1400	596	376	855	2299	267
DEPDC5	715	58	172	187	169	275	459	88
YWHAH	15447	335	4991	1370	1042	2434	10994	652
SLC5A1	1	0	0	0	0	1	0	0
C22orf42	14	0	8	1	1	2	7	0
RFPL2	9	1	0	0	8	0	5	0
IGLCOR22-1	0	0	0	0	0	0	1	0
SLC5A4	12	3	0	10	10	12	8	2
RFPL3	1	0	0	0	0	0	1	0
IGLCOR22-2	0	0	0	0	0	0	0	0
IGLVIVOR22-2	0	0	0	0	1	0	0	0
RTCB	9293	303	3628	1185	784	1501	7820	457
BPIFC	1	0	0	1	1	0	1	1
FBXO7	2616	119	957	409	277	467	2576	152
SYN3	38	43	61	188	145	212	67	49
TIMP3	435	162	210	684	481	454	497	91
LARGE1	787	469	368	2388	1506	1899	809	638
ISX	0	0	0	0	0	0	0	0
HMGXB4	9271	303	2257	1095	738	1436	6807	452
TOM1	530	32	341	110	77	120	648	50
HMOX1	109	11	101	17	12	17	230	4
MCM5	6170	119	1613	415	334	755	4139	170
RASD2	4	1	10	0	1	3	17	0
MB	4	0	15	1	1	3	24	0
APOL6	2	3	6	1	0	0	0	0
APOL5	0	0	0	0	1	1	0	0
RBFOX2	2000	472	1123	1624	1160	2462	1937	724
APOL3	0	0	0	0	0	0	0	0
APOL4	3	2	4	1	0	2	9	1
APOL2	617	19	154	70	67	119	513	23
APOL1	7	2	1	5	3	3	9	0
MYH9	2750	161	1656	883	352	717	3030	201
TXN2	9506	261	3188	862	706	1400	6580	439
FOXRED2	1114	24	266	105	80	125	727	37
EIF3D	13569	388	4688	1419	1012	2055	11447	592
CACNG2	0	1	0	5	2	4	1	1
IFT27	4065	149	1468	492	363	707	3476	209
PVALB	154	19	182	25	11	36	153	15
NCF4	0	0	0	0	0	0	0	0
CSF2RB	0	0	0	0	0	0	0	0
TEX33	0	0	0	0	0	2	0	0
TST	3277	87	1191	511	336	535	2330	159
MPST	11827	303	3026	918	732	1547	7665	468
KCTD17	2882	57	661	240	173	361	2040	88
TMPRSS6	0	0	1	2	0	6	3	1
IL2RB	6	0	2	0	0	0	2	0
C1QTNF6	476	18	189	67	63	128	409	27
SSTR3	14	0	2	2	1	3	19	0
RAC2	25	0	13	3	4	1	59	0
CYTH4	2	0	0	0	0	0	2	0
ELFN2	11	1	3	0	0	3	12	1
MFNG	362	9	51	8	14	56	217	16
CARD10	88	1	44	9	3	9	64	4
CDC42EP1	379	27	132	82	49	44	759	12
LGALS2	7	2	0	11	3	9	2	2
GGA1	2932	75	760	267	208	340	1977	118
SH3BP1	486	17	279	64	32	78	459	23
PDXP	50	42	28	217	131	304	47	102
LGALS1	4013	95	2563	547	139	247	7794	139
NOL12	843	71	285	269	190	444	722	103
TRIOBP	4739	126	2027	477	406	789	4083	227
H1F0	11603	286	2382	1481	1054	1893	11725	497
GCAT	3083	89	1025	260	161	477	2254	116
GALR3	21	1	20	3	0	0	44	0
ANKRD54	1626	53	436	168	103	272	1231	53
EIF3L	28573	452	10108	1485	1326	2678	23636	691
MICALL1	446	29	184	92	77	137	343	37
C22orf23	83	7	35	26	27	36	103	12
POLR2F	14044	328	4879	1411	935	1959	10376	616
SOX10	45	10	25	32	26	40	76	14
PICK1	1097	36	462	120	88	197	926	54
SLC16A8	151	5	57	24	37	22	272	14
BAIAP2L2	164	12	79	33	20	33	136	17
PLA2G6	307	24	107	77	47	90	308	50
MAFF	287	10	100	45	29	43	253	19
TMEM184B	1183	72	481	258	203	263	995	76
CSNK1E	5003	369	1901	1130	938	1743	4028	506
KCNJ4	153	12	46	29	20	31	258	12
KDELR3	521	35	207	143	88	122	1064	24
DDX17	26475	853	7686	3234	2300	4851	16580	1119
DMC1	376	10	95	60	55	125	210	28
FAM227A	2167	120	493	399	477	561	1588	186
CBY1	4185	150	1362	585	468	779	3366	199
TOMM22	12617	297	4895	1248	743	1744	9910	501
JOSD1	1393	73	526	250	168	340	1037	75
GTPBP1	1478	66	473	233	175	341	1031	85
SUN2	689	41	166	63	51	132	442	44
DNAL4	1827	60	585	170	131	274	1557	67
NPTXR	183	1	59	15	31	28	54	7
CBX6	3117	58	792	224	174	344	2222	88
APOBEC3A	0	1	0	1	3	2	0	3
APOBEC3B	47	1	10	0	3	5	35	1
APOBEC3C	406	8	351	23	19	41	462	15
APOBEC3D	7	1	5	7	4	3	3	1
APOBEC3F	96	5	73	16	17	22	134	10
APOBEC3G	37	1	10	4	8	6	46	2
APOBEC3H	16	6	12	4	0	4	16	0
CBX7	111	5	66	22	14	34	153	6
PDGFB	13	1	5	5	3	2	14	0
RPL3	286913	9897	115277	31657	25245	49254	232001	13923
SYNGR1	1540	80	799	207	98	261	1212	104
TAB1	1012	35	306	159	133	200	713	62
MGAT3	387	25	110	97	90	153	273	41
MIEF1	2317	39	725	232	138	334	1592	91
AL022312.1	0	0	0	0	0	0	0	0
ATF4	7873	222	2377	829	435	1181	6532	342
RPS19BP1	10647	282	3822	1166	583	1291	8879	422
CACNA1I	4	1	2	4	3	4	13	1
ENTHD1	0	1	0	1	1	3	0	0
GRAP2	1	0	0	24	11	14	2	7
Z82206.1	1	0	1	0	0	0	1	0
FAM83F	62	2	51	3	2	6	73	4
TNRC6B	7900	598	4153	2219	1676	2910	6321	827
ADSL	2066	218	622	657	433	1037	1419	380
SGSM3	355	65	120	297	146	314	255	93
MRTFA	671	250	313	1157	670	1003	510	288
MCHR1	30	0	53	5	3	2	90	0
SLC25A17	1636	76	696	320	215	367	1415	110
ST13	23321	865	11399	3626	2314	5008	21029	1250
XPNPEP3	2239	139	784	433	367	669	1764	167
DNAJB7	38	1	5	5	7	10	28	4
RBX1	34803	877	11135	3292	2279	4647	27444	1338
EP300	4078	228	1543	898	656	1221	2918	318
L3MBTL2	1825	60	551	220	126	297	1420	89
CHADL	143	4	26	18	27	24	119	4
RANGAP1	2928	87	936	297	191	394	2213	128
ZC3H7B	1083	57	383	218	181	303	681	80
TEF	183	12	96	28	31	55	161	14
TOB2	1847	77	616	304	216	483	1527	121
PHF5A	10543	215	3076	782	633	1349	7214	291
ACO2	3564	139	1457	475	347	562	3007	185
POLR3H	1954	58	735	234	186	318	1599	83
CSDC2	143	6	32	15	17	49	80	15
PMM1	1495	71	715	252	172	286	1414	104
DESI1	1569	48	702	204	129	293	1175	54
XRCC6	26453	712	8686	2804	1640	3859	18801	1162
SNU13	22678	591	9627	2277	1417	3010	18062	906
MEI1	10	2	7	9	9	15	4	2
CCDC134	163	36	69	122	104	151	147	56
SREBF2	2993	399	884	1616	1180	2033	2303	571
SHISA8	15	1	10	0	0	0	30	1
TNFRSF13C	296	3	86	23	8	38	206	14
CENPM	6979	164	1763	511	285	830	4597	244
LINC00634	131	3	48	10	16	17	101	8
SEPTIN3	1610	41	308	143	145	340	820	67
WBP2NL	15	4	1	37	9	26	5	8
NAGA	637	23	297	66	56	76	627	33
PHETA2	2	6	0	0	12	27	1	6
SMDT1	5752	305	1698	898	1153	1335	4842	423
NDUFA6	9245	452	3031	1753	1141	2506	7101	776
CYP2D6	12	1	5	1	0	7	8	0
TCF20	31	132	10	499	313	581	25	219
NFAM1	3	1	9	0	2	2	6	3
RRP7A	5093	73	1697	253	156	353	2597	155
SERHL2	39	14	12	62	46	62	55	20
POLDIP3	2614	77	813	303	222	432	2111	130
CYB5R3	5913	177	2086	727	480	894	5465	291
ATP5MGL	217	1	46	6	6	2	144	2
A4GALT	180	7	106	65	12	22	262	8
ARFGAP3	2628	142	1176	749	467	814	2456	200
PACSIN2	1715	123	774	575	351	686	1496	208
TTLL1	1381	71	352	278	188	290	1071	97
BIK	57	2	107	7	10	7	83	5
MCAT	1702	55	497	169	131	295	1335	71
TSPO	3621	78	1119	365	208	476	2026	134
TTLL12	1575	25	532	88	78	171	1165	38
SCUBE1	1198	25	582	262	104	456	413	62
MPPED1	478	8	110	43	136	348	27	67
EFCAB6	118	42	12	231	187	254	84	76
SULT4A1	192	10	86	44	16	87	250	10
PNPLA5	5	0	7	0	0	0	9	0
PNPLA3	1315	57	270	192	106	210	1043	91
SAMM50	4422	122	1782	514	337	682	4531	214
PARVB	870	29	204	81	67	101	698	40
PARVG	5	1	2	3	2	2	3	0
SHISAL1	135	4	18	6	3	18	75	8
RTL6	1335	17	329	79	74	201	716	40
PRR5	542	51	525	108	80	143	495	48
ARHGAP8	51	9	89	33	25	44	46	26
PHF21B	1156	292	237	903	906	1559	813	474
NUP50	4015	108	1197	493	354	833	2538	187
KIAA0930	1227	25	440	87	58	150	802	53
UPK3A	16	1	8	2	2	4	59	1
FAM118A	883	39	323	151	83	204	855	55
SMC1B	31	7	2	20	12	25	33	13
RIBC2	644	19	41	73	67	105	296	24
FBLN1	18207	409	4634	484	480	1883	11797	983
ATXN10	21267	747	5421	3066	2366	3773	15692	1241
WNT7B	8485	122	543	653	608	738	2456	339
PPARA	398	36	178	145	114	181	250	46
CDPF1	828	21	248	76	47	100	670	35
PKDREJ	1	1	0	1	0	0	0	0
TTC38	1295	39	510	197	104	203	1543	55
GTSE1	6851	179	1786	606	393	1049	3795	366
TRMU	2209	71	768	217	184	320	1630	114
CELSR1	461	80	122	329	236	363	515	164
GRAMD4	400	31	211	95	56	91	477	29
CERK	2725	104	928	339	244	500	2233	146
TBC1D22A	931	189	367	765	538	883	749	302
TAFA5	2412	164	844	596	494	1033	1288	310
BRD1	2715	144	880	510	382	744	2031	197
ZBED4	2191	104	552	399	283	636	1400	152
ALG12	782	45	339	131	84	156	867	49
CRELD2	3786	98	1080	315	259	457	3182	104
PIM3	2556	48	1352	167	93	296	1914	87
IL17REL	0	0	0	0	0	1	0	0
TTLL8	1	1	0	0	0	2	0	0
MLC1	11	0	1	2	1	3	1	0
MOV10L1	8	0	3	1	1	1	26	0
PANX2	132	3	52	6	11	29	121	4
TRABD	3369	59	1012	182	124	333	2361	99
SELENOO	671	67	263	231	173	441	631	117
TUBGCP6	509	9	179	54	49	78	370	21
HDAC10	553	12	241	46	32	57	472	19
MAPK12	2321	23	653	123	119	307	979	71
MAPK11	1024	9	105	33	65	112	383	28
PLXNB2	2177	57	543	213	130	279	1700	72
DENND6B	996	44	159	130	180	264	705	67
PPP6R2	1716	182	578	710	647	1003	1349	261
SBF1	1099	28	412	109	74	128	893	35
ADM2	68	3	45	27	5	10	92	1
MIOX	2	1	2	0	1	2	7	0
LMF2	1909	46	654	187	112	230	1746	61
NCAPH2	2857	60	775	186	166	332	1811	91
SCO2	2120	53	589	196	138	262	1826	75
TYMP	571	15	163	35	30	62	416	20
ODF3B	355	18	62	50	58	83	593	21
KLHDC7B	0	0	1	0	0	0	1	0
SYCE3	96	7	13	15	15	10	95	4
CPT1B	17	7	11	20	24	37	11	9
CHKB	253	112	54	306	283	343	230	207
MAPK8IP2	995	9	202	53	95	172	552	50
ARSA	440	22	198	62	31	69	460	17
SHANK3	323	26	84	101	73	134	264	22
ACR	2	0	0	2	1	0	1	1
RABL2B	1752	65	475	212	150	297	1221	77
FP565260.4	0	0	0	0	0	0	0	0
FP565260.3	1	0	0	0	0	0	0	0
GATD3B	2	12	5	105	46	88	4	33
FP565260.1	2	0	1	1	1	1	1	4
FP565260.6	67	1	29	3	4	6	55	1
CU639417.1	0	0	0	0	0	0	0	0
SIK1B	9	1	5	2	0	4	14	0
CBSL	1	5	6	1	0	3	2	0
U2AF1L5	440	1	106	54	43	62	175	24
CRYAA2	0	0	0	0	0	0	0	0
SMIM11B	0	1	0	3	1	3	0	2
FAM243B	0	0	0	1	0	1	0	0
SMIM34B	0	0	0	0	0	0	0	0
KCNE1B	1	0	0	0	0	0	0	0
TPTE	0	4	0	21	7	19	3	4
IGHV1OR21-1	0	0	0	0	0	0	0	0
POTED	0	0	0	0	0	0	0	0
LIPI	0	25	1	108	74	162	1	30
RBM11	181	10	43	53	44	49	186	23
HSPA13	2860	104	1036	380	314	671	2573	142
SAMSN1	12	0	3	6	4	3	10	1
NRIP1	3726	251	1409	1276	897	1547	2029	460
USP25	968	244	309	936	573	1251	800	280
CXADR	12931	461	6125	1969	1193	2386	10943	619
BTG3	7345	357	1630	939	624	1412	5332	413
C21orf91	1081	73	417	235	178	381	889	87
CHODL	198	29	34	88	81	143	109	55
TMPRSS15	2	1	2	1	0	1	1	1
NCAM2	77	29	45	195	95	447	36	56
MRPL39	3988	123	1322	455	200	675	2863	211
JAM2	2702	113	374	496	828	973	2105	203
ATP5PF	34969	904	12431	4029	2569	5287	26450	1428
GABPA	1519	101	539	317	266	626	1115	139
APP	17921	832	5182	3069	1849	4309	14353	1201
CYYR1	3248	266	481	810	431	986	2337	476
ADAMTS1	680	18	135	67	51	109	562	68
ADAMTS5	26	1	11	2	4	10	20	5
N6AMT1	940	49	295	128	75	173	815	39
LTN1	2541	145	1050	537	324	773	2129	180
RWDD2B	475	32	269	113	81	101	11	0
USP16	5829	210	1736	780	518	1149	3924	318
CCT8	27285	1090	11111	3302	1751	4720	21970	1163
MAP3K7CL	0	1	1	5	1	9	1	0
BACH1	2032	240	659	972	719	1343	1506	349
GRIK1	77	104	12	506	803	426	165	85
CLDN17	0	0	0	0	0	0	0	0
CLDN8	0	0	0	0	0	0	0	0
KRTAP24-1	0	0	0	0	0	0	0	0
KRTAP25-1	0	0	0	0	0	0	0	0
KRTAP26-1	0	0	0	0	0	0	0	0
KRTAP27-1	0	0	0	0	0	0	0	0
KRTAP23-1	0	0	0	0	0	0	0	0
KRTAP13-2	0	0	0	0	0	0	0	0
KRTAP13-1	1	0	1	0	0	0	0	0
KRTAP13-3	0	0	0	0	0	0	0	0
KRTAP13-4	5	0	2	1	0	0	28	0
KRTAP15-1	0	0	0	0	0	0	0	0
KRTAP19-1	0	0	1	0	0	0	0	0
KRTAP19-2	0	0	0	0	0	0	0	0
KRTAP19-3	0	0	0	0	0	0	0	0
KRTAP19-4	0	0	0	0	0	0	0	0
KRTAP19-5	0	0	0	0	0	0	0	0
KRTAP19-6	0	0	0	0	0	0	0	0
KRTAP19-7	0	0	0	0	0	0	0	0
KRTAP22-2	0	0	0	0	0	0	0	0
KRTAP6-3	0	0	0	0	0	0	0	0
KRTAP6-2	0	0	0	0	0	0	0	0
KRTAP22-1	0	0	0	0	0	0	0	0
KRTAP6-1	0	0	0	0	0	0	0	0
KRTAP20-1	0	0	0	0	0	0	0	0
KRTAP20-4	0	0	0	0	0	0	0	0
KRTAP20-2	0	0	0	0	0	0	0	0
KRTAP20-3	0	0	0	0	0	0	0	0
KRTAP21-3	0	0	0	0	0	0	0	0
KRTAP21-2	0	0	0	0	0	0	0	0
KRTAP21-1	0	0	0	0	0	0	0	0
KRTAP8-1	0	0	0	0	0	0	0	0
KRTAP7-1	0	0	0	0	0	0	0	0
KRTAP11-1	0	0	0	0	0	0	0	0
KRTAP19-8	0	0	0	0	0	0	0	0
TIAM1	2437	643	1344	3027	1477	2563	1658	741
SOD1	36023	1116	11873	4072	2760	5019	27010	1757
SCAF4	2569	161	865	642	413	834	1699	254
HUNK	716	109	273	356	180	451	420	139
MIS18A	8099	191	3393	850	459	1184	6438	402
MRAP	1	0	0	9	4	10	0	5
URB1	753	42	268	143	117	200	616	56
EVA1C	28	29	34	71	106	113	54	40
TCP10L	148	9	75	26	10	33	212	7
CFAP298	5038	219	2302	935	576	1224	4673	342
SYNJ1	200	36	93	143	104	149	181	61
PAXBP1	2917	261	925	859	673	1576	2082	477
C21orf62	1	9	2	52	84	55	1	17
OLIG2	65	11	4	5	4	5	89	4
OLIG1	135	21	8	18	3	6	213	4
IFNAR2	908	90	274	296	220	431	697	119
IL10RB	41	20	10	71	79	111	41	46
IFNAR1	1928	93	504	296	270	482	1284	140
IFNGR2	135	161	52	477	412	666	102	201
TMEM50B	495	109	181	341	241	371	732	113
DNAJC28	2	8	2	28	21	42	4	8
GART	3922	172	918	491	343	802	2945	281
SON	22696	654	7814	2774	1927	4302	17310	1134
DONSON	1875	61	568	296	187	311	1531	121
CRYZL1	3374	176	949	604	531	816	2781	264
ITSN1	5272	485	2055	2150	1282	2306	4555	741
ATP5PO	33848	1113	12101	3885	2626	5824	25055	1673
MRPS6	21082	626	9635	3145	1687	2998	17088	945
SLC5A3	3441	142	1744	703	305	660	3159	187
KCNE2	3	2	7	7	5	9	12	3
SMIM11A	0	1	0	5	5	16	2	5
FAM243A	0	0	0	0	0	0	0	0
SMIM34A	0	0	0	0	0	0	0	0
KCNE1	8	1	1	4	0	6	7	1
RCAN1	450	17	224	66	67	93	390	35
CLIC6	17	9	29	121	6	16	49	4
RUNX1	13	6	21	30	20	25	21	11
SETD4	1517	76	490	196	112	319	885	92
CBR1	3760	121	1006	458	257	348	3160	95
CBR3	89	6	51	20	6	18	141	7
DOP1B	386	47	127	175	120	258	304	57
MORC3	1593	132	588	520	352	679	1319	197
CHAF1B	1666	36	425	207	115	330	1092	96
CLDN14	0	1	0	2	1	2	1	2
SIM2	13	3	2	12	9	9	12	6
HLCS	878	138	283	541	392	619	711	182
RIPPLY3	689	45	77	90	45	46	4268	37
PIGP	2754	101	820	290	135	284	1773	78
TTC3	19708	990	5405	3514	2054	4440	13661	1377
VPS26C	1493	96	695	305	211	435	1120	108
DYRK1A	2065	424	713	1561	1155	2232	1551	695
KCNJ6	16	5	5	7	12	14	18	2
KCNJ15	1	0	0	0	0	0	2	0
ERG	1	2	6	4	1	5	1	0
ETS2	501	24	371	92	53	100	654	29
PSMG1	7845	189	2567	662	356	873	5502	273
BRWD1	4113	333	1482	1085	962	1749	3052	559
HMGN1	52685	1485	19630	6187	4075	10578	46775	2477
GET1	4457	153	1617	586	499	876	3863	272
LCA5L	90	15	54	47	62	57	170	25
SH3BGR	20	16	42	84	58	112	19	44
B3GALT5	155	16	60	92	84	182	108	39
IGSF5	47	8	20	35	14	38	79	11
PCP4	217	50	355	190	164	462	1243	83
DSCAM	0	3	0	31	27	23	13	10
BACE2	329	55	71	81	68	203	537	65
FAM3B	22	0	8	1	1	3	42	2
MX2	98	19	181	96	18	48	189	19
MX1	132	6	47	14	18	36	168	13
TMPRSS2	9	2	29	3	1	0	15	0
RIPK4	29	1	49	3	6	4	40	1
PRDM15	350	23	90	109	71	131	227	37
C2CD2	558	35	232	138	93	191	312	61
ZBTB21	759	34	248	157	106	254	449	42
UMODL1	43	3	2	0	0	0	3	0
ABCG1	127	10	24	6	33	44	152	14
TFF3	20	0	6	4	2	6	47	1
TFF2	0	0	2	0	0	0	0	0
TFF1	1	1	0	0	2	0	0	1
TMPRSS3	3	0	0	0	0	0	6	0
UBASH3A	0	0	0	0	0	0	0	0
RSPH1	375	13	70	75	73	76	219	21
SLC37A1	317	19	186	66	49	112	175	33
PDE9A	1581	94	381	270	357	617	903	196
WDR4	1209	45	339	113	69	186	666	66
NDUFV3	9951	308	2783	1158	853	1442	7133	389
PKNOX1	1269	61	434	222	213	399	913	107
CBS	36	6	5	24	5	26	16	9
U2AF1	53	16	22	8	5	62	180	6
CRYAA	0	0	0	0	0	0	0	0
SIK1	8	0	1	0	1	0	16	1
HSF2BP	106	14	25	32	38	64	113	12
H2BFS	0	0	0	0	0	0	0	0
RRP1B	7492	212	2228	863	578	1327	4860	297
PDXK	2986	122	1227	510	288	526	2726	176
CSTB	15100	398	9832	2610	1683	3190	16049	881
RRP1	3765	66	1144	241	187	395	2781	106
AGPAT3	667	85	199	258	225	273	646	82
TRAPPC10	1204	112	476	488	303	626	911	175
PWP2	153	5	49	13	4	16	137	1
GATD3A	127	26	79	27	14	142	99	29
ICOSLG	1	2	2	3	1	3	0	2
DNMT3L	0	0	0	1	0	0	2	0
AIRE	2	0	4	0	0	0	0	0
PFKL	3623	61	1478	297	143	462	3188	145
CFAP410	2296	45	594	127	110	212	1541	55
TRPM2	2	0	2	2	1	4	6	1
LRRC3	327	6	82	29	6	60	249	8
TSPEAR	5	4	3	15	11	8	4	7
KRTAP10-1	0	0	0	0	0	0	1	0
KRTAP10-2	2	1	0	1	0	0	1	0
KRTAP10-3	0	0	0	0	0	0	0	0
KRTAP10-4	0	0	0	5	0	4	0	1
KRTAP10-5	0	0	0	0	0	0	0	0
KRTAP10-6	0	0	1	0	0	0	0	0
KRTAP10-7	0	0	0	0	0	0	1	0
KRTAP10-8	0	0	0	0	0	0	0	0
KRTAP10-9	0	0	0	0	0	0	0	0
KRTAP10-10	0	0	0	0	0	0	0	0
KRTAP10-11	0	0	0	0	0	0	0	0
KRTAP12-4	0	0	0	0	0	0	0	0
KRTAP12-3	0	0	0	0	0	0	0	0
KRTAP12-2	0	0	0	0	0	0	0	0
KRTAP12-1	1	0	1	0	0	0	0	0
KRTAP10-12	0	0	0	0	0	0	0	0
UBE2G2	5122	194	1935	687	443	1271	3749	356
SUMO3	13990	270	3255	1313	776	1793	10590	502
PTTG1IP	8557	299	3066	1022	792	1978	7598	487
ITGB2	2	1	0	1	5	2	11	2
FAM207A	3284	101	1232	380	233	525	2441	134
ADARB1	432	100	223	319	128	268	340	90
POFUT2	1051	57	504	167	86	234	1213	57
COL18A1	4608	184	1691	550	281	587	4931	198
SLC19A1	857	21	317	91	41	133	516	36
PCBP3	132	28	90	105	86	162	102	45
COL6A1	3337	109	1434	410	321	640	3608	126
COL6A2	1266	52	542	149	73	106	2224	38
FTCD	24	4	44	15	3	2	28	0
SPATC1L	16	16	10	433	155	41	29	121
LSS	97	56	21	376	260	400	65	117
MCM3AP	1922	100	603	353	234	488	1539	127
YBEY	3412	136	1104	328	183	725	2278	161
C21orf58	4784	104	1232	389	330	815	2619	181
PCNT	2266	64	589	307	205	642	1471	177
AP000471.1	1	0	0	0	0	0	4	0
DIP2A	2059	133	670	510	346	669	1453	204
S100B	841	16	130	102	130	112	703	72
PRMT2	6145	260	1854	1061	862	1590	5374	454
MT-ND1	156313	4704	78774	16766	11865	30027	192646	7137
MT-ND2	103675	3322	36599	12434	7465	18981	131369	5567
MT-CO1	488854	29447	279774	102214	67410	160724	593225	36449
MT-CO2	959954	30447	388736	126003	70981	162336	757616	44469
MT-ATP8	2846	891	1001	3491	2214	5264	2389	1386
MT-ATP6	508336	21406	210423	89146	59729	141231	423831	34766
MT-CO3	1035238	34335	365783	135510	66886	187280	738480	41988
MT-ND3	215687	4814	86169	23354	14025	34669	183097	8466
MT-ND4L	15534	424	5090	1520	865	1817	10628	569
MT-ND4	333716	11329	166244	41892	22424	52283	323921	16582
MT-ND5	88298	3550	26512	9482	6640	14420	72174	4807
MT-ND6	14572	608	5079	2506	1657	3901	13910	785
MT-CYB	423996	13626	194711	69852	34419	99186	354404	22510
AC133551.1	0	0	0	0	0	0	0	0
AC136612.1	0	0	0	0	0	0	0	0
AC136616.1	0	0	0	0	0	0	0	0
AC136616.3	0	0	0	0	0	0	0	0
AC136616.2	0	0	0	0	0	0	0	0
AC141272.1	0	0	0	0	0	0	0	0
AC136352.3	0	0	0	0	0	0	0	0
AC136352.2	0	0	0	0	0	0	0	0
AC171558.3	0	0	0	0	0	0	0	0
AC171558.1	0	0	0	0	0	0	0	0
BX004987.1	0	0	0	0	0	0	0	0
AC145212.1	0	0	0	0	0	0	0	0
MAFIP	0	0	0	0	0	0	0	0
AC011841.1	0	0	0	2	2	1	0	0
AC011043.1	2281	70	535	95	130	202	1285	107
AC011043.2	0	0	0	0	0	1	0	0
AL592183.1	3	4	0	168	7	10	0	33
AC007325.1	0	0	0	0	0	0	0	0
AC007325.4	83	10	86	24	15	29	174	6
AC007325.2	34	1	27	3	1	7	5	4
BX072566.1	0	0	0	0	0	0	0	0
AL354822.1	0	0	0	0	0	0	0	0
AC023491.2	0	0	0	0	0	0	0	0
AC004556.3	3343	0	10	0	0	0	26	0
AC233755.2	0	0	0	0	0	0	0	0
AC233755.1	0	0	0	0	0	0	0	0
AC240274.1	1926	47	235	124	145	149	817	51
AC213203.2	0	0	0	0	0	0	0	0
AC213203.1	0	0	0	0	0	0	0	0
