endoderm_NA18511	endoderm_NA18856	endoderm_NA18858	endoderm_NA18912	endoderm_NA19140	endoderm_NA19159	endoderm_NA19160	endoderm_NA19210
OR4F5	0	0	0	0	0	0	0	0
OR4F29	0	0	0	0	0	0	0	0
OR4F16	0	0	0	0	0	0	0	0
SAMD11	368	121	25	62	11	1	476	113
NOC2L	1029	211	237	176	9	7	1680	166
KLHL17	66	11	24	6	3	0	108	11
PLEKHN1	55	12	94	2	0	0	138	5
PERM1	0	0	0	0	0	0	1	0
HES4	1871	432	559	201	36	25	2415	221
ISG15	1533	336	919	642	13	16	3320	201
AGRN	623	103	183	85	9	9	1131	81
RNF223	6	0	54	0	0	0	5	0
C1orf159	96	91	36	69	8	10	147	71
TTLL10	5	0	1	2	0	0	8	4
TNFRSF18	0	0	1	0	0	0	11	0
TNFRSF4	4	0	1	0	0	0	1	0
SDF4	1407	311	356	332	40	16	2250	272
B3GALT6	560	125	149	93	6	5	931	67
C1QTNF12	48	9	16	20	1	0	138	11
UBE2J2	1128	253	269	231	29	15	1838	190
SCNN1D	5	3	1	1	0	0	14	1
ACAP3	219	50	76	61	3	0	395	48
PUSL1	529	88	165	123	7	4	881	101
INTS11	895	165	229	170	18	9	1310	148
CPTP	166	27	81	29	3	0	264	22
TAS1R3	1	0	0	0	0	0	2	0
DVL1	287	53	104	44	1	1	522	47
MXRA8	370	24	641	103	5	1	717	26
AURKAIP1	5227	1133	1550	1172	110	46	8283	823
CCNL2	798	217	221	161	21	10	1322	163
MRPL20	3928	811	1152	765	83	36	7053	619
ANKRD65	95	4	86	3	0	1	62	5
TMEM88B	0	0	1	0	0	0	0	0
VWA1	238	30	367	28	1	3	442	23
ATAD3C	3	0	7	1	0	0	8	2
ATAD3B	464	63	77	65	5	2	661	61
ATAD3A	519	109	126	105	8	3	978	90
TMEM240	53	18	12	9	3	2	121	9
SSU72	3629	701	1105	689	74	30	6081	581
FNDC10	91	11	29	5	0	0	186	5
MIB2	383	111	119	44	4	4	722	57
MMP23B	136	30	133	15	2	4	222	36
CDK11B	359	124	110	106	11	8	635	132
SLC35E2B	164	62	41	51	7	6	292	44
CDK11A	355	71	74	89	12	6	639	70
SLC35E2A	72	49	16	31	4	3	166	36
NADK	145	69	48	67	8	2	248	74
GNB1	2977	1275	777	1218	138	53	4813	1055
CALML6	0	0	0	0	0	0	1	0
TMEM52	68	27	6	17	1	0	192	22
CFAP74	3	4	1	0	0	0	5	3
GABRD	3	0	1	0	0	0	2	0
PRKCZ	456	282	104	189	16	8	951	191
FAAP20	2474	716	446	429	65	22	3998	601
SKI	266	139	53	118	13	5	427	136
MORN1	49	59	19	43	8	4	102	59
RER1	2215	651	622	623	59	27	3810	417
PEX10	418	104	118	96	6	5	697	77
PLCH2	0	0	0	0	0	1	1	0
PANK4	4	27	2	19	2	1	12	13
HES5	0	57	0	54	2	1	1	37
TNFRSF14	0	0	0	0	0	0	0	1
PRXL2B	11	33	3	19	8	0	15	21
MMEL1	0	0	0	0	0	0	0	1
TTC34	0	1	0	7	1	0	1	1
ACTRT2	0	0	0	0	0	0	7	0
PRDM16	63	39	1	19	2	0	69	38
ARHGEF16	447	66	75	59	7	1	640	76
MEGF6	133	55	18	31	12	6	182	64
TPRG1L	902	165	148	157	22	3	1434	142
WRAP73	305	52	104	43	5	2	567	57
TP73	27	4	13	1	1	0	53	1
CCDC27	0	1	0	0	1	0	1	1
SMIM1	233	90	87	74	7	3	584	46
LRRC47	596	155	184	118	18	7	862	118
CEP104	242	95	106	75	12	2	341	69
DFFB	69	24	19	20	0	1	94	21
C1orf174	826	144	205	144	24	4	1539	136
AJAP1	97	13	4	22	0	2	67	20
NPHP4	53	83	13	50	11	8	119	67
KCNAB2	32	14	14	14	2	1	77	19
CHD5	2	1	1	4	0	0	6	2
RPL22	4958	6971	1244	5862	673	325	9471	5630
RNF207	24	5	7	4	0	0	15	2
ICMT	642	137	171	128	16	8	1094	124
HES3	0	0	1	0	0	0	0	0
GPR153	16	11	22	3	0	1	37	5
ACOT7	543	185	262	115	17	2	937	150
HES2	72	4	171	5	0	1	32	1
ESPN	293	110	84	97	8	10	739	101
TNFRSF25	91	18	10	14	0	1	109	14
PLEKHG5	142	63	41	37	3	3	201	38
NOL9	345	139	78	102	19	4	534	102
TAS1R1	0	0	0	0	0	0	2	3
ZBTB48	178	68	45	50	4	3	288	40
KLHL21	68	29	35	27	4	5	146	15
PHF13	210	69	66	49	5	3	422	68
THAP3	280	81	80	52	9	4	522	58
DNAJC11	371	231	97	179	18	9	578	161
CAMTA1	3045	1286	743	1073	122	57	5392	1042
VAMP3	521	159	222	112	8	7	932	91
PER3	21	25	11	17	1	1	69	20
UTS2	19	3	1	10	0	0	10	5
TNFRSF9	4	1	4	1	0	0	2	1
PARK7	9717	2463	1914	2206	228	106	15118	1846
ERRFI1	1005	770	283	678	57	23	1669	485
SLC45A1	2	1	4	3	0	2	6	8
RERE	1328	3040	316	2125	296	143	2428	2498
ENO1	25069	4220	4400	4268	479	231	23070	5236
CA6	0	1	0	0	0	0	0	0
SLC2A7	2	27	0	26	1	0	1	15
SLC2A5	72	65	0	56	4	0	203	25
GPR157	116	22	55	33	0	1	157	22
H6PD	177	78	47	51	6	2	233	65
SPSB1	185	124	66	149	11	3	239	130
SLC25A33	819	449	125	314	31	22	1540	284
TMEM201	107	28	22	14	4	3	188	16
PIK3CD	22	8	13	9	1	1	37	12
CLSTN1	668	308	154	190	24	14	1038	208
CTNNBIP1	1355	327	459	282	34	21	2172	274
LZIC	837	333	249	251	44	22	1567	235
NMNAT1	111	58	31	27	4	0	218	39
RBP7	25	2	25	11	0	0	67	4
UBE4B	397	354	106	345	41	20	730	340
KIF1B	885	710	173	541	63	30	1296	520
PGD	2399	511	492	532	41	17	3519	514
CENPS	418	163	84	139	16	9	727	100
CORT	4	22	0	7	1	1	3	8
DFFA	1460	331	363	277	41	19	2472	302
PEX14	230	270	63	238	23	14	368	279
CASZ1	52	26	11	9	2	0	51	24
C1orf127	0	0	0	0	0	0	0	1
TARDBP	827	370	173	293	34	20	1471	262
MASP2	99	17	2	43	0	0	251	12
SRM	3028	557	770	570	63	24	5177	483
EXOSC10	576	159	119	144	23	5	885	120
MTOR	462	248	99	200	29	12	726	166
ANGPTL7	1	3	2	1	0	0	0	3
UBIAD1	214	62	41	50	5	4	337	45
DISP3	14	10	1	3	0	0	25	8
FBXO2	1051	414	848	314	31	9	2350	327
FBXO44	258	95	82	53	8	0	480	89
FBXO6	384	92	37	125	8	4	824	89
MAD2L2	1680	421	435	188	29	10	3106	305
DRAXIN	125	30	36	13	3	0	281	18
AGTRAP	1372	344	496	321	23	8	2585	249
C1orf167	7	5	6	3	1	0	32	4
MTHFR	137	49	52	48	4	2	309	38
CLCN6	131	125	37	99	10	8	236	100
NPPA	0	4	0	1	0	0	6	8
NPPB	75	0	111	33	5	0	40	8
KIAA2013	640	166	206	191	19	6	1145	124
PLOD1	486	122	199	106	9	9	805	81
MFN2	211	112	58	68	11	2	356	55
MIIP	748	166	156	167	16	9	1473	143
TNFRSF8	1	4	8	1	0	0	7	6
TNFRSF1B	7	1	3	6	1	1	26	2
VPS13D	172	300	40	357	27	8	283	270
DHRS3	775	298	73	211	34	15	1183	206
AADACL4	1	0	0	0	1	0	1	0
AADACL3	1	0	0	0	0	0	0	1
C1orf158	1	2	0	1	0	0	0	0
PRAMEF12	0	0	1	0	0	0	0	0
PRAMEF1	0	0	0	0	0	0	0	0
PRAMEF11	0	0	0	0	0	0	0	0
HNRNPCL1	2	0	0	0	0	0	2	0
PRAMEF2	0	0	0	0	0	0	0	0
PRAMEF4	0	0	0	0	0	0	0	0
PRAMEF10	0	0	0	0	0	0	0	0
PRAMEF7	0	0	0	0	0	0	0	0
PRAMEF6	0	0	0	0	0	0	0	0
PRAMEF27	0	0	0	0	0	0	0	0
HNRNPCL3	0	0	0	0	0	0	0	0
PRAMEF25	0	0	0	0	0	0	0	0
HNRNPCL2	0	0	0	0	0	0	0	0
PRAMEF26	0	0	0	0	0	0	0	0
HNRNPCL4	0	0	0	0	0	0	0	0
PRAMEF9	0	0	0	0	0	0	0	0
PRAMEF13	0	0	0	0	0	0	0	0
PRAMEF18	0	0	0	0	0	0	0	0
PRAMEF5	0	0	0	0	0	0	0	0
PRAMEF8	0	0	0	0	0	0	0	0
PRAMEF33	0	0	0	0	0	0	0	0
PRAMEF15	0	0	0	0	0	0	0	0
PRAMEF14	0	0	0	0	0	0	0	0
PRAMEF19	0	0	0	0	0	0	0	0
PRAMEF17	0	0	0	0	0	0	0	0
PRAMEF20	0	0	0	0	0	0	0	0
LRRC38	0	3	0	3	0	0	2	1
PDPN	339	123	155	158	12	14	755	93
PRDM2	439	263	123	202	17	13	750	261
KAZN	273	969	100	706	115	47	424	778
TMEM51	330	165	94	183	26	4	514	154
FHAD1	14	19	4	12	0	1	28	13
EFHD2	510	70	239	58	9	1	548	87
CTRC	0	0	0	0	0	0	0	2
CELA2A	0	0	0	1	0	0	0	0
CELA2B	0	4	0	1	0	0	0	4
CASP9	167	51	60	33	5	5	233	42
DNAJC16	263	150	74	131	15	7	586	99
AGMAT	583	173	4	178	21	3	1389	123
DDI2	362	197	120	151	19	5	744	109
RSC1A1	0	0	0	0	0	0	0	0
PLEKHM2	314	79	126	52	5	3	434	44
SLC25A34	4	4	2	0	0	0	5	2
TMEM82	69	26	1	14	2	3	111	12
FBLIM1	605	167	302	151	14	14	760	144
UQCRHL	176	41	62	49	5	1	321	42
SPEN	805	324	167	195	31	13	1320	268
ZBTB17	245	95	56	51	6	1	312	58
SRARP	111	34	0	22	3	1	203	23
HSPB7	5	0	27	0	0	0	16	0
CLCNKA	6	3	1	1	0	0	15	4
CLCNKB	11	2	3	1	0	2	29	2
FAM131C	25	3	12	4	1	0	50	4
EPHA2	261	85	64	78	0	3	273	82
ARHGEF19	184	46	101	21	2	6	467	18
CPLANE2	40	7	14	5	0	0	53	4
FBXO42	217	202	80	147	25	11	394	163
SZRD1	748	210	318	182	18	14	1267	172
SPATA21	1	12	0	9	0	0	3	11
NECAP2	563	144	204	104	14	8	999	93
NBPF1	177	108	34	55	9	2	250	63
CROCC	144	128	28	58	7	5	296	58
MFAP2	32	430	4	193	45	26	68	296
ATP13A2	399	74	123	57	9	2	624	76
SDHB	963	258	324	248	14	9	1449	177
PADI2	4	6	1	7	0	1	50	8
PADI1	0	0	0	0	0	0	0	0
PADI3	1	3	0	1	1	0	2	1
PADI4	0	0	1	3	0	0	0	2
PADI6	0	0	0	0	0	0	0	1
RCC2	1278	399	242	247	49	19	1933	324
ARHGEF10L	102	135	36	108	9	2	262	74
ACTL8	0	0	0	0	0	0	1	0
IGSF21	112	9	2	8	1	0	31	19
KLHDC7A	10	2	1	0	0	0	19	1
PAX7	15	4	13	4	0	1	31	26
TAS1R2	0	0	0	0	0	0	0	0
ALDH4A1	71	10	56	6	1	0	123	6
IFFO2	25	16	23	16	1	0	23	17
UBR4	775	294	197	285	31	13	1121	268
EMC1	373	108	95	76	12	7	629	70
MRTO4	1228	251	287	203	25	10	2120	208
AKR7A3	4	2	2	2	0	0	15	3
AKR7A2	1462	352	524	271	35	18	2457	235
SLC66A1	286	60	141	67	5	2	470	53
CAPZB	3783	1132	1294	1226	121	58	5743	1088
MICOS10	2387	813	548	818	136	38	3943	669
NBL1	129	11	53	15	0	1	80	9
HTR6	0	0	0	0	0	0	0	0
TMCO4	65	31	46	24	2	2	123	17
RNF186	1	0	0	0	0	0	0	0
OTUD3	189	80	44	71	11	3	268	53
PLA2G2E	0	0	0	0	0	0	0	0
PLA2G2A	690	2	109	5	0	0	734	4
PLA2G5	1	0	0	2	0	0	1	0
PLA2G2D	0	0	0	0	0	0	0	0
PLA2G2F	0	0	1	0	1	0	1	0
PLA2G2C	0	0	0	1	0	0	0	0
UBXN10	9	4	4	3	0	0	24	3
VWA5B1	1	3	0	1	0	0	0	3
CAMK2N1	2594	629	515	747	61	16	4831	441
MUL1	192	51	73	40	2	2	298	26
FAM43B	13	2	4	0	0	0	6	1
CDA	66	16	382	27	2	0	137	30
PINK1	331	91	283	81	8	3	483	73
DDOST	5614	947	1072	802	82	50	8746	699
KIF17	18	4	3	4	0	0	20	4
SH2D5	4	1	1	0	0	0	10	0
HP1BP3	1749	748	425	531	65	30	2848	496
EIF4G3	1082	1859	210	1506	181	80	1787	1800
ECE1	229	87	107	111	13	7	357	101
NBPF3	56	54	4	46	6	0	153	32
ALPL	914	365	59	315	47	14	1719	225
RAP1GAP	49	15	5	26	1	1	134	9
USP48	779	387	248	379	40	11	1324	294
LDLRAD2	8	4	2	3	0	0	8	2
HSPG2	445	163	110	140	13	14	922	133
CELA3B	2	1	0	4	0	0	0	0
CELA3A	2	0	0	0	0	0	2	0
CDC42	5424	1634	1575	1651	169	77	10272	1365
WNT4	76	5	86	3	0	0	119	6
ZBTB40	146	87	45	83	8	4	259	72
EPHA8	61	14	0	14	1	0	113	3
C1QA	0	0	0	0	0	0	0	0
C1QC	0	0	0	0	0	0	0	0
C1QB	0	0	0	0	0	0	0	0
EPHB2	213	104	41	68	9	11	316	87
LACTBL1	0	1	0	0	0	0	0	0
TEX46	0	2	0	2	0	0	1	2
KDM1A	1907	927	323	574	82	50	3863	549
LUZP1	895	404	260	363	33	31	1507	330
HTR1D	25	3	12	5	0	0	29	1
HNRNPR	5400	1674	1019	1313	162	71	9714	1203
ZNF436	37	13	15	8	0	0	71	9
TCEA3	392	97	4	148	12	2	982	109
ASAP3	121	131	33	84	9	10	346	82
E2F2	54	9	10	5	2	0	47	9
ID3	11100	2668	2606	2295	293	107	20034	1658
RPL11	75335	19685	16759	16259	1881	816	149824	15217
ELOA	453	109	106	85	15	3	631	98
PITHD1	1356	335	323	290	22	13	2405	269
LYPLA2	710	289	203	240	30	9	1061	248
GALE	1136	226	297	262	27	10	2007	186
HMGCL	487	154	168	115	7	10	875	117
FUCA1	335	66	118	95	10	4	566	47
CNR2	0	0	0	1	0	0	0	0
PNRC2	1284	577	275	401	39	38	2165	368
SRSF10	3238	914	520	723	105	55	5476	656
MYOM3	2	2	0	0	0	0	3	1
IL22RA1	1	0	1	0	0	0	6	1
IFNLR1	48	66	22	60	7	4	80	52
GRHL3	57	11	114	16	0	4	153	2
STPG1	104	43	38	29	3	3	183	23
NIPAL3	102	36	72	31	2	2	160	28
RCAN3	610	264	131	186	35	11	1162	211
NCMAP	7	4	1	4	0	0	11	5
SRRM1	4671	1302	870	1099	143	56	8689	1027
CLIC4	759	721	264	612	54	38	1380	707
RUNX3	10	0	0	0	0	0	2	0
SYF2	1624	319	476	308	27	20	2790	279
RSRP1	771	349	154	277	21	14	1767	250
RHD	2	19	0	10	0	2	0	26
TMEM50A	2608	588	790	491	51	38	3704	515
RHCE	5	5	2	2	1	0	15	6
MACO1	647	271	125	231	43	15	1054	221
LDLRAP1	133	47	73	23	0	0	200	19
MAN1C1	15	10	25	12	1	1	59	7
SELENON	354	100	158	80	8	10	646	68
MTFR1L	467	133	106	162	19	4	1073	108
AUNIP	160	48	43	27	7	1	249	26
PAQR7	123	20	51	15	2	3	248	17
STMN1	18991	3238	2940	2259	309	182	30876	2479
PAFAH2	116	36	44	20	3	5	185	34
EXTL1	6	0	0	1	0	0	4	1
SLC30A2	9	3	64	1	0	0	9	1
TRIM63	23	4	5	2	0	0	5	0
PDIK1L	70	55	21	22	6	1	150	45
FAM110D	55	19	14	6	0	0	114	5
C1orf232	3	0	0	1	0	0	2	0
AL391650.1	4	2	29	3	0	0	10	1
ZNF593	1583	323	388	360	37	18	3155	326
CNKSR1	194	46	81	43	6	2	303	38
CATSPER4	0	1	2	0	0	0	4	1
CEP85	114	72	23	47	2	4	175	48
SH3BGRL3	5893	1424	2847	1465	179	51	11172	1102
UBXN11	144	75	43	38	9	1	268	64
CD52	47	11	11	7	0	0	98	5
CRYBG2	201	106	95	78	10	3	442	75
ZNF683	0	0	0	0	0	0	0	0
LIN28A	1560	586	226	432	49	31	2879	470
DHDDS	320	125	138	140	21	4	518	120
HMGN2	1811	2808	298	1513	191	108	3104	1799
RPS6KA1	260	91	90	89	5	4	501	58
ARID1A	1723	680	394	529	69	37	3045	535
PIGV	128	43	44	31	3	1	303	33
ZDHHC18	187	63	113	48	3	3	342	41
SFN	411	8	1160	3	0	0	361	2
GPN2	386	103	93	93	8	7	610	84
GPATCH3	210	60	54	51	4	2	258	33
NUDC	4133	958	999	765	107	52	6463	839
NR0B2	9	1	0	3	0	0	5	0
KDF1	302	56	112	58	5	2	508	57
TRNP1	205	66	40	102	21	3	441	45
TENT5B	157	31	128	42	2	2	412	29
SLC9A1	136	58	106	42	3	0	184	73
WDTC1	224	82	57	81	8	4	322	59
TMEM222	310	90	103	93	7	6	584	56
SYTL1	149	37	351	17	2	4	310	23
MAP3K6	17	7	31	5	0	0	67	1
FCN3	0	0	0	0	0	0	0	0
CD164L2	1	1	4	0	0	0	15	0
GPR3	7	4	5	2	0	0	18	0
WASF2	1440	425	571	443	47	25	2325	380
AHDC1	291	88	161	68	5	2	461	72
FGR	1	0	0	0	0	0	3	0
IFI6	154	9	588	6	0	0	94	3
FAM76A	213	66	72	51	2	2	428	35
STX12	431	226	186	187	21	5	903	124
PPP1R8	476	226	116	138	23	5	941	131
THEMIS2	19	8	5	4	0	0	36	8
RPA2	811	195	248	133	21	6	1421	176
SMPDL3B	116	37	40	27	5	2	288	37
XKR8	300	82	70	55	11	3	435	50
EYA3	305	276	67	215	21	13	629	214
PTAFR	3	0	2	4	1	0	9	2
DNAJC8	3702	927	932	785	94	44	6389	756
ATP5IF1	6470	1611	2025	1509	166	51	13114	1264
SESN2	248	96	113	100	7	5	401	105
MED18	111	48	38	21	4	0	185	58
PHACTR4	935	801	183	537	89	32	1570	614
RCC1	513	163	155	95	9	4	772	201
TRNAU1AP	727	187	213	148	15	11	1198	154
TAF12	1075	248	242	222	22	11	1822	196
RAB42	14	2	6	9	0	0	30	3
GMEB1	475	151	144	124	17	7	776	102
YTHDF2	2477	615	584	497	88	33	4147	535
OPRD1	6	3	3	1	0	0	3	2
EPB41	617	463	143	289	37	30	1105	309
TMEM200B	118	53	17	32	5	0	189	42
SRSF4	2558	1140	607	928	122	56	4606	777
MECR	362	102	125	93	13	4	545	106
PTPRU	72	35	75	23	2	2	124	15
MATN1	0	4	0	3	0	0	3	3
LAPTM5	13	4	2	4	0	0	51	3
SDC3	229	35	37	34	4	0	220	34
PUM1	2118	1478	430	1345	152	57	3714	1243
NKAIN1	132	46	18	28	8	1	203	28
SNRNP40	1950	555	334	401	47	22	3279	406
ZCCHC17	1334	423	398	369	19	31	2023	330
FABP3	118	43	87	126	1	1	362	15
SERINC2	628	104	398	115	4	3	858	89
TINAGL1	176	4	345	3	0	0	133	2
HCRTR1	1	2	0	2	0	0	1	1
PEF1	912	194	347	157	11	9	1484	151
COL16A1	33	4	20	3	1	0	42	3
ADGRB2	37	3	22	5	0	1	56	6
SPOCD1	11	2	25	2	0	0	13	2
PTP4A2	2841	725	825	600	62	34	5281	597
KHDRBS1	4868	1550	1112	1104	142	73	8226	1156
TMEM39B	193	60	41	52	7	0	367	52
KPNA6	855	248	270	222	23	7	1392	232
TXLNA	409	124	94	107	11	4	699	83
CCDC28B	270	83	192	69	6	3	512	60
IQCC	56	9	18	4	1	0	112	8
DCDC2B	0	5	0	3	0	0	1	4
TMEM234	236	41	98	53	8	2	394	30
EIF3I	3966	808	1014	708	88	30	6533	717
FAM167B	6	1	3	2	0	0	6	1
LCK	5	3	11	0	1	0	14	2
HDAC1	1479	400	412	318	28	33	2480	266
MARCKSL1	18196	3212	3476	2760	361	153	28877	2382
TSSK3	2	6	1	4	0	1	6	6
FAM229A	90	14	12	12	1	2	138	16
BSDC1	539	171	119	156	16	10	817	135
ZBTB8B	80	36	14	13	2	0	139	23
ZBTB8A	232	140	50	86	13	11	330	160
ZBTB8OS	1540	486	353	338	53	26	2343	450
RBBP4	2264	799	380	563	85	36	3807	744
SYNC	348	88	55	45	15	3	690	96
KIAA1522	335	139	161	117	13	10	549	83
YARS	730	324	199	258	24	22	1105	312
S100PBP	388	194	64	142	15	10	610	157
FNDC5	49	6	6	8	3	0	80	7
HPCA	3	1	6	1	0	0	12	2
TMEM54	563	140	637	66	6	12	1452	43
RNF19B	138	68	43	63	2	2	239	79
AK2	1187	332	348	305	38	22	2369	262
AZIN2	20	19	14	39	0	0	54	18
TRIM62	26	7	17	17	2	3	25	18
ZNF362	205	157	71	106	16	1	413	119
A3GALT2	0	0	0	0	1	0	0	3
PHC2	918	218	252	203	17	12	1421	136
ZSCAN20	31	12	8	11	0	0	41	13
CSMD2	4	8	1	25	1	0	5	22
HMGB4	0	0	0	1	0	0	0	0
C1orf94	0	0	1	0	0	0	1	0
SMIM12	1083	241	330	230	26	6	1828	197
GJB5	8	0	39	0	0	0	2	0
GJB4	3	0	2	1	0	0	11	2
GJB3	8	1	33	1	0	0	10	3
GJA4	406	66	0	44	27	3	467	81
DLGAP3	16	8	1	13	1	0	35	3
TMEM35B	1	199	0	141	12	10	0	122
ZMYM6	62	58	24	65	8	1	124	52
ZMYM1	402	302	90	200	17	13	818	214
SFPQ	6872	1324	1330	1153	166	61	9263	954
ZMYM4	967	728	152	577	72	34	1489	627
KIAA0319L	531	371	120	295	39	21	694	288
NCDN	116	16	34	12	3	1	146	26
TFAP2E	4	4	12	1	0	0	8	7
PSMB2	5165	963	1544	944	105	60	8300	799
C1orf216	78	15	15	9	0	0	74	7
CLSPN	1085	254	206	129	35	13	1599	188
AGO4	178	218	52	146	26	17	273	127
AGO1	488	219	94	144	16	8	883	178
AGO3	487	472	119	378	38	30	737	460
TEKT2	32	8	9	3	0	2	36	7
ADPRHL2	657	146	234	112	10	3	1068	135
COL8A2	0	1	0	1	0	0	1	2
TRAPPC3	1612	307	647	320	39	11	2669	255
MAP7D1	794	161	242	123	12	13	1262	126
THRAP3	3477	1296	771	985	131	63	6191	952
SH3D21	111	48	40	10	2	1	204	40
EVA1B	504	151	329	73	16	14	803	74
STK40	185	132	112	96	15	7	273	99
LSM10	1102	239	381	200	21	10	1726	187
OSCP1	86	29	55	24	2	3	104	36
MRPS15	3536	809	988	766	78	34	6156	582
CSF3R	60	10	89	1	0	0	70	2
GRIK3	6	31	0	14	7	0	16	40
ZC3H12A	69	12	40	18	1	1	110	8
MEAF6	1163	244	390	203	31	8	2011	199
SNIP1	150	92	51	72	7	2	359	75
DNALI1	765	147	97	147	12	10	1174	104
GNL2	772	193	189	208	21	5	1367	160
RSPO1	21	7	9	9	0	0	39	6
C1orf109	342	70	85	67	8	2	577	50
CDCA8	518	149	92	79	12	10	836	112
EPHA10	1	0	0	1	0	0	3	0
MANEAL	25	3	17	3	0	0	42	4
YRDC	615	121	189	117	17	5	996	111
C1orf122	2690	659	907	640	73	30	4689	482
MTF1	154	72	39	61	7	5	265	53
INPP5B	102	103	14	75	9	3	198	59
SF3A3	1519	369	332	308	36	16	2546	325
FHL3	276	55	134	72	6	4	435	43
UTP11	758	180	206	176	22	13	1370	176
POU3F1	15	6	35	4	0	0	37	3
RRAGC	473	62	341	119	13	8	854	58
MYCBP	401	210	84	173	28	11	670	164
GJA9	0	1	0	4	1	0	0	0
RHBDL2	2	12	1	7	1	0	11	4
AKIRIN1	2506	608	778	570	59	39	4872	492
NDUFS5	11193	2210	3467	1931	306	85	21786	2361
MACF1	1704	1680	363	1596	172	88	2710	1353
BMP8A	10	8	2	7	1	0	21	16
PABPC4	2062	554	484	507	52	18	4260	348
HEYL	9	5	2	10	0	0	19	2
NT5C1A	0	0	0	0	0	0	0	0
HPCAL4	0	0	0	0	0	0	1	0
PPIE	833	244	247	178	18	17	1444	174
BMP8B	3	0	0	2	0	0	7	1
OXCT2	5	2	2	1	0	0	3	1
TRIT1	299	208	77	139	13	8	457	131
MYCL	160	35	49	18	4	1	257	37
MFSD2A	13	7	7	4	0	1	32	6
CAP1	2955	689	1328	581	58	33	5139	506
PPT1	1017	251	267	159	16	14	1740	183
RLF	452	388	79	341	38	19	968	282
TMCO2	0	2	0	0	0	0	0	1
ZMPSTE24	490	210	160	181	14	14	919	147
COL9A2	1198	108	58	148	7	4	725	109
SMAP2	252	73	66	64	3	4	372	58
ZFP69B	58	22	10	15	2	0	97	16
ZFP69	28	20	13	9	1	0	54	10
EXO5	108	29	22	19	2	2	157	13
ZNF684	72	34	15	18	5	3	113	26
RIMS3	36	17	12	12	1	1	83	14
NFYC	499	206	212	157	20	10	870	190
KCNQ4	11	6	3	3	0	0	17	5
CITED4	251	50	174	28	6	4	535	38
CTPS1	874	211	124	170	31	13	1384	132
SLFNL1	0	17	1	20	7	1	3	31
SCMH1	153	614	49	671	63	38	239	388
FOXO6	6	3	23	2	0	0	15	0
EDN2	0	0	0	0	0	1	2	0
HIVEP3	14	32	11	52	5	1	23	29
AC119676.1	0	0	0	0	0	0	0	0
GUCA2B	47	0	0	0	0	0	4	1
GUCA2A	422	12	1	10	0	0	42	12
FOXJ3	349	901	65	753	95	48	539	940
RIMKLA	136	16	17	14	1	4	144	46
ZMYND12	8	4	4	1	0	0	21	1
PPCS	1144	251	403	244	25	17	1946	217
CCDC30	91	60	46	54	8	4	136	67
PPIH	1227	407	305	317	39	11	2246	243
YBX1	24023	6187	5034	5270	612	310	38351	5130
CLDN19	294	72	1	83	6	4	583	66
P3H1	400	143	75	111	7	7	663	90
C1orf50	40	160	6	144	18	6	71	91
TMEM269	3	2	1	2	1	0	12	10
SVBP	1536	301	363	350	43	9	2379	233
ERMAP	54	34	25	5	2	2	87	17
ZNF691	110	23	20	17	5	0	162	13
SLC2A1	3063	540	606	720	87	38	5462	469
FAM183A	23	30	10	8	0	1	18	3
EBNA1BP2	1154	269	522	201	35	10	2086	205
CFAP57	9	9	8	6	0	0	9	3
TMEM125	266	68	160	42	4	0	501	46
C1orf210	449	139	91	130	20	8	918	95
TIE1	0	0	16	2	0	0	2	0
MPL	1	2	0	0	0	0	0	1
CDC20	1465	364	221	216	19	17	2143	230
ELOVL1	703	194	372	177	19	9	1303	128
MED8	687	151	268	159	13	11	978	125
SZT2	110	97	45	87	6	2	225	52
HYI	786	147	150	212	25	7	1470	113
PTPRF	1607	469	631	381	32	23	3105	346
KDM4A	296	194	114	140	15	14	430	159
ST3GAL3	71	188	8	107	18	3	83	146
ARTN	16	1	19	6	0	0	44	1
IPO13	155	31	58	41	1	1	264	21
DPH2	185	44	61	26	3	2	355	38
ATP6V0B	4014	978	1478	1227	92	35	7221	769
B4GALT2	787	180	97	121	14	4	1376	132
CCDC24	180	79	37	36	7	5	288	62
SLC6A9	22	17	26	4	1	1	49	10
KLF17	0	1	0	0	0	0	0	0
KLF18	0	0	0	0	0	0	0	0
DMAP1	688	148	141	148	14	8	967	116
ERI3	1155	391	352	353	37	20	1972	350
RNF220	576	119	143	118	15	12	911	143
TMEM53	183	67	88	46	2	5	351	48
ARMH1	6	31	5	23	2	2	18	7
KIF2C	403	155	93	85	7	6	691	80
RPS8	66226	20271	16305	16992	1996	1017	141241	15289
BEST4	92	26	8	9	1	0	138	13
PLK3	66	7	107	8	0	1	89	8
TCTEX1D4	1	2	1	0	0	0	2	0
BTBD19	21	10	19	14	1	0	48	7
PTCH2	19	12	6	8	1	1	36	25
EIF2B3	431	193	110	204	14	9	746	181
HECTD3	158	35	48	19	2	2	235	37
UROD	909	177	205	168	11	5	1315	183
ZSWIM5	52	259	1	243	26	17	79	241
HPDL	510	129	24	35	22	8	953	43
MUTYH	140	119	32	86	10	5	254	56
TOE1	327	62	53	83	8	3	598	76
TESK2	98	410	38	397	33	25	248	299
CCDC163	90	26	10	12	6	1	183	21
MMACHC	50	21	10	10	2	0	107	20
PRDX1	30828	7657	6215	7409	724	294	49586	6793
AKR1A1	2630	923	642	726	76	21	5092	666
NASP	7928	2306	1312	1455	216	109	12947	2005
CCDC17	9	1	0	0	0	0	9	4
GPBP1L1	522	435	138	339	33	16	1064	327
TMEM69	323	90	112	68	7	4	553	49
IPP	211	90	42	66	7	1	363	74
MAST2	217	457	69	353	41	23	349	408
PIK3R3	199	257	68	230	28	15	272	275
TSPAN1	8	0	12	2	0	0	19	5
P3R3URF	0	0	0	0	0	0	0	0
POMGNT1	551	102	134	94	11	5	828	76
LURAP1	27	18	25	11	1	2	42	10
RAD54L	201	56	31	55	5	3	289	74
LRRC41	943	272	274	253	34	7	1438	235
UQCRH	16225	3749	3385	3499	394	163	30592	3148
NSUN4	173	91	39	80	7	3	349	46
FAAH	79	14	16	20	1	2	141	19
DMBX1	26	0	1	1	1	1	25	4
TMEM275	0	1	0	0	0	0	3	1
KNCN	0	0	0	0	0	0	0	0
MKNK1	257	67	59	66	10	5	378	58
MOB3C	21	7	3	2	0	1	40	4
ATPAF1	688	212	190	199	14	12	1097	151
TEX38	4	0	1	1	1	0	3	2
EFCAB14	618	257	172	242	24	19	959	202
CYP4B1	117	98	4	184	2	0	141	16
CYP4A11	5	8	0	1	2	1	8	2
CYP4X1	569	462	4	381	58	15	1334	167
CYP4Z1	10	15	0	25	1	2	8	12
CYP4A22	1	1	0	2	0	0	2	0
PDZK1IP1	2	5	0	5	0	0	24	1
TAL1	0	0	0	0	0	0	0	0
STIL	188	158	27	124	8	4	296	117
CMPK1	1239	365	399	411	30	13	2522	256
FOXE3	0	0	2	0	0	0	1	1
FOXD2	6	4	0	0	0	0	7	3
TRABD2B	384	707	5	1288	142	19	482	960
SLC5A9	61	45	0	36	3	0	74	45
SPATA6	263	297	48	268	19	11	512	278
AGBL4	3	39	0	280	2	6	8	9
BEND5	310	59	45	80	9	3	654	40
ELAVL4	229	41	4	16	5	7	146	42
DMRTA2	25	8	28	6	1	1	18	8
FAF1	660	994	154	805	86	51	1106	819
CDKN2C	5	0	4	0	0	0	1	0
C1orf185	0	0	0	0	0	0	0	0
RNF11	607	186	187	203	20	15	1083	162
TTC39A	109	34	57	53	3	1	241	28
EPS15	338	303	108	328	37	17	676	241
OSBPL9	975	569	313	522	37	28	1567	383
NRDC	1504	561	360	520	62	27	2601	422
RAB3B	1293	325	148	402	27	20	1814	329
TXNDC12	74	604	31	438	51	27	159	400
KTI12	215	43	80	54	8	2	381	35
BTF3L4	2466	757	639	535	63	27	4325	507
ZFYVE9	258	426	50	313	55	15	415	288
CC2D1B	125	31	43	34	6	2	198	32
ORC1	109	40	42	35	6	3	184	38
PRPF38A	1159	262	254	204	29	12	1850	198
TUT4	1735	1090	260	762	104	67	2549	1028
GPX7	924	322	96	220	23	16	1205	203
SHISAL2A	31	8	2	10	2	0	69	8
COA7	327	83	66	40	5	3	574	59
ZYG11B	436	239	107	186	30	12	733	155
ZYG11A	24	53	2	88	13	2	67	48
ECHDC2	606	381	235	387	36	7	1221	252
SCP2	2135	550	555	614	69	23	4022	467
PODN	29	0	3	4	0	1	13	10
SLC1A7	24	1	0	1	0	1	57	3
CPT2	379	71	111	50	6	5	603	56
CZIB	1186	250	290	218	17	9	1894	222
MAGOH	2912	598	530	552	64	34	5297	521
LRP8	127	48	23	55	4	3	192	69
DMRTB1	0	1	0	0	0	0	1	0
GLIS1	6	43	0	47	4	0	12	26
NDC1	224	164	56	102	16	11	393	139
YIPF1	314	95	131	82	13	3	546	81
DIO1	33	38	1	47	3	0	112	15
HSPB11	1196	317	404	294	30	9	2341	238
LRRC42	1011	184	274	194	18	14	1754	155
LDLRAD1	1	0	0	0	0	0	0	0
TMEM59	2075	467	933	462	50	34	3361	356
TCEANC2	71	34	27	29	2	1	105	27
CDCP2	0	0	0	0	1	0	2	1
CYB5RL	40	20	29	12	0	1	122	11
MRPL37	1139	274	331	286	26	14	2008	280
SSBP3	2591	1358	230	1146	129	62	3938	1469
ACOT11	49	32	10	60	2	2	113	24
FAM151A	51	56	0	59	2	2	171	41
MROH7	2	9	0	6	0	0	6	5
TTC4	52	141	19	86	7	6	122	100
PARS2	82	20	18	21	2	0	155	22
TTC22	16	7	8	3	0	2	46	5
LEXM	0	0	0	0	0	0	1	0
DHCR24	1409	333	92	350	29	12	2646	256
TMEM61	13	0	12	1	0	0	16	1
BSND	3	1	1	0	0	0	20	0
PCSK9	189	33	3	45	5	0	268	5
USP24	256	379	80	337	27	17	400	333
PLPP3	590	939	69	963	88	46	1115	615
PRKAA2	255	194	64	137	15	16	681	129
FYB2	100	196	12	142	24	12	117	125
C8A	20	19	0	9	2	1	46	2
C8B	19	17	0	10	0	0	14	2
DAB1	259	565	12	343	42	12	256	441
OMA1	374	80	77	80	9	9	729	77
TACSTD2	594	15	3366	19	2	1	754	8
MYSM1	765	411	108	262	32	23	1349	372
JUN	2700	324	1057	927	71	31	3875	138
FGGY	207	222	55	159	27	14	282	163
HOOK1	278	134	130	82	13	2	595	76
CYP2J2	9	2	2	7	1	0	32	5
C1orf87	0	1	0	0	0	0	0	0
NFIA	215	147	23	126	18	4	253	187
TM2D1	765	233	238	210	27	12	1354	200
PATJ	573	1224	180	882	124	53	1183	1136
L1TD1	2436	458	1153	294	34	17	2509	484
KANK4	319	276	72	458	22	9	907	256
USP1	980	253	278	190	15	10	1543	229
DOCK7	508	481	133	328	38	26	804	358
ANGPTL3	41	36	0	1	0	0	87	1
ATG4C	220	140	65	70	10	2	322	112
FOXD3	16	5	15	6	0	0	17	3
ALG6	299	100	71	56	5	2	423	80
ITGB3BP	918	335	236	218	31	13	1881	213
EFCAB7	50	34	23	32	0	2	111	40
PGM1	2351	553	290	603	63	26	4324	784
ROR1	472	988	112	982	110	40	741	1249
UBE2U	0	1	0	0	0	0	0	6
CACHD1	407	744	38	727	123	34	769	557
RAVER2	129	151	46	158	18	6	260	115
JAK1	297	248	194	221	24	9	451	174
AK4	1416	895	118	844	78	21	3350	772
DNAJC6	103	258	13	199	46	14	167	190
LEPROT	1524	402	747	358	38	8	2600	259
LEPR	49	126	12	92	7	1	121	88
PDE4B	5	25	4	38	2	0	15	13
SGIP1	116	281	1	379	18	18	285	113
TCTEX1D1	29	10	0	22	1	0	96	9
INSL5	0	0	0	0	0	0	1	0
WDR78	43	59	15	31	4	4	54	26
MIER1	791	365	218	297	40	15	1374	291
SLC35D1	191	447	47	287	37	9	520	298
C1orf141	4	13	0	6	1	0	17	7
IL23R	0	7	1	1	1	0	1	4
IL12RB2	1	2	0	5	0	0	7	7
SERBP1	8518	2286	2025	1723	222	87	15476	1835
GADD45A	1389	290	744	260	19	14	2352	234
GNG12	219	115	158	141	16	2	547	49
DIRAS3	13	2	8	13	0	0	39	3
WLS	1137	522	270	400	39	34	2304	413
RPE65	0	2	0	0	0	0	0	0
DEPDC1	463	154	83	71	12	5	721	93
LRRC7	40	89	3	190	16	2	68	116
LRRC40	449	178	102	127	26	11	801	160
SRSF11	5585	1616	1193	1334	153	79	9208	1270
ANKRD13C	162	258	69	196	29	8	337	207
HHLA3	179	49	96	51	2	3	449	32
CTH	134	135	37	101	11	4	305	70
PTGER3	8	1	1	8	0	0	9	4
ZRANB2	1845	710	453	608	69	29	3157	496
NEGR1	28	109	1	44	8	1	12	92
LRRIQ3	8	20	4	8	3	1	19	27
FPGT	86	87	25	26	8	2	100	58
TNNI3K	6	24	0	12	1	0	2	33
LRRC53	1	2	0	0	0	1	1	0
ERICH3	6	3	0	1	0	0	1	2
CRYZ	379	183	166	130	11	5	5	127
TYW3	884	356	261	227	27	14	36	219
LHX8	3	0	14	2	0	0	6	1
SLC44A5	85	310	9	219	18	11	61	130
ACADM	1295	502	154	480	45	19	2291	335
RABGGTB	1138	231	304	258	29	7	2231	195
MSH4	0	7	0	5	2	0	0	9
ASB17	0	1	0	0	0	0	0	0
ST6GALNAC3	65	539	23	422	36	92	179	187
ST6GALNAC5	25	97	5	103	20	16	68	108
PIGK	276	134	90	94	15	2	458	80
AK5	12	2	1	6	0	0	8	5
AC118549.1	441	542	98	425	50	30	765	422
USP33	684	355	187	295	36	23	1088	279
MIGA1	176	121	77	115	23	5	369	100
NEXN	289	180	38	204	23	9	640	89
FUBP1	1617	649	282	512	55	38	3002	518
DNAJB4	142	41	40	41	5	2	331	39
GIPC2	98	147	1	150	17	5	260	113
PTGFR	1	1	0	0	0	0	1	1
IFI44L	0	0	27	1	0	0	1	1
IFI44	2	0	1	0	0	0	0	0
ADGRL4	23	5	2	14	1	0	8	3
ADGRL2	508	715	147	448	55	23	827	571
TTLL7	102	73	29	43	5	7	200	37
PRKACB	187	347	35	235	27	20	328	225
SAMD13	15	11	3	6	0	0	40	7
DNASE2B	0	0	0	0	0	0	0	0
RPF1	550	151	147	95	9	6	859	89
GNG5	9509	1913	3124	1843	240	76	17394	1702
SPATA1	10	21	3	18	2	1	22	26
CTBS	266	108	91	45	8	3	381	69
SSX2IP	294	154	69	275	10	2	514	126
LPAR3	17	12	5	3	0	0	28	5
MCOLN2	0	1	4	1	0	1	8	1
WDR63	4	41	5	24	0	1	7	8
MCOLN3	169	82	129	54	4	9	242	13
SYDE2	192	113	104	59	11	3	474	68
C1orf52	905	245	253	243	26	18	1481	196
BCL10	519	142	157	111	16	5	952	93
DDAH1	135	88	77	78	12	5	242	60
CCN1	1143	202	2222	258	10	28	2480	59
ZNHIT6	316	182	116	135	16	4	640	109
COL24A1	0	6	1	6	1	0	3	6
ODF2L	837	255	270	192	28	13	1469	169
CLCA2	0	0	4	0	0	0	0	0
CLCA1	9	0	0	0	0	0	0	0
CLCA4	0	0	0	0	0	0	0	0
SH3GLB1	1201	433	410	399	46	20	2038	259
SELENOF	2164	643	615	610	76	27	4018	478
HS2ST1	465	1234	59	1278	170	37	1023	1025
LMO4	1504	480	588	506	75	28	3265	401
PKN2	930	911	240	722	76	41	1443	910
GTF2B	774	210	348	157	21	8	1171	150
KYAT3	646	290	146	191	35	10	1270	180
RBMXL1	271	57	65	52	5	1	443	53
GBP3	11	0	48	0	0	0	6	0
GBP1	2	4	137	0	0	0	3	0
GBP2	47	10	109	8	0	0	42	4
GBP7	1	3	0	0	0	0	0	0
GBP4	9	5	0	1	0	0	7	2
GBP5	0	1	1	1	0	0	0	0
GBP6	2	0	0	0	0	0	0	1
LRRC8B	217	114	39	61	13	6	303	112
LRRC8C	36	45	4	24	0	2	34	29
LRRC8D	326	479	73	302	34	25	634	312
ZNF326	1738	554	341	348	46	35	2399	380
BARHL2	5	0	0	0	0	0	7	0
ZNF644	998	783	212	735	87	46	1809	530
HFM1	26	123	1	72	13	4	31	82
CDC7	207	153	50	106	11	6	400	124
TGFBR3	63	105	33	106	9	5	119	29
BRDT	6	2	0	1	0	0	0	0
EPHX4	29	9	15	9	1	0	37	4
SETSIP	2	1	1	0	0	0	10	0
BTBD8	65	61	11	34	5	1	119	48
C1orf146	0	1	0	0	0	0	0	0
GLMN	461	288	103	174	28	12	755	217
RPAP2	563	330	133	244	35	18	901	249
GFI1	14	1	1	0	0	0	3	3
EVI5	482	727	168	690	64	29	820	497
RPL5	44273	14105	10924	12193	1293	644	90328	9901
DIPK1A	46	100	13	106	10	7	55	67
MTF2	1485	571	327	433	55	31	2413	468
TMED5	509	155	185	151	20	9	979	133
CCDC18	287	204	94	114	17	15	446	148
DR1	648	170	248	137	20	14	1273	135
FNBP1L	1641	1263	461	882	117	63	3049	971
BCAR3	301	332	56	341	51	23	432	338
DNTTIP2	1208	283	263	244	35	18	1885	236
GCLM	488	133	150	186	22	2	718	152
ABCA4	19	28	11	36	1	1	27	14
ARHGAP29	1410	664	677	491	41	27	2130	479
ABCD3	487	301	192	263	31	10	906	233
F3	366	108	160	74	4	2	304	51
SLC44A3	183	158	79	137	6	9	401	75
CNN3	3631	1270	1131	1101	125	55	7420	827
ALG14	406	173	93	142	20	7	733	152
TLCD4	205	162	60	140	12	10	402	128
RWDD3	37	254	9	147	22	8	49	169
PTBP2	371	1237	83	848	108	62	647	989
DPYD	46	355	2	356	28	6	79	442
SNX7	957	291	155	321	47	13	1821	242
PLPPR5	56	7	1	11	0	0	44	12
PLPPR4	0	0	0	1	0	0	0	0
PALMD	31	7	10	4	0	0	16	6
FRRS1	71	58	10	35	5	3	124	49
AGL	1475	705	141	443	54	23	2076	588
SLC35A3	440	262	125	154	15	8	657	228
MFSD14A	11	243	1	169	20	9	34	171
SASS6	390	152	75	99	17	7	570	110
TRMT13	264	90	49	59	8	5	486	65
LRRC39	2	5	0	4	0	0	1	5
DBT	383	147	77	95	9	4	690	110
RTCA	826	227	265	207	24	7	1347	216
CDC14A	116	234	22	187	19	13	188	244
GPR88	0	0	0	0	0	0	0	0
VCAM1	51	88	2	57	0	0	132	64
EXTL2	701	202	99	137	16	13	1217	162
SLC30A7	286	189	75	231	24	13	579	159
DPH5	504	143	129	85	13	10	980	108
S1PR1	13	5	6	4	0	1	19	4
OLFM3	23	27	14	36	3	2	61	16
COL11A1	196	75	26	65	17	2	256	57
RNPC3	193	108	40	78	10	6	347	70
AMY2B	9	12	0	1	2	1	10	13
AMY2A	0	0	0	0	0	0	0	0
AMY1A	0	2	0	0	0	0	0	0
AMY1B	0	0	0	0	0	0	0	0
AMY1C	0	0	0	0	0	0	0	0
PRMT6	292	53	80	32	2	3	464	56
NTNG1	55	61	7	61	13	5	73	115
VAV3	40	109	24	70	14	9	97	97
SLC25A24	855	247	200	260	29	15	1634	220
NBPF4	0	0	0	0	0	0	0	0
NBPF6	0	0	0	0	0	0	0	0
FAM102B	68	103	44	75	11	4	161	108
HENMT1	80	10	17	10	2	0	133	8
PRPF38B	1661	385	408	311	32	22	2895	299
FNDC7	0	3	0	0	0	0	1	4
STXBP3	467	166	178	143	16	8	689	125
AKNAD1	6	56	1	46	5	2	9	60
GPSM2	416	186	69	106	10	6	578	189
CLCC1	302	108	87	68	11	2	594	49
WDR47	41	28	15	17	2	2	61	23
TAF13	305	93	97	88	8	4	461	66
TMEM167B	276	88	109	62	10	3	466	51
C1orf194	6	4	2	0	0	0	2	2
KIAA1324	73	27	16	13	0	2	69	11
SARS	1063	254	417	265	24	15	1836	258
CELSR2	145	31	67	25	1	2	213	22
PSRC1	393	101	98	53	5	6	785	82
MYBPHL	2	1	18	0	0	0	1	0
SORT1	324	173	307	86	13	6	487	111
PSMA5	3623	858	959	758	104	30	6547	751
SYPL2	0	1	2	1	0	0	1	0
ATXN7L2	26	5	13	4	0	0	30	6
CYB561D1	35	19	13	16	1	1	54	9
AMIGO1	27	6	7	2	0	1	33	1
GPR61	4	0	0	0	0	0	1	0
GNAI3	1775	494	544	437	62	27	3276	369
GNAT2	0	0	0	2	0	0	1	0
AMPD2	174	43	53	25	3	1	272	22
GSTM4	336	80	43	92	14	2	623	40
GSTM2	14	10	3	1	2	2	43	3
GSTM1	0	11	2	5	1	1	17	4
GSTM5	2	2	0	0	0	0	3	1
GSTM3	420	181	164	91	19	7	1003	33
EPS8L3	69	14	0	23	2	0	188	12
CSF1	41	25	10	15	1	0	71	7
AHCYL1	1820	672	486	538	61	25	3207	463
STRIP1	188	63	67	52	8	1	303	45
ALX3	4	0	1	1	0	0	8	1
UBL4B	0	0	0	0	0	0	0	0
SLC6A17	0	0	1	0	0	0	2	1
KCNC4	10	9	10	5	1	0	35	10
RBM15	125	60	41	50	7	3	231	54
SLC16A4	172	109	50	92	5	2	373	60
LAMTOR5	4536	846	1605	915	96	39	8163	687
PROK1	0	0	0	0	0	0	0	0
KCNA10	0	0	0	0	0	0	0	0
KCNA2	0	0	0	0	0	0	1	0
KCNA3	0	0	0	0	0	0	0	0
CD53	6	2	5	0	0	0	3	2
LRIF1	356	167	100	85	8	7	538	124
DRAM2	946	394	216	265	22	16	1967	269
CEPT1	302	197	60	189	19	7	569	125
DENND2D	51	12	41	3	1	0	123	9
CHI3L2	33	1	16	34	1	0	46	4
CHIA	2	0	0	0	0	0	3	1
PIFO	344	42	169	116	4	4	441	77
OVGP1	19	6	3	8	0	1	23	15
WDR77	1425	150	259	257	15	8	2577	148
ATP5PB	3225	825	865	884	93	46	5339	730
C1orf162	0	0	0	0	0	0	6	0
TMIGD3	0	0	0	3	0	0	0	2
ADORA3	0	0	0	0	0	0	0	0
RAP1A	1008	616	409	775	81	19	2017	560
INKA2	40	48	18	40	6	1	42	49
DDX20	345	65	61	63	11	4	532	62
KCND3	33	79	0	119	17	2	114	56
CTTNBP2NL	466	245	147	183	30	22	765	182
WNT2B	75	27	33	25	4	0	158	52
ST7L	169	166	39	125	12	11	312	130
CAPZA1	1652	540	461	416	47	18	3224	381
MOV10	337	135	103	107	22	10	539	91
RHOC	3319	733	1839	920	72	19	5427	542
PPM1J	22	8	10	10	1	1	79	17
TAFA3	7	0	1	5	0	0	17	1
SLC16A1	2337	541	289	492	41	37	4007	601
LRIG2	244	225	42	171	14	9	445	144
MAGI3	359	730	76	612	67	18	696	643
PHTF1	301	166	120	127	10	13	523	144
RSBN1	393	123	102	92	16	5	743	112
PTPN22	6	0	0	0	0	0	1	1
BCL2L15	29	1	1	0	0	0	8	2
AP4B1	64	16	21	14	3	0	67	8
DCLRE1B	85	18	31	18	2	2	146	18
HIPK1	388	140	114	115	10	2	637	110
OLFML3	589	119	425	339	9	11	1592	73
SYT6	56	43	20	66	2	4	126	19
TRIM33	903	537	240	442	45	31	1556	452
BCAS2	1451	315	446	270	30	19	2504	289
DENND2C	872	579	14	426	49	18	1405	554
AMPD1	0	0	0	0	0	0	0	1
NRAS	745	216	187	159	17	13	1340	153
CSDE1	5007	1448	1110	1110	119	78	8930	1055
SIKE1	800	246	181	224	28	13	2045	167
SYCP1	1	0	0	0	0	0	3	1
TSHB	0	0	0	0	0	0	0	0
TSPAN2	272	73	172	61	5	3	403	33
NGF	54	34	14	33	4	1	62	28
VANGL1	450	143	114	143	14	8	669	177
CASQ2	8	1	11	0	0	0	17	0
NHLH2	40	10	13	7	0	0	45	13
SLC22A15	17	59	9	58	8	1	36	66
MAB21L3	8	2	0	4	0	0	12	6
ATP1A1	3598	973	845	852	95	33	5473	701
CD58	175	75	69	112	8	2	282	69
IGSF3	305	108	130	101	8	6	505	100
CD2	2	0	0	0	0	0	10	0
PTGFRN	224	97	90	86	9	8	381	86
CD101	3	4	1	4	0	0	10	14
TTF2	563	188	139	94	18	10	971	139
TRIM45	116	19	28	15	1	2	202	12
VTCN1	288	2	455	1	0	0	346	1
MAN1A2	1009	647	261	822	64	41	1942	522
TENT5C	271	105	6	65	9	4	317	65
GDAP2	206	147	64	138	12	7	394	109
WDR3	280	106	54	92	13	2	517	55
SPAG17	18	34	20	16	2	0	35	28
TBX15	1	3	2	2	0	0	3	2
WARS2	151	139	44	99	11	7	292	92
HAO2	0	2	0	2	0	0	3	0
HSD3B2	0	1	0	0	0	0	0	0
HSD3B1	6	1	7	1	0	0	1	0
ZNF697	50	31	25	18	3	2	82	26
PHGDH	2613	622	1094	380	45	34	4884	500
HMGCS2	1086	404	4	435	25	7	1195	220
REG4	3	2	0	1	0	0	6	1
ADAM30	0	0	0	0	0	0	0	0
NOTCH2	262	145	77	90	9	4	356	77
SEC22B	289	251	77	228	18	13	471	160
AC253572.1	0	0	0	0	0	0	1	0
NBPF26	8	12	1	9	2	1	14	13
PPIAL4A	0	0	0	0	0	0	0	0
FCGR1B	0	0	0	0	0	0	2	0
FAM72B	34	6	4	1	1	0	42	6
SRGAP2C	181	97	23	76	9	5	258	133
HIST2H3PS2	0	0	0	15	1	0	1	0
FAM72C	31	3	4	0	1	0	45	3
IGKV1OR1-1	0	0	0	0	0	0	0	0
PPIAL4E	0	0	0	0	0	0	0	0
NBPF15	101	96	16	120	10	4	172	63
PPIAL4F	0	0	0	0	0	0	0	0
SRGAP2B	53	120	3	120	14	2	109	107
FAM72D	40	6	3	2	1	0	66	2
PPIAL4D	0	0	0	0	0	0	0	0
NBPF20	54	12	0	12	2	1	92	13
GPR89A	235	92	32	94	14	2	345	86
PDZK1	770	475	1	535	59	14	1206	374
CD160	7	1	1	9	1	1	25	2
RNF115	1542	342	272	630	62	20	2273	306
POLR3C	472	126	85	146	25	5	691	95
NUDT17	53	11	11	7	1	1	76	7
PIAS3	266	45	72	49	4	2	408	33
ANKRD35	36	8	34	9	1	0	113	8
ITGA10	5	2	0	0	0	0	3	7
PEX11B	206	32	58	43	7	0	328	34
RBM8A	9140	1121	1223	1718	177	74	12947	1203
LIX1L	176	15	9	42	1	0	133	16
ANKRD34A	4	1	0	0	0	1	4	2
POLR3GL	483	71	93	81	15	5	589	71
TXNIP	1273	291	198	250	37	8	1504	189
HJV	5	5	0	3	0	0	7	0
NBPF10	14	4	6	12	2	0	12	1
NOTCH2NLA	1	6	0	2	0	0	3	4
PPIAL4H	0	0	0	0	0	0	1	0
NBPF12	86	253	5	198	25	8	128	109
PRKAB2	1651	451	71	462	82	26	2721	379
FMO5	321	172	2	228	11	11	518	144
CHD1L	1628	20	92	35	1	3	2839	12
BCL9	363	215	55	246	32	15	673	196
ACP6	185	46	19	42	2	0	359	51
GJA5	29	3	17	5	0	0	16	11
GJA8	0	0	0	0	0	0	0	0
GPR89B	159	76	29	112	7	3	300	67
NBPF11	123	117	22	148	7	2	177	120
PPIAL4G	0	3	0	1	0	0	1	0
NBPF14	25	6	7	14	1	0	59	15
NOTCH2NLB	0	0	0	0	0	0	0	0
NUDT4B	0	1	0	4	0	0	0	5
PDE4DIP	322	73	82	58	7	3	396	41
NBPF9	39	43	7	29	3	3	63	41
NOTCH2NLC	6	13	1	24	3	3	8	18
NBPF19	0	9	0	15	2	0	0	4
PPIAL4C	0	0	0	0	0	0	0	0
FCGR1A	0	0	1	0	0	0	2	0
HIST2H2BF	35	24	6	10	5	1	38	6
HIST2H3D	4	0	1	0	1	0	0	0
HIST2H4A	5	0	3	0	0	0	8	2
HIST2H3C	0	0	0	0	0	0	0	0
HIST2H2AA3	0	0	0	0	0	0	0	0
HIST2H2AA4	0	58	0	38	3	0	0	10
HIST2H3A	0	0	0	0	0	0	0	0
HIST2H4B	0	3	0	4	1	0	0	2
HIST2H2BE	54	22	21	19	4	0	108	2
HIST2H2AC	378	31	46	30	7	2	491	27
HIST2H2AB	30	1	1	2	3	0	62	8
BOLA1	372	46	88	73	9	3	678	36
SV2A	339	46	100	71	11	5	650	35
SF3B4	1576	167	321	188	27	9	2308	174
MTMR11	38	3	59	5	0	1	81	1
OTUD7B	311	191	79	240	27	7	525	154
VPS45	369	133	50	173	25	5	553	129
PLEKHO1	1679	193	203	235	37	10	2159	157
ANP32E	3938	708	646	612	92	28	7227	393
CA14	405	66	62	55	10	4	725	40
APH1A	2156	254	555	295	26	13	3496	251
C1orf54	322	128	53	98	14	6	712	75
CIART	113	13	28	18	2	0	239	22
MRPS21	6010	903	979	1172	164	53	10449	808
PRPF3	499	144	90	216	11	3	910	122
RPRD2	635	485	74	491	40	19	1041	353
TARS2	411	91	61	77	8	2	661	70
ECM1	96	6	18	20	1	2	170	14
ADAMTSL4	84	7	133	6	0	0	103	3
MCL1	1805	335	573	502	29	23	3081	209
ENSA	5135	817	1076	1090	112	39	6530	842
GOLPH3L	490	101	111	134	9	8	846	88
HORMAD1	0	0	0	1	0	0	0	0
CTSS	3	2	13	4	0	1	1	3
CTSK	78	12	10	30	2	0	109	20
ARNT	300	177	62	237	22	8	587	117
CTXND2	0	0	0	0	0	0	0	0
SETDB1	406	167	63	175	24	8	595	133
CERS2	1532	235	287	395	50	7	2887	197
ANXA9	122	28	102	35	6	1	329	18
MINDY1	76	6	20	8	5	0	77	1
PRUNE1	284	61	42	74	4	2	545	41
BNIPL	50	5	80	1	1	1	208	7
C1orf56	488	63	143	85	12	1	877	49
CDC42SE1	979	123	446	157	18	12	1858	108
MLLT11	1491	157	659	151	22	10	1498	122
GABPB2	212	46	26	65	8	1	275	46
SEMA6C	192	47	10	45	6	0	366	34
TNFAIP8L2	0	0	0	0	0	0	2	0
SCNM1	839	123	175	179	24	5	1404	121
LYSMD1	108	16	17	13	0	1	162	11
TMOD4	0	0	0	0	0	1	0	0
VPS72	1319	189	246	209	27	10	2094	188
PIP5K1A	667	412	111	479	58	20	887	352
PSMD4	4017	587	717	808	67	25	6543	529
ZNF687	268	28	21	45	6	1	353	17
PI4KB	359	89	104	112	8	7	562	78
RFX5	193	37	45	37	4	1	292	36
SELENBP1	865	104	87	161	22	2	1414	75
PSMB4	4155	723	921	885	71	38	8517	551
POGZ	1485	570	179	586	91	41	2473	536
CGN	852	249	252	214	30	15	1499	164
TUFT1	135	35	67	72	3	8	226	30
SNX27	832	264	184	351	28	8	1458	191
CELF3	9	4	2	5	0	0	3	4
RIIAD1	1	0	1	3	0	0	10	3
MRPL9	1748	277	395	283	27	19	2902	190
OAZ3	72	15	23	8	0	0	105	4
TDRKH	86	13	16	21	4	0	160	14
LINGO4	0	0	0	0	0	0	0	0
RORC	0	0	1	0	0	0	0	0
C2CD4D	9	1	7	1	0	0	20	0
THEM5	0	0	0	0	0	0	0	0
THEM4	300	52	58	70	15	3	529	36
S100A10	82042	17549	13117	33641	3533	636	184563	13783
S100A11	41617	5314	25032	8603	962	189	77746	4175
TCHHL1	0	0	0	0	0	0	0	0
TCHH	54	1	16	0	0	0	19	4
RPTN	0	0	0	0	0	0	0	0
HRNR	0	0	0	0	0	0	0	0
FLG	0	0	0	0	0	0	1	0
FLG2	0	0	0	0	0	0	0	0
CRNN	0	0	0	0	0	0	0	0
LCE5A	0	0	0	0	0	0	0	0
CRCT1	0	0	0	0	0	0	30	0
LCE3E	0	0	0	0	0	0	0	0
LCE3D	0	0	0	0	0	0	0	0
LCE3C	0	0	0	0	0	0	0	0
LCE3B	0	0	0	0	0	0	0	0
LCE3A	0	0	0	0	0	0	0	0
LCE2D	0	0	0	0	0	0	0	0
LCE2C	0	0	0	0	0	0	0	0
LCE2B	0	0	0	0	0	0	0	0
LCE2A	0	0	0	0	0	0	0	0
LCE4A	0	0	0	0	0	0	0	0
C1orf68	0	0	0	0	0	0	0	0
KPRP	0	0	0	0	0	0	0	0
LCE1F	0	0	0	0	0	0	0	0
LCE1E	0	0	0	0	0	0	0	0
LCE1D	0	0	0	0	0	0	0	0
LCE1C	0	0	0	0	0	0	0	0
LCE1B	0	0	0	0	0	0	0	0
LCE1A	0	0	0	0	0	0	0	0
LCE6A	0	0	0	0	0	0	0	0
AL162596.1	0	0	0	0	0	0	0	0
SMCP	0	0	0	0	0	0	0	0
IVL	6	0	4	0	0	0	0	0
SPRR5	0	0	0	0	0	0	0	0
SPRR4	0	0	0	0	0	0	0	0
SPRR1A	0	0	0	0	0	0	0	0
SPRR3	1152	1	1495	0	0	0	329	0
SPRR1B	39	0	88	0	0	0	45	0
SPRR2D	1	0	84	0	0	0	8	0
SPRR2A	1	0	290	0	0	0	2	0
SPRR2B	0	0	0	0	0	0	0	0
SPRR2E	2	0	0	0	0	0	1	0
SPRR2F	67	0	11	0	0	0	12	0
SPRR2G	0	0	0	0	0	0	0	0
LELP1	0	1	0	0	0	0	0	0
PRR9	1	0	1	0	0	0	1	0
LOR	0	0	0	0	0	0	0	1
PGLYRP3	0	0	0	0	0	0	0	0
PGLYRP4	10	0	21	0	0	0	13	0
S100A9	1967	0	2042	1	0	0	888	0
S100A12	0	0	0	0	0	0	2	0
S100A8	0	0	0	0	0	0	3	0
S100A7A	0	0	0	0	0	0	0	0
S100A7L2	0	0	0	0	0	0	0	0
S100A7	2	0	4	0	0	0	1	0
S100A6	2092	238	4928	1000	45	36	6680	112
S100A5	0	1	1	0	1	0	3	1
S100A4	804	44	675	334	28	11	1951	66
S100A3	10	0	12	1	0	0	13	0
S100A2	8	1	11	8	0	0	33	1
S100A16	5744	869	2532	1752	155	35	12801	707
S100A14	4403	2005	784	3844	115	55	14711	1569
S100A13	5710	1183	931	1656	241	60	22112	1008
S100A1	71	1	17	9	3	1	472	11
CHTOP	1556	295	309	274	34	17	2451	255
SNAPIN	884	131	236	146	14	9	1574	88
ILF2	8588	1158	1227	1259	152	33	12645	875
NPR1	11	1	1	0	0	0	4	1
INTS3	59	121	7	130	12	4	105	77
SLC27A3	175	70	33	65	8	3	253	79
GATAD2B	63	485	10	569	67	23	100	397
DENND4B	373	66	53	62	6	5	626	51
CRTC2	135	22	34	19	1	1	218	16
SLC39A1	91	330	24	395	40	9	121	301
CREB3L4	277	38	59	31	5	6	376	28
JTB	2778	589	782	770	101	24	4688	497
RAB13	2176	579	763	673	68	23	3556	454
RPS27	59723	8611	11304	10158	1243	423	125149	6807
NUP210L	1	8	0	14	1	2	1	27
TPM3	11069	2264	1637	2778	348	101	22534	1951
C1orf189	3	1	0	2	1	0	6	2
C1orf43	2719	481	627	588	85	22	5219	355
UBAP2L	1450	338	249	403	47	19	2563	221
HAX1	2601	400	439	531	54	12	4658	332
AQP10	39	5	0	10	0	0	122	1
ATP8B2	187	66	22	68	10	0	353	51
IL6R	136	33	7	150	9	1	149	15
SHE	4	1	0	2	0	0	2	0
TDRD10	2	0	0	1	0	0	0	0
UBE2Q1	1021	140	205	196	14	1	1895	92
CHRNB2	2	0	0	3	0	0	1	1
ADAR	1629	404	257	528	76	14	2954	297
KCNN3	26	12	3	7	4	0	6	14
PMVK	964	149	227	205	32	6	1550	112
PBXIP1	461	51	125	89	9	5	579	54
PYGO2	214	41	44	38	2	2	444	25
SHC1	931	121	140	177	19	11	1445	129
CKS1B	1542	1065	220	885	130	61	2258	695
FLAD1	987	144	150	169	21	9	1542	118
LENEP	0	0	1	0	0	0	1	0
ZBTB7B	219	15	55	35	4	0	298	22
DCST2	7	1	4	4	0	0	12	4
DCST1	1	3	0	3	0	0	2	4
ADAM15	99	13	73	7	1	4	136	8
EFNA4	833	122	134	135	19	10	1569	109
EFNA3	130	25	39	22	1	4	274	14
EFNA1	408	52	257	51	9	4	1021	43
SLC50A1	892	170	207	214	28	7	1530	121
DPM3	732	169	176	182	34	10	1766	109
KRTCAP2	2565	1046	536	1592	163	55	4770	771
TRIM46	41	12	7	8	0	2	62	7
MUC1	50	5	61	4	0	0	73	2
THBS3	146	11	134	21	1	4	227	17
MTX1	499	285	116	318	38	17	774	211
GBA	31	54	8	60	4	2	41	39
FAM189B	2	64	1	53	4	1	9	37
SCAMP3	42	111	13	141	17	5	60	114
CLK2	35	85	3	109	10	8	80	70
HCN3	0	7	0	15	0	1	2	4
PKLR	0	1	0	4	0	0	0	1
FDPS	6900	1392	760	2174	220	65	12858	865
RUSC1	1309	172	179	217	21	5	2105	146
ASH1L	1129	803	224	1062	139	35	2050	752
MSTO1	98	29	26	52	7	2	171	26
YY1AP1	477	117	116	201	33	6	762	112
DAP3	1513	388	320	512	52	16	2622	305
GON4L	1046	414	175	453	50	15	1895	355
SYT11	40	14	47	18	0	0	80	14
RIT1	742	136	228	196	8	11	1418	126
KHDC4	652	209	106	230	27	3	1139	134
RXFP4	0	0	0	0	0	0	1	0
ARHGEF2	429	67	60	94	9	1	587	76
SSR2	7754	1415	1415	1625	205	56	13613	1082
UBQLN4	237	69	36	119	9	3	404	54
LAMTOR2	2845	402	646	504	63	23	4454	346
RAB25	3307	449	1167	357	63	26	5909	399
MEX3A	2174	291	292	292	45	20	3612	270
LMNA	1602	326	1374	433	49	22	2083	279
SEMA4A	27	19	10	10	0	0	75	9
SLC25A44	309	97	43	120	12	0	463	55
PMF1	3451	565	458	541	89	24	5632	453
BGLAP	24	62	0	60	6	1	40	40
PAQR6	87	11	18	17	2	3	110	8
SMG5	320	154	66	183	15	9	490	124
TMEM79	77	7	78	10	2	0	188	5
GLMP	1011	145	247	301	26	7	1856	155
VHLL	1	0	0	0	0	0	0	0
CCT3	9608	1568	1429	1719	183	69	16448	1232
TSACC	60	7	13	13	5	0	114	6
RHBG	41	31	5	53	1	0	175	23
C1orf61	122	31	15	37	3	3	150	26
MEF2D	92	29	43	25	5	0	191	23
IQGAP3	122	46	24	61	16	5	346	38
TTC24	0	0	0	0	0	0	0	0
NAXE	2767	405	458	625	103	12	5132	332
GPATCH4	1372	206	210	142	34	9	2511	183
HAPLN2	4	2	1	1	0	0	5	0
BCAN	2	0	11	1	0	0	7	0
NES	802	141	422	218	15	9	1129	93
CRABP2	4660	480	2843	505	32	29	6348	462
ISG20L2	723	100	126	102	10	5	1190	93
RRNAD1	264	73	54	68	5	2	401	62
MRPL24	426	67	109	80	9	1	770	62
HDGF	5106	665	815	602	86	29	8721	545
PRCC	1226	191	251	259	28	6	1842	192
SH2D2A	54	7	8	9	0	1	113	10
NTRK1	2	3	0	2	0	0	1	4
INSRR	1	0	0	0	0	0	0	0
PEAR1	1	1	4	2	0	0	2	0
LRRC71	0	1	1	0	0	0	0	0
ARHGEF11	205	323	37	382	32	15	299	241
ETV3L	0	0	0	1	0	0	3	0
ETV3	205	75	55	96	12	0	344	66
FCRL5	0	0	2	0	0	0	1	0
FCRL4	0	0	0	0	0	0	0	0
FCRL3	0	0	0	0	0	0	1	0
FCRL2	0	2	0	1	0	0	5	0
FCRL1	0	0	0	0	0	0	0	0
CD5L	0	0	0	0	0	0	0	0
KIRREL1	99	126	30	148	6	1	189	120
AL138899.3	0	0	0	0	0	0	0	0
CD1D	53	2	6	6	0	0	77	5
CD1A	0	0	0	0	0	0	0	0
CD1C	0	0	0	0	0	0	0	0
CD1B	0	0	0	0	0	0	0	0
CD1E	0	0	0	0	0	0	0	0
OR10T2	0	0	0	0	0	0	0	0
OR10K2	0	0	0	0	0	0	0	0
OR10K1	0	0	0	0	0	0	0	0
OR10R2	0	0	0	0	0	0	0	0
OR6Y1	0	0	0	0	0	0	0	0
OR6P1	0	0	0	0	0	0	0	0
OR10X1	0	0	0	0	0	0	0	0
OR10Z1	0	0	0	0	0	0	0	0
SPTA1	0	0	0	0	0	0	0	0
OR6K2	0	0	0	0	0	0	0	0
OR6K3	0	0	0	0	0	0	0	0
OR6N1	0	0	0	1	0	0	0	0
OR6K6	0	1	0	0	0	0	0	0
OR6N2	0	0	0	0	0	0	0	0
MNDA	0	0	1	0	0	0	3	0
PYHIN1	1	0	5	0	0	0	2	0
IFI16	4265	278	260	310	21	35	1902	302
AIM2	72	45	76	48	5	0	60	39
CADM3	35	7	4	3	0	0	54	5
ACKR1	2	0	1	0	0	0	2	0
FCER1A	11	0	0	1	0	0	14	0
OR10J1	0	0	0	0	0	0	0	0
OR10J5	0	0	0	0	0	0	0	0
APCS	0	0	0	0	0	0	0	0
CRP	0	0	0	0	0	0	1	0
DUSP23	1397	194	272	327	49	9	3207	157
FCRL6	4	0	0	0	0	0	0	0
SLAMF8	1	0	0	0	0	0	0	0
AL590560.2	1	0	2	0	0	0	1	0
VSIG8	1	0	2	1	0	0	0	0
CFAP45	16	4	6	2	0	0	30	1
TAGLN2	2702	225	1276	704	48	21	2841	176
IGSF9	247	27	75	42	9	2	425	17
SLAMF9	3	0	1	1	0	0	3	0
KCNJ10	1	0	0	2	0	0	6	2
PIGM	200	35	48	36	3	3	379	31
KCNJ9	0	0	0	0	0	0	1	0
IGSF8	405	56	118	78	13	3	812	56
ATP1A2	158	38	16	54	0	0	276	20
ATP1A4	62	2	3	7	0	0	88	3
CASQ1	3	0	0	0	0	0	7	0
PEA15	526	69	303	76	9	1	644	47
DCAF8	450	314	97	368	34	11	875	206
PEX19	810	133	125	138	14	6	1323	114
COPA	2343	713	404	1039	106	30	3774	522
NCSTN	1170	184	190	229	14	8	1796	129
NHLH1	42	11	9	8	0	1	30	10
VANGL2	637	105	58	110	10	4	946	75
SLAMF6	0	0	0	0	0	0	0	0
CD84	0	0	0	0	0	0	0	0
SLAMF1	1	2	0	4	0	0	3	1
CD48	37	0	0	2	1	1	30	3
SLAMF7	0	0	0	0	1	0	0	0
LY9	0	1	0	2	0	0	0	1
CD244	5	3	0	9	0	0	16	1
ITLN1	45	13	0	26	1	1	63	2
ITLN2	251	154	6	364	5	3	630	120
F11R	1097	464	275	648	57	12	1851	330
TSTD1	2140	473	1013	457	77	19	6386	396
USF1	182	15	30	29	7	1	518	29
ARHGAP30	8	2	11	9	0	0	13	2
NECTIN4	194	1	231	0	0	0	289	3
KLHDC9	265	48	39	56	3	3	390	31
PFDN2	5055	760	941	934	143	37	8868	599
NIT1	960	126	196	160	14	4	1539	110
DEDD	294	58	62	91	8	2	494	56
UFC1	4917	776	790	1035	112	38	7103	581
USP21	99	16	11	26	2	3	148	13
PPOX	353	70	51	78	8	5	545	64
B4GALT3	693	89	142	140	14	4	1239	59
ADAMTS4	21	3	3	5	0	0	22	2
NDUFS2	2920	484	435	508	79	26	4642	398
FCER1G	18	5	1	5	0	0	48	5
APOA2	85822	19068	99	49477	1782	394	194884	13870
TOMM40L	134	15	24	22	1	0	195	16
NR1I3	36	15	0	11	1	0	145	6
PCP4L1	24	54	32	114	9	0	87	24
MPZ	12	10	4	11	0	0	46	9
SDHC	2327	618	456	789	82	27	3920	485
CFAP126	6	0	6	1	0	0	11	3
FCGR2A	2	4	0	4	0	0	10	1
HSPA6	0	0	1	2	0	0	4	1
FCGR3A	1	0	1	0	0	0	1	0
FCGR3B	0	0	0	0	0	0	0	0
FCGR2B	0	0	0	1	0	0	1	0
FCRLA	0	0	0	0	0	0	0	0
FCRLB	14	3	8	1	0	0	22	0
DUSP12	915	128	133	131	13	4	1478	91
ATF6	615	195	140	273	28	8	958	168
OLFML2B	105	5	4	3	0	0	45	4
NOS1AP	80	134	11	134	16	4	162	96
SPATA46	0	0	0	0	0	0	0	1
C1orf226	25	5	13	2	0	1	63	4
SH2D1B	0	0	0	0	0	0	0	1
UHMK1	460	155	76	180	21	3	852	99
UAP1	728	165	95	208	29	7	1363	143
DDR2	8	10	6	16	1	0	20	9
HSD17B7	779	198	87	245	29	13	1475	88
CCDC190	2	2	1	2	0	0	1	0
RGS4	35	5	1	2	0	0	100	1
RGS5	2954	752	20	430	50	45	2327	707
NUF2	1167	237	156	203	20	14	1847	125
PBX1	1328	842	469	907	139	62	2779	613
LMX1A	18	31	3	77	1	5	28	19
RXRG	61	12	0	12	3	0	44	14
LRRC52	0	0	0	0	0	0	1	0
MGST3	8841	1452	2590	1851	214	72	15491	887
ALDH9A1	1436	225	294	266	26	12	2184	125
TMCO1	3388	620	616	924	102	23	6414	496
UCK2	563	279	106	342	38	15	859	232
FAM78B	25	12	0	32	3	0	52	25
POGK	668	118	89	158	21	10	1066	103
TADA1	294	108	36	149	15	3	484	87
ILDR2	29	16	5	19	0	0	53	7
MAEL	3	2	2	2	1	0	8	3
GPA33	1	3	1	0	0	1	10	2
DUSP27	9	1	1	0	0	0	6	0
POU2F1	751	730	145	747	91	50	1219	676
CD247	7	4	2	2	0	0	26	2
CREG1	886	133	306	151	14	8	1598	87
RCSD1	12	2	3	0	0	0	24	2
MPZL1	1551	604	509	661	86	27	2519	319
ADCY10	6	20	3	20	2	0	11	31
MPC2	9250	1975	699	2971	395	73	16493	1074
DCAF6	534	811	207	963	105	31	1059	524
GPR161	455	85	71	109	10	4	691	73
TIPRL	1378	330	290	437	51	16	2414	238
SFT2D2	464	113	112	147	26	5	834	77
TBX19	28	9	5	17	0	0	33	15
XCL2	0	0	0	0	0	0	2	0
XCL1	56	1	1	2	0	0	21	2
DPT	0	0	0	0	0	0	0	0
ATP1B1	3958	778	426	1274	98	14	6058	602
NME7	585	297	71	252	37	14	924	216
BLZF1	353	116	84	164	9	4	585	90
CCDC181	177	44	19	21	3	3	362	25
SLC19A2	150	98	86	108	26	4	339	75
F5	11	5	4	7	0	0	19	0
SELP	0	0	0	0	0	0	0	0
C1orf112	352	85	60	87	12	5	476	62
SELL	4	0	7	1	0	0	12	0
SELE	0	1	0	0	0	0	0	0
METTL18	181	48	81	57	3	3	575	32
SCYL3	184	56	56	40	6	2	293	36
KIFAP3	424	150	187	311	26	10	798	114
METTL11B	6	3	0	14	0	0	5	1
GORAB	203	54	42	70	8	3	343	36
PRRX1	13	2	1	24	1	0	36	4
MROH9	0	26	0	37	6	0	0	17
FMO3	2	5	0	5	1	1	5	2
FMO2	2	17	0	2	0	0	8	6
FMO1	256	133	2	381	13	1	549	83
FMO4	117	103	15	119	9	7	177	62
PRRC2C	10237	2422	1458	3107	302	105	17343	1741
MYOCOS	3	0	0	11	1	0	2	39
MYOC	0	0	0	0	0	0	0	1
VAMP4	142	29	35	33	2	1	245	28
EEF1AKNMT	457	72	89	52	15	2	878	63
DNM3	7	93	2	227	10	2	16	47
PIGC	896	164	214	239	31	6	1489	120
C1orf105	60	5	30	3	4	0	47	0
SUCO	1382	516	520	1120	100	29	2423	342
FASLG	0	0	0	0	0	0	0	0
TNFSF18	0	0	0	0	0	0	0	1
TNFSF4	50	11	5	15	2	0	173	12
PRDX6	20909	3770	3564	4171	523	183	39665	3004
SLC9C2	3	3	3	1	0	0	3	2
ANKRD45	66	27	17	6	1	1	87	16
TEX50	0	0	0	0	0	0	0	0
KLHL20	265	154	58	177	19	8	393	132
CENPL	387	68	54	77	9	2	596	32
DARS2	298	52	62	56	7	2	502	53
ZBTB37	243	56	40	63	7	0	367	57
SERPINC1	123	33	0	46	5	0	434	17
RC3H1	406	464	73	587	66	36	671	337
RABGAP1L	414	1360	125	1626	169	56	626	1099
GPR52	4	1	0	0	0	0	7	2
CACYBP	4931	674	848	726	108	30	7095	615
MRPS14	1391	242	245	294	38	10	2420	154
TNN	2	2	1	1	1	0	6	1
KIAA0040	157	12	75	53	4	0	310	21
TNR	5	4	1	9	0	1	1	12
COP1	843	1183	136	1624	173	39	1465	1050
PAPPA2	80	8	58	30	1	1	57	5
ASTN1	16	21	2	13	0	0	19	19
BRINP2	6	3	0	0	0	0	0	2
SEC16B	9	4	1	6	1	0	21	5
RASAL2	406	696	183	602	64	31	618	452
CLEC20A	1	0	0	0	0	0	2	0
TEX35	1	0	0	0	0	1	8	0
RALGPS2	1006	733	167	1104	121	28	1875	631
ANGPTL1	17	76	3	110	10	1	22	74
FAM20B	518	170	83	239	26	9	944	124
TOR3A	594	98	129	168	17	6	1227	109
ABL2	633	388	121	362	36	21	977	218
SOAT1	252	141	52	121	19	8	527	101
AXDND1	5	16	0	7	0	0	2	11
NPHS2	0	0	0	0	0	0	0	0
TDRD5	3	3	0	1	0	0	7	1
FAM163A	1	11	0	5	5	0	2	1
TOR1AIP2	1552	333	286	580	51	17	3002	230
TOR1AIP1	471	140	74	203	25	6	912	99
CEP350	1443	777	209	2060	140	24	2837	567
QSOX1	846	106	119	80	17	2	931	138
LHX4	18	1	4	1	1	0	20	7
ACBD6	1699	483	439	508	77	24	2737	456
XPR1	313	367	60	491	65	16	679	303
KIAA1614	14	3	1	2	0	0	15	6
STX6	479	173	141	212	27	8	937	108
MR1	63	18	11	24	2	1	190	16
IER5	1079	102	529	115	10	5	1810	100
CACNA1E	28	104	1	72	2	1	15	47
ZNF648	1	0	0	1	0	0	3	0
GLUL	4566	737	670	1012	78	38	8976	784
TEDDM1	0	0	0	0	0	0	0	0
RGSL1	0	0	0	1	0	0	0	2
RNASEL	74	11	29	14	4	0	165	7
RGS16	353	19	315	21	5	1	329	25
RGS8	16	1	0	1	0	0	9	2
NPL	312	24	14	64	7	7	258	38
DHX9	2331	763	409	836	116	40	3686	629
SHCBP1L	0	0	0	1	0	0	0	0
LAMC1	1215	677	228	876	66	13	3122	384
LAMC2	78	47	120	46	3	3	251	18
NMNAT2	25	27	7	32	4	6	104	7
SMG7	504	389	91	463	39	13	938	281
NCF2	1	3	10	2	0	1	1	14
ARPC5	4295	845	1359	1228	111	39	7729	574
RGL1	59	144	19	264	35	10	99	81
APOBEC4	0	0	0	3	0	0	0	1
COLGALT2	63	24	12	12	0	3	78	13
TSEN15	570	141	146	168	19	6	736	94
C1orf21	1036	301	268	455	47	36	1080	196
EDEM3	305	108	44	144	23	4	488	69
NIBAN1	172	41	61	80	8	8	131	53
RNF2	727	251	131	317	31	18	1304	195
TRMT1L	412	108	64	83	6	4	651	68
SWT1	118	63	18	85	7	1	174	58
IVNS1ABP	1745	331	144	482	48	20	2827	313
HMCN1	46	97	10	70	16	11	41	69
PRG4	1	1	0	0	0	0	1	1
TPR	4879	884	806	928	136	42	8252	657
ODR4	728	237	146	352	36	8	1254	181
OCLM	3	0	1	0	0	0	2	0
PDC	0	0	0	1	0	0	0	0
PTGS2	66	0	51	3	0	0	23	0
PLA2G4A	28	54	27	25	1	0	66	16
BRINP3	2	3	0	64	2	0	6	1
RGS18	2	0	0	5	0	0	1	1
RGS21	0	0	0	0	0	0	0	0
RGS1	1	0	0	1	0	0	1	0
RGS13	2	2	0	9	0	0	9	1
AL136454.1	112	40	28	14	2	1	264	17
RGS2	542	63	53	67	10	4	747	56
UCHL5	985	270	124	309	46	12	1775	184
RO60	1713	439	304	518	54	23	3103	387
GLRX2	718	95	175	210	25	6	1346	78
CDC73	1145	450	210	619	72	15	1941	379
B3GALT2	1	2	1	2	0	0	4	3
KCNT2	60	313	7	238	42	25	83	296
CFH	1	0	0	0	0	0	0	0
CFHR3	0	2	5	7	0	0	44	0
CFHR1	0	0	0	1	0	0	19	0
CFHR4	0	1	1	0	0	0	0	0
CFHR2	1	2	0	0	0	0	11	0
CFHR5	8	2	0	3	0	0	10	4
F13B	0	2	0	0	0	0	0	1
ASPM	1971	461	178	310	33	13	3040	247
ZBTB41	226	78	48	85	10	2	423	46
CRB1	0	5	0	9	3	0	1	11
DENND1B	215	244	60	332	42	8	386	212
C1orf53	284	36	67	35	6	2	508	32
LHX9	22	2	7	5	1	1	39	1
NEK7	277	320	98	368	49	13	467	254
ATP6V1G3	52	31	1	18	5	0	109	26
PTPRC	18	3	0	5	0	0	18	9
NR5A2	41	133	0	145	20	2	99	70
ZNF281	1196	222	122	217	27	6	1915	162
KIF14	450	191	54	130	11	9	693	121
DDX59	369	130	77	116	15	8	583	78
CAMSAP2	407	278	109	368	41	18	754	252
GPR25	0	0	0	0	0	0	0	0
INAVA	234	107	53	143	17	3	468	79
KIF21B	42	8	5	12	1	1	51	11
CACNA1S	2	0	2	0	0	0	2	0
ASCL5	10	5	1	5	1	0	6	3
TMEM9	1944	263	417	340	36	8	3344	230
IGFN1	0	0	1	0	0	0	0	0
PKP1	26	0	23	0	0	0	7	0
TNNT2	60	3	99	4	0	0	98	2
LAD1	294	30	159	68	6	1	502	24
TNNI1	17	3	6	10	0	1	38	4
PHLDA3	805	87	514	102	5	3	850	82
CSRP1	647	92	1131	127	8	6	870	44
NAV1	426	236	125	232	21	16	673	211
IPO9	1306	344	208	402	54	20	2023	271
SHISA4	74	8	97	13	0	1	158	5
LMOD1	8	8	26	14	0	1	19	5
TIMM17A	1687	300	460	451	46	18	3146	244
RNPEP	1560	309	296	236	56	6	2129	233
ELF3	637	54	731	67	7	5	1050	49
GPR37L1	6	0	1	1	0	0	6	1
ARL8A	937	122	305	158	21	3	1424	84
PTPN7	5	2	2	3	1	0	24	3
LGR6	67	40	0	64	4	3	253	39
UBE2T	747	297	382	269	50	11	3369	265
PPP1R12B	300	480	28	697	73	5	477	425
SYT2	147	43	5	65	3	1	362	47
KDM5B	4502	1203	639	1324	118	59	7076	934
RABIF	582	76	149	136	13	3	823	80
KLHL12	307	78	71	81	6	3	582	44
ADIPOR1	1193	182	290	280	25	9	1825	142
CYB5R1	631	56	363	150	9	3	624	59
TMEM183A	889	314	140	466	54	19	1574	263
PPFIA4	69	25	8	55	5	2	146	34
MYOG	2	0	0	0	0	0	0	0
ADORA1	27	14	3	46	3	1	44	20
MYBPH	1	1	0	9	0	0	3	0
CHI3L1	305	20	2	227	7	1	274	6
CHIT1	2	0	0	0	0	0	0	1
BTG2	2270	414	486	680	38	16	3817	187
FMOD	118	20	0	26	4	0	493	10
PRELP	7	5	0	4	0	0	17	3
OPTC	2	0	1	1	0	0	3	0
ATP2B4	433	207	169	266	14	9	693	137
LAX1	0	2	0	1	0	0	0	0
ZC3H11A	21	12	4	3	1	0	23	9
ZBED6	23	6	5	8	0	0	28	1
SNRPE	9735	1631	1212	1778	262	78	16583	1388
SOX13	347	169	56	185	26	2	693	99
ETNK2	420	74	50	75	8	1	1072	57
REN	0	3	1	0	0	0	2	2
KISS1	33	2	6	14	0	2	155	4
GOLT1A	411	86	14	147	18	1	1326	58
PLEKHA6	171	109	37	196	22	1	198	199
PPP1R15B	383	96	105	100	18	4	669	63
PIK3C2B	210	81	25	91	11	10	355	79
MDM4	1246	363	162	362	28	15	2343	260
LRRN2	35	24	3	34	4	1	68	20
NFASC	265	22	10	22	2	0	94	38
CNTN2	5	5	3	2	0	0	27	3
TMEM81	22	6	6	3	1	0	39	2
RBBP5	449	119	82	152	20	11	806	103
DSTYK	370	102	79	147	20	2	636	104
TMCC2	38	7	18	7	0	0	58	6
NUAK2	311	183	137	214	16	6	502	51
KLHDC8A	11	12	6	13	1	0	33	3
LEMD1	89	14	20	15	0	0	277	16
BLACAT1	69	28	31	20	1	2	87	13
CDK18	385	129	43	219	23	6	1052	114
MFSD4A	14	7	4	6	3	0	14	6
ELK4	294	83	47	96	13	5	512	70
SLC45A3	24	6	18	2	0	1	67	7
NUCKS1	18819	3233	2442	3966	472	168	34883	2586
RAB29	251	32	195	48	3	0	527	16
SLC41A1	248	46	35	64	7	2	504	41
PM20D1	0	1	1	1	0	0	0	1
SLC26A9	8	0	0	8	2	0	14	3
RAB7B	8	0	5	9	0	0	12	3
CTSE	329	68	1	730	25	2	1582	95
RHEX	0	6	0	12	1	0	0	5
AVPR1B	0	0	0	0	0	0	0	0
FAM72A	11	3	2	4	0	0	11	5
SRGAP2	272	173	33	214	25	6	392	170
IKBKE	44	11	26	22	1	0	109	12
RASSF5	3	2	2	3	0	0	2	2
EIF2D	540	135	134	105	14	9	1058	93
DYRK3	115	15	6	35	0	0	136	9
MAPKAPK2	966	241	140	353	37	9	1573	163
IL10	1	1	0	0	0	0	4	0
IL19	0	4	1	1	1	0	0	1
IL20	0	0	0	0	0	0	0	0
IL24	0	0	1	0	0	0	0	0
FCMR	1	0	10	1	0	0	2	0
PIGR	1	0	0	3	0	0	0	0
FCAMR	0	0	0	0	0	0	0	0
C1orf116	73	9	74	22	3	0	79	0
PFKFB2	61	18	24	38	4	2	109	15
YOD1	179	54	39	66	4	2	348	29
C4BPB	16	4	4	9	1	0	55	0
C4BPA	1	0	1	0	0	0	3	1
CD55	357	75	216	85	6	9	658	42
CR2	0	0	0	0	0	0	13	0
CR1	1	0	1	1	0	0	2	0
CR1L	24	26	25	18	1	0	84	22
CD46	1639	568	411	587	62	16	3299	391
CD34	44	7	1	16	0	0	140	8
PLXNA2	422	129	84	343	38	3	527	207
CAMK1G	11	1	23	2	0	0	53	1
LAMB3	127	47	30	43	1	1	282	17
G0S2	4782	1190	17	1358	36	31	13253	469
HSD11B1	0	3	1	1	0	0	0	2
TRAF3IP3	14	1	2	1	0	0	11	0
C1orf74	170	20	26	15	4	0	231	15
IRF6	225	27	155	47	4	0	379	20
UTP25	270	40	39	60	6	2	425	41
SYT14	45	25	58	20	8	6	105	24
SERTAD4	44	1	97	2	0	0	98	1
HHAT	83	108	20	140	9	5	136	79
KCNH1	3	17	3	187	1	0	16	42
RCOR3	861	511	123	962	67	23	1941	592
TRAF5	342	67	53	122	12	6	503	98
RD3	5	0	0	2	1	0	8	2
SLC30A1	313	108	96	121	14	5	605	67
NEK2	912	199	69	230	8	12	1713	120
LPGAT1	1206	463	122	560	63	10	1839	472
INTS7	286	191	26	219	22	10	489	171
DTL	404	132	55	158	39	8	607	138
PPP2R5A	774	296	103	421	34	8	1661	215
PACC1	559	216	104	236	19	10	1401	108
NENF	3181	1069	541	1286	80	48	14376	238
ATF3	605	126	1024	304	16	11	1127	43
FAM71A	0	0	0	0	0	0	0	0
BATF3	36	0	7	5	0	0	112	0
NSL1	1900	382	216	408	73	20	3374	329
TATDN3	311	102	56	73	7	7	382	64
SPATA45	10	4	1	2	0	0	7	0
FLVCR1	830	274	56	533	41	8	1691	298
VASH2	108	53	39	42	9	3	250	55
ANGEL2	481	181	80	154	9	11	800	100
RPS6KC1	365	551	43	621	55	32	579	422
PROX1	428	88	25	109	7	4	477	85
SMYD2	478	160	178	196	30	15	876	125
PTPN14	851	692	135	783	102	45	1317	531
CENPF	5345	1316	747	988	122	76	8946	658
KCNK2	2	1	0	4	0	0	2	3
KCTD3	568	183	97	241	32	8	969	131
USH2A	8	4	2	9	2	0	7	8
ESRRG	394	746	21	1342	186	24	929	1082
GPATCH2	960	417	179	481	66	19	1527	328
SPATA17	111	131	14	69	17	5	164	78
RRP15	1121	179	177	196	9	17	1805	174
TGFB2	130	107	32	65	5	8	158	41
LYPLAL1	838	357	188	374	30	21	1914	214
ZC3H11B	4	1	0	2	0	0	3	1
SLC30A10	62	56	1	64	7	2	87	32
EPRS	2438	563	465	683	51	32	4039	444
BPNT1	374	69	76	72	4	2	625	49
IARS2	1583	213	198	349	35	15	2825	258
RAB3GAP2	756	362	134	467	36	17	1364	295
MARK1	158	219	42	215	11	11	286	127
C1orf115	339	71	66	126	2	1	842	50
MARC2	74	19	20	18	3	0	119	6
MARC1	1145	342	64	403	41	10	2192	273
HLX	14	4	0	2	0	0	24	4
DUSP10	81	23	73	65	2	0	75	18
HHIPL2	22	5	1	24	1	0	20	7
TAF1A	269	64	30	47	4	3	443	52
MIA3	1066	254	138	329	26	18	1821	218
AIDA	293	186	53	230	15	8	367	163
BROX	629	108	148	156	14	6	1133	104
FAM177B	0	0	0	1	0	0	1	1
DISP1	97	197	10	232	20	10	209	155
TLR5	15	1	11	0	0	0	14	2
SUSD4	155	113	19	97	3	10	212	51
CCDC185	0	0	0	0	0	0	1	0
CAPN8	14	7	1	9	2	0	15	5
CAPN2	1365	284	728	310	27	13	2236	159
TP53BP2	701	221	144	220	21	9	1208	155
FBXO28	525	304	67	380	40	18	883	252
DEGS1	1111	176	291	261	23	7	1705	109
NVL	445	201	78	306	21	10	732	195
CNIH4	3417	621	762	736	87	31	7234	444
WDR26	641	283	121	375	22	21	907	207
CNIH3	174	90	21	244	13	4	300	103
DNAH14	445	877	77	1459	94	48	993	525
LBR	1539	335	175	392	25	20	2690	183
ENAH	5082	1928	871	2252	199	102	8766	1399
SRP9	8372	1631	1440	1694	145	91	14564	1154
EPHX1	1137	159	202	345	16	10	1709	140
TMEM63A	550	125	88	182	15	5	890	135
LEFTY1	674	37	36	5	2	8	306	143
PYCR2	882	98	126	95	13	3	1111	82
LEFTY2	445	48	48	17	0	0	414	83
SDE2	296	86	46	82	8	5	561	50
H3F3A	931	8103	336	8677	861	455	2411	6312
ACBD3	1640	665	354	849	58	21	3221	468
MIXL1	548	22	3	53	3	5	438	170
LIN9	224	112	26	158	16	10	397	99
PARP1	4569	738	855	728	86	38	8349	512
STUM	5	4	1	22	1	0	36	1
ITPKB	94	36	27	12	1	0	108	39
PSEN2	206	19	39	28	3	0	336	24
COQ8A	242	57	31	73	6	2	420	45
CDC42BPA	508	644	86	955	64	22	932	569
ZNF678	315	158	37	124	9	6	440	123
SNAP47	711	121	124	149	15	4	1114	98
JMJD4	381	69	91	102	5	4	724	44
PRSS38	0	0	0	0	0	0	0	0
WNT9A	2	10	11	7	4	3	10	7
WNT3A	2	5	0	6	0	1	40	1
ARF1	7465	1183	1552	1624	129	52	11505	959
C1orf35	1744	222	280	296	26	6	2694	219
MRPL55	2337	420	402	641	56	15	4783	253
GUK1	5785	887	1795	1398	91	47	10246	732
GJC2	20	6	1	3	1	1	50	4
IBA57	148	23	16	23	3	0	232	17
OBSCN	358	166	32	201	17	7	609	178
TRIM11	577	117	84	121	14	7	1009	87
TRIM17	309	103	16	64	4	2	597	38
HIST3H3	0	0	0	0	0	0	0	0
HIST3H2A	586	156	165	194	6	4	1401	98
HIST3H2BB	15	16	4	3	0	0	36	2
RNF187	2585	303	363	402	39	25	4235	276
RHOU	712	120	291	191	10	7	1242	63
RAB4A	2840	558	387	719	59	26	5930	394
SPHAR	0	0	0	0	0	0	0	0
CCSAP	145	49	54	38	3	3	275	24
ACTA1	275	9	74	1	1	0	92	4
NUP133	515	149	94	232	11	8	855	154
ABCB10	206	110	40	135	12	3	374	83
TAF5L	202	53	48	68	6	1	367	71
URB2	151	33	22	53	5	2	277	32
GALNT2	626	246	205	342	19	9	1015	182
PGBD5	47	26	22	67	0	1	105	12
COG2	603	176	88	198	24	5	1170	104
AGT	1134	295	3	190	6	6	2826	94
CAPN9	314	57	4	73	7	4	368	39
C1orf198	379	79	97	72	6	7	640	54
TTC13	148	67	10	68	7	0	231	42
ARV1	389	54	75	81	6	5	615	53
FAM89A	1557	169	268	229	13	11	1822	217
TRIM67	2	1	1	1	0	0	2	2
AL109810.2	0	0	0	0	0	0	0	0
C1orf131	1338	191	162	340	26	6	2421	225
GNPAT	1056	231	107	324	14	10	1638	165
EXOC8	115	27	40	32	1	3	193	18
SPRTN	409	96	78	108	10	2	664	73
EGLN1	115	162	27	235	12	5	157	162
TSNAX	1549	338	261	371	35	16	2661	249
DISC1	64	184	11	328	19	10	92	193
SIPA1L2	1218	498	131	790	64	19	1846	426
MAP10	121	27	21	26	1	1	136	12
NTPCR	1875	343	317	378	30	17	2619	256
PCNX2	144	198	32	297	21	16	309	162
MAP3K21	98	44	11	70	8	1	192	34
KCNK1	496	206	308	321	19	4	611	169
SLC35F3	80	295	9	611	26	9	203	283
COA6	2095	330	371	511	47	30	3366	257
TARBP1	351	299	45	267	22	12	600	177
IRF2BP2	1062	212	203	327	21	15	2020	171
TOMM20	6997	2140	1107	2396	187	87	13640	1774
RBM34	89	28	14	21	1	2	171	10
ARID4B	2458	1030	422	1189	93	37	4154	973
GGPS1	1064	209	186	193	11	8	1815	161
TBCE	196	40	14	33	1	2	334	33
TBCE.1	165	19	22	31	1	1	224	16
B3GALNT2	726	365	115	459	28	24	1479	174
GNG4	321	240	169	212	9	3	935	43
LYST	68	55	50	56	3	4	117	27
NID1	335	149	12	162	17	7	656	79
GPR137B	141	52	97	41	2	6	279	36
ERO1B	100	55	14	58	3	2	199	55
EDARADD	344	231	15	280	30	14	787	191
LGALS8	246	56	109	72	2	5	441	37
HEATR1	503	176	75	172	19	7	1002	117
ACTN2	17	5	22	9	1	1	24	3
MTR	491	167	120	202	19	5	908	123
MT1HL1	0	0	0	0	0	0	0	0
RYR2	22	49	9	77	4	3	38	58
ZP4	0	0	0	0	0	0	0	0
MTRNR2L11	0	0	1	0	0	0	0	0
CHRM3	124	177	42	360	39	7	184	170
FMN2	163	146	14	155	6	5	82	461
GREM2	142	88	9	63	8	4	202	132
RGS7	11	1550	0	2208	6	4	48	96
FH	1824	350	359	382	32	10	3205	237
KMO	16	6	5	2	0	0	12	1
OPN3	393	63	121	46	6	4	657	41
CHML	410	83	80	92	9	8	639	50
WDR64	1	1	0	3	0	0	4	0
EXO1	125	34	24	40	7	0	209	42
BECN2	0	0	0	0	0	0	0	0
MAP1LC3C	2	5	3	2	0	0	3	0
PLD5	47	88	29	180	8	9	84	92
CEP170	237	365	29	382	34	22	404	285
SDCCAG8	248	372	54	435	43	22	524	338
AKT3	32	295	13	246	32	19	52	221
ZBTB18	133	44	24	45	1	0	220	25
C1orf100	0	0	0	0	0	0	0	2
ADSS	1111	238	249	246	21	9	1947	185
CATSPERE	2	21	0	23	1	0	13	15
DESI2	1436	340	286	486	31	12	1973	314
AL451007.3	1	0	0	1	0	0	7	0
COX20	2080	269	443	377	37	17	3953	243
HNRNPU	10128	1917	1406	1942	199	88	16315	1468
EFCAB2	573	385	96	414	31	16	1024	279
KIF26B	40	2658	2	3626	335	101	53	2244
SMYD3	725	1442	96	2077	161	77	1402	1236
TFB2M	429	121	81	124	11	5	735	88
CNST	234	165	54	180	17	6	450	122
SCCPDH	1573	250	327	236	24	13	2973	184
AHCTF1	647	415	95	508	32	21	1195	268
ZNF695	136	74	24	73	6	4	256	71
ZNF670	378	191	46	303	18	7	502	161
ZNF669	267	61	61	62	2	2	464	42
ZNF124	573	358	43	542	53	14	1058	326
ZNF496	380	116	62	128	13	6	593	116
NLRP3	0	0	4	1	0	0	2	0
OR2B11	0	0	0	0	0	0	0	0
GCSAML	0	0	0	0	0	0	2	0
OR2C3	0	0	0	0	0	0	0	0
GCSAML-AS1	0	0	0	0	0	0	0	0
OR2G2	0	0	0	0	0	0	0	0
OR2G3	0	0	0	0	0	0	0	0
OR13G1	0	1	0	0	0	0	0	0
OR6F1	1	0	0	0	0	0	0	0
OR14A2	0	0	0	0	0	0	1	0
OR14K1	0	0	0	0	0	0	0	0
OR1C1	0	0	0	0	0	0	1	0
OR14A16	6	1	0	2	0	0	3	3
OR11L1	0	0	0	0	0	0	0	0
TRIM58	107	6	10	6	2	2	86	9
OR2W3	0	0	0	0	0	0	0	0
OR2T8	1	0	0	0	0	0	0	1
OR2AJ1	1	0	0	0	0	0	1	1
OR2L8	0	0	0	0	0	0	0	0
OR2AK2	0	0	0	0	0	0	1	0
OR2L5	3	0	0	0	0	0	1	1
OR2L2	1	0	0	0	0	0	4	0
OR2L3	0	0	0	0	0	0	0	1
OR2L13	1	0	0	0	0	0	2	0
OR2M5	0	0	0	0	0	0	0	0
OR2M2	0	0	0	0	0	0	0	0
OR2M3	0	0	0	1	0	0	0	0
OR2M4	0	0	0	0	0	0	0	0
OR2T33	3	0	0	0	0	0	0	0
OR2T12	1	0	0	0	0	0	0	0
OR2M7	1	0	0	0	0	0	0	0
OR14C36	1	0	0	0	0	0	0	0
OR2T4	0	0	0	0	0	0	0	0
OR2T6	0	0	0	0	0	0	0	0
OR2T1	0	0	0	0	0	0	0	0
OR2T2	0	0	0	0	0	0	0	0
OR2T3	0	0	0	0	0	0	0	0
OR2T5	0	0	0	0	0	0	0	0
OR2G6	3	0	0	0	0	0	0	0
OR2T29	0	0	0	0	0	0	0	0
OR2T34	0	0	0	0	0	0	0	0
OR2T10	0	0	0	0	0	0	0	0
OR2T11	0	0	0	0	0	0	0	0
OR2T35	0	0	0	0	0	0	0	0
OR2T27	0	0	0	0	0	0	0	0
OR14I1	0	0	0	0	0	0	0	0
LYPD8	0	0	1	0	0	0	0	0
SH3BP5L	221	30	30	41	3	0	265	22
ZNF672	499	51	95	99	6	4	753	41
ZNF692	250	28	61	42	5	2	471	30
PGBD2	131	21	27	34	3	1	162	9
FAM110C	15	0	17	2	0	0	21	2
SH3YL1	865	336	328	244	21	14	1346	260
ACP1	3183	854	931	681	84	41	5350	631
ALKAL2	20	4	19	7	2	3	25	6
TMEM18	757	195	219	183	19	6	1521	174
SNTG2	8	51	4	43	6	2	8	27
TPO	0	0	0	1	0	0	2	1
PXDN	1872	520	452	353	52	29	2978	488
MYT1L	2	11	0	9	2	0	11	7
EIPR1	443	244	121	233	25	5	759	232
TRAPPC12	125	222	29	200	21	12	157	190
ADI1	325	424	30	548	65	12	381	455
RNASEH1	546	223	120	181	17	10	1048	188
RPS7	58659	17004	13101	14503	1629	775	108914	12622
COLEC11	4	5	0	3	0	0	44	7
ALLC	0	0	0	0	0	0	0	0
DCDC2C	0	0	0	0	0	0	1	2
SOX11	2395	402	522	225	29	19	3939	362
CMPK2	23	9	12	9	1	1	44	6
RSAD2	6	4	3	5	0	0	7	2
RNF144A	94	148	28	86	17	13	215	116
ID2	3848	1524	467	1732	155	56	10384	920
KIDINS220	725	347	198	289	29	21	1205	251
MBOAT2	246	317	179	159	31	12	385	208
ASAP2	224	260	136	83	10	19	409	206
ITGB1BP1	900	209	800	289	34	10	1750	154
CPSF3	877	190	174	158	23	12	1443	192
IAH1	88	382	230	271	32	10	3105	212
ADAM17	750	339	183	250	29	13	1236	246
YWHAQ	4631	1482	1361	1010	146	67	6448	1125
TAF1B	379	222	105	162	21	15	806	205
GRHL1	109	51	84	33	10	2	184	50
KLF11	116	14	37	20	2	3	185	21
CYS1	3	7	0	3	1	0	3	2
RRM2	940	303	228	219	43	10	1488	308
HPCAL1	166	85	77	49	7	6	299	52
ODC1	10794	3475	555	1987	192	82	17104	1612
NOL10	510	304	139	302	26	16	867	241
ATP6V1C2	27	7	19	11	1	1	45	7
PDIA6	9470	2907	1994	2487	285	136	19048	2332
KCNF1	54	10	18	16	1	0	75	5
C2orf50	2	2	0	2	0	0	1	0
SLC66A3	202	56	100	56	8	3	369	47
ROCK2	761	597	218	498	47	23	1317	403
E2F6	224	101	44	89	8	3	428	73
GREB1	348	576	27	440	45	38	388	497
NTSR2	0	0	0	0	0	0	0	2
LPIN1	294	117	62	123	14	3	577	90
TRIB2	162	40	44	28	6	2	212	39
LRATD1	98	39	99	39	1	3	328	4
NBAS	621	674	106	576	56	26	1406	489
DDX1	1273	338	334	293	49	13	2190	266
MYCN	526	114	64	112	14	7	1038	103
FAM49A	45	5	32	3	1	0	53	15
RAD51AP2	18	3	0	5	0	0	20	1
VSNL1	471	207	44	104	19	3	765	145
SMC6	893	478	166	372	43	21	1647	304
GEN1	208	166	43	117	18	8	301	117
MSGN1	14	1	0	0	0	0	12	0
KCNS3	115	32	15	23	4	3	130	29
RDH14	761	184	238	183	20	16	1418	142
NT5C1B	0	0	0	1	0	0	1	0
OSR1	18	1	0	6	1	0	12	1
TTC32	136	61	38	24	6	2	250	63
WDR35	60	107	12	54	11	6	82	71
MATN3	103	14	21	12	0	0	69	16
LAPTM4A	7477	1577	2326	1622	162	68	14009	1236
SDC1	348	30	274	23	0	3	354	16
PUM2	457	859	115	793	86	62	823	741
RHOB	1230	277	198	383	19	7	1843	168
HS1BP3	241	45	96	56	4	0	341	39
GDF7	11	6	1	5	0	0	17	2
LDAH	414	381	83	274	36	17	700	269
APOB	9383	3256	7	4698	237	61	19607	1529
TDRD15	0	2	0	4	0	0	4	3
KLHL29	12	16	26	18	3	2	14	20
ATAD2B	224	378	58	278	29	20	466	298
UBXN2A	556	305	126	220	36	12	970	219
MFSD2B	15	2	1	3	2	0	17	15
WDCP	82	31	14	18	3	0	178	19
FKBP1B	408	104	191	53	20	9	823	114
SF3B6	6192	1312	1499	1185	147	70	11004	1070
FAM228B	134	107	39	75	8	4	275	75
TP53I3	853	154	384	160	15	6	1323	111
PFN4	13	3	5	1	0	1	12	0
FAM228A	1	0	0	0	0	0	4	0
ITSN2	204	154	125	186	16	7	390	117
NCOA1	373	730	130	738	79	45	681	558
PTRHD1	1497	328	380	279	23	13	2784	231
CENPO	158	92	40	59	10	4	224	63
ADCY3	47	59	24	22	2	1	56	29
DNAJC27	73	53	28	41	8	6	137	42
EFR3B	91	94	15	62	6	5	157	77
POMC	516	410	236	89	44	4	1600	256
DNMT3A	972	258	166	253	28	7	1712	239
DTNB	270	622	68	496	62	26	336	651
ASXL2	251	198	84	195	16	5	381	200
KIF3C	147	49	64	42	5	2	219	54
RAB10	1625	1034	546	1224	90	47	2588	931
GAREM2	145	42	20	25	5	0	268	30
HADHA	2121	732	613	600	58	21	4136	505
HADHB	1053	312	394	306	37	6	1993	217
ADGRF3	2	19	0	7	0	1	5	6
SELENOI	356	331	92	256	30	19	670	182
DRC1	8	9	4	9	0	0	12	11
OTOF	3	2	0	0	0	1	4	2
FAM166C	0	0	0	0	0	0	0	0
CIB4	0	1	0	3	0	0	0	1
KCNK3	1	2	1	0	0	0	0	0
SLC35F6	308	61	122	64	3	1	502	34
CENPA	965	464	78	531	53	9	2145	290
DPYSL5	32	35	14	21	2	1	48	12
MAPRE3	37	15	32	17	0	0	61	11
TMEM214	339	88	103	82	8	2	582	67
AGBL5	274	98	52	81	11	8	400	73
OST4	7036	1632	2523	1825	200	68	12103	1239
EMILIN1	15	4	13	3	0	0	19	1
KHK	72	17	40	14	3	0	133	9
CGREF1	14	6	3	4	3	0	50	3
ABHD1	10	0	0	2	0	0	10	1
PREB	450	83	128	78	6	3	620	93
PRR30	0	0	0	0	0	0	0	0
TCF23	0	0	0	0	0	0	2	0
SLC5A6	512	92	251	87	10	5	849	63
ATRAID	2441	558	736	480	57	32	4545	487
CAD	353	83	66	62	13	1	574	45
SLC30A3	1	1	2	2	0	0	4	1
DNAJC5G	1	0	0	0	0	0	0	0
TRIM54	4	0	5	1	0	0	6	2
UCN	11	0	1	0	0	0	19	1
MPV17	799	205	335	164	16	7	1544	126
GTF3C2	544	186	127	180	26	12	887	168
EIF2B4	505	98	97	93	10	6	795	101
SNX17	1148	217	232	162	22	7	1630	192
ZNF513	222	39	47	38	5	1	395	35
PPM1G	3430	780	880	573	96	46	5532	604
NRBP1	2048	441	347	380	46	18	3090	366
KRTCAP3	621	168	114	132	14	11	1392	109
IFT172	72	65	18	27	3	2	102	44
FNDC4	239	57	55	69	3	1	556	33
GCKR	12	20	1	12	1	1	15	9
C2orf16	6	4	0	6	1	0	7	2
ZNF512	213	173	65	123	19	12	474	88
CCDC121	54	12	16	18	1	1	94	17
GPN1	687	118	181	126	13	8	1156	146
SUPT7L	462	114	140	76	8	4	611	73
SLC4A1AP	528	156	148	127	13	8	852	138
MRPL33	2117	490	597	490	46	28	3830	378
RBKS	369	156	31	207	25	3	648	123
BABAM2	437	473	123	449	50	12	674	385
FOSL2	185	69	103	102	13	3	411	49
PLB1	18	4	14	4	0	0	14	3
PPP1CB	2037	616	628	575	63	40	3580	487
SPDYA	3	11	1	14	1	1	8	77
TRMT61B	396	152	77	126	13	9	437	113
WDR43	858	518	176	451	51	21	1656	428
TOGARAM2	4	1	0	4	0	0	6	10
PCARE	1	0	0	0	0	0	2	0
CLIP4	62	108	23	119	19	1	136	85
ALK	32	1085	2	1357	93	14	47	416
YPEL5	761	218	422	252	24	15	1180	235
LBH	1231	484	142	207	26	45	1022	338
LCLAT1	245	481	35	268	37	27	421	307
CAPN13	64	95	2	97	8	0	102	105
GALNT14	32	31	13	28	1	0	56	25
CAPN14	2	17	3	15	2	0	9	4
EHD3	97	64	25	52	4	1	212	46
XDH	27	66	5	48	7	5	37	30
SRD5A2	1	4	0	0	0	0	2	0
MEMO1	178	28	47	24	3	2	293	30
DPY30	3304	831	765	533	58	38	5744	595
SPAST	253	168	77	113	13	13	493	123
SLC30A6	222	198	57	166	19	15	440	146
NLRC4	3	13	0	6	2	0	2	10
YIPF4	726	208	205	177	19	9	1217	170
BIRC6	836	1197	165	1088	136	43	1430	1033
TTC27	234	131	52	97	9	9	344	160
LTBP1	715	577	249	533	39	18	1197	584
RASGRP3	5	7	1	8	0	0	9	6
FAM98A	548	204	145	199	19	9	1030	166
CRIM1	185	329	105	349	39	10	269	297
FEZ2	846	349	419	256	28	22	1435	202
VIT	6	3	9	2	0	0	27	2
STRN	490	294	130	292	35	11	785	291
HEATR5B	92	136	46	115	9	8	191	92
GPATCH11	204	54	59	51	6	2	356	47
EIF2AK2	801	326	324	252	17	20	1567	235
SULT6B1	0	0	0	0	0	0	0	2
CEBPZOS	406	209	240	150	21	11	701	80
CEBPZ	1248	329	325	261	31	20	1871	274
NDUFAF7	326	118	88	86	6	1	513	98
PRKD3	505	282	84	201	26	14	746	269
QPCT	591	40	138	80	2	5	46	63
CDC42EP3	442	75	293	135	15	5	478	100
RMDN2	83	88	11	93	15	6	174	54
CYP1B1	312	32	479	38	7	4	442	58
ATL2	536	410	92	292	41	25	903	246
HNRNPLL	574	300	109	224	23	9	925	211
GALM	489	334	44	265	29	7	1170	254
SRSF7	6979	1479	1072	1188	167	69	11671	1398
GEMIN6	457	95	120	79	10	4	815	78
DHX57	295	181	75	139	19	12	466	156
MORN2	619	142	196	112	10	6	870	78
ARHGEF33	7	3	4	1	1	0	29	5
SOS1	498	866	122	943	105	46	1013	886
CDKL4	2	3	0	17	0	0	5	38
MAP4K3	341	696	91	677	73	27	644	509
TMEM178A	75	56	10	28	9	5	183	38
THUMPD2	312	177	100	127	22	4	679	137
SLC8A1	46	48	50	39	3	10	94	26
C2orf91	1	2	0	1	0	0	3	1
PKDCC	788	128	82	141	18	17	1554	100
EML4	829	942	194	795	67	43	1491	655
COX7A2L	4163	1267	1111	978	109	56	8550	921
KCNG3	8	4	4	10	0	0	16	7
MTA3	1389	797	318	671	85	40	2485	714
OXER1	28	6	2	6	0	0	52	4
HAAO	101	86	7	79	16	5	148	58
ZFP36L2	4377	1311	274	846	98	90	9962	784
THADA	246	339	44	235	31	21	396	278
PLEKHH2	58	44	6	21	1	2	113	15
C1GALT1C1L	1	3	2	4	0	0	2	0
DYNC2LI1	430	152	131	85	10	3	703	106
ABCG5	3	13	0	7	0	0	14	9
ABCG8	10	9	3	5	0	0	29	21
LRPPRC	1184	596	291	527	54	24	2441	489
PPM1B	352	303	97	265	32	14	591	244
SLC3A1	93	77	2	140	1	3	146	67
PREPL	358	170	90	109	15	13	570	102
CAMKMT	250	801	65	608	82	56	478	639
SIX3	120	4	229	6	1	0	85	38
SIX2	0	0	3	0	0	0	3	0
SRBD1	282	274	63	252	27	16	494	215
PRKCE	111	259	10	389	20	6	196	227
EPAS1	538	143	364	198	9	2	722	91
TMEM247	0	0	0	0	0	0	0	0
ATP6V1E2	40	21	26	22	4	0	70	12
RHOQ	237	109	137	138	13	2	434	78
PIGF	663	267	174	161	30	17	1358	173
CRIPT	960	216	287	200	30	10	1644	174
SOCS5	151	33	41	46	2	1	303	29
MCFD2	1265	365	360	376	47	16	2224	318
TTC7A	82	106	34	83	8	9	125	71
STPG4	1	12	0	11	1	0	0	40
CALM2	13635	2985	3462	2336	277	158	21601	2029
EPCAM	12458	3327	2598	2738	323	172	20376	2497
MSH2	844	427	191	256	32	14	1663	367
KCNK12	776	108	105	194	10	1	852	264
MSH6	1897	614	259	398	71	21	3072	553
FBXO11	569	796	145	660	74	48	1010	698
FOXN2	124	190	45	131	10	0	254	94
PPP1R21	195	262	76	148	28	10	405	183
STON1	83	24	13	20	2	1	142	12
STON1-GTF2A1L	1	5	2	5	1	0	1	3
GTF2A1L	0	0	0	0	0	0	2	0
LHCGR	1	4	5	0	0	0	2	1
FSHR	15	40	0	53	5	1	10	71
NRXN1	70	89	8	67	18	11	132	98
ASB3	429	365	84	269	28	20	716	277
CHAC2	137	40	27	32	6	1	229	33
ERLEC1	837	267	292	228	23	7	1596	176
GPR75	4	0	0	1	0	0	6	3
PSME4	576	577	106	476	51	42	973	406
ACYP2	214	361	70	213	26	11	320	236
TSPYL6	1	0	0	0	0	0	2	1
C2orf73	0	4	0	0	1	0	0	0
SPTBN1	1650	725	537	665	54	41	2574	396
EML6	22	36	1	24	1	1	21	28
RTN4	5336	1331	2359	1323	131	66	8170	1162
CLHC1	98	93	30	59	7	4	153	75
RPS27A	86867	20778	18302	19179	2057	965	170365	17128
MTIF2	522	208	164	152	17	5	948	147
CCDC88A	1010	459	92	275	31	17	1399	259
CFAP36	760	215	291	148	23	11	1137	182
PPP4R3B	577	323	123	253	41	24	1087	257
PNPT1	1022	531	142	346	47	34	1875	376
EFEMP1	95	41	118	21	2	2	242	19
CCDC85A	12	27	5	51	2	0	24	38
VRK2	268	228	66	273	33	11	434	195
FANCL	584	263	76	202	17	11	916	214
BCL11A	147	51	71	62	15	3	413	61
PAPOLG	180	116	37	66	6	2	291	73
REL	336	89	80	85	7	6	556	54
PUS10	188	65	27	68	6	2	219	62
PEX13	437	257	156	209	21	7	832	190
KIAA1841	241	160	65	125	20	6	446	120
C2orf74	330	80	94	105	5	3	378	106
USP34	963	1161	223	894	104	35	1807	929
XPO1	1850	1074	386	749	84	49	3335	733
FAM161A	525	115	75	82	12	5	564	90
CCT4	5151	1252	1041	1058	89	72	8713	964
COMMD1	950	407	375	458	51	16	1663	331
B3GNT2	313	109	117	123	10	5	664	86
TMEM17	62	20	20	13	2	0	81	6
EHBP1	334	838	117	930	107	35	713	605
OTX1	42	11	89	6	0	0	82	10
WDPCP	67	309	16	246	30	22	142	217
MDH1	4785	1161	977	978	115	43	8134	878
UGP2	1617	402	722	414	38	18	3484	296
VPS54	161	457	50	462	56	23	307	308
PELI1	310	191	59	190	20	7	397	213
LGALSL	403	124	146	123	22	5	912	112
AFTPH	248	148	120	149	19	5	463	130
SERTAD2	353	157	147	178	27	5	597	163
SLC1A4	30	19	18	10	1	0	65	14
CEP68	257	124	40	80	11	11	285	96
RAB1A	2131	800	716	820	80	36	4385	755
ACTR2	2602	840	602	710	82	39	4383	667
SPRED2	223	336	38	395	31	22	358	376
MEIS1	162	224	57	102	11	5	209	187
ETAA1	227	84	60	66	8	6	347	53
C1D	1168	345	318	294	29	10	2022	216
WDR92	233	118	55	83	14	2	410	68
PNO1	658	180	154	189	22	8	1337	140
PPP3R1	285	391	60	362	44	20	497	357
CNRIP1	0	3	2	0	0	0	2	3
PLEK	1	0	0	0	0	0	1	0
FBXO48	32	25	15	24	2	1	78	12
APLF	238	545	27	320	40	26	437	292
PROKR1	21	3	0	2	1	0	22	0
ARHGAP25	18	33	2	44	7	2	19	25
BMP10	0	0	0	0	0	0	1	0
GKN2	0	0	0	0	0	0	1	0
GKN1	3	3	0	0	0	0	11	3
ANTXR1	259	308	47	184	34	11	383	241
GFPT1	965	696	200	730	68	19	1937	528
NFU1	940	216	238	157	32	11	1526	196
AAK1	486	258	243	327	28	11	828	187
ANXA4	866	421	531	409	37	21	1883	237
GMCL1	553	317	109	243	31	17	1085	195
SNRNP27	643	175	186	137	19	8	1303	125
MXD1	79	57	34	70	4	0	111	24
ASPRV1	2	1	3	0	0	0	7	1
PCBP1	5135	891	1610	868	96	39	7948	850
C2orf42	46	43	23	37	3	2	81	66
TIA1	964	262	190	183	22	10	1506	223
PCYOX1	918	259	221	226	24	11	1815	172
SNRPG	4836	1103	1089	1044	123	66	7601	884
FAM136A	2335	532	475	390	58	24	4415	418
TGFA	20	8	10	8	1	1	16	6
ADD2	59	25	26	31	1	2	123	16
FIGLA	0	0	0	0	0	0	0	0
CLEC4F	0	0	0	0	0	0	0	0
CD207	0	0	0	0	0	0	0	0
VAX2	2	0	2	0	0	0	0	1
ATP6V1B1	0	0	3	1	0	0	3	0
ANKRD53	6	3	5	7	0	0	5	1
TEX261	133	31	59	32	2	1	225	18
NAGK	525	139	401	162	19	8	813	119
MCEE	169	120	69	96	12	5	383	61
MPHOSPH10	1067	295	262	251	38	18	1978	239
PAIP2B	242	88	52	60	20	6	436	110
ZNF638	1775	1118	318	801	82	46	2826	929
DYSF	44	15	62	64	2	3	44	8
CYP26B1	4	0	3	0	0	0	6	2
EXOC6B	303	1283	68	977	129	75	391	1550
SPR	137	34	61	35	2	2	326	27
EMX1	8	5	2	2	0	1	14	2
SFXN5	278	170	76	182	18	5	449	130
RAB11FIP5	64	35	35	36	5	2	143	45
NOTO	0	1	0	0	0	0	0	0
SMYD5	134	53	33	26	2	1	254	41
PRADC1	404	94	106	141	15	7	710	72
CCT7	4438	885	1097	769	69	40	6770	814
FBXO41	18	1	12	4	1	0	34	6
EGR4	17	1	24	3	0	0	30	1
ALMS1	291	316	41	228	34	14	518	287
NAT8	32	8	0	13	1	1	54	2
TPRKB	1793	365	490	396	40	22	3368	331
DUSP11	521	109	171	117	11	5	855	106
C2orf78	0	0	0	0	0	0	0	0
STAMBP	476	215	169	151	23	11	1069	174
ACTG2	7	8	33	8	0	0	13	0
DGUOK	2566	760	728	623	72	36	4509	534
TET3	130	252	67	177	7	15	196	214
BOLA3	1756	338	394	374	51	14	3060	273
MOB1A	1226	342	392	264	27	20	2117	255
MTHFD2	537	242	180	179	22	6	954	238
SLC4A5	16	34	2	24	3	3	42	36
DCTN1	610	165	159	112	20	8	1071	112
C2orf81	14	12	5	8	2	1	20	12
WDR54	891	173	162	103	11	22	1386	161
RTKN	423	113	151	116	9	7	684	101
INO80B	15	23	8	14	2	3	31	13
WBP1	20	208	3	153	22	11	44	156
MOGS	495	198	114	130	19	8	850	121
MRPL53	45	8	16	5	0	1	76	2
CCDC142	133	26	31	21	2	0	235	18
TTC31	202	35	47	32	5	3	323	27
LBX2	41	4	27	4	0	1	53	2
PCGF1	91	19	34	13	4	1	193	18
TLX2	2	0	1	2	0	0	6	1
DQX1	11	9	1	4	0	0	33	5
AUP1	1317	253	527	248	20	13	2225	214
HTRA2	356	75	101	65	6	1	640	70
LOXL3	27	10	12	9	1	4	61	8
DOK1	70	6	20	10	1	4	92	6
M1AP	9	4	3	10	1	0	18	11
SEMA4F	25	2	15	4	1	0	23	2
HK2	178	66	31	59	5	3	384	98
POLE4	1450	315	297	223	30	13	2430	199
TACR1	1	22	1	11	0	5	15	12
EVA1A	61	22	17	8	0	0	72	4
MRPL19	1389	355	383	291	35	23	2595	301
GCFC2	233	199	53	126	24	4	498	142
LRRTM4	97	1031	20	580	82	38	202	1787
REG3G	4	3	0	4	0	0	8	0
REG1B	0	0	0	0	0	0	0	0
REG1A	17	0	0	0	0	0	9	0
REG3A	0	1	0	1	0	0	6	0
CTNNA2	11	201	14	144	14	20	48	77
LRRTM1	20	2	10	1	0	0	27	2
SUCLG1	1931	649	428	658	73	32	4350	414
DNAH6	16	66	2	39	2	2	40	44
TRABD2A	22	5	9	6	2	0	33	4
TMSB10	62203	11031	17745	13429	1542	503	109200	11024
KCMF1	1146	477	352	487	41	32	2081	416
TCF7L1	819	686	364	499	61	32	1431	717
TGOLN2	1071	229	269	199	20	17	1691	189
RETSAT	70	15	30	13	2	2	112	18
ELMOD3	161	99	52	66	9	1	262	60
CAPG	1138	200	977	331	32	14	2120	154
SH2D6	1	0	0	1	0	0	6	1
MAT2A	963	327	165	269	35	27	2012	234
GGCX	672	193	123	181	21	10	1419	124
VAMP8	2922	594	1338	588	69	32	3478	646
VAMP5	201	91	140	27	11	4	547	66
RNF181	2688	574	608	520	62	36	4478	487
TMEM150A	694	153	99	173	22	5	1376	104
USP39	583	237	136	146	20	13	1002	171
C2orf68	473	107	115	72	7	2	827	64
SFTPB	0	0	0	0	0	0	0	1
GNLY	2	1	1	0	0	0	3	1
ATOH8	26	0	2	4	1	0	16	6
ST3GAL5	171	85	18	83	11	6	234	81
POLR1A	150	130	36	94	9	7	335	95
PTCD3	816	261	173	220	27	8	1584	241
IMMT	1416	460	322	337	37	23	2708	248
MRPL35	640	129	191	108	14	8	1186	108
REEP1	124	30	8	138	4	2	213	31
KDM3A	237	162	65	181	14	6	510	124
CHMP3	293	214	331	204	20	13	646	150
RNF103	151	55	56	55	10	4	260	60
RMND5A	448	173	106	132	14	11	788	113
CD8A	4	1	0	1	1	0	4	2
CD8B	5	5	3	2	0	1	50	5
RGPD1	0	7	0	5	1	1	3	7
PLGLB1	0	2	0	0	0	0	2	4
IGKV3OR2-268	0	0	0	0	0	0	0	0
PLGLB2	3	9	0	1	2	0	3	1
RGPD2	0	0	0	34	0	0	0	13
KRCC1	698	203	202	157	17	11	1273	139
SMYD1	1	0	6	0	0	0	1	0
FABP1	6948	1462	1	1304	52	23	16135	672
THNSL2	299	61	99	82	12	1	551	60
FOXI3	36	19	27	11	1	2	114	10
TEX37	0	0	0	0	0	0	2	0
EIF2AK3	129	188	44	248	16	8	260	153
RPIA	385	119	152	76	15	11	823	121
IGKC	32	0	0	0	0	0	67	0
IGKJ5	0	0	0	0	0	0	0	0
IGKJ4	0	0	0	0	0	0	0	0
IGKJ3	0	0	0	0	0	0	0	0
IGKJ2	0	0	0	0	0	0	0	0
IGKJ1	0	0	0	0	0	0	0	0
IGKV4-1	0	0	0	0	0	0	0	0
IGKV5-2	0	0	0	0	0	0	0	0
IGKV7-3	0	0	0	0	0	0	0	0
IGKV2-4	0	0	0	0	0	0	0	0
IGKV1-5	0	0	0	0	0	0	0	0
IGKV1-6	0	0	0	0	0	0	0	0
IGKV3-7	0	0	0	0	0	0	0	0
IGKV1-8	0	0	0	0	0	0	0	0
IGKV1-9	0	0	0	0	0	0	0	0
IGKV2-10	0	0	0	0	0	0	0	0
IGKV3-11	0	0	0	0	0	0	0	0
IGKV1-12	0	0	0	0	0	0	0	0
IGKV1-13	0	0	0	0	0	0	0	0
IGKV2-14	0	0	0	0	0	0	0	0
IGKV3-15	0	0	0	0	0	0	0	0
IGKV1-16	0	0	0	0	0	0	0	0
IGKV1-17	0	0	0	0	0	0	0	0
IGKV2-18	0	0	0	0	0	0	0	0
IGKV2-19	0	0	0	0	0	0	0	0
IGKV3-20	0	0	0	0	0	0	0	0
IGKV6-21	0	0	0	0	0	0	0	0
IGKV1-22	0	0	0	0	0	0	0	0
IGKV2-23	0	0	0	0	0	0	0	0
IGKV2-24	0	0	0	0	0	0	0	0
IGKV3-25	0	0	0	0	0	0	0	0
IGKV2-26	0	0	0	0	0	0	0	0
IGKV1-27	0	0	0	0	0	0	0	0
IGKV2-28	0	0	0	0	0	0	0	0
IGKV2-29	0	0	0	0	0	0	0	0
IGKV2-30	0	0	0	0	0	0	0	0
IGKV3-31	0	0	0	0	0	0	0	0
IGKV1-32	0	0	0	0	0	0	0	0
IGKV1-33	0	0	0	0	0	0	0	0
IGKV3-34	0	0	0	0	0	0	0	0
IGKV1-35	0	0	0	0	0	0	0	0
IGKV2-36	0	0	0	0	0	0	0	0
IGKV1-37	0	0	0	0	0	0	0	0
IGKV2-38	0	0	0	0	0	0	0	0
IGKV1-39	0	0	0	0	0	0	0	0
IGKV2-40	0	0	0	0	0	0	0	0
IGKV2D-40	0	0	0	0	0	0	0	0
IGKV1D-39	0	0	0	0	0	0	0	0
IGKV2D-38	0	0	0	0	0	0	0	0
IGKV1D-37	0	0	0	0	0	0	0	0
IGKV2D-36	0	0	0	0	0	0	0	0
IGKV1D-35	0	0	0	0	0	0	0	0
IGKV3D-34	0	0	0	0	0	0	0	0
IGKV1D-33	0	0	0	0	0	0	0	0
IGKV1D-32	0	0	0	0	0	0	0	0
IGKV3D-31	0	0	0	0	0	0	0	0
IGKV2D-30	0	0	0	0	0	0	0	0
IGKV2D-29	0	0	0	0	0	0	0	0
IGKV2D-28	0	0	0	0	0	0	0	0
IGKV1D-27	0	0	0	0	0	0	0	0
IGKV2D-26	0	0	0	0	0	0	0	0
IGKV3D-25	0	0	0	0	0	0	0	0
IGKV2D-24	0	0	0	0	0	0	0	0
IGKV2D-23	0	0	0	0	0	0	0	0
IGKV1D-22	0	0	0	0	0	0	0	0
IGKV6D-21	0	0	0	0	0	0	0	0
IGKV3D-20	0	0	0	0	0	0	0	0
IGKV2D-19	0	0	0	0	0	0	0	0
IGKV2D-18	0	0	0	0	0	0	0	0
IGKV6D-41	0	0	0	0	0	0	0	0
IGKV1D-17	0	0	0	0	0	0	0	0
IGKV1D-16	0	0	0	0	0	0	0	0
IGKV3D-15	0	0	0	0	0	0	0	0
IGKV2D-14	0	0	0	0	0	0	0	0
IGKV1D-13	0	0	0	0	0	0	0	0
IGKV1D-12	0	0	0	0	0	0	0	0
IGKV3D-11	0	0	0	0	0	0	0	0
IGKV2D-10	0	0	0	0	0	0	0	0
IGKV1D-42	0	0	0	0	0	0	0	0
IGKV1D-43	0	0	0	0	0	0	0	0
IGKV1D-8	0	0	0	0	0	0	0	0
IGKV3D-7	0	0	0	0	0	0	0	0
IGKV1OR2-118	0	0	0	0	0	0	0	0
IGKV1OR2-1	0	0	0	0	0	0	0	0
AL845331.2	0	0	0	0	0	0	0	0
TEKT4	2	0	0	0	0	0	1	0
MAL	10	1	45	1	0	0	11	0
MRPS5	1122	284	264	242	37	12	2033	261
ZNF514	155	72	50	45	3	1	327	44
ZNF2	32	20	6	25	3	0	86	13
AC092835.1	36	71	8	48	4	5	57	45
PROM2	25	6	43	0	1	0	43	2
KCNIP3	1	2	1	1	1	1	4	5
FAHD2A	223	130	46	82	9	4	350	94
TRIM43B	0	0	0	0	0	0	0	0
TRIM43	0	0	0	0	0	0	0	0
ANKRD36C	108	97	33	67	5	3	205	56
GPAT2	7	0	3	1	0	0	34	0
ADRA2B	6	2	0	3	0	0	10	1
ASTL	0	0	0	0	0	0	0	0
DUSP2	45	4	18	10	0	0	139	5
STARD7	1126	346	209	275	34	12	1893	241
TMEM127	231	59	75	54	4	0	351	39
CIAO1	1113	344	276	314	35	12	2201	243
SNRNP200	1462	412	291	274	28	17	2366	241
ITPRIPL1	38	7	10	2	2	1	101	8
NCAPH	295	103	45	57	10	3	403	64
NEURL3	6	2	0	5	0	0	18	2
ARID5A	31	2	22	3	1	0	55	2
KANSL3	162	106	48	96	11	4	222	73
FER1L5	4	8	0	5	0	1	4	4
LMAN2L	274	109	66	90	7	7	413	82
CNNM4	81	59	26	47	8	2	150	48
CNNM3	258	55	37	58	4	1	406	63
ANKRD23	6	37	1	31	5	0	6	28
ANKRD39	260	67	133	46	12	2	442	42
SEMA4C	347	27	63	34	3	2	453	38
FAM178B	2	1	4	1	0	0	6	3
IGKV2OR2-1	0	0	0	0	0	0	0	0
IGKV2OR2-2	0	0	0	0	0	0	0	0
IGKV1OR2-3	0	0	0	0	0	0	0	0
FAHD2B	179	60	42	47	3	1	355	38
ANKRD36	68	114	32	83	8	7	146	73
IGKV1OR2-9	0	0	0	0	0	0	0	0
IGKV2OR2-10	0	0	0	0	0	0	0	0
IGKV2OR2-7D	0	0	0	0	0	0	0	0
IGKV3OR2-5	0	0	0	0	0	0	0	0
IGKV1OR2-6	0	0	0	0	0	0	0	0
IGKV2OR2-7	0	0	0	0	0	0	0	0
IGKV2OR2-8	0	0	0	0	0	0	0	0
IGKV1OR2-11	0	0	0	0	0	0	0	0
ANKRD36B	121	98	33	26	6	2	125	41
COX5B	7765	1489	2193	1456	183	75	13312	1275
ACTR1B	435	100	139	77	13	5	632	80
C2orf92	17	24	9	27	1	2	36	36
ZAP70	40	4	1	8	0	0	21	4
TMEM131	424	416	145	390	48	23	751	346
VWA3B	0	2	0	0	0	0	2	0
CNGA3	0	0	0	0	0	0	0	0
INPP4A	198	191	53	193	24	11	315	201
COA5	716	166	178	145	15	4	1132	126
UNC50	1222	260	322	214	17	11	1718	210
MGAT4A	127	64	34	63	4	2	184	49
KIAA1211L	15	5	5	1	2	0	8	2
TSGA10	227	176	35	97	11	4	344	94
C2orf15	120	28	36	15	1	1	203	12
AC079447.1	3	76	0	80	4	2	3	42
LIPT1	145	20	18	14	0	0	240	32
MITD1	1054	186	237	179	22	6	1814	164
MRPL30	383	78	73	58	8	8	633	66
LYG2	16	6	2	5	0	0	30	0
LYG1	7	10	5	9	0	0	4	8
TXNDC9	1173	307	325	255	34	16	2006	267
EIF5B	2798	698	770	587	93	32	4858	548
REV1	421	231	120	169	21	8	790	181
AFF3	67	173	14	68	12	8	36	90
LONRF2	8	1	11	1	0	0	13	2
CHST10	136	33	24	17	0	1	221	21
NMS	0	0	0	0	0	0	0	0
PDCL3	908	201	248	177	21	8	1488	220
NPAS2	5	4	11	2	1	0	7	6
RPL31	12849	3275	3391	3018	348	205	26631	2693
TBC1D8	36	114	19	73	11	6	56	82
CNOT11	525	189	198	153	22	10	1006	115
RNF149	332	323	223	219	25	16	668	146
CREG2	13	15	5	5	2	4	38	4
RFX8	1	5	0	1	0	0	1	2
MAP4K4	2305	1280	511	896	110	58	3605	859
IL1R2	6	1	2	1	0	0	3	4
IL1R1	38	11	50	21	1	0	47	8
IL1RL2	0	0	0	0	0	0	0	0
IL1RL1	1	1	0	0	0	0	3	0
IL18R1	6	6	9	5	0	0	12	5
IL18RAP	0	0	0	0	0	0	0	0
SLC9A4	0	0	3	0	0	0	0	0
SLC9A2	15	34	20	25	4	2	17	26
MFSD9	132	38	30	31	3	1	205	33
TMEM182	63	89	26	57	13	6	93	94
POU3F3	10	4	2	7	0	1	8	1
MRPS9	1586	511	298	313	43	28	2785	386
GPR45	0	0	0	0	0	0	0	0
TGFBRAP1	175	55	56	53	10	3	286	41
C2orf49	393	122	108	104	5	6	747	116
FHL2	186	143	398	100	12	4	201	19
NCK2	926	334	223	314	43	13	1368	297
ECRG4	8	1	6	4	0	0	35	1
UXS1	620	211	327	165	20	18	1129	156
RGPD3	1	2	0	0	0	0	0	1
CD8B2	2	0	2	0	0	0	2	1
ST6GAL2	119	104	5	38	7	2	118	72
RGPD4	0	1	0	0	0	0	0	2
SLC5A7	1	0	0	0	0	0	2	0
SULT1C3	0	0	0	1	0	0	0	0
SULT1C2	36	54	13	46	1	2	92	12
SULT1C4	44	43	22	24	0	1	122	8
GCC2	1483	648	400	432	57	33	2598	397
LIMS1	1350	773	294	623	99	38	2393	578
RANBP2	1084	437	193	414	42	25	2093	380
CCDC138	336	438	29	237	33	17	638	390
EDAR	0	7	1	4	0	1	3	2
SH3RF3	3	48	0	44	4	1	11	64
SEPTIN10	1020	496	217	328	49	19	1646	346
SOWAHC	322	75	64	58	5	4	640	64
RGPD5	0	32	0	35	3	2	0	24
LIMS3	0	0	0	0	0	0	0	0
MALL	0	19	0	26	3	0	3	13
NPHP1	152	59	36	38	5	3	238	46
MTLN	358	102	101	103	6	2	1123	82
LIMS4	0	0	0	0	0	0	0	0
RGPD6	0	1	0	0	0	0	0	0
BUB1	473	197	76	104	11	13	667	115
ACOXL	9	25	12	46	1	3	12	59
BCL2L11	132	47	91	45	6	1	233	51
ANAPC1	233	201	56	116	19	7	416	149
MERTK	122	144	42	127	8	2	168	88
TMEM87B	153	102	91	94	14	7	276	86
FBLN7	110	101	21	33	4	4	139	39
ZC3H8	344	148	109	103	16	5	767	91
ZC3H6	332	173	58	108	13	6	582	96
RGPD8	7	27	0	16	2	0	7	14
TTL	276	121	68	80	15	5	477	88
POLR1B	116	69	30	27	12	2	236	38
CHCHD5	1416	336	415	184	37	18	2175	272
SLC20A1	640	180	260	224	27	7	1291	136
NT5DC4	1	0	15	6	0	0	4	1
CKAP2L	383	155	67	83	12	7	650	94
IL1A	8	0	16	1	0	0	9	0
IL1B	6	0	9	0	0	0	3	0
IL37	8	2	0	5	0	1	10	4
IL36G	4	5	2	2	0	0	20	2
IL36A	0	0	0	0	0	0	0	0
IL36B	1	0	0	0	0	0	0	0
IL36RN	4	1	43	0	0	0	20	0
IL1F10	0	0	0	0	0	0	0	0
IL1RN	1	0	3	0	0	0	1	0
PSD4	27	19	34	11	1	2	74	10
PAX8	8	9	0	6	0	1	18	3
IGKV1OR2-108	0	0	0	0	0	0	1	0
CBWD2	183	123	59	85	16	8	254	91
FOXD4L1	1	0	1	0	0	0	0	0
RABL2A	124	49	26	24	6	4	252	34
SLC35F5	372	302	128	227	37	13	815	200
ACTR3	2157	682	982	609	73	43	3348	548
DPP10	89	516	17	364	55	23	121	640
DDX18	1810	414	402	376	29	25	3029	366
CCDC93	335	153	93	152	12	13	544	108
INSIG2	324	95	109	82	11	4	695	89
EN1	2	0	0	0	0	0	3	0
MARCO	2	0	3	0	0	0	0	0
C1QL2	2	0	0	0	0	0	1	0
STEAP3	80	10	21	10	1	0	125	8
C2orf76	231	94	63	58	4	5	471	75
DBI	11101	2355	2477	2467	330	97	22591	1906
TMEM37	643	196	27	362	28	10	1370	131
SCTR	6	30	0	40	3	1	31	26
CFAP221	63	78	4	81	7	3	117	60
TMEM177	677	120	85	159	23	3	1255	109
PTPN4	397	465	73	396	49	21	575	388
EPB41L5	390	509	152	504	52	20	689	549
TMEM185B	148	37	81	39	1	1	307	27
RALB	387	114	225	78	16	8	596	90
INHBB	1	1	0	1	0	0	1	0
GLI2	36	62	26	29	4	4	78	100
TFCP2L1	45	21	3	34	0	2	114	14
CLASP1	248	667	62	443	58	28	383	560
NIFK	1523	421	343	404	49	25	2857	340
TSN	1069	240	261	191	22	17	1760	174
CNTNAP5	9	33	0	23	10	2	14	142
GYPC	476	167	483	125	10	9	742	72
TEX51	0	0	0	0	0	0	0	0
BIN1	1010	254	107	364	37	9	2313	135
CYP27C1	93	40	22	8	5	0	142	28
ERCC3	268	117	75	113	12	5	415	122
MAP3K2	420	334	121	253	40	13	731	236
PROC	54	10	4	15	1	0	109	13
IWS1	1843	701	339	696	67	35	2622	595
MYO7B	1	4	1	7	2	0	1	4
LIMS2	31	3	23	5	0	0	68	6
GPR17	1	0	0	0	0	0	2	1
WDR33	1308	657	287	559	76	32	2209	561
SFT2D3	262	66	45	47	11	3	469	36
POLR2D	561	137	122	85	17	8	911	87
AMMECR1L	136	45	27	58	6	3	225	54
SAP130	222	213	59	153	26	6	360	201
UGGT1	358	164	94	162	21	3	656	153
HS6ST1	292	101	47	131	14	6	304	135
RAB6C	1	0	0	0	0	0	3	0
POTEF	1	4	1	73	2	0	13	13
CCDC74B	42	8	15	6	1	0	75	10
SMPD4	80	115	15	110	9	10	68	99
MZT2B	6313	1175	1276	1103	156	64	11650	1026
TUBA3E	0	0	0	2	0	0	1	1
CCDC115	415	78	217	76	12	6	892	60
IMP4	923	191	238	142	14	4	1756	156
PTPN18	201	80	67	68	8	6	455	51
POTEI	0	1	0	5	0	0	0	1
CFC1B	0	0	0	2	0	0	2	0
CFC1	53	1	1	3	0	1	32	7
POTEJ	0	0	0	1	0	0	0	0
GPR148	0	0	0	0	0	0	0	0
AMER3	17	5	1	8	0	0	18	2
ARHGEF4	125	113	25	118	21	4	212	124
SMIM39	0	0	0	0	0	0	0	0
FAM168B	417	311	135	323	36	18	674	306
PLEKHB2	808	215	327	201	15	8	1374	346
POTEE	1	0	0	1	0	0	1	3
RAB6D	1	0	0	0	0	0	0	0
MZT2A	2227	456	417	450	89	23	3838	494
TUBA3D	4	2	0	2	0	0	3	2
CCDC74A	94	17	52	9	3	2	124	9
ANKRD30BL	0	23	0	1	1	0	3	24
GPR39	49	248	10	245	31	14	84	186
LYPD1	74	18	97	70	2	3	117	6
NCKAP5	31	239	16	230	26	4	31	114
MGAT5	562	1534	56	1485	120	45	875	1653
TMEM163	5	10	1	3	0	0	6	6
ACMSD	12	25	0	21	0	0	31	18
CCNT2	373	289	81	239	25	12	708	202
MAP3K19	1	1	0	3	0	1	2	3
RAB3GAP1	364	383	96	337	44	16	632	286
ZRANB3	98	504	17	292	46	22	302	343
R3HDM1	472	777	81	504	77	40	822	557
UBXN4	3278	1136	1236	971	135	64	6308	951
LCT	0	0	0	1	0	0	2	8
MCM6	711	188	114	115	21	8	998	165
DARS	2210	608	442	475	74	25	3948	579
CXCR4	1375	66	21	82	8	13	895	244
THSD7B	18	203	3	124	9	55	26	75
HNMT	96	76	126	47	2	6	216	30
SPOPL	277	460	98	304	29	19	447	320
NXPH2	21	52	1	14	4	3	60	27
LRP1B	7	69	5	44	9	7	14	72
KYNU	1015	384	34	752	31	20	3010	200
ARHGAP15	17	30	8	10	1	1	22	15
GTDC1	94	288	31	195	21	14	191	259
ZEB2	41	55	17	49	0	2	54	37
ACVR2A	244	339	59	239	35	13	478	295
ORC4	818	317	205	281	35	16	1322	255
MBD5	340	1329	78	1230	123	63	561	1127
EPC2	281	312	68	290	36	30	495	332
KIF5C	172	127	106	106	7	7	233	161
LYPD6B	881	519	189	258	52	50	959	493
LYPD6	219	193	52	141	11	11	278	189
MMADHC	1610	401	505	376	46	22	3050	345
RND3	263	70	698	122	4	2	665	41
RBM43	51	4	13	17	1	3	99	5
NMI	110	15	145	12	1	0	232	21
TNFAIP6	1	0	12	1	0	0	2	0
RIF1	1186	500	260	370	53	30	2204	429
NEB	31	19	2	24	1	1	33	14
ARL5A	412	760	94	612	68	29	818	537
CACNB4	17	41	4	23	5	2	36	29
STAM2	175	178	53	153	15	4	349	122
FMNL2	464	978	129	913	108	46	759	713
PRPF40A	4212	1178	916	1045	116	44	6840	1212
ARL6IP6	827	294	246	202	26	10	1543	265
RPRM	455	47	71	40	7	5	385	64
GALNT13	37	93	8	137	22	8	67	101
KCNJ3	25	6	0	15	4	2	14	22
NR4A2	45	11	38	3	0	0	35	1
GPD2	177	150	78	138	16	11	328	141
GALNT5	30	10	41	31	7	1	49	7
ERMN	16	2	2	1	1	0	7	2
CYTIP	6	4	1	6	0	0	8	6
ACVR1C	14	12	10	9	1	1	36	11
ACVR1	187	222	35	175	21	3	389	183
UPP2	0	21	0	12	3	0	0	9
CCDC148	34	171	6	66	16	4	80	110
PKP4	710	1027	114	871	118	56	1352	818
DAPL1	2	8	13	3	2	0	7	9
TANC1	167	420	45	389	24	21	361	278
WDSUB1	137	83	101	83	9	3	267	60
BAZ2B	960	847	315	774	99	43	1442	735
MARCH7	1096	622	224	577	57	24	1864	526
CD302	314	238	3	232	14	4	562	159
LY75	16	43	2	13	1	3	17	19
PLA2R1	19	40	15	34	1	0	34	13
ITGB6	91	3	475	3	1	0	98	3
RBMS1	1601	1165	475	1073	149	73	2756	931
TANK	511	358	166	398	44	12	1213	268
PSMD14	2090	553	619	593	60	42	3441	544
TBR1	9	0	0	1	0	0	3	3
SLC4A10	0	9	1	3	1	0	3	8
DPP4	947	726	72	1350	136	44	2862	500
GCG	0	0	0	0	0	0	0	0
FAP	1	1	3	1	0	0	0	1
IFIH1	6	1	35	0	0	1	14	2
GCA	1061	217	256	132	24	10	1833	174
KCNH7	9	35	2	14	0	0	3	21
FIGN	261	286	108	215	17	20	509	212
GRB14	215	173	29	88	17	3	372	117
COBLL1	169	158	159	132	13	3	245	117
SLC38A11	48	5	12	9	0	0	15	4
SCN3A	6	6	0	0	0	1	5	3
SCN2A	0	1	2	1	0	0	1	0
CSRNP3	121	330	49	314	32	19	322	274
GALNT3	63	50	129	21	1	2	158	22
TTC21B	149	154	26	124	13	8	234	144
SCN1A	1	3	0	3	0	0	0	0
SCN9A	43	16	14	16	9	1	65	18
SCN7A	56	762	2	611	60	12	76	396
XIRP2	7	6	0	1	0	0	2	4
B3GALT1	50	11	14	6	2	0	65	8
STK39	113	127	65	96	3	7	253	138
CERS6	599	807	139	673	89	34	1105	646
NOSTRIN	59	201	5	200	18	2	240	102
SPC25	342	174	54	97	22	9	463	137
G6PC2	0	0	0	0	0	0	0	0
ABCB11	0	2	0	0	0	0	0	1
DHRS9	1	0	0	0	0	0	0	0
LRP2	380	1044	64	632	123	20	1036	556
BBS5	49	26	8	25	1	2	59	22
KLHL41	21	9	1	34	1	0	62	8
FASTKD1	231	199	27	171	13	11	416	151
PPIG	3977	1079	877	1076	125	53	7245	878
CCDC173	17	32	4	15	5	1	22	14
PHOSPHO2	158	52	40	33	2	1	348	28
KLHL23	1055	496	164	277	40	20	2110	382
SSB	6023	1653	1392	1284	164	76	10018	1312
METTL5	2528	595	674	424	62	23	4082	526
UBR3	150	341	47	317	35	21	264	296
MYO3B	38	82	11	85	4	1	41	70
SP5	2435	395	4	356	44	31	2669	446
ERICH2	222	76	3	62	4	2	269	70
GAD1	221	121	36	139	6	2	157	82
GORASP2	1142	459	317	388	45	11	1997	357
TLK1	827	701	193	539	61	34	1326	568
METTL8	300	188	107	152	17	10	452	146
DCAF17	133	112	44	58	12	1	267	62
CYBRD1	15	6	26	7	1	0	20	9
DYNC1I2	802	491	292	417	55	32	1483	380
SLC25A12	57	57	28	35	3	6	87	42
HAT1	1211	307	316	232	28	11	2097	233
METAP1D	101	125	12	59	8	1	216	53
DLX1	4	0	0	1	0	0	8	1
DLX2	33	0	11	0	0	0	76	0
ITGA6	1049	467	140	368	42	19	1513	449
PDK1	353	55	40	65	2	1	704	92
RAPGEF4	18	87	2	63	4	14	13	31
MAP3K20	381	225	74	125	26	12	560	168
CDCA7	678	167	61	100	10	5	919	98
SP3	795	419	218	424	47	23	1416	367
OLA1	3701	1399	692	1108	128	61	6367	1156
SP9	2	0	0	0	0	0	5	1
CIR1	1084	349	296	281	30	22	1800	294
SCRN3	211	124	97	74	7	2	418	91
GPR155	42	28	36	13	0	1	100	16
WIPF1	241	292	56	215	30	12	425	202
CHRNA1	1	0	0	0	0	0	0	3
CHN1	187	295	38	145	23	19	348	175
ATF2	386	273	62	203	39	10	599	227
ATP5MC3	15435	3310	3673	3223	350	140	28089	2639
LNPK	307	168	94	107	17	8	490	122
EVX2	2	0	0	0	0	0	3	0
HOXD13	3	0	0	0	0	1	2	1
HOXD12	0	0	0	0	0	0	0	0
HOXD11	5	0	0	1	0	0	3	0
HOXD10	1	0	0	0	0	0	0	0
HOXD9	3	0	0	4	0	1	0	0
HOXD8	1	0	0	1	0	0	0	0
HOXD3	2	11	0	9	1	3	5	0
HOXD4	2	0	0	1	0	0	0	0
HOXD1	2	2	0	0	0	0	2	0
MTX2	1299	465	324	346	48	25	2051	312
HNRNPA3	5476	2815	1311	2238	223	150	9670	2303
NFE2L2	1302	548	382	824	58	21	2585	623
AGPS	550	425	88	377	28	26	1142	312
TTC30B	77	13	21	8	1	1	92	11
TTC30A	61	11	19	7	2	0	104	11
PDE11A	79	77	4	62	6	4	91	86
RBM45	182	57	52	36	5	1	271	35
OSBPL6	79	85	10	73	2	4	71	88
PRKRA	1020	381	225	263	24	18	1756	277
PJVK	16	37	3	8	3	1	45	27
FKBP7	200	60	21	55	3	3	387	50
PLEKHA3	548	148	173	114	18	11	884	125
TTN	669	181	23	317	27	33	850	469
CCDC141	261	183	3	272	28	24	453	441
SESTD1	590	421	123	417	47	17	989	278
ZNF385B	12	33	17	65	21	6	41	46
CWC22	695	216	131	189	25	6	1090	192
UBE2E3	3779	1107	796	700	85	65	5685	685
ITGA4	8	4	1	14	0	0	7	5
CERKL	5	7	1	9	0	2	10	1
NEUROD1	23	4	5	3	1	2	15	4
ITPRID2	420	217	435	158	12	9	824	104
PPP1R1C	118	54	44	21	2	3	145	43
PDE1A	2	16	2	6	2	0	5	4
DNAJC10	1045	344	254	300	40	15	1715	323
FRZB	1521	223	23	440	26	9	978	492
NCKAP1	852	506	296	480	52	31	1581	425
DUSP19	12	9	7	3	1	2	54	8
NUP35	242	109	60	77	12	6	471	84
ZNF804A	6	1	1	22	2	1	3	20
FSIP2	158	144	35	115	16	8	425	98
ZC3H15	2538	673	732	598	75	32	4507	499
ITGAV	407	229	357	358	16	11	602	164
FAM171B	75	42	70	33	3	4	123	35
ZSWIM2	1	1	1	0	0	0	0	1
CALCRL	5	7	1	1	0	0	7	1
TFPI	1815	229	563	373	32	21	1862	209
GULP1	770	1179	216	928	144	43	1529	979
DIRC1	0	0	0	0	0	0	0	0
COL3A1	356	20	948	30	0	1	404	6
COL5A2	159	55	161	64	3	5	365	58
WDR75	468	168	88	128	14	6	784	150
SLC40A1	309	79	76	80	2	1	420	77
ASNSD1	561	115	106	92	10	4	831	62
ASDURF	2	0	1	0	0	0	1	0
ANKAR	51	86	9	62	8	4	76	67
OSGEPL1	131	62	25	37	6	4	268	39
ORMDL1	1550	455	427	382	51	22	2835	327
PMS1	486	271	74	169	30	12	737	214
C2orf88	71	56	1	63	2	1	153	85
MSTN	0	1	2	1	0	0	1	0
HIBCH	871	784	174	493	58	24	1618	500
INPP1	117	43	55	46	9	1	241	25
MFSD6	15	5	27	11	3	1	21	5
NEMP2	59	32	13	23	3	1	114	11
NAB1	203	110	43	147	11	5	477	62
GLS	333	243	178	354	30	19	643	186
STAT1	592	164	218	162	11	6	979	126
STAT4	11	26	5	22	3	2	29	21
MYO1B	920	628	124	654	68	43	1358	625
NABP1	180	50	137	99	6	1	477	31
CAVIN2	1	0	0	0	0	0	0	0
TMEFF2	3	6	8	3	1	1	10	1
SLC39A10	1035	338	286	307	41	33	2096	265
DNAH7	6	19	4	19	2	0	19	16
STK17B	88	73	70	34	3	5	180	53
HECW2	128	222	10	154	14	10	101	235
CCDC150	175	147	14	92	12	13	341	97
GTF3C3	428	165	89	86	13	4	657	121
C2orf66	1	1	2	0	0	0	5	0
PGAP1	285	308	54	143	24	19	468	210
ANKRD44	31	53	11	51	7	3	39	75
SF3B1	3146	957	616	855	98	37	5171	709
COQ10B	354	92	166	117	10	6	593	85
HSPD1	13346	4778	2385	3672	450	202	25895	3413
HSPE1	12654	2630	2746	2318	348	130	24079	2137
MOB4	1100	451	316	373	45	22	2051	320
RFTN2	4	10	5	13	1	0	24	13
MARS2	56	13	17	10	3	3	108	15
BOLL	0	0	0	0	0	0	1	1
PLCL1	80	148	3	50	43	35	24	129
SATB2	54	182	0	246	29	20	175	69
FTCDNL1	39	20	9	21	2	2	105	16
C2orf69	311	81	81	76	11	7	620	52
TYW5	409	136	79	108	15	12	696	110
MAIP1	528	98	141	95	7	4	844	95
SPATS2L	2687	1275	962	1397	172	51	3173	1046
KCTD18	102	34	40	22	1	2	177	15
SGO2	838	247	159	169	13	12	1429	235
AOX1	87	24	2	35	1	1	146	24
BZW1	1998	944	506	775	107	56	3611	774
CLK1	224	87	79	70	7	3	342	67
PPIL3	503	107	139	66	14	5	905	93
NIF3L1	465	155	104	111	18	5	712	119
ORC2	424	435	68	304	36	18	653	343
FAM126B	183	85	31	83	10	4	255	71
NDUFB3	3092	587	723	549	56	25	5082	455
CFLAR	1253	282	197	198	29	10	1033	366
CASP10	23	25	2	13	1	0	45	11
CASP8	61	31	47	42	3	1	141	22
FLACC1	2	15	0	20	2	0	5	20
TRAK2	225	330	45	288	34	14	492	212
STRADB	795	340	147	357	48	15	1677	222
C2CD6	1	3	1	2	1	0	3	4
TMEM237	530	129	119	93	9	3	847	112
MPP4	2	0	0	0	0	0	0	3
ALS2	205	170	55	109	14	3	369	128
CDK15	2	5	1	5	0	0	2	2
FZD7	1241	275	114	189	29	13	1571	290
KIAA2012	29	37	0	92	4	1	31	27
SUMO1	4863	1196	1143	861	109	53	8035	960
NOP58	1448	566	253	497	64	29	2390	476
BMPR2	413	898	147	669	89	45	672	920
FAM117B	179	475	34	268	41	15	343	431
ICA1L	145	82	41	60	6	5	296	74
WDR12	671	305	139	205	30	16	1254	217
CARF	74	66	21	35	3	3	113	44
NBEAL1	385	462	122	456	77	20	819	412
CYP20A1	372	259	76	180	22	15	644	250
ABI2	1196	517	285	302	44	19	2028	418
RAPH1	92	216	34	161	15	7	168	142
CD28	0	0	0	0	0	0	0	0
CTLA4	0	0	0	0	0	0	0	0
ICOS	0	0	0	0	0	0	0	0
PARD3B	76	385	24	321	58	41	130	450
NRP2	148	57	115	53	3	3	254	42
INO80D	298	234	71	221	28	15	549	222
NDUFS1	881	300	213	274	37	14	1432	240
EEF1B2	25898	7996	4771	6946	790	282	52937	5776
GPR1	1	4	1	5	0	0	1	4
ZDBF2	155	93	3	117	19	7	306	66
ADAM23	113	187	8	167	24	13	182	139
FAM237A	0	0	1	0	0	0	0	0
DYTN	0	0	0	0	0	0	0	0
MDH1B	28	7	5	6	1	1	40	6
FASTKD2	547	164	117	146	18	8	957	118
CPO	2	2	0	1	0	0	1	0
KLF7	117	106	54	130	7	7	183	125
CREB1	818	513	203	410	46	37	1427	457
METTL21A	854	215	159	184	21	8	1352	223
CCNYL1	245	132	104	124	12	6	378	147
FZD5	1350	149	70	191	8	8	1058	407
PLEKHM3	92	89	24	80	14	3	110	86
CRYGD	8	4	8	8	1	1	42	3
CRYGC	0	0	0	0	0	0	0	0
CRYGB	1	0	0	1	0	0	1	0
CRYGA	0	1	0	0	0	0	0	0
C2orf80	0	0	1	1	0	0	0	0
IDH1	2716	765	284	887	85	34	4462	695
PIKFYVE	245	334	46	242	29	9	407	217
PTH2R	2	4	5	7	0	0	1	8
MAP2	75	100	108	54	3	3	118	82
UNC80	4	5	1	2	1	0	3	6
RPE	510	179	160	143	14	12	920	101
KANSL1L	239	337	30	199	30	16	342	338
ACADL	13	1	20	6	0	0	31	1
MYL1	0	1	0	0	0	0	0	0
LANCL1	205	93	53	60	9	9	275	93
CPS1	80	108	20	18	3	3	193	31
ERBB4	796	1340	21	952	132	33	911	1697
IKZF2	91	140	91	134	20	7	205	85
SPAG16	791	408	292	333	38	23	1454	340
VWC2L	1	51	1	41	5	1	3	30
BARD1	627	349	190	245	34	16	1240	219
ABCA12	5	5	44	4	0	0	11	5
ATIC	1670	327	438	243	28	19	2690	235
FN1	34013	12779	1498	16185	1644	684	42514	9654
MREG	108	77	45	59	7	3	172	63
PECR	254	129	52	75	8	6	529	68
TMEM169	39	26	11	11	1	0	79	11
XRCC5	7684	2294	1670	1661	228	113	11985	1953
MARCH4	0	4	3	5	0	0	0	4
SMARCAL1	237	110	61	84	15	7	366	100
RPL37A	53820	8813	13917	7172	974	478	104035	6374
IGFBP2	11421	1772	6510	1783	356	156	20663	1801
IGFBP5	6982	935	555	918	83	31	6480	1002
TNP1	27	6	0	14	1	0	14	2
TNS1	13	12	16	31	2	0	23	17
RUFY4	0	0	0	0	0	0	0	0
CXCR2	0	0	1	1	0	0	2	0
CXCR1	0	0	0	0	0	0	1	0
ARPC2	7112	1713	3545	1621	160	81	11600	1499
GPBAR1	30	2	0	0	0	0	10	1
AAMP	1285	231	344	188	25	8	2080	209
PNKD	1268	311	435	295	35	12	2381	229
TMBIM1	337	54	188	70	2	1	490	39
CATIP	5	5	1	2	0	0	6	2
SLC11A1	5	2	3	3	0	0	15	0
CTDSP1	578	134	111	97	8	3	803	85
VIL1	1169	209	31	256	30	7	1768	203
USP37	198	159	60	143	23	16	405	147
CNOT9	548	199	127	146	25	11	1003	129
PLCD4	3	3	0	2	0	0	1	4
ZNF142	70	27	26	21	3	2	119	41
BCS1L	277	52	70	37	2	7	424	45
RNF25	165	36	62	35	3	4	236	34
STK36	98	27	22	18	6	0	142	22
TTLL4	192	68	77	52	2	5	335	51
CYP27A1	649	323	39	263	32	12	1010	220
PRKAG3	0	0	0	0	0	0	0	1
WNT6	359	0	783	1	0	0	783	0
WNT10A	6	0	48	0	0	0	9	0
CDK5R2	4	2	0	2	0	0	4	2
FEV	1	1	0	0	0	0	0	0
CRYBA2	9	1	0	0	0	0	2	0
CFAP65	36	13	4	6	2	0	34	14
IHH	1179	329	5	253	29	21	1977	188
NHEJ1	6	83	0	78	6	7	4	78
SLC23A3	16	5	1	5	1	4	24	7
CNPPD1	242	33	71	24	1	2	329	51
RETREG2	612	113	176	105	14	7	974	83
ZFAND2B	515	123	112	105	12	3	824	102
ABCB6	7	76	1	63	5	3	17	86
ATG9A	10	59	1	45	4	1	7	39
ANKZF1	452	97	95	59	5	4	720	73
GLB1L	49	6	23	5	1	0	55	7
STK16	534	127	169	87	6	5	970	108
TUBA4A	84	5	75	6	0	0	58	6
TUBA4B	0	1	0	0	0	0	5	10
DNAJB2	386	61	163	53	4	2	545	51
PTPRN	22	2	15	1	0	0	12	1
RESP18	0	0	1	0	0	0	0	0
DNPEP	636	118	209	146	12	7	1239	113
DES	11	0	5	5	0	0	13	0
SPEG	51	9	31	10	3	0	82	13
SPEGNB	0	2	0	0	0	0	0	0
GMPPA	330	64	132	57	5	5	527	54
ASIC4	8	1	2	0	0	0	4	1
CHPF	592	121	359	160	15	5	749	78
TMEM198	30	6	20	4	1	0	44	6
OBSL1	610	83	312	90	11	6	1011	81
INHA	34	1	45	1	0	0	57	4
STK11IP	86	20	45	19	1	1	121	15
SLC4A3	37	11	26	9	1	3	70	9
EPHA4	895	920	72	590	104	65	1132	838
PAX3	130	609	26	303	48	30	608	70
CCDC140	8	9	0	3	0	0	68	1
SGPP2	31	22	46	12	4	2	65	20
FARSB	368	129	93	97	24	6	630	82
MOGAT1	0	1	1	2	0	0	3	1
ACSL3	1061	621	425	458	38	20	2338	465
KCNE4	1	0	0	0	0	0	1	0
SCG2	1	0	3	0	0	0	1	0
AP1S3	70	86	26	52	15	3	114	71
WDFY1	411	298	119	220	35	14	760	263
MRPL44	1083	254	233	226	28	16	1872	223
SERPINE2	14265	8003	196	4747	832	216	33881	5686
FAM124B	3	0	3	0	0	0	1	3
CUL3	1146	857	328	671	84	52	2056	560
CCDC195	0	1	0	2	0	0	1	1
DOCK10	0	16	1	15	1	0	8	6
NYAP2	0	1	0	2	0	0	0	3
IRS1	202	124	38	104	9	6	421	57
RHBDD1	121	209	31	164	19	3	183	158
COL4A4	73	17	1	23	1	3	38	25
COL4A3	12	10	0	22	4	1	7	24
MFF	1735	554	357	514	77	30	3164	434
TM4SF20	2	0	0	0	0	0	1	2
SCYGR1	0	0	0	0	0	0	0	0
AGFG1	713	438	185	384	50	18	1214	327
SCYGR2	0	0	0	0	0	0	0	0
C2orf83	1	0	0	0	0	0	1	1
SCYGR3	0	0	0	0	0	0	0	0
SCYGR4	0	0	0	0	0	0	0	0
SCYGR5	0	0	0	0	0	0	0	0
SLC19A3	11	12	6	22	4	1	49	2
SCYGR6	0	0	0	0	0	0	0	0
SCYGR7	0	0	0	0	0	0	0	0
SCYGR8	0	0	0	0	0	0	0	0
CCL20	2	4	0	1	1	0	23	0
DAW1	0	1	4	1	0	0	7	0
SPHKAP	1	7	1	8	0	0	3	8
PID1	81	165	2	66	20	7	201	100
DNER	1	7	3	9	0	0	8	16
TRIP12	769	683	198	616	67	32	1353	534
FBXO36	98	108	14	56	8	2	211	104
SLC16A14	24	28	7	14	1	0	51	14
SP110	15	4	69	6	0	0	54	3
SP140	1	1	4	2	0	0	5	4
SP140L	98	7	32	9	14	0	63	3
SP100	19	6	80	7	1	0	16	0
CAB39	367	328	108	323	28	9	705	243
ITM2C	4662	773	2038	957	102	55	7452	703
GPR55	35	20	0	16	0	0	13	25
SPATA3	0	0	0	0	0	0	0	0
C2orf72	162	98	36	108	6	0	315	40
PSMD1	2654	729	660	783	81	37	3856	674
HTR2B	1	2	0	3	0	0	5	4
ARMC9	253	210	84	173	20	18	448	173
B3GNT7	49	7	25	6	0	1	126	6
NCL	12650	3415	2667	2299	323	146	26218	2130
NMUR1	21	11	0	28	0	0	51	10
TEX44	0	0	0	0	0	0	0	0
PTMA	41954	12549	7708	8397	1281	626	77863	10149
PDE6D	141	66	85	56	4	2	263	48
COPS7B	484	122	134	73	8	2	782	91
NPPC	8	4	2	4	0	0	22	2
DIS3L2	242	251	46	275	34	21	310	251
ALPP	7	0	4	0	0	0	0	0
ALPG	8	0	2	0	0	0	1	0
ALPI	13	1	0	9	1	0	35	2
ECEL1	35	15	6	4	1	0	71	12
PRSS56	1	11	1	3	1	1	35	2
CHRND	3	2	0	1	0	0	2	4
CHRNG	3	1	1	1	0	0	4	2
TIGD1	68	23	8	11	4	1	94	11
EIF4E2	2184	607	627	471	51	19	3764	520
EFHD1	853	390	152	383	42	4	2485	253
GIGYF2	1022	714	255	507	56	35	1681	474
KCNJ13	37	18	15	20	1	4	65	10
SNORC	27	29	11	19	1	0	139	34
NGEF	28	25	11	30	4	0	107	16
NEU2	0	0	0	0	0	0	0	0
INPP5D	39	34	56	19	0	2	72	34
ATG16L1	145	74	45	80	4	4	290	58
SAG	0	1	0	0	0	0	0	0
DGKD	229	181	48	182	29	7	431	128
USP40	97	93	54	71	6	3	217	80
UGT1A8	0	0	0	0	0	0	0	0
UGT1A10	0	0	0	0	0	0	0	0
UGT1A9	0	0	0	0	0	0	0	0
UGT1A7	0	0	0	0	0	0	0	0
UGT1A6	0	0	0	0	0	0	0	0
UGT1A5	0	0	0	0	0	0	0	0
UGT1A4	0	0	0	0	0	0	0	0
UGT1A3	0	0	0	0	0	0	0	0
UGT1A1	0	0	0	0	0	0	1	0
MROH2A	0	0	0	0	0	0	0	0
HJURP	369	101	52	58	3	2	598	58
TRPM8	0	2	3	0	0	0	1	0
SPP2	0	0	0	0	0	0	1	0
ARL4C	1124	410	846	281	20	46	3254	214
SH3BP4	266	144	56	144	25	14	395	171
AGAP1	316	938	132	695	97	51	472	877
GBX2	23	2	1	5	0	0	27	11
ASB18	0	7	0	2	0	0	2	12
IQCA1	216	142	40	107	8	11	484	97
ACKR3	601	137	64	103	6	15	423	204
COPS8	1254	312	350	283	28	15	1897	240
COL6A3	45	6	25	16	0	0	81	1
MLPH	18	1	95	3	1	0	37	0
PRLH	0	0	0	0	0	0	0	2
RAB17	573	283	93	448	8	12	760	388
LRRFIP1	1340	534	498	425	52	49	2122	610
RBM44	1	6	1	3	0	0	4	2
RAMP1	366	69	397	192	11	0	610	33
UBE2F	727	268	243	273	33	11	1168	235
SCLY	99	269	35	149	23	12	257	186
ESPNL	2	1	1	0	0	0	10	3
KLHL30	1	0	1	1	0	0	1	1
ERFE	6	0	2	1	0	0	4	3
ILKAP	603	188	176	163	27	8	954	150
HES6	1405	234	84	96	30	5	1174	206
PER2	110	76	20	50	5	8	195	42
TRAF3IP1	430	185	107	133	18	7	677	145
ASB1	236	43	55	52	8	6	380	43
TWIST2	4	1	1	0	0	0	6	0
HDAC4	100	284	12	227	20	9	157	223
NDUFA10	1786	512	433	458	52	30	3003	377
OR6B2	0	0	0	0	0	0	0	0
OR6B3	0	0	0	0	0	0	0	0
COPS9	3170	640	967	752	95	37	5360	569
OTOS	1	0	0	0	0	0	1	0
GPC1	448	83	253	68	13	3	649	71
ANKMY1	35	118	6	93	17	6	96	80
DUSP28	94	25	31	13	3	1	172	12
RNPEPL1	480	109	177	69	10	6	705	64
CAPN10	224	47	74	36	5	1	386	44
GPR35	7	4	2	3	0	0	15	2
AQP12B	0	0	0	0	0	0	0	0
AQP12A	0	0	0	0	0	0	0	0
KIF1A	373	107	157	105	12	5	507	54
AGXT	11	5	0	0	0	0	22	2
MAB21L4	32	0	72	2	0	0	46	2
CROCC2	0	0	0	2	0	0	0	0
SNED1	5	8	1	11	0	1	4	11
MTERF4	757	267	164	172	19	7	1296	157
PASK	127	37	23	30	4	0	200	42
PPP1R7	1253	307	424	310	31	13	1983	229
ANO7	29	18	3	14	0	1	68	21
HDLBP	2701	1073	919	880	93	40	4489	664
SEPTIN2	2500	902	722	814	80	44	4601	742
FARP2	135	233	32	199	22	8	225	158
STK25	1134	266	391	244	25	10	2138	235
BOK	367	57	140	72	10	3	528	46
THAP4	524	103	113	88	17	3	808	89
ATG4B	521	216	150	164	23	11	780	169
DTYMK	1760	428	477	302	39	26	2916	345
ING5	405	181	63	115	13	10	761	163
D2HGDH	135	119	30	106	8	8	192	55
GAL3ST2	0	1	0	12	0	0	0	1
NEU4	0	7	0	117	3	0	1	13
PDCD1	0	0	0	0	0	0	0	0
RTP5	0	0	0	0	0	0	0	0
FAM240C	0	1	1	5	0	0	2	1
CHL1	49	25	2	1	4	0	50	15
CNTN6	3	16	6	1	1	1	4	11
CNTN4	77	871	33	19	37	93	224	172
IL5RA	3	1	0	0	1	0	2	3
TRNT1	391	169	100	164	14	6	777	121
CRBN	802	285	191	177	21	10	1510	205
SUMF1	289	711	143	461	39	23	397	463
LRRN1	830	325	199	107	33	21	1034	483
SETMAR	246	97	55	50	5	4	355	60
ITPR1	154	321	15	99	11	4	189	192
BHLHE40	81	10	115	18	1	1	138	9
ARL8B	393	203	262	208	17	10	598	205
EDEM1	268	131	63	95	10	7	416	104
GRM7	4	54	0	31	13	11	13	45
LMCD1	328	97	86	214	18	11	550	96
SSUH2	34	9	4	19	2	0	62	8
CAV3	0	8	0	5	5	0	1	10
OXTR	46	5	14	2	0	0	78	6
RAD18	185	112	51	93	10	12	331	85
SRGAP3	106	160	41	71	9	8	187	70
THUMPD3	699	215	167	177	24	11	1472	231
SETD5	1271	1168	274	879	94	44	2165	799
LHFPL4	5	3	5	2	0	0	13	6
MTMR14	516	119	130	125	9	4	757	106
CPNE9	1	2	3	0	0	0	2	9
BRPF1	131	26	35	28	5	3	215	35
OGG1	328	92	51	105	9	4	612	72
CAMK1	207	42	19	59	2	3	326	37
TADA3	1225	248	329	193	29	20	1803	213
ARPC4	2472	478	817	406	44	25	4161	392
TTLL3	66	62	20	52	4	1	104	69
RPUSD3	727	140	236	157	13	6	1051	108
CIDEC	58	2	0	4	1	0	43	1
JAGN1	1288	307	304	252	42	12	2061	172
IL17RE	50	12	46	18	0	0	144	12
IL17RC	149	35	48	21	6	1	204	16
CRELD1	536	160	83	89	5	8	1269	109
PRRT3	139	20	27	18	2	0	219	15
EMC3	970	295	331	228	28	20	1465	192
FANCD2	405	128	96	94	11	2	678	119
FANCD2OS	0	7	1	6	3	0	0	10
BRK1	4910	970	2159	894	110	52	8182	776
VHL	342	122	91	70	27	7	607	91
IRAK2	7	8	1	7	0	2	6	8
TATDN2	89	39	27	52	12	2	188	27
GHRL	33	12	10	5	0	1	40	11
SEC13	1711	634	417	629	64	28	2866	511
ATP2B2	6	16	0	9	0	0	25	6
SLC6A11	3	7	0	4	0	0	13	0
SLC6A1	10	1	1	0	0	0	2	0
HRH1	0	1	4	0	0	0	4	0
ATG7	132	269	52	215	30	6	251	257
VGLL4	1010	516	400	334	39	23	1882	379
TAMM41	398	169	63	107	19	7	563	110
SYN2	11	24	2	12	0	1	15	17
TIMP4	24	7	14	11	1	0	33	5
PPARG	80	25	65	47	4	4	108	22
TSEN2	171	132	35	70	17	11	258	78
MKRN2OS	17	32	13	19	4	1	40	27
MKRN2	288	99	94	85	7	3	479	59
RAF1	853	455	159	355	43	22	1376	385
TMEM40	59	2	375	1	0	0	60	1
CAND2	35	21	15	7	3	1	60	23
RPL32	64799	14680	15448	13783	1687	727	134342	11958
IQSEC1	139	92	50	88	6	3	292	51
NUP210	256	130	43	91	8	12	460	77
HDAC11	83	21	41	14	1	2	129	20
FBLN2	1351	423	15	319	31	17	1718	367
WNT7A	2	1	22	1	0	0	4	0
CHCHD4	255	55	48	34	4	3	518	53
TMEM43	283	75	108	62	7	5	402	51
XPC	714	258	176	228	25	17	1104	171
LSM3	5205	962	1165	883	91	47	8606	827
SLC6A6	499	196	67	200	14	14	708	145
GRIP2	30	15	6	21	1	1	33	7
CCDC174	470	144	148	160	9	8	951	115
C3orf20	0	5	0	3	0	0	0	9
FGD5	16	14	5	24	1	0	33	5
NR2C2	184	237	53	212	23	8	280	215
MRPS25	1675	535	276	608	79	23	3290	358
RBSN	238	106	58	68	10	2	404	58
CAPN7	331	282	85	290	37	19	687	190
SH3BP5	491	167	194	111	22	19	832	149
METTL6	267	141	68	116	20	6	451	139
EAF1	315	165	53	101	11	3	631	77
COLQ	10	57	3	34	5	3	20	32
HACL1	441	197	79	155	12	5	647	144
BTD	271	189	45	155	15	8	516	180
ANKRD28	161	251	42	153	19	8	279	247
GALNT15	0	0	0	1	0	0	2	6
DPH3	1251	294	467	324	34	14	2442	283
OXNAD1	151	108	52	111	9	6	268	86
RFTN1	7	4	7	7	1	0	16	4
DAZL	3	2	1	1	0	0	6	0
PLCL2	55	108	15	83	13	7	58	90
TBC1D5	363	1604	79	1353	157	84	786	1301
SATB1	378	67	83	32	4	4	597	47
KCNH8	27	110	2	100	4	12	26	267
EFHB	13	7	4	5	0	0	6	3
RAB5A	747	278	258	275	26	14	1214	256
PP2D1	0	8	0	8	1	2	0	11
KAT2B	25	50	22	33	2	2	29	19
SGO1	706	165	145	105	14	9	1076	125
ZNF385D	39	49	7	42	3	6	25	79
UBE2E2	512	1108	260	915	98	66	1124	770
UBE2E1	1630	823	397	551	68	37	2503	589
NKIRAS1	154	82	54	59	12	2	237	79
RPL15	43005	15002	11855	13777	1505	747	78791	12092
NR1D2	238	133	67	84	11	8	297	97
THRB	131	342	102	489	52	18	190	214
RARB	93	130	3	41	4	19	68	137
TOP2B	1276	529	251	332	43	28	2100	339
NGLY1	529	278	147	209	20	14	890	182
OXSM	188	44	39	38	1	3	325	39
LRRC3B	88	51	12	105	16	1	342	96
NEK10	5	48	0	68	6	5	9	47
SLC4A7	489	596	98	347	43	32	912	422
EOMES	1032	111	6	62	10	2	644	268
CMC1	1226	359	266	354	39	20	2317	298
AZI2	640	164	169	144	24	5	1135	119
ZCWPW2	17	61	10	51	6	5	37	55
RBMS3	81	743	11	413	76	25	309	285
TGFBR2	96	183	23	204	22	5	149	149
GADL1	3	9	0	4	0	1	1	2
STT3B	1054	601	375	407	46	30	2237	460
OSBPL10	199	578	102	436	58	40	416	303
ZNF860	11	15	11	11	1	1	23	3
GPD1L	11	4	22	11	1	0	23	3
CMTM8	691	455	263	364	71	25	1100	322
CMTM7	354	183	193	170	32	7	874	140
CMTM6	1978	462	718	399	42	28	3652	390
DYNC1LI1	1213	376	292	329	42	14	2217	311
CNOT10	377	247	80	189	27	6	633	183
TRIM71	847	577	136	589	53	15	1641	439
CCR4	0	0	0	1	0	0	0	1
GLB1	892	191	534	204	18	10	1534	175
TMPPE	8	2	6	4	1	0	8	1
CRTAP	962	225	490	239	28	9	1583	155
SUSD5	7	6	1	5	0	1	10	0
FBXL2	100	155	44	193	15	10	153	122
UBP1	288	208	86	202	24	13	513	143
CLASP2	265	750	49	516	64	44	458	577
PDCD6IP	735	332	276	327	42	15	1280	242
ARPP21	2	0	0	2	0	0	2	2
STAC	6	14	8	18	1	0	13	15
DCLK3	8	3	5	3	0	0	14	5
TRANK1	47	63	34	25	1	3	111	31
EPM2AIP1	350	133	114	129	9	3	618	90
MLH1	369	159	86	82	10	3	562	109
LRRFIP2	792	593	195	481	55	24	1358	411
GOLGA4	2723	1476	853	1463	133	61	6148	981
ITGA9	90	96	5	206	12	4	93	369
CTDSPL	593	410	322	235	28	20	1013	267
VILL	152	27	11	22	3	1	176	30
PLCD1	232	46	54	40	5	1	416	63
DLEC1	6	5	1	7	1	1	24	9
ACAA1	1647	555	249	427	46	16	3364	273
MYD88	170	25	96	31	4	1	338	25
OXSR1	435	264	165	218	25	19	788	209
SLC22A13	3	3	1	1	0	0	4	3
SLC22A14	0	2	1	1	0	0	2	1
XYLB	87	192	13	152	14	5	150	119
ACVR2B	1127	325	182	199	32	13	1849	307
EXOG	249	104	55	70	7	10	389	78
SCN5A	19	15	3	7	2	0	43	8
SCN10A	0	0	0	0	0	0	0	0
SCN11A	11	34	2	16	1	3	21	33
WDR48	446	192	93	163	25	12	673	170
GORASP1	137	32	36	26	6	4	173	26
TTC21A	23	9	6	5	0	2	31	9
CSRNP1	79	10	99	20	2	0	153	12
XIRP1	2	0	0	0	0	0	0	0
CX3CR1	4	1	0	0	0	0	1	1
CCR8	0	0	0	0	0	0	0	0
SLC25A38	481	138	142	132	10	5	774	101
RPSA	42395	11269	11402	9104	1033	574	87597	10268
MOBP	55	12	0	14	2	1	54	40
MYRIP	9	28	4	40	7	0	11	76
EIF1B	3271	820	741	700	91	40	6685	633
ENTPD3	21	32	5	15	1	0	14	6
RPL14	41292	13776	8632	9983	1201	595	69122	10173
ZNF619	19	12	6	1	0	1	20	6
ZNF620	335	103	58	59	10	4	632	80
ZNF621	216	97	50	72	10	5	384	87
CTNNB1	3111	887	755	946	94	51	5255	895
ULK4	94	322	25	219	33	17	153	330
TRAK1	226	220	123	147	20	8	312	219
CCK	265	1	50	13	0	1	81	2
LYZL4	0	0	1	0	0	0	6	0
VIPR1	22	14	4	3	2	1	26	4
SEC22C	362	122	121	59	8	6	589	79
SS18L2	1630	403	407	325	28	24	3070	254
NKTR	1802	828	388	600	73	22	3172	538
ZBTB47	28	13	15	6	1	0	67	9
KLHL40	2	0	1	0	0	0	0	0
HHATL	1	1	1	0	0	0	0	0
CCDC13	1	4	0	7	0	0	3	9
HIGD1A	2059	448	492	423	48	26	2732	375
ACKR2	3	2	20	3	0	0	8	3
KRBOX1	4	3	1	1	0	0	5	3
CYP8B1	3	1	0	5	0	0	8	0
ZNF662	8	3	1	0	2	0	63	8
GASK1A	44	24	5	42	4	2	52	36
POMGNT2	135	29	37	35	1	3	199	33
SNRK	156	146	37	136	17	9	255	147
ANO10	484	818	100	710	99	31	857	727
ABHD5	625	216	108	222	38	7	1178	174
TOPAZ1	0	1	0	0	0	0	0	0
TCAIM	417	355	73	400	30	19	871	279
ZNF445	335	198	63	113	12	11	669	121
ZNF852	59	49	13	34	7	3	86	31
ZKSCAN7	68	42	7	19	1	1	66	24
ZNF660	239	66	37	46	3	5	376	63
ZNF197	154	204	40	114	10	10	264	140
ZNF35	241	119	57	76	4	6	391	69
ZNF502	32	19	16	11	1	0	49	12
ZNF501	57	31	13	12	3	0	80	20
KIAA1143	425	180	131	111	21	13	689	119
KIF15	355	157	34	73	13	10	538	105
TMEM42	290	67	64	60	3	2	458	59
TGM4	0	0	1	0	0	0	1	0
ZDHHC3	564	180	301	160	14	7	875	139
EXOSC7	1434	416	369	318	46	26	3030	275
CLEC3B	0	0	0	0	0	0	1	0
CDCP1	109	23	81	22	2	4	96	25
TMEM158	96	24	46	18	1	0	91	11
LARS2	182	234	39	173	18	13	283	191
LIMD1	117	120	20	71	12	5	185	84
SACM1L	449	268	88	187	20	11	712	234
SLC6A20	4	0	1	2	0	0	15	4
LZTFL1	116	47	40	28	4	2	234	48
CCR9	1	0	0	1	0	0	0	0
FYCO1	43	41	22	26	2	2	93	24
CXCR6	0	0	0	0	0	0	1	1
XCR1	0	0	9	0	0	0	0	0
CCR3	2	6	3	11	0	0	4	2
CCR1	7	4	11	3	0	0	51	1
CCR2	0	0	0	0	0	0	0	0
CCR5	0	0	0	0	0	0	0	0
CCRL2	1	1	1	0	0	0	12	0
LTF	1	1	0	1	0	0	3	0
RTP3	1	0	0	0	0	0	4	0
LRRC2	15	5	1	5	0	1	25	8
TDGF1	798	63	174	108	4	16	824	261
FAM240A	1	1	0	0	0	1	2	0
ALS2CL	10	5	29	1	0	1	21	1
TMIE	3	3	1	1	0	0	9	2
PRSS45P	20	3	0	11	1	0	17	4
MYL3	259	146	22	314	16	5	915	50
PTH1R	100	5	119	10	2	0	200	8
CCDC12	1553	426	417	396	45	11	2477	348
NBEAL2	161	23	99	21	6	0	259	17
SETD2	921	845	166	611	71	37	1621	652
KIF9	286	122	76	72	13	6	552	72
KLHL18	165	93	48	96	10	7	269	93
PTPN23	269	72	91	76	8	1	491	50
SCAP	496	236	89	223	21	8	767	176
ELP6	825	235	175	186	24	7	1346	169
CSPG5	6	5	2	3	0	1	18	10
SMARCC1	3681	1684	646	1168	160	90	6460	1262
DHX30	882	229	188	182	18	12	1336	191
MAP4	1084	972	326	984	90	43	2046	686
CDC25A	219	57	35	48	4	0	347	64
CAMP	0	0	0	0	0	0	2	0
ZNF589	87	86	24	48	7	5	192	66
NME6	613	151	217	136	12	4	1110	101
SPINK8	1	5	2	9	1	0	1	5
FBXW12	3	4	0	1	0	0	4	5
PLXNB1	349	86	122	69	9	5	531	79
CCDC51	465	104	237	113	14	7	860	116
TMA7	8325	2078	2228	2029	246	83	13906	1692
ATRIP	83	41	15	19	7	3	153	22
TREX1	0	0	0	0	0	0	0	0
SHISA5	1340	375	470	423	38	9	2432	322
PFKFB4	200	105	38	98	12	4	494	99
UCN2	0	0	3	0	0	0	2	0
COL7A1	50	2	57	7	1	0	76	3
UQCRC1	2112	386	639	345	46	19	3176	346
TMEM89	1	1	0	0	0	1	1	0
SLC26A6	227	47	29	39	3	1	354	32
CELSR3	44	12	8	3	0	0	64	7
NCKIPSD	234	69	36	36	7	3	321	56
IP6K2	1485	579	446	477	67	42	2393	431
PRKAR2A	839	229	263	209	25	10	1291	197
SLC25A20	162	72	18	67	3	1	294	41
ARIH2OS	28	13	11	9	2	2	64	7
ARIH2	838	290	238	234	33	10	1414	249
P4HTM	155	35	156	22	4	2	296	32
WDR6	515	95	183	88	6	3	897	67
DALRD3	596	130	143	81	14	10	911	104
NDUFAF3	995	209	637	234	9	7	1949	114
IMPDH2	3061	581	628	467	43	24	5797	493
QRICH1	461	302	119	242	27	8	727	238
QARS	1172	218	347	148	21	14	2062	160
USP19	242	50	47	46	4	2	298	31
LAMB2	225	43	111	44	2	0	358	25
CCDC71	135	51	40	21	7	2	191	33
KLHDC8B	392	102	115	110	11	3	726	73
C3orf84	0	1	0	1	1	0	0	4
CCDC36	0	2	0	2	1	0	0	0
C3orf62	85	6	21	22	2	0	102	16
USP4	278	147	112	118	14	5	557	124
RHOA	5965	1544	1969	1536	169	84	10473	1328
TCTA	90	35	82	50	1	1	155	22
AMT	13	153	4	73	10	6	43	101
NICN1	0	18	0	8	0	1	0	11
DAG1	1184	411	350	421	49	19	1830	311
BSN	5	19	1	4	1	0	17	12
APEH	902	219	158	182	14	12	1363	180
MST1	377	118	18	70	5	3	999	54
RNF123	118	38	36	36	1	1	268	29
AMIGO3	0	0	0	0	0	0	1	0
GMPPB	391	67	144	61	7	4	587	46
IP6K1	346	268	91	210	20	8	474	213
CDHR4	0	0	1	0	0	0	0	0
INKA1	10	0	3	2	1	0	6	2
UBA7	0	1	0	0	0	0	4	0
TRAIP	167	36	31	14	4	1	255	27
CAMKV	8	1	7	1	0	0	19	1
MST1R	3	1	2	0	1	0	10	1
MON1A	72	24	13	18	3	5	137	23
RBM6	1093	887	230	668	80	36	1939	695
RBM5	749	223	179	202	29	11	1279	203
SEMA3F	110	19	73	17	3	0	155	22
GNAT1	0	0	0	0	0	0	0	0
SLC38A3	53	11	0	6	1	0	130	10
GNAI2	3971	869	1001	841	84	55	6175	866
SEMA3B	125	53	27	72	5	0	240	23
LSMEM2	2	4	0	3	0	0	2	8
IFRD2	757	98	176	119	14	3	1162	106
HYAL3	56	14	17	23	1	0	146	16
NAA80	90	23	24	20	2	0	130	20
HYAL1	89	27	2	87	2	0	225	32
HYAL2	1694	328	295	297	34	25	2857	262
TUSC2	1002	225	351	205	24	4	1704	157
RASSF1	167	60	69	51	4	4	329	48
ZMYND10	9	0	2	0	0	0	6	0
NPRL2	213	44	75	39	7	1	399	43
CYB561D2	372	80	132	97	7	1	671	60
TMEM115	517	106	195	121	13	6	826	87
CACNA2D2	47	15	15	16	2	3	114	24
C3orf18	49	5	10	7	0	0	52	7
HEMK1	186	45	47	32	4	4	326	30
CISH	28	7	5	3	1	0	51	1
MAPKAPK3	336	53	164	55	6	2	509	70
DOCK3	28	450	30	134	27	26	33	658
MANF	3058	642	710	624	98	26	6156	578
RBM15B	864	130	195	107	10	3	1371	133
DCAF1	202	187	54	153	15	7	350	159
RAD54L2	398	236	102	193	18	19	621	167
TEX264	609	154	235	171	20	8	1160	119
GRM2	3	0	0	2	0	0	6	0
IQCF6	0	0	0	0	0	0	0	0
IQCF3	0	0	0	0	0	0	0	0
IQCF2	0	1	0	0	0	0	0	0
IQCF5	0	0	0	0	0	0	0	0
IQCF1	0	0	0	0	0	0	1	0
RRP9	530	71	132	106	12	4	748	80
PARP3	16	2	3	1	0	0	23	3
GPR62	5	0	1	0	1	0	2	0
PCBP4	622	139	126	89	19	6	840	97
ABHD14B	136	51	32	26	4	1	301	30
ABHD14A	482	121	51	99	14	5	853	76
ACY1	15	249	4	190	14	5	37	141
RPL29	46317	15005	10287	13188	1173	607	104062	11059
DUSP7	88	21	16	11	2	0	166	14
POC1A	262	70	68	51	12	6	434	68
ALAS1	422	129	151	104	9	7	791	99
TLR9	0	0	0	0	0	0	0	0
TWF2	679	165	232	141	14	12	1216	136
PPM1M	38	5	15	5	1	1	58	8
WDR82	827	239	186	210	23	7	1427	176
GLYCTK	459	140	18	107	8	3	1088	92
DNAH1	9	31	2	14	1	1	18	21
BAP1	330	42	79	35	3	2	475	30
PHF7	86	56	25	32	2	1	211	30
SEMA3G	65	26	0	16	2	0	108	17
TNNC1	1726	583	94	727	85	23	5215	388
NISCH	452	184	94	121	17	5	670	125
STAB1	20	16	2	9	0	0	88	11
NT5DC2	3871	959	589	762	126	39	7008	650
SMIM4	466	145	178	169	15	3	1197	132
PBRM1	1374	723	318	555	67	37	2262	593
GNL3	1548	451	307	312	40	21	2985	370
GLT8D1	708	160	192	151	15	7	1214	137
SPCS1	5392	1198	1601	1061	127	59	9684	935
NEK4	228	124	29	97	10	6	407	92
ITIH1	43	10	0	9	0	0	142	1
ITIH3	3	0	0	0	0	0	11	0
ITIH4	19	13	0	18	1	0	40	9
MUSTN1	0	180	0	111	8	3	0	73
STIMATE	52	73	15	72	7	3	88	53
SFMBT1	133	158	14	151	15	10	252	101
RFT1	485	148	90	108	6	3	889	98
PRKCD	284	72	37	67	5	2	520	65
TKT	7327	1734	2183	1530	149	88	14181	1499
DCP1A	595	329	150	308	36	16	1099	255
CACNA1D	22	56	6	61	3	1	38	29
CHDH	553	126	10	170	23	3	944	97
IL17RB	104	44	1	31	3	0	156	34
ACTR8	256	61	63	56	7	3	414	62
SELENOK	2691	615	815	539	57	36	4782	411
CACNA2D3	26	59	29	45	5	5	51	31
LRTM1	49	8	7	18	0	1	44	6
WNT5A	80	47	43	103	4	13	215	21
ERC2	54	732	23	441	65	31	146	501
CCDC66	574	220	138	175	19	16	983	177
TASOR	509	225	110	138	19	11	929	181
ARHGEF3	56	235	45	158	16	7	111	174
SPATA12	2	9	8	4	0	0	2	0
IL17RD	225	169	77	116	13	7	328	119
HESX1	38	24	39	13	3	1	70	17
APPL1	1321	338	342	347	36	13	2031	316
ASB14	0	6	0	5	0	0	3	14
DNAH12	13	7	0	6	1	1	5	8
PDE12	159	50	61	46	2	0	456	37
ARF4	3672	1154	942	1558	129	53	7120	981
DENND6A	138	154	44	112	16	14	292	112
SLMAP	333	527	114	443	54	30	599	395
FLNB	1290	732	517	991	66	33	1555	761
DNASE1L3	7	2	0	0	0	0	17	1
ABHD6	217	115	31	127	10	6	329	115
RPP14	291	81	58	66	10	1	655	64
HTD2	0	0	0	2	0	0	0	0
PXK	214	98	47	99	11	1	303	76
PDHB	2278	465	397	406	49	22	3519	395
KCTD6	355	128	89	91	9	7	660	76
ACOX2	238	96	2	90	9	8	488	89
FAM107A	4	2	6	3	1	1	17	3
FAM3D	4	5	3	0	0	0	18	1
C3orf67	122	165	51	145	28	11	186	134
FHIT	170	1311	54	1068	122	56	409	976
PTPRG	340	2269	75	1675	289	86	737	2065
C3orf14	471	84	180	60	8	7	817	79
FEZF2	27	12	21	9	1	0	43	15
CADPS	989	710	30	701	74	29	481	814
SYNPR	22	62	21	29	6	3	19	27
SNTN	6	4	5	4	0	0	9	0
C3orf49	1	3	1	1	1	0	2	2
THOC7	3028	566	660	546	79	22	5135	491
ATXN7	19	175	5	167	20	15	28	157
PSMD6	2031	447	546	367	27	23	2832	370
PRICKLE2	136	442	17	366	41	30	179	397
ADAMTS9	334	163	61	314	20	21	241	203
MAGI1	307	1748	93	1292	172	74	715	1369
SLC25A26	530	289	125	227	31	12	926	242
LRIG1	122	144	31	76	11	12	184	110
KBTBD8	17	9	9	8	0	1	42	8
SUCLG2	899	458	132	405	51	23	1705	478
TAFA1	1	14	0	11	0	3	1	9
TAFA4	246	360	7	590	26	3	725	385
EOGT	71	45	7	24	5	1	143	37
TMF1	820	321	273	266	32	16	1606	236
UBA3	622	254	182	238	32	15	1030	194
ARL6IP5	1084	282	885	228	28	15	1576	187
LMOD3	5	0	2	1	0	0	6	1
FRMD4B	146	147	146	128	10	12	317	81
MITF	76	133	7	255	14	5	120	79
MDFIC2	0	0	0	0	0	0	0	0
FOXP1	1241	2284	185	1621	261	134	2114	1836
EIF4E3	54	21	31	24	5	1	69	12
GPR27	53	13	6	6	2	1	88	6
PROK2	1	0	0	0	0	0	2	0
RYBP	657	397	200	442	35	15	1288	325
SHQ1	193	92	44	84	14	6	315	91
GXYLT2	341	358	14	400	61	15	950	261
PPP4R2	1644	764	351	632	71	33	2878	594
EBLN2	118	36	22	30	3	0	180	29
PDZRN3	256	658	34	565	79	40	317	587
CNTN3	53	43	4	3	8	5	77	54
FRG2C	0	1	0	0	0	0	0	1
ZNF717	43	72	24	68	12	4	3	115
ROBO2	230	1028	27	696	94	35	279	669
ROBO1	254	360	121	271	22	22	345	387
GBE1	207	151	52	153	24	8	311	186
CADM2	49	343	3	201	41	12	87	797
VGLL3	31	6	173	7	0	0	35	3
CHMP2B	1099	288	472	241	31	12	2057	211
POU1F1	0	0	0	0	0	0	0	0
HTR1F	4	3	0	2	0	0	9	0
CGGBP1	812	413	205	355	39	24	1403	302
ZNF654	114	174	31	159	19	11	226	171
C3orf38	422	155	119	125	14	8	689	102
CSNKA2IP	0	1	0	0	0	0	0	0
EPHA3	0	15	0	15	2	2	4	45
PROS1	584	414	33	152	42	7	1131	301
ARL13B	211	152	72	69	14	6	402	165
STX19	8	2	37	3	1	0	5	5
DHFR2	51	5	12	10	0	0	85	9
NSUN3	194	133	27	63	8	4	300	107
MTRNR2L12	178	909	40	806	74	46	227	544
EPHA6	94	1467	7	1102	301	25	219	1052
ARL6	92	86	28	68	9	5	137	53
CRYBG3	142	73	44	64	6	2	236	68
RIOX2	237	74	85	67	9	1	462	40
GABRR3	0	0	0	0	0	0	0	0
OR5AC2	0	0	0	0	0	0	0	0
OR5H1	0	1	0	0	0	0	0	0
OR5H14	0	0	0	0	0	0	0	1
OR5H15	0	0	0	0	0	0	0	0
OR5H6	0	0	0	0	0	0	0	0
OR5H2	0	0	0	0	0	0	0	0
OR5K4	0	0	0	0	0	0	0	0
OR5K3	0	0	0	0	0	0	0	0
OR5K1	0	0	0	0	0	0	0	0
OR5K2	0	0	0	0	0	0	0	0
CLDND1	1016	326	214	332	26	10	1965	235
GPR15	2	0	0	0	0	0	0	0
CPOX	235	73	54	70	3	5	585	52
ST3GAL6	262	460	22	366	38	24	579	267
DCBLD2	776	454	209	399	50	19	1367	393
COL8A1	16	1	1	27	0	1	29	42
CMSS1	912	596	233	435	46	36	1519	477
FILIP1L	284	290	149	379	50	17	646	200
TBC1D23	344	286	85	253	21	13	619	233
NIT2	1377	319	403	278	28	13	2561	187
TOMM70	564	246	117	213	26	10	954	177
LNP1	84	46	14	20	5	1	88	49
TMEM45A	314	111	62	93	12	5	658	80
ADGRG7	18	8	0	7	0	0	7	25
TFG	2634	753	888	704	59	38	4382	612
ABI3BP	9	71	0	22	0	0	21	18
IMPG2	1	11	2	5	0	0	3	20
SENP7	231	274	56	190	35	13	427	211
TRMT10C	1496	330	328	300	37	21	2282	275
PCNP	2305	611	511	481	33	31	3956	518
ZBTB11	211	136	47	84	5	4	325	119
RPL24	51104	11595	11646	9885	1119	558	98287	9997
CEP97	141	88	49	32	10	4	262	46
NXPE3	57	27	26	9	0	2	108	11
NFKBIZ	40	11	56	13	0	0	54	9
ZPLD1	0	0	0	2	0	0	1	0
ALCAM	941	857	383	985	122	36	1596	781
CBLB	267	558	74	485	29	33	536	490
CCDC54	0	0	0	0	0	0	0	0
BBX	1793	1057	541	807	56	55	2877	855
CD47	329	110	436	105	10	9	845	54
IFT57	885	272	272	230	28	13	1726	157
HHLA2	5	1	0	6	0	0	7	0
MYH15	1	2	4	1	0	0	4	2
CIP2A	385	155	94	87	12	3	627	95
DZIP3	487	248	123	133	11	12	898	222
RETNLB	4	0	0	0	3	0	0	0
TRAT1	0	0	0	0	0	0	0	0
GUCA1C	0	0	0	0	0	1	0	0
MORC1	0	1	0	0	0	0	0	0
C3orf85	114	29	0	49	2	0	197	12
DPPA2	24	5	16	3	0	1	48	12
DPPA4	641	153	310	161	12	8	1168	163
NECTIN3	578	547	155	333	47	25	1289	298
CD96	3	7	0	5	0	0	2	4
ZBED2	0	0	13	0	0	0	0	0
PLCXD2	146	36	41	39	4	2	233	25
PHLDB2	658	349	152	384	36	27	962	353
ABHD10	259	107	58	107	6	0	474	65
TAGLN3	156	29	19	15	10	3	137	31
TMPRSS7	1	0	0	0	0	0	2	1
C3orf52	101	66	115	92	3	0	124	21
GCSAM	0	0	0	0	0	0	0	0
SLC9C1	4	18	0	21	5	1	4	17
CD200	463	117	52	81	10	8	474	116
BTLA	1	0	0	1	0	1	0	2
ATG3	823	191	259	194	22	8	1264	148
SLC35A5	218	103	64	69	5	2	351	67
CCDC80	147	16	123	56	4	2	237	27
CD200R1L	0	0	0	1	0	0	0	0
CD200R1	1	2	1	0	0	0	2	0
GTPBP8	569	105	144	167	14	5	889	125
NEPRO	517	159	91	113	14	7	893	136
BOC	77	27	63	26	2	0	178	10
CFAP44	20	41	3	67	7	3	20	42
SPICE1	103	131	30	95	9	1	248	75
SIDT1	0	1	0	0	0	0	0	2
USF3	204	108	59	106	17	6	395	115
NAA50	913	409	251	335	45	14	1717	297
ATP6V1A	462	171	221	154	13	15	755	107
GRAMD1C	25	23	12	9	4	2	46	18
ZDHHC23	52	8	21	10	2	0	101	13
CCDC191	101	84	36	68	11	3	182	61
QTRT2	255	73	30	71	6	6	426	73
DRD3	0	0	0	2	0	0	0	1
ZNF80	0	0	0	0	0	0	0	0
TIGIT	0	0	0	0	0	0	0	0
ZBTB20	197	646	42	611	62	22	445	361
GAP43	122	40	63	39	6	2	160	38
LSAMP	250	1275	22	1418	184	149	323	1160
IGSF11	21	37	4	23	16	2	40	54
TEX55	0	2	0	2	0	0	1	3
UPK1B	322	10	399	5	2	0	214	7
B4GALT4	1996	601	238	614	91	15	3759	479
ARHGAP31	32	41	14	47	3	1	20	38
TMEM39A	378	256	85	241	23	16	844	168
POGLUT1	309	105	65	49	12	3	479	69
TIMMDC1	1194	333	390	280	37	14	1910	223
CD80	1	0	0	0	1	0	4	2
ADPRH	17	1	12	1	0	0	17	1
PLA1A	21	8	1	18	0	0	30	3
POPDC2	9	3	8	2	0	0	9	4
COX17	2050	484	655	469	57	24	3310	366
MAATS1	75	98	8	58	5	7	186	69
NR1I2	4	2	1	1	0	0	7	3
GSK3B	660	897	242	785	71	37	1179	752
GPR156	3	30	1	19	5	1	4	14
LRRC58	507	116	149	124	6	6	967	86
FSTL1	1141	338	1051	145	16	31	1916	224
NDUFB4	4371	872	1183	843	143	57	6801	845
HGD	141	59	0	94	0	1	220	13
RABL3	213	125	50	97	12	5	404	93
GTF2E1	279	93	50	68	8	7	470	63
STXBP5L	7	29	0	71	5	3	16	63
POLQ	134	148	31	70	19	8	207	102
ARGFX	0	0	1	0	0	0	2	0
FBXO40	0	0	0	0	0	0	0	0
HCLS1	11	2	26	4	0	0	5	3
GOLGB1	2220	809	722	756	78	43	3952	632
IQCB1	452	294	159	216	33	13	915	252
EAF2	75	38	52	10	2	1	110	23
SLC15A2	32	10	41	3	0	0	25	14
ILDR1	11	1	12	0	0	0	33	2
CD86	2	0	0	0	0	0	4	0
CASR	2	1	6	9	0	0	1	0
CSTA	0	0	4	0	0	0	1	1
CCDC58	751	261	197	173	24	14	1344	167
FAM162A	4898	1007	662	845	79	29	8566	910
WDR5B	29	12	17	14	2	2	74	7
KPNA1	473	449	162	366	67	27	834	375
PARP9	62	11	66	15	2	2	113	3
DTX3L	45	9	53	12	0	0	70	4
PARP15	3	0	2	1	0	0	1	1
PARP14	217	70	161	57	4	2	426	58
HSPBAP1	89	62	57	43	9	5	179	42
SLC49A4	181	133	132	113	11	9	313	124
SEMA5B	21	18	10	9	0	1	30	33
PDIA5	299	213	69	245	19	8	544	226
SEC22A	174	191	47	174	13	9	277	170
ADCY5	66	40	8	36	12	0	75	31
HACD2	518	343	171	349	29	7	907	200
MYLK	58	34	47	30	3	0	112	24
CCDC14	810	464	142	248	25	17	1327	290
ROPN1	3	2	0	2	0	0	5	1
KALRN	263	868	76	609	100	27	676	550
UMPS	780	164	187	186	24	21	1121	145
ITGB5	837	345	343	265	34	19	1404	290
MUC13	0	0	0	0	0	0	0	1
HEG1	70	50	23	75	9	2	94	44
SLC12A8	116	130	14	163	13	2	200	92
ZNF148	704	781	192	614	71	46	1219	598
SNX4	706	407	204	349	43	22	1302	275
OSBPL11	391	257	108	206	14	8	967	183
ALG1L	33	2	4	3	0	0	57	1
ROPN1B	1	1	2	0	0	0	7	1
SLC41A3	312	94	97	70	7	2	565	72
ALDH1L1	35	43	0	37	5	1	118	36
KLF15	128	40	6	13	0	0	304	30
CFAP100	1	16	0	7	1	0	3	11
ZXDC	165	209	37	209	23	11	267	188
UROC1	0	2	0	3	0	0	2	0
CHST13	281	86	4	134	15	1	1070	59
C3orf22	0	0	0	3	0	0	0	0
AC024558.2	0	46	0	53	9	1	0	39
TXNRD3	81	57	16	52	5	3	155	35
CHCHD6	520	205	126	152	21	20	986	190
PLXNA1	231	51	53	45	4	6	366	56
C3orf56	0	0	0	0	0	0	0	0
PRR20G	0	0	0	0	0	0	0	0
TPRA1	285	91	87	76	18	2	453	79
MCM2	340	82	67	39	4	2	544	47
PODXL2	315	53	36	35	14	1	628	35
ABTB1	35	7	23	6	1	1	68	3
MGLL	17	29	98	26	0	0	68	7
KBTBD12	0	1	0	1	0	0	6	0
SEC61A1	1031	275	307	291	31	8	1583	231
RUVBL1	1661	440	324	292	45	24	2741	278
EEFSEC	197	116	61	130	13	6	313	106
DNAJB8	0	0	0	0	0	0	0	0
GATA2	50	2	122	2	0	0	73	1
RPN1	1264	368	366	364	41	8	2441	282
RAB7A	1718	757	810	765	72	41	2808	636
ACAD9	294	79	76	71	10	11	473	56
KIAA1257	65	55	22	31	4	8	75	42
EFCC1	32	15	3	5	0	0	18	8
GP9	1	0	0	0	0	0	0	1
RAB43	0	74	2	81	6	5	2	75
ISY1	322	157	114	125	11	6	551	103
CNBP	5399	1440	1169	1021	122	71	9214	1068
COPG1	686	227	220	191	22	10	1153	156
HMCES	463	120	131	94	7	6	785	106
H1FX	6344	1414	1127	842	123	73	11557	816
EFCAB12	7	4	0	6	1	0	11	7
MBD4	933	252	257	238	17	11	1578	206
IFT122	135	115	39	67	10	6	217	61
RHO	2	0	0	0	0	0	1	0
H1FOO	0	0	0	0	0	0	0	0
PLXND1	81	13	53	16	1	0	97	16
TMCC1	313	783	86	465	57	29	547	520
TRH	18	18	10	15	0	1	106	20
ALG1L2	25	18	5	40	3	2	36	45
COL6A5	1	0	0	0	0	0	2	0
COL6A6	5	5	1	5	0	0	9	9
PIK3R4	139	119	36	104	10	4	215	95
ATP2C1	522	304	154	390	28	8	887	218
ASTE1	120	28	23	37	1	1	184	28
NEK11	63	54	22	48	1	2	102	55
NUDT16	593	163	114	99	10	12	1209	114
MRPL3	2497	657	626	571	56	38	4406	485
CPNE4	28	105	2	152	8	3	70	380
ACPP	104	36	27	24	2	4	161	55
DNAJC13	287	287	68	226	32	14	512	207
ACAD11	28	270	5	233	25	19	59	228
ACKR4	0	3	0	5	1	0	2	13
UBA5	819	236	145	220	32	10	1369	219
NPHP3	203	138	59	85	4	7	351	113
TMEM108	68	119	33	132	14	3	107	113
BFSP2	3	1	1	1	0	1	4	3
CDV3	2021	579	1036	476	54	34	4150	337
TOPBP1	607	297	124	232	21	9	1080	237
TF	677	50	0	1739	1	0	6296	11
SRPRB	749	210	205	189	15	8	1476	128
RAB6B	82	8	65	11	0	2	128	11
SLCO2A1	527	503	58	468	89	18	733	533
RYK	1085	760	253	667	72	22	2309	511
AMOTL2	486	131	160	154	10	12	887	141
ANAPC13	801	296	304	184	37	15	2114	205
CEP63	404	160	130	119	14	1	673	111
EPHB1	51	76	8	135	4	9	75	52
KY	1	0	1	3	0	0	1	3
PPP2R3A	248	469	80	338	35	28	449	344
MSL2	138	137	25	111	11	8	251	97
PCCB	575	216	107	198	19	16	969	168
STAG1	389	1163	105	1058	125	64	709	956
SLC35G2	20	16	8	7	2	0	40	9
NCK1	588	276	162	166	30	11	1037	215
IL20RB	11	13	8	17	6	1	10	39
SOX14	17	6	31	1	0	1	26	0
CLDN18	244	21	0	40	2	2	178	9
DZIP1L	67	62	5	43	5	2	127	60
A4GNT	0	0	0	0	0	0	0	0
DBR1	223	60	64	38	5	2	412	56
ARMC8	448	285	107	261	30	15	727	295
NME9	5	21	1	32	1	1	6	42
MRAS	109	33	30	36	4	2	193	22
ESYT3	40	17	1	21	2	0	115	19
CEP70	592	305	54	273	49	15	872	309
FAIM	472	97	167	107	12	2	686	81
PIK3CB	178	342	31	307	43	16	341	259
FOXL2	0	1	2	0	0	0	1	0
FOXL2NB	1	0	0	0	0	0	2	0
PRR23A	0	0	0	0	0	0	1	0
MRPS22	1055	240	246	215	29	15	1742	196
PRR23B	0	0	0	0	0	0	0	0
PRR23C	0	0	0	0	0	0	0	0
COPB2	2277	835	505	932	85	44	3798	614
RBP2	896	191	1	157	3	2	1088	45
RBP1	2463	473	377	483	52	27	3245	502
NMNAT3	13	7	3	10	0	0	16	9
CLSTN2	13	23	2	25	0	4	24	25
TRIM42	0	0	0	0	0	0	0	0
SLC25A36	1127	405	316	241	18	18	1816	335
SPSB4	78	17	33	32	2	6	126	23
PXYLP1	183	114	42	89	11	6	383	119
ZBTB38	304	98	178	106	6	5	337	102
RASA2	275	318	65	231	26	17	468	263
RNF7	3635	1021	1460	1012	115	56	6807	742
GRK7	0	0	0	4	0	0	1	4
ATP1B3	2495	704	757	699	67	39	3937	625
TFDP2	1238	948	267	637	98	40	2133	670
GK5	235	100	49	88	8	0	446	76
XRN1	295	391	101	317	27	21	496	286
ATR	203	261	72	132	16	9	465	174
PLS1	92	70	66	39	9	2	250	45
TRPC1	88	276	19	198	32	12	126	213
PCOLCE2	91	33	18	9	4	0	225	35
PAQR9	20	0	2	2	0	0	19	1
U2SURP	2536	786	508	582	84	41	4691	617
CHST2	39	5	70	6	0	0	89	5
SLC9A9	9	14	5	13	1	1	2	17
DIPK2A	342	201	57	234	40	12	795	200
PLOD2	996	254	109	302	30	23	2152	407
PLSCR4	21	31	8	26	1	2	28	26
PLSCR2	1449	85	0	0	1	2	491	584
PLSCR1	668	139	239	104	24	2	500	167
PLSCR5	37	0	129	0	0	0	27	0
ZIC4	19	10	11	6	2	0	35	10
ZIC1	67	70	15	23	10	3	131	20
AGTR1	14	12	0	24	0	1	42	12
CPB1	8	0	0	0	0	0	1	1
CPA3	0	0	0	0	0	0	0	0
GYG1	792	73	346	53	12	7	647	81
HLTF	893	296	96	198	40	13	1350	275
HPS3	224	106	67	100	9	5	342	50
CP	19	7	15	7	1	0	36	2
TM4SF18	125	36	9	82	2	0	77	16
TM4SF1	88	8	13	6	0	0	36	1
TM4SF4	17	20	0	17	2	0	54	1
WWTR1	185	92	147	118	7	10	215	102
COMMD2	1122	282	361	184	23	10	1734	225
ANKUB1	0	105	0	102	9	9	0	175
RNF13	301	206	205	172	26	10	708	177
PFN2	2105	410	791	286	26	23	3572	235
TSC22D2	318	243	162	331	20	9	646	216
SERP1	3762	1158	1238	1152	125	48	7203	727
EIF2A	1134	376	330	311	36	27	2118	247
SELENOT	1374	275	557	273	32	15	2028	224
ERICH6	0	4	0	2	0	0	1	2
SIAH2	396	63	296	127	8	4	536	38
MINDY4B	2	0	1	0	0	0	0	0
CLRN1	11	9	7	15	1	0	47	14
MED12L	141	447	33	427	49	16	200	297
GPR171	9	5	0	4	2	0	18	2
P2RY14	0	60	0	75	14	4	2	45
GPR87	28	4	177	2	1	0	35	1
P2RY13	1	1	0	0	0	0	3	0
P2RY12	0	7	0	15	3	0	0	6
IGSF10	56	18	28	18	5	2	150	19
AADACL2	0	0	0	0	0	0	0	0
AADAC	27	2	0	0	0	0	68	0
SUCNR1	0	0	0	0	0	0	1	1
MBNL1	174	448	66	467	52	41	409	197
P2RY1	61	12	4	10	1	1	85	12
RAP2B	776	134	241	128	16	10	1126	154
ARHGEF26	5	92	4	50	8	4	8	65
DHX36	1632	536	376	503	58	25	2627	452
GPR149	0	3	0	6	1	0	2	2
MME	14	2	46	6	3	4	34	1
STRIT1	1	0	1	1	0	0	7	0
PLCH1	127	323	25	193	30	17	182	162
C3orf33	81	76	16	49	4	2	129	39
SLC33A1	190	171	48	113	12	14	380	109
GMPS	1316	653	223	501	61	28	2389	456
KCNAB1	10	7	19	6	1	0	15	6
SSR3	4218	1596	1057	1364	149	81	8457	1058
TIPARP	213	154	52	124	17	5	336	98
LEKR1	6	43	1	12	5	1	11	16
CCNL1	991	317	332	313	26	14	1832	225
VEPH1	85	240	11	241	48	1	407	176
PTX3	17	9	3	9	3	0	50	4
SLC66A1L	9	4	8	10	1	0	44	2
SHOX2	13	4	2	2	1	3	11	7
RSRC1	1086	710	276	570	62	39	1789	656
MLF1	512	140	170	136	19	7	904	105
GFM1	371	166	89	120	16	7	691	90
LXN	202	42	83	29	4	0	360	56
RARRES1	24	14	11	11	2	1	146	22
MFSD1	145	42	56	41	2	0	217	31
IQCJ-SCHIP1	11	236	7	145	20	9	28	91
IQCJ	0	1	0	0	0	0	1	0
SCHIP1	23	7	13	2	1	0	30	5
IL12A	1	1	1	0	0	0	4	0
C3orf80	12	13	1	10	1	0	61	7
IFT80	134	162	40	99	21	7	246	139
SMC4	1832	586	339	368	53	23	2621	460
TRIM59	253	219	38	102	10	9	393	111
KPNA4	848	452	254	394	57	34	1575	356
ARL14	5	0	0	5	0	0	6	1
PPM1L	80	281	53	184	31	12	157	271
B3GALNT1	195	49	55	31	3	4	293	44
NMD3	401	217	126	169	17	11	835	133
SPTSSB	274	139	5	68	27	2	471	38
OTOL1	0	0	0	0	0	0	0	0
SI	5	3	0	0	0	0	11	1
SLITRK3	2	0	1	1	0	0	5	0
BCHE	40	31	1	20	0	3	88	18
ZBBX	18	13	2	5	0	1	28	15
SERPINI2	0	4	0	3	0	0	0	1
WDR49	3	15	0	7	0	1	4	9
PDCD10	1400	407	455	338	51	24	2518	310
SERPINI1	225	82	29	93	8	13	588	25
GOLIM4	1110	593	162	592	50	23	3141	239
MECOM	112	370	28	371	54	24	188	191
ACTRT3	35	11	17	15	4	0	101	9
MYNN	217	75	47	74	9	7	412	72
LRRC34	54	25	16	13	5	2	167	26
LRRIQ4	0	1	0	0	1	0	0	0
LRRC31	4	4	0	6	1	0	13	2
SAMD7	0	1	0	1	0	0	3	0
SEC62	2017	747	589	721	83	45	3639	550
GPR160	148	49	62	63	5	4	266	47
PHC3	133	242	44	178	24	13	276	133
PRKCI	535	332	134	296	30	10	993	259
SKIL	1267	491	389	610	63	17	2205	532
CLDN11	164	42	5	75	4	1	295	60
SLC7A14	0	1	3	3	0	0	6	0
RPL22L1	3058	1062	833	689	66	29	6056	502
EIF5A2	77	10	24	17	0	1	108	10
SLC2A2	12	26	0	20	1	0	2	6
TNIK	693	1049	22	1464	147	27	1145	1044
PLD1	70	156	16	209	9	9	89	132
TMEM212	0	0	0	2	0	0	0	2
FNDC3B	800	2345	169	2389	190	112	1166	1846
GHSR	0	0	0	0	0	0	0	0
TNFSF10	2	1	1	1	0	0	2	0
NCEH1	59	73	36	41	4	1	70	50
ECT2	713	380	111	249	42	21	1011	299
SPATA16	1	0	0	0	0	0	1	1
NLGN1	46	576	9	238	29	19	84	307
NAALADL2	58	612	90	391	59	53	114	338
TBL1XR1	1576	1845	246	1657	164	78	2789	1605
KCNMB2	0	16	0	50	7	0	1	18
ZMAT3	286	69	187	84	1	4	409	87
PIK3CA	147	218	45	186	13	7	261	158
KCNMB3	12	38	6	39	4	1	55	19
ZNF639	396	95	94	80	11	7	740	81
MFN1	325	188	110	139	12	7	576	136
GNB4	99	42	49	41	1	5	213	25
ACTL6A	1075	264	270	202	22	13	1791	211
MRPL47	2606	556	603	496	61	37	4704	485
NDUFB5	2643	571	844	495	55	33	5167	454
USP13	192	118	66	60	9	9	239	101
PEX5L	2	22	2	9	1	0	6	12
TTC14	658	204	179	161	19	7	1112	137
CCDC39	19	5	6	1	1	1	17	6
FXR1	3046	1014	563	882	77	39	5366	785
DNAJC19	1870	494	474	452	56	26	3261	378
SOX2	552	144	432	78	9	6	640	68
ATP11B	110	156	71	114	11	7	198	133
DCUN1D1	370	221	98	174	22	16	756	180
MCCC1	272	152	97	99	16	3	445	114
LAMP3	7	0	6	0	0	0	6	2
MCF2L2	275	505	4	290	39	19	239	809
B3GNT5	145	119	56	57	14	2	205	76
KLHL6	2	1	0	3	1	0	3	3
KLHL24	357	188	98	228	20	10	562	167
YEATS2	342	516	68	377	49	29	650	382
MAP6D1	1	1	0	4	0	0	0	8
PARL	1335	441	289	379	44	24	2380	290
ABCC5	209	105	54	109	8	3	302	107
HTR3D	0	0	0	0	0	0	0	0
HTR3C	0	1	0	1	0	0	0	0
HTR3E	0	1	0	2	0	0	2	1
EIF2B5	461	117	122	81	7	5	712	79
DVL3	535	113	178	117	10	10	949	101
AP2M1	3658	697	1195	691	79	30	5848	670
ABCF3	280	47	89	58	6	2	418	35
VWA5B2	30	0	0	0	1	0	8	1
ALG3	772	182	237	204	23	9	1306	129
EEF1AKMT4	268	89	106	112	7	3	603	69
CAMK2N2	7	3	8	0	0	0	16	2
ECE2	0	1	0	0	0	0	0	0
PSMD2	3286	568	851	567	72	21	5443	492
EIF4G1	2281	476	522	481	51	21	3558	355
FAM131A	183	53	30	20	2	0	285	31
CLCN2	145	28	7	21	3	1	252	23
POLR2H	2163	566	446	370	46	21	4093	440
THPO	65	12	3	15	0	0	109	7
CHRD	34	8	1	5	1	0	53	4
EPHB3	424	70	62	60	4	2	461	73
MAGEF1	1571	415	348	338	50	12	2640	307
VPS8	242	291	63	244	33	7	400	205
C3orf70	24	8	0	7	1	0	31	6
EHHADH	260	160	17	183	10	6	274	168
MAP3K13	416	427	352	336	42	12	791	331
TMEM41A	774	249	163	194	15	8	1810	212
LIPH	16	8	9	7	2	0	28	3
SENP2	287	197	87	163	18	7	578	118
IGF2BP2	2062	2066	562	1591	219	106	3935	1522
TRA2B	2717	510	389	421	47	30	4869	546
ETV5	519	279	56	345	25	15	771	206
DGKG	10	13	1	24	2	1	20	26
CRYGS	3	7	2	7	0	0	7	5
TBCCD1	62	49	16	16	4	0	120	20
DNAJB11	1389	369	269	391	40	19	2466	283
AHSG	6512	2204	13	1614	10	1	17295	545
FETUB	29	39	0	7	0	0	198	1
HRG	3	0	0	7	0	0	2	1
KNG1	8	5	0	4	1	0	34	0
EIF4A2	4027	1141	1414	966	94	44	8829	947
RFC4	1061	227	186	168	29	10	1843	182
ADIPOQ	0	0	0	0	0	0	0	0
ST6GAL1	382	425	53	256	26	11	411	450
RPL39L	1166	167	304	213	45	11	2459	131
RTP1	2	0	5	2	0	0	4	0
MASP1	19	17	6	6	1	0	23	4
RTP4	0	0	19	0	0	0	6	0
SST	49	66	263	15	4	0	162	21
RTP2	0	0	0	0	0	0	0	0
BCL6	55	76	29	91	7	2	134	50
AC072022.2	0	4	1	1	0	0	4	2
LPP	1116	1829	375	2144	188	90	1998	1273
TPRG1	6	47	4	58	3	3	16	26
TP63	6	52	32	26	5	1	23	6
P3H2	926	1114	113	940	105	46	1191	1522
CLDN1	91	29	28	13	1	2	95	32
CLDN16	7	4	0	0	0	0	10	4
TMEM207	25	21	0	11	0	0	33	6
IL1RAP	62	49	21	32	6	0	80	23
GMNC	2	8	1	2	0	0	5	1
OSTN	1	10	1	3	0	0	2	4
UTS2B	1	2	0	1	1	0	0	0
CCDC50	935	287	339	264	34	17	1772	214
PYDC2	0	0	0	0	0	0	0	0
FGF12	272	508	33	186	47	25	668	385
MB21D2	176	176	63	129	15	6	286	106
PLAAT1	85	16	21	26	4	1	149	16
ATP13A5	6	3	3	3	0	0	1	2
ATP13A4	12	34	14	13	0	6	32	16
OPA1	485	356	129	305	32	26	907	265
HES1	2819	428	1334	722	70	56	5435	229
CPN2	12	8	0	18	1	0	80	1
LRRC15	0	0	0	0	0	0	1	0
GP5	0	0	0	0	0	0	0	0
ATP13A3	523	561	106	374	45	20	1112	370
TMEM44	184	60	37	34	8	1	320	51
LSG1	340	118	74	128	8	8	710	119
FAM43A	46	2	13	6	0	0	65	1
XXYLT1	551	235	85	210	30	9	760	251
ACAP2	594	445	183	447	50	15	982	441
PPP1R2	736	224	213	233	33	11	1441	173
APOD	0	0	1	0	0	0	1	1
MUC20	15	24	25	7	1	0	17	24
MUC4	0	2	1	1	0	0	0	5
TNK2	87	33	26	29	1	1	123	25
TFRC	161	60	91	69	2	1	411	82
ZDHHC19	2	3	0	2	0	0	14	0
SLC51A	146	80	4	38	2	1	379	24
PCYT1A	306	157	106	130	16	6	484	114
TCTEX1D2	942	302	168	217	32	23	1334	215
TM4SF19	0	1	0	0	1	0	0	1
UBXN7	573	288	108	210	28	13	915	212
RNF168	393	206	124	125	16	11	645	113
SMCO1	0	0	0	0	0	0	0	0
WDR53	155	55	38	47	8	0	207	37
FBXO45	318	91	74	83	9	5	587	65
NRROS	6	0	1	1	0	0	13	1
PIGX	608	138	187	124	13	5	885	100
CEP19	164	32	57	28	5	2	230	25
PAK2	1576	744	549	573	75	34	3171	587
SENP5	414	434	97	395	35	18	741	305
NCBP2	1661	512	362	401	48	17	3227	331
NCBP2AS2	1483	467	288	424	37	23	3053	292
PIGZ	70	90	2	130	7	2	215	28
MELTF	97	69	49	54	4	2	157	26
DLG1	1037	1781	210	1743	161	82	1965	1180
BDH1	9	135	4	185	14	6	27	111
RUBCN	79	32	35	25	3	1	114	45
FYTTD1	505	187	157	133	16	10	842	128
LRCH3	314	390	77	310	33	16	595	389
IQCG	97	101	27	86	11	4	189	68
RPL35A	49631	10634	10815	9750	1067	534	92585	8521
LMLN	66	17	20	17	1	1	111	11
ZNF595	82	58	32	32	6	4	235	70
ZNF718	149	180	12	129	20	6	160	204
ZNF732	3	39	14	41	4	6	104	99
ZNF141	288	159	48	141	13	10	589	110
ZNF721	584	538	120	382	44	33	952	363
PIGG	177	91	62	82	10	2	260	75
TMEM271	1	0	3	0	0	0	0	0
PDE6B	150	42	36	31	6	1	266	28
ATP5ME	6463	1186	1520	1168	160	61	12320	1047
MYL5	101	33	32	29	3	1	212	31
SLC49A3	167	25	28	55	3	3	252	20
PCGF3	401	150	116	126	18	11	653	132
CPLX1	7	2	4	2	0	0	21	2
GAK	361	142	113	147	10	5	550	123
TMEM175	105	26	39	21	1	5	189	25
DGKQ	91	27	17	12	3	1	81	21
SLC26A1	15	12	4	2	0	0	31	1
IDUA	70	16	13	5	3	0	112	12
FGFRL1	470	80	38	48	5	6	750	81
RNF212	24	16	9	7	0	0	121	12
SPON2	165	21	16	76	1	0	440	17
CTBP1	966	221	246	147	24	7	1462	146
MAEA	774	170	266	158	20	12	1311	158
UVSSA	114	116	23	60	11	3	247	74
CRIPAK	63	16	19	9	3	1	119	13
NKX1-1	0	0	1	0	0	0	0	0
FAM53A	7	18	3	3	1	0	16	22
SLBP	1634	392	458	283	46	20	2941	349
TACC3	805	230	147	126	18	12	1150	157
TMEM129	237	48	82	41	1	1	406	43
FGFR3	687	155	41	147	10	5	1231	121
LETM1	511	107	109	89	11	2	930	88
NSD2	924	767	172	456	61	41	1542	591
NELFA	536	147	129	108	13	8	870	115
C4orf48	3040	633	713	411	78	21	4632	599
NAT8L	80	9	14	5	1	2	113	8
POLN	15	4	4	2	0	0	21	0
HAUS3	199	59	45	43	5	4	330	49
MXD4	2035	445	599	590	65	34	2536	353
ZFYVE28	5	3	5	3	1	0	14	2
CFAP99	0	0	0	1	0	0	1	0
RNF4	490	253	143	165	16	10	766	191
FAM193A	296	329	66	299	42	11	495	269
TNIP2	590	122	138	119	18	5	934	106
SH3BP2	179	53	43	29	3	4	356	41
ADD1	1004	545	305	400	48	17	1648	397
MFSD10	1229	277	361	247	25	15	2196	228
NOP14	444	107	134	99	16	3	844	106
GRK4	44	55	8	30	6	1	111	24
HTT	408	442	133	341	40	25	762	301
MSANTD1	3	4	1	7	1	0	12	6
RGS12	350	239	95	166	20	13	475	146
HGFAC	0	0	0	0	0	0	3	0
DOK7	4	0	0	1	0	0	1	0
LRPAP1	2316	683	1374	732	75	41	3859	592
ADRA2C	434	101	67	75	15	4	890	82
OTOP1	0	0	0	0	0	0	0	1
TMEM128	408	117	91	84	11	2	592	67
LYAR	899	196	170	144	16	13	1500	161
ZBTB49	47	24	12	14	2	1	80	18
NSG1	179	15	491	9	3	2	279	13
STX18	476	221	130	262	34	10	900	207
MSX1	488	158	31	173	21	8	1625	63
CYTL1	17	1	3	4	0	0	61	3
STK32B	9	6	1	8	0	0	4	2
EVC2	79	80	17	50	13	8	159	80
EVC	25	111	3	117	13	2	63	115
CRMP1	65	41	63	32	4	5	64	44
C4orf50	0	1	0	0	0	0	5	0
JAKMIP1	25	0	1	1	1	0	35	1
AC092442.1	0	0	0	0	0	0	0	0
WFS1	273	54	57	52	6	3	353	44
PPP2R2C	12	12	4	7	0	1	22	6
MAN2B2	159	43	67	31	1	2	224	43
MRFAP1	3649	671	1014	629	69	35	6199	517
AC093323.1	208	47	48	47	4	2	370	45
S100P	169	1	588	1	0	0	247	0
MRFAP1L1	584	184	188	128	15	11	1116	140
BLOC1S4	1078	260	294	269	40	15	2116	232
KIAA0232	771	638	183	575	62	17	1397	498
TBC1D14	319	247	115	187	23	12	641	164
CCDC96	12	2	13	3	1	1	29	1
TADA2B	157	39	39	36	9	2	303	36
GRPEL1	935	225	216	186	22	10	1962	156
SORCS2	11	63	12	49	4	1	24	33
PSAPL1	7	0	0	0	0	0	29	1
AFAP1	114	178	62	87	9	16	260	80
ABLIM2	7	2	2	4	0	0	5	3
SH3TC1	55	32	1	19	1	1	148	10
HTRA3	33	5	11	1	2	0	35	1
ACOX3	462	97	44	81	8	3	387	231
TRMT44	177	75	42	73	6	1	203	124
GPR78	8	0	2	0	0	0	4	2
CPZ	4	3	5	1	0	0	8	1
HMX1	138	13	6	3	16	0	79	15
FAM90A26	1	1	0	0	0	0	0	0
USP17L10	0	0	0	0	0	0	0	0
USP17L11	0	0	0	0	0	0	0	0
USP17L12	0	0	0	0	0	0	0	0
USP17L13	0	0	0	0	0	0	0	0
USP17L15	0	0	0	0	0	0	0	0
USP17L17	0	0	0	0	0	0	0	0
USP17L18	0	0	0	0	0	0	0	0
USP17L19	0	0	0	0	0	0	0	0
USP17L20	0	0	0	0	0	0	0	0
USP17L21	0	0	0	0	0	0	0	0
USP17L22	0	0	0	0	0	0	0	0
USP17L23	0	0	0	0	0	0	0	0
USP17L24	0	0	0	0	0	0	0	0
USP17L25	0	0	0	0	0	0	0	0
USP17L26	0	0	0	0	0	0	0	0
USP17L5	0	0	0	0	0	0	0	0
USP17L27	0	0	0	0	0	0	0	0
USP17L28	0	0	0	0	0	0	0	0
USP17L29	0	0	0	0	0	0	0	0
USP17L30	0	0	0	0	0	0	0	0
DEFB131A	0	0	0	0	0	0	0	0
SLC2A9	17	33	4	36	3	2	58	28
DRD5	2	0	0	2	0	0	10	0
WDR1	2054	380	1131	538	39	25	3016	390
ZNF518B	352	121	78	124	9	7	616	99
CLNK	0	9	0	3	0	0	3	3
HS3ST1	361	210	19	176	11	8	731	43
RAB28	452	373	121	286	39	11	848	289
NKX3-2	1	0	4	0	0	0	0	0
BOD1L1	1586	494	403	449	37	23	2904	364
CPEB2	62	78	28	52	12	1	65	55
C1QTNF7	0	2	0	0	0	0	3	6
CC2D2A	204	99	36	89	11	3	339	86
FBXL5	435	486	110	315	35	17	663	316
FAM200B	651	194	303	173	19	5	1311	123
BST1	70	16	56	33	3	0	190	13
CD38	1	3	2	1	0	0	6	1
FGFBP1	38	3	6	5	0	1	77	0
FGFBP2	1	0	1	0	0	0	1	2
PROM1	438	299	20	232	32	17	523	204
TAPT1	113	94	27	70	14	1	172	102
LDB2	49	109	16	61	4	27	95	87
QDPR	1489	464	245	445	53	21	3127	299
CLRN2	0	0	0	0	0	0	0	1
LAP3	706	172	237	165	21	8	1401	115
MED28	2010	465	516	407	31	35	3675	326
FAM184B	197	20	20	20	3	1	32	34
DCAF16	295	152	71	118	19	8	575	118
NCAPG	784	210	114	106	20	8	1147	157
LCORL	421	584	89	410	48	25	810	527
SLIT2	70	345	29	296	8	29	188	219
PACRGL	148	97	51	81	12	7	325	92
KCNIP4	6	61	4	46	2	19	15	90
ADGRA3	519	667	121	574	80	33	952	477
PPARGC1A	19	7	6	18	4	0	22	32
DHX15	1297	487	314	366	46	21	2079	321
SOD3	222	70	76	38	6	6	396	68
CCDC149	69	59	30	46	1	2	137	32
LGI2	99	35	17	30	1	4	148	18
SEPSECS	62	48	17	36	1	2	87	29
PI4K2B	167	115	74	110	14	2	337	61
ZCCHC4	104	65	31	39	7	7	165	46
ANAPC4	199	98	39	36	7	1	359	58
SLC34A2	16	2	4	2	0	0	13	6
SEL1L3	114	58	31	61	2	8	153	32
SMIM20	1363	338	339	255	28	12	2425	261
RBPJ	1500	713	448	524	77	35	2367	594
CCKAR	0	0	0	0	0	0	0	0
TBC1D19	117	268	21	474	22	13	229	161
STIM2	254	154	62	118	14	9	524	96
PCDH7	1277	2587	268	1678	281	55	1862	2050
ARAP2	29	24	46	24	3	0	73	23
DTHD1	0	2	0	0	0	0	0	1
NWD2	2	37	0	26	3	0	13	5
C4orf19	86	79	94	99	7	2	128	55
RELL1	156	134	96	156	33	5	347	97
PGM2	444	105	307	80	11	7	841	82
TBC1D1	490	189	390	109	13	3	796	122
PTTG2	4	0	1	0	0	0	5	0
KLF3	500	256	188	220	25	18	1042	133
TLR10	1	0	0	0	0	0	0	0
TLR1	0	1	1	1	0	0	2	2
TLR6	6	0	3	0	0	0	4	0
FAM114A1	608	491	315	477	41	24	1916	314
TMEM156	0	1	1	1	0	0	2	1
KLHL5	332	300	59	363	35	20	566	196
WDR19	98	93	49	61	8	5	220	92
RFC1	1391	574	286	447	63	24	2749	394
KLB	218	113	4	162	10	8	669	60
RPL9	47997	13061	9322	11536	1232	595	109916	10365
LIAS	291	90	76	59	9	1	513	50
UGDH	1700	745	179	590	49	21	3210	445
SMIM14	687	281	333	171	21	18	1200	219
UBE2K	2223	1206	559	1067	112	41	3773	1010
PDS5A	846	920	164	704	79	34	1539	752
N4BP2	847	593	183	385	51	33	1579	417
RHOH	12	16	6	4	1	1	12	12
CHRNA9	1	0	1	1	0	0	6	0
RBM47	699	832	398	665	57	31	1365	806
NSUN7	193	205	28	117	13	11	342	145
APBB2	296	959	42	705	106	74	570	800
UCHL1	3933	503	918	349	48	43	4519	533
LIMCH1	175	201	64	338	32	20	241	223
PHOX2B	0	0	0	0	0	0	0	1
TMEM33	699	215	231	127	15	12	1184	165
DCAF4L1	4	0	1	0	0	0	14	1
SLC30A9	592	470	133	332	34	15	1125	310
BEND4	12	1	6	3	0	0	27	6
SHISA3	21	1	2	8	2	0	13	1
ATP8A1	33	68	9	75	13	3	57	50
GRXCR1	1	1	0	0	0	0	0	0
KCTD8	37	52	0	44	6	4	22	65
YIPF7	4	3	0	4	0	0	5	4
GUF1	455	138	83	74	13	9	846	116
GNPDA2	157	40	42	14	3	2	257	23
GABRG1	4	0	0	0	0	0	42	0
GABRA2	35	21	3	0	4	0	100	20
COX7B2	0	1	2	0	0	0	1	1
GABRA4	11	8	0	0	3	0	57	3
GABRB1	7	16	1	0	2	2	7	5
COMMD8	779	159	253	44	15	10	1319	134
ATP10D	56	26	80	1	1	2	60	5
CORIN	14	30	1	2	2	2	2	16
NFXL1	323	237	60	152	24	12	556	180
NIPAL1	137	131	68	125	16	6	430	70
CNGA1	33	25	9	23	2	2	80	19
TXK	3	14	2	10	0	0	7	29
TEC	24	61	8	56	5	4	46	58
SLAIN2	377	268	102	235	29	13	715	216
SLC10A4	54	3	1	7	1	0	28	1
ZAR1	0	0	1	0	0	0	1	0
FRYL	415	691	100	444	73	34	686	548
OCIAD1	2832	837	684	657	79	52	4502	700
OCIAD2	3064	355	1220	608	83	25	4726	379
CWH43	4	0	0	0	0	0	7	0
DCUN1D4	259	213	40	199	23	16	439	187
LRRC66	6	4	0	1	0	0	2	6
SGCB	476	95	98	94	8	5	596	93
SPATA18	54	39	26	18	0	1	36	25
USP46	614	252	158	234	23	11	1170	203
ERVMER34-1	132	21	21	79	4	2	298	27
RASL11B	209	4	28	3	1	0	518	5
SCFD2	78	178	26	205	37	11	161	170
FIP1L1	1123	457	283	313	57	32	2039	344
LNX1	180	133	61	95	15	15	378	84
CHIC2	355	156	124	131	21	13	691	159
GSX2	2	0	0	0	0	0	0	0
PDGFRA	648	633	6	643	118	16	1879	481
KIT	341	176	15	98	18	6	380	212
KDR	20	6	22	4	2	0	30	2
SRD5A3	442	117	70	90	14	4	721	77
TMEM165	1556	727	391	676	97	29	2763	517
CLOCK	291	316	61	224	32	23	565	250
PDCL2	0	2	0	0	0	0	1	5
NMU	151	39	37	36	6	4	225	45
EXOC1L	0	0	0	0	0	0	0	0
EXOC1	362	178	130	145	11	14	685	127
CEP135	519	230	64	191	18	12	803	203
KIAA1211	92	1030	20	694	111	50	158	831
AASDH	411	210	73	108	19	9	729	156
PPAT	483	248	155	152	29	8	1089	204
PAICS	2784	800	508	582	72	30	5045	643
SRP72	2376	720	459	564	56	23	4083	544
ARL9	12	6	1	3	0	0	32	11
THEGL	1	10	0	16	0	1	3	6
HOPX	72	25	70	25	0	1	117	1
SPINK2	10	3	4	3	0	0	26	0
REST	1493	551	318	365	50	29	2474	387
NOA1	416	113	109	107	8	6	864	72
POLR2B	956	294	216	290	30	13	1578	224
IGFBP7	470	15	858	13	1	0	856	5
ADGRL3	173	754	49	347	61	34	220	457
TECRL	0	4	0	0	1	3	7	2
EPHA5	0	7	0	14	0	1	1	14
CENPC	535	262	82	182	18	17	773	223
STAP1	21	2	0	2	0	0	7	4
UBA6	580	402	172	329	48	18	1132	334
GNRHR	0	2	3	3	1	1	2	4
TMPRSS11D	0	6	1	3	0	0	1	7
TMPRSS11A	4	3	2	3	2	0	8	7
TMPRSS11F	0	0	10	0	0	0	12	1
TMPRSS11B	23	5	0	1	0	0	21	2
YTHDC1	337	836	64	707	70	24	673	563
TMPRSS11E	8	10	13	9	2	0	14	16
UGT2B17	1	0	0	1	0	0	0	0
UGT2B15	0	0	0	2	0	0	1	1
UGT2B10	0	1	0	4	0	0	2	0
UGT2A3	0	14	0	4	0	0	0	1
UGT2B7	46	50	1	25	1	1	225	11
UGT2B11	486	174	0	1	3	0	164	40
UGT2B28	0	4	0	0	0	0	0	1
UGT2B4	7	9	1	5	0	1	58	2
UGT2A1	8	28	1	8	0	2	68	2
UGT2A2	0	0	0	0	0	0	0	0
SULT1B1	12	10	0	13	6	0	25	9
SULT1E1	163	500	0	96	0	13	548	159
CSN1S1	1	1	0	1	0	0	1	0
CSN2	0	0	0	0	0	0	1	0
STATH	1	0	0	0	0	0	0	0
HTN3	0	0	0	0	0	0	0	0
HTN1	1	0	5	0	0	0	0	0
PRR27	2	3	1	0	1	0	4	1
ODAM	19	42	7	17	3	6	127	11
FDCSP	1	0	0	0	0	0	0	0
CSN3	0	2	0	0	0	0	0	1
CABS1	6	1	0	0	0	0	6	3
SMR3A	0	0	0	0	0	0	0	0
SMR3B	0	7	0	2	0	0	0	4
OPRPN	0	0	0	0	0	0	0	1
MUC7	0	12	0	3	1	0	0	12
AMTN	1	3	0	0	0	0	0	2
AMBN	2	43	14	13	1	1	66	2
ENAM	0	0	0	0	0	0	0	0
JCHAIN	0	0	0	0	0	0	0	1
UTP3	618	128	199	126	17	3	875	103
RUFY3	1008	637	247	502	57	25	1894	424
GRSF1	1287	394	298	326	35	21	1963	303
MOB1B	200	269	53	192	27	12	295	174
DCK	361	62	102	17	2	2	554	44
SLC4A4	28	53	8	29	2	2	37	60
GC	3	6	0	4	0	0	1	14
NPFFR2	56	35	40	37	1	5	22	37
ADAMTS3	35	95	3	49	2	1	45	112
COX18	145	53	24	44	5	1	246	45
ANKRD17	1269	1365	247	1288	171	78	2126	1161
ALB	129	98	2	75	4	0	811	41
AFP	25815	12227	25	2562	400	112	43908	2976
AFM	51	19	0	183	10	3	106	30
RASSF6	286	166	11	117	14	4	342	127
CXCL8	0	0	0	0	0	0	1	1
CXCL6	16	4	2	3	1	0	24	1
PF4V1	0	2	0	0	0	0	5	0
CXCL1	2	1	2	0	0	0	20	0
PF4	14	1	6	2	1	0	14	0
PPBP	0	0	2	0	0	0	2	0
CXCL5	10	0	4	1	2	0	19	4
CXCL3	34	4	2	1	0	0	24	2
CXCL2	28	3	10	3	0	0	66	2
MTHFD2L	327	161	95	142	21	13	542	122
EPGN	3	0	1	0	0	0	2	1
EREG	1	1	12	0	0	0	3	0
AREG	52	162	123	94	4	12	280	4
BTC	6	1	3	1	0	0	5	0
PARM1	100	51	6	108	6	1	128	49
RCHY1	867	305	119	271	30	13	1728	204
THAP6	172	98	42	60	6	2	378	62
ODAPH	1	0	98	0	1	0	7	0
CDKL2	10	3	16	4	2	0	22	7
G3BP2	2099	860	420	719	82	27	3465	563
USO1	1072	508	258	503	42	27	2046	384
PPEF2	0	2	0	0	0	0	3	1
NAAA	47	16	38	30	0	0	89	23
SDAD1	820	280	182	280	28	18	1522	252
CXCL9	0	0	0	0	0	0	0	0
ART3	0	1	1	1	0	0	0	1
CXCL10	0	0	0	0	0	0	0	0
CXCL11	0	1	0	0	0	0	0	1
NUP54	797	388	139	351	33	18	1301	325
SCARB2	694	331	313	271	19	14	1346	200
FAM47E	14	9	9	8	2	0	20	9
STBD1	7	48	7	97	6	0	21	44
CCDC158	0	1	0	2	0	0	2	0
SHROOM3	125	125	73	120	9	10	227	104
SOWAHB	61	10	32	12	1	0	78	9
SEPTIN11	3163	1251	621	1208	157	53	6120	830
CCNI	10287	2133	2665	2040	194	100	18362	1745
CCNG2	426	166	224	80	8	7	827	108
CXCL13	0	3	0	3	0	0	0	1
CNOT6L	226	134	60	82	9	6	336	100
MRPL1	831	292	206	221	36	23	1510	274
FRAS1	471	1612	67	1036	139	76	712	1431
ANXA3	2366	694	1545	827	94	59	4521	409
BMP2K	366	633	75	580	55	27	738	418
PAQR3	176	119	65	77	13	6	335	69
NAA11	0	0	0	0	0	0	0	2
GK2	0	0	0	0	0	0	0	0
ANTXR2	205	161	32	155	16	8	366	144
PRDM8	1	0	0	0	0	0	0	1
FGF5	0	1	0	0	0	0	1	1
CFAP299	3	4	0	1	4	0	0	6
BMP3	1	0	2	3	2	0	13	0
PRKG2	2	8	4	6	2	0	12	9
RASGEF1B	253	1322	50	1506	197	28	464	1157
HNRNPD	7081	1946	1362	1434	193	86	11702	1486
HNRNPDL	9348	1554	1865	1401	150	83	14804	1485
ENOPH1	962	273	359	198	35	16	1902	205
TMEM150C	430	294	28	169	15	7	827	318
SCD5	369	298	144	144	21	7	360	260
SEC31A	1784	1454	411	1452	144	60	3607	1091
THAP9	86	68	13	36	6	2	150	49
LIN54	104	117	35	64	10	6	162	95
COPS4	897	254	248	216	29	13	1560	183
PLAC8	78	52	149	34	5	3	367	21
COQ2	394	92	77	77	7	3	609	74
HPSE	11	2	6	1	0	1	30	0
HELQ	226	86	73	71	8	5	379	67
MRPS18C	2259	463	489	335	42	27	3594	415
ABRAXAS1	413	131	40	115	7	3	908	86
GPAT3	15	2	10	12	1	0	31	2
NKX6-1	0	0	0	0	0	0	4	0
CDS1	211	94	286	79	11	3	407	77
WDFY3	294	836	88	664	90	44	519	743
ARHGAP24	728	1076	10	556	63	46	796	1396
MAPK10	412	510	87	408	46	35	467	705
PTPN13	1585	905	145	617	72	70	1402	953
SLC10A6	0	0	0	0	0	0	0	1
C4orf36	1	15	1	5	0	0	0	11
AFF1	372	812	64	668	62	39	657	691
KLHL8	255	344	42	375	69	11	691	157
HSD17B13	0	6	0	0	0	0	0	2
HSD17B11	670	431	90	315	58	10	1458	244
NUDT9	540	229	198	203	19	9	849	140
SPARCL1	16	22	91	14	0	0	38	9
DSPP	2	0	0	0	0	0	2	0
DMP1	0	0	0	0	0	0	0	0
IBSP	0	0	0	1	1	0	0	0
MEPE	0	0	0	1	0	0	0	0
SPP1	1172	9	651	10	2	5	276	13
PKD2	235	409	101	264	28	12	431	323
ABCG2	51	17	102	33	0	0	170	11
PPM1K	387	140	71	94	14	7	582	105
HERC6	42	14	17	4	2	1	42	11
HERC5	53	3	53	13	1	0	86	12
PYURF	1649	370	584	384	48	18	3280	309
PIGY	0	0	0	0	0	0	0	0
HERC3	23	127	2	75	17	10	19	117
NAP1L5	24	4	18	9	0	0	63	5
FAM13A	370	753	124	495	65	35	684	531
TIGD2	109	31	34	18	2	2	157	22
GPRIN3	58	45	1	27	4	3	120	19
SNCA	453	237	57	156	17	13	982	134
MMRN1	13	12	6	8	0	1	22	7
CCSER1	22	696	33	450	87	20	45	185
GRID2	53	263	13	217	47	19	60	566
ATOH1	114	22	1	2	0	1	38	11
SMARCAD1	796	468	122	330	54	25	1172	412
HPGDS	0	0	0	1	0	0	0	0
PDLIM5	649	533	334	557	35	32	861	435
BMPR1B	64	209	5	71	10	33	40	110
UNC5C	25	72	21	81	2	14	54	33
PDHA2	0	0	0	0	0	0	0	0
STPG2	10	140	0	55	17	5	13	124
RAP1GDS1	436	498	92	353	51	17	753	414
TSPAN5	1101	966	151	1119	126	32	1760	791
EIF4E	702	641	134	505	56	30	1337	449
METAP1	525	258	122	189	22	9	973	191
ADH5	5250	1479	1025	1288	113	47	9938	1167
ADH4	7	12	1	5	1	0	21	2
ADH6	1	2	0	0	0	0	4	1
ADH1A	0	0	0	0	0	0	0	0
ADH1B	0	0	0	0	0	0	0	0
ADH1C	0	0	0	0	0	0	1	0
ADH7	0	0	0	0	0	0	0	0
C4orf17	22	23	0	34	10	0	73	31
TRMT10A	226	68	50	55	4	9	385	40
MTTP	1420	786	0	648	97	16	4678	523
C4orf54	1	0	0	0	0	0	1	0
DAPP1	8	0	37	0	0	0	2	0
LAMTOR3	699	146	302	167	16	8	1210	114
DNAJB14	623	481	214	341	41	25	1313	360
H2AFZ	24242	4234	5097	3205	415	184	36414	3501
DDIT4L	74	15	18	9	0	1	111	21
EMCN	0	3	1	0	0	0	1	1
PPP3CA	545	510	387	432	45	31	754	412
BANK1	23	6	36	8	1	1	18	3
SLC39A8	510	157	93	167	16	7	653	271
NFKB1	158	101	52	123	16	5	329	61
MANBA	350	158	288	165	24	12	496	143
UBE2D3	3315	1126	1172	1004	115	49	5720	829
CISD2	1132	336	359	278	45	20	1862	284
SLC9B1	27	26	2	13	0	0	25	22
SLC9B2	86	63	4	72	6	0	149	40
BDH2	881	227	236	220	33	8	1680	171
CENPE	923	428	161	314	23	21	1410	283
TACR3	6	16	2	28	0	0	7	4
CXXC4	364	152	65	176	15	8	507	110
TET2	138	196	56	145	21	6	231	182
PPA2	1199	566	373	441	48	26	2183	472
ARHGEF38	5	20	18	10	1	1	24	8
INTS12	270	164	73	122	19	7	462	89
GSTCD	207	297	62	179	17	11	352	196
NPNT	80	66	41	64	1	3	126	35
TBCK	345	637	30	495	76	28	495	440
AIMP1	2022	541	433	489	47	23	4104	472
GIMD1	0	0	0	0	0	0	1	0
DKK2	1	5	2	3	0	3	3	3
PAPSS1	2290	760	320	438	71	30	3063	640
SGMS2	26	19	39	29	2	0	28	11
CYP2U1	44	14	22	2	2	0	71	3
HADH	940	261	277	226	24	4	2331	170
LEF1	148	236	39	156	15	13	351	94
RPL34	43705	10132	10256	10324	1210	452	90560	8428
OSTC	7629	2440	1393	2327	232	68	17358	1418
ETNPPL	22	2	0	2	1	0	35	4
COL25A1	17	32	6	35	2	2	24	25
SEC24B	151	330	49	248	32	16	334	314
MCUB	120	17	299	12	0	1	166	13
CASP6	1093	338	331	220	24	23	2358	200
PLA2G12A	282	402	59	298	43	14	688	282
CFI	16	38	0	16	1	0	45	3
GAR1	851	247	212	207	21	15	1527	176
RRH	7	2	1	2	0	0	8	5
LRIT3	11	2	0	3	1	0	16	4
EGF	36	49	7	62	4	7	27	48
ELOVL6	550	444	148	342	43	15	1109	373
ENPEP	33	40	34	34	6	1	62	19
PITX2	2341	695	67	900	130	14	5380	380
FAM241A	115	15	22	52	4	0	75	14
AP1AR	323	113	77	134	18	6	553	101
TIFA	162	46	46	32	3	0	303	9
ALPK1	5	4	11	3	0	1	7	3
NEUROG2	0	5	0	1	0	0	4	2
ZGRF1	134	92	39	65	7	5	239	76
LARP7	1362	422	414	327	40	20	2320	280
ANK2	155	804	22	1247	97	58	176	1622
CAMK2D	1759	2195	216	2662	283	84	3316	2456
ARSJ	16	8	13	13	0	0	26	5
UGT8	120	98	23	96	9	2	216	42
NDST4	4	22	3	19	1	8	6	20
MTRNR2L13	0	0	0	0	0	0	0	0
TRAM1L1	32	14	10	7	0	0	60	1
NDST3	29	20	29	20	1	8	31	13
PRSS12	151	23	168	10	0	1	111	13
METTL14	342	174	84	130	13	10	636	116
SEC24D	369	509	107	482	59	13	788	406
SYNPO2	12	4	14	2	0	0	23	2
MYOZ2	0	0	0	1	0	0	0	0
USP53	298	300	94	278	42	18	558	222
C4orf3	5950	1178	2373	1603	138	64	11413	1104
FABP2	0	0	0	0	0	0	0	0
PDE5A	182	320	22	381	23	9	260	220
MAD2L1	2245	456	397	276	40	23	3895	325
PRDM5	117	213	35	152	22	12	241	145
NDNF	135	42	10	58	14	0	251	74
TNIP3	11	4	3	1	2	0	13	2
QRFPR	2	4	1	1	0	0	2	0
ANXA5	5561	1714	2624	1750	196	51	10935	828
TMEM155	0	2	3	0	0	0	3	0
EXOSC9	898	169	162	125	14	7	1290	157
CCNA2	970	273	166	111	20	5	1595	167
BBS7	374	155	121	107	19	9	631	87
TRPC3	7	33	0	10	0	1	6	3
KIAA1109	421	477	117	331	40	13	834	353
ADAD1	0	4	0	3	0	0	2	4
IL2	0	0	0	0	0	0	0	0
IL21	0	0	0	0	0	0	1	0
BBS12	74	24	27	20	0	2	119	15
FGF2	129	63	101	50	7	3	239	37
NUDT6	198	68	31	36	4	5	365	28
SPATA5	131	362	38	263	30	5	236	334
SPRY1	678	262	104	157	21	10	1785	143
ANKRD50	201	80	129	84	11	6	367	91
FAT4	7	38	5	29	2	2	35	21
INTU	331	153	92	118	19	7	520	115
SLC25A31	0	1	0	0	0	0	0	6
HSPA4L	55	25	64	26	4	2	104	31
PLK4	154	64	29	41	4	5	238	48
MFSD8	264	149	80	110	18	3	434	128
ABHD18	151	175	44	162	25	8	284	160
LARP1B	488	393	97	352	47	7	870	387
PGRMC2	1404	461	385	389	41	18	2660	400
JADE1	967	347	138	196	32	24	1602	289
SCLT1	254	316	59	235	40	10	499	184
C4orf33	122	62	41	22	2	1	251	18
PCDH10	496	112	30	165	18	5	726	127
PABPC4L	71	19	14	29	4	0	132	27
PCDH18	115	44	34	36	1	1	207	18
SLC7A11	211	169	70	148	4	14	269	202
NOCT	52	83	34	66	5	3	75	92
ELF2	730	863	144	621	93	32	1338	831
MGARP	19	2	2	4	0	0	27	1
NDUFC1	3032	584	655	534	83	33	5234	477
NAA15	975	389	237	333	46	16	1742	385
RAB33B	102	51	40	51	3	2	223	42
SETD7	98	37	81	115	3	6	114	46
MGST2	3942	1457	169	1755	156	64	8216	1396
MAML3	356	2762	64	1547	155	176	509	2466
SCOC	1764	546	565	406	41	24	3121	391
CLGN	64	16	6	11	5	0	106	7
MGAT4D	0	0	0	0	0	0	0	0
ELMOD2	482	232	94	172	15	12	928	166
UCP1	5	6	0	5	0	0	19	5
TBC1D9	118	107	90	77	10	5	133	91
RNF150	45	213	4	139	26	8	65	194
ZNF330	591	142	151	118	18	15	1001	117
IL15	30	115	5	34	2	11	56	17
INPP4B	10	82	9	119	4	2	39	69
USP38	178	85	55	100	12	3	270	79
GAB1	175	710	78	457	55	25	450	390
SMARCA5	2935	922	580	695	70	45	4915	684
FREM3	2	5	0	9	0	0	2	2
GYPE	11	6	1	5	2	0	35	11
GYPB	18	0	0	1	0	0	17	3
GYPA	1	0	0	0	0	0	1	0
HHIP	74	38	1	57	3	0	175	31
ANAPC10	557	334	132	254	29	18	1150	296
ABCE1	975	337	231	273	29	9	1910	265
OTUD4	259	106	75	76	14	1	413	94
SMAD1	261	182	115	120	14	6	511	123
MMAA	36	21	10	33	3	1	125	17
C4orf51	1	9	0	6	1	0	1	8
ZNF827	476	480	147	482	45	20	886	418
LSM6	2421	535	450	454	43	21	4038	366
REELD1	0	0	0	0	0	0	1	3
SLC10A7	39	102	5	70	6	8	82	83
POU4F2	4	0	0	0	0	0	0	0
TTC29	216	154	6	348	23	0	208	351
EDNRA	90	95	3	86	17	6	119	77
TMEM184C	205	106	70	87	14	8	329	74
PRMT9	178	110	42	72	7	1	281	54
ARHGAP10	414	656	191	527	77	42	859	313
NR3C2	4	38	2	51	6	0	7	26
IQCM	2	16	0	7	1	1	1	23
DCLK2	12	14	23	18	2	0	18	16
LRBA	569	1626	128	1210	186	86	882	1351
MAB21L2	1	0	5	1	0	0	8	0
RPS3A	53151	23122	13183	17477	2164	1039	125943	16033
SH3D19	505	2049	110	1663	175	71	909	1457
PRSS48	2	72	0	55	10	4	6	47
FAM160A1	66	413	28	263	26	24	69	166
GATB	160	105	83	59	10	1	321	64
FBXW7	357	496	107	374	40	22	672	353
TMEM154	78	15	63	8	1	1	94	5
TIGD4	34	20	6	21	0	1	54	17
ARFIP1	437	399	132	311	44	27	766	283
FHDC1	113	83	60	50	3	3	205	48
TRIM2	237	257	102	265	15	14	397	192
MND1	597	164	87	119	18	9	876	121
TMEM131L	60	89	16	62	3	2	70	63
TLR2	3	11	2	8	1	0	26	5
RNF175	42	27	22	29	0	1	63	16
SFRP2	295	114	635	77	5	4	466	87
DCHS2	1	4	0	6	0	0	4	2
PLRG1	1327	287	234	264	32	20	1943	273
FGB	10550	2662	15	5738	343	11	24369	1240
FGA	4495	1011	1	1598	46	4	11848	459
FGG	4675	644	5	975	25	3	15329	340
LRAT	135	76	17	116	21	5	430	31
RBM46	28	5	3	3	0	1	330	7
NPY2R	6	1	0	1	0	1	1	0
MAP9	618	139	232	135	16	7	1038	139
GUCY1A1	84	47	68	17	6	7	114	21
GUCY1B1	39	12	49	10	0	1	98	10
ASIC5	0	0	0	0	0	0	0	0
TDO2	10	77	1	55	3	0	46	46
CTSO	1	29	0	18	0	1	3	10
PDGFC	158	385	151	265	39	15	365	173
GLRB	41	22	10	19	0	0	61	6
GRIA2	0	5	1	0	0	1	7	1
GASK1B	609	670	17	258	42	49	1385	179
TMEM144	398	197	55	153	15	9	725	137
RXFP1	0	1	0	0	0	0	1	2
C4orf46	274	57	48	47	5	1	443	43
ETFDH	140	62	53	58	6	1	231	45
PPID	1401	472	295	391	38	17	2737	325
FNIP2	337	162	168	138	17	19	576	92
C4orf45	0	11	0	10	3	1	3	4
RAPGEF2	291	706	72	565	72	40	585	642
FSTL5	3	80	0	12	1	1	3	24
NAF1	250	162	47	125	14	8	511	105
NPY1R	23	9	9	11	1	1	55	6
NPY5R	4	0	1	0	0	0	1	0
TKTL2	0	0	0	0	0	0	0	0
TMA16	812	272	141	166	27	12	1581	244
MARCH1	79	565	3	540	65	36	181	215
SMIM31	1	12	0	9	4	0	3	7
APELA	523	408	24	109	23	21	2246	160
TRIM61	58	30	46	5	8	3	1	0
FAM218A	27	17	13	12	1	0	9	1
TRIM60	8	0	1	8	0	0	18	1
TRIM75P	0	1	0	1	0	0	1	0
TMEM192	486	177	117	129	12	6	934	115
KLHL2	143	158	37	100	15	9	217	123
GK3P	0	0	0	0	0	0	0	0
MSMO1	4418	1974	242	1991	133	38	11115	1060
CPE	1123	238	610	435	38	10	1765	323
TLL1	7	38	3	45	1	2	13	9
SPOCK3	29	19	1	25	1	7	27	79
ANXA10	0	0	0	0	0	0	0	0
DDX60	12	2	24	4	0	0	25	3
DDX60L	9	7	38	6	0	1	26	3
PALLD	648	576	450	423	29	55	863	220
CBR4	701	466	155	287	21	24	1122	354
SH3RF1	257	397	90	414	33	25	415	391
NEK1	247	295	96	178	25	10	458	164
CLCN3	564	360	242	258	18	15	986	205
HPF1	1193	318	302	281	38	14	2654	248
MFAP3L	28	17	44	23	2	0	67	17
AADAT	420	188	64	151	19	4	773	218
GALNTL6	3	20	0	17	2	0	8	22
GALNT7	722	554	208	380	47	23	1347	414
HMGB2	6448	1536	825	789	136	75	10371	930
SAP30	584	66	209	62	6	4	869	84
SCRG1	26	8	7	8	0	1	50	8
HAND2	7	1	1	1	0	0	38	0
FBXO8	156	38	58	26	3	2	262	24
CEP44	235	130	40	75	8	2	380	73
HPGD	1154	421	262	288	43	8	2466	62
GLRA3	2	2	1	1	0	0	2	1
ADAM29	0	1	0	2	0	0	3	0
GPM6A	76	186	13	103	13	2	85	122
WDR17	14	22	3	9	2	1	21	13
SPATA4	1	0	2	0	0	0	7	1
ASB5	3	1	0	2	0	0	9	22
SPCS3	1537	486	450	376	43	16	2810	355
VEGFC	20	7	8	10	0	1	44	5
NEIL3	73	61	7	23	8	3	65	35
AGA	188	38	59	22	2	1	355	31
TENM3	266	1129	167	871	138	59	385	596
DCTD	895	280	202	190	28	9	1461	209
WWC2	756	1060	116	981	128	88	1339	1119
CLDN22	2	0	0	0	0	0	2	1
CLDN24	0	0	0	0	0	0	0	0
CDKN2AIP	432	122	185	81	14	4	847	94
ING2	853	172	206	176	23	8	1582	160
RWDD4	555	196	172	171	25	10	934	160
TRAPPC11	323	233	89	105	14	12	538	108
STOX2	68	68	36	36	10	3	97	76
ENPP6	2	0	1	4	0	0	5	4
IRF2	180	98	70	63	15	4	365	59
CASP3	675	197	272	165	15	17	1197	172
PRIMPOL	98	71	28	41	6	7	141	48
CENPU	884	265	146	138	35	10	1368	203
ACSL1	158	34	62	51	5	0	239	44
HELT	1	0	0	0	0	0	1	0
SLC25A4	1200	202	729	238	22	13	1908	234
CFAP97	734	255	154	83	10	15	1486	174
SNX25	100	255	34	188	44	13	156	278
LRP2BP	11	9	2	15	4	0	26	28
ANKRD37	163	34	75	29	3	1	494	59
UFSP2	418	123	134	147	7	2	855	104
C4orf47	54	42	5	39	6	3	100	47
CCDC110	6	1	5	1	0	1	11	4
PDLIM3	55	16	85	38	3	2	65	7
SORBS2	255	362	32	267	63	24	541	320
TLR3	4	0	13	0	0	0	15	1
FAM149A	10	8	8	9	1	0	15	5
CYP4V2	6	14	2	18	4	0	18	12
KLKB1	70	4	3	55	0	0	33	100
F11	0	1	0	1	0	0	1	1
MTNR1A	0	1	0	6	1	0	2	2
FAT1	533	275	246	196	45	28	1067	246
ZFP42	344	70	214	142	11	11	1415	23
TRIML2	124	6	117	8	0	1	262	5
TRIML1	3	0	6	0	0	0	4	0
FRG1	729	245	182	193	32	9	1110	197
FRG2	0	0	0	0	0	0	0	0
DUX4	0	0	1	0	0	0	0	0
PLEKHG4B	209	233	75	67	25	10	444	139
LRRC14B	1	0	0	0	1	0	2	0
CCDC127	504	138	134	98	16	5	740	114
SDHA	520	184	144	178	14	5	1040	148
PDCD6	104	687	28	644	79	31	134	533
AHRR	3	6	2	12	0	0	8	8
EXOC3	295	81	100	76	9	3	395	67
SLC9A3	106	7	35	3	1	0	234	7
CEP72	93	60	14	25	5	1	150	27
TPPP	4	1	2	2	0	0	5	3
ZDHHC11B	4	1	1	0	0	0	9	1
AC026740.3	0	0	0	0	0	0	0	0
ZDHHC11	25	29	7	28	2	0	40	24
BRD9	671	213	116	141	13	11	1124	192
TRIP13	276	48	62	39	3	3	433	33
NKD2	0	12	0	5	0	2	0	12
SLC12A7	1	137	0	82	14	0	5	69
SLC6A19	24	8	0	20	1	0	40	16
SLC6A18	0	0	0	0	0	0	0	0
TERT	18	7	5	2	1	1	33	20
CLPTM1L	1084	227	283	224	32	10	1882	172
SLC6A3	0	5	0	15	1	0	0	1
LPCAT1	49	112	17	85	8	3	73	62
MRPL36	1501	320	503	320	38	13	2765	245
NDUFS6	6514	1349	1713	1106	173	65	11029	1220
IRX4	14	0	65	1	1	1	20	5
IRX2	24	73	347	21	4	11	1329	66
C5orf38	5	18	159	8	3	1	242	12
IRX1	19	69	51	29	12	0	404	71
ADAMTS16	22	53	2	36	4	3	37	55
ICE1	550	291	144	237	27	17	1059	220
MED10	1338	321	438	261	44	18	2344	253
UBE2QL1	8	1	4	2	1	0	8	2
NSUN2	370	145	97	128	17	7	609	95
SRD5A1	170	59	53	64	3	3	310	51
TENT4A	140	142	32	145	15	8	244	129
ADCY2	83	194	7	507	16	4	115	405
C5orf49	11	5	15	3	0	0	33	7
MTRR	116	97	37	77	9	3	306	53
FASTKD3	74	18	40	20	0	1	184	16
SEMA5A	391	507	106	572	49	29	528	861
TAS2R1	3	0	0	1	0	0	8	1
ATPSCKMT	186	94	42	75	10	5	326	79
CCT5	5693	1365	1258	988	124	55	9536	1056
CMBL	388	225	53	216	21	9	631	128
MARCH6	1010	581	219	424	49	25	1702	412
ROPN1L	1	3	2	1	1	0	5	7
ANKRD33B	42	64	17	65	0	8	48	64
DAP	803	419	251	376	42	23	1519	336
CTNND2	246	647	26	803	113	12	309	620
DNAH5	10	13	7	3	3	4	23	2
TRIO	326	921	111	774	91	60	449	748
OTULINL	135	45	31	25	4	2	109	20
OTULIN	388	192	57	132	13	5	747	119
ANKH	172	123	46	112	10	5	283	101
FBXL7	34	234	19	214	23	11	54	254
MARCH11	125	49	0	65	3	5	133	47
ZNF622	702	179	216	193	17	12	1274	137
RETREG1	110	87	45	48	6	5	222	30
MYO10	686	600	240	542	79	37	1021	611
BASP1	4988	1134	1671	1387	128	82	9202	747
LINC02218	0	0	0	0	0	0	0	1
AC106774.4	0	0	0	0	0	0	1	0
TAF11L2	0	0	0	0	0	0	0	0
TAF11L3	0	0	0	0	0	0	0	0
TAF11L4	0	0	0	0	0	0	0	0
TAF11L5	0	0	0	0	0	0	0	0
TAF11L6	0	0	0	0	0	0	0	0
TAF11L7	0	0	0	0	0	0	0	0
TAF11L8	0	0	0	0	0	0	0	0
TAF11L9	0	0	0	0	0	0	0	0
TAF11L10	0	0	0	0	0	0	0	0
TAF11L11	0	0	0	0	0	0	0	0
TAF11L12	0	0	0	0	0	0	0	0
TAF11L13	0	0	0	0	0	0	0	0
TAF11L14	0	0	0	0	0	0	0	0
H3.Y	4	0	0	0	0	0	0	1
CDH18	3	23	4	47	9	3	13	11
CDH12	136	483	1	93	96	9	233	392
PRDM9	1	1	0	0	0	0	0	1
CDH10	73	43	27	27	6	1	120	31
CDH9	3	21	1	8	1	1	1	11
CDH6	483	598	26	215	53	16	762	236
DROSHA	319	194	76	176	21	11	643	174
C5orf22	141	109	36	56	9	6	270	56
PDZD2	19	136	10	79	9	7	40	127
GOLPH3	682	500	209	460	50	20	1296	352
MTMR12	158	162	40	131	16	7	232	126
ZFR	1173	832	311	751	96	41	1989	637
SUB1	10012	2048	2421	2143	213	74	17669	1703
NPR3	31	10	14	3	1	0	20	5
TARS	1027	360	318	322	36	14	1758	275
ADAMTS12	204	683	16	782	89	37	387	549
RXFP3	0	0	0	0	0	0	0	0
SLC45A2	0	5	0	1	0	0	1	7
AMACR	31	105	1	55	5	9	67	48
C1QTNF3	15	16	2	4	2	0	59	19
RAI14	528	430	308	321	43	23	847	254
TTC23L	2	19	3	10	0	1	7	11
RAD1	575	101	212	83	17	10	965	81
BRIX1	1387	291	359	213	38	11	2248	221
DNAJC21	1445	398	559	288	45	12	2163	277
AGXT2	58	35	0	12	3	1	94	29
PRLR	43	27	83	29	0	0	83	20
SPEF2	43	29	9	22	3	2	65	23
IL7R	6	0	0	6	0	0	4	2
CAPSL	3	3	1	0	0	0	11	2
UGT3A1	304	137	7	137	7	1	660	99
UGT3A2	196	30	21	45	1	1	297	35
LMBRD2	79	55	29	59	5	2	175	32
SKP2	549	168	135	151	20	5	1025	134
NADK2	273	145	49	200	8	11	750	123
RANBP3L	1	5	0	3	0	0	3	0
SLC1A3	131	84	66	86	5	4	230	59
NIPBL	1393	1018	328	839	93	51	2433	747
CPLANE1	242	242	85	183	19	9	509	188
NUP155	445	164	62	129	14	10	706	157
WDR70	382	522	90	399	54	34	709	441
GDNF	18	4	8	12	0	0	34	3
EGFLAM	261	270	1	293	38	12	297	444
LIFR	658	1021	46	981	102	39	1939	688
OSMR	10	1	9	5	0	0	10	1
RICTOR	239	242	57	210	34	7	509	218
FYB1	9	0	13	0	0	0	0	1
C9	1	4	0	4	0	1	1	8
DAB2	512	352	48	325	28	13	1529	130
TTC33	156	103	34	69	6	1	315	103
PTGER4	6	0	0	1	0	0	7	0
PRKAA1	276	181	63	168	14	11	524	149
RPL37	50953	8565	11598	8478	974	468	99644	7236
CARD6	7	6	7	8	0	0	13	1
C7	11	5	0	9	0	0	22	3
MROH2B	0	0	0	0	0	0	0	0
C6	14	11	0	5	0	0	19	5
PLCXD3	254	299	99	240	17	2	477	391
OXCT1	326	138	96	88	12	6	453	118
C5orf51	276	90	87	129	10	0	524	78
FBXO4	78	35	22	29	4	0	163	13
GHR	134	773	5	999	144	23	161	513
CCDC152	110	47	76	27	2	4	290	71
SELENOP	3586	1228	461	1192	66	27	6690	894
ANXA2R	13	5	1	4	3	0	13	3
ZNF131	694	433	121	306	32	23	1272	334
NIM1K	1	3	0	7	0	0	2	7
HMGCS1	1798	1080	183	1157	97	27	4103	617
CCL28	30	4	32	3	1	0	48	9
TMEM267	122	119	42	71	2	4	232	87
C5orf34	79	43	21	29	5	1	147	25
PAIP1	926	506	231	425	47	18	1433	407
NNT	188	83	85	75	11	5	351	55
FGF10	20	18	1	9	1	0	40	13
MRPS30	809	199	208	169	23	11	1564	149
HCN1	56	25	0	116	8	5	34	121
EMB	314	115	165	90	19	5	530	160
PARP8	105	170	93	96	11	9	205	137
ISL1	606	76	103	27	5	6	592	124
ITGA1	20	15	6	23	3	0	26	6
PELO	416	111	154	106	9	2	638	83
ITGA2	39	30	232	22	3	1	95	8
MOCS2	686	192	156	138	11	14	1237	112
FST	6415	683	377	493	140	39	7722	912
NDUFS4	2419	669	608	565	61	38	4426	514
ARL15	174	1201	65	1023	133	61	307	964
HSPB3	0	0	0	0	0	0	0	0
SNX18	186	64	70	48	7	4	358	45
ESM1	5	2	3	0	0	0	8	0
GZMK	65	14	2	11	4	0	163	8
GZMA	0	0	0	0	0	0	0	0
CDC20B	28	35	15	18	1	0	107	3
GPX8	884	351	345	275	26	16	2393	264
MCIDAS	1	1	0	0	0	0	0	0
CCNO	33	12	20	1	4	0	37	15
DHX29	1103	322	316	315	39	17	1920	222
MTREX	518	400	118	317	39	23	812	257
PLPP1	358	574	245	366	42	31	538	401
SLC38A9	209	252	95	200	26	6	401	192
DDX4	0	1	0	3	0	0	1	1
IL31RA	1	1	1	0	0	0	0	2
IL6ST	484	479	69	510	49	21	1209	253
ANKRD55	3	109	0	69	9	3	10	57
C5orf67	0	5	0	7	0	1	0	2
MAP3K1	244	279	69	206	26	7	631	145
SETD9	228	52	28	33	6	7	166	25
MIER3	219	131	42	105	9	4	416	98
GPBP1	1967	847	402	714	74	42	3526	669
ACTBL2	0	0	2	0	0	0	0	0
PLK2	2009	254	621	265	36	17	1857	210
GAPT	1	1	1	0	0	0	3	0
RAB3C	88	37	3	45	3	3	178	31
PDE4D	72	428	48	415	61	32	139	368
DEPDC1B	438	306	62	208	20	18	713	194
ELOVL7	32	84	21	67	8	4	65	37
ERCC8	185	294	45	214	32	17	367	213
NDUFAF2	607	337	143	343	44	21	1156	272
SMIM15	1086	266	254	202	34	10	1862	199
ZSWIM6	324	848	79	524	82	43	410	721
KIF2A	950	597	215	492	74	35	1735	484
DIMT1	654	183	145	165	29	7	1079	136
IPO11	180	142	37	132	12	3	285	127
LRRC70	0	0	0	0	0	0	0	0
HTR1A	0	0	0	0	1	0	0	0
RNF180	76	97	24	97	17	1	133	101
RGS7BP	11	12	0	16	1	0	18	14
SHISAL2B	573	74	18	177	19	5	862	141
SREK1IP1	1149	446	276	218	44	20	2235	384
CWC27	1272	610	246	445	53	26	2107	541
ADAMTS6	223	186	157	181	16	6	319	121
CENPK	754	343	220	156	31	15	1243	283
PPWD1	373	184	66	155	26	10	670	126
TRIM23	196	104	53	78	14	2	368	63
SHLD3	58	15	18	11	1	0	154	8
TRAPPC13	224	166	57	130	16	14	368	94
SGTB	223	136	52	82	7	10	360	82
NLN	776	459	146	244	33	26	1445	383
ERBIN	460	974	164	776	94	25	963	705
SREK1	1541	501	348	380	47	29	2708	361
MAST4	146	317	103	335	51	16	247	289
CD180	0	0	0	0	0	0	1	0
PIK3R1	1054	521	249	391	50	44	1840	364
SLC30A5	506	282	127	243	29	12	923	190
CCNB1	2303	606	534	380	35	30	3475	367
CENPH	1190	278	197	151	17	14	1829	228
MRPS36	1339	442	309	449	64	25	2734	383
CDK7	286	198	97	158	15	7	452	137
CCDC125	134	102	12	18	47	9	285	122
AK6	44	320	13	338	36	14	91	241
TAF9	1	461	0	504	57	12	8	405
RAD17	142	186	32	157	18	7	286	153
MARVELD2	174	147	79	145	17	7	282	145
OCLN	82	424	18	375	52	24	171	332
GTF2H2C	49	58	8	44	8	0	61	38
SERF1B	0	2	0	1	0	0	0	5
SMN2	0	14	0	11	0	3	0	4
SERF1A	0	12	0	2	1	0	0	4
SMN1	49	40	12	19	5	1	86	12
NAIP	1	19	0	12	3	3	2	28
GTF2H2	89	91	11	82	14	5	154	84
BDP1	373	372	112	307	43	23	627	308
MCCC2	358	186	115	166	17	6	709	156
CARTPT	1	0	1	0	0	0	0	0
MAP1B	2540	710	1119	640	59	77	4102	654
MRPS27	585	318	146	194	25	10	1328	233
PTCD2	123	39	42	28	4	3	225	24
ZNF366	1	0	1	0	0	0	1	5
TNPO1	1300	644	373	546	52	28	2351	450
FCHO2	202	276	93	230	32	13	423	218
TMEM171	6	2	1	4	0	1	24	2
TMEM174	0	0	0	0	0	0	0	0
FOXD1	45	52	3	14	0	5	160	2
BTF3	18862	4829	4526	4187	440	197	33825	3725
ANKRA2	206	55	60	56	12	4	320	41
UTP15	194	43	51	47	8	2	318	35
ARHGEF28	16	30	2	29	0	2	15	14
ENC1	693	169	439	219	12	6	779	92
HEXB	815	143	393	228	30	9	1338	123
GFM2	340	137	57	115	16	9	522	98
NSA2	2892	861	920	899	84	49	6709	908
FAM169A	246	498	78	290	46	11	431	374
GCNT4	14	4	24	20	2	0	8	2
ANKRD31	5	8	3	6	0	1	15	3
HMGCR	1136	524	132	536	62	24	2243	345
CERT1	876	574	230	428	45	24	1540	429
POLK	276	159	73	77	14	5	459	80
ANKDD1B	68	120	5	146	14	4	127	83
POC5	146	75	45	44	9	3	223	54
SV2C	5	33	2	33	3	1	2	18
IQGAP2	670	581	48	720	72	12	1307	408
F2RL2	1	2	2	2	0	1	1	2
F2R	464	97	74	66	9	3	738	102
F2RL1	307	89	145	143	8	2	456	33
S100Z	92	70	3	174	10	2	80	296
CRHBP	42	66	1	54	15	3	33	69
AGGF1	150	162	70	159	21	11	380	176
ZBED3	453	175	50	113	23	7	983	95
PDE8B	6	39	1	11	4	0	14	33
WDR41	573	228	142	171	21	12	1073	167
OTP	0	0	0	0	0	0	0	0
TBCA	7520	2172	1749	2370	257	79	14732	1890
AP3B1	888	894	198	749	83	46	1455	721
SCAMP1	595	225	103	236	21	12	1042	195
LHFPL2	519	857	78	900	97	36	836	804
ARSB	120	147	24	133	18	7	187	126
DMGDH	13	42	3	22	5	1	11	25
BHMT2	3	1	1	1	0	0	12	0
BHMT	17	7	5	52	1	1	119	8
JMY	267	116	51	84	10	10	372	95
HOMER1	363	358	121	305	40	17	631	244
TENT2	286	489	119	367	55	28	608	338
CMYA5	34	21	55	13	2	0	74	26
MTX3	196	105	56	47	5	5	395	70
THBS4	51	52	4	24	0	1	68	41
SERINC5	1508	2089	277	845	159	119	2007	1267
SPZ1	0	0	0	0	0	0	0	0
ZFYVE16	721	470	192	340	52	29	1480	285
FAM151B	12	29	8	20	2	1	20	27
ANKRD34B	0	1	8	3	0	0	2	0
DHFR	293	246	61	181	26	15	400	148
MSH3	437	342	80	249	33	16	638	347
RASGRF2	14	24	10	72	2	4	67	60
CKMT2	21	18	31	23	2	1	29	17
ZCCHC9	846	295	181	236	30	20	1521	223
ACOT12	8	17	0	5	2	0	12	8
SSBP2	327	466	284	274	37	19	619	331
ATG10	462	369	106	395	26	22	811	360
RPS23	68804	20158	17384	17229	1960	988	136962	15910
ATP6AP1L	68	48	11	17	1	1	111	30
TMEM167A	2815	904	748	850	103	37	5303	680
XRCC4	364	244	91	222	33	8	660	229
VCAN	7118	3632	273	3997	416	169	14587	2521
HAPLN1	771	37	1149	24	8	6	3270	21
EDIL3	55	57	32	33	4	7	96	31
COX7C	17636	3282	4557	3041	357	170	32287	3066
RASA1	332	442	120	298	38	21	518	374
CCNH	497	431	135	290	34	14	961	286
TMEM161B	172	145	62	107	10	8	371	120
MEF2C	52	120	14	60	19	2	242	103
CETN3	534	144	155	90	8	3	945	87
MBLAC2	59	22	14	10	2	0	66	18
POLR3G	118	58	33	24	7	5	194	31
LYSMD3	221	131	47	119	13	9	423	90
ADGRV1	521	1074	74	372	108	56	832	1316
ARRDC3	276	238	108	40	6	10	599	65
NR2F1	200	114	146	71	6	2	279	55
FAM172A	273	493	68	408	47	22	461	406
POU5F2	48	6	7	6	1	0	79	7
KIAA0825	40	133	12	119	16	4	52	103
SLF1	514	220	67	138	26	16	766	226
MCTP1	13	77	10	74	7	1	42	66
FAM81B	3	1	2	3	0	0	3	4
TTC37	791	408	234	389	38	22	1612	316
ARSK	233	99	66	74	11	4	409	76
GPR150	3	1	1	0	0	0	5	0
RFESD	66	15	11	6	1	1	132	13
SPATA9	16	4	4	6	0	0	28	22
RHOBTB3	3381	656	1016	775	72	43	5044	1405
GLRX	1384	381	187	380	29	12	1710	333
ELL2	400	532	80	553	54	26	500	399
PCSK1	3	10	2	4	0	0	14	7
CAST	991	259	1642	230	24	19	2020	115
ERAP1	29	26	33	23	5	1	82	14
ERAP2	0	1	3	1	0	0	6	2
LNPEP	253	166	75	159	14	7	408	137
LIX1	129	72	96	72	4	4	302	31
RIOK2	565	203	116	151	23	11	1055	127
RGMB	374	133	28	142	19	18	653	161
CHD1	1285	513	241	391	44	35	2031	446
FAM174A	312	84	111	73	7	3	491	72
ST8SIA4	206	143	43	126	33	14	375	200
SLCO4C1	62	68	4	114	11	2	198	66
SLCO6A1	10	43	1	85	22	2	21	27
PAM	379	398	227	490	45	23	339	303
GIN1	111	44	22	20	3	3	217	40
PPIP5K2	547	259	142	290	23	12	886	229
C5orf30	327	62	199	51	6	0	572	51
NUDT12	196	57	38	43	4	3	239	45
EFNA5	852	1920	210	1656	205	78	1205	1466
FBXL17	122	604	43	576	69	34	189	499
FER	216	601	63	564	77	17	424	416
PJA2	850	508	257	455	51	18	1717	309
MAN2A1	574	355	221	337	37	17	1085	340
TMEM232	24	79	5	44	8	3	21	60
SLC25A46	236	138	107	95	13	8	452	83
TSLP	10	2	1	3	0	0	14	1
WDR36	296	155	66	114	9	2	656	107
CAMK4	32	12	12	9	2	0	29	14
STARD4	327	113	73	172	15	5	728	82
NREP	2352	743	414	641	53	33	4013	557
EPB41L4A	195	275	85	294	24	15	302	332
APC	578	421	101	374	36	21	915	506
SRP19	1908	717	589	678	81	33	3565	575
REEP5	1735	497	997	461	42	30	3195	354
DCP2	1018	426	248	280	27	21	1819	296
MCC	671	929	27	814	101	26	841	984
TSSK1B	0	0	0	0	0	0	1	0
YTHDC2	406	235	91	193	25	15	620	185
KCNN2	73	83	8	107	6	4	167	58
TRIM36	54	39	12	15	2	3	57	46
PGGT1B	381	126	92	99	13	11	672	133
CCDC112	262	108	87	96	14	13	536	61
FEM1C	95	68	31	54	4	3	220	73
TICAM2	0	24	0	10	4	2	1	30
TMED7	696	256	216	272	26	10	1421	193
CDO1	171	68	118	54	7	3	550	45
ATG12	1139	306	345	337	21	16	2229	258
AP3S1	1601	502	400	491	42	30	2893	407
LVRN	1	4	1	2	1	0	7	0
ARL14EPL	0	0	0	1	0	0	0	0
COMMD10	653	594	204	521	56	33	1290	502
SEMA6A	1875	950	653	1191	97	55	2228	713
DTWD2	131	143	28	161	15	6	284	150
DMXL1	245	370	65	428	51	24	468	346
TNFAIP8	625	244	134	185	21	16	799	236
HSD17B4	1654	602	237	575	49	31	3250	545
FAM170A	0	0	0	0	0	0	0	0
PRR16	6	12	1	23	0	2	13	1
FTMT	0	0	0	0	0	0	0	0
SRFBP1	658	253	174	207	24	13	1363	253
LOX	133	28	8	33	0	0	169	12
ZNF474	0	0	0	0	0	0	0	0
AC010255.3	0	2	0	0	0	0	0	0
SNCAIP	32	43	10	8	1	2	22	10
SNX2	2005	587	882	697	57	24	3804	487
SNX24	663	422	204	348	27	12	1296	388
PPIC	1454	269	722	341	47	9	2297	222
PRDM6	2	9	0	8	1	0	2	1
CEP120	106	101	28	71	8	2	162	77
CSNK1G3	450	326	102	220	26	18	756	214
ZNF608	748	828	122	542	58	36	1059	619
GRAMD2B	74	89	107	49	10	3	190	47
ALDH7A1	1367	580	435	373	53	30	2814	471
PHAX	1268	310	334	269	43	18	2096	260
TEX43	0	0	0	1	0	0	0	2
LMNB1	1332	485	243	223	40	14	2294	355
MARCH3	42	27	6	31	2	3	50	54
C5orf63	101	62	36	3	10	1	122	29
MEGF10	16	27	12	28	1	1	35	32
PRRC1	494	249	136	266	25	7	915	184
CTXN3	0	0	0	0	0	1	1	0
CCDC192	4	14	2	13	3	0	8	19
SLC12A2	718	314	139	283	25	55	1295	152
FBN2	1100	1470	217	1495	87	70	1559	1438
SLC27A6	26	85	106	74	6	4	65	53
ISOC1	1039	187	182	168	10	7	1732	175
ADAMTS19	857	2747	80	1775	206	179	1898	1715
MINAR2	7	8	3	15	0	0	14	40
CHSY3	21	336	1	261	27	18	63	50
HINT1	19998	4627	5813	4216	505	264	39192	3573
LYRM7	241	76	57	44	7	1	498	45
CDC42SE2	422	411	137	307	36	22	814	329
RAPGEF6	108	442	24	335	43	26	182	407
FNIP1	413	509	176	699	43	19	728	355
MEIKIN	0	3	0	0	0	0	0	0
ACSL6	4	1	1	1	0	0	4	0
IL3	0	0	0	0	0	0	0	0
CSF2	0	0	0	0	0	0	0	0
P4HA2	414	104	107	141	10	8	823	120
PDLIM4	339	72	163	63	11	1	561	42
SLC22A4	2	9	3	9	0	1	4	3
SLC22A5	63	51	52	51	1	1	165	31
IRF1	45	14	54	6	1	0	53	14
IL5	0	0	0	0	0	0	0	0
RAD50	129	558	25	424	56	38	181	378
IL13	0	0	0	0	0	0	0	4
IL4	0	0	0	0	0	0	0	0
KIF3A	506	167	204	131	12	9	857	133
CCNI2	3	0	9	0	0	0	12	1
SEPTIN8	222	57	205	25	4	5	358	37
SOWAHA	22	3	18	1	0	0	68	0
SHROOM1	114	18	29	24	5	0	198	16
GDF9	2	0	1	2	0	0	1	5
UQCRQ	4152	737	1203	640	96	30	6627	561
LEAP2	255	191	12	183	9	0	666	179
AFF4	890	801	261	881	79	34	1573	633
ZCCHC10	715	222	143	223	29	26	1249	186
HSPA4	2582	861	612	669	61	27	4299	579
FSTL4	26	27	2	56	8	3	50	43
C5orf15	837	243	222	172	15	10	1362	140
VDAC1	5030	1383	1237	1278	171	67	10284	1133
TCF7	215	68	28	97	4	4	386	92
SKP1	8625	1987	2467	2064	212	84	15612	1673
PPP2CA	1612	586	505	448	56	32	2813	407
CDKL3	102	120	20	78	11	2	174	71
UBE2B	1236	488	725	464	48	24	2442	303
CDKN2AIPNL	916	282	179	202	27	17	1865	188
JADE2	51	25	58	28	4	1	121	8
SAR1B	820	313	254	252	33	15	1704	216
SEC24A	322	296	73	358	31	12	751	272
CAMLG	1115	333	438	287	29	16	2145	222
DDX46	3403	886	736	739	122	42	6433	753
C5orf24	918	234	206	163	23	12	1749	206
TXNDC15	481	125	106	130	22	1	880	112
PCBD2	208	163	36	157	25	8	324	154
CATSPER3	2	1	1	0	0	0	7	0
PITX1	725	208	8	610	39	5	1824	256
H2AFY	5511	1084	1155	1082	117	63	8238	976
DCANP1	0	0	0	0	0	0	0	0
TIFAB	0	0	0	0	0	0	0	0
NEUROG1	7	0	2	1	0	0	28	2
CXCL14	235	0	365	11	0	3	989	0
SLC25A48	5	13	3	15	2	0	7	3
IL9	0	0	0	0	0	0	0	0
LECT2	0	3	0	0	0	1	0	0
TGFBI	247	6	559	4	1	0	454	0
SMAD5	1445	608	228	489	57	24	2729	476
SMIM32	61	7	1	0	0	1	21	4
TRPC7	0	3	0	8	0	0	1	0
SPOCK1	209	75	52	75	13	9	226	128
KLHL3	56	61	10	36	1	2	133	47
HNRNPA0	4986	805	1188	736	104	52	8331	700
MYOT	0	3	0	1	0	0	1	3
PKD2L2	5	6	2	8	1	0	5	25
FAM13B	202	395	68	357	30	21	368	268
WNT8A	2	2	0	4	0	0	2	3
NME5	99	28	37	23	4	0	191	29
BRD8	551	139	114	94	18	8	810	123
KIF20A	287	89	32	36	9	1	427	38
CDC23	361	119	91	78	7	10	707	81
GFRA3	7	2	5	5	0	0	8	2
CDC25C	248	159	38	84	10	8	373	122
FAM53C	362	86	115	99	4	5	678	114
KDM3B	559	461	133	314	44	20	980	298
REEP2	129	39	36	15	1	1	249	33
EGR1	1715	182	524	385	22	11	3418	56
ETF1	1079	341	334	329	29	18	1747	304
HSPA9	2935	682	664	660	70	29	5064	580
CTNNA1	1983	1085	751	832	88	53	3674	876
LRRTM2	8	1	3	1	0	0	16	5
SIL1	395	337	157	303	33	9	659	222
MATR3	8	3	5	10	0	1	23	8
MATR3.1	125	75	14	52	8	1	195	40
PAIP2	2733	778	564	682	70	30	4896	674
SLC23A1	45	39	3	39	1	0	100	22
MZB1	4	0	0	3	0	0	2	2
PROB1	30	4	4	5	0	0	25	5
SPATA24	140	40	25	34	2	1	235	39
DNAJC18	219	67	42	52	12	4	472	74
ECSCR	4	0	2	3	0	0	6	3
SMIM33	1	0	0	0	0	0	0	0
TMEM173	2	0	3	1	0	0	4	0
UBE2D2	4077	1326	1173	1200	140	51	6883	1078
CXXC5	1991	479	646	405	53	16	3144	392
PSD2	1	1	0	0	0	0	3	0
NRG2	226	338	2	283	49	7	504	401
PURA	491	133	185	149	15	8	832	110
IGIP	10	2	2	3	1	0	21	7
CYSTM1	1108	396	653	397	39	24	2112	301
PFDN1	1221	377	501	288	34	18	2103	318
HBEGF	24	5	29	9	1	0	43	3
SLC4A9	2	1	1	0	0	0	5	2
ANKHD1	181	622	35	498	46	32	253	560
SRA1	1261	388	353	284	33	13	1556	322
EIF4EBP3	2	25	0	13	4	1	2	14
APBB3	63	10	27	10	0	0	74	7
SLC35A4	425	61	128	66	14	5	593	46
CD14	1	6	1	4	4	0	4	0
NDUFA2	3252	786	788	682	94	43	5819	572
TMCO6	68	31	19	9	4	1	112	17
IK	1700	426	481	333	40	28	2833	373
WDR55	332	77	83	55	8	2	542	49
DND1	3	5	1	1	0	0	14	1
HARS	735	183	263	127	16	12	1135	127
HARS2	226	92	56	59	6	1	314	44
ZMAT2	1553	415	408	349	46	18	2457	338
PCDHA1	3	0	1	0	0	1	5	5
PCDHA2	4	1	1	0	0	0	4	1
PCDHA3	2	3	2	1	0	0	6	0
PCDHA4	32	9	21	9	0	0	68	9
PCDHA5	20	1	2	4	1	0	15	5
PCDHA6	6	2	0	1	0	0	6	4
PCDHA7	17	1	2	5	0	0	26	1
PCDHA8	1	3	0	1	0	0	1	0
PCDHA9	23	12	12	7	0	0	72	12
PCDHA10	76	35	57	45	5	4	171	56
PCDHA11	10	1	2	2	0	0	8	6
PCDHA12	103	40	54	21	1	3	197	30
PCDHA13	3	2	5	3	2	1	6	5
PCDHAC1	7	1	6	2	0	0	10	1
PCDHAC2	2	0	11	0	0	0	8	0
PCDHB1	0	0	0	1	0	0	0	1
PCDHB2	202	26	84	30	7	3	387	53
PCDHB3	16	3	7	1	1	0	38	7
PCDHB4	10	3	4	1	0	0	23	3
PCDHB5	100	18	91	52	1	0	162	54
PCDHB6	3	0	0	0	0	0	0	1
PCDHB7	2	0	2	0	0	0	3	1
PCDHB8	3	0	2	0	0	0	5	0
PCDHB16	37	3	17	3	2	0	86	11
PCDHB9	28	5	15	0	0	0	47	8
PCDHB10	24	2	16	1	1	0	48	3
PCDHB11	11	1	7	2	3	0	18	2
PCDHB12	9	2	5	4	1	0	12	6
PCDHB13	19	4	15	4	0	0	43	3
PCDHB14	23	4	26	2	3	0	67	8
PCDHB15	41	3	33	9	0	0	84	8
TAF7	2091	456	575	488	45	27	3815	465
SLC25A2	0	0	0	1	0	0	0	0
PCDHGA1	2	0	5	2	0	0	6	8
PCDHGA2	2	1	1	0	0	0	2	1
PCDHGA3	1	1	0	0	0	0	3	0
PCDHGB1	1	0	1	0	0	0	4	0
PCDHGA4	1	0	1	1	0	0	0	0
PCDHGB2	1	0	0	0	0	0	1	0
PCDHGA5	6	3	1	1	0	0	9	1
PCDHGB3	0	0	0	0	0	0	0	0
PCDHGA6	3	1	2	0	0	0	10	2
PCDHGA7	2	0	1	0	0	0	6	0
PCDHGB4	3	2	0	1	0	0	1	1
PCDHGA8	11	0	3	3	0	1	16	4
PCDHGB5	5	0	0	0	0	0	5	0
PCDHGA9	4	0	1	2	0	0	5	1
PCDHGB6	68	20	20	9	1	2	87	11
PCDHGA10	59	29	54	24	1	5	195	36
PCDHGB7	25	9	7	5	0	0	70	3
PCDHGA11	9	2	2	2	0	0	6	1
PCDHGA12	3	0	1	1	0	0	7	5
PCDHGC3	4	7	6	3	0	0	20	3
PCDHGC4	1	0	0	0	0	0	3	1
PCDHGC5	0	0	0	0	0	0	0	0
DIAPH1	854	593	255	704	74	22	1621	434
HDAC3	982	270	215	215	20	12	1568	189
RELL2	16	4	35	3	0	0	30	1
FCHSD1	46	11	35	1	1	0	81	9
ARAP3	70	36	17	22	1	0	85	20
PCDH1	105	26	52	18	4	1	172	34
DELE1	357	146	78	119	14	9	529	71
PCDH12	0	1	0	0	0	0	1	2
RNF14	256	109	108	122	10	5	446	67
GNPDA1	1432	348	493	300	30	18	2706	316
NDFIP1	1542	533	539	466	60	23	2655	365
SPRY4	183	41	29	69	3	1	152	67
FGF1	1	7	8	9	0	0	6	12
ARHGAP26	427	881	29	987	172	37	721	898
NR3C1	142	40	118	72	3	2	131	83
HMHB1	0	0	0	0	0	0	0	0
YIPF5	1146	317	319	329	31	9	2169	288
KCTD16	19	31	8	17	2	3	19	31
PRELID2	385	367	45	334	30	24	529	485
GRXCR2	0	0	0	0	0	0	0	2
SH3RF2	111	110	31	108	10	6	104	102
PLAC8L1	9	3	0	6	1	0	15	13
LARS	1539	565	306	402	54	32	2934	424
RBM27	286	435	72	297	41	14	493	292
POU4F3	4	0	0	0	0	0	2	1
TCERG1	1391	570	306	457	60	33	2548	461
GPR151	1	0	0	0	0	0	0	0
PPP2R2B	47	108	54	81	7	2	101	147
STK32A	45	50	3	34	3	3	45	67
DPYSL3	1004	245	213	410	40	12	1778	200
JAKMIP2	43	62	13	38	5	2	70	42
SPINK1	198	31	8	36	1	0	581	19
SCGB3A2	137	4	134	20	2	1	212	21
C5orf46	8	0	34	1	0	0	4	1
SPINK5	80	123	88	78	3	11	145	148
SPINK14	0	1	0	0	0	0	0	0
SPINK6	0	0	0	0	0	0	4	1
MARCOL	0	1	0	0	0	0	1	2
SPINK13	2	1	1	0	0	0	4	0
SPINK7	0	0	0	0	0	0	0	0
SPINK9	0	3	0	2	0	0	2	2
FBXO38	201	166	60	145	18	5	294	129
HTR4	7	16	0	8	3	0	8	12
ADRB2	10	0	1	4	0	0	18	3
SH3TC2	6	1	6	2	0	0	4	0
ABLIM3	13	12	11	4	0	0	15	3
AFAP1L1	29	6	24	2	0	4	103	10
GRPEL2	130	48	20	30	8	4	212	26
PCYOX1L	49	16	17	3	0	4	69	7
IL17B	0	1	0	1	0	0	5	0
CSNK1A1	2471	976	854	828	88	61	4334	768
ARHGEF37	21	16	12	8	1	0	30	10
PPARGC1B	32	21	18	31	5	1	66	18
PDE6A	15	12	0	6	1	0	36	8
SLC26A2	330	135	73	116	17	6	635	66
TIGD6	49	11	17	9	2	1	80	6
HMGXB3	358	146	115	155	16	7	684	114
CSF1R	7	1	25	4	0	0	1	4
PDGFRB	24	13	6	4	0	0	30	2
CDX1	44	6	26	41	1	1	67	7
SLC6A7	0	0	1	2	0	0	0	0
CAMK2A	8	15	4	18	2	0	14	5
ARSI	23	20	58	29	1	1	43	10
TCOF1	1283	248	291	227	24	10	2218	198
CD74	410	118	137	108	10	2	855	43
RPS14	64156	18468	17606	14256	1957	823	133551	14458
NDST1	281	190	84	178	22	9	440	120
SYNPO	6	2	4	5	0	0	7	4
MYOZ3	66	10	9	6	0	0	157	9
RBM22	612	151	200	141	19	7	1048	131
DCTN4	308	242	92	169	30	12	518	171
SMIM3	157	35	88	22	2	6	286	30
IRGM	1	2	0	0	0	0	1	5
ZNF300	10	29	34	17	6	2	7	13
GPX3	485	106	61	109	10	5	848	79
TNIP1	462	87	143	88	10	8	645	92
ANXA6	2118	525	125	566	40	15	3666	521
CCDC69	65	25	103	22	1	0	117	14
GM2A	241	69	142	126	5	4	483	40
SLC36A3	0	0	0	2	0	0	0	0
SLC36A2	1	10	0	34	0	0	20	4
SLC36A1	147	174	33	191	12	3	392	86
FAT2	0	6	6	2	0	2	4	3
SPARC	5242	1183	1787	1626	136	54	11164	812
ATOX1	5259	1106	1245	1398	153	41	9929	864
G3BP1	2830	986	518	856	107	55	5320	776
GLRA1	0	2	0	6	2	0	0	4
NMUR2	8	11	0	3	0	0	15	4
GRIA1	3	36	2	14	0	2	3	2
FAM114A2	251	66	64	57	7	7	419	61
MFAP3	54	102	12	66	2	5	84	51
GALNT10	196	101	38	146	15	5	239	151
SAP30L	358	65	125	86	10	2	584	60
HAND1	987	24	616	30	0	5	809	2
LARP1	1586	475	412	485	48	18	2933	391
FAXDC2	46	81	7	69	8	2	133	47
CNOT8	459	186	99	119	17	4	698	113
GEMIN5	238	86	39	73	9	5	418	73
MRPL22	2342	470	537	379	46	25	3603	454
KIF4B	2	0	0	0	0	0	3	0
SGCD	3	13	0	20	1	1	4	21
PPP1R2B	1	1	0	0	0	0	0	0
TIMD4	2	22	0	23	1	0	7	14
HAVCR1	15	111	0	70	13	3	39	41
HAVCR2	15	41	4	18	2	4	86	28
MED7	507	152	112	111	14	7	957	113
ITK	0	2	0	0	0	0	0	0
FAM71B	0	0	0	0	0	0	0	0
CYFIP2	260	95	69	41	11	1	327	103
FNDC9	0	0	0	0	0	0	0	1
ADAM19	199	131	44	143	13	6	418	100
NIPAL4	3	0	1	0	0	0	2	0
SOX30	5	7	0	3	6	0	8	5
C5orf52	0	0	0	0	0	0	0	0
THG1L	327	79	83	80	7	7	576	85
LSM11	58	12	20	14	2	1	99	11
CLINT1	1211	594	483	528	63	40	2271	446
EBF1	9	45	2	7	3	6	12	36
RNF145	373	184	77	130	12	10	644	161
UBLCP1	827	210	203	179	17	16	806	177
IL12B	0	0	0	0	0	0	0	0
ADRA1B	9	3	44	0	1	0	35	3
TTC1	1222	413	432	316	45	23	2108	357
PWWP2A	617	272	140	230	32	7	1013	300
FABP6	53	30	4	19	1	0	115	9
CCNJL	202	105	31	80	11	11	356	103
C1QTNF2	2	1	5	0	0	0	7	0
ZBED8	32	10	16	10	2	1	73	10
SLU7	676	184	224	176	14	13	1085	149
PTTG1	3177	892	609	519	60	63	5501	501
ATP10B	23	61	8	70	3	5	8	31
GABRB2	52	10	2	22	8	2	60	17
GABRA6	0	0	0	0	0	0	2	0
GABRA1	2	0	0	0	0	0	0	0
GABRG2	10	8	5	13	3	3	23	8
CCNG1	3491	811	709	657	69	46	5958	671
NUDCD2	1432	368	366	247	31	14	2582	244
HMMR	942	330	157	192	12	15	1441	186
MAT2B	231	102	106	50	11	3	481	74
TENM2	9	100	3	53	2	6	16	131
WWC1	187	332	124	277	26	25	366	168
RARS	1359	519	340	479	47	24	2406	459
FBLL1	7	1	2	1	0	0	4	0
PANK3	662	301	135	286	20	13	1207	235
SLIT3	270	916	50	1097	50	28	428	542
SPDL1	578	158	95	116	14	8	927	140
DOCK2	7	6	1	12	1	0	22	5
INSYN2B	0	4	0	4	4	0	4	4
FOXI1	2	0	0	0	0	0	0	0
C5orf58	16	0	1	1	0	0	20	1
LCP2	1	0	0	0	0	0	0	0
KCNIP1	0	12	0	3	0	1	4	1
KCNMB1	9	1	17	3	0	0	10	1
GABRP	600	3	537	2	0	0	595	1
RANBP17	302	982	75	700	107	20	594	714
TLX3	4	0	1	2	1	0	4	3
NPM1	24424	9083	5111	6887	751	397	47480	6852
FGF18	25	8	11	5	1	0	84	18
SMIM23	0	0	0	0	0	0	1	0
FBXW11	502	613	131	491	53	35	864	452
STK10	65	24	38	39	1	3	82	31
EFCAB9	1	0	0	2	0	0	1	0
UBTD2	507	478	98	397	53	25	763	431
SH3PXD2B	279	220	74	187	12	10	561	179
NEURL1B	23	10	4	6	1	0	41	10
DUSP1	577	126	614	137	6	4	916	68
ERGIC1	670	388	182	312	30	13	1317	272
RPL26L1	1333	356	460	377	42	16	2398	337
ATP6V0E1	4059	882	2190	1011	130	57	6620	890
CREBRF	254	93	82	83	5	2	471	93
BNIP1	218	59	66	39	1	3	352	34
NKX2-5	6	4	3	1	0	0	8	0
STC2	127	23	108	39	2	2	217	53
BOD1	2103	497	651	402	54	40	4021	440
CPEB4	164	127	100	141	4	6	330	93
C5orf47	1	1	0	0	1	0	2	2
NSG2	2	1	1	1	0	0	1	3
MSX2	1026	345	319	293	36	17	2656	201
DRD1	0	1	0	2	0	0	6	0
SFXN1	999	434	163	417	45	15	1657	399
HRH2	55	10	3	12	2	0	32	6
CPLX2	1	8	1	6	0	1	2	7
THOC3	530	277	118	142	14	10	315	212
FAM153B	0	0	0	2	0	0	2	0
SIMC1	162	206	30	148	23	8	259	197
KIAA1191	730	163	170	137	9	7	1192	140
ARL10	52	18	20	17	1	0	110	9
NOP16	480	86	193	101	10	10	869	76
HIGD2A	3161	758	987	593	85	35	5981	575
CLTB	999	142	1044	219	26	10	1312	138
FAF2	954	405	235	377	38	32	1603	290
RNF44	410	101	60	61	5	5	709	68
CDHR2	7	6	0	3	0	0	18	3
GPRIN1	28	3	7	5	1	0	30	3
SNCB	2	0	1	1	0	0	8	0
EIF4E1B	1	0	1	0	0	0	2	0
TSPAN17	211	39	76	23	4	0	314	33
UNC5A	4	0	1	0	0	0	4	1
HK3	0	1	0	0	0	0	0	4
UIMC1	335	303	72	244	25	12	570	239
ZNF346	211	116	58	89	3	6	377	98
FGFR4	1469	367	19	437	49	11	2783	333
NSD1	1706	968	270	771	130	43	2860	832
RAB24	43	11	15	8	1	1	67	12
MXD3	189	63	56	17	0	3	320	43
PRELID1	6053	1511	1803	1253	145	48	10970	1134
LMAN2	3061	637	824	640	87	28	4725	584
RGS14	270	69	71	72	6	7	859	57
SLC34A1	0	0	0	0	0	0	0	0
PFN3	0	0	0	0	0	0	2	0
F12	66	9	43	11	1	0	155	9
GRK6	498	118	117	74	11	4	687	94
PRR7	359	56	67	46	2	3	581	52
DBN1	2529	476	489	265	39	21	3784	335
PDLIM7	1186	265	682	244	26	25	1800	223
DOK3	14	6	2	14	1	0	22	23
DDX41	423	71	120	66	8	2	798	95
FAM193B	349	187	46	203	23	9	676	141
TMED9	6923	1657	1594	1880	165	48	11768	1262
B4GALT7	618	141	171	131	12	10	1007	93
FAM153A	2	1	1	9	2	1	11	0
PROP1	0	0	0	0	0	0	0	0
N4BP3	100	17	75	11	0	0	158	27
RMND5B	409	96	197	85	13	6	662	83
NHP2	3555	706	934	515	73	35	6023	615
GMCL2	0	0	1	0	0	0	0	0
HNRNPAB	5312	1205	1203	1019	153	66	9412	1084
PHYKPL	367	269	62	190	21	8	595	204
COL23A1	268	288	9	393	39	11	216	419
CLK4	137	65	40	67	9	4	309	46
AC113348.1	0	0	0	0	1	0	0	0
ZNF354A	271	133	49	95	8	4	499	101
ZNF354B	82	39	32	40	4	3	152	34
ZFP2	26	39	9	12	2	1	40	20
ZNF454	111	0	32	22	1	0	91	22
GRM6	5	0	0	2	0	0	5	0
ZNF879	56	7	16	9	2	0	78	12
ZNF354C	89	54	22	40	9	0	175	13
ADAMTS2	14	17	16	13	0	0	35	13
RUFY1	448	265	123	214	38	15	962	190
HNRNPH1	4450	775	753	578	69	34	7633	671
CBY3	1	13	0	1	0	0	0	1
CANX	3643	1090	837	1029	95	43	7318	806
MAML1	343	120	66	114	16	8	516	96
LTC4S	110	66	46	28	0	2	389	36
MGAT4B	1250	232	512	211	18	11	2088	166
SQSTM1	2043	479	1107	941	53	31	2561	532
MRNIP	320	143	68	87	11	6	658	96
TBC1D9B	447	114	123	122	21	6	815	122
RNF130	1026	704	225	577	89	32	1907	589
RASGEF1C	10	21	3	6	1	3	22	13
MAPK9	477	203	114	165	20	7	818	153
GFPT2	60	23	38	20	3	2	72	46
CNOT6	256	281	86	216	30	17	518	233
SCGB3A1	1	0	1	0	0	0	13	0
FLT4	18	8	1	4	2	0	36	8
OR2Y1	0	0	0	0	0	0	0	0
MGAT1	826	199	244	161	13	9	1287	147
ZFP62	251	85	71	53	8	5	456	50
BTNL8	1	4	1	13	0	0	16	0
BTNL3	0	0	0	0	0	0	0	0
BTNL9	1	2	1	1	0	0	2	1
OR2V1	0	0	0	0	0	0	0	0
OR2V2	0	0	0	0	0	0	0	0
TRIM7	1	0	3	1	0	0	0	0
TRIM41	163	36	36	21	1	2	271	44
RACK1	43486	9548	10795	8666	931	441	83287	7261
TRIM52	114	31	38	17	4	4	236	27
OR4F3	0	0	0	0	0	0	0	0
DUSP22	293	74	121	76	6	2	499	108
IRF4	0	0	1	0	0	0	6	1
EXOC2	236	321	83	278	41	15	371	285
HUS1B	8	4	2	2	0	1	10	4
FOXQ1	1889	318	10	238	30	31	2661	295
FOXF2	4	0	0	1	0	0	9	1
FOXC1	213	19	45	6	1	0	130	33
GMDS	434	614	91	981	78	46	732	500
MYLK4	1	3	1	5	1	0	5	1
WRNIP1	299	114	138	73	17	1	490	90
SERPINB1	854	229	153	291	43	10	1665	184
SERPINB9	1237	193	271	310	32	8	1893	330
SERPINB6	2749	468	213	388	45	10	2651	618
NQO2	2073	496	332	472	41	33	3088	594
RIPK1	182	165	55	153	24	5	309	121
BPHL	869	236	130	219	30	17	1277	197
TUBB2A	1766	175	803	428	32	14	2389	489
TUBB2B	4614	636	1014	747	89	58	7690	800
PSMG4	399	104	119	105	10	3	635	83
SLC22A23	174	333	96	292	36	19	292	270
PXDC1	204	74	168	66	2	9	361	30
FAM50B	64	4	36	12	0	0	149	8
PRPF4B	1259	447	278	387	62	21	2371	361
FAM217A	0	7	0	4	1	0	0	13
C6orf201	0	3	0	1	0	0	1	2
ECI2	1493	428	305	390	45	17	3006	228
CDYL	595	572	206	353	37	21	985	418
RPP40	228	39	40	33	2	3	396	37
PPP1R3G	7	3	3	2	0	0	18	1
LYRM4	1123	401	268	259	37	23	2202	320
FARS2	220	384	54	346	38	19	325	368
NRN1	87	14	17	22	0	1	289	21
F13A1	3	1	0	4	0	0	3	2
LY86	2	0	5	0	0	0	0	0
RREB1	489	517	108	439	37	21	976	448
SSR1	1544	493	248	380	46	17	2778	380
CAGE1	9	5	1	2	0	0	14	1
RIOK1	546	241	86	145	16	10	1053	111
DSP	8964	2633	1873	1592	212	174	12303	1624
SNRNP48	367	123	69	102	12	4	654	119
BMP6	134	544	5	764	107	4	309	258
TXNDC5	12	259	5	280	22	14	34	169
BLOC1S5	366	153	97	99	11	7	545	99
EEF1E1	1693	483	468	319	29	19	3320	323
SLC35B3	239	129	121	113	13	10	534	81
TFAP2A	355	21	617	8	4	3	1243	6
GCNT2	340	322	81	245	37	12	796	238
C6orf52	52	21	12	13	3	2	109	12
PAK1IP1	587	192	175	151	23	6	1054	154
TMEM14C	4458	1114	1378	1034	109	48	7242	883
TMEM14B	6272	1317	794	864	153	58	7393	1310
MAK	5	136	1	66	10	9	14	98
GCM2	0	3	0	0	0	0	0	1
SYCP2L	20	70	5	16	1	5	30	33
ELOVL2	71	22	6	31	2	0	75	15
SMIM13	157	77	74	56	4	1	341	75
ERVFRD-1	0	1	0	0	0	0	0	1
NEDD9	168	124	83	118	8	5	371	62
TMEM170B	53	53	12	25	4	2	94	30
ADTRP	17	8	0	33	3	0	41	1
HIVEP1	297	404	64	339	44	18	518	380
EDN1	103	18	103	31	1	3	135	13
PHACTR1	114	53	96	58	4	6	174	46
TBC1D7	571	140	181	137	14	12	984	120
GFOD1	19	3	8	19	0	0	38	8
SIRT5	178	95	64	64	9	5	380	72
NOL7	2528	606	702	565	89	37	4414	525
RANBP9	439	386	129	288	40	18	734	279
MCUR1	1575	462	453	369	41	17	2763	366
RNF182	23	32	14	17	1	2	40	8
CD83	49	15	12	6	0	0	91	6
JARID2	871	924	228	684	61	36	1583	781
DTNBP1	471	264	162	179	21	12	760	210
MYLIP	432	443	130	257	33	12	822	246
GMPR	283	75	49	183	9	9	326	91
ATXN1	145	457	85	504	48	15	235	369
STMND1	2	4	2	3	0	0	9	0
RBM24	188	38	10	46	3	1	168	32
CAP2	375	261	102	265	23	18	524	215
FAM8A1	222	95	47	89	7	3	516	54
NUP153	329	346	81	229	28	13	572	199
KIF13A	231	451	81	348	37	18	460	346
NHLRC1	8	1	0	0	0	0	9	2
TPMT	437	127	136	98	16	6	966	129
KDM1B	64	49	26	22	5	2	113	50
DEK	4425	1163	1272	677	126	53	7937	810
RNF144B	21	16	33	8	0	0	44	12
ID4	1960	800	254	646	54	38	4320	395
MBOAT1	36	27	42	15	2	1	75	16
E2F3	392	293	82	310	30	13	771	270
CDKAL1	270	826	54	563	77	37	388	794
SOX4	5028	866	1689	703	100	76	6512	764
PRL	0	0	0	0	0	0	0	0
HDGFL1	1	0	0	0	0	0	0	0
NRSN1	1	1	0	0	0	0	4	1
DCDC2	79	785	17	311	36	33	1452	51
KAAG1	2	1	0	0	0	0	9	0
MRS2	1649	674	202	347	48	35	2237	426
GPLD1	71	31	12	26	10	1	129	28
ALDH5A1	152	73	14	59	3	1	327	55
KIAA0319	5	19	1	20	2	2	24	14
TDP2	1191	572	121	614	61	14	3151	297
ACOT13	2144	589	438	810	103	40	4565	489
C6orf62	798	211	212	209	20	13	1512	160
GMNN	1440	334	350	281	42	14	2388	266
ARMH2	0	0	0	0	0	0	0	1
RIPOR2	263	124	75	73	8	4	228	132
CARMIL1	426	851	87	871	135	34	917	619
SCGN	65	7	0	2	0	0	125	0
HIST1H2AA	0	0	0	0	0	0	1	0
HIST1H2BA	0	0	0	0	0	0	0	0
SLC17A4	9	7	0	3	0	0	23	0
SLC17A1	4	43	0	22	2	0	18	16
SLC17A3	55	24	0	59	1	0	139	17
SLC17A2	1	1	0	5	0	0	1	0
TRIM38	350	161	203	170	18	2	852	100
HIST1H1A	3	147	43	9	0	0	209	175
HIST1H3A	0	3	1	0	1	0	7	3
HIST1H4A	0	1	0	0	1	0	8	1
HIST1H4B	4	3	0	1	0	0	5	0
HIST1H3B	127	49	21	20	7	4	126	43
HIST1H2AB	13	5	1	3	1	0	13	2
HIST1H2BB	0	3	0	0	2	0	0	0
HIST1H3C	0	2	0	1	1	0	0	0
HIST1H1C	641	200	175	105	23	8	1080	120
HFE	19	6	15	3	1	0	23	1
HIST1H4C	9328	1202	1844	684	125	74	11862	773
HIST1H1T	0	0	0	0	0	0	0	1
HIST1H2BC	88	39	23	28	6	3	90	24
HIST1H2AC	225	521	85	124	22	5	436	46
HIST1H1E	343	179	66	62	22	4	526	98
HIST1H2BD	53	39	16	25	2	0	122	16
HIST1H2BE	8	10	2	10	0	0	15	5
HIST1H4D	10	5	2	4	1	0	17	3
HIST1H3D	0	26	0	14	5	3	0	26
HIST1H2AD	0	11	0	0	0	0	1	2
HIST1H2BF	30	13	5	12	3	1	41	2
HIST1H4E	55	16	8	13	3	2	63	7
HIST1H2BG	37	14	19	12	1	1	73	9
HIST1H2AE	27	17	9	20	2	0	69	10
HIST1H3E	22	8	7	8	1	0	24	3
HIST1H1D	756	394	111	159	29	15	581	291
HIST1H4F	4	5	1	3	1	0	0	5
HIST1H4G	0	0	0	0	0	0	0	0
HIST1H3F	35	11	2	11	3	1	52	9
HIST1H2BH	148	93	27	35	4	2	173	21
HIST1H3G	68	44	16	12	3	4	81	26
HIST1H2BI	5	2	2	0	0	0	8	0
HIST1H4H	34	13	15	28	2	0	63	5
BTN3A2	42	10	23	3	0	0	80	1
BTN2A2	82	45	28	24	5	3	164	18
BTN3A1	11	7	7	3	1	0	22	3
BTN3A3	1	4	1	2	0	0	2	2
BTN2A1	160	51	41	48	5	5	240	45
BTN1A1	10	1	0	1	0	0	10	1
HMGN4	764	193	210	163	21	6	1349	142
ABT1	916	145	256	166	9	8	1607	156
ZNF322	354	252	74	240	21	7	478	195
HIST1H2BJ	31	21	8	18	0	1	32	5
HIST1H2AG	62	20	16	8	2	1	87	11
HIST1H4I	14	8	3	4	0	0	24	6
HIST1H2BK	17	10	11	10	1	1	19	5
HIST1H2AH	110	30	11	21	6	1	159	22
PRSS16	148	35	61	23	7	1	296	16
POM121L2	0	2	0	2	0	0	1	0
ZNF391	41	23	8	15	9	0	62	10
ZNF184	110	15	30	25	4	2	189	24
HIST1H2BL	11	2	2	1	2	0	10	1
HIST1H2AI	9	3	4	11	5	0	14	5
HIST1H3H	25	22	8	12	2	1	47	6
HIST1H2AJ	23	4	3	4	2	0	25	0
HIST1H2BM	1	0	2	2	1	0	9	4
HIST1H4J	2	7	3	4	0	0	8	4
HIST1H4K	0	0	0	0	0	0	0	0
HIST1H2BN	66	30	12	42	4	0	157	25
HIST1H2AK	19	4	2	4	1	1	22	2
HIST1H2AL	21	9	2	6	0	2	22	1
HIST1H1B	644	163	84	90	18	6	530	98
HIST1H3I	11	3	0	0	0	0	4	6
HIST1H4L	3	3	0	0	0	0	0	1
HIST1H3J	17	30	2	15	2	0	14	15
HIST1H2AM	17	2	5	11	1	0	21	0
HIST1H2BO	9	0	0	1	0	0	6	0
OR2B2	0	0	0	0	0	0	0	0
OR2B6	0	1	1	0	0	0	5	0
ZNF165	105	30	78	36	2	1	213	20
ZSCAN16	192	38	70	23	3	4	279	40
ZKSCAN8	161	129	36	73	9	4	276	52
ZSCAN9	247	102	53	64	7	2	398	69
ZKSCAN4	100	30	23	21	0	2	197	30
NKAPL	6	3	1	0	0	0	18	1
ZSCAN26	186	88	33	63	8	4	306	43
PGBD1	221	85	43	77	7	11	301	61
ZSCAN31	25	7	11	4	0	0	34	7
ZKSCAN3	70	24	17	19	2	1	132	30
ZSCAN12	94	82	18	38	3	4	133	35
ZSCAN23	15	56	3	29	1	0	26	22
GPX6	2	1	1	0	0	0	2	0
GPX5	0	3	0	8	0	0	1	1
ZBED9	5	55	1	48	7	5	9	40
TRIM27	20	268	5	249	32	13	30	180
ZNF311	2	25	0	4	1	1	16	11
OR2W1	0	0	0	0	0	0	0	0
OR2B3	0	0	0	0	0	0	0	0
OR2J1	0	1	0	0	0	0	0	0
OR2J3	0	0	0	0	0	0	1	1
OR2J2	0	0	0	0	0	0	0	0
OR14J1	0	2	0	0	0	0	0	0
OR5V1	0	0	0	1	0	0	0	0
OR12D3	0	0	0	0	0	0	0	0
OR12D2	0	0	0	0	0	0	0	0
OR11A1	0	0	0	0	0	0	0	0
OR10C1	0	0	0	0	0	0	0	0
OR2H1	0	0	0	0	0	0	0	0
MAS1L	0	0	0	0	0	0	0	0
OR2I1P	0	1	0	0	0	0	0	0
UBD	0	0	0	0	1	0	0	0
GABBR1	2	73	4	70	2	2	8	30
OR2H2	0	1	0	0	0	0	0	2
MOG	0	0	0	0	0	0	0	2
ZFP57	0	2	0	1	1	0	0	1
HLA-F	1	1	11	1	0	0	0	1
HLA-G	2	1	9	4	0	0	1	1
HLA-A	65	246	44	341	55	32	128	342
ZNRD1	613	213	152	112	23	5	792	158
PPP1R11	9	114	5	81	14	6	18	112
RNF39	0	2	0	0	0	0	0	0
TRIM31	0	0	0	1	0	0	0	1
TRIM40	0	1	0	0	0	0	0	0
TRIM10	0	0	0	0	0	0	0	0
TRIM15	0	1	0	1	0	0	1	1
TRIM26	15	137	9	112	17	6	30	112
TRIM39	1	34	0	26	2	0	0	19
RPP21	112	250	35	252	31	13	121	258
HLA-E	20	110	28	141	10	8	67	83
GNL1	115	149	45	128	16	3	166	99
PRR3	4	85	0	29	3	1	2	47
ABCF1	1126	448	269	408	47	21	1989	377
PPP1R10	387	310	81	275	40	20	626	322
MRPS18B	9	221	5	176	24	10	19	198
ATAT1	67	136	11	92	12	8	95	80
C6orf136	65	33	29	29	3	1	76	32
DHX16	214	96	46	72	9	2	298	74
PPP1R18	0	41	0	44	7	3	1	30
NRM	0	74	0	38	5	4	4	47
MDC1	41	130	9	88	21	4	65	72
TUBB	115	4323	21	3507	365	217	223	3714
FLOT1	350	342	140	341	33	14	566	293
IER3	12	54	6	121	1	10	21	102
DDR1	5	87	1	86	7	2	10	56
GTF2H4	213	81	68	83	6	4	354	65
VARS2	29	21	7	17	1	0	21	18
SFTA2	1	4	1	0	0	0	0	0
MUCL3	0	2	0	0	0	0	0	0
MUC21	0	0	0	0	0	0	0	0
MUC22	0	0	0	0	0	0	0	1
C6orf15	0	1	0	0	0	0	0	0
PSORS1C1	1	3	2	4	0	0	7	3
CDSN	0	0	0	1	0	0	1	0
PSORS1C2	0	0	0	0	0	0	0	0
CCHCR1	115	68	35	64	3	3	199	53
TCF19	0	13	0	15	1	1	1	11
POU5F1	25	45	24	123	16	4	66	144
HLA-C	37	485	170	427	50	16	88	247
HLA-B	201	351	24	392	20	16	144	766
MICA	22	14	7	8	0	0	36	5
MICB	1	4	0	5	0	0	0	4
MCCD1	0	0	0	0	0	0	0	1
DDX39B	19	827	7	620	92	68	21	796
ATP6V1G2	0	5	0	1	0	1	0	2
NFKBIL1	2	117	3	73	9	2	5	81
LTA	0	0	0	0	0	0	0	0
TNF	0	0	0	0	0	0	0	0
LTB	0	5	0	4	0	0	0	1
LST1	0	0	0	1	0	0	1	0
NCR3	0	0	0	0	0	0	0	0
AIF1	31	8	8	7	0	0	61	3
PRRC2A	406	233	78	223	32	13	607	190
BAG6	793	235	229	189	16	11	1227	173
APOM	3923	1910	18	1237	152	29	11742	595
C6orf47	0	31	0	35	4	1	0	23
GPANK1	66	126	14	79	7	4	137	85
CSNK2B	1608	650	505	675	53	40	2828	614
LY6G5B	0	25	0	8	1	0	0	21
LY6G5C	0	2	1	3	0	0	1	2
ABHD16A	3	141	4	114	18	4	7	85
LY6G6F	0	0	0	0	0	0	0	0
LY6G6E	0	1	0	0	0	0	0	0
LY6G6D	1	29	0	19	0	0	2	1
MPIG6B	0	0	0	0	0	0	0	5
LY6G6C	0	1	0	0	0	0	0	2
DDAH2	1134	793	217	546	74	40	2177	671
CLIC1	694	1515	379	1671	145	84	947	1299
MSH5	2	80	1	53	4	9	8	50
SAPCD1	0	10	0	2	1	1	0	4
VWA7	0	2	0	1	0	1	1	0
VARS	197	103	42	74	8	0	354	68
LSM2	74	764	30	611	72	35	101	615
HSPA1L	0	1	0	2	0	0	0	2
HSPA1A	1	124	0	82	6	4	0	82
HSPA1B	0	70	0	70	4	1	0	15
NEU1	8	315	1	660	41	10	17	233
SLC44A4	5	83	2	51	9	2	14	44
EHMT2	390	237	65	154	14	12	738	132
C2	0	18	0	19	2	0	1	15
ZBTB12	0	10	0	10	1	0	0	8
CFB	2	14	0	10	2	0	2	5
NELFE	1384	311	311	300	34	11	2366	332
SKIV2L	70	41	24	40	4	1	137	43
DXO	153	44	44	40	5	2	251	36
STK19	25	122	6	93	11	4	24	101
C4A	0	0	0	0	0	0	0	0
C4B	0	0	0	0	0	0	0	0
CYP21A2	0	1	0	0	0	0	0	0
TNXB	8	13	3	21	1	0	14	32
ATF6B	12	87	3	58	8	2	25	46
FKBPL	0	30	0	37	4	2	0	25
PRRT1	0	1	0	3	0	0	0	3
PPT2	1	45	0	51	4	4	0	45
EGFL8	1	34	0	33	2	4	0	27
AGPAT1	22	390	4	433	56	9	50	293
RNF5	9	462	5	312	39	24	17	335
AGER	14	11	1	4	1	1	31	9
PBX2	31	153	7	133	13	7	68	124
GPSM3	3	29	0	17	2	2	2	17
NOTCH4	0	7	0	7	0	1	0	2
TSBP1	0	6	0	23	3	0	0	7
BTNL2	0	0	0	2	0	0	0	0
HLA-DRA	1	18	2	1	1	0	4	0
HLA-DRB5	0	102	0	1	4	0	0	0
HLA-DRB1	28	411	6	78	56	0	24	11
HLA-DQA1	2	0	0	0	0	0	9	0
HLA-DQB1	149	32	0	222	3	1	793	3
HLA-DQA2	0	3	0	0	0	0	0	0
HLA-DQB2	0	0	0	27	0	0	0	0
HLA-DOB	0	0	0	0	0	0	0	0
TAP2	0	2	1	1	1	0	0	1
PSMB8	6	0	22	1	0	0	15	0
PSMB9	2	0	5	0	0	0	1	0
TAP1	0	1	3	2	0	0	1	2
HLA-DMB	2	3	0	3	0	0	4	2
HLA-DMA	18	12	13	80	1	0	65	11
BRD2	257	292	75	235	30	17	431	250
HLA-DOA	1	0	0	2	0	0	5	3
HLA-DPA1	24	21	1	4	5	0	17	4
HLA-DPB1	224	97	7	62	15	4	291	29
COL11A2	0	6	1	5	0	0	1	2
RXRB	3	19	1	24	4	1	5	28
SLC39A7	423	441	95	346	41	18	866	309
HSD17B8	69	35	21	9	3	1	128	19
RING1	22	70	10	61	3	8	27	50
VPS52	9	65	3	35	4	1	11	45
RPS18	99663	24801	22031	22569	2655	1195	206776	19993
B3GALT4	0	10	0	8	1	1	0	7
WDR46	394	123	133	128	15	4	685	127
PFDN6	1021	236	285	188	25	17	1716	255
RGL2	4	53	3	46	3	4	6	34
TAPBP	5	35	10	49	2	0	7	16
ZBTB22	0	35	0	23	3	2	0	19
DAXX	276	129	76	84	13	4	410	99
SMIM40	0	0	0	0	0	0	0	0
KIFC1	336	162	74	117	16	11	435	113
PHF1	17	77	6	58	5	8	51	58
CUTA	3718	1252	1377	1094	134	69	6736	901
SYNGAP1	18	59	2	49	7	3	30	44
ZBTB9	0	28	1	18	2	1	0	26
BAK1	250	52	50	80	2	1	245	57
ITPR3	70	19	69	13	0	3	66	24
UQCC2	3704	861	737	773	81	40	6682	627
IP6K3	3	1	11	2	1	0	0	1
LEMD2	290	64	116	51	3	5	389	40
MLN	3	1	2	0	0	0	12	2
GRM4	4	2	11	1	0	0	22	2
HMGA1	16416	2737	3365	2007	260	120	25499	2402
SMIM29	162	36	96	37	5	2	234	17
NUDT3	451	106	111	58	18	3	825	73
RPS10-NUDT3	31	90	9	53	9	3	29	63
RPS10	9936	2744	1389	2050	204	86	17878	2256
PACSIN1	27	11	5	12	0	1	63	15
SPDEF	31	3	0	2	0	0	45	0
ILRUN	353	287	120	282	27	18	564	214
SNRPC	3458	779	958	669	70	38	5721	581
UHRF1BP1	164	179	33	151	12	1	336	112
TAF11	1271	304	298	213	28	12	2062	233
ANKS1A	502	489	365	396	41	27	724	322
TCP11	0	0	0	1	0	1	2	0
SCUBE3	113	21	233	14	2	1	310	7
ZNF76	184	72	41	52	8	6	344	46
DEF6	56	20	32	16	0	0	162	12
PPARD	74	61	48	70	6	3	133	47
FANCE	105	20	58	15	1	2	143	14
RPL10A	43458	10423	11034	8495	946	534	81463	7683
TEAD3	282	69	245	75	11	5	534	61
TULP1	2	0	4	1	0	0	13	0
FKBP5	103	48	18	63	4	2	194	50
ARMC12	5	0	2	2	1	0	10	2
CLPSL2	3	1	2	0	0	0	12	0
CLPSL1	2	1	1	1	0	0	3	3
CLPS	0	0	0	0	0	0	0	0
LHFPL5	10	78	2	53	8	1	34	45
SRPK1	1852	907	447	611	87	33	3491	526
SLC26A8	1	5	1	4	1	0	4	3
MAPK14	375	331	110	239	36	16	543	251
MAPK13	279	32	438	81	3	2	522	41
BRPF3	249	109	53	65	10	4	439	81
PNPLA1	5	14	1	6	2	0	12	5
BNIP5	1	6	0	7	0	0	2	0
ETV7	7	0	6	3	2	0	10	3
PXT1	1	2	0	4	0	0	0	2
KCTD20	405	204	130	168	18	5	707	123
STK38	292	202	84	153	17	5	460	169
SRSF3	8540	2037	1691	1764	233	110	15438	1721
CDKN1A	391	132	539	115	8	3	588	79
RAB44	0	0	0	1	0	0	0	2
CPNE5	8	3	1	10	0	0	8	4
PPIL1	829	226	213	147	22	10	1636	138
C6orf89	318	101	147	100	10	4	605	76
PI16	0	0	0	0	0	0	1	1
MTCH1	3304	714	1296	549	63	32	5288	638
FGD2	1	0	0	0	0	0	2	0
PIM1	407	113	98	52	8	6	693	88
TMEM217	9	3	5	3	0	0	18	4
AL353579.1	0	0	0	0	0	0	0	0
TBC1D22B	89	113	26	64	5	9	142	93
RNF8	814	217	173	181	15	10	1240	168
CMTR1	204	88	26	76	5	1	327	62
CCDC167	1687	443	370	415	53	16	3383	361
MDGA1	16	4	4	2	0	0	14	6
ZFAND3	631	1889	215	1719	191	109	1117	1609
BTBD9	51	528	12	588	50	24	77	368
GLO1	2873	700	648	633	58	30	5346	581
DNAH8	2	8	0	39	1	0	6	6
GLP1R	4	0	1	2	0	0	2	2
SAYSD1	309	76	107	83	9	5	587	50
KCNK5	98	39	12	30	1	0	117	38
KCNK17	1	1	1	1	0	0	3	0
KCNK16	0	0	0	0	0	0	1	0
KIF6	11	11	5	5	1	1	21	11
DAAM2	9	8	6	11	0	0	17	9
MOCS1	67	21	28	15	1	0	114	17
LRFN2	0	2	0	2	0	0	0	0
UNC5CL	17	9	3	6	0	0	33	0
OARD1	1066	338	230	195	20	14	1915	244
TSPO2	2	0	0	3	0	0	0	0
APOBEC2	27	4	0	7	1	0	20	5
NFYA	174	120	35	74	9	7	342	77
TREML1	0	0	0	0	0	0	1	1
TREM2	1	0	0	0	0	0	0	0
TREML2	1	0	0	0	0	0	0	0
TREML4	0	0	0	0	0	0	0	0
TREM1	1	0	8	0	0	0	1	0
NCR2	0	0	0	0	0	0	0	0
FOXP4	470	105	73	71	16	3	668	98
MDFI	1173	169	462	279	24	18	2431	130
TFEB	9	4	10	2	1	0	14	4
PGC	3	2	0	0	0	0	8	0
FRS3	33	6	4	10	2	0	68	4
PRICKLE4	1	0	0	0	0	0	0	1
TOMM6	0	1188	0	1018	111	49	0	921
USP49	158	146	18	96	11	8	210	111
MED20	239	53	52	50	2	1	388	42
BYSL	459	54	92	69	7	3	655	53
CCND3	124	30	135	32	6	1	158	20
TAF8	192	97	51	69	5	1	371	77
C6orf132	189	71	119	79	14	3	391	92
AL096814.2	2	0	2	0	0	0	3	1
GUCA1A	0	0	0	0	0	0	0	0
AL096814.1	0	0	0	0	0	0	0	0
GUCA1B	6	16	1	10	0	0	12	11
MRPS10	1220	312	298	267	30	16	1906	223
TRERF1	45	85	22	46	9	0	68	53
UBR2	258	321	91	276	28	19	472	253
PRPH2	4	5	1	3	0	0	5	7
TBCC	435	68	161	101	12	2	766	75
BICRAL	69	187	12	131	16	3	124	147
RPL7L1	1669	486	373	463	49	27	2229	477
C6orf226	142	42	66	26	5	1	243	24
PTCRA	0	0	0	0	0	0	0	1
CNPY3	922	276	253	180	29	12	1640	228
GNMT	1	1	3	0	0	0	10	1
PEX6	283	124	59	66	8	6	495	56
PPP2R5D	245	105	48	61	12	4	403	75
MEA1	1382	273	420	256	29	10	2168	263
KLHDC3	1102	195	307	193	21	5	1754	189
RRP36	1497	396	418	338	39	15	2333	306
CUL7	213	69	64	52	10	3	331	45
KLC4	296	151	33	108	16	5	597	101
MRPL2	863	208	205	168	10	6	1518	146
PTK7	748	329	257	233	21	14	1441	226
SRF	233	70	74	70	9	4	418	44
CUL9	64	33	20	18	3	4	114	34
DNPH1	1877	523	262	425	62	16	3905	340
TTBK1	8	5	1	8	0	0	17	4
SLC22A7	72	101	0	36	2	0	308	54
CRIP3	96	34	10	42	2	2	300	16
ZNF318	265	114	44	57	4	0	502	58
ABCC10	163	50	39	53	7	3	246	33
DLK2	10	0	3	2	0	0	19	1
TJAP1	242	74	45	61	5	2	354	47
LRRC73	4	2	8	1	0	0	9	1
POLR1C	341	132	104	118	9	6	570	144
YIPF3	1762	377	625	397	34	13	2871	335
XPO5	356	153	80	93	9	6	546	107
POLH	76	72	23	59	12	3	118	90
GTPBP2	124	39	29	31	2	2	215	52
MAD2L1BP	408	79	96	65	10	3	662	84
RSPH9	51	21	6	13	1	0	50	21
MRPS18A	1001	253	269	206	24	19	1547	190
VEGFA	1289	300	82	216	17	28	1948	323
C6orf223	5	0	0	4	1	0	1	0
MRPL14	3282	787	782	678	91	24	6225	677
TMEM63B	375	132	80	99	11	2	553	83
CAPN11	3	3	0	2	0	0	8	1
MYMX	18	1	4	2	0	0	9	1
SLC29A1	724	142	134	94	9	7	913	162
HSP90AB1	35031	10043	7515	7297	857	455	64397	7022
SLC35B2	624	103	213	121	11	3	985	116
NFKBIE	108	15	37	18	1	1	191	18
TMEM151B	5	7	2	1	0	0	3	3
TCTE1	2	1	0	0	0	0	0	2
AARS2	163	48	37	39	4	1	264	32
SPATS1	0	0	0	0	0	0	0	0
CDC5L	1461	503	368	385	44	19	2555	351
SUPT3H	433	815	92	551	72	39	794	764
RUNX2	8	54	0	39	2	0	10	43
CLIC5	47	3	74	0	0	0	32	5
ENPP4	52	12	15	10	1	0	100	11
ENPP5	75	10	37	15	0	2	136	15
RCAN2	139	105	24	125	7	4	124	151
CYP39A1	11	19	19	25	1	1	38	11
SLC25A27	19	57	9	21	1	4	35	28
TDRD6	2	2	0	2	0	0	1	0
PLA2G7	175	39	20	90	5	4	251	15
ANKRD66	4	0	0	0	0	0	1	0
MEP1A	401	160	1	145	10	4	955	56
ADGRF5	0	0	0	0	0	1	0	0
ADGRF1	1	1	1	0	0	0	0	0
TNFRSF21	229	167	236	153	9	6	234	97
CD2AP	801	726	253	621	48	32	1541	574
ADGRF2	6	3	1	4	0	0	2	4
ADGRF4	3	0	23	0	0	0	1	0
OPN5	0	0	0	0	0	0	1	0
PTCHD4	23	168	4	141	5	5	28	195
MMUT	334	102	111	49	10	7	594	65
CENPQ	307	89	68	90	8	6	484	70
GLYATL3	0	2	0	0	0	0	0	0
C6orf141	53	41	105	11	2	0	169	23
RHAG	0	1	0	0	0	0	0	0
CRISP2	0	0	1	0	0	0	5	0
CRISP3	2	0	9	0	0	0	3	0
PGK2	1	0	0	0	0	0	0	0
CRISP1	0	0	1	0	0	0	0	0
DEFB133	0	1	0	0	0	0	2	0
DEFB114	0	0	0	0	0	0	0	0
DEFB113	0	0	0	0	0	0	0	0
DEFB110	0	0	0	0	0	0	0	0
DEFB112	0	0	0	0	0	0	0	0
TFAP2D	0	0	0	0	0	0	5	0
TFAP2B	113	28	270	23	1	1	631	13
PKHD1	4	48	1	72	11	0	6	36
IL17A	0	0	0	0	0	0	0	0
IL17F	0	0	0	0	0	0	0	0
MCM3	1544	345	355	254	35	9	2704	283
PAQR8	102	12	65	9	2	0	164	7
EFHC1	243	89	75	77	8	3	415	87
TRAM2	188	91	70	77	8	10	328	78
TMEM14A	610	132	155	150	17	12	1464	104
GSTA2	3376	838	1	1214	84	14	7046	592
GSTA1	1380	320	4	241	22	3	4139	124
GSTA5	0	0	0	1	0	0	1	0
GSTA3	2	0	0	0	0	0	3	0
GSTA4	598	216	138	188	32	13	1245	135
ICK	197	88	65	69	6	2	407	56
FBXO9	644	198	186	228	23	7	1295	149
GCM1	0	0	0	0	0	1	0	1
ELOVL5	518	270	130	268	31	11	987	168
GCLC	322	382	64	320	26	19	631	195
KLHL31	7	4	1	4	1	0	21	7
LRRC1	334	282	152	313	38	5	624	192
MLIP	11	50	0	40	7	0	39	45
TINAG	87	122	0	50	3	5	189	51
FAM83B	196	204	154	113	20	6	342	56
HCRTR2	3	8	1	1	1	0	3	1
GFRAL	0	1	0	0	0	0	0	1
HMGCLL1	6	9	4	5	1	0	8	8
BMP5	215	343	30	244	51	8	682	264
COL21A1	32	33	4	22	3	3	158	23
DST	2229	2110	566	1837	245	105	4389	1572
BEND6	36	12	32	13	0	1	23	4
KIAA1586	387	128	101	93	21	7	638	109
ZNF451	518	334	109	250	27	16	850	205
BAG2	469	106	46	108	3	6	784	71
RAB23	233	104	61	77	6	3	434	62
PRIM2	428	499	89	416	51	15	828	356
KHDRBS2	161	1246	16	1594	185	52	302	1269
FKBP1C	15	2	14	1	0	0	32	0
LGSN	9	5	4	7	0	0	9	3
PTP4A1	6	42	0	23	2	1	7	13
AL135905.2	11	3	3	7	0	0	15	3
PHF3	1558	655	315	468	67	28	2662	539
EYS	5	103	0	50	3	0	20	214
ADGRB3	6	111	0	53	14	1	10	92
LMBRD1	579	352	194	279	38	13	921	320
COL19A1	208	453	3	89	64	30	268	317
COL9A1	61	20	9	1	1	4	120	9
FAM135A	157	302	29	183	30	10	276	219
SDHAF4	203	91	36	43	4	4	372	53
SMAP1	1618	644	453	640	75	29	2846	593
B3GAT2	68	24	11	13	4	0	147	26
OGFRL1	303	165	62	176	26	7	692	96
RIMS1	53	180	9	126	13	16	177	152
KCNQ5	16	28	9	32	0	2	15	391
KHDC1L	1	1	0	0	1	0	2	0
KHDC1	68	103	33	101	11	5	347	103
DPPA5	4	3	10	7	0	0	14	2
KHDC3L	3	0	1	0	0	0	1	0
OOEP	0	55	1	100	6	1	0	35
DDX43	0	2	0	0	0	0	10	0
CGAS	26	6	4	1	0	0	37	12
MTO1	156	71	40	45	10	4	339	65
EEF1A1	12272	28588	4800	26779	2592	1386	21618	22612
SLC17A5	211	74	183	92	13	5	339	63
CD109	33	12	52	8	0	2	15	5
COL12A1	69	6	200	24	0	0	32	2
COX7A2	8462	1693	2104	1624	182	83	14700	1390
TMEM30A	489	186	350	204	17	4	1072	152
FILIP1	35	19	130	21	0	2	47	11
SENP6	978	806	263	719	98	37	1674	686
MYO6	1619	835	584	651	68	30	2622	658
IMPG1	4	0	1	0	0	0	3	7
HTR1B	2	1	1	0	0	0	0	0
MEI4	8	47	1	34	2	1	11	46
IRAK1BP1	178	199	40	90	14	11	269	132
PHIP	2257	938	462	607	79	38	3510	704
HMGN3	6934	2423	2443	1818	232	107	14483	1569
LCA5	134	102	75	33	5	4	238	57
SH3BGRL2	228	206	174	102	19	9	478	142
ELOVL4	128	25	72	30	2	1	203	30
TTK	602	186	80	117	15	11	904	124
BCKDHB	416	531	171	323	38	24	820	403
TENT5A	356	118	201	151	7	5	424	78
IBTK	667	419	105	333	32	17	1050	361
TPBG	697	150	274	176	20	9	1402	118
UBE3D	280	372	52	316	31	21	521	316
DOP1A	166	285	35	196	32	17	261	239
PGM3	1086	617	233	512	37	26	2213	400
RWDD2A	195	67	43	34	12	4	299	44
ME1	256	240	87	379	31	22	471	237
PRSS35	88	52	4	35	4	4	223	14
SNAP91	4	8	1	8	0	0	5	9
RIPPLY2	4	0	0	0	0	0	5	0
CYB5R4	243	119	36	89	18	2	351	110
MRAP2	184	93	8	68	14	2	241	50
CEP162	435	215	56	192	24	5	803	186
TBX18	4	2	0	1	0	0	0	1
NT5E	57	17	12	31	1	1	149	12
SNX14	551	436	153	391	33	19	987	324
SYNCRIP	2189	803	513	690	92	32	3829	652
HTR1E	64	67	12	8	8	3	86	69
CGA	27	2	124	12	0	0	14	4
ZNF292	1913	1087	710	926	127	83	3496	1035
GJB7	11	9	22	24	1	0	53	11
SMIM8	411	209	117	170	23	8	936	150
C6orf163	18	10	7	8	1	0	36	6
CFAP206	3	4	0	2	0	0	4	7
SLC35A1	168	83	39	36	6	3	265	67
RARS2	946	554	204	478	46	32	1758	366
ORC3	568	296	125	214	33	8	1033	198
AKIRIN2	1103	283	283	263	29	17	1958	259
SPACA1	0	0	0	0	0	0	0	0
CNR1	61	36	4	18	5	1	33	45
RNGTT	311	505	70	451	51	15	475	427
PNRC1	2107	458	454	493	45	39	3621	505
SRSF12	279	118	39	85	9	10	460	109
PM20D2	138	41	47	33	3	1	273	24
GABRR1	3	0	1	1	0	0	1	3
GABRR2	1	3	0	3	0	0	5	8
UBE2J1	514	205	331	230	16	14	1015	137
RRAGD	35	14	103	20	1	0	49	6
ANKRD6	119	140	54	144	18	5	120	212
LYRM2	729	213	306	203	22	14	1315	145
MDN1	744	425	153	254	27	20	1092	282
CASP8AP2	571	207	121	160	16	11	974	149
GJA10	0	0	0	0	0	0	1	0
BACH2	68	222	35	167	19	15	67	197
MAP3K7	485	248	122	210	10	12	877	189
EPHA7	70	137	22	141	24	10	87	88
MANEA	488	111	54	108	10	17	600	154
FUT9	25	15	1	27	1	4	20	25
UFL1	623	231	245	181	22	16	1227	153
FHL5	0	1	0	0	0	0	0	0
GPR63	35	25	10	19	2	1	71	17
NDUFAF4	1054	198	241	220	21	10	1646	152
KLHL32	3	23	2	13	1	6	9	6
MMS22L	400	261	82	228	27	17	665	226
POU3F2	29	3	4	2	1	0	23	2
FBXL4	184	210	46	171	22	7	319	135
FAXC	176	117	74	51	8	2	326	73
COQ3	214	53	64	31	5	1	345	40
PNISR	5859	1715	1185	1156	134	84	10513	1046
USP45	135	148	23	111	11	4	267	115
TSTD3	169	200	36	129	26	9	289	120
CCNC	1946	602	478	556	59	37	3753	449
PRDM13	1	0	0	0	0	0	0	0
MCHR2	1	1	0	0	0	1	0	0
SIM1	8	1	0	0	2	0	4	2
ASCC3	639	660	231	580	62	23	1119	612
GRIK2	25	293	4	101	15	3	37	204
HACE1	88	142	31	102	13	5	140	121
LIN28B	632	603	153	377	58	34	1083	431
BVES	24	7	5	6	2	0	36	4
POPDC3	70	19	10	15	4	0	115	13
PREP	325	178	95	176	14	9	637	167
PRDM1	842	1143	55	831	95	28	1417	1068
ATG5	729	463	214	358	51	20	1375	382
CRYBG1	43	80	18	53	10	6	109	55
RTN4IP1	109	61	27	50	8	1	244	46
QRSL1	311	117	83	90	13	14	585	98
CD24	10434	2764	4525	2850	279	112	19597	1932
MTRES1	443	109	116	98	2	4	625	72
BEND3	92	42	20	18	6	3	138	31
PDSS2	153	377	47	296	38	12	292	285
SOBP	35	108	20	25	2	7	71	56
SCML4	83	26	1	20	1	1	202	31
SEC63	1404	609	302	446	67	34	2643	491
OSTM1	168	106	114	80	7	3	286	60
NR2E1	6	3	1	1	0	0	3	1
SNX3	3242	720	1321	800	77	32	6066	539
AFG1L	93	127	30	122	6	11	133	139
FOXO3	268	274	159	242	29	22	488	217
ARMC2	34	99	6	59	11	4	58	68
SESN1	285	249	90	174	29	12	426	174
CEP57L1	226	144	56	61	8	6	402	59
CD164	1363	435	505	373	46	26	2874	256
PPIL6	49	44	6	18	2	2	75	25
SMPD2	138	40	28	17	9	1	175	22
MICAL1	214	66	56	74	8	6	371	45
ZBTB24	254	101	69	75	11	4	487	66
AK9	84	42	36	30	1	2	86	33
FIG4	195	103	63	74	11	5	266	74
GPR6	0	0	0	0	0	0	0	0
WASF1	358	189	97	145	27	15	621	144
CDC40	707	260	198	189	24	15	1288	220
METTL24	8	53	9	47	4	1	18	8
DDO	0	0	0	0	0	0	0	1
SLC22A16	0	2	0	1	0	0	4	0
CDK19	232	560	52	404	47	41	408	446
AMD1	1511	449	387	454	65	15	3415	410
GTF3C6	3920	775	797	900	98	39	6486	600
RPF2	785	246	186	254	27	9	1645	197
SLC16A10	249	179	46	200	22	7	456	119
MFSD4B	434	421	147	320	38	15	998	295
REV3L	332	622	133	444	57	20	807	515
TRAF3IP2	169	68	77	50	8	4	303	54
FYN	557	384	209	385	48	35	842	333
CCN6	0	0	0	0	0	0	1	0
TUBE1	197	43	36	44	8	4	311	52
FAM229B	491	102	93	54	14	2	720	73
LAMA4	20	16	9	5	1	0	16	10
RFPL4B	0	0	0	0	0	0	0	0
MARCKS	6312	1820	1310	1390	197	85	11281	1333
HDAC2	4357	1126	881	946	111	70	6477	1192
HS3ST5	59	143	7	130	34	2	70	154
FRK	103	147	37	212	19	8	197	97
NT5DC1	1294	642	165	661	49	25	1861	584
COL10A1	3	15	0	25	2	1	2	15
TSPYL4	301	92	68	57	11	2	589	75
DSE	171	163	156	93	11	8	285	149
TSPYL1	1008	210	254	156	19	10	1512	119
CALHM6	10	9	3	6	0	0	8	6
TRAPPC3L	0	0	1	0	0	0	0	0
CALHM5	9	3	2	0	0	0	15	2
CALHM4	0	1	1	3	1	0	10	0
RWDD1	2288	580	667	543	70	22	4229	416
RSPH4A	10	3	4	1	1	0	14	3
ZUP1	286	75	55	70	5	4	461	70
KPNA5	224	175	47	97	7	8	411	118
FAM162B	36	3	0	4	1	0	96	4
GPRC6A	2	1	0	0	0	0	2	1
RFX6	131	42	0	14	13	0	192	56
VGLL2	0	1	6	4	0	0	10	0
ROS1	0	1	0	0	0	0	0	0
DCBLD1	144	79	38	67	6	8	312	87
GOPC	675	252	269	109	21	18	841	210
NUS1	202	260	57	261	24	13	372	210
SLC35F1	106	236	6	136	311	58	176	216
CEP85L	180	141	37	96	13	5	245	94
PLN	0	1	0	0	0	1	0	4
MCM9	81	180	14	112	19	6	141	152
ASF1A	931	200	143	197	16	12	1222	182
FAM184A	3193	1106	44	1103	91	53	2746	1415
MAN1A1	466	632	53	684	68	42	838	617
TBC1D32	66	274	25	182	35	12	140	201
GJA1	2958	779	423	908	86	26	5262	810
HSF2	432	135	70	114	22	7	760	91
SERINC1	804	296	280	258	28	17	1392	225
PKIB	2192	1169	210	292	52	41	2174	766
FABP7	436	198	75	81	12	4	1334	99
SMPDL3A	239	61	166	35	6	0	451	27
CLVS2	243	146	2	285	13	6	512	194
TRDN	953	189	36	189	18	14	1097	436
NKAIN2	4	29	1	17	1	12	13	27
RNF217	159	179	104	112	25	13	415	125
TPD52L1	753	452	550	195	22	25	1888	172
HDDC2	2487	655	544	461	59	20	4381	401
HEY2	69	36	41	16	8	2	133	36
NCOA7	178	134	219	135	15	4	355	74
HINT3	288	94	118	76	8	5	550	49
TRMT11	584	527	112	374	40	32	1061	389
CENPW	1542	307	535	271	35	15	2834	246
RSPO3	3718	2331	44	3234	358	75	10020	1403
RNF146	593	210	142	164	6	8	1092	138
ECHDC1	1990	858	316	596	69	62	3614	528
KIAA0408	0	4	0	5	0	1	2	0
SOGA3	0	12	0	4	0	1	3	5
C6orf58	5	6	2	5	3	0	10	6
THEMIS	0	4	0	2	0	0	0	1
PTPRK	61	1256	31	946	142	79	107	959
LAMA2	23	71	7	63	0	2	16	85
ARHGAP18	731	390	203	360	46	11	1296	340
TMEM244	0	0	0	0	0	0	0	0
L3MBTL3	215	113	48	79	10	4	398	81
SAMD3	97	30	0	46	5	3	55	84
TMEM200A	60	34	17	42	3	2	92	16
SMLR1	1429	329	2	493	40	3	3636	239
EPB41L2	1162	909	156	490	58	50	1906	665
AKAP7	186	97	44	101	6	13	405	59
ARG1	298	58	0	33	3	0	728	24
MED23	210	175	33	124	11	12	414	128
ENPP3	0	9	1	0	0	1	8	1
OR2A4	0	0	0	0	0	0	0	0
CTAGE9	0	0	0	0	0	0	0	0
ENPP1	193	99	80	33	7	5	313	77
CCN2	1316	270	934	182	12	18	2379	61
MOXD1	58	16	20	24	2	0	60	34
STX7	518	173	189	147	16	15	972	160
TAAR9	0	0	0	0	0	0	0	0
TAAR8	0	0	0	0	0	0	0	0
TAAR6	0	0	0	0	0	0	0	0
TAAR5	0	0	0	0	0	0	0	0
TAAR2	0	1	0	0	0	0	0	0
TAAR1	0	0	0	0	0	0	0	0
VNN1	0	0	0	0	0	0	2	0
VNN3	0	0	0	0	0	0	0	0
VNN2	0	0	0	0	0	0	0	0
SLC18B1	179	64	62	45	7	2	264	39
RPS12	84421	19501	20284	18355	1993	918	156678	16061
EYA4	16	21	2	31	2	2	7	24
TCF21	3	2	1	3	1	0	6	3
TBPL1	761	172	197	118	14	5	1191	122
SLC2A12	25	29	34	13	3	2	67	15
SGK1	129	95	46	50	3	12	484	58
ALDH8A1	8	6	5	1	0	0	18	7
HBS1L	643	350	125	284	25	16	1176	273
MYB	32	3	3	1	2	1	37	5
AHI1	266	253	128	191	35	12	692	248
PDE7B	2	16	1	0	1	0	5	9
MTFR2	105	21	42	20	1	0	242	28
BCLAF1	1555	767	337	691	90	30	2682	621
MAP7	395	479	123	400	50	37	629	352
MAP3K5	17	46	17	44	9	3	20	23
PEX7	215	149	73	71	8	2	367	117
SLC35D3	2	2	2	1	0	0	2	1
IL20RA	1	3	1	1	1	0	6	0
IL22RA2	0	0	0	0	0	0	0	0
IFNGR1	503	202	127	193	20	9	1053	128
OLIG3	21	23	1	13	0	1	41	0
TNFAIP3	95	32	57	35	1	0	115	21
PERP	4823	786	2599	906	85	46	6593	714
ARFGEF3	87	44	64	50	4	2	134	48
PBOV1	0	0	0	0	0	0	1	0
SMIM28	0	0	0	0	0	0	0	0
HEBP2	2568	340	1468	498	45	21	3674	346
NHSL1	213	632	85	473	55	39	516	514
GVQW2	5	15	2	5	1	1	15	11
CCDC28A	193	47	66	31	3	1	288	37
ECT2L	2	15	3	6	0	0	15	9
REPS1	429	506	149	397	51	15	926	299
ABRACL	3750	1009	2000	1076	154	41	7985	710
HECA	48	37	32	20	0	0	80	17
TXLNB	0	0	0	0	0	0	1	0
CITED2	1629	224	506	188	12	22	2801	211
NMBR	0	2	0	0	0	0	0	0
GJE1	0	0	0	0	0	0	0	0
VTA1	807	384	164	406	43	15	1520	334
ADGRG6	197	121	27	62	6	3	209	99
HIVEP2	23	38	44	29	2	5	42	33
AIG1	912	540	458	425	57	14	1671	297
ADAT2	119	53	23	38	0	3	216	33
PEX3	244	127	103	127	7	10	561	82
FUCA2	1410	402	416	428	55	16	2482	328
PHACTR2	1623	1033	630	1036	132	32	1942	971
LTV1	765	171	145	159	22	6	1201	163
ZC2HC1B	0	0	0	0	0	0	0	1
PLAGL1	311	199	56	147	15	10	417	115
SF3B5	2574	580	809	575	76	37	4896	467
STX11	2	1	10	0	0	0	5	1
UTRN	1163	1934	361	1482	167	89	2043	1441
EPM2A	36	60	16	43	6	6	60	36
FBXO30	232	136	51	72	11	6	388	81
SHPRH	899	482	129	365	47	22	1715	387
GRM1	5	4	0	0	0	0	7	2
RAB32	487	128	462	172	14	2	818	70
ADGB	1	0	1	1	0	0	0	1
STXBP5	104	341	27	307	47	18	137	365
SAMD5	37	133	11	292	20	6	114	91
SASH1	280	356	109	349	41	14	408	289
UST	60	313	33	639	21	21	97	325
TAB2	386	376	94	321	26	26	610	304
SUMO4	61	20	13	20	2	1	106	20
ZC3H12D	1	0	0	4	0	0	4	1
PPIL4	956	316	267	266	33	16	1625	254
GINM1	584	215	235	169	12	19	897	168
KATNA1	425	120	96	103	13	7	716	105
LATS1	231	308	53	230	27	10	459	253
NUP43	324	147	71	103	8	11	578	94
PCMT1	2260	572	774	585	48	22	3921	443
LRP11	11	16	15	16	0	1	13	14
RAET1E	0	0	0	0	0	0	0	0
RAET1G	1	0	0	0	0	0	0	0
ULBP2	0	0	6	0	0	0	0	0
ULBP1	3	1	3	1	0	0	4	0
RAET1L	0	0	5	0	0	0	0	0
ULBP3	22	10	10	2	2	2	82	5
PPP1R14C	22	4	47	2	2	1	36	3
IYD	10	16	0	8	0	0	28	3
PLEKHG1	29	153	53	85	13	8	76	50
MTHFD1L	606	497	159	444	54	13	1069	515
AKAP12	533	144	298	123	13	5	895	123
ZBTB2	119	64	32	53	4	4	199	78
RMND1	838	517	104	430	42	16	1865	384
ARMT1	1581	447	297	477	41	14	3241	357
CCDC170	15	7	1	9	1	0	43	9
ESR1	6	8	0	5	1	0	1	14
SYNE1	100	111	15	94	3	4	118	78
MYCT1	80	7	2	9	0	0	74	57
VIP	0	0	0	0	0	0	0	0
FBXO5	764	188	89	126	17	9	1279	162
MTRF1L	298	174	67	148	24	3	476	139
RGS17	85	35	16	23	3	2	164	74
OPRM1	1	1	0	1	0	0	0	0
IPCEF1	1	9	5	4	1	0	5	11
CNKSR3	152	174	21	194	23	11	320	165
SCAF8	334	552	69	505	57	39	556	443
TIAM2	144	297	39	250	31	11	364	359
TFB1M	583	424	81	253	25	25	1295	278
CLDN20	0	29	0	13	2	1	2	14
NOX3	2	3	0	1	0	0	4	1
ARID1B	1335	1786	290	1374	198	106	2462	1372
TMEM242	734	211	205	164	20	8	1141	162
ZDHHC14	100	70	72	85	18	4	202	65
SNX9	525	493	177	453	55	19	914	385
SYNJ2	331	158	109	127	13	4	404	156
SERAC1	171	89	48	49	6	3	273	59
GTF2H5	2706	557	813	557	74	20	5463	499
TULP4	726	504	150	396	50	20	1244	545
TMEM181	443	295	112	197	24	9	663	231
DYNLT1	3709	864	1635	654	83	38	5760	610
SYTL3	9	10	11	6	0	2	13	5
EZR	2761	818	1998	736	68	43	4886	709
RSPH3	142	66	58	43	8	3	210	51
TAGAP	0	0	1	0	0	0	0	0
FNDC1	2	0	0	9	0	0	4	0
SOD2	357	341	31	270	40	7	587	259
WTAP	1562	600	301	541	68	30	2670	548
ACAT2	3903	1193	346	979	128	50	7157	972
TCP1	3019	633	785	548	71	19	5030	518
MRPL18	2073	525	499	498	39	22	3503	373
PNLDC1	3	1	1	0	0	0	4	1
MAS1	0	0	0	0	0	0	1	1
IGF2R	804	445	275	498	54	9	1232	347
SLC22A1	5	4	2	10	0	0	8	9
SLC22A2	6	10	0	13	1	0	16	6
SLC22A3	64	232	1	290	23	10	99	104
LPA	3	2	0	0	0	0	26	1
PLG	60	188	0	9	3	7	155	45
MAP3K4	367	362	61	246	26	13	692	260
AGPAT4	609	419	97	431	52	17	972	412
PRKN	12	394	6	247	21	20	15	241
PACRG	8	27	0	28	2	1	16	12
QKI	1319	926	334	673	75	43	2044	610
C6orf118	7	4	7	3	1	0	16	6
PDE10A	131	975	12	497	55	29	173	493
TBXT	71	3	0	1	1	2	50	10
PRR18	11	2	1	0	0	0	9	1
SFT2D1	1287	294	427	268	26	14	2112	258
MPC1	701	224	175	232	12	11	1753	148
RPS6KA2	136	260	74	157	18	19	184	215
RAMACL	6	2	1	1	0	1	10	6
RNASET2	457	95	266	109	13	6	856	101
FGFR1OP	328	341	56	235	26	17	615	255
CCR6	78	23	0	13	0	2	114	12
TCP10L2	4	0	0	1	0	0	1	0
GPR31	0	0	0	0	0	0	0	0
UNC93A	74	99	1	177	16	3	126	145
TTLL2	1	7	0	11	0	0	2	2
TCP10	0	1	0	0	0	0	0	1
AFDN	1761	992	593	922	94	39	3144	752
KIF25	6	2	0	1	2	0	29	2
FRMD1	4	1	0	2	0	0	5	1
DACT2	101	24	5	9	4	3	73	25
SMOC2	80	261	15	71	11	41	126	20
THBS2	4	0	2	1	0	0	7	1
WDR27	164	256	30	291	30	26	247	252
C6orf120	391	135	139	128	10	4	732	89
PHF10	517	192	83	182	20	10	972	155
TCTE3	0	32	1	21	1	4	0	8
ERMARD	42	52	13	30	6	5	57	18
DLL1	11	93	2	35	8	0	15	61
FAM120B	40	413	13	301	49	21	50	306
PSMB1	8991	1913	2529	1686	181	87	14623	1552
TBP	246	102	71	64	8	4	432	63
PDCD2	1780	438	557	305	35	17	3493	295
FAM20C	410	151	33	188	19	4	766	162
AC187653.1	0	0	0	0	0	0	0	0
PDGFA	497	146	187	65	9	8	662	146
PRKAR1B	207	165	69	149	18	14	387	144
DNAAF5	436	126	85	107	9	6	667	124
SUN1	428	199	203	162	24	9	857	191
GET4	15	11	5	9	1	1	20	5
ADAP1	24	3	20	2	0	0	37	7
COX19	535	187	146	114	15	10	994	188
CYP2W1	0	0	3	0	0	0	3	0
C7orf50	1596	547	331	459	55	28	2652	403
GPR146	31	10	7	18	2	0	89	15
GPER1	11	9	6	5	2	0	24	2
ZFAND2A	463	131	75	89	19	11	1120	85
UNCX	5	1	1	0	0	0	5	2
MICALL2	83	32	17	21	1	0	120	25
INTS1	429	98	105	73	10	5	690	83
MAFK	76	12	33	8	2	0	98	12
TMEM184A	69	18	24	40	2	0	180	15
PSMG3	511	186	337	95	9	5	1056	101
ELFN1	67	25	8	16	1	1	103	27
MAD1L1	6	315	2	265	36	15	8	308
MRM2	2	221	0	142	21	5	2	160
NUDT1	1522	313	295	201	32	13	2012	227
SNX8	230	152	140	164	16	6	409	126
EIF3B	1939	401	435	317	47	13	3348	314
CHST12	420	90	151	109	10	3	583	117
GRIFIN	0	0	0	0	0	0	0	0
LFNG	250	40	28	72	4	3	280	34
BRAT1	258	97	64	57	8	2	482	60
IQCE	144	45	58	30	2	3	178	43
TTYH3	565	153	160	106	9	11	1044	119
AMZ1	7	45	9	32	5	5	13	30
GNA12	413	339	167	274	25	16	633	216
CARD11	14	52	24	86	2	0	40	24
SDK1	87	1305	36	878	137	76	173	1126
FOXK1	305	251	59	184	23	13	583	214
AP5Z1	179	67	82	102	6	1	200	46
RADIL	66	43	7	30	0	2	39	55
PAPOLB	17	1	1	4	0	0	15	2
MMD2	1	1	0	1	0	0	0	2
RBAK	140	55	33	71	9	5	258	54
WIPI2	1501	368	359	291	35	19	2315	303
SLC29A4	207	50	19	35	4	2	304	36
TNRC18	432	482	63	290	38	19	597	363
FBXL18	136	58	42	54	9	3	194	55
ACTB	65674	8641	28471	12199	1170	559	102679	8805
FSCN1	5209	1412	442	1092	181	51	7265	1149
RNF216	537	383	138	370	31	20	895	327
OCM	0	0	0	1	0	0	0	0
CCZ1	458	91	116	91	13	7	718	82
RSPH10B	0	0	0	0	0	0	0	1
PMS2	107	71	28	59	5	1	191	53
AIMP2	856	207	214	174	29	15	1477	175
EIF2AK1	1153	438	353	330	30	17	2125	272
ANKRD61	1	0	0	4	0	0	2	0
USP42	349	169	85	163	23	11	535	122
CYTH3	69	74	29	46	6	5	73	53
FAM220A	0	1	0	0	0	0	0	0
AC009412.1	0	0	0	0	0	0	0	0
RAC1	6530	1504	2596	1531	136	96	10086	1221
DAGLB	108	50	47	39	4	1	141	46
KDELR2	4936	1707	1176	1991	165	58	9776	1177
GRID2IP	2	16	1	5	0	1	5	5
ZDHHC4	804	208	250	165	23	10	1467	128
C7orf26	227	42	66	54	6	2	331	49
ZNF853	117	15	15	9	2	1	175	20
ZNF316	131	38	31	29	5	3	214	36
ZNF12	423	103	87	103	9	11	812	103
RSPH10B2	0	1	0	1	0	0	1	1
CCZ1B	202	79	45	62	7	4	248	85
C1GALT1	1003	373	367	413	23	25	1526	362
COL28A1	4	4	3	2	1	0	0	10
MIOS	286	128	109	112	12	9	421	93
RPA3	2034	465	575	330	45	22	3514	323
UMAD1	128	290	58	244	26	19	227	231
GLCCI1	336	634	154	569	35	25	577	492
ICA1	313	88	160	81	8	4	579	68
NXPH1	3	17	0	6	0	6	2	5
NDUFA4	19277	3902	3997	3751	488	200	34321	3393
PHF14	1742	707	426	491	47	46	2689	549
THSD7A	72	139	231	126	12	8	109	128
TMEM106B	796	270	354	214	15	13	1336	195
VWDE	31	63	19	56	8	4	55	42
AC013470.2	12	12	1	9	1	1	18	6
SCIN	6	2	2	1	1	0	16	7
ARL4A	706	234	229	204	32	18	1250	195
ETV1	108	62	21	33	1	3	121	32
DGKB	192	787	1	268	68	23	39	1559
AGMO	17	43	4	36	2	7	21	48
MEOX2	1	0	0	0	0	0	1	0
CRPPA	127	229	30	196	29	11	196	180
SOSTDC1	79	25	13	7	2	0	241	6
LRRC72	0	1	0	0	0	0	0	0
ANKMY2	776	582	74	322	61	17	1424	282
BZW2	2682	868	711	634	76	42	4721	625
TSPAN13	1827	460	427	380	47	21	3015	267
AGR2	140	17	14	7	0	0	123	3
AGR3	6	1	42	0	0	0	0	0
AHR	51	123	23	75	14	5	110	79
SNX13	324	312	93	286	30	13	572	234
PRPS1L1	0	0	0	0	0	0	0	0
HDAC9	12	76	11	65	3	1	21	55
TWIST1	115	23	136	32	4	0	112	23
FERD3L	0	0	0	0	0	0	0	0
TWISTNB	1210	249	185	242	23	12	1910	213
TMEM196	27	67	0	23	5	1	50	20
MACC1	108	37	156	43	6	4	133	22
ITGB8	438	561	23	391	63	53	537	232
ABCB5	1	9	0	11	4	0	9	18
SP8	313	191	43	122	16	6	901	137
SP4	135	127	29	109	9	6	254	98
DNAH11	51	20	5	17	1	1	61	13
CDCA7L	607	122	81	59	6	7	665	110
RAPGEF5	252	451	24	254	40	28	281	379
STEAP1B	250	315	8	697	23	47	191	616
IL6	25	2	37	8	0	0	38	2
TOMM7	9892	2632	1760	1842	219	109	18850	1823
FAM126A	806	562	101	450	46	51	1384	403
KLHL7	602	324	141	249	32	18	1091	197
NUP42	683	232	185	194	27	9	971	148
GPNMB	17	0	102	0	0	0	20	2
MALSU1	1356	333	322	315	38	18	2270	336
IGF2BP3	1406	1231	510	977	111	74	2792	1049
TRA2A	1065	742	244	591	63	38	2062	561
CCDC126	210	133	70	103	11	3	474	116
FAM221A	293	72	51	45	1	6	510	85
STK31	11	11	1	3	0	0	16	21
NPY	430	26	25	7	2	4	342	12
MPP6	778	884	61	1105	54	45	1389	414
GSDME	149	58	28	38	5	3	288	34
OSBPL3	62	123	78	68	11	9	118	158
CYCS	4262	844	1313	796	104	51	7241	716
C7orf31	38	22	16	15	1	2	49	21
NPVF	0	0	0	0	0	0	0	0
NFE2L3	253	49	117	115	14	7	703	103
HNRNPA2B1	19014	4275	3713	3065	349	185	28902	3442
CBX3	4097	1086	795	843	141	62	7158	841
SNX10	272	94	76	44	10	6	499	77
SKAP2	50	27	72	25	6	7	140	25
HOXA1	2	0	1	0	0	1	7	0
HOXA2	2	0	1	0	0	0	0	0
HOXA3	2	29	0	3	2	2	20	2
HOXA4	0	7	0	1	0	0	3	0
HOXA5	1	3	0	0	0	1	7	0
HOXA6	1	1	0	1	0	0	1	0
HOXA7	9	66	0	6	0	1	67	0
HOXA9	9	56	0	13	1	6	35	1
HOXA10	13	30	1	23	1	7	45	0
HOXA11	3	1	0	0	0	0	3	0
HOXA13	0	0	0	4	0	0	1	0
EVX1	100	10	0	32	2	2	110	15
HIBADH	755	659	138	379	38	22	1309	497
TAX1BP1	2360	917	791	765	81	35	4456	755
JAZF1	49	41	18	83	3	0	35	224
CREB5	36	43	54	37	7	6	49	16
TRIL	29	4	25	3	2	1	68	6
CPVL	711	142	597	194	12	11	1021	100
AC004593.3	0	1	0	0	0	0	0	1
CHN2	47	10	21	3	0	0	38	2
PRR15	610	103	92	172	10	4	1205	35
WIPF3	132	102	16	79	5	1	272	79
SCRN1	342	138	206	103	22	3	572	123
FKBP14	351	179	91	167	16	6	789	139
PLEKHA8	474	321	143	223	35	15	796	261
MTURN	146	62	118	45	3	2	255	51
ZNRF2	312	174	204	220	24	7	705	178
NOD1	17	28	18	24	1	2	46	10
GGCT	1755	504	1011	415	55	25	3654	346
GARS	1090	444	349	555	64	25	2122	396
CRHR2	1	2	0	3	0	0	0	3
INMT	59	31	3	53	6	0	126	23
MINDY4	54	41	7	42	7	4	117	53
AQP1	24	2	3	0	0	0	41	0
GHRHR	0	0	0	0	0	0	1	0
ADCYAP1R1	1	3	0	0	0	0	5	0
NEUROD6	0	0	0	0	0	0	0	0
ITPRID1	31	9	0	80	0	3	10	51
PPP1R17	8	13	7	5	0	2	22	11
PDE1C	2	53	5	20	2	0	11	33
LSM5	4585	1076	908	719	104	42	8820	795
AVL9	252	398	61	282	20	9	429	260
KBTBD2	353	220	48	204	28	5	661	183
FKBP9	303	91	90	76	7	2	417	43
NT5C3A	403	193	118	143	15	14	786	147
RP9	618	179	136	190	20	9	982	157
BBS9	112	375	120	245	25	47	153	690
BMPER	163	267	4	321	21	5	168	654
NPSR1	4	11	0	13	0	0	13	8
DPY19L1	254	275	44	205	21	8	415	167
TBX20	2	10	0	11	0	0	3	30
HERPUD2	388	139	125	102	7	4	640	111
SEPTIN7	5173	1682	1263	1654	194	69	9569	1236
EEPD1	46	110	14	125	12	2	90	103
KIAA0895	84	43	20	33	7	2	98	25
ANLN	565	220	118	137	15	5	749	160
AOAH	16	34	0	55	14	3	13	56
ELMO1	460	1751	26	960	129	66	408	2164
GPR141	3	1	0	0	0	0	1	0
EPDR1	47	51	11	37	3	0	68	24
NME8	13	4	1	0	0	0	10	0
SFRP4	2	1	0	5	1	0	3	1
STARD3NL	932	297	331	295	32	18	1843	217
TRGC2	1	0	0	0	0	0	1	0
TRGJ2	0	0	0	0	0	0	0	0
TRGJP2	0	0	0	0	0	0	0	0
TRGC1	0	0	0	0	0	0	5	0
TRGJ1	0	0	0	0	0	0	0	0
TRGJP	0	0	0	0	0	0	0	0
TRGJP1	0	0	0	0	0	0	0	0
TRGV11	0	0	0	0	0	0	0	0
TRGVB	0	0	0	0	0	0	0	0
TRGV10	0	0	0	0	0	0	0	0
TRGV9	0	0	0	0	0	0	0	0
TRGVA	0	0	0	0	0	0	0	0
TRGV8	0	0	0	0	0	0	0	0
TRGV7	0	0	0	0	0	0	0	0
TRGV6	0	0	0	0	0	0	0	0
TRGV5P	0	0	0	0	0	0	0	0
TRGV5	0	0	0	0	0	0	0	0
TRGV4	0	0	0	0	0	0	0	1
TRGV3	0	0	0	1	0	0	1	0
TRGV2	0	0	0	0	0	0	0	0
TRGV1	0	0	0	0	0	0	0	0
AMPH	69	28	11	19	0	1	58	31
VPS41	410	301	151	237	35	13	829	242
POU6F2	128	195	44	251	31	14	149	272
YAE1	601	202	108	170	24	6	1053	159
RALA	1453	611	527	619	69	26	2597	536
CDK13	770	560	180	529	61	32	1400	497
MPLKIP	1578	384	378	322	35	11	2920	274
SUGCT	99	300	22	248	17	10	280	190
INHBA	22	10	53	23	0	0	55	5
GLI3	190	290	174	145	26	19	427	212
C7orf25	14	26	3	29	2	2	22	22
PSMA2	1710	1669	401	1428	165	83	2759	1399
MRPL32	1512	329	419	253	37	19	2653	338
HECW1	4	12	1	15	3	1	5	30
STK17A	762	272	125	314	21	8	1277	301
COA1	2006	946	391	658	102	42	3488	761
BLVRA	418	53	163	55	14	2	511	75
MRPS24	35	783	8	713	103	30	56	595
URGCP	167	129	50	109	16	6	282	85
UBE2D4	214	59	61	58	6	2	428	48
SPDYE1	2	15	0	17	3	1	0	12
DBNL	814	138	292	121	15	2	1223	104
PGAM2	142	52	21	66	0	0	273	10
POLM	138	31	42	28	2	2	241	33
AEBP1	163	50	40	10	1	1	266	25
POLD2	1464	281	378	239	30	11	2581	254
MYL7	317	34	16	95	7	4	338	46
GCK	16	2	7	1	0	0	5	1
YKT6	368	102	156	93	3	7	574	88
CAMK2B	7	2	4	0	1	0	8	5
NUDCD3	342	203	86	157	27	7	641	169
NPC1L1	53	32	0	39	7	0	118	12
DDX56	621	157	159	128	12	6	1045	139
TMED4	1946	645	561	465	46	20	3399	460
OGDH	362	228	149	156	20	5	555	169
ZMIZ2	203	98	65	38	5	1	336	35
PPIA	7583	4816	1972	3846	445	212	11265	4011
H2AFV	4729	1074	777	929	121	53	6680	763
PURB	357	96	107	69	6	10	688	65
MYO1G	3	0	2	1	0	0	6	2
CCM2	761	371	180	300	49	9	1283	248
NACAD	27	3	22	8	0	0	59	2
TBRG4	667	133	222	117	9	7	1174	100
RAMP3	0	1	2	0	0	0	0	0
ADCY1	43	21	20	11	1	0	59	28
CCDC201	0	0	0	0	0	0	0	0
IGFBP1	4	0	0	2	0	0	3	0
IGFBP3	2164	101	1188	61	5	9	1650	89
TNS3	361	767	61	631	92	40	785	536
PKD1L1	7	40	1	63	10	6	21	50
HUS1	255	92	95	101	9	3	479	46
SUN3	2	1	7	2	0	0	2	1
C7orf57	2	2	7	0	0	0	0	1
UPP1	829	143	1384	149	16	4	1254	137
ABCA13	2	12	6	8	0	0	2	4
CDC14C	0	0	0	0	0	0	0	0
VWC2	9	5	0	5	0	0	5	4
ZPBP	0	4	0	1	0	0	3	1
SPATA48	0	0	0	0	0	0	0	0
IKZF1	5	3	1	2	0	0	13	2
FIGNL1	185	83	33	30	7	1	394	46
DDC	274	120	8	95	16	2	857	77
GRB10	352	437	46	501	59	18	431	614
COBL	421	804	112	735	89	32	952	608
POM121L12	0	0	0	0	0	0	0	0
VSTM2A	2	1	0	4	0	0	18	0
SEC61G	8126	1636	1989	1835	218	66	16684	1540
EGFR	242	250	164	162	15	9	392	97
LANCL2	145	137	40	137	14	11	191	99
VOPP1	155	241	58	189	20	11	233	208
SEPTIN14	1	2	0	1	0	0	0	0
ZNF713	65	94	16	82	15	2	84	98
NIPSNAP2	763	306	267	284	27	11	1237	227
MRPS17	298	236	76	227	36	10	543	221
PSPH	582	290	87	253	29	7	1303	187
CCT6A	6071	1569	1207	1241	159	56	9996	1264
SUMF2	641	188	191	135	13	15	1379	162
PHKG1	80	18	20	25	6	2	186	23
CHCHD2	2707	53	1685	2435	6	14	1488	47
NUPR2	0	0	0	0	0	0	3	0
ZNF479	0	0	0	0	0	0	1	0
ZNF716	0	0	0	0	0	0	0	0
AC115220.1	0	0	0	0	0	0	0	0
ZNF727	0	0	0	0	0	0	2	0
ZNF735	0	0	0	0	0	0	0	0
ZNF679	0	0	0	0	0	0	0	0
ZNF736	3	5	0	132	11	1	24	82
ZNF680	203	178	65	137	8	7	378	168
ZNF107	196	112	71	81	13	5	271	78
ZNF138	319	257	74	151	12	11	582	181
ZNF273	237	101	45	56	4	3	404	65
ZNF117	164	109	72	65	1	2	351	58
ERV3-1	236	74	98	59	3	2	369	60
ZNF92	375	161	94	158	12	4	645	139
VKORC1L1	599	250	157	228	33	13	962	176
GUSB	938	214	218	209	19	9	1569	195
ASL	610	203	64	224	13	7	1112	158
CRCP	392	191	86	153	14	16	673	169
TPST1	348	891	36	840	83	59	709	468
KCTD7	87	67	19	57	6	4	202	57
RABGEF1	60	579	15	440	43	28	108	442
TMEM248	732	266	214	227	28	6	1338	204
SBDS	866	237	399	263	29	10	1796	200
TYW1	297	343	80	293	20	15	527	229
SPDYE21P	0	13	0	12	2	0	1	13
AUTS2	510	2309	165	2159	200	80	778	2201
GALNT17	150	480	19	582	59	15	135	1014
CALN1	3	61	2	43	4	2	9	41
TYW1B	78	172	28	172	20	7	217	141
POM121	342	281	40	260	22	13	782	244
TRIM74	0	1	0	0	0	0	2	0
SPDYE8P	0	0	0	0	0	0	0	0
SPDYE17	0	0	0	0	0	0	0	0
SPDYE9P	0	0	0	0	0	0	0	0
NSUN5	403	163	103	120	14	5	777	122
TRIM50	0	0	0	0	0	0	1	0
FKBP6	4	1	0	1	0	0	3	0
FZD9	15	1	6	2	0	0	29	3
BAZ1B	1474	589	328	437	67	24	2685	494
BCL7B	684	110	188	100	13	6	1095	103
TBL2	438	112	107	91	15	8	813	90
MLXIPL	208	120	2	55	17	3	366	75
VPS37D	156	40	45	29	4	4	272	30
DNAJC30	345	50	109	68	7	2	580	50
BUD23	1303	279	438	278	28	9	2407	259
STX1A	76	21	25	15	3	1	117	18
ABHD11	630	141	483	123	10	8	1168	107
CLDN3	1334	254	489	300	52	11	3033	291
CLDN4	1741	285	3429	452	21	15	4546	120
METTL27	86	55	12	10	3	3	180	42
TMEM270	0	0	0	0	0	0	0	0
ELN	26	12	9	4	0	0	70	10
LIMK1	414	96	113	52	3	6	527	67
EIF4H	1343	519	407	418	39	21	2186	440
LAT2	3	6	2	13	1	0	12	21
RFC2	894	204	222	145	30	8	1464	173
CLIP2	61	65	29	37	6	6	85	88
GTF2IRD1	293	417	65	351	46	12	492	393
GTF2I	1439	1775	328	1292	167	78	2161	1275
NCF1	6	3	2	5	0	0	7	4
GTF2IRD2	53	31	9	22	4	2	65	21
CASTOR2	332	204	85	197	28	8	546	227
RCC1L	693	180	150	124	17	9	1129	161
GTF2IRD2B	41	35	6	35	9	1	69	37
AC211486.7	0	0	0	0	0	0	0	0
AC211486.8	0	0	0	0	0	0	0	0
AC211486.6	0	0	0	0	0	0	0	0
TRIM73	0	118	1	72	2	8	1	48
POM121C	537	228	121	144	23	5	980	159
SPDYE5	1	27	0	20	0	0	9	14
HIP1	550	218	95	126	19	11	748	177
CCL26	6	1	0	10	0	0	3	10
CCL24	0	0	0	0	0	0	0	0
RHBDD2	410	88	149	56	9	1	551	67
POR	798	258	200	224	24	5	1309	198
TMEM120A	494	147	106	169	14	4	1281	126
STYXL1	462	182	108	137	15	4	813	142
MDH2	4527	924	1014	1019	99	40	7177	932
SRRM3	48	11	21	10	0	0	63	10
HSPB1	2883	305	2117	466	46	16	3697	260
YWHAG	1317	389	389	304	32	24	2383	333
SSC4D	115	112	28	111	11	7	287	61
ZP3	31	23	43	14	3	1	104	13
DTX2	9	61	2	50	4	3	24	49
UPK3B	2	0	0	1	0	0	0	2
SPDYE16	1	0	0	3	0	0	0	3
POMZP3	36	29	7	30	3	4	135	20
CCDC146	47	248	10	91	10	8	81	225
FGL2	0	0	0	0	0	0	8	0
GSAP	13	20	6	8	1	0	19	22
PTPN12	1112	761	234	660	71	34	1939	655
RSBN1L	889	344	163	226	36	18	1478	260
TMEM60	692	207	203	108	21	7	1142	126
PHTF2	178	150	75	140	23	13	274	101
MAGI2	126	216	44	392	42	6	180	209
GNAI1	373	174	177	126	11	11	553	119
CD36	1	10	10	5	2	0	26	7
GNAT3	0	0	0	0	0	0	1	0
SEMA3C	198	237	86	356	27	15	276	124
HGF	0	0	2	1	0	0	4	0
CACNA2D1	74	281	23	182	43	11	113	231
PCLO	72	80	49	65	8	7	104	49
SEMA3E	790	133	77	67	11	11	658	647
SEMA3A	127	77	194	63	13	2	207	89
SEMA3D	234	134	46	168	17	22	429	64
GRM3	32	16	2	17	0	0	31	29
KIAA1324L	280	317	53	235	37	12	250	293
DMTF1	550	351	78	355	37	14	916	247
TMEM243	493	288	132	238	35	8	1287	167
CROT	163	75	106	79	11	6	305	82
ABCB4	20	14	0	9	1	1	40	11
ABCB1	1	0	0	1	0	0	1	0
RUNDC3B	10	4	3	4	0	0	34	10
SLC25A40	114	77	35	46	10	1	229	50
DBF4	854	264	157	197	18	13	1375	218
ADAM22	70	86	6	69	8	6	92	79
SRI	2120	482	862	325	59	34	3883	389
STEAP4	0	2	0	0	0	0	3	0
ZNF804B	7	67	0	102	11	12	3	61
TEX47	0	0	0	0	0	0	0	0
STEAP1	594	365	26	340	37	4	1244	110
STEAP2	88	197	12	138	8	9	321	66
CFAP69	24	105	2	55	13	3	65	49
FAM237B	0	0	0	0	0	0	0	1
GTPBP10	186	158	46	110	9	10	374	105
CLDN12	196	76	44	46	3	2	387	65
CDK14	145	852	39	625	124	34	318	619
FZD1	76	16	34	12	0	2	158	9
MTERF1	191	144	62	89	20	10	359	149
AKAP9	2017	818	737	662	112	44	3574	631
CYP51A1	126	878	15	844	79	21	254	483
LRRD1	1	5	0	0	0	1	1	2
KRIT1	370	315	88	228	24	11	604	183
ANKIB1	379	664	123	537	56	35	751	538
GATAD1	1335	335	348	248	24	10	2402	282
ERVW-1	1	1	3	0	1	0	6	1
PEX1	338	108	92	80	12	5	516	110
RBM48	177	62	54	53	7	6	317	49
FAM133B	935	544	223	424	53	24	1689	423
CDK6	1331	893	240	669	114	44	2176	1007
SAMD9	0	0	6	0	0	0	2	0
SAMD9L	0	0	2	0	0	0	0	0
HEPACAM2	16	1	0	2	0	0	4	0
VPS50	115	132	67	108	18	12	217	127
CALCR	29	16	0	37	2	3	17	50
GNGT1	37	227	29	366	21	13	28	252
TFPI2	98	9	196	32	0	0	40	5
GNG11	259	51	58	182	9	0	250	43
BET1	729	239	185	233	20	10	1497	169
COL1A2	539	48	1457	198	7	4	1127	34
CASD1	452	389	70	263	24	17	726	347
SGCE	360	261	147	141	30	15	667	208
PEG10	3058	563	485	352	71	18	4136	538
PPP1R9A	443	916	124	505	80	38	668	819
PON1	11	5	0	1	0	0	45	4
PON3	11	15	28	16	1	0	70	1
PON2	1573	665	522	536	46	17	3690	352
ASB4	28	14	0	0	0	0	28	0
PDK4	8	8	43	0	0	0	7	0
DYNC1I1	111	140	40	131	6	5	277	102
SLC25A13	1287	753	311	668	64	44	2307	714
SEM1	7596	1680	1871	1756	232	84	13038	1379
DLX6	38	0	29	1	0	0	94	1
DLX5	233	23	305	6	0	4	907	2
SDHAF3	569	190	209	108	26	10	1176	137
TAC1	6	1	38	6	0	0	15	2
ASNS	434	2	140	4	0	1	926	8
OCM2	0	0	0	0	0	0	2	0
LMTK2	100	217	37	166	20	8	166	167
BHLHA15	0	1	0	0	0	0	2	1
TECPR1	113	50	27	50	7	3	175	32
BRI3	4989	1459	2949	1553	116	55	8837	1012
BAIAP2L1	263	197	159	240	25	14	531	164
NPTX2	9	3	7	3	0	0	14	3
TMEM130	1	0	2	0	0	0	1	0
TRRAP	351	307	81	271	24	12	646	316
SMURF1	136	331	39	273	18	13	195	263
KPNA7	0	0	0	1	0	0	0	1
ARPC1A	2963	640	739	583	65	31	5013	550
ARPC1B	775	444	358	449	42	17	1141	366
PDAP1	3290	781	897	628	72	45	5979	609
BUD31	2431	577	720	500	43	22	4102	513
PTCD1	201	147	35	107	8	9	403	100
CPSF4	620	207	153	192	11	9	1138	144
ATP5MF	7759	1609	1483	1463	197	65	13809	1276
ZNF789	134	99	22	100	12	6	233	92
ZNF394	259	71	88	68	6	2	445	48
ZKSCAN5	134	61	16	59	4	2	226	52
FAM200A	198	68	48	68	7	2	306	37
ZNF655	459	143	149	140	11	4	737	128
TMEM225B	15	11	5	1	0	0	46	5
ZSCAN25	72	62	33	43	6	3	142	41
CYP3A5	77	25	9	37	10	4	173	24
CYP3A7	2	2	3	1	0	0	1	2
CYP3A4	1	1	0	0	0	0	0	0
CYP3A43	3	0	0	5	1	0	1	3
OR2AE1	0	0	0	0	0	0	0	0
TRIM4	177	78	53	110	8	5	460	91
GJC3	12	2	3	2	1	0	32	2
AZGP1	0	1	0	0	0	0	3	0
ZKSCAN1	1406	406	311	312	31	32	2324	344
ZSCAN21	264	74	55	64	7	7	423	56
ZNF3	366	114	78	73	10	7	530	70
COPS6	2357	433	644	324	49	16	3763	384
MCM7	1581	285	356	184	25	16	2394	256
AP4M1	341	41	82	62	5	1	512	49
TAF6	627	111	159	87	8	5	939	88
CNPY4	169	36	55	32	6	4	264	25
MBLAC1	26	9	18	9	0	0	58	3
LAMTOR4	3991	835	988	761	108	29	6477	818
MAP11	93	8	34	15	1	0	119	11
GAL3ST4	29	7	8	4	0	0	35	7
GPC2	322	61	45	27	4	6	497	68
STAG3	25	36	8	31	3	0	34	34
CASTOR3	377	384	133	313	43	17	668	371
PVRIG	0	3	1	0	0	0	1	0
SPDYE3	4	52	0	21	6	2	9	32
PILRB	309	119	64	105	18	2	311	78
PILRA	10	19	2	14	3	1	14	50
ZCWPW1	43	24	18	8	2	1	52	20
MEPCE	247	56	48	47	5	2	449	52
PPP1R35	1006	277	301	167	18	8	1808	187
C7orf61	8	6	6	2	1	1	14	3
TSC22D4	397	46	233	56	5	3	581	39
NYAP1	13	3	8	2	0	0	25	7
AGFG2	56	80	10	70	8	3	145	44
SAP25	20	4	8	8	0	0	34	4
LRCH4	250	47	96	39	3	1	376	27
FBXO24	9	6	0	1	0	1	12	2
PCOLCE	149	18	67	15	1	0	291	15
MOSPD3	345	51	131	65	6	2	564	50
TFR2	18	19	2	10	0	0	49	10
ACTL6B	1	0	0	2	1	0	2	0
GNB2	2276	438	965	390	33	16	3427	408
GIGYF1	446	118	97	94	8	6	721	113
POP7	1601	310	445	358	37	13	3000	271
EPO	51	9	0	27	2	1	237	12
ZAN	2	2	1	1	0	0	0	6
EPHB4	543	157	139	109	9	4	809	112
SLC12A9	268	72	65	77	6	4	412	55
TRIP6	1330	274	440	281	35	15	2562	274
SRRT	1049	275	266	228	31	8	1641	155
UFSP1	49	5	10	13	5	1	88	7
ACHE	69	14	64	26	3	0	147	15
MUC3A	63	12	38	30	1	1	129	16
MUC12	20	13	26	10	0	0	76	3
MUC17	0	1	0	0	0	0	0	1
TRIM56	354	82	228	93	9	7	692	72
SERPINE1	6	5	34	8	0	0	12	1
AP1S1	1660	314	1175	284	23	27	2850	240
VGF	37	17	215	8	1	0	81	2
NAT16	2	0	1	2	0	0	1	0
MOGAT3	60	38	6	28	0	0	193	16
PLOD3	425	87	138	67	7	4	723	64
ZNHIT1	2524	692	841	618	77	28	4307	559
CLDN15	85	18	26	19	2	0	178	11
FIS1	2741	676	1002	602	73	36	4324	506
IFT22	811	148	255	162	13	5	1109	121
COL26A1	239	223	36	171	20	15	479	171
MYL10	0	0	1	0	0	0	0	0
CUX1	861	1650	229	1331	160	82	1338	1439
SH2B2	81	12	95	5	1	2	144	16
SPDYE6	0	2	0	3	2	0	0	1
PRKRIP1	507	359	167	292	34	11	776	292
ORAI2	398	98	184	56	4	6	699	65
ALKBH4	388	96	67	60	13	8	625	76
LRWD1	412	46	99	50	6	2	551	60
POLR2J	2319	535	630	506	41	17	3817	359
RASA4B	0	5	0	10	2	0	0	2
POLR2J3	86	412	34	474	57	14	70	188
UPK3BL2	0	3	0	1	0	0	0	4
SPDYE2	0	65	0	61	6	2	0	52
RASA4	6	23	0	14	4	1	20	13
UPK3BL1	2	108	7	64	7	6	17	23
SPDYE2B	0	2	0	2	0	1	0	0
POLR2J2	95	20	14	19	3	2	104	10
FAM185A	86	59	17	46	2	4	119	46
FBXL13	12	86	5	44	6	2	24	58
LRRC17	13	9	15	9	3	0	21	7
NFE4	0	0	1	0	0	0	0	0
ARMC10	41	209	25	195	34	4	109	193
NAPEPLD	6	62	3	34	7	2	21	42
PMPCB	1292	371	326	326	36	17	2327	307
DNAJC2	1435	360	310	370	40	17	2543	329
PSMC2	1259	273	476	256	26	17	1980	233
SLC26A5	2	20	2	20	3	2	9	9
RELN	44	65	11	2	9	0	114	91
ORC5	173	141	45	135	25	2	315	133
LHFPL3	2	66	0	53	1	3	1	47
KMT2E	1340	623	295	494	58	27	2260	497
SRPK2	1476	1632	296	1196	140	76	2604	1282
PUS7	320	280	46	177	34	9	610	216
RINT1	204	106	53	112	11	4	353	96
EFCAB10	8	20	9	16	1	2	16	28
ATXN7L1	151	374	39	330	39	16	323	323
CDHR3	93	308	4	294	43	15	144	204
SYPL1	1837	467	485	487	55	25	3509	360
NAMPT	547	322	141	363	28	15	976	289
CCDC71L	543	70	192	47	10	5	774	67
PIK3CG	0	0	0	0	0	0	0	0
PRKAR2B	160	88	72	28	4	7	237	32
HBP1	528	156	181	123	18	7	792	137
COG5	183	836	54	742	81	38	361	648
GPR22	2	4	0	0	0	0	0	2
DUS4L	195	62	47	40	5	3	370	48
BCAP29	910	306	243	236	33	10	1755	223
SLC26A4	1	2	0	1	0	0	4	4
CBLL1	257	97	59	74	11	6	442	64
SLC26A3	11	25	0	10	1	0	45	9
DLD	891	264	259	208	23	10	1713	148
LAMB1	1934	1207	229	1408	177	71	3493	842
LAMB4	0	1	3	1	0	0	2	5
NRCAM	384	712	31	636	64	13	443	861
PNPLA8	437	196	191	211	13	10	767	150
THAP5	254	57	64	64	8	6	509	47
DNAJB9	441	121	138	107	15	7	954	98
IMMP2L	272	1161	84	850	105	86	539	879
LRRN3	45	25	17	19	3	1	57	16
DOCK4	84	330	26	267	46	16	166	256
ZNF277	356	234	120	200	25	9	628	196
IFRD1	724	218	224	225	16	19	1295	229
LSMEM1	6	3	7	3	0	0	11	8
TMEM168	154	182	55	122	10	7	342	105
BMT2	71	198	37	137	9	11	130	141
GPR85	4	1	6	0	0	0	7	2
SMIM30	503	113	394	102	10	5	1072	124
PPP1R3A	1	1	0	0	0	0	0	3
FOXP2	195	1028	4	910	119	50	245	787
MDFIC	173	134	59	102	10	5	250	100
TFEC	18	25	0	20	1	1	44	13
TES	401	145	269	139	23	17	854	108
CAV2	198	65	287	61	7	1	177	52
CAV1	71	14	321	19	4	0	123	16
MET	118	39	68	31	11	2	120	19
CAPZA2	1524	529	417	444	59	19	2827	403
ST7	103	75	43	77	6	4	164	54
WNT2	4	1	5	0	0	0	10	0
ASZ1	0	1	0	0	0	0	0	0
CFTR	159	241	36	235	43	14	381	94
CTTNBP2	168	113	123	49	8	5	351	73
LSM8	2372	522	674	450	56	21	3913	395
ANKRD7	2	44	8	14	0	1	8	16
KCND2	5	40	9	22	1	0	6	21
TSPAN12	369	66	156	53	4	4	446	87
ING3	313	91	88	57	11	1	440	63
CPED1	4	5	3	12	0	1	3	4
WNT16	0	1	0	1	0	0	1	0
FAM3C	414	416	202	436	43	16	627	321
PTPRZ1	164	135	28	87	9	4	252	142
AASS	716	379	163	186	36	24	1362	284
FEZF1	10	3	75	6	1	0	31	2
CADPS2	120	253	33	211	36	7	178	150
RNF133	0	1	0	0	0	0	0	0
RNF148	1	0	1	0	0	0	1	0
TAS2R16	0	0	0	0	0	0	0	0
SLC13A1	0	0	0	0	0	0	0	0
IQUB	17	18	15	4	2	0	22	8
NDUFA5	1850	432	662	367	34	27	3236	341
ASB15	2	2	2	0	0	0	4	3
LMOD2	5	2	2	0	0	0	3	4
WASL	1024	516	284	507	50	21	1764	424
HYAL4	3	3	1	0	0	0	5	2
SPAM1	4	6	1	6	0	2	11	1
TMEM229A	275	31	2	34	2	2	392	10
SSU72P8	0	0	0	0	0	0	0	0
GPR37	252	35	161	25	5	4	326	65
C7orf77	0	0	0	0	0	0	0	0
POT1	226	149	37	107	14	6	361	140
GRM8	6	39	1	24	3	1	8	11
ZNF800	205	88	68	86	8	2	370	69
GCC1	88	29	36	12	4	0	148	15
ARF5	3150	509	1047	473	67	38	5086	425
FSCN3	3	0	0	3	2	1	8	8
PAX4	1	0	0	1	0	0	2	0
SND1	1392	1378	379	1463	126	58	2649	1080
LRRC4	48	13	15	9	0	2	85	17
LEP	0	1	0	0	0	0	0	0
RBM28	662	251	176	256	21	12	1334	153
PRRT4	31	1	59	0	0	0	20	1
IMPDH1	143	30	119	25	4	2	271	30
HILPDA	1281	301	258	221	21	19	2394	218
METTL2B	454	176	90	139	23	10	799	148
FAM71F2	15	5	11	15	0	0	23	16
FAM71F1	5	2	11	0	0	0	7	3
CALU	3898	1568	1246	1642	128	75	7760	1049
OPN1SW	3	3	0	4	1	0	2	2
CCDC136	63	67	22	15	2	1	124	37
FLNC	115	8	235	30	3	0	118	3
KCP	90	66	2	42	6	0	237	31
ATP6V1F	4543	1107	1623	1297	148	32	8481	771
ATP6V1FNB	0	2	3	2	0	0	2	1
IRF5	2	0	0	0	0	0	9	0
TNPO3	640	428	168	284	28	13	1030	324
AC011005.1	2	0	1	0	0	0	6	1
TSPAN33	176	43	39	34	4	5	265	29
SMO	347	164	45	104	14	2	534	99
AHCYL2	86	373	27	329	24	14	138	291
STRIP2	43	37	6	17	1	0	66	23
SMKR1	24	0	8	2	0	0	29	3
NRF1	128	395	22	325	53	20	201	353
UBE2H	1223	896	756	1008	91	29	2377	553
ZC3HC1	332	140	72	95	12	4	478	107
KLHDC10	254	326	93	247	31	20	614	229
TMEM209	267	116	56	84	3	8	458	78
SSMEM1	0	0	0	0	0	0	0	0
CPA2	80	5	0	2	0	3	10	3
CPA4	9	0	14	1	0	0	3	0
CPA5	0	0	0	0	0	0	1	0
CPA1	1	0	0	0	0	0	1	0
CEP41	179	60	82	42	6	5	310	40
MEST	1926	391	1346	215	32	23	5304	274
COPG2	285	226	30	139	27	13	477	186
TSGA13	1	1	0	0	0	0	3	0
KLF14	0	0	0	1	0	0	0	0
MKLN1	502	704	130	622	70	38	874	598
PODXL	2320	939	148	692	80	24	3949	949
PLXNA4	11	19	1	43	8	0	7	39
CHCHD3	1408	757	423	658	96	37	2267	604
EXOC4	472	1506	98	1105	132	71	716	1097
LRGUK	4	30	2	22	4	3	3	27
SLC35B4	455	142	115	140	7	8	691	94
AKR1B1	1314	235	996	131	19	10	1636	216
AKR1B10	52	70	5	216	10	1	84	212
AKR1B15	4	1	34	3	0	0	8	3
BPGM	270	62	141	48	10	3	508	54
CALD1	11643	3657	2796	4391	574	142	23446	2590
AGBL3	66	164	9	98	13	5	152	62
CYREN	779	229	176	225	22	10	1138	209
TMEM140	9	22	1	15	1	0	14	6
WDR91	119	52	25	31	5	2	200	18
STRA8	0	1	0	0	0	0	0	1
CNOT4	636	427	153	387	30	25	1082	361
NUP205	382	268	98	182	21	10	680	184
STMP1	2742	688	714	671	58	33	4844	489
SLC13A4	23	18	5	13	2	1	50	19
FAM180A	0	0	0	0	0	0	0	0
MTPN	1721	659	577	542	60	44	3124	527
LUZP6	0	0	0	0	0	0	0	0
CHRM2	0	19	1	18	3	2	4	9
PTN	3799	175	4747	92	6	12	2395	74
DGKI	8	13	1	62	6	0	3	31
CREB3L2	841	686	337	783	64	25	2041	483
AKR1D1	498	470	2	779	67	13	1939	384
TRIM24	1535	1446	381	1403	108	42	3193	1078
SVOPL	13	7	16	6	0	0	27	3
ATP6V0A4	11	4	9	0	0	1	6	0
TMEM213	4	2	0	0	0	0	8	6
KIAA1549	263	217	51	123	18	6	401	178
ZC3HAV1L	44	26	4	21	4	1	49	20
ZC3HAV1	554	161	84	97	17	5	740	270
TTC26	77	43	24	19	3	2	81	39
UBN2	531	253	86	216	19	16	853	251
FMC1	442	164	104	125	14	10	842	120
LUC7L2	761	687	242	534	69	39	1309	551
KLRG2	5	0	14	3	1	0	25	4
CLEC2L	63	24	1	214	18	3	335	111
HIPK2	1181	672	137	604	63	35	1754	628
TBXAS1	54	47	3	40	5	0	86	47
PARP12	28	6	11	6	1	0	29	9
KDM7A	145	203	40	192	15	9	230	185
SLC37A3	287	153	81	144	17	4	457	149
RAB19	1	2	1	5	1	0	7	2
MKRN1	716	243	292	203	21	15	1283	163
DENND2A	96	121	40	64	4	6	350	78
ADCK2	168	19	90	23	2	0	267	27
NDUFB2	5039	1053	1436	1129	138	46	8908	993
BRAF	495	1014	117	867	102	45	920	701
MRPS33	1466	362	600	414	52	19	3086	294
TMEM178B	16	44	6	21	4	6	27	39
AGK	42	136	8	123	20	8	97	115
DENND11	7	167	2	97	20	3	11	98
WEE2	1	6	0	1	0	0	2	0
SSBP1	6262	1396	1627	1372	168	84	11167	1173
TAS2R3	0	0	0	1	0	0	0	0
TAS2R4	28	14	13	3	1	0	46	7
TAS2R5	2	1	0	1	0	0	2	0
PRSS37	0	1	0	1	0	0	0	0
MGAM	1	21	0	9	1	1	4	12
OR9A4	0	1	0	1	0	0	0	0
CLEC5A	0	4	0	0	0	0	0	2
TAS2R38	0	0	0	0	0	0	0	0
MGAM2	0	1	0	1	0	0	1	3
PRSS58	0	0	0	0	0	0	0	0
TRBV1	0	0	0	0	0	0	0	0
TRBV2	0	0	0	0	0	0	0	0
TRBV3-1	0	0	0	0	0	0	0	0
TRBV4-1	0	0	0	0	0	0	0	0
TRBV5-1	0	0	0	0	0	0	0	0
TRBV6-1	0	0	0	0	0	0	0	0
TRBV7-1	0	0	0	0	0	0	0	0
TRBV4-2	0	0	0	0	0	0	0	0
TRBV6-2	0	0	0	0	0	0	0	0
TRBV7-2	0	0	0	0	0	0	0	0
TRBV8-1	0	0	0	0	0	0	0	0
TRBV5-2	0	0	0	0	0	0	0	0
TRBV6-4	0	0	0	0	0	0	0	0
TRBV7-3	0	0	0	0	0	0	0	0
TRBV8-2	0	0	0	0	0	0	0	0
TRBV5-3	0	0	0	0	0	0	0	0
TRBV9	0	0	0	0	0	0	0	0
TRBV10-1	0	0	0	0	0	0	0	0
TRBV11-1	0	0	0	0	0	0	0	0
TRBV12-1	0	0	0	0	0	0	0	0
TRBV10-2	0	0	0	0	0	0	0	0
TRBV12-2	0	0	0	0	0	0	0	0
TRBV6-5	0	0	0	0	0	0	0	0
TRBV7-4	0	0	0	0	0	0	0	0
TRBV5-4	0	0	0	0	0	0	0	0
TRBV6-6	0	0	0	0	0	0	0	0
TRBV7-5	0	0	0	0	0	0	0	0
TRBV5-5	0	0	0	0	0	0	0	0
TRBV6-7	0	0	0	0	0	0	0	0
TRBV7-6	0	0	0	0	0	0	0	0
TRBV5-6	0	0	0	0	0	0	0	0
TRBV6-8	0	0	0	0	0	0	0	0
TRBV7-7	0	0	0	0	0	0	0	0
TRBV5-7	0	0	0	0	0	0	0	0
TRBV7-9	0	0	0	0	0	0	0	0
TRBV13	0	0	0	0	0	0	0	0
TRBV10-3	0	0	0	0	0	0	0	0
TRBV11-3	0	0	0	0	0	0	0	0
TRBV12-3	0	0	0	0	0	0	0	0
TRBV12-4	0	0	0	0	0	0	0	0
TRBV12-5	0	0	0	0	0	0	0	0
TRBV14	0	0	0	0	0	0	0	0
TRBV15	0	0	0	0	0	0	0	0
TRBV16	0	0	0	0	0	0	0	0
TRBV17	0	0	0	0	0	0	0	0
TRBV18	0	0	0	0	0	0	0	0
TRBV19	0	0	0	0	0	0	0	0
TRBV20-1	0	0	0	0	0	0	0	0
TRBV21-1	0	0	0	0	0	0	0	0
TRBV22-1	0	0	0	0	0	0	0	0
TRBV23-1	0	0	0	0	0	0	0	0
TRBV24-1	0	0	0	0	0	0	0	0
MTRNR2L6	0	0	0	0	0	0	0	0
TRBV25-1	0	0	0	0	0	0	0	0
TRBVA	0	0	0	0	0	0	0	0
TRBV26	0	0	0	0	0	0	0	0
TRBVB	0	0	0	0	0	0	0	0
TRBV27	0	0	0	0	0	0	0	0
TRBV28	0	0	0	0	0	0	0	0
TRBV29-1	0	0	0	0	0	0	0	0
PRSS1	1172	125	1	169	9	17	265	230
PRSS2	3031	323	0	158	20	42	492	482
TRBD1	0	0	0	0	0	0	0	0
TRBJ1-1	0	0	0	0	0	0	0	0
TRBJ1-2	0	0	0	0	0	0	0	0
TRBJ1-3	0	0	0	0	0	0	0	0
TRBJ1-4	0	0	0	0	0	0	0	0
TRBJ1-5	0	0	0	0	0	0	0	0
TRBJ1-6	0	0	0	0	0	0	0	0
TRBC1	1	0	0	0	0	0	0	0
TRBJ2-1	0	0	0	0	0	0	0	0
TRBJ2-2	0	0	0	0	0	0	0	0
TRBJ2-2P	0	0	0	0	0	0	0	0
TRBJ2-3	0	0	0	0	0	0	0	0
TRBJ2-4	0	0	0	0	0	0	0	0
TRBJ2-5	0	0	0	0	0	0	0	0
TRBJ2-6	0	0	0	0	0	0	0	0
TRBJ2-7	0	0	0	0	0	0	0	0
TRBC2	18	2	47	1	0	0	33	2
TRBV30	2	0	0	0	1	0	0	1
EPHB6	165	42	32	23	2	2	174	49
TRPV6	5	9	2	7	0	0	3	3
TRPV5	0	2	0	3	0	0	0	14
LLCFC1	0	0	0	0	0	0	0	0
KEL	62	184	0	177	24	5	55	222
OR9A2	0	0	0	0	0	0	0	0
OR6V1	0	0	0	0	0	0	0	0
PIP	5	0	0	0	0	0	0	0
TAS2R39	0	0	0	0	0	0	0	0
TAS2R40	0	0	0	0	0	0	0	0
GSTK1	1691	387	620	356	41	16	3206	274
TMEM139	86	26	47	19	3	3	244	14
CASP2	290	124	66	86	15	6	628	71
CLCN1	4	2	3	2	0	0	8	2
FAM131B	9	1	7	3	0	0	5	2
ZYX	670	141	332	211	14	2	950	104
EPHA1	236	71	90	74	8	2	504	46
TAS2R60	0	0	0	0	0	0	0	0
TAS2R41	0	0	0	0	0	0	0	0
CTAGE15	0	0	0	0	0	0	2	0
TCAF2	3	0	11	0	0	0	4	1
TCAF2C	0	0	0	0	0	0	0	0
CTAGE6	0	0	0	0	0	0	0	0
TCAF1	711	533	121	491	48	13	1282	301
OR2F2	0	0	0	0	0	0	0	0
OR2F1	0	1	0	0	0	0	0	0
OR6B1	0	0	0	0	0	0	0	0
OR2A5	1	4	0	5	0	0	2	1
OR2A25	0	0	0	1	0	0	0	0
OR2A12	0	1	1	3	0	0	4	0
OR2A2	0	0	0	0	0	0	1	1
OR2A14	0	1	0	0	0	0	0	0
CTAGE4	1	0	1	0	0	0	0	0
ARHGEF35	66	98	27	56	9	5	54	42
OR2A42	0	0	0	0	0	0	0	0
OR2A7	0	2	0	2	0	0	0	1
CTAGE8	0	0	0	0	0	0	0	0
OR2A1	0	0	0	0	0	0	0	0
ARHGEF5	136	72	75	51	2	4	245	23
NOBOX	0	0	0	1	0	0	0	0
TPK1	152	213	9	215	16	10	223	166
CNTNAP2	208	750	75	927	95	68	200	815
C7orf33	0	0	0	0	0	0	0	0
CUL1	606	373	221	322	39	20	1094	273
EZH2	981	426	145	297	50	19	1412	364
PDIA4	2724	638	595	549	68	16	5131	478
ZNF786	100	68	30	45	8	1	158	45
ZNF425	50	42	22	20	2	1	97	20
ZNF398	101	122	52	77	11	4	228	80
ZNF282	165	78	66	58	9	1	248	61
ZNF212	108	75	25	63	7	7	192	54
ZNF783	64	46	19	33	4	1	115	32
ZNF777	149	56	36	31	2	0	228	35
ZNF746	177	59	51	46	6	1	282	32
KRBA1	92	27	23	21	4	0	138	25
ZNF467	58	8	59	12	2	1	106	1
SSPO	15	9	2	5	0	0	21	1
ZNF862	27	69	10	61	5	4	30	56
ATP6V0E2	285	128	238	114	9	5	952	85
ACTR3C	0	2	7	13	0	0	8	0
ZBED6CL	0	0	6	3	0	0	17	0
LRRC61	31	3	61	61	2	1	319	19
RARRES2	327	31	593	24	3	6	924	27
REPIN1	710	111	206	106	8	9	1107	91
ZNF775	270	68	42	50	6	2	440	51
AC073111.4	43	19	26	12	4	0	121	16
GIMAP8	0	0	0	0	0	0	0	0
GIMAP7	0	0	0	0	0	0	5	0
GIMAP4	0	0	1	0	0	0	0	0
GIMAP6	0	0	0	0	0	0	0	0
GIMAP2	0	0	0	0	0	0	0	0
GIMAP1	0	0	0	1	0	0	0	0
GIMAP5	0	0	1	0	0	0	1	0
TMEM176B	64	1	55	5	0	0	180	2
TMEM176A	43	1	70	8	0	0	252	5
AOC1	1	0	1	1	0	0	11	0
KCNH2	80	15	25	9	0	0	106	7
NOS3	15	8	16	5	1	0	62	3
ATG9B	17	4	36	0	0	1	56	3
ABCB8	181	76	90	42	5	3	291	37
ASIC3	6	0	0	0	0	0	5	2
CDK5	308	69	115	61	10	1	527	71
SLC4A2	536	65	157	76	10	3	764	78
FASTK	666	110	214	118	15	2	1121	92
TMUB1	698	144	196	120	22	7	1058	125
AGAP3	324	84	149	71	14	5	510	95
GBX1	0	0	0	0	0	0	0	5
ASB10	0	0	0	1	0	0	0	0
IQCA1L	0	0	0	0	0	0	0	0
AC021097.2	0	0	0	0	0	0	0	0
ABCF2	0	95	0	95	6	8	0	89
CHPF2	173	45	95	50	7	4	390	32
SMARCD3	270	47	42	28	4	4	420	46
NUB1	753	203	110	182	23	6	1266	165
WDR86	128	92	21	38	5	5	207	68
CRYGN	6	2	2	1	0	0	8	1
RHEB	1689	754	550	756	79	43	2773	606
PRKAG2	323	133	147	225	11	7	469	128
GALNTL5	0	1	1	0	0	0	0	0
GALNT11	543	217	186	205	25	9	876	176
KMT2C	566	699	203	565	53	27	962	585
XRCC2	246	103	63	45	12	4	418	61
ACTR3B	243	135	37	71	11	6	428	82
DPP6	15	42	6	12	14	6	35	58
PAXIP1	274	112	65	70	13	5	525	88
HTR5A	0	0	0	0	0	0	0	0
INSIG1	446	142	98	207	25	11	1155	117
EN2	1	2	0	2	0	0	3	0
CNPY1	6	0	0	0	0	0	27	0
RBM33	553	459	128	369	35	18	1052	324
SHH	192	148	2	54	7	14	1197	16
RNF32	57	28	12	25	0	2	129	18
LMBR1	296	532	65	451	52	27	502	507
NOM1	361	103	67	79	6	2	615	75
MNX1	711	275	4	101	16	22	929	193
UBE3C	429	534	101	467	63	21	657	479
DNAJB6	1431	514	551	428	38	25	2310	491
PTPRN2	1	10	2	32	3	6	25	18
NCAPG2	253	162	57	118	16	7	538	161
ESYT2	264	335	177	280	31	12	558	218
WDR60	627	323	160	247	32	18	1094	261
VIPR2	79	11	22	70	6	2	66	45
PLCXD1	4	75	1	148	8	7	9	102
GTPBP6	57	207	23	133	16	5	71	154
PPP2R3B	104	126	35	93	6	8	217	110
SHOX	0	0	0	0	0	0	0	0
CRLF2	0	1	0	1	0	0	0	0
CSF2RA	2	7	7	16	2	1	9	4
IL3RA	0	46	0	34	1	0	2	26
SLC25A6	409	2390	192	2547	231	79	741	1977
ASMTL	45	155	24	108	9	4	91	139
P2RY8	0	0	0	1	0	0	0	0
AKAP17A	55	140	20	133	7	2	164	102
ASMT	0	1	0	0	0	0	1	0
DHRSX	44	742	12	545	72	22	118	564
ZBED1	0	138	0	124	10	4	0	89
CD99	655	2651	233	1950	244	67	1711	1644
XG	18	22	2	14	2	0	5	33
GYG2	423	229	80	275	39	7	566	133
ARSD	246	18	207	68	4	1	229	23
ARSE	1976	449	12	559	56	11	709	526
ARSH	0	0	1	0	0	0	0	0
ARSF	2	0	1	0	0	0	1	0
MXRA5	116	4	94	9	7	0	88	4
PRKX	380	92	200	125	17	2	453	110
NLGN4X	145	149	64	216	31	31	201	155
VCX3A	2	1	0	0	0	0	3	1
PUDP	256	192	181	443	44	12	391	157
STS	64	68	426	189	17	6	67	79
VCX	3	0	7	1	0	0	1	1
PNPLA4	568	174	263	284	35	12	943	135
VCX2	0	0	0	0	0	0	1	0
VCX3B	1	0	3	0	0	0	1	0
ANOS1	77	65	79	83	7	3	64	64
FAM9A	0	0	0	0	0	0	0	0
FAM9B	0	0	0	1	0	0	1	0
TBL1X	490	687	211	956	101	44	898	537
GPR143	86	48	174	59	3	4	166	29
SHROOM2	74	148	82	145	15	7	95	76
CLDN34	1	0	0	2	0	0	0	0
WWC3	235	83	257	154	7	4	376	71
CLCN4	33	16	30	22	0	0	68	14
MID1	308	380	429	617	62	9	519	289
HCCS	481	98	287	208	14	2	904	89
ARHGAP6	34	214	5	402	49	5	55	172
AMELX	0	0	0	0	0	0	0	0
MSL3	337	75	209	133	18	4	580	51
FRMPD4	1	21	0	20	0	0	1	17
PRPS2	139	37	118	58	4	4	316	27
TLR7	6	0	11	0	0	0	1	0
TLR8	0	0	0	0	0	0	0	0
TMSB4X	35997	4643	47049	12138	1221	309	48943	3740
FAM9C	13	1	0	0	0	0	2	0
ATXN3L	0	0	0	0	0	0	0	0
EGFL6	14	0	11	7	0	0	16	2
TCEANC	29	5	20	11	0	0	35	7
RAB9A	764	144	1029	225	27	10	976	114
TRAPPC2	310	100	154	159	16	7	493	58
OFD1	667	146	470	234	16	18	992	125
GPM6B	270	91	126	79	17	4	308	74
GEMIN8	230	89	106	105	11	5	330	64
GLRA2	0	15	0	9	1	0	0	8
FANCB	181	87	67	105	4	3	238	72
MOSPD2	154	56	106	136	6	3	323	43
ASB9	11	4	29	19	0	0	32	0
ASB11	0	0	0	0	0	0	0	0
PIGA	55	22	22	32	3	2	102	17
VEGFD	2	2	0	8	0	0	1	10
PIR	622	140	155	377	26	4	601	192
BMX	0	3	0	2	1	1	0	4
ACE2	0	2	9	10	0	0	1	2
CLTRN	185	26	64	58	0	2	89	43
CA5B	73	144	40	255	20	11	84	111
ZRSR2	268	60	100	80	15	7	238	56
AP1S2	2132	421	278	657	66	26	2195	304
GRPR	17	19	6	41	3	1	12	59
MAGEB17	0	4	1	18	1	4	0	32
CTPS2	464	252	129	326	43	18	401	180
S100G	0	2	0	0	0	0	0	1
SYAP1	2689	418	588	809	96	30	2732	293
TXLNG	603	121	145	162	14	12	513	88
RBBP7	2675	344	816	451	68	29	2358	263
REPS2	18	21	18	22	6	0	29	9
NHS	138	594	32	1290	101	49	243	232
SCML1	229	148	60	113	13	7	610	83
RAI2	28	17	10	24	0	1	39	13
BEND2	0	0	0	0	0	0	0	0
SCML2	173	135	21	204	11	4	337	103
CDKL5	287	267	82	541	32	18	448	254
RS1	3	1	1	5	0	1	8	4
PPEF1	14	27	0	58	2	5	22	23
PHKA2	171	88	65	291	14	2	244	93
ADGRG2	28	23	4	46	3	0	33	22
PDHA1	2934	571	830	1227	78	32	4291	600
MAP3K15	7	10	4	25	1	0	13	17
SH3KBP1	275	234	550	363	21	17	510	147
BCLAF3	162	133	90	176	10	5	269	67
MAP7D2	110	32	12	117	10	1	338	19
EIF1AX	1355	919	597	1405	190	37	2811	742
RPS6KA3	546	897	218	1320	72	53	1184	544
CNKSR2	307	510	50	704	47	30	639	369
KLHL34	31	5	0	12	1	0	63	7
SMPX	44	25	10	38	8	0	140	29
MBTPS2	105	83	29	115	6	3	221	58
YY2	30	13	14	16	1	0	37	7
SMS	3498	1140	2121	1637	239	49	6743	722
PHEX	26	21	1	52	6	2	42	4
CBLL2	0	0	0	0	0	0	0	0
DDX53	0	0	0	1	0	0	2	0
PTCHD1	49	44	24	74	3	4	126	11
PRDX4	6300	1808	2718	3150	335	76	12221	1150
ACOT9	384	107	254	246	18	6	503	92
SAT1	3188	1355	7748	1783	120	72	7138	412
APOO	643	169	316	253	39	9	842	136
CXorf58	1	0	1	2	0	1	1	0
KLHL15	61	49	32	76	5	6	79	52
EIF2S3	3768	715	1282	1211	115	38	6178	600
ZFX	487	255	164	446	56	20	483	207
PDK3	387	237	121	331	32	16	663	195
PCYT1B	43	21	15	142	12	0	81	15
POLA1	193	365	64	445	60	19	270	285
ARX	22	20	1	19	0	0	46	12
MAGEB18	0	0	0	0	0	0	0	0
MAGEB6B	0	0	0	0	0	0	0	0
MAGEB6	0	0	0	0	0	0	0	0
MAGEB5	0	0	0	0	0	0	0	0
PPP4R3C	0	0	0	0	0	0	0	0
DCAF8L2	0	10	0	3	0	0	0	5
MAGEB10	0	0	0	0	0	0	2	0
DCAF8L1	0	0	0	0	0	0	0	0
IL1RAPL1	33	164	12	197	37	2	25	107
MAGEB2	0	0	0	0	0	0	0	0
MAGEB3	0	0	0	0	0	0	0	0
MAGEB4	0	0	0	0	0	0	1	0
MAGEB1	0	0	0	0	0	0	0	0
NR0B1	73	10	9	14	0	1	45	4
CXorf21	1	0	0	1	0	0	0	0
GK	28	19	13	31	3	0	54	7
TAB3	144	80	59	105	9	4	203	40
FTHL17	0	0	0	0	0	0	0	0
DMD	747	1182	54	1747	119	72	1204	805
FAM47A	0	0	0	0	0	0	0	0
TMEM47	450	89	148	126	8	5	433	72
FAM47B	0	0	0	0	0	0	0	0
MAGEB16	0	0	0	0	0	0	0	0
CFAP47	0	15	2	25	0	0	4	16
FAM47C	0	0	0	1	0	0	0	0
PRRG1	145	96	82	280	21	4	214	61
LANCL3	3	3	1	11	0	0	9	1
XK	12	1	16	11	1	0	21	0
CYBB	0	0	0	0	0	0	3	0
DYNLT3	1081	535	194	814	47	21	2334	289
HYPM	8	8	0	13	0	0	14	4
AL121578.2	0	1	0	3	0	0	4	0
SYTL5	253	487	42	762	34	2	496	266
SRPX	43	8	35	33	0	0	67	7
RPGR	303	164	126	164	11	2	569	109
OTC	34	17	0	18	2	3	107	14
TSPAN7	107	29	8	55	1	1	147	22
MID1IP1	1029	268	183	396	22	7	1891	180
BCOR	168	180	37	105	10	3	237	178
ATP6AP2	2293	483	1226	949	49	21	3136	385
MPC1L	0	0	0	0	0	0	0	0
CXorf38	265	71	120	77	7	3	328	52
MED14	191	153	127	227	16	7	279	118
USP9X	1152	550	503	928	50	20	1450	462
DDX3X	2085	543	666	852	54	36	2970	510
NYX	4	0	0	0	0	0	0	0
CASK	1177	1317	239	2565	108	68	1390	904
GPR34	0	9	0	27	0	3	0	8
GPR82	158	21	24	46	4	3	214	25
PPP1R2C	0	0	1	0	0	0	0	0
MAOA	61	27	26	39	2	1	146	22
MAOB	121	112	4	266	15	0	446	52
NDP	4	1	3	3	0	0	1	0
EFHC2	6	14	7	11	1	0	11	4
FUNDC1	719	141	378	224	11	6	1165	119
DUSP21	0	0	0	0	0	0	0	0
KDM6A	330	828	181	1460	99	62	596	589
DIPK2B	0	0	0	1	0	0	0	0
KRBOX4	128	81	39	70	4	3	247	35
ZNF674	15	27	14	10	0	1	50	13
CHST7	40	19	50	15	1	0	98	25
SLC9A7	99	102	58	218	12	3	179	105
RP2	94	44	84	74	2	0	147	45
JADE3	145	315	74	453	13	11	262	252
RGN	247	276	11	517	11	4	926	66
NDUFB11	6479	1627	3008	2630	197	84	11700	1251
RBM10	524	131	184	237	12	9	932	136
UBA1	1785	214	512	297	31	10	1504	169
CDK16	1475	152	477	239	30	6	1269	152
USP11	1290	214	346	228	23	8	1107	145
ZNF157	2	3	0	3	0	0	0	6
ZNF41	18	29	6	43	4	1	24	16
ARAF	206	45	154	90	8	2	377	39
SYN1	40	13	9	8	1	0	61	8
TIMP1	1501	211	1458	484	34	12	2978	225
CFP	0	1	3	8	0	0	5	2
ELK1	235	64	96	79	5	2	427	47
UXT	2784	626	1397	646	71	31	5194	466
ZNF81	49	70	12	66	6	1	58	58
ZNF182	91	21	25	16	5	2	147	21
ZNF630	13	3	1	15	4	1	34	14
SPACA5	0	0	0	0	0	0	0	0
SPACA5B	0	0	0	0	0	0	0	0
SSX5	3	0	0	0	0	0	0	0
SSX1	0	0	0	0	0	0	0	0
SSX3	0	0	0	0	0	0	0	0
SSX4	0	0	0	0	0	0	0	0
SSX4B	0	0	0	0	0	0	0	0
SLC38A5	59	2	18	15	0	0	178	3
FTSJ1	242	49	50	126	12	5	436	48
PORCN	251	23	13	75	5	1	251	48
EBP	3570	901	318	1107	96	35	8082	665
TBC1D25	76	23	25	34	1	2	134	38
RBM3	4914	767	1265	715	87	39	8257	580
WDR13	567	141	203	205	17	2	1014	80
WAS	9	0	1	3	0	1	8	0
SUV39H1	61	19	24	17	0	0	135	6
GLOD5	1	0	1	4	1	0	5	0
GATA1	0	0	0	1	0	0	0	0
HDAC6	258	70	100	120	11	5	450	52
ERAS	0	0	0	0	0	0	1	3
PCSK1N	113	58	117	88	23	1	272	40
PQBP1	995	199	560	289	14	13	1666	154
TIMM17B	1686	434	882	678	38	30	2778	349
SLC35A2	307	78	244	111	10	2	528	47
PIM2	149	26	73	33	1	0	156	29
OTUD5	438	143	206	259	11	6	675	111
KCND1	3	1	4	4	0	0	9	3
GRIPAP1	395	121	231	151	8	3	644	62
TFE3	121	50	134	96	3	1	197	30
CCDC120	118	60	139	70	4	2	209	27
PRAF2	204	56	154	68	3	0	390	24
WDR45	333	97	324	171	14	5	586	61
GPKOW	257	47	118	90	4	2	388	31
MAGIX	41	7	83	11	0	0	90	5
PLP2	102	0	438	8	0	0	118	0
PRICKLE3	97	31	52	43	1	2	182	24
SYP	10	21	9	6	2	0	12	2
CACNA1F	1	2	3	3	0	1	8	1
CCDC22	320	57	74	112	3	6	492	57
FOXP3	4	3	0	3	0	0	6	1
PPP1R3F	209	98	47	71	6	3	388	45
GAGE10	0	1	0	1	0	0	0	2
GAGE12J	0	0	0	0	0	0	0	0
GAGE13	0	0	0	0	0	0	0	0
GAGE2E	0	0	0	0	0	0	0	0
GAGE12B	0	0	0	0	0	0	0	0
GAGE12C	0	0	0	0	0	0	0	0
GAGE12D	0	0	0	0	0	0	0	0
GAGE12F	0	0	0	0	0	0	0	0
GAGE12E	0	0	0	0	0	0	0	0
GAGE12G	0	0	0	0	0	0	0	0
GAGE12H	0	0	0	0	0	0	0	0
GAGE1	0	0	0	0	0	0	0	0
GAGE2A	0	0	0	0	0	0	0	0
PAGE1	3	1	0	1	0	0	12	0
PAGE4	40	30	7	56	40	2	199	9
USP27X	192	74	46	120	3	4	372	54
CLCN5	404	579	132	848	46	27	964	219
AKAP4	0	0	1	4	0	0	2	1
CCNB3	4	1	0	4	1	0	7	2
DGKK	72	77	1	113	9	1	103	66
SHROOM4	65	295	16	369	13	15	108	224
BMP15	0	0	0	0	0	0	0	0
NUDT10	71	21	12	31	1	1	139	17
EZHIP	0	0	0	1	0	0	0	0
NUDT11	304	69	14	112	12	0	529	67
CENPVL3	62	12	20	24	5	1	143	11
CENPVL2	0	0	0	0	0	0	0	0
CENPVL1	0	0	0	0	0	0	0	0
GSPT2	505	132	104	108	12	8	802	113
MAGED1	2282	979	444	1691	94	42	3404	726
MAGED4B	0	0	0	0	0	0	0	0
MAGED4	1	1	0	1	0	0	5	1
XAGE2	229	0	240	0	0	0	147	0
XAGE1A	0	0	0	0	0	0	0	0
XAGE1B	0	0	0	0	0	0	0	0
SSX7	0	0	0	0	0	0	0	0
SSX2	0	0	0	0	0	0	0	0
SSX2B	0	0	0	0	0	0	0	0
SPANXN5	0	0	0	0	0	0	0	0
XAGE5	0	0	0	0	0	0	0	0
XAGE3	1	1	0	0	0	0	3	0
FAM156B	0	1	0	0	0	1	0	0
FAM156A	0	16	0	21	1	2	1	9
GPR173	36	112	5	95	3	7	56	71
TSPYL2	242	65	36	109	3	3	373	64
KANTR	117	179	37	238	10	6	235	105
KDM5C	501	84	166	182	9	9	539	92
IQSEC2	74	46	43	81	5	4	126	50
SMC1A	1532	443	527	513	36	18	2561	304
RIBC1	25	5	21	11	1	0	26	6
HSD17B10	2279	511	592	563	68	19	4235	401
HUWE1	1641	799	307	686	65	37	2623	656
PHF8	181	84	50	80	15	6	295	99
FAM120C	67	54	13	50	6	2	123	41
WNK3	726	299	81	211	24	8	1159	235
TSR2	855	211	265	310	12	7	1376	191
FGD1	200	90	44	111	8	4	365	60
GNL3L	348	122	59	150	14	5	565	73
ITIH6	0	4	0	3	0	0	4	0
MAGED2	4508	1024	1231	1063	114	54	7142	878
TRO	203	71	24	50	6	2	327	46
PFKFB1	0	10	0	4	1	0	1	4
APEX2	411	60	104	59	6	3	532	65
ALAS2	1	0	0	0	0	0	3	1
PAGE2B	1	0	0	1	0	0	4	0
PAGE2	0	0	0	0	0	0	0	0
FAM104B	778	177	98	155	35	5	1297	170
MTRNR2L10	1	1	0	1	1	1	1	0
PAGE5	0	0	0	2	0	0	2	0
PAGE3	0	0	0	0	0	0	0	0
MAGEH1	807	276	5	265	6	1	1752	178
USP51	309	89	4	89	6	0	632	79
FOXR2	0	0	0	0	0	0	0	0
RRAGB	199	102	1	72	8	1	411	79
KLF8	368	49	2	37	5	0	429	87
UBQLN2	300	59	92	87	6	5	536	46
NBDY	2347	671	767	857	73	27	3735	515
SPIN3	131	64	16	95	11	4	225	75
SPIN2B	101	31	33	50	3	0	209	18
SPIN2A	9	10	1	19	0	0	14	6
FAAH2	44	154	18	223	19	3	84	129
ZXDB	37	9	5	20	1	0	68	8
NLRP2B	0	0	0	0	0	0	1	0
ZXDA	19	0	0	8	0	0	29	1
SPIN4	73	28	39	22	0	2	107	23
ARHGEF9	181	120	66	77	12	2	296	71
AMER1	112	29	28	34	2	0	184	19
ASB12	0	0	1	0	0	0	2	0
MTMR8	17	37	5	60	3	2	15	38
ZC4H2	208	388	43	279	37	30	342	328
ZC3H12B	29	199	6	144	12	12	59	161
LAS1L	627	146	134	91	23	7	895	128
MSN	798	211	128	221	23	6	942	177
VSIG4	0	0	0	0	0	0	0	0
HEPH	456	341	9	25	13	16	700	188
EDA2R	59	33	13	18	2	2	76	25
AR	108	77	14	41	4	10	269	40
OPHN1	86	146	57	70	9	7	136	125
YIPF6	1025	282	329	247	25	15	1984	232
STARD8	4	2	1	3	0	0	9	1
EFNB1	216	43	136	82	4	1	314	39
PJA1	330	75	280	96	5	2	521	65
FAM155B	39	4	5	4	0	0	61	14
EDA	241	1186	19	1267	70	40	326	904
AWAT2	0	0	1	0	0	0	0	0
OTUD6A	2	1	0	0	0	0	0	0
IGBP1	1323	436	422	417	47	29	2271	391
DGAT2L6	0	7	0	12	0	1	0	3
AWAT1	0	2	0	2	0	1	0	0
P2RY4	0	1	0	1	0	0	2	0
ARR3	1	0	0	4	0	0	1	0
RAB41	0	0	0	1	0	0	1	0
PDZD11	833	223	320	183	21	12	1404	139
KIF4A	440	215	62	121	20	12	700	154
GDPD2	45	18	15	14	1	0	127	15
DLG3	378	230	101	145	28	14	639	171
TEX11	17	7	0	11	0	0	88	1
SLC7A3	93	16	15	15	1	2	258	27
SNX12	247	55	116	59	8	3	421	44
FOXO4	39	7	36	5	0	0	54	8
CXorf65	3	2	0	5	0	0	2	2
IL2RG	30	4	1	9	0	0	73	3
MED12	280	59	16	61	7	5	383	44
NLGN3	24	9	1	7	2	0	22	8
GJB1	363	111	1	160	28	4	943	85
ZMYM3	416	97	56	84	13	3	748	68
NONO	3867	1012	804	633	71	46	6757	745
ITGB1BP2	16	2	2	1	1	0	15	0
TAF1	274	217	42	188	17	11	450	207
OGT	427	276	117	232	20	12	742	199
GCNA	7	7	4	8	0	0	15	32
CXCR3	1	0	1	0	0	0	2	0
BX276092.9	1	0	9	0	0	0	1	0
CXorf49	0	0	0	0	0	0	0	0
CXorf49B	0	0	0	0	0	0	0	0
NHSL2	121	93	35	156	5	5	183	79
RTL5	33	10	27	11	0	0	48	5
PIN4	1494	433	347	790	45	21	3815	343
ERCC6L	138	56	21	41	7	3	220	37
RPS4X	52991	13581	23542	21913	1352	684	102272	10024
CITED1	1	4	0	3	0	0	3	3
HDAC8	365	563	99	800	41	21	574	460
PHKA1	47	48	14	98	6	4	87	38
DMRTC1B	0	3	0	0	0	1	0	1
FAM236B	0	0	0	0	0	0	0	0
FAM236D	0	0	0	0	0	0	0	0
DMRTC1	0	0	0	1	0	0	0	0
FAM236C	0	0	0	0	0	0	0	0
FAM236A	0	0	0	0	0	0	0	0
PABPC1L2B	0	0	0	0	0	0	0	0
PABPC1L2A	1	0	0	0	0	0	1	0
NAP1L2	29	9	9	6	1	1	52	2
CDX4	5	4	8	37	0	0	56	0
CHIC1	54	134	12	172	9	5	121	84
ZCCHC13	0	0	0	0	0	0	0	0
SLC16A2	291	262	43	416	23	7	510	148
RLIM	349	220	98	144	13	10	569	130
NEXMIF	15	34	2	23	1	2	21	19
ABCB7	513	297	93	276	34	14	1010	240
UPRT	164	92	39	90	15	4	325	70
ZDHHC15	32	42	5	27	4	3	56	18
MAGEE2	1	0	0	0	0	0	1	0
PBDC1	1582	546	441	365	45	41	3135	380
MAGEE1	51	9	20	8	2	0	65	10
FGF16	2	0	2	0	0	0	2	0
ATRX	2985	1226	661	2043	126	68	5148	964
MAGT1	707	281	155	479	31	10	1276	196
COX7B	5402	995	1467	1795	124	50	9451	834
ATP7A	72	21	23	47	4	1	149	13
PGK1	6707	1374	1534	2756	155	66	12051	1443
PGAM4	6	1	2	1	0	0	18	0
TAF9B	338	90	48	73	9	4	77	64
CYSLTR1	0	3	0	5	0	0	2	3
RTL3	0	0	0	0	0	0	0	0
LPAR4	13	6	7	2	1	0	35	2
P2RY10	0	0	0	0	0	0	0	0
GPR174	0	0	0	0	0	0	0	0
ITM2A	205	29	88	29	1	1	303	31
TBX22	0	1	0	0	0	0	0	1
TENT5D	1	4	0	0	0	0	0	2
BRWD3	533	306	70	342	23	12	630	280
HMGN5	826	154	92	93	14	4	931	127
SH3BGRL	1581	361	321	531	43	16	1938	260
POU3F4	5	1	0	0	0	0	4	1
CYLC1	0	0	9	0	0	0	0	1
RPS6KA6	216	106	21	122	12	7	187	81
HDX	103	106	23	155	8	8	155	149
APOOL	294	238	100	268	20	4	531	127
SATL1	26	15	2	16	3	0	40	11
ZNF711	257	167	50	231	12	10	475	135
POF1B	10	2	10	2	0	0	17	2
CHM	409	272	174	382	21	12	606	187
DACH2	36	196	0	148	29	10	39	86
KLHL4	469	64	45	232	30	11	217	105
CPXCR1	0	0	0	0	0	0	0	0
TGIF2LX	0	0	0	0	0	0	0	0
PABPC5	98	17	30	16	2	4	70	16
PCDH11X	272	384	120	981	54	34	245	167
NAP1L3	63	11	21	20	3	0	94	10
FAM133A	10	3	7	1	0	1	15	2
DIAPH2	572	479	341	1062	109	36	538	424
RPA4	42	2	6	8	2	0	24	2
PCDH19	36	22	13	23	4	1	52	23
TNMD	4	0	0	1	0	0	2	0
TSPAN6	2168	605	864	894	62	30	3847	368
SRPX2	16	5	49	14	1	0	10	2
SYTL4	11	10	19	4	1	0	19	3
CSTF2	204	78	61	96	9	3	356	44
NOX1	1	1	0	0	0	0	1	1
XKRX	7	6	1	11	0	1	11	9
ARL13A	0	0	0	0	0	0	0	2
TRMT2B	86	57	29	62	2	2	165	31
TMEM35A	38	11	11	11	0	0	60	9
CENPI	85	99	10	82	6	3	180	68
DRP2	1	3	1	2	0	0	3	0
TAF7L	4	2	1	3	1	0	6	2
TIMM8A	486	106	104	245	8	3	1074	99
BTK	18	11	1	8	1	0	53	7
RPL36A	2864	5784	572	9225	521	294	5695	4729
GLA	650	179	203	382	18	12	883	118
HNRNPH2	1091	264	350	487	36	11	1928	238
ARMCX4	61	99	25	144	9	4	137	70
ARMCX1	390	77	260	170	6	4	789	63
ARMCX6	31	140	18	282	21	9	71	110
ARMCX3	993	263	590	667	26	12	2082	184
ARMCX2	707	111	204	167	8	3	1158	118
NXF5	0	0	0	0	0	0	0	1
ZMAT1	61	34	8	28	7	1	107	11
TCEAL2	383	22	38	28	9	6	494	20
TCEAL6	0	0	0	0	0	0	2	0
BEX5	1931	41	34	69	46	54	2895	105
TCP11X1	0	0	0	0	0	0	0	0
NXF2	0	0	0	0	0	0	0	0
NXF2B	0	0	0	0	0	0	0	1
TCP11X2	0	0	0	0	0	0	0	0
TMSB15A	1229	268	187	284	26	16	2117	207
ARMCX5	151	29	31	45	5	1	297	22
GPRASP1	33	11	9	10	0	0	57	8
GPRASP2	83	22	17	18	2	0	111	10
ARMCX5-GPRASP2	0	79	1	126	8	7	2	77
BHLHB9	0	0	2	0	0	0	4	0
RAB40AL	0	0	0	0	1	0	1	0
BEX1	3151	589	126	2158	77	31	8532	466
NXF3	0	0	0	1	0	0	0	0
BEX4	2047	439	1400	774	46	21	3848	339
TCEAL8	2274	553	1331	939	89	20	4296	331
TCEAL5	70	20	60	9	0	1	37	8
BEX2	320	56	442	115	19	2	615	34
TCEAL7	63	27	288	23	2	2	159	9
TCEAL9	3011	576	1968	1003	114	37	4780	482
BEX3	14173	2358	4956	3258	592	141	20560	1876
RAB40A	3	10	0	8	0	0	2	6
TCEAL4	1858	412	1382	644	55	32	3326	336
TCEAL3	197	68	225	56	6	4	379	37
TCEAL1	84	20	117	30	2	1	155	10
MORF4L2	3764	1279	1713	2185	152	57	6350	917
GLRA4	2	0	0	1	0	0	2	0
TMEM31	18	1	4	1	1	0	31	3
PLP1	86	38	49	61	3	0	133	30
RAB9B	16	16	11	9	0	3	44	10
TMSB15B	11	30	2	35	8	0	14	31
H2BFWT	1	0	1	0	0	0	0	1
H2BFM	0	0	0	0	0	0	1	1
TMSB15B.1	4	18	1	23	5	0	0	12
SLC25A53	52	55	31	83	13	1	76	38
ZCCHC18	31	10	14	4	3	0	44	4
FAM199X	260	147	152	237	25	6	570	96
ESX1	0	0	0	0	0	0	2	0
IL1RAPL2	1	39	1	28	9	0	0	21
TEX13A	0	0	0	0	0	0	0	0
NRK	33	1	84	5	0	0	25	1
SERPINA7	188	55	0	21	0	0	545	7
PWWP3B	159	155	10	93	18	5	276	78
RADX	28	10	8	11	5	1	41	3
RNF128	224	187	8	552	50	10	453	100
TBC1D8B	46	19	39	64	4	1	148	27
MORC4	224	150	137	231	33	8	395	86
RIPPLY1	9	0	0	7	0	0	8	0
CLDN2	6	0	0	3	0	0	8	0
RBM41	357	206	150	272	35	6	625	135
NUP62CL	53	65	26	49	6	1	136	30
PIH1D3	0	0	0	0	0	0	0	1
FRMPD3	2	2	0	4	0	0	4	2
PRPS1	409	80	190	134	21	2	628	72
TSC22D3	239	67	99	108	11	4	701	40
NCBP2L	0	0	0	0	0	0	0	0
MID2	12	52	9	92	8	1	22	31
TEX13B	0	0	0	0	0	0	1	0
VSIG1	4	0	2	3	0	0	2	0
PSMD10	506	153	269	204	31	5	901	109
ATG4A	100	22	82	53	6	4	153	19
COL4A6	1602	1140	81	1260	193	68	1994	932
COL4A5	897	1235	172	2169	211	75	1209	1128
IRS4	6	1	8	1	0	0	5	0
GUCY2F	0	3	0	2	0	0	1	1
NXT2	92	41	80	42	1	5	225	22
KCNE5	59	17	24	32	1	1	191	9
ACSL4	223	196	74	190	15	6	474	68
TMEM164	161	153	43	398	41	13	275	137
AMMECR1	321	198	128	353	48	9	605	184
RTL9	12	13	1	70	7	0	45	15
CHRDL1	9	1	2	15	1	0	17	4
PAK3	23	66	32	58	1	0	47	42
CAPN6	25	5	75	10	1	0	19	4
DCX	31	22	16	25	3	1	41	24
SERTM2	6	7	1	15	0	1	19	1
ALG13	446	254	229	331	51	9	663	158
TRPC5	9	134	1	327	29	1	28	250
TRPC5OS	1	6	0	12	2	0	1	5
RTL4	10	1	0	4	0	0	10	1
LHFPL1	26	19	10	15	3	1	18	17
AMOT	1012	291	335	568	64	22	1248	217
HTR2C	9	8	6	6	1	1	4	8
IL13RA2	0	0	0	0	1	0	0	0
LRCH2	40	33	38	24	1	3	37	16
RBMXL3	0	0	0	0	0	0	0	1
LUZP4	0	0	0	0	0	0	0	0
PLS3	1276	199	1083	668	56	12	1219	198
AGTR2	0	0	0	0	0	0	4	0
SLC6A14	0	0	0	0	0	0	0	0
CT83	1	1	0	13	0	0	0	0
KLHL13	100	109	4	467	24	6	173	61
WDR44	111	144	64	245	15	5	160	139
DOCK11	32	36	49	56	3	1	51	22
IL13RA1	329	85	131	155	8	1	445	96
ZCCHC12	13	0	0	4	0	0	13	1
LONRF3	19	2	2	29	0	0	10	7
AL772284.2	0	0	0	0	0	0	0	0
KIAA1210	0	0	0	0	0	0	0	0
PGRMC1	2917	617	836	1024	79	27	5929	482
SLC25A43	104	73	20	292	10	4	137	59
SLC25A5	10005	2098	2573	5485	193	89	18869	1790
CXorf56	98	47	31	66	4	2	196	24
UBE2A	1005	243	419	421	34	15	1652	232
NKRF	171	44	39	72	3	1	308	43
SEPTIN6	218	79	147	37	6	8	521	24
SOWAHD	45	8	4	13	2	0	115	15
RPL39	5947	10544	1276	19419	1125	510	13034	8622
UPF3B	1299	358	290	494	39	26	2239	304
RNF113A	210	62	90	90	5	4	403	61
NDUFA1	3292	572	928	1267	79	37	5822	485
AKAP14	4	1	4	0	0	0	5	0
NKAP	867	239	265	419	19	6	1496	167
RHOXF2B	0	0	0	0	0	0	0	0
RHOXF1	1	1	0	1	0	0	7	0
RHOXF2	0	0	0	0	0	0	0	0
ZBTB33	147	59	35	68	5	2	309	31
TMEM255A	3	2	5	2	0	0	6	1
ATP1B4	1	0	0	0	0	0	2	0
LAMP2	535	185	624	491	16	16	1195	165
CUL4B	270	107	75	128	12	6	396	78
MCTS1	1787	387	533	740	26	17	3230	276
C1GALT1C1	580	99	155	184	13	12	975	85
CT47B1	0	0	0	0	0	0	0	0
AC008162.2	0	0	0	0	0	0	0	0
CT47A12	0	0	0	0	0	0	0	0
CT47A11	0	0	0	0	0	0	0	0
CT47A10	0	0	0	0	0	0	0	0
CT47A9	0	0	0	0	0	0	0	0
CT47A8	0	0	0	0	0	0	0	0
CT47A7	0	0	0	0	0	0	0	0
CT47A6	0	0	0	0	0	0	0	0
CT47A5	0	0	0	0	0	0	0	0
CT47A4	0	0	0	0	0	0	0	0
CT47A3	0	0	0	0	0	0	0	0
CT47A2	0	0	0	0	0	0	0	0
CT47A1	0	0	0	0	0	0	0	0
GLUD2	284	35	0	4	11	3	612	90
GRIA3	155	61	0	185	14	5	74	76
THOC2	1547	822	302	1409	93	30	3047	664
XIAP	715	262	128	473	18	13	1141	185
STAG2	1171	565	240	785	47	25	1440	385
SH2D1A	0	3	1	1	0	0	1	0
TEX13D	0	0	0	0	0	0	2	0
TENM1	16	31	2	51	6	6	11	57
TEX13C	0	0	0	0	0	0	0	0
DCAF12L2	17	6	2	2	0	0	30	3
DCAF12L1	4	3	0	9	1	0	33	3
PRR32	0	0	0	0	0	0	0	0
ACTRT1	1	0	0	0	0	0	1	0
SMARCA1	1647	604	355	913	61	17	2691	457
OCRL	127	75	40	107	6	7	198	37
APLN	3	0	0	0	0	0	2	0
XPNPEP2	11	12	0	111	3	0	95	12
SASH3	0	0	0	0	0	0	0	0
ZDHHC9	508	204	88	403	14	9	1116	193
UTP14A	391	130	89	220	18	6	705	94
BCORL1	199	82	30	144	8	7	330	86
ELF4	11	7	29	10	0	0	21	6
AIFM1	825	203	151	396	24	4	1389	161
RAB33A	17	1	32	2	0	0	9	1
ZNF280C	85	100	15	103	9	3	173	55
SLC25A14	129	43	42	65	3	2	217	32
GPR119	0	0	0	0	0	0	0	0
RBMX2	730	148	185	255	22	12	1185	103
ENOX2	169	136	50	242	14	10	214	79
ARHGAP36	0	0	0	0	0	0	0	0
IGSF1	434	540	62	992	116	27	1036	369
OR13H1	2	1	0	0	0	0	0	0
STK26	563	257	373	271	53	19	1062	195
FRMD7	1	0	1	0	0	0	1	0
RAP2C	285	102	216	145	20	4	671	58
MBNL3	293	203	193	297	53	6	732	138
HS6ST2	80	209	46	235	18	21	99	156
USP26	0	0	0	0	0	0	0	0
TFDP3	0	0	0	0	0	0	0	0
GPC4	568	200	111	203	10	3	388	328
GPC3	6181	5450	816	12429	1189	200	17315	3174
CCDC160	96	31	78	67	0	2	153	21
PHF6	1023	415	207	500	44	25	1610	272
HPRT1	313	80	128	128	8	5	613	76
PLAC1	3	4	0	5	0	0	4	1
FAM122B	261	126	41	102	4	2	474	59
FAM122C	373	242	15	357	18	4	646	202
MOSPD1	350	170	149	321	16	14	673	130
SMIM10	82	15	24	29	2	3	142	7
RTL8B	282	50	154	86	7	6	511	34
RTL8C	1142	340	504	705	31	14	2067	232
RTL8A	1085	200	475	340	25	8	1869	142
SMIM10L2B	56	17	8	19	1	1	115	13
ETDB	0	0	0	0	0	0	0	0
CT55	0	1	0	2	0	0	0	0
ZNF75D	50	91	13	229	15	3	88	64
ETDA	0	0	0	0	0	0	0	0
ETDC	0	0	0	0	0	0	0	0
ZNF449	77	24	13	54	1	2	110	18
SMIM10L2A	87	31	13	80	2	2	223	23
INTS6L	40	52	12	79	3	1	69	48
CT45A1	0	0	0	0	0	0	0	0
CT45A3	0	0	0	0	0	0	0	0
CT45A5	0	0	0	0	0	0	0	0
CT45A6	0	0	0	0	0	0	0	0
CT45A2	0	0	0	0	0	0	0	0
CT45A7	0	0	0	0	0	0	0	0
CT45A8	0	0	0	0	0	0	0	0
CT45A9	0	0	0	0	0	0	0	0
CT45A10	0	0	0	0	0	0	0	0
SAGE1	0	0	0	0	0	0	0	0
MMGT1	183	56	63	104	3	5	282	42
SLC9A6	71	50	15	102	6	1	146	34
FHL1	47	21	19	24	0	2	89	18
MAP7D3	227	86	61	162	8	1	442	45
ADGRG4	0	0	0	0	0	0	0	0
BRS3	0	0	0	0	0	0	0	0
HTATSF1	1554	341	387	519	44	17	2587	252
VGLL1	86	2	375	0	0	0	145	0
CD40LG	0	0	0	0	0	0	0	0
ARHGEF6	3	3	5	4	0	0	6	2
RBMX	4188	1017	793	947	97	57	6689	853
GPR101	1	0	0	0	0	0	0	1
ZIC3	551	71	37	122	9	2	597	132
FGF13	461	2384	26	3364	235	69	717	2325
F9	0	0	0	0	0	0	0	0
MCF2	1	2	0	4	0	1	7	11
ATP11C	529	319	87	473	21	19	920	261
CXorf66	0	0	0	0	0	0	0	0
SOX3	46	7	53	13	0	1	122	14
CDR1	1	1	0	0	0	0	4	1
SPANXB1	0	0	0	0	0	0	1	0
LDOC1	298	92	199	3	11	3	659	82
SPANXC	0	0	0	0	0	0	1	0
SPANXA1	0	0	0	0	0	0	0	0
SPANXA2	0	0	0	0	0	0	0	0
SPANXD	1	0	0	0	0	0	0	0
MAGEC3	0	0	0	0	0	0	0	0
MAGEC1	0	0	0	0	0	0	0	0
MAGEC2	0	0	0	0	0	0	0	0
SPANXN4	0	0	0	0	0	0	0	0
SPANXN3	0	0	0	0	0	0	6	0
SLITRK4	105	23	0	1	2	3	126	16
SPANXN2	0	1	0	0	0	0	0	0
SPANXN1	0	0	0	0	0	0	0	0
SLITRK2	272	20	0	0	4	0	121	35
CXorf51B	0	0	0	0	0	0	0	0
CXorf51A	0	0	0	0	0	0	0	0
FMR1	448	190	105	185	16	14	563	104
FMR1NB	0	3	0	1	0	0	0	2
AFF2	55	208	2	367	35	8	80	155
AC231656.1	0	0	0	0	0	0	0	0
IDS	99	77	113	153	5	2	151	60
CXorf40A	113	9	34	29	4	0	154	25
HSFX3	0	0	0	0	0	0	0	0
MAGEA9B	0	0	0	0	0	0	0	0
HSFX2	0	0	0	0	0	0	0	0
TMEM185A	382	71	45	125	9	8	340	77
MAGEA11	1	0	5	0	0	0	7	0
HSFX1	0	0	0	0	0	0	0	0
MAGEA9	0	0	0	0	0	0	0	0
MAGEA8	4	0	0	0	0	0	5	0
CXorf40B	286	31	59	81	8	0	504	38
HSFX4	0	0	0	0	0	0	0	0
MAMLD1	7	9	0	28	0	0	5	4
MTM1	51	138	24	264	14	9	145	98
MTMR1	116	89	58	124	7	5	160	47
CD99L2	74	82	29	122	3	4	69	60
HMGB3	5992	1102	1519	1350	113	52	7771	819
GPR50	0	0	0	0	0	0	1	0
VMA21	796	232	186	374	31	5	1449	210
PASD1	5	0	0	0	2	0	1	2
PRRG3	51	16	7	25	2	1	123	10
FATE1	2	0	1	0	0	0	3	0
CNGA2	0	0	0	0	0	0	0	0
MAGEA4	1	0	5	0	2	0	5	1
GABRE	5	1	4	1	0	0	3	1
MAGEA10	0	0	0	1	0	0	0	0
GABRA3	14	10	11	16	2	0	18	2
GABRQ	3	0	0	0	0	0	7	3
MAGEA3	0	0	0	0	0	0	0	0
CSAG2	0	0	0	0	0	0	0	0
MAGEA2B	0	0	0	0	0	0	0	0
CSAG1	0	0	1	0	0	0	0	0
MAGEA12	0	0	0	0	0	0	0	0
MAGEA2	0	0	0	0	0	0	0	0
CSAG3	0	0	0	0	0	0	0	0
MAGEA6	0	1	0	0	0	0	0	0
CETN2	942	216	288	382	23	7	1682	166
NSDHL	583	141	93	399	18	3	1026	146
ZNF185	38	15	38	13	0	1	102	7
PNMA5	3	0	0	1	0	0	2	0
PNMA3	37	7	6	19	0	2	107	6
PNMA6A	49	26	8	37	4	0	139	8
MAGEA1	0	0	0	0	0	0	0	0
AC236972.4	0	0	0	0	0	0	0	0
PNMA6F	0	5	0	0	0	0	0	0
ZNF275	123	47	24	85	7	1	244	27
PNMA6E	0	0	0	0	0	0	0	0
ZFP92	3	0	0	3	0	0	9	0
TREX2	0	0	0	0	0	0	1	0
HAUS7	47	11	9	16	2	1	58	10
BGN	129	13	20	32	0	0	112	10
ATP2B3	2	1	0	0	1	0	1	1
CCNQ	452	118	136	230	12	6	746	108
DUSP9	619	150	16	368	19	0	1460	101
PNCK	66	17	16	13	1	0	100	5
SLC6A8	836	132	95	288	16	5	1507	156
BCAP31	2980	680	872	1296	78	35	4998	613
ABCD1	75	20	30	20	0	1	88	13
PLXNB3	0	0	0	0	0	0	0	0
SRPK3	0	0	0	0	0	0	0	0
IDH3G	1029	217	279	217	23	8	1848	208
SSR4	8758	2086	2211	1844	248	104	15835	1659
PDZD4	12	10	9	3	0	0	17	4
L1CAM	12	2	19	10	1	0	12	2
AVPR2	0	0	0	0	0	0	0	0
ARHGAP4	105	16	18	26	5	4	173	28
NAA10	1916	362	539	699	30	13	3276	337
RENBP	36	8	39	45	3	0	57	24
HCFC1	585	155	133	123	26	11	900	95
TMEM187	76	18	34	54	4	1	166	19
IRAK1	605	52	182	94	7	7	1037	77
MECP2	375	200	100	338	16	14	565	140
OPN1LW	1	0	0	1	0	0	3	0
OPN1MW	0	0	0	0	0	0	0	0
OPN1MW2	0	0	0	0	0	0	0	0
OPN1MW3	0	0	0	0	0	0	0	0
TEX28	0	1	0	0	0	0	0	0
TKTL1	2	10	0	13	1	0	19	0
FLNA	2223	322	1136	803	36	24	2855	287
EMD	831	226	300	284	23	8	1532	157
RPL10	64266	18213	19310	16421	1633	899	130970	13872
DNASE1L1	130	50	47	56	2	0	222	44
TAZ	240	59	53	53	3	8	389	53
ATP6AP1	1088	265	548	445	28	15	1963	199
GDI1	642	117	201	161	11	7	963	113
FAM50A	2446	507	605	917	61	16	4343	432
PLXNA3	152	38	44	70	4	1	331	42
LAGE3	1966	286	522	376	40	19	4034	263
UBL4A	533	95	140	117	11	8	843	69
SLC10A3	186	38	111	71	9	2	352	27
FAM3A	446	104	190	156	10	4	711	86
G6PD	612	98	198	177	7	6	827	106
IKBKG	1	44	0	77	2	0	14	36
CTAG1A	0	0	0	0	0	0	0	0
CTAG1B	0	0	0	0	0	0	0	0
CTAG2	0	0	0	0	0	0	0	0
GAB3	7	1	1	2	0	0	2	0
DKC1	1372	343	247	470	33	12	2663	270
MPP1	386	106	48	240	12	3	612	76
SMIM9	0	0	0	0	0	0	1	0
F8	24	12	6	13	2	0	18	14
H2AFB1	0	0	0	0	0	0	0	0
F8A1	127	5	26	37	2	2	277	15
FUNDC2	1307	330	369	568	30	13	2293	266
CMC4	20	66	12	146	11	5	38	36
MTCP1	1	27	4	35	2	1	5	8
BRCC3	449	194	126	292	11	7	751	154
VBP1	2076	521	417	735	49	25	3502	423
RAB39B	61	19	15	17	3	1	118	18
CLIC2	6	4	0	2	0	0	7	6
H2AFB2	0	0	0	0	0	0	0	0
F8A2	0	0	0	0	0	0	0	0
F8A3	0	8	0	21	2	1	0	5
H2AFB3	0	0	0	0	0	0	0	0
TMLHE	127	134	36	270	15	6	220	131
SPRY3	0	5	0	10	0	0	0	0
VAMP7	26	75	4	166	8	5	41	59
IL9R	0	0	0	1	0	0	0	0
OR4F21	0	0	0	0	0	0	0	0
ZNF596	30	8	8	24	2	0	59	16
FBXO25	160	79	86	40	4	2	254	43
TDRP	287	230	154	120	16	15	528	160
ERICH1	656	299	239	239	29	18	1110	237
DLGAP2	2	512	0	1414	131	37	6	458
CLN8	0	122	0	101	5	9	0	90
ARHGEF10	1	281	0	255	20	16	3	216
KBTBD11	0	61	0	19	6	1	0	32
MYOM2	0	10	0	1	1	0	2	5
CSMD1	2	26	1	26	1	1	4	47
MCPH1	273	258	62	254	30	12	538	240
ANGPT2	1106	183	23	103	24	28	798	154
AGPAT5	692	260	119	172	25	16	1217	235
XKR5	15	13	1	2	2	1	26	6
DEFB1	122	15	23	35	0	0	164	2
DEFA6	1541	33	3	33	4	6	173	48
DEFA4	2	0	0	0	0	0	0	0
DEFA1	0	0	0	0	0	0	0	0
DEFA1B	0	0	0	0	0	0	0	0
DEFA3	0	0	0	0	0	0	0	0
DEFA5	476	35	0	49	17	0	218	81
USP17L1	0	0	0	0	0	0	0	0
USP17L4	0	0	0	0	0	0	0	0
ZNF705G	0	0	0	1	0	0	0	0
DEFB4B	0	0	1	0	0	0	0	0
DEFB103B	0	0	0	0	0	0	0	0
SPAG11B	0	1	0	0	0	0	10	0
DEFB104B	0	0	0	0	0	0	0	0
DEFB106B	0	0	0	0	0	0	0	0
DEFB105B	0	0	0	0	0	0	0	0
DEFB107B	0	0	0	0	0	0	0	0
PRR23D1	0	0	0	0	0	0	0	0
AC134684.11	0	0	0	0	0	0	0	0
AC134684.8	0	0	0	0	0	0	0	0
AC134684.9	0	0	0	0	0	0	0	0
AC084121.9	0	0	0	0	0	0	0	0
AC084121.11	0	0	0	0	0	0	0	0
AC084121.6	0	0	0	0	0	0	0	0
AC084121.12	0	0	0	0	0	0	0	0
AC084121.8	0	0	0	0	0	0	0	0
AC084121.7	0	0	0	0	0	0	0	0
AC084121.5	0	0	0	0	0	0	0	0
AC084121.13	0	0	0	0	0	0	0	0
PRR23D2	0	0	0	0	0	0	0	0
DEFB107A	0	0	0	0	0	0	0	0
DEFB105A	0	0	0	0	0	0	0	0
DEFB106A	0	0	0	0	0	0	0	0
DEFB104A	0	0	0	0	0	0	0	0
SPAG11A	0	0	0	0	0	0	5	0
DEFB103A	0	0	0	0	0	0	0	0
DEFB4A	2	0	0	0	0	0	0	0
ZNF705B	0	0	0	0	0	0	0	0
USP17L8	0	0	0	0	0	0	0	0
USP17L3	0	0	0	0	0	0	0	0
PRAG1	390	455	139	509	43	30	549	496
CLDN23	195	29	156	34	3	1	401	26
MFHAS1	525	230	124	155	18	12	995	174
ERI1	248	125	101	104	11	10	454	147
PPP1R3B	354	112	167	87	7	6	713	133
TNKS	420	698	97	551	68	33	669	581
MSRA	166	116	91	118	15	6	338	87
PRSS51	6	154	0	79	1	12	6	24
PRSS55	2	8	1	4	0	1	1	1
RP1L1	0	1	0	0	0	2	0	2
C8orf74	0	0	0	0	0	0	0	1
SOX7	38	5	22	3	0	1	45	3
PINX1	0	208	0	161	18	11	0	162
XKR6	107	489	47	419	41	46	181	430
MTMR9	407	125	92	117	11	5	676	119
SLC35G5	12	0	0	1	0	0	14	3
FAM167A	43	9	5	10	2	0	33	11
BLK	0	2	0	0	0	0	0	0
GATA4	1118	1068	9	826	149	16	1238	1457
NEIL2	138	35	42	27	1	0	237	40
FDFT1	2703	938	619	956	110	52	5799	650
CTSB	1472	463	1338	499	33	7	2864	325
DEFB136	0	0	0	0	0	0	0	0
DEFB135	0	0	0	0	0	0	0	0
DEFB134	0	0	0	0	0	0	0	1
DEFB130B	0	0	0	0	0	0	0	0
ZNF705D	0	0	0	0	0	0	0	1
USP17L7	0	0	0	0	0	0	0	0
USP17L2	0	0	0	0	0	0	0	0
FAM86B1	11	12	4	16	0	0	25	7
DEFB130A	0	0	0	0	0	0	0	0
FAM86B2	0	0	0	0	0	0	3	0
LONRF1	492	238	70	199	26	12	870	235
TRMT9B	219	295	12	167	24	9	570	196
DLC1	604	725	36	581	53	40	948	528
C8orf48	68	8	31	13	2	1	131	17
SGCZ	3	64	0	19	26	1	3	30
TUSC3	2119	916	903	577	91	39	3319	647
MSR1	85	154	0	169	12	6	159	120
FGF20	122	27	0	5	1	0	70	24
MICU3	256	223	21	145	19	19	301	205
ZDHHC2	515	150	110	87	12	11	489	167
CNOT7	1725	414	425	348	47	23	2851	372
VPS37A	627	226	181	181	15	10	1069	148
MTMR7	15	25	4	12	1	2	33	38
SLC7A2	389	113	102	73	11	9	587	78
PDGFRL	53	6	21	6	2	1	65	22
MTUS1	192	172	133	45	5	10	297	90
FGL1	12	2	0	1	0	0	159	1
PCM1	1888	754	413	501	47	41	2975	480
ASAH1	1732	523	916	511	57	26	3412	326
NAT1	85	40	20	45	4	3	155	33
NAT2	7	3	0	2	0	0	16	1
PSD3	233	570	52	255	39	32	282	449
SH2D4A	175	39	177	35	4	3	384	34
CSGALNACT1	11	15	17	24	0	0	15	9
INTS10	692	227	132	160	23	10	1176	150
LPL	1	1	3	1	0	0	4	0
SLC18A1	11	13	0	8	0	0	26	3
ATP6V1B2	455	129	167	128	11	9	945	93
LZTS1	52	7	1	22	2	0	30	17
GFRA2	15	13	0	9	0	0	41	9
DOK2	0	0	0	1	0	0	1	0
XPO7	377	340	75	258	28	19	540	233
NPM2	112	25	9	53	0	3	143	12
FGF17	821	202	69	70	10	33	723	293
DMTN	219	92	12	43	5	2	370	53
FAM160B2	152	60	34	38	2	4	252	46
NUDT18	71	26	20	19	3	1	163	18
HR	2	0	2	0	0	0	6	0
REEP4	477	94	85	81	3	3	643	58
LGI3	1	0	0	0	0	0	0	1
SFTPC	0	0	0	0	0	0	2	0
BMP1	132	32	84	35	5	0	151	19
PHYHIP	4	0	2	0	0	0	4	2
POLR3D	730	194	161	147	25	9	1186	126
PIWIL2	12	9	4	8	0	0	27	7
SLC39A14	675	327	67	433	37	7	1429	292
PPP3CC	133	111	63	143	18	7	216	105
SORBS3	770	235	286	181	23	8	1328	164
PDLIM2	1849	437	413	466	56	14	3744	445
C8orf58	338	58	53	56	4	1	599	75
CCAR2	442	92	93	54	3	4	529	57
BIN3	270	109	84	78	11	9	425	97
EGR3	34	16	14	8	1	0	75	7
PEBP4	6	7	3	6	0	0	10	4
RHOBTB2	87	17	31	19	0	2	109	17
TNFRSF10B	535	310	172	354	32	12	750	261
TNFRSF10C	41	30	39	55	1	2	28	29
TNFRSF10D	87	83	20	62	3	2	131	129
TNFRSF10A	26	3	27	11	0	0	30	6
CHMP7	365	58	87	53	4	2	521	63
R3HCC1	563	135	166	83	16	7	791	93
LOXL2	153	27	68	18	1	0	163	36
ENTPD4	463	225	182	151	16	8	713	135
SLC25A37	668	183	382	120	14	9	1093	132
NKX3-1	9	1	17	2	0	0	4	0
NKX2-6	0	0	0	0	0	0	0	0
STC1	348	42	83	28	2	0	440	80
ADAM28	235	84	68	38	7	2	157	83
ADAMDEC1	0	0	0	0	0	0	0	0
ADAM7	0	2	0	2	0	0	0	1
NEFM	110	23	58	18	0	3	194	39
NEFL	62	17	67	11	0	0	126	22
DOCK5	148	331	23	290	26	12	436	248
GNRH1	9	2	2	3	0	0	20	4
KCTD9	245	100	61	85	9	3	421	77
CDCA2	672	393	60	270	30	14	1520	262
EBF2	21	50	1	28	2	3	39	57
PPP2R2A	1435	660	410	632	59	34	2579	512
BNIP3L	1404	430	448	392	35	33	2665	390
PNMA2	14	4	8	5	1	1	20	6
DPYSL2	629	240	90	133	17	14	1075	143
ADRA1A	0	4	0	1	0	0	0	5
STMN4	15	11	2	5	2	0	18	7
TRIM35	74	37	18	41	5	1	128	27
PTK2B	123	98	21	143	12	3	246	106
CHRNA2	0	0	0	0	0	0	1	0
EPHX2	710	329	54	303	36	22	1083	194
CLU	1570	308	642	338	13	24	2411	225
SCARA3	112	25	175	11	2	2	208	15
CCDC25	1404	429	298	307	33	10	2708	357
ESCO2	246	88	62	36	2	5	519	45
PBK	271	83	114	46	7	7	573	43
SCARA5	2	5	1	1	0	0	6	3
NUGGC	3	4	0	4	3	0	8	3
ELP3	289	185	113	142	14	8	443	129
PNOC	3	3	21	2	0	0	1	1
ZNF395	196	35	56	23	3	2	369	20
FBXO16	115	153	39	98	8	4	214	117
FZD3	684	309	209	169	20	12	1349	214
EXTL3	192	179	40	211	25	12	311	158
INTS9	112	152	34	121	16	8	218	149
HMBOX1	368	355	52	295	34	16	636	306
KIF13B	318	385	63	352	55	14	412	374
DUSP4	2543	351	105	178	42	14	1972	454
SARAF	2512	534	828	497	43	33	4186	401
LEPROTL1	1410	334	295	300	38	13	1977	314
MBOAT4	0	2	0	1	0	0	0	4
DCTN6	1106	172	329	174	16	9	1552	146
RBPMS	843	532	678	573	60	19	1661	435
GTF2E2	576	217	197	197	26	10	958	179
SMIM18	1	6	1	1	2	0	1	5
GSR	396	230	177	153	17	14	557	171
UBXN8	205	55	40	40	7	1	404	44
PPP2CB	1262	542	319	558	49	31	2251	490
TEX15	48	21	1	16	2	0	68	9
PURG	54	49	6	22	5	5	81	30
WRN	265	458	41	306	38	29	642	345
NRG1	556	740	14	640	47	38	450	734
AC083977.1	0	0	0	0	0	0	0	0
FUT10	195	203	49	139	17	10	313	138
TTI2	228	90	50	63	12	5	406	69
MAK16	316	80	78	77	5	3	635	74
RNF122	35	35	4	27	3	2	78	36
DUSP26	10	0	21	1	1	0	18	1
UNC5D	239	436	16	381	34	43	108	499
KCNU1	0	1	0	0	0	0	0	1
ZNF703	276	110	32	139	9	9	909	42
ERLIN2	494	202	99	114	16	10	933	151
PLPBP	552	152	149	112	17	11	1056	107
ADGRA2	4	5	6	6	0	0	9	5
BRF2	310	66	73	61	4	2	482	49
RAB11FIP1	702	370	577	551	56	25	1926	314
GOT1L1	0	0	0	0	0	0	0	0
ADRB3	1	1	1	0	0	0	0	0
EIF4EBP1	1595	469	468	370	47	22	3202	437
ASH2L	1026	510	119	509	52	12	1768	420
STAR	24	10	3	5	1	0	74	12
LSM1	1450	348	453	336	37	15	2318	248
BAG4	453	196	79	129	15	6	760	142
DDHD2	239	161	58	106	11	7	513	90
PLPP5	944	259	238	244	17	17	1687	223
NSD3	1466	519	475	440	45	28	2394	430
LETM2	14	19	50	17	3	0	35	32
FGFR1	3909	3233	246	2640	375	96	8022	2488
C8orf86	1	28	0	20	4	1	2	19
TACC1	237	123	466	145	5	12	697	47
PLEKHA2	17	8	39	5	0	1	52	4
HTRA4	1	1	0	1	0	0	2	3
TM2D2	1065	269	315	245	35	10	1915	231
ADAM9	85	253	62	270	21	6	208	168
ADAM32	4	28	1	20	3	0	7	30
ADAM18	1	0	2	0	1	0	5	0
ADAM2	0	2	1	0	0	0	3	4
IDO1	11	5	7	4	0	0	12	1
IDO2	1	0	0	0	0	0	1	1
TCIM	236	50	501	26	0	0	249	11
ZMAT4	18	49	9	29	2	5	19	27
SFRP1	3267	858	569	722	71	12	4555	1334
GOLGA7	670	224	233	205	19	11	1078	160
GINS4	334	67	65	44	6	2	526	55
GPAT4	376	115	95	76	18	3	630	91
NKX6-3	0	0	0	0	0	0	0	0
ANK1	13	19	17	9	0	0	15	24
KAT6A	515	392	148	287	37	14	840	269
AP3M2	224	85	47	79	16	9	470	59
PLAT	47	9	33	5	1	1	21	10
IKBKB	169	92	66	57	10	5	234	74
POLB	249	144	68	96	11	4	471	125
DKK4	29	4	3	5	0	0	37	18
VDAC3	2797	648	622	528	63	26	4472	521
SLC20A2	321	365	203	321	21	10	480	247
SMIM19	1177	354	231	278	41	26	2032	239
CHRNB3	1	1	0	3	0	0	0	0
CHRNA6	0	7	0	1	0	0	1	1
THAP1	321	87	85	52	8	2	609	68
RNF170	556	188	180	150	19	7	970	125
HOOK3	1057	606	277	502	50	27	1733	498
FNTA	1595	475	282	473	38	27	2937	414
POMK	31	51	6	47	8	5	50	52
HGSNAT	367	212	137	152	14	13	608	118
IGLV8OR8-1	0	0	0	0	0	0	0	0
SPIDR	231	572	74	614	76	32	400	704
CEBPD	348	25	738	20	3	1	458	26
PRKDC	4144	1617	785	1108	133	70	7347	1254
MCM4	870	246	207	140	24	8	1577	148
UBE2V2	2949	767	609	634	68	43	5297	560
EFCAB1	10	8	8	0	0	0	24	2
SNAI2	69	14	27	12	0	2	74	10
PPDPFL	0	0	0	0	0	0	0	0
SNTG1	24	274	11	213	16	28	86	137
PXDNL	15	160	109	65	9	14	35	73
PCMTD1	627	470	187	314	27	19	1226	372
ST18	6	5	1	0	1	0	3	8
ALKAL1	27	1	15	0	0	0	5	2
RB1CC1	1132	543	340	407	55	28	1987	411
NPBWR1	0	0	0	0	0	0	0	0
OPRK1	43	29	14	11	2	0	41	18
ATP6V1H	665	268	329	296	38	13	1081	224
RGS20	14	11	28	7	1	1	9	18
TCEA1	1263	984	290	685	82	51	2310	726
LYPLA1	1893	709	645	516	65	20	3753	538
MRPL15	2057	417	494	395	52	21	2999	314
SOX17	5257	836	11	797	128	43	8216	952
RP1	1	1	2	2	1	0	5	3
XKR4	14	6	29	16	0	1	15	9
TMEM68	397	168	121	106	15	4	848	118
TGS1	605	221	150	162	14	16	1112	191
LYN	143	63	102	97	7	1	277	77
RPS20	23375	4766	6922	4103	455	258	46973	4095
MOS	0	1	0	0	0	0	0	0
PLAG1	141	105	35	78	9	6	299	67
CHCHD7	742	171	228	182	23	6	1531	125
SDR16C5	10	0	3	0	0	0	15	0
PENK	2	0	0	0	0	0	7	0
IMPAD1	1052	194	146	152	25	19	1632	194
FAM110B	156	103	90	70	17	17	269	110
UBXN2B	276	148	61	122	12	5	483	120
CYP7A1	3	0	0	0	0	0	1	0
SDCBP	2981	556	884	532	71	26	4803	436
NSMAF	296	253	85	226	29	10	351	216
TOX	32	61	18	33	6	5	37	47
CA8	85	36	57	20	1	2	70	28
RAB2A	2506	1070	1107	1009	106	48	4497	827
CHD7	2056	1010	258	616	93	40	3027	682
CLVS1	6	59	8	47	5	2	20	40
ASPH	1400	710	303	1272	93	28	2422	395
NKAIN3	26	261	7	101	19	11	47	111
GGH	1284	386	236	306	38	33	2615	213
TTPA	5	24	0	2	1	3	28	5
YTHDF3	412	337	106	362	31	23	825	278
BHLHE22	89	6	0	1	0	0	40	26
CYP7B1	80	107	6	106	17	1	107	74
ARMC1	799	235	210	200	16	12	1496	140
MTFR1	419	279	73	246	29	13	992	197
PDE7A	657	599	130	437	64	30	1115	436
DNAJC5B	2	0	0	1	0	0	2	1
TRIM55	69	2	156	0	0	0	56	1
CRH	94	0	12	0	0	0	146	0
RRS1	493	80	150	74	11	7	879	63
ADHFE1	13	47	11	46	5	1	45	43
VXN	0	2	0	1	0	0	0	0
MYBL1	39	23	8	11	3	0	62	15
VCPIP1	164	50	54	56	4	0	256	43
SGK3	300	283	71	184	28	6	386	162
MCMDC2	4	7	2	3	0	1	13	6
TCF24	0	1	2	1	0	0	3	0
PPP1R42	3	9	1	3	1	0	11	12
COPS5	1650	338	496	295	35	13	2472	243
CSPP1	643	482	88	428	43	26	1028	431
ARFGEF1	505	586	127	516	71	21	1024	452
CPA6	1	248	0	289	4	21	31	22
PREX2	149	195	15	120	23	11	153	150
C8orf34	28	235	2	83	17	16	55	35
SULF1	22	25	75	21	3	0	73	24
SLCO5A1	149	140	3	57	16	3	173	109
PRDM14	8	3	15	2	0	0	8	3
NCOA2	325	806	113	795	90	36	549	749
TRAM1	1435	638	451	577	58	20	2797	481
LACTB2	380	120	158	90	7	7	737	119
XKR9	6	8	0	2	1	1	5	0
EYA1	79	138	32	44	7	10	82	142
MSC	1	1	1	0	1	0	2	0
TRPA1	47	11	0	14	0	0	43	32
KCNB2	2	22	2	11	8	3	4	17
TERF1	1179	384	439	270	26	19	2066	341
SBSPON	64	61	9	293	3	2	98	26
C8orf89	0	0	0	0	0	0	0	0
RPL7	24690	8600	6560	7692	778	415	47942	5237
RDH10	98	22	57	29	3	0	157	13
STAU2	598	785	107	632	98	32	946	766
UBE2W	494	567	94	478	62	34	934	481
ELOC	3263	733	988	666	69	25	5454	627
TMEM70	908	152	252	192	23	10	1522	132
LY96	0	0	13	0	0	0	0	0
JPH1	127	36	16	24	3	1	95	36
GDAP1	77	34	43	31	4	3	114	28
PI15	1	2	0	9	3	0	10	5
CRISPLD1	215	146	84	79	8	8	447	87
HNF4G	10	145	0	67	24	4	44	136
ZFHX4	166	78	193	66	7	4	276	72
PEX2	548	207	182	121	13	5	1024	150
PKIA	260	116	63	82	10	5	316	77
ZC2HC1A	313	135	123	86	6	14	507	87
IL7	0	15	0	10	2	4	1	14
STMN2	183	57	23	115	8	4	184	55
HEY1	303	24	115	17	0	5	366	15
MRPS28	522	463	136	370	38	18	733	391
TPD52	638	398	261	344	24	17	1308	305
ZBTB10	530	260	91	192	22	11	1004	179
ZNF704	136	433	37	299	27	11	352	181
PAG1	78	104	10	132	4	3	184	41
FABP5	5057	1635	541	2132	342	100	8118	2264
PMP2	0	0	0	0	0	0	1	0
FABP9	0	0	0	0	0	0	0	0
FABP4	4	0	1	0	0	0	0	0
FABP12	0	0	0	0	0	0	0	0
IMPA1	420	95	81	95	10	6	744	97
SLC10A5	3	3	0	1	0	0	13	0
ZFAND1	661	266	113	155	19	8	1343	159
CHMP4C	272	55	160	70	6	3	496	51
SNX16	183	130	59	118	2	5	400	99
RALYL	35	112	5	407	29	4	96	107
LRRCC1	383	93	80	81	7	6	764	82
E2F5	969	254	117	186	34	20	1651	214
RBIS	3196	876	767	802	95	31	5865	707
CA13	59	64	14	61	8	2	108	50
CA1	1	15	0	10	5	0	0	16
CA3	28	51	7	36	10	2	90	33
CA2	1195	358	51	455	41	12	1863	307
ATP6V0D2	40	14	5	7	0	1	108	11
PSKH2	2	0	0	2	0	3	32	5
SLC7A13	0	0	0	0	0	0	0	1
WWP1	409	414	148	362	44	26	720	341
RMDN1	513	183	180	136	22	9	902	134
CPNE3	1099	304	436	270	25	15	1946	210
CNGB3	2	2	1	2	0	0	2	2
CNBD1	1	206	0	37	2	1	5	13
DCAF4L2	0	0	0	0	0	0	0	0
MMP16	39	119	11	117	15	6	85	102
RIPK2	519	176	161	115	20	7	528	143
OSGIN2	226	105	108	71	4	2	417	66
NBN	555	217	121	145	26	14	933	125
DECR1	937	373	247	320	50	16	1897	252
CALB1	109	11	34	18	2	3	77	29
TMEM64	222	108	107	132	20	4	504	60
NECAB1	20	8	20	19	0	0	27	4
C8orf88	64	22	17	23	2	2	134	15
PIP4P2	234	51	241	38	4	3	382	44
OTUD6B	170	65	47	41	9	2	319	59
LRRC69	45	65	44	23	4	4	79	26
SLC26A7	1	4	2	4	1	0	2	3
RUNX1T1	146	63	55	61	6	5	181	111
TRIQK	217	163	123	158	10	12	514	108
FAM92A	904	266	209	182	32	10	1535	204
RBM12B	377	185	64	118	16	8	678	141
TMEM67	183	108	35	63	8	6	316	61
PDP1	135	55	82	46	2	6	190	15
CDH17	43	31	0	81	2	4	131	4
GEM	9	18	3	11	2	1	24	10
RAD54B	104	149	11	58	4	7	287	78
FSBP	99	70	18	50	4	5	264	43
VIRMA	612	246	143	221	23	12	1141	195
ESRP1	758	439	343	356	52	25	1450	383
DPY19L4	201	117	57	72	8	8	442	105
INTS8	400	167	73	130	13	12	620	108
CCNE2	75	21	24	16	5	0	118	17
NDUFAF6	331	245	156	154	34	6	608	143
TP53INP1	200	77	72	73	6	3	226	83
PLEKHF2	145	55	106	30	2	2	236	27
C8orf37	34	20	14	11	3	1	60	23
GDF6	16	2	24	1	0	1	88	2
UQCRB	12214	2529	2498	2544	247	129	21692	2309
MTERF3	349	99	70	80	8	5	585	84
PTDSS1	348	82	74	84	20	10	599	122
SDC2	1176	507	132	514	62	19	2474	371
CPQ	161	149	50	206	19	14	388	148
TSPYL5	6	80	51	0	6	4	300	32
MTDH	2415	757	784	757	99	30	4514	544
LAPTM4B	16700	3109	1405	1691	287	131	16724	3340
MATN2	78	29	72	17	0	1	88	48
RPL30	56215	12435	13781	11149	1255	572	116954	10049
ERICH5	36	2	71	9	0	0	43	3
RIDA	795	308	137	159	30	15	1473	187
POP1	143	77	39	43	4	4	257	53
NIPAL2	85	56	11	64	13	3	72	49
STK3	308	793	114	761	91	34	593	537
KCNS2	1	0	0	1	0	0	1	0
OSR2	15	17	3	18	0	0	75	0
VPS13B	153	885	28	801	102	46	244	776
COX6C	8595	1697	2283	1986	193	86	15246	1459
RGS22	8	4	0	8	1	0	13	3
FBXO43	8	5	3	3	0	0	19	4
POLR2K	2440	454	639	410	44	22	4124	332
SPAG1	70	58	75	73	6	1	133	44
RNF19A	447	272	113	285	19	19	780	200
ANKRD46	430	191	88	136	13	15	876	125
SNX31	0	2	0	3	0	0	3	1
PABPC1	11889	2546	3418	2509	221	159	24046	2241
YWHAZ	5523	1840	2212	1838	221	96	9847	1536
ZNF706	2584	513	1700	480	69	23	3990	417
GRHL2	102	247	75	133	15	30	213	159
NCALD	29	76	24	36	5	7	48	50
RRM2B	178	92	130	71	5	5	317	80
UBR5	654	629	181	559	60	33	1084	501
ODF1	0	0	0	0	0	0	0	0
KLF10	190	63	101	61	2	0	335	37
AZIN1	708	282	187	239	30	16	1365	199
ATP6V1C1	352	141	181	157	13	6	598	124
BAALC	17	5	26	4	0	0	28	5
FZD6	163	139	146	112	11	7	261	91
CTHRC1	411	19	850	11	1	1	1194	5
SLC25A32	32	118	11	100	17	7	43	87
DCAF13	1998	497	437	384	49	22	3316	347
RIMS2	187	721	88	422	91	30	258	652
DPYS	691	909	2	1428	88	24	1575	528
DCSTAMP	0	0	0	0	0	0	0	0
LRP12	269	185	65	124	26	14	435	192
ZFPM2	43	302	1	353	36	4	72	397
OXR1	314	335	117	223	17	33	636	199
ABRA	0	0	0	0	1	0	1	0
ANGPT1	320	537	7	616	111	25	952	405
RSPO2	16	100	15	104	0	1	60	70
EIF3E	7830	2478	1529	2077	235	133	16898	1921
EMC2	1034	305	255	267	34	7	1832	220
TMEM74	40	16	12	8	2	1	98	13
TRHR	0	2	0	1	0	0	0	1
NUDCD1	476	193	101	146	20	15	874	164
ENY2	5499	1097	1057	1001	108	56	9062	874
PKHD1L1	8	1	0	3	0	0	4	18
EBAG9	435	119	114	99	14	6	742	93
SYBU	5	6	12	1	0	0	13	1
KCNV1	28	7	2	6	1	1	49	8
CSMD3	113	688	3	438	79	24	159	648
TRPS1	129	277	61	317	28	17	213	262
EIF3H	4775	1290	1331	1128	118	77	8965	1081
UTP23	327	120	87	91	15	3	616	105
RAD21	2336	693	489	543	60	31	3902	531
AARD	7	2	1	0	0	0	40	0
SLC30A8	0	16	0	0	0	0	72	2
MED30	625	137	139	103	13	8	1291	98
EXT1	515	2850	71	2689	332	122	989	2029
SAMD12	138	265	46	200	21	18	189	283
TNFRSF11B	115	53	1	52	8	2	171	42
COLEC10	4	9	1	6	0	1	0	12
MAL2	873	301	365	142	36	6	1689	267
CCN3	3	0	4	3	0	0	3	1
ENPP2	578	329	6	281	39	7	1081	255
TAF2	354	256	67	187	21	10	560	206
DSCC1	369	96	62	55	6	2	770	80
DEPTOR	103	68	4	71	10	2	156	107
COL14A1	17	13	22	12	2	1	85	12
MRPL13	2429	556	605	404	64	31	4426	424
MTBP	78	119	15	71	10	5	130	103
SNTB1	185	533	38	430	29	41	332	430
HAS2	3253	1478	32	826	88	70	5295	928
ZHX2	135	328	17	276	41	8	247	274
DERL1	707	171	224	189	15	11	1303	143
TBC1D31	229	125	17	77	9	8	322	96
FAM83A	2	1	0	2	0	0	2	2
C8orf76	593	227	154	194	29	10	1074	192
ZHX1	236	101	84	148	19	3	524	92
ATAD2	460	288	114	199	24	12	756	228
WDYHV1	510	162	117	115	17	5	892	128
FBXO32	15	5	23	0	0	0	24	2
KLHL38	0	0	0	0	0	0	0	0
ANXA13	1	0	0	0	0	0	7	0
FAM91A1	180	136	70	123	8	5	411	99
FER1L6	2	7	0	2	0	0	1	1
TMEM65	233	153	68	163	15	6	389	152
TRMT12	147	43	38	36	6	2	188	17
RNF139	273	75	105	51	6	1	465	49
TATDN1	1226	369	227	253	35	19	2300	279
NDUFB9	3678	605	1496	642	80	30	5842	581
MTSS1	223	233	17	100	10	8	263	188
ZNF572	11	7	5	2	0	0	3	3
SQLE	2214	724	265	762	90	37	4841	518
WASHC5	281	114	85	111	11	2	332	81
NSMCE2	489	783	178	735	76	40	977	740
TRIB1	256	46	54	50	4	3	290	41
LRATD2	386	53	157	52	8	3	551	61
POU5F1B	23	2	10	2	0	0	32	1
MYC	56	13	46	10	1	0	121	4
GSDMC	0	0	2	0	0	0	0	0
FAM49B	1919	836	491	672	75	43	3397	678
ASAP1	616	979	231	889	92	34	1141	785
ADCY8	36	35	2	78	7	0	57	57
EFR3A	283	227	121	216	23	8	527	208
OC90	0	1	0	0	0	0	0	2
HHLA1	2	7	2	1	0	0	4	1
KCNQ3	7	15	1	18	0	0	7	18
LRRC6	45	37	15	30	2	4	91	25
TMEM71	0	0	1	0	0	0	0	0
PHF20L1	789	335	243	255	31	16	1528	242
TG	11	4	1	7	0	0	19	7
SLA	5	1	1	3	1	0	7	0
CCN4	5	0	2	0	0	0	1	0
NDRG1	317	75	127	141	1	1	652	65
ST3GAL1	417	296	89	219	18	6	1151	243
ZFAT	53	66	10	61	12	6	79	45
KHDRBS3	747	504	226	436	61	29	1548	506
FAM135B	0	17	0	6	1	3	2	22
COL22A1	1	11	0	2	0	2	7	7
KCNK9	0	3	0	0	0	0	2	1
TRAPPC9	131	455	51	307	42	20	189	414
CHRAC1	382	114	146	101	4	9	1054	99
AGO2	873	321	222	260	25	17	1382	317
PTK2	970	2146	315	1868	198	89	1683	1790
DENND3	29	13	19	4	0	1	51	9
SLC45A4	82	134	18	99	8	5	195	80
GPR20	0	4	0	6	0	0	0	3
PTP4A3	2	52	1	47	3	1	3	56
AC138647.1	0	0	0	0	0	0	0	0
TSNARE1	25	49	11	32	8	5	32	56
ADGRB1	7	3	3	4	0	0	10	2
ARC	8	0	11	3	0	0	13	2
JRK	149	27	33	26	2	2	269	23
PSCA	9	1	7	2	1	0	47	1
LY6K	44	1	70	0	0	0	200	0
THEM6	138	5	57	25	2	1	304	18
SLURP1	0	0	0	0	0	0	0	0
LYPD2	31	0	76	0	0	0	48	7
SLURP2	0	0	0	0	0	0	0	0
LYNX1	37	2	14	11	0	0	53	10
LY6D	0	0	10	0	0	0	1	0
GML	0	0	0	1	0	0	0	0
CYP11B1	0	0	0	0	0	0	0	0
CYP11B2	0	0	0	0	0	0	0	0
LY6E	68	601	35	1425	115	63	90	1866
LY6L	0	0	0	1	0	0	0	0
LY6H	1	5	0	12	0	1	2	5
GPIHBP1	0	0	0	0	0	0	0	0
ZFP41	59	20	11	26	1	2	76	24
GLI4	304	82	81	62	11	3	574	58
ZNF696	115	27	20	17	0	1	145	19
TOP1MT	390	109	73	77	11	2	1015	95
RHPN1	118	15	51	11	3	3	141	10
MAFA	1	2	3	0	0	0	6	5
ZC3H3	177	77	40	60	8	3	248	65
GSDMD	76	26	20	51	2	0	52	13
MROH6	4	21	0	10	1	1	5	14
NAPRT	282	159	55	43	11	2	995	148
EEF1D	4922	2999	1369	2348	281	147	9372	2168
TIGD5	0	55	0	57	4	3	0	42
PYCR3	3	23	1	18	7	1	2	19
TSTA3	302	174	126	196	21	8	451	168
ZNF623	4	70	0	54	2	2	1	62
ZNF707	1	23	0	20	1	2	1	14
CCDC166	0	0	0	0	0	0	0	0
MAPK15	2	9	0	2	0	1	5	2
FAM83H	0	67	1	72	7	2	0	46
IQANK1	0	19	0	20	1	1	2	19
SCRIB	40	46	23	40	10	3	53	33
PUF60	141	458	52	417	46	25	220	411
NRBP2	58	23	47	7	0	1	148	20
EPPK1	89	30	59	20	2	3	295	9
PLEC	402	101	235	97	12	9	654	98
PARP10	18	6	3	5	1	0	22	5
GRINA	1381	235	403	203	29	10	2123	185
SPATC1	0	3	0	5	1	0	0	6
OPLAH	101	19	12	18	1	0	156	5
EXOSC4	704	163	207	143	15	9	1125	121
GPAA1	1217	200	437	200	20	10	1893	172
CYC1	3173	717	694	665	71	36	5084	642
SHARPIN	900	234	285	210	23	4	1491	195
MAF1	1265	230	355	202	22	13	1890	226
WDR97	2	1	1	0	0	0	1	2
HGH1	238	38	48	25	6	0	277	24
MROH1	209	125	91	162	10	1	274	122
BOP1	492	63	126	40	4	1	704	61
SCX	89	15	13	7	2	0	138	9
HSF1	690	183	244	154	11	5	957	147
DGAT1	1117	263	96	353	28	8	2367	228
SCRT1	0	1	0	0	0	0	4	0
TMEM249	2	4	1	1	0	0	4	1
SLC52A2	906	166	296	189	19	6	1443	180
FBXL6	210	45	56	45	4	0	450	32
ADCK5	129	46	45	43	9	5	294	34
CPSF1	642	193	88	135	15	8	1079	133
SLC39A4	682	101	156	121	10	3	2165	67
VPS28	2471	596	706	507	61	36	4156	473
TONSL	230	54	45	36	4	1	369	45
CYHR1	869	211	274	160	14	9	1413	128
KIFC2	130	17	51	16	3	0	196	20
FOXH1	1133	119	165	188	13	4	1857	239
PPP1R16A	528	319	96	354	38	9	2669	271
GPT	17	1	1	5	0	0	27	1
MFSD3	651	214	108	113	17	7	1179	165
RECQL4	176	19	33	20	0	0	225	21
LRRC14	280	51	60	36	3	5	371	29
LRRC24	63	3	37	7	2	1	59	8
C8orf82	526	138	124	94	18	2	1215	99
ARHGAP39	127	65	20	60	7	3	173	86
ZNF251	22	175	10	123	14	8	34	128
ZNF34	33	13	20	10	1	2	110	32
RPL8	64423	15216	17268	12574	1412	684	121010	11893
ZNF517	29	11	10	11	0	1	56	7
ZNF7	308	80	80	91	3	3	621	64
COMMD5	576	101	191	92	15	4	976	108
ZNF250	112	72	29	45	4	7	205	41
ZNF16	194	121	39	69	13	3	324	100
C8orf33	771	140	157	143	13	11	1340	135
WASHC1	98	53	33	48	6	1	175	74
FOXD4	4	0	1	0	0	0	2	1
CBWD1	515	139	100	157	14	8	762	110
DOCK8	246	322	39	216	23	17	190	379
KANK1	452	620	99	414	66	37	670	473
DMRT1	3	1	2	3	0	1	10	1
DMRT3	8	11	6	6	0	0	15	2
DMRT2	5	5	1	0	1	0	15	2
SMARCA2	107	19	92	16	5	1	118	21
VLDLR	61	2	97	15	1	0	92	10
KCNV2	2	3	0	6	0	0	0	4
PUM3	831	353	152	293	43	16	1323	333
RFX3	196	492	51	298	33	28	298	402
GLIS3	91	302	55	388	27	30	123	123
SLC1A1	134	101	28	116	10	16	172	92
SPATA6L	5	22	10	22	4	1	35	18
PLPP6	91	32	47	15	1	2	136	15
CDC37L1	383	111	87	149	11	8	628	96
AK3	963	453	236	367	47	20	2008	344
RCL1	182	106	50	77	13	4	313	73
JAK2	46	114	13	106	11	4	71	95
IGHEP2	1	0	0	0	0	0	1	0
INSL6	2	8	0	4	0	0	4	11
INSL4	4	0	32	0	0	0	20	0
RLN2	48	19	38	8	1	4	74	12
RLN1	9	1	3	4	0	0	12	0
PLGRKT	560	131	260	140	19	7	1170	131
CD274	3	1	4	1	1	1	8	2
PDCD1LG2	0	2	2	0	0	0	1	1
RIC1	144	317	45	267	33	17	249	253
ERMP1	121	88	56	89	7	8	207	80
KIAA2026	471	234	102	272	22	17	753	274
MLANA	2	2	0	1	0	0	3	3
RANBP6	148	58	38	52	8	1	283	51
IL33	2	1	0	1	0	2	1	1
TPD52L3	0	0	0	0	0	0	0	0
UHRF2	364	283	64	196	44	13	657	256
GLDC	467	529	106	367	31	22	798	248
KDM4C	106	357	48	435	45	16	254	354
DMAC1	1475	344	410	334	31	24	2617	246
PTPRD	139	475	35	376	55	50	220	507
TYRP1	1	0	3	1	0	0	8	0
LURAP1L	96	37	60	50	3	2	153	28
MPDZ	457	327	130	206	26	10	744	226
NFIB	94	90	61	43	11	1	212	153
ZDHHC21	294	209	98	130	10	18	485	228
CER1	863	31	18	29	0	0	984	336
FREM1	77	262	7	77	8	13	125	193
TTC39B	153	331	5	345	23	16	255	226
SNAPC3	607	265	117	176	13	16	1028	193
PSIP1	3553	912	684	544	84	50	5230	865
CCDC171	116	103	30	58	6	6	199	131
C9orf92	0	6	0	1	0	0	0	1
BNC2	49	40	53	52	5	5	81	24
CNTLN	331	212	49	102	30	6	437	144
SH3GL2	39	12	4	11	4	3	52	44
ADAMTSL1	0	50	0	91	3	1	4	64
SAXO1	5	6	0	5	0	0	0	9
RRAGA	1107	223	405	232	19	5	1823	178
HAUS6	461	210	92	126	19	7	827	128
PLIN2	1665	517	722	522	57	20	3158	394
DENND4C	260	768	66	709	76	32	487	608
RPS6	75564	17965	16786	16146	1763	882	135895	14086
ACER2	5	38	8	24	6	1	9	27
SLC24A2	23	211	0	120	5	19	48	74
MLLT3	307	1495	41	643	32	92	723	249
FOCAD	157	538	57	390	35	31	299	406
HACD4	64	16	73	10	1	0	119	13
IFNB1	0	0	0	0	0	0	0	0
IFNW1	0	0	0	0	0	0	0	0
IFNA21	0	0	0	0	0	0	0	0
IFNA4	0	0	0	0	0	0	0	0
IFNA7	0	0	0	0	0	0	0	0
IFNA10	0	0	0	0	0	0	0	0
IFNA16	0	0	0	0	0	0	0	0
IFNA17	0	0	0	0	0	0	0	0
IFNA14	0	0	0	0	0	0	0	0
IFNA5	0	0	0	0	0	0	0	0
KLHL9	323	101	104	107	16	7	574	85
IFNA6	0	0	0	0	0	0	0	0
IFNA13	0	0	0	0	0	0	0	0
IFNA2	0	0	0	0	0	0	0	0
IFNA8	0	0	0	0	0	0	0	0
IFNA1	0	0	0	0	0	0	0	0
IFNE	1	0	0	0	0	0	1	0
MTAP	640	468	236	343	56	19	1049	492
CDKN2A	8	0	21	1	0	1	2	0
CDKN2B	22	0	111	4	0	0	25	5
DMRTA1	240	51	53	43	5	3	223	39
ELAVL2	59	46	19	36	11	7	135	29
IZUMO3	0	4	0	3	2	0	1	0
TUSC1	296	118	185	99	13	2	582	83
CAAP1	543	336	126	242	17	21	1031	227
PLAA	527	193	126	157	10	19	741	143
IFT74	430	216	120	132	21	17	739	140
LRRC19	10	7	2	6	0	1	3	7
TEK	1	2	0	1	0	0	2	1
EQTN	1	1	0	0	0	1	4	1
MOB3B	202	183	82	120	19	10	415	115
IFNK	0	0	0	0	0	0	0	0
C9orf72	183	84	47	53	5	5	266	49
LINGO2	52	606	7	587	134	35	86	689
ACO1	534	249	88	276	20	8	1152	207
DDX58	201	80	42	67	13	4	186	237
TOPORS	837	198	175	153	24	7	1408	197
SMIM27	205	49	63	37	7	4	365	45
NDUFB6	2577	568	599	491	75	33	4383	406
TAF1L	1	0	0	0	0	0	0	0
TMEM215	50	10	1	30	0	1	65	4
APTX	785	339	163	279	34	15	1288	215
DNAJA1	6027	1330	1557	1197	164	68	10735	1001
SMU1	786	283	186	248	37	14	1474	189
B4GALT1	1181	899	317	949	71	23	2558	461
SPINK4	35	7	0	1	0	1	42	5
BAG1	1422	318	339	219	39	18	2248	265
CHMP5	2406	489	696	418	65	20	4316	495
NFX1	261	199	81	235	22	9	510	188
AQP7	22	10	1	11	0	0	64	3
AQP3	638	268	125	412	31	1	2506	301
NOL6	123	31	46	23	4	3	239	15
ANKRD18B	19	5	5	8	0	1	60	1
TRBV20OR9-2	1	0	0	0	0	0	0	0
TRBV21OR9-2	0	0	0	0	0	0	0	0
TRBV22OR9-2	0	0	0	0	0	0	0	0
TRBV23OR9-2	0	0	0	0	0	0	0	0
TRBV24OR9-2	0	0	0	0	0	0	0	0
TRBV25OR9-2	0	0	0	0	0	0	0	0
TRBV26OR9-2	1	0	0	2	0	0	5	2
PRSS3	1	6	0	194	1	1	159	7
TRBV29OR9-2	0	0	0	0	0	0	0	0
UBE2R2	2906	1056	652	900	97	40	5103	932
UBAP2	742	479	260	448	47	22	1181	357
DCAF12	292	98	119	97	7	7	537	78
UBAP1	309	313	95	298	36	11	496	264
KIF24	45	62	10	36	3	2	76	21
NUDT2	597	170	150	137	7	10	628	125
MYORG	105	33	34	22	3	2	160	28
C9orf24	9	11	4	1	1	1	24	10
FAM219A	107	46	50	59	5	4	109	34
DNAI1	5	3	0	2	0	0	5	4
ENHO	68	35	52	14	3	1	175	27
CNTFR	106	63	26	77	10	1	321	32
RPP25L	434	112	105	105	10	8	892	60
DCTN3	1068	294	570	229	36	5	2010	229
ARID3C	1	0	0	0	0	0	0	0
SIGMAR1	481	137	196	90	3	6	908	67
GALT	365	89	122	112	11	3	655	63
IL11RA	64	26	20	14	0	1	136	14
CCL27	6	2	0	0	0	0	11	1
AL162231.1	149	41	24	26	2	0	233	24
CCL19	1	0	0	0	0	0	0	0
CCL21	0	0	0	0	0	0	0	0
FAM205A	0	0	0	0	0	0	0	0
FAM205C	3	1	0	1	0	0	5	0
PHF24	21	6	3	14	1	0	82	6
DNAJB5	94	19	19	27	1	2	126	10
C9orf131	0	0	0	1	0	0	3	0
VCP	3671	1028	906	961	98	41	5745	961
FANCG	316	63	73	40	2	2	449	55
PIGO	173	37	50	29	1	2	258	24
STOML2	4635	1044	951	831	105	45	8611	870
FAM214B	131	27	64	24	0	1	192	17
UNC13B	212	380	58	281	41	9	404	329
RUSC2	48	53	7	97	6	2	73	62
FAM166B	14	2	0	2	1	0	21	2
TESK1	184	24	84	31	5	3	259	15
CD72	27	19	2	17	0	3	57	9
SIT1	7	0	5	2	0	0	4	0
CCDC107	631	147	192	131	9	3	1254	103
ARHGEF39	298	72	30	40	3	6	371	38
CA9	7	4	7	4	0	0	25	2
TPM2	2996	383	974	451	32	17	3834	331
TLN1	1186	401	322	314	40	12	2022	259
CREB3	622	146	279	119	19	3	948	95
GBA2	513	130	73	100	19	5	841	78
RGP1	246	66	63	35	2	4	465	44
MSMP	11	3	2	2	0	0	12	3
NPR2	51	17	7	14	2	0	89	11
SPAG8	7	0	1	3	0	1	10	1
HINT2	102	235	36	189	29	10	145	150
TMEM8B	128	47	45	39	4	3	258	27
FAM221B	2	3	0	0	1	0	5	0
OR13J1	0	0	0	0	0	0	0	0
HRCT1	1	0	1	1	0	0	8	0
SPAAR	0	0	0	0	0	0	7	1
OR2S2	0	0	0	0	0	0	0	0
RECK	147	164	15	76	15	5	252	112
GLIPR2	625	37	61	106	7	5	514	92
CCIN	1	0	1	0	0	0	4	1
CLTA	9040	1938	3387	2103	219	93	15313	1761
GNE	39	79	14	47	5	1	86	36
RNF38	236	690	75	589	57	30	343	483
MELK	394	269	99	148	22	14	709	211
PAX5	1	2	0	0	0	0	1	8
ZCCHC7	502	659	111	736	79	31	973	588
GRHPR	1810	537	431	421	57	19	3177	421
ZBTB5	58	52	39	60	10	4	160	42
POLR1E	298	56	54	51	8	5	558	42
FBXO10	46	75	21	69	7	3	79	63
TOMM5	775	967	177	1038	135	44	1382	742
FRMPD1	1	3	1	1	0	0	2	2
TRMT10B	184	99	52	71	18	7	341	76
EXOSC3	1106	237	247	212	23	9	1774	215
DCAF10	415	349	157	331	27	13	828	225
SLC25A51	65	68	33	57	10	5	159	74
SHB	287	91	75	252	15	0	306	191
ALDH1B1	340	41	52	27	2	4	397	55
IGFBPL1	341	23	121	30	5	1	277	52
ANKRD18A	40	13	6	4	2	0	30	12
FAM240B	0	0	0	0	0	0	0	1
CNTNAP3	14	36	1	14	0	3	13	15
SPATA31A1	0	0	0	0	0	0	0	0
BX664615.2	0	35	4	15	8	0	15	32
ANKRD20A2	1	0	0	1	0	0	2	0
IGKV1OR9-2	0	0	0	0	0	0	0	0
FOXD4L6	0	0	0	0	0	0	0	0
CBWD6	90	41	21	38	4	3	130	22
CNTNAP3B	11	85	2	60	7	2	21	68
SPATA31A6	0	0	0	0	0	0	0	1
SPATA31A5	0	0	0	0	0	0	0	0
SPATA31A7	0	0	0	0	0	0	0	0
CNTNAP3C	0	0	0	1	2	0	0	2
AL391987.2	2	0	0	0	0	0	0	0
AL391987.1	0	0	0	0	0	0	0	0
ANKRD20A4	15	2	0	3	0	0	6	2
IGKV1OR-2	0	0	0	0	0	0	0	0
IGKV1OR9-1	0	0	0	0	0	0	0	0
FOXD4L5	0	0	0	0	0	0	0	0
CBWD5	111	124	29	134	18	8	489	92
FOXD4L4	0	0	0	0	0	0	0	0
IGKV1OR-3	0	0	0	0	0	0	0	0
ANKRD20A3	1	11	0	12	1	1	1	14
ZNF658	17	14	2	16	3	0	21	9
SPATA31A3	0	0	0	0	0	0	0	0
AL627230.3	0	0	0	0	0	0	0	0
AL627230.1	0	0	0	0	0	0	0	0
ANKRD20A1	6	3	0	6	0	0	12	5
CBWD3	67	53	13	58	7	3	102	26
FOXD4L3	0	0	0	0	0	0	0	1
PGM5	128	38	1	5	9	4	118	64
TMEM252	2	2	0	0	0	0	0	0
PIP5K1B	168	363	13	230	46	21	231	356
FAM122A	257	52	82	43	2	2	419	40
PRKACG	0	0	0	0	0	0	0	0
FXN	655	281	77	200	31	13	1069	204
TJP2	56	356	27	295	31	36	61	253
FAM189A2	28	8	16	16	0	0	27	23
APBA1	0	20	0	20	2	0	1	13
PTAR1	349	364	124	293	39	17	711	206
C9orf135	59	32	85	52	5	0	179	39
MAMDC2	16	18	18	22	4	0	8	21
SMC5	581	495	208	409	53	32	1109	354
KLF9	4	4	6	16	1	0	13	6
TRPM3	60	141	34	91	17	5	95	116
CEMIP2	533	430	201	405	42	23	806	419
ABHD17B	313	247	101	218	22	15	513	283
C9orf85	260	206	103	211	19	17	535	172
C9orf57	0	0	0	0	0	0	0	0
GDA	12	62	0	14	0	2	99	42
ZFAND5	1308	387	462	383	28	24	2106	281
TMC1	2	0	0	1	0	0	6	1
ALDH1A1	1296	395	456	739	43	8	2471	430
ANXA1	2444	19	8349	33	0	1	2069	4
RORB	6	7	3	6	0	0	14	2
TRPM6	13	13	1	13	1	2	17	19
C9orf40	528	153	121	118	15	6	955	113
CARNMT1	238	181	46	127	20	4	535	147
NMRK1	333	82	107	102	9	6	493	87
OSTF1	451	80	348	116	15	5	607	99
PCSK5	349	1014	59	1301	92	33	740	740
RFK	656	242	264	286	23	3	1657	165
GCNT1	1181	645	98	531	56	38	1902	540
PRUNE2	21	42	5	27	1	2	54	16
FOXB2	0	0	0	0	0	0	0	0
VPS13A	427	559	108	586	54	23	1046	427
GNA14	7	19	8	18	5	1	15	19
GNAQ	765	1002	225	721	94	31	1263	804
CEP78	700	244	152	156	24	14	1320	191
PSAT1	1278	444	325	304	31	13	2888	327
TLE4	587	303	390	336	33	22	1210	283
TLE1	1102	446	254	383	24	25	2009	415
SPATA31D4	0	0	0	0	0	0	0	0
SPATA31D3	0	0	0	0	0	0	0	0
SPATA31D1	0	0	0	0	0	0	0	0
RASEF	72	26	66	40	1	0	84	15
FRMD3	26	56	6	43	4	3	34	46
IDNK	136	73	23	64	9	3	237	53
UBQLN1	1054	432	273	331	41	19	1721	269
GKAP1	416	158	69	105	23	10	671	123
KIF27	125	105	25	68	4	3	209	71
C9orf64	38	69	0	0	10	1	241	31
HNRNPK	10458	1935	2083	1551	208	80	16787	1563
RMI1	266	120	55	87	15	4	449	76
SLC28A3	2	1	2	5	0	0	9	1
NTRK2	33	2	41	10	1	0	71	3
AGTPBP1	231	351	54	254	41	25	386	293
NAA35	577	392	157	346	30	26	1003	359
GOLM1	2237	761	644	677	88	46	3663	468
C9orf153	13	41	1	30	3	0	26	36
ISCA1	884	260	228	324	43	16	1748	221
TUT7	310	180	122	198	17	10	483	190
GAS1	228	36	150	9	1	2	513	24
DAPK1	306	392	121	351	41	18	593	331
CTSL	1777	313	904	416	23	21	2152	303
SPATA31E1	0	0	0	0	0	0	0	0
AL353572.3	0	0	0	0	0	0	0	0
CDK20	53	10	31	8	1	1	69	6
SPIN1	893	616	198	472	56	27	1411	438
NXNL2	7	2	2	4	1	0	11	0
S1PR3	281	47	23	104	7	4	322	94
SHC3	10	16	21	17	2	0	15	14
CKS2	4227	1014	1007	729	75	49	7327	697
SECISBP2	1127	437	276	309	28	14	2023	312
SEMA4D	177	117	46	60	3	2	331	79
GADD45G	609	77	284	46	5	0	771	69
DIRAS2	14	7	8	12	0	0	59	1
SYK	23	5	23	11	1	1	52	6
AUH	205	255	82	161	25	8	364	199
NFIL3	247	54	144	56	11	5	481	51
ROR2	560	1258	43	1033	95	58	664	1885
SPTLC1	753	327	236	278	29	15	1354	237
IARS	1451	681	226	561	53	37	2736	571
NOL8	449	170	156	115	21	7	846	111
CENPP	85	230	32	207	19	11	123	186
OGN	3	6	0	8	1	2	3	5
OMD	1	9	1	12	0	1	3	4
ASPN	0	9	0	9	1	0	3	8
ECM2	24	38	1	26	2	3	58	15
IPPK	113	42	45	34	0	3	143	32
BICD2	192	48	73	73	5	2	332	43
ZNF484	42	50	17	26	4	6	98	33
FGD3	9	7	9	1	0	0	21	0
SUSD3	159	55	5	111	16	1	591	55
CARD19	279	54	84	60	8	2	475	54
NINJ1	727	136	161	155	13	4	1193	126
WNK2	217	147	20	91	13	8	259	160
C9orf129	3	4	1	3	0	0	3	6
FAM120AOS	856	228	293	170	17	9	1508	148
FAM120A	447	225	147	237	29	12	975	194
PHF2	117	66	23	58	5	1	207	53
BARX1	28	2	7	2	0	0	28	2
PTPDC1	128	125	29	79	11	2	220	78
ZNF169	41	55	3	20	3	2	94	30
NUTM2F	0	0	0	0	0	0	0	0
MFSD14B	435	220	147	180	20	3	674	191
FBP2	1	17	0	5	1	0	2	7
FBP1	172	21	7	32	2	1	256	37
AOPEP	270	871	123	696	73	32	615	651
FANCC	156	436	19	331	52	22	204	344
PTCH1	290	273	41	62	17	22	701	122
ERCC6L2	269	368	62	267	30	17	524	282
HSD17B3	0	0	0	0	0	0	0	0
AL160269.1	1	2	0	5	0	0	0	5
SLC35D2	955	257	297	223	29	12	1957	183
ZNF367	49	80	13	70	12	6	90	67
HABP4	151	111	95	110	15	6	335	76
CDC14B	322	668	54	568	78	13	618	429
PRXL2C	242	53	97	62	5	1	397	43
ZNF510	91	56	12	33	4	0	135	24
ZNF782	67	129	9	103	9	2	115	121
MFSD14C	600	457	182	355	47	28	1120	310
NUTM2G	0	2	0	5	1	0	0	3
CTSV	5501	738	912	644	75	52	5311	826
CCDC180	38	19	7	16	0	1	69	34
TDRD7	360	204	13	129	15	7	186	143
TMOD1	62	11	30	2	0	0	44	22
TSTD2	142	143	38	106	18	3	256	105
NCBP1	334	148	80	113	14	8	580	115
XPA	405	103	147	99	17	8	741	99
FOXE1	0	2	0	1	0	0	0	0
TRMO	92	29	39	32	2	3	164	27
HEMGN	0	0	0	0	0	0	0	0
ANP32B	5876	1605	1313	980	150	75	10490	1154
NANS	1102	308	296	279	33	16	2078	264
TRIM14	113	66	20	81	8	4	259	64
CORO2A	541	230	125	227	24	13	1225	215
TBC1D2	41	23	61	23	0	1	53	26
GABBR2	2	7	5	10	1	1	14	2
ANKS6	262	141	68	124	10	6	423	117
GALNT12	313	156	69	126	15	6	542	126
COL15A1	1	2	3	5	0	0	5	2
TGFBR1	484	260	175	207	14	17	733	208
ALG2	479	139	100	144	10	5	839	117
SEC61B	9719	2140	2653	2403	294	96	17154	1775
NR4A3	18	8	23	10	3	1	6	1
STX17	675	283	194	217	16	17	1183	187
ERP44	1344	485	337	428	48	15	2494	455
INVS	107	604	21	434	53	43	165	405
TEX10	307	192	118	165	22	5	481	156
MSANTD3	533	179	227	112	19	11	952	116
TMEFF1	88	761	12	408	69	33	162	603
CAVIN4	227	97	24	60	11	2	337	137
PLPPR1	4	107	1	84	4	8	4	69
BAAT	0	0	0	1	0	0	0	1
MRPL50	1574	325	313	287	30	11	2642	245
ZNF189	166	114	33	82	10	3	332	70
ALDOB	24	6	0	6	0	0	53	1
TMEM246	113	10	29	7	2	3	175	21
RNF20	527	151	125	132	8	10	1043	119
GRIN3A	0	3	0	0	1	0	0	4
PPP3R2	0	0	0	0	0	0	1	0
CYLC2	0	0	0	0	0	0	0	0
SMC2	1282	306	269	195	33	18	2172	219
OR13F1	0	0	0	0	0	0	0	0
OR13C4	0	0	0	0	0	0	0	0
OR13C3	0	1	0	0	0	0	0	0
OR13C8	0	0	0	0	0	0	0	0
OR13C5	0	0	0	0	0	0	0	0
OR13C2	0	0	0	0	0	0	0	0
OR13C9	0	0	0	0	0	0	0	0
OR13D1	0	0	0	0	0	0	0	0
NIPSNAP3A	433	128	71	99	14	2	944	100
NIPSNAP3B	25	8	6	10	3	0	36	11
ABCA1	735	926	169	754	72	29	1812	608
SLC44A1	945	485	206	347	27	31	1780	495
FSD1L	130	253	24	142	18	13	197	153
FKTN	162	154	34	100	10	6	282	113
TAL2	339	29	6	45	2	3	303	40
TMEM38B	853	259	121	196	21	18	1216	264
ZNF462	700	458	244	327	36	24	1286	330
RAD23B	2582	891	1026	759	98	46	5004	668
KLF4	40	10	88	5	1	0	69	4
ACTL7B	0	0	0	0	0	0	0	0
ACTL7A	0	0	0	0	0	0	0	0
ELP1	286	99	61	90	12	7	466	73
ABITRAM	135	52	41	38	5	2	275	42
CTNNAL1	2073	577	314	513	75	27	3428	534
TMEM245	633	402	159	332	44	15	1297	308
FRRS1L	34	17	10	28	1	0	124	10
EPB41L4B	89	28	68	37	6	3	122	18
PTPN3	44	32	30	49	4	0	68	21
PALM2-AKAP2	506	311	355	218	21	8	862	155
C9orf152	4	0	0	0	0	0	2	1
TXN	16343	3609	3728	3840	481	148	33363	3008
TXNDC8	0	0	0	1	0	0	0	1
SVEP1	18	6	3	10	0	1	29	8
MUSK	0	4	0	13	0	0	5	10
LPAR1	124	226	21	162	27	7	276	170
OR2K2	0	0	0	0	0	0	0	0
ECPAS	408	240	119	226	34	10	587	187
ZNF483	40	108	54	83	5	5	345	124
PTGR1	14137	2936	593	2418	225	99	11531	2834
DNAJC25	319	180	72	216	16	1	633	148
GNG10	19	509	13	532	58	34	32	557
SHOC1	2	76	0	46	2	1	1	48
UGCG	428	256	166	164	17	12	857	124
SUSD1	65	114	57	102	6	10	94	56
PTBP3	871	461	286	367	33	30	1290	391
HSDL2	784	432	205	352	47	10	1646	235
KIAA1958	414	1137	46	781	107	55	786	853
INIP	450	158	124	148	11	7	790	154
SNX30	113	111	50	91	17	11	234	107
SLC46A2	1	0	0	1	0	0	1	3
ZNF883	225	91	71	36	7	6	434	45
ZFP37	41	41	14	26	2	1	117	17
SLC31A2	42	12	16	23	2	0	79	9
FKBP15	203	98	65	75	9	4	333	67
SLC31A1	627	234	135	230	29	9	1163	205
CDC26	17	440	10	348	51	17	28	348
PRPF4	658	135	173	97	14	6	1173	94
RNF183	29	7	1	11	0	0	74	6
WDR31	58	34	17	14	2	3	85	18
BSPRY	236	48	124	19	2	4	354	65
HDHD3	863	326	230	281	57	8	1797	219
ALAD	224	71	79	61	5	1	410	67
POLE3	600	129	162	102	15	2	1217	100
C9orf43	8	3	2	0	1	1	13	1
RGS3	203	129	38	87	10	4	341	88
ZNF618	545	337	95	249	34	23	971	270
AMBP	521	180	2	100	10	2	2126	43
KIF12	118	64	1	59	9	3	319	38
COL27A1	480	469	32	521	41	15	973	289
ORM1	103	17	0	2	0	0	302	0
ORM2	55	17	0	2	0	0	185	1
AKNA	59	24	23	23	3	2	97	23
WHRN	23	19	17	18	3	1	75	10
ATP6V1G1	7341	1584	2921	1533	173	78	12782	1295
TMEM268	37	25	16	22	3	1	67	20
TEX53	0	0	0	0	0	0	0	0
TEX48	1	0	0	2	0	0	1	1
TNFSF15	9	10	25	3	1	0	40	1
TNFSF8	1	0	0	1	0	0	4	0
TNC	414	60	45	122	8	11	476	142
PAPPA	16	18	11	10	0	1	53	16
ASTN2	97	394	26	299	25	37	157	261
TRIM32	183	41	35	39	4	2	336	30
TLR4	1	1	3	3	0	0	7	0
BRINP1	15	20	4	24	0	0	28	14
CDK5RAP2	763	390	107	298	35	10	952	308
MEGF9	81	181	23	162	7	1	132	137
FBXW2	464	155	128	164	13	5	740	118
B3GNT10	15	12	8	8	1	0	40	8
PSMD5	344	246	61	97	23	11	696	183
PHF19	161	29	122	21	2	0	208	23
TRAF1	8	8	2	4	0	0	5	6
C5	149	57	1	59	7	1	240	64
CNTRL	175	88	43	58	7	2	336	100
RAB14	1002	295	422	293	27	16	1729	228
GSN	2199	1388	1047	663	82	37	5433	827
STOM	537	62	326	38	8	3	1598	71
DAB2IP	190	137	49	81	13	9	318	99
TTLL11	14	9	8	14	2	1	13	6
NDUFA8	2177	479	693	420	44	18	3832	364
MORN5	5	3	3	3	0	0	9	2
LHX6	1	1	0	1	0	0	5	1
RBM18	292	105	86	86	7	6	526	59
MRRF	211	119	106	94	11	7	471	82
PTGS1	2	0	2	0	0	0	3	1
OR1J1	0	0	0	0	0	0	0	0
OR1J2	0	0	0	0	0	0	0	0
OR1J4	0	0	0	0	0	0	0	0
OR1N1	0	0	0	0	0	0	0	0
OR1N2	0	0	0	0	0	0	0	0
OR1L8	0	1	0	0	0	0	0	0
OR1Q1	0	0	0	0	0	0	1	0
OR1B1	0	0	0	0	0	0	0	0
OR1L1	0	0	0	0	0	0	0	0
OR1L3	0	0	0	0	0	0	0	0
OR1L4	0	0	0	0	0	0	0	0
OR1L6	0	0	0	0	0	0	0	1
OR5C1	0	0	0	0	0	0	0	0
PDCL	654	188	182	139	15	6	1128	133
OR1K1	0	0	0	0	0	0	0	0
RC3H2	353	315	99	256	29	15	659	281
ZBTB6	101	62	24	38	3	0	205	29
ZBTB26	71	77	13	47	5	5	112	36
RABGAP1	565	601	182	502	63	31	991	462
GPR21	0	0	0	0	0	0	0	0
STRBP	1164	734	291	501	86	24	2052	502
CRB2	32	24	23	26	0	1	145	9
DENND1A	178	910	37	1037	111	50	312	783
LHX2	35	20	18	10	0	5	30	10
NEK6	474	231	111	177	21	4	947	151
PSMB7	3866	813	1100	709	89	32	6099	620
ADGRD2	0	1	0	1	0	1	1	1
NR5A1	0	1	0	0	0	0	0	5
NR6A1	2078	1667	251	1459	180	65	3286	1461
OLFML2A	48	11	33	8	1	1	50	19
WDR38	0	0	0	0	0	0	1	0
RPL35	35405	6627	7749	6068	810	327	69190	5842
ARPC5L	2041	409	711	470	43	23	3374	374
GOLGA1	118	105	52	61	7	5	196	64
SCAI	291	345	50	271	35	20	547	345
PPP6C	602	230	164	200	25	17	956	166
RABEPK	287	126	59	121	7	7	564	102
HSPA5	9774	1965	1772	2006	198	83	18748	1882
GAPVD1	446	269	124	231	33	11	726	218
MAPKAP1	694	473	242	446	48	22	1236	418
PBX3	241	271	158	173	41	21	272	341
MVB12B	157	151	18	125	21	10	199	142
LMX1B	61	36	18	13	6	8	79	39
ZBTB43	309	104	145	96	16	5	540	87
ZBTB34	87	25	23	19	1	2	133	22
RALGPS1	145	376	41	207	31	21	325	262
ANGPTL2	83	22	4	19	0	0	132	13
GARNL3	7	69	4	49	9	2	25	71
SLC2A8	564	95	217	75	9	3	499	105
ZNF79	33	13	8	14	0	1	40	21
RPL12	45692	12381	17069	10218	1167	564	96334	9060
LRSAM1	99	90	48	62	10	5	142	67
NIBAN2	123	39	190	30	3	5	196	29
STXBP1	60	35	42	39	4	1	132	30
PTRH1	191	29	100	27	6	3	320	35
CFAP157	3	0	1	0	0	0	3	4
TTC16	0	0	0	0	0	0	2	0
TOR2A	280	56	103	31	4	4	432	44
SH2D3C	5	4	8	3	0	1	4	1
CDK9	563	87	136	68	8	4	962	92
FPGS	339	94	62	76	8	3	526	90
ENG	19	5	8	2	1	0	31	6
AK1	63	75	24	62	8	4	107	85
ST6GALNAC6	4	66	0	25	2	0	3	53
ST6GALNAC4	56	8	27	10	3	0	104	7
PIP5KL1	15	2	20	6	0	3	51	7
DPM2	922	219	310	148	17	13	1557	183
FAM102A	189	96	91	89	11	5	339	100
NAIF1	54	10	17	12	0	0	74	8
SLC25A25	94	38	62	32	4	1	170	47
PTGES2	1095	188	292	175	23	6	1766	168
LCN2	5	0	1	0	0	0	7	0
C9orf16	2542	628	953	266	63	30	4517	398
CIZ1	552	97	196	87	12	4	797	78
DNM1	176	143	46	64	9	4	272	110
GOLGA2	808	264	224	193	24	12	1498	237
SWI5	1248	455	256	396	37	13	2430	317
TRUB2	574	123	171	88	12	4	924	88
COQ4	647	145	218	107	15	3	1016	92
SLC27A4	198	62	59	57	6	3	304	43
URM1	769	168	228	135	21	4	1144	141
CERCAM	156	37	232	16	3	3	203	33
ODF2	203	96	61	83	10	6	307	71
GLE1	192	71	57	57	7	2	310	46
SPTAN1	990	412	385	400	40	21	1629	318
WDR34	677	144	233	99	12	9	881	149
SET	14277	3809	3096	2337	351	165	24798	2806
PKN3	168	78	24	41	7	1	275	85
ZDHHC12	1195	204	458	226	29	13	1938	206
ZER1	177	160	52	154	11	7	263	97
TBC1D13	208	65	45	46	5	2	334	38
ENDOG	597	133	135	171	18	4	1029	106
SPOUT1	3	101	1	56	10	4	4	94
KYAT1	31	96	4	83	12	3	48	46
LRRC8A	466	101	137	131	13	10	658	125
PHYHD1	316	69	66	65	4	7	622	58
DOLK	332	75	93	69	9	2	493	53
NUP188	352	125	86	85	8	5	548	85
SH3GLB2	685	117	585	89	9	6	1001	75
MIGA2	107	22	25	29	1	3	156	16
DOLPP1	301	47	59	44	7	1	426	37
CRAT	335	88	37	104	5	0	670	70
PTPA	479	136	145	96	8	5	698	84
IER5L	576	194	250	140	14	6	1363	156
NTMT1	1217	285	308	262	25	11	2101	207
C9orf50	0	1	0	0	0	1	4	0
ASB6	125	22	37	21	2	0	213	23
PRRX2	46	8	7	3	1	0	47	6
PTGES	47	0	430	0	0	0	70	0
TOR1B	121	55	33	42	3	1	205	27
TOR1A	677	122	167	126	17	5	1143	119
C9orf78	1024	260	325	221	27	11	1858	187
USP20	48	49	18	33	4	1	75	41
FNBP1	399	292	127	237	28	15	663	266
GPR107	268	252	74	210	14	7	490	165
NCS1	524	151	142	89	11	8	808	96
HMCN2	11	4	6	2	0	0	12	7
ASS1	268	224	81	275	7	6	675	104
FUBP3	577	320	144	322	33	12	1135	250
PRDM12	7	2	1	3	0	0	17	2
EXOSC2	315	77	68	51	5	4	537	45
ABL1	370	408	78	337	40	17	590	310
QRFP	0	0	0	0	0	0	0	0
FIBCD1	8	3	7	1	0	1	13	4
LAMC3	11	5	3	13	1	0	15	14
AIF1L	873	170	197	96	16	13	1271	173
NUP214	388	269	74	251	25	8	640	227
FAM78A	13	1	2	3	0	1	8	1
PLPP7	15	6	6	5	0	0	33	2
PRRC2B	1183	739	292	600	79	33	1909	621
POMT1	157	83	50	56	10	3	335	63
UCK1	422	54	143	48	4	1	579	51
PRRT1B	0	8	0	3	0	0	4	11
RAPGEF1	248	299	92	285	22	14	491	239
MED27	568	337	159	333	25	17	786	281
NTNG2	10	1	4	1	0	0	6	1
SETX	681	415	143	364	34	21	1198	344
TTF1	707	185	182	153	20	3	1187	149
CFAP77	1	6	1	6	0	0	6	9
BARHL1	3	0	2	6	1	0	8	1
DDX31	116	110	25	69	6	1	231	106
GTF3C4	340	132	71	77	15	6	658	106
AK8	11	9	2	11	1	0	8	16
SPACA9	66	22	19	30	0	1	146	13
TSC1	282	115	92	103	9	4	481	107
GFI1B	1	2	0	0	0	0	2	0
GTF3C5	573	124	139	75	14	8	803	105
CEL	7	5	11	6	0	1	19	2
RALGDS	290	99	63	50	6	1	482	72
GBGT1	142	24	57	24	3	3	182	15
OBP2B	0	0	1	0	0	0	0	0
ABO	176	223	15	240	29	10	272	79
SURF6	532	146	114	126	17	9	883	121
MED22	256	44	91	53	5	4	409	33
RPL7A	75213	21680	17831	17069	1900	1010	141673	15690
SURF1	1286	342	387	232	25	17	1942	254
SURF2	891	155	286	166	18	12	1519	144
SURF4	2039	693	448	856	74	39	3984	567
STKLD1	44	24	3	23	5	3	129	19
REXO4	521	126	123	81	7	4	891	85
ADAMTS13	32	24	2	9	3	1	60	18
CACFD1	334	69	87	51	9	4	456	36
SLC2A6	98	11	33	17	0	2	149	20
MYMK	0	0	0	0	0	0	0	0
ADAMTSL2	10	2	1	1	0	0	21	4
FAM163B	0	0	0	0	0	0	2	0
DBH	0	0	0	0	0	0	0	0
SARDH	55	28	6	25	1	0	114	17
VAV2	167	243	48	200	28	13	278	224
BRD3OS	172	21	70	16	2	0	302	18
BRD3	1533	290	256	205	18	22	2297	191
WDR5	372	113	97	100	19	2	644	86
RXRA	751	228	210	223	23	6	1294	192
COL5A1	164	87	93	134	6	4	281	128
FCN2	1	0	0	0	0	0	0	0
FCN1	0	0	0	1	0	0	1	0
OLFM1	32	5	17	5	1	2	69	16
PPP1R26	203	43	46	29	3	2	270	31
C9orf116	297	71	119	34	9	2	472	51
MRPS2	1066	215	319	213	18	8	1954	190
LCN1	5	2	0	5	0	0	6	2
OBP2A	0	0	0	0	0	0	0	0
PAEP	43	0	98	0	0	0	4	0
AL354761.1	0	0	0	0	0	0	0	0
GLT6D1	0	0	0	0	0	0	0	0
LCN9	0	0	0	0	0	0	0	0
SOHLH1	1	0	0	0	0	0	0	0
KCNT1	1	0	0	0	0	0	0	0
CAMSAP1	318	224	67	132	13	8	430	146
UBAC1	898	199	286	179	28	15	1656	155
NACC2	119	76	39	59	8	2	197	89
TMEM250	543	80	101	59	5	3	848	72
LHX3	0	0	0	0	0	0	0	0
QSOX2	104	42	27	33	3	2	190	33
CCDC187	0	1	0	2	1	0	3	0
GPSM1	246	45	39	24	5	1	328	18
DNLZ	40	6	31	2	0	0	53	6
CARD9	10	4	6	4	0	0	18	6
SNAPC4	195	75	27	67	7	4	373	70
ENTR1	486	152	112	132	10	6	917	122
PMPCA	1066	222	157	186	27	11	1865	170
INPP5E	146	25	51	18	2	2	237	23
SEC16A	268	126	88	124	11	6	455	107
NOTCH1	209	37	95	25	4	2	199	49
EGFL7	714	163	168	118	11	7	964	153
AGPAT2	1220	358	363	362	30	22	2213	272
DIPK1B	1142	229	111	188	22	6	1764	152
LCN10	0	1	0	5	0	2	0	1
LCN6	0	0	0	0	0	0	0	0
LCN8	0	0	0	1	0	1	0	0
LCN15	5050	96	2	1100	70	56	1497	70
TMEM141	9136	3338	752	2885	283	135	19968	2001
CCDC183	188	110	5	74	17	4	320	53
RABL6	3012	1135	415	777	90	56	4509	841
AJM1	84	27	12	14	3	1	109	12
PHPT1	9017	1989	1769	1845	206	100	15689	1574
MAMDC4	86	17	9	11	3	0	85	8
EDF1	8262	1944	2323	1818	207	86	13844	1730
TRAF2	271	89	58	50	9	1	404	70
FBXW5	947	171	289	156	17	7	1680	129
C8G	7	0	3	0	0	0	7	0
LCN12	13	3	6	1	0	0	27	1
PTGDS	26	14	3	16	0	1	23	10
LCNL1	2	0	0	0	0	0	3	0
PAXX	1469	309	373	100	22	8	2250	223
CLIC3	633	7	772	0	1	0	388	4
ABCA2	96	34	11	4	1	0	150	6
FUT7	0	0	0	0	0	0	0	0
NPDC1	414	75	180	49	9	7	610	70
ENTPD2	25	5	33	5	1	0	51	2
SAPCD2	243	56	56	25	2	3	415	33
UAP1L1	28	2	70	9	0	0	42	1
MAN1B1	507	102	153	94	4	4	873	88
DPP7	599	100	242	117	20	4	1383	94
GRIN1	1	1	3	0	0	0	7	0
LRRC26	29	17	1	2	11	1	48	23
TMEM210	0	0	0	0	0	0	0	0
ANAPC2	103	25	25	10	2	2	264	14
SSNA1	1701	347	599	337	40	15	2822	359
TPRN	304	77	50	70	7	1	564	78
TMEM203	789	184	188	161	18	16	1559	129
NDOR1	13	39	7	35	4	5	29	34
BX255925.3	164	22	19	21	3	4	270	24
RNF208	253	38	41	30	3	1	391	38
CYSRT1	14	3	8	1	0	0	22	6
RNF224	17	1	0	2	1	1	25	2
SLC34A3	8	1	0	4	0	0	14	1
TUBB4B	9457	2186	2040	2103	215	86	15681	1644
FAM166A	2	1	0	0	0	0	3	0
STPG3	1	1	0	0	0	0	0	1
NELFB	715	151	175	163	14	2	1159	144
TOR4A	62	8	28	17	0	0	208	10
NRARP	860	76	238	93	5	4	1236	60
EXD3	242	138	50	93	7	7	288	102
NOXA1	26	22	13	24	1	1	51	13
ENTPD8	43	6	3	12	0	0	54	5
NSMF	284	102	69	67	8	2	624	70
PNPLA7	7	12	3	13	2	1	9	15
MRPL41	3515	893	862	806	74	44	6864	725
DPH7	518	137	144	97	10	4	925	99
ZMYND19	372	100	113	83	13	2	614	94
ARRDC1	358	77	294	54	9	5	568	62
EHMT1	939	767	223	611	76	29	1626	661
CACNA1B	23	128	0	81	10	9	48	80
BET1L	346	127	75	105	7	3	589	106
SCGB1C1	0	0	0	0	0	0	0	0
ODF3	0	0	0	0	0	0	0	0
RIC8A	714	109	225	115	15	6	1108	109
SIRT3	167	79	37	65	11	4	260	60
PSMD13	2155	390	544	381	39	18	3507	377
NLRP6	0	0	0	0	0	0	0	0
PGGHG	243	71	35	34	2	0	501	37
IFITM5	0	0	0	0	0	0	1	0
IFITM2	447	137	64	180	12	6	747	98
IFITM1	478	145	218	112	16	6	606	218
IFITM3	4412	747	2424	595	67	31	7747	809
B4GALNT4	328	42	53	32	3	4	517	33
PKP3	283	10	406	93	1	4	760	28
SIGIRR	876	174	188	128	21	14	1155	119
ANO9	28	6	35	12	2	0	91	5
PTDSS2	39	124	14	80	9	11	74	110
RNH1	516	260	279	260	25	11	896	171
HRAS	400	188	253	163	30	7	646	158
LRRC56	6	1	1	1	1	0	4	1
LMNTD2	11	7	7	7	0	0	16	9
RASSF7	5	132	2	96	15	6	18	105
PHRF1	79	124	24	102	17	10	158	96
IRF7	97	24	44	10	0	2	186	26
CDHR5	0	0	0	1	0	0	1	0
SCT	54	15	4	8	1	0	110	18
DRD4	8	14	4	10	1	1	14	7
DEAF1	73	143	32	144	13	9	129	167
EPS8L2	718	135	512	129	8	15	1280	130
TMEM80	282	74	104	39	5	2	422	53
TALDO1	3477	814	1918	805	68	41	5663	812
GATD1	324	94	87	81	12	7	538	51
CEND1	4	0	14	0	0	0	11	0
SLC25A22	286	53	43	33	9	0	436	43
PANO1	21	4	6	3	0	0	36	11
PIDD1	185	49	53	22	5	3	299	53
RPLP2	35670	7481	8630	6559	697	381	67410	6394
PNPLA2	298	50	100	42	9	6	390	44
CRACR2B	155	47	67	16	5	2	315	30
CD151	2229	444	1169	376	38	18	3455	308
POLR2L	3792	906	917	879	94	49	6541	813
TSPAN4	556	115	116	71	8	6	1106	104
CHID1	1461	381	503	358	37	24	2344	334
AP2A2	352	348	64	244	23	15	548	227
MUC6	0	6	0	6	0	0	1	15
MUC2	0	0	0	0	0	0	0	0
MUC5AC	0	0	0	0	0	0	0	0
MUC5B	0	0	4	0	0	0	1	1
TOLLIP	498	134	177	141	13	3	1103	105
BRSK2	54	9	14	3	3	0	70	9
MOB2	355	92	129	67	6	2	525	68
DUSP8	1	9	1	9	0	0	0	6
KRTAP5-1	0	0	0	0	0	0	0	0
KRTAP5-2	0	0	0	0	0	0	0	0
KRTAP5-3	0	0	0	0	0	0	0	0
KRTAP5-4	0	0	0	0	0	0	0	0
KRTAP5-5	0	0	0	0	0	0	0	0
KRTAP5-6	0	0	0	0	0	0	0	0
IFITM10	0	10	0	7	1	0	0	8
CTSD	2283	411	1063	469	27	12	3257	350
SYT8	1	0	4	0	0	0	4	0
TNNI2	1	0	3	0	0	0	2	0
LSP1	20	0	10	1	0	0	16	1
PRR33	0	0	0	0	0	0	0	0
TNNT3	22	0	161	1	0	0	25	1
MRPL23	1052	213	436	190	30	10	2884	189
IGF2	93	3	96	4	0	0	81	3
AC132217.2	0	0	0	0	0	0	0	0
INS	0	0	0	0	0	0	0	0
TH	0	0	4	0	0	0	5	0
ASCL2	44	8	28	23	4	0	139	4
C11orf21	1	0	0	1	0	0	1	0
TSPAN32	11	8	0	8	0	0	16	6
CD81	6814	1831	2259	1660	220	57	13157	1790
TSSC4	1067	180	279	191	18	10	1607	185
TRPM5	0	2	0	0	0	0	2	0
KCNQ1	8	25	0	31	6	0	18	40
CDKN1C	2616	3385	235	4388	414	86	5231	2229
SLC22A18AS	3	5	1	24	0	0	6	10
SLC22A18	285	44	72	153	12	4	514	110
PHLDA2	486	131	152	361	14	6	793	83
NAP1L4	876	1065	153	820	90	39	1655	775
CARS	250	227	75	173	20	5	397	181
OSBPL5	25	26	21	10	0	1	50	13
MRGPRG	0	0	0	0	0	0	0	0
MRGPRE	0	0	0	0	0	0	0	0
ZNF195	664	230	155	206	17	8	1019	249
ART5	177	49	21	46	4	7	156	31
ART1	1	0	0	0	0	0	0	0
CHRNA10	19	2	2	3	0	1	30	2
NUP98	418	356	102	357	20	23	667	285
PGAP2	591	198	150	186	23	3	1008	136
RHOG	568	142	220	133	14	8	1122	122
STIM1	175	240	72	250	20	15	281	166
RRM1	1096	236	253	176	22	10	1658	190
SSU72P5	0	0	0	0	0	0	0	0
SSU72P2	0	0	0	0	0	0	0	0
SSU72P4	0	0	0	0	0	0	0	0
SSU72P3	0	0	0	0	0	0	0	0
SSU72P7	0	0	0	0	0	0	0	0
OR52B4	0	0	0	0	0	0	0	0
TRIM21	77	17	37	2	0	0	164	11
OR52K2	1	0	0	0	0	0	0	0
OR52K1	0	1	0	0	0	0	1	0
OR52M1	0	0	0	0	0	0	0	0
OR52I2	1	0	0	0	0	0	1	0
OR52I1	1	1	0	0	0	1	2	2
TRIM68	71	12	16	6	1	1	115	10
OR51D1	0	0	0	0	0	0	0	0
OR51E1	0	0	0	0	0	0	0	0
OR51E2	1	0	0	0	0	0	0	1
OR51C1P	0	0	0	0	0	0	0	0
MMP26	2	0	0	8	0	1	0	3
OR51F1	0	0	0	0	0	0	0	0
OR52R1	0	0	0	0	0	0	0	0
OR51F2	0	0	0	0	0	0	0	0
OR51S1	0	0	0	0	0	0	0	0
OR51T1	0	0	0	0	0	0	0	0
OR51A7	0	0	0	0	0	0	0	0
OR51G2	1	0	0	0	0	0	1	0
OR51G1	0	0	0	0	0	0	0	0
OR51A4	0	0	0	0	0	0	0	0
OR51A2	0	0	0	0	0	0	0	0
OR51L1	0	0	0	0	0	0	0	0
OR52J3	0	0	0	0	0	0	0	0
OR52E2	0	0	0	0	0	0	0	0
OR52A5	1	0	0	1	0	0	0	0
OR52A1	6	0	0	5	0	0	20	2
OR51V1	0	0	0	0	0	0	0	0
HBB	0	0	0	1	0	0	0	0
HBD	2	0	2	0	0	0	0	0
HBG1	1	0	0	0	0	0	0	1
HBG2	13	5	1	4	5	0	37	6
AC104389.5	5	55	2	34	9	3	19	27
HBE1	21	7	0	2	2	0	16	6
OR51B4	5	6	0	0	0	0	9	1
OR51B5	113	83	1	37	6	1	194	64
OR51B2	3	1	0	1	0	0	10	7
OR51B6	0	1	0	0	0	0	2	1
OR51M1	2	9	1	7	0	0	8	11
OR51Q1	15	5	0	0	0	0	2	3
OR51I1	0	1	0	0	0	0	0	0
OR51I2	2	1	0	0	0	0	0	2
OR52D1	0	0	0	0	0	0	0	0
UBQLN3	0	0	0	0	0	0	0	0
UBQLNL	4	0	2	0	0	0	3	0
OR52H1	1	0	0	0	0	0	3	0
OR52B6	0	0	0	0	0	0	0	0
TRIM6	214	128	74	93	14	5	364	50
TRIM34	2	20	1	15	0	1	1	12
TRIM5	328	96	86	61	3	5	462	41
TRIM22	9	5	63	2	3	0	18	1
OR56B1	0	0	0	0	0	0	1	0
OR52N4	0	0	0	0	0	0	0	0
OR52N5	0	0	0	1	0	0	1	0
OR52N1	0	0	0	0	0	0	0	0
OR52N2	2	1	0	0	0	0	1	0
OR52E6	0	0	0	0	0	0	0	0
OR52E8	1	0	0	0	0	0	1	0
OR52E4	1	0	0	0	0	0	1	0
OR52E5	0	0	0	0	0	0	0	0
OR56A3	0	1	0	1	2	0	0	0
OR56A5	0	0	0	0	0	0	0	0
OR52L1	0	0	0	0	0	0	0	0
OR56A4	0	0	0	0	0	0	1	0
OR56A1	2	0	0	0	0	0	2	2
OR56B4	0	0	0	0	0	0	0	0
OR52B2	0	0	0	0	0	0	0	0
OR52W1	0	0	0	0	0	0	0	0
C11orf42	0	3	0	3	0	0	0	5
FAM160A2	249	77	43	73	11	4	360	36
CNGA4	0	3	0	5	0	1	2	4
CCKBR	1931	595	58	443	82	9	2416	720
CAVIN3	922	97	383	192	23	4	738	219
SMPD1	217	37	86	56	4	0	269	41
APBB1	280	56	55	67	7	4	355	53
HPX	757	128	2	257	5	1	1077	115
TRIM3	102	47	27	54	3	1	168	38
ARFIP2	819	177	237	134	18	6	1332	133
TIMM10B	771	261	116	269	38	12	1658	136
DNHD1	38	132	5	129	11	2	65	62
RRP8	257	58	67	53	6	1	496	35
ILK	1315	369	448	365	38	12	2119	328
TAF10	2468	505	792	486	57	28	3936	405
TPP1	552	144	233	154	12	9	942	92
DCHS1	326	27	11	26	1	5	323	40
MRPL17	1868	334	429	414	39	16	3247	311
OR2AG2	13	1	0	1	0	0	25	1
OR2AG1	1	0	0	1	0	0	6	0
OR6A2	6	2	0	6	1	0	8	2
OR10A5	0	0	0	0	0	0	0	0
OR10A2	2	0	0	1	0	0	5	0
OR10A4	3	0	0	0	0	0	2	0
OR2D2	1	0	0	0	0	0	0	0
OR2D3	0	0	0	0	0	0	0	0
ZNF215	97	34	13	51	3	0	159	26
ZNF214	58	17	10	14	1	1	92	15
NLRP14	0	0	0	0	1	0	2	0
RBMXL2	3	0	0	0	0	0	0	0
SYT9	1	5	0	5	0	0	2	8
OLFML1	4	0	0	2	0	0	17	1
PPFIBP2	676	492	55	471	53	20	1278	403
CYB5R2	157	26	83	24	6	4	231	25
OVCH2	9	10	0	19	2	2	1	60
OR5P2	0	1	0	1	0	0	0	4
OR5P3	0	0	0	0	0	0	0	1
OR10A6	0	0	0	0	0	0	0	0
OR10A3	0	0	0	0	0	0	0	0
NLRP10	0	0	0	0	0	0	0	0
EIF3F	5784	1559	1664	1249	118	64	10893	1115
TUB	102	50	21	20	2	1	154	12
RIC3	371	87	76	59	5	7	424	72
LMO1	34	3	15	3	1	0	64	3
STK33	211	330	24	241	22	11	328	256
TRIM66	31	35	5	27	2	0	39	25
RPL27A	25810	7356	5911	5589	662	314	50369	6330
ST5	323	258	68	241	29	13	414	197
AKIP1	428	100	104	55	8	2	643	75
C11orf16	0	0	2	0	0	0	0	0
ASCL3	0	0	0	0	0	0	0	0
TMEM9B	364	75	215	90	6	3	766	76
NRIP3	15	1	13	8	1	1	42	7
SCUBE2	3	2	2	9	2	0	8	13
DENND5A	262	321	79	346	37	18	415	337
TMEM41B	884	518	164	553	69	29	1787	431
IPO7	1147	531	315	438	45	27	2282	377
ZNF143	443	180	105	211	22	10	851	171
WEE1	744	287	252	315	29	14	1511	129
SWAP70	253	194	132	177	12	7	480	151
SBF2	392	1135	80	791	98	47	591	790
ADM	1135	141	238	331	23	10	988	166
AMPD3	18	27	11	46	1	2	61	39
MTRNR2L8	29	420	10	362	30	17	53	278
RNF141	506	93	243	113	6	6	675	76
LYVE1	0	0	0	0	1	0	0	1
MRVI1	45	20	35	12	1	0	88	18
CTR9	600	178	187	120	19	3	952	119
EIF4G2	5384	1120	1463	974	143	63	9342	807
ZBED5	486	110	105	102	15	7	641	116
GALNT18	102	64	9	104	7	4	141	115
CSNK2A3	17	1	1	2	0	0	15	1
USP47	806	576	347	488	45	26	1386	422
DKK3	246	34	122	44	6	0	400	37
MICAL2	50	32	5	61	2	0	65	22
PARVA	542	168	198	256	20	11	815	226
TEAD1	702	901	269	756	98	55	1086	730
RASSF10	222	35	6	19	6	2	282	42
ARNTL	23	9	29	14	1	2	48	9
BTBD10	376	226	162	187	23	4	682	176
PTH	0	0	0	1	0	0	0	0
FAR1	363	410	97	329	23	21	690	260
SPON1	109	38	15	56	3	1	231	29
RRAS2	601	635	191	624	57	31	1286	482
COPB1	1950	743	425	806	63	19	3889	588
PSMA1	4419	1035	1130	957	108	55	7676	862
PDE3B	285	460	11	362	47	19	377	358
CYP2R1	121	66	35	54	7	2	201	58
CALCB	26	70	20	55	2	1	47	70
CALCA	11	3	7	3	0	0	31	4
INSC	8	14	1	10	1	0	6	7
SOX6	69	380	21	213	12	62	174	193
C11orf58	4720	1233	1239	931	122	84	7712	932
PLEKHA7	116	239	73	237	31	4	136	235
RPS13	41587	10822	10112	10093	1037	479	83122	9577
PIK3C2A	1548	1718	244	1455	149	76	3139	1229
NUCB2	1321	507	480	437	52	22	2594	300
NCR3LG1	4	8	0	4	0	0	20	2
KCNJ11	2	0	2	0	0	0	7	1
ABCC8	1	1	1	1	0	0	0	3
USH1C	37	77	1	72	5	1	115	16
OTOG	4	9	0	6	0	0	7	5
MYOD1	0	0	0	0	0	0	1	0
KCNC1	26	6	5	9	2	1	29	7
SERGEF	195	117	66	117	11	10	290	111
TPH1	8	5	2	2	0	0	15	1
SAAL1	471	124	91	88	12	6	777	98
MRGPRX3	0	0	0	0	0	0	0	0
MRGPRX4	0	0	0	0	0	0	0	0
SAA4	0	6	0	1	0	0	7	2
SAA2	0	0	0	0	0	0	0	1
SAA1	0	0	0	0	0	0	0	0
HPS5	178	136	55	114	8	6	361	83
GTF2H1	279	136	107	127	9	8	536	88
LDHA	16482	2400	2384	2955	245	179	35318	3180
LDHC	4	0	1	0	0	0	12	1
LDHAL6A	1	1	0	2	0	0	3	4
TSG101	1309	438	473	352	38	19	2147	274
UEVLD	109	82	52	70	9	3	185	66
SPTY2D1OS	34	45	15	39	3	2	59	24
SPTY2D1	385	166	94	195	18	9	796	121
TMEM86A	12	3	13	8	0	1	25	4
IGSF22	7	8	8	11	0	2	14	12
PTPN5	123	104	5	87	8	4	229	56
MRGPRX1	0	0	0	1	0	0	0	0
MRGPRX2	0	0	0	0	0	0	0	0
ZDHHC13	293	160	131	104	8	10	471	122
CSRP3	2	1	0	1	0	0	18	0
E2F8	159	56	20	32	2	3	317	30
NAV2	368	583	210	350	44	41	919	256
DBX1	0	0	0	0	0	0	0	0
HTATIP2	1174	233	427	242	34	8	1765	198
PRMT3	236	193	46	112	11	8	384	108
SLC6A5	0	0	0	0	0	0	0	0
NELL1	5	8	1	17	3	2	19	3
ANO5	80	111	12	58	4	8	81	67
SLC17A6	5	1	2	3	0	0	8	3
FANCF	420	100	97	71	8	2	732	62
GAS2	49	83	15	43	7	6	98	44
SVIP	663	145	322	96	18	9	1113	92
CCDC179	0	0	0	0	0	0	0	0
LUZP2	19	71	23	62	6	5	22	30
ANO3	4	1	0	4	0	0	4	0
MUC15	37	3	230	0	0	0	219	0
SLC5A12	59	9	4	14	3	0	72	3
FIBIN	0	0	0	1	0	0	3	0
BBOX1	16	5	25	15	2	0	10	9
CCDC34	1030	285	231	145	28	17	1819	238
LGR4	466	626	163	412	54	34	841	510
LIN7C	383	193	123	109	17	15	712	117
BDNF	57	40	12	45	4	10	153	19
KIF18A	258	173	38	90	7	8	343	96
METTL15	183	549	54	331	40	25	314	391
KCNA4	1	1	0	1	0	0	9	0
FSHB	0	0	0	0	0	0	0	0
ARL14EP	589	188	130	155	20	10	1087	125
MPPED2	50	52	5	44	4	0	62	46
DCDC1	15	54	8	45	9	1	28	48
DNAJC24	309	174	76	126	17	15	436	126
IMMP1L	836	454	209	359	45	18	1595	288
ELP4	293	354	76	341	35	14	457	291
PAX6	243	35	126	22	6	1	204	57
RCN1	2872	1437	831	1036	131	49	4725	1016
WT1	3	1	0	0	0	0	0	0
EIF3M	3609	1105	968	937	87	51	7324	863
CCDC73	1	3	0	6	0	0	7	6
PRRG4	195	55	205	42	6	2	421	47
QSER1	739	425	161	292	34	20	1274	281
DEPDC7	101	56	8	45	8	4	209	32
TCP11L1	126	160	36	121	14	10	206	125
CSTF3	786	387	173	232	35	21	1376	323
HIPK3	169	158	86	135	19	9	302	122
KIAA1549L	21	38	2	24	2	2	45	21
C11orf91	1	0	2	0	0	0	2	3
CD59	977	336	718	335	31	16	1364	263
FBXO3	277	73	111	47	9	2	462	56
LMO2	40	10	14	8	2	1	68	7
CAPRIN1	1761	690	446	484	75	22	3281	506
NAT10	288	90	58	81	13	8	512	100
ABTB2	52	89	14	99	6	5	52	102
CAT	336	148	79	135	10	5	20	31
ELF5	37	4	85	2	0	0	42	0
EHF	14	4	7	0	1	0	11	2
APIP	580	180	123	164	22	12	963	201
PDHX	417	286	102	159	32	12	824	226
CD44	68	8	36	34	1	2	66	17
SLC1A2	39	22	3	60	2	3	60	64
PAMR1	95	219	39	886	21	15	158	378
FJX1	445	96	128	114	14	6	702	85
TRIM44	1148	477	335	357	53	18	2289	307
LDLRAD3	189	717	16	458	60	34	375	627
COMMD9	782	156	231	156	18	4	1153	136
PRR5L	48	69	39	52	7	3	94	57
TRAF6	138	94	39	72	11	1	235	63
RAG1	7	4	4	2	0	0	10	6
RAG2	1	1	0	2	0	0	0	0
C11orf74	706	187	138	108	16	8	1340	146
LRRC4C	29	125	4	101	0	2	76	66
API5	888	494	213	366	36	24	1464	261
TTC17	889	1022	119	715	73	38	1522	737
HSD17B12	1918	497	532	440	31	17	3318	254
ALKBH3	46	41	82	57	4	6	220	58
C11orf96	128	5	45	3	1	1	154	4
ACCSL	0	0	0	0	0	0	0	0
ACCS	32	29	9	12	1	0	96	12
EXT2	595	282	144	210	31	14	1024	213
ALX4	0	2	0	0	0	0	2	0
CD82	33	9	22	11	0	1	52	2
TSPAN18	242	248	26	145	18	11	606	109
TP53I11	527	87	132	118	12	1	554	83
PRDM11	23	22	21	14	4	2	35	10
SYT13	18	12	17	7	2	1	84	6
CHST1	2	1	3	4	0	0	8	1
SLC35C1	168	31	50	20	2	0	279	15
CRY2	128	83	29	93	6	3	201	33
MAPK8IP1	42	12	38	1	0	1	62	11
C11orf94	2	0	0	0	0	0	3	0
PEX16	555	137	137	122	19	9	834	118
LARGE2	207	65	68	34	5	3	250	50
PHF21A	290	441	80	317	39	23	398	327
CREB3L1	125	14	97	35	2	0	88	10
DGKZ	356	78	176	85	9	5	712	53
MDK	35428	8625	7667	4316	943	342	59534	7019
CHRM4	0	0	0	0	0	0	0	0
AMBRA1	113	475	28	404	57	19	171	463
HARBI1	70	15	26	14	0	1	75	14
ATG13	253	152	78	146	14	7	405	114
ARHGAP1	238	85	88	77	8	2	341	52
ZNF408	203	38	33	37	5	5	267	34
F2	618	254	0	203	20	6	1463	144
CKAP5	937	612	212	396	45	23	1549	406
LRP4	74	110	19	50	7	5	171	73
C11orf49	517	616	125	437	53	30	824	495
ARFGAP2	628	125	162	84	12	7	957	86
PACSIN3	466	66	275	79	1	3	767	57
DDB2	315	167	82	74	11	5	401	117
ACP2	394	87	137	88	5	3	620	75
NR1H3	242	75	55	74	10	0	473	44
MADD	119	45	54	28	1	3	197	30
MYBPC3	2	2	1	15	3	0	6	1
SPI1	2	0	0	0	0	0	1	0
SLC39A13	185	69	69	50	8	2	388	46
PSMC3	2493	504	757	404	67	22	4179	500
RAPSN	3	4	1	1	1	0	10	12
CELF1	1444	695	309	577	59	43	2375	610
NDUFS3	2250	425	612	392	44	23	3456	360
PTPMT1	737	166	234	133	22	4	1140	135
KBTBD4	224	31	53	27	4	1	260	33
FAM180B	0	1	0	0	0	0	0	0
C1QTNF4	119	29	21	16	2	1	300	16
MTCH2	2744	584	677	613	56	25	4543	502
AGBL2	12	6	3	1	2	0	15	6
FNBP4	1182	593	242	518	58	28	1998	497
NUP160	538	370	124	298	44	19	857	268
PTPRJ	126	474	55	395	36	13	208	283
OR4B1	0	0	0	0	0	0	0	0
OR4X2	0	0	0	0	0	0	0	0
OR4X1	0	0	0	0	0	0	0	0
OR4S1	0	0	0	0	0	0	0	0
OR4C3	0	0	0	0	0	0	0	0
OR4C5	0	0	0	0	0	0	0	0
OR4A47	0	0	0	0	0	0	0	0
TRIM51GP	0	0	0	0	0	0	0	0
TRIM49B	2	0	0	0	0	0	1	0
TRIM64C	0	0	0	0	0	0	0	0
FOLH1	88	1	0	1	0	1	63	0
OR4C13	0	0	0	0	0	0	0	0
OR4C12	0	0	0	0	0	0	0	0
OR4C46	0	0	0	0	0	0	0	0
OR4A5	0	0	0	0	0	0	0	0
TRIM48	0	0	0	0	0	0	0	0
OR4A16	0	0	0	0	0	0	0	0
OR4A15	0	0	0	0	0	0	0	0
OR4C15	0	0	0	0	0	0	0	0
OR4C16	0	0	0	0	0	0	0	0
OR4C11	0	0	0	0	0	0	0	0
OR4P4	0	0	0	0	0	0	0	0
OR4S2	0	0	0	0	0	0	0	0
OR4C6	0	0	0	0	0	0	0	0
OR5D3P	0	0	0	0	0	0	0	0
OR5D13	0	0	0	0	0	0	0	0
OR5D14	0	0	0	0	0	0	0	0
OR5L1	0	0	0	0	0	0	0	0
OR5D18	0	0	0	0	0	0	0	0
OR5L2	0	0	0	0	0	0	0	0
OR5D16	0	0	0	0	0	0	0	0
TRIM51	0	0	0	0	0	0	0	0
OR5W2	0	0	0	0	0	0	0	0
OR5I1	0	0	0	0	0	0	0	0
OR10AG1	0	0	0	0	0	0	1	0
OR5F1	0	0	0	0	0	0	0	0
OR5AS1	0	0	0	0	0	0	0	1
OR8I2	0	0	0	0	0	0	0	0
OR8H2	0	0	0	0	0	0	0	0
OR8H3	0	0	0	0	0	0	0	0
OR8J3	0	0	0	0	0	0	0	0
OR8K5	0	0	0	0	0	0	0	0
OR5J2	0	0	0	0	0	0	0	0
OR5T2	0	0	0	0	0	0	0	0
OR5T3	0	0	0	0	0	0	0	0
OR5T1	0	0	0	0	0	0	0	0
OR8H1	0	0	0	0	0	0	0	0
OR8K3	0	0	0	0	0	0	0	0
OR8K1	0	0	0	0	0	0	0	0
OR8J1	0	0	0	0	0	0	0	0
OR8U1	0	0	0	0	0	0	0	0
OR5R1	0	0	0	0	0	0	0	0
OR5M9	0	0	0	0	0	0	0	0
OR5M3	0	0	0	0	0	0	0	0
OR5M8	0	0	0	0	0	0	0	0
OR5M11	0	0	0	0	0	0	0	0
OR5M10	0	0	0	0	0	0	0	0
OR5M1	0	0	0	0	0	0	0	0
OR5AP2	0	0	0	0	0	0	0	0
OR5AR1	0	0	0	0	0	0	0	0
OR9G1	0	0	0	0	0	0	0	0
OR9G4	0	0	0	0	0	0	0	0
OR5AK2	0	0	0	0	0	0	0	0
LRRC55	3	0	0	0	1	0	0	0
APLNR	24	8	1	13	2	0	33	7
TNKS1BP1	251	103	137	85	9	4	447	59
SSRP1	2152	400	446	260	36	19	3322	307
P2RX3	1	6	0	0	0	0	4	5
PRG3	0	0	0	0	0	0	0	0
PRG2	0	0	0	0	0	0	0	0
SLC43A3	102	13	26	13	5	0	181	15
RTN4RL2	8	4	13	0	0	0	18	2
SLC43A1	98	21	4	29	5	0	186	30
TIMM10	989	322	263	208	25	14	2001	167
SMTNL1	2	1	1	1	0	0	8	1
UBE2L6	149	35	128	13	0	3	227	20
SERPING1	474	108	151	73	13	6	794	72
YPEL4	0	3	3	0	0	1	3	0
CLP1	244	72	73	60	7	5	400	93
ZDHHC5	373	178	79	145	28	10	589	120
MED19	841	181	227	185	16	13	1464	173
TMX2	1103	299	270	283	25	18	1889	237
SELENOH	6067	1491	1486	1130	148	71	10258	1232
BTBD18	0	2	0	1	2	1	3	6
CTNND1	952	889	494	796	62	66	1519	528
OR9Q1	0	0	0	5	0	0	0	0
OR6Q1	0	0	0	0	0	0	0	0
OR9I1	0	0	0	0	0	0	0	0
OR9Q2	0	0	0	0	0	0	0	0
OR1S2	0	0	0	0	0	0	0	0
OR1S1	0	0	0	0	0	0	0	0
OR10Q1	0	0	0	0	0	0	0	0
OR10W1	0	0	0	0	0	0	0	0
OR5B17	0	0	0	0	0	0	0	0
OR5B3	0	0	0	0	0	0	0	0
OR5B2	0	0	0	0	0	0	1	0
OR5B12	0	0	0	0	0	0	0	0
OR5B21	0	0	0	0	0	0	0	0
LPXN	20	30	4	23	2	1	33	26
ZFP91	316	204	75	193	22	8	541	156
CNTF	1	0	0	0	0	0	0	1
GLYAT	33	41	0	1	0	1	26	7
GLYATL2	20	319	2	253	31	18	39	229
GLYATL1	101	51	7	36	9	5	144	32
GLYATL1B	0	0	0	0	0	0	0	0
FAM111B	347	82	63	109	16	1	658	61
FAM111A	276	78	145	73	11	4	530	49
DTX4	148	51	67	45	4	2	259	25
MPEG1	0	0	0	0	0	0	0	0
OR5AN1	0	0	0	0	0	0	1	0
OR5A2	1	0	0	0	0	0	0	0
OR5A1	0	0	0	0	0	0	0	0
OR4D6	0	0	0	0	0	0	0	0
OR4D10	0	0	0	0	0	0	0	0
OR4D11	0	0	0	0	0	0	0	0
OR4D9	0	4	0	1	0	1	1	4
OSBP	532	229	112	150	12	12	886	137
PATL1	270	93	67	83	9	7	506	72
OR10V1	0	0	0	0	0	0	0	0
STX3	1035	371	338	462	42	10	1812	297
MRPL16	1195	318	227	213	29	27	2121	205
CBLIF	0	1	0	4	0	0	1	2
TCN1	0	0	6	0	0	0	6	0
OOSP3	0	2	0	5	1	0	2	1
OOSP1	1	0	0	0	1	0	0	0
OOSP4A	0	0	0	1	0	0	0	0
OOSP4B	11	141	0	71	20	0	65	102
OOSP2	2	0	0	0	0	0	8	1
MS4A3	0	0	0	0	0	0	2	2
MS4A2	1	0	0	0	0	0	3	0
MS4A6A	0	0	2	0	0	0	5	1
MS4A4A	1	1	0	0	0	0	0	1
MS4A4E	0	6	0	2	3	0	3	0
MS4A6E	0	1	0	0	1	0	0	2
MS4A7	1	0	0	0	0	0	2	0
MS4A14	0	0	0	0	0	0	0	0
MS4A5	0	2	0	0	0	0	0	0
MS4A1	0	0	0	0	0	0	1	0
MS4A12	0	0	0	0	0	0	2	0
MS4A13	0	0	0	0	0	0	0	0
MS4A8	1	0	0	0	0	0	1	1
MS4A18	0	0	0	0	0	0	0	0
MS4A15	5	4	0	0	0	0	7	0
MS4A10	13	38	0	15	0	0	85	6
CCDC86	282	52	87	37	4	4	471	30
PTGDR2	1	1	0	1	0	0	9	0
ZP1	0	0	1	0	0	0	1	0
PRPF19	775	169	165	155	13	8	1330	145
TMEM109	478	63	198	47	8	5	706	42
TMEM132A	1055	134	311	91	17	8	1544	115
SLC15A3	7	2	32	2	0	0	11	2
CD6	1	2	0	0	0	0	4	0
CD5	0	1	0	0	0	0	1	1
VPS37C	211	79	63	99	7	0	339	71
PGA3	1	0	0	0	0	0	0	2
PGA4	0	0	0	0	0	0	0	0
PGA5	354	5	0	3	1	0	58	6
VWCE	237	122	15	82	11	4	404	102
DDB1	1354	399	335	343	36	9	2019	314
TKFC	460	103	56	52	6	4	696	76
CYB561A3	167	39	60	35	2	2	343	27
TMEM138	361	90	111	67	9	4	614	71
TMEM216	421	138	106	71	15	10	863	112
CPSF7	439	193	110	143	17	10	792	144
SDHAF2	782	217	204	204	21	14	1345	177
PPP1R32	11	15	5	4	1	2	17	5
LRRC10B	33	1	36	1	0	0	46	2
SYT7	67	15	107	10	0	1	230	7
DAGLA	40	32	2	53	0	2	94	20
MYRF	127	41	2	66	5	0	228	24
TMEM258	6117	1217	1249	1116	151	64	11246	1027
FEN1	1033	164	214	147	32	6	1552	145
FADS2	1281	476	111	365	53	10	2463	289
FADS1	2881	769	211	512	59	20	6173	465
FADS3	201	42	92	52	6	4	388	51
RAB3IL1	133	20	26	26	3	1	196	27
BEST1	14	8	10	7	0	0	45	6
FTH1	84301	18253	35672	22330	1834	660	143723	17649
INCENP	241	102	42	47	3	2	328	49
SCGB1D1	1	0	0	0	0	0	0	0
SCGB2A1	0	0	0	0	0	0	1	0
SCGB1D2	0	0	0	0	0	0	0	0
SCGB2A2	0	0	0	0	0	0	0	0
SCGB1D4	0	0	0	0	0	0	0	0
ASRGL1	1350	506	80	387	39	22	2578	320
SCGB1A1	288	9	0	53	5	3	71	9
AHNAK	2254	869	763	599	82	39	4071	489
EEF1G	26	6606	12	5272	619	314	69	4752
TUT1	142	42	28	22	2	2	180	18
MTA2	307	54	76	24	3	2	459	49
EML3	130	15	78	10	3	1	155	13
ROM1	24	6	14	3	0	1	28	6
B3GAT3	940	246	268	224	22	9	1597	206
GANAB	1838	509	356	333	39	22	3133	342
INTS5	216	34	71	39	3	5	344	31
C11orf98	48	56	9	56	1	2	70	33
LBHD1	2	6	2	5	0	0	14	7
CSKMT	281	49	32	45	3	4	447	51
UQCC3	1440	335	326	289	27	8	2591	227
UBXN1	2310	560	911	428	53	35	4273	432
LRRN4CL	3	0	0	0	0	0	1	0
BSCL2	26	190	13	146	19	12	48	139
GNG3	37	5	15	4	2	0	55	4
HNRNPUL2	442	257	128	179	14	16	651	180
TTC9C	460	135	124	93	7	5	852	100
ZBTB3	42	15	22	8	1	0	86	6
POLR2G	2045	453	547	381	39	24	3852	385
TAF6L	209	63	62	39	4	4	289	47
TMEM223	1009	265	269	202	26	14	1899	219
TMEM179B	1333	265	412	297	27	13	1970	229
NXF1	231	41	55	32	1	3	336	46
STX5	538	300	188	291	30	18	997	233
TEX54	0	0	0	0	0	0	0	0
WDR74	516	113	159	105	8	4	980	123
SLC3A2	5037	1296	1264	1478	176	64	8974	1384
CHRM1	0	0	0	0	0	0	0	1
SLC22A6	17	20	0	24	1	1	42	15
SLC22A8	2	2	0	4	0	0	1	0
SLC22A24	0	2	0	4	0	0	0	0
SLC22A10	0	9	0	23	0	0	1	5
SLC22A25	0	1	0	1	0	1	0	0
SLC22A9	2	1	0	2	0	0	6	0
PLAAT5	19	7	7	2	0	0	32	14
LGALS12	5	1	0	1	0	0	3	4
PLAAT4	2	0	31	2	1	0	7	0
PLAAT2	2	0	9	1	0	0	2	1
PLAAT3	501	87	1067	105	6	4	923	86
ATL3	221	53	80	51	5	1	365	58
RTN3	1831	752	502	478	55	45	3049	594
C11orf95	217	89	48	49	5	1	380	45
SPINDOC	474	107	94	105	9	4	814	102
MARK2	540	153	248	130	19	13	872	117
RCOR2	736	77	72	54	8	14	1163	107
NAA40	286	78	71	57	5	4	472	49
COX8A	5941	1040	1631	1030	141	56	10141	955
OTUB1	1183	266	448	222	22	12	1920	191
MACROD1	407	184	173	113	7	7	882	133
FLRT1	5	2	4	3	0	1	13	3
STIP1	1976	566	502	426	37	21	3400	394
FERMT3	8	6	0	2	0	1	9	8
TRPT1	578	112	149	107	8	2	752	122
NUDT22	708	161	182	113	18	12	1123	138
DNAJC4	554	137	186	114	16	10	1025	98
VEGFB	889	257	546	235	24	12	1898	174
FKBP2	222	94	65	88	13	3	384	83
AP001453.3	0	1	0	0	0	0	2	0
PPP1R14B	5591	2123	2195	1926	275	63	12880	1630
PLCB3	266	57	44	28	0	3	499	39
BAD	951	209	475	176	23	10	1583	226
GPR137	294	68	105	61	11	6	438	65
KCNK4	1	0	1	1	0	0	0	1
CATSPERZ	19	6	1	2	1	1	23	3
ESRRA	452	108	123	128	15	5	770	101
TRMT112	4785	1254	1277	1053	107	51	8073	921
PRDX5	7433	1553	2695	1731	171	70	11331	1471
CCDC88B	44	11	13	7	1	1	97	10
RPS6KA4	105	25	88	20	1	3	147	24
SLC22A11	3	2	0	1	0	0	4	1
SLC22A12	0	0	0	0	0	0	0	0
NRXN2	7	1	9	8	0	0	23	4
RASGRP2	52	8	72	8	0	0	244	5
PYGM	9	1	6	2	0	0	14	17
SF1	2385	662	460	591	56	39	3524	464
MAP4K2	133	22	35	18	0	1	194	23
MEN1	256	52	100	38	5	3	449	36
CDC42BPG	76	18	69	25	2	2	163	9
EHD1	401	117	154	101	11	2	670	95
ATG2A	131	23	43	31	1	3	194	19
PPP2R5B	66	16	27	11	0	0	91	6
GPHA2	62	8	1	8	2	0	120	2
MAJIN	1	2	0	0	0	0	1	0
BATF2	2	3	2	1	0	0	6	0
ARL2	2835	685	663	544	83	35	4771	631
SNX15	2	56	0	41	5	2	4	43
SAC3D1	476	118	165	71	7	9	836	117
NAALADL1	21	6	6	4	1	1	49	6
CDCA5	402	86	95	55	7	4	644	74
ZFPL1	639	130	184	153	13	9	1067	114
TMEM262	1	0	0	0	0	0	2	1
VPS51	922	288	257	237	22	14	1738	191
TM7SF2	2056	583	260	541	63	23	3793	527
ZNHIT2	214	43	83	45	6	4	346	45
FAU	25717	4726	7026	4366	531	256	49299	4181
SYVN1	294	183	79	160	14	10	431	179
MRPL49	579	117	151	81	10	6	852	69
SPDYC	6	3	1	0	0	0	7	0
CAPN1	1588	238	792	249	19	15	2291	225
POLA2	256	68	84	70	15	1	437	64
CDC42EP2	1	58	0	97	12	4	2	45
DPF2	755	183	151	146	23	5	1192	160
TIGD3	27	5	2	1	0	0	39	2
SLC25A45	39	13	13	7	0	0	81	4
FRMD8	180	36	38	46	3	3	270	33
SCYL1	658	175	181	238	24	10	1208	162
LTBP3	123	19	121	17	3	1	268	14
ZNRD2	807	136	313	169	11	8	1417	117
FAM89B	802	109	331	81	11	13	1102	99
EHBP1L1	51	8	16	4	2	1	45	6
KCNK7	2	0	6	0	0	0	4	3
MAP3K11	492	82	134	108	12	2	861	83
PCNX3	254	42	69	51	6	2	346	34
SIPA1	214	34	75	34	3	2	349	22
RELA	250	45	117	43	2	2	399	46
KAT5	314	64	149	44	3	3	507	65
RNASEH2C	1509	341	514	334	40	22	3056	266
AP5B1	264	43	162	51	3	3	376	41
OVOL1	61	13	81	20	0	0	136	10
CFL1	20251	3755	7999	3631	378	186	30650	3523
SNX32	7	15	4	16	0	0	29	34
MUS81	256	54	116	50	11	5	446	39
EFEMP2	597	116	132	97	13	8	932	79
CTSW	0	0	0	0	0	0	0	0
FIBP	1741	363	564	408	34	14	2900	313
CCDC85B	1175	214	275	196	26	17	1746	174
FOSL1	18	3	56	5	1	0	14	3
C11orf68	312	58	123	56	13	4	489	50
DRAP1	2385	554	892	519	57	27	4350	497
TSGA10IP	10	3	2	1	0	0	12	1
SART1	454	92	103	89	10	5	685	79
EIF1AD	182	44	70	44	2	5	295	38
BANF1	3465	1239	893	930	138	43	5259	998
CST6	58	2	1499	5	2	0	179	4
CATSPER1	0	0	0	0	0	0	1	0
GAL3ST3	59	12	10	4	2	1	80	8
SF3B2	3170	782	699	648	76	35	5125	619
PACS1	279	633	90	650	63	28	479	414
KLC2	295	51	85	40	10	4	446	37
RAB1B	671	133	214	123	13	10	1071	115
CNIH2	67	17	21	16	1	2	189	11
YIF1A	2036	552	583	702	64	26	4438	432
TMEM151A	1	0	2	0	0	0	0	0
CD248	3	1	3	3	0	0	14	1
RIN1	22	2	9	2	1	0	38	2
BRMS1	708	133	260	132	12	7	1155	139
B4GAT1	500	130	99	93	6	6	799	91
SLC29A2	190	61	47	52	5	6	372	50
NPAS4	1	0	0	0	0	0	2	0
MRPL11	3712	898	725	751	84	36	6955	726
PELI3	58	7	40	14	2	0	119	9
DPP3	813	138	185	108	12	2	1158	146
BBS1	21	88	16	77	2	3	47	68
ZDHHC24	383	85	152	96	9	5	509	83
ACTN3	15	6	10	6	1	0	39	5
CTSF	35	33	1	1	5	1	192	11
CCDC87	5	1	1	1	0	0	3	0
CCS	1126	259	276	365	33	11	2049	210
RBM14	410	132	103	91	9	7	641	84
RBM4	720	733	132	541	82	37	1269	632
RBM4B	473	161	99	117	14	5	978	122
SPTBN2	140	56	36	32	4	2	217	38
C11orf80	119	300	41	220	26	12	207	184
RCE1	505	87	134	80	11	2	794	85
PC	109	39	11	64	2	0	189	27
LRFN4	168	24	55	15	3	0	245	23
C11orf86	18	4	1	11	0	0	62	3
SYT12	2	2	1	0	0	1	2	2
RHOD	487	74	510	104	5	1	915	55
KDM2A	615	585	167	543	58	31	1086	520
GRK2	389	49	102	38	7	6	614	65
ANKRD13D	405	88	139	69	7	5	610	94
SSH3	167	40	70	18	0	4	300	26
RAD9A	174	114	52	87	10	5	328	83
POLD4	43	209	9	198	18	6	56	150
CLCF1	47	24	41	34	1	1	61	23
PPP1CA	3535	666	1119	645	67	24	5452	615
TBC1D10C	1	0	1	0	0	0	5	0
CARNS1	3	1	0	0	0	0	4	0
RPS6KB2	790	121	269	158	19	5	1336	133
CORO1B	1460	239	580	231	24	12	2062	261
PTPRCAP	0	0	0	0	0	0	0	0
GPR152	0	0	0	0	0	0	0	0
CABP4	1	1	0	0	0	0	0	4
TMEM134	1174	241	304	221	21	12	2031	237
AIP	589	142	172	118	7	5	1078	93
PITPNM1	149	31	72	19	1	0	184	16
CDK2AP2	822	186	310	178	17	10	1835	112
CABP2	0	0	0	0	0	0	0	0
GSTP1	40081	9102	17355	7938	947	402	69882	9008
NDUFV1	1358	300	426	295	26	19	2459	285
NUDT8	277	55	98	48	8	5	507	38
TBX10	19	10	0	17	1	5	104	11
ACY3	56	22	1	25	3	2	282	17
ALDH3B2	7	0	14	0	0	0	17	1
UNC93B1	174	40	68	25	6	1	203	19
ALDH3B1	3	0	3	2	1	0	4	1
NDUFS8	3392	861	969	754	89	37	5915	748
TCIRG1	189	23	92	31	3	3	331	28
CHKA	561	533	169	560	47	18	1299	456
KMT5B	772	456	176	433	44	30	1412	416
C11orf24	786	186	139	255	18	9	1446	157
LRP5	463	259	77	178	26	9	877	209
PPP6R3	422	887	123	765	91	52	826	669
GAL	1352	143	370	219	28	10	1498	297
TESMIN	247	49	43	38	9	7	395	55
CPT1A	26	6	69	3	0	0	28	9
MRPL21	1753	295	519	346	48	27	3491	377
IGHMBP2	121	46	46	32	3	3	160	29
MRGPRD	0	0	0	0	0	0	0	0
MRGPRF	13	4	17	6	1	0	45	1
TPCN2	49	45	10	34	3	1	64	29
SMIM38	0	0	0	0	0	0	1	0
MYEOV	1	1	4	1	0	0	1	1
CCND1	2273	966	515	677	63	29	4184	674
LTO1	140	61	48	60	6	3	245	49
FGF19	11	6	8	2	0	1	42	3
FGF4	3	6	2	1	0	0	20	3
FGF3	1	5	1	0	0	0	4	0
ANO1	11	10	4	6	0	1	20	7
FADD	497	86	140	58	11	3	686	86
PPFIA1	978	642	230	508	59	33	1616	450
CTTN	1810	469	793	435	44	18	3258	355
SHANK2	64	392	47	359	31	12	226	324
DHCR7	1170	278	154	256	22	6	2099	250
NADSYN1	160	82	100	65	10	3	341	63
KRTAP5-7	0	0	0	0	0	0	1	0
KRTAP5-8	0	0	0	0	0	0	2	0
KRTAP5-9	4	0	0	0	0	0	4	1
KRTAP5-10	0	1	0	0	0	0	5	2
KRTAP5-11	0	3	0	2	0	0	1	2
FAM86C1	65	25	24	23	2	0	125	19
ZNF705E	2	0	1	0	0	0	3	0
DEFB108B	0	0	0	0	0	0	0	0
AP002495.1	84	128	13	80	19	7	118	78
DEFB131B	0	1	0	2	0	0	0	1
RNF121	324	230	91	218	21	13	534	153
IL18BP	23	13	5	8	2	1	54	12
NUMA1	618	175	187	120	15	8	929	139
LRTOMT	68	35	28	16	3	2	129	30
LAMTOR1	3759	817	1277	776	60	44	6075	697
AP000812.4	0	0	0	0	0	0	0	0
ANAPC15	1172	298	339	251	26	15	1981	221
FOLR3	7	1	0	0	0	1	14	1
FOLR1	264	263	104	127	10	7	912	72
FOLR2	0	0	0	0	0	0	3	1
INPPL1	404	66	78	76	11	6	639	68
PHOX2A	16	2	1	0	0	0	26	1
CLPB	196	60	62	53	11	5	356	46
PDE2A	30	8	2	7	0	0	84	10
ARAP1	142	45	46	39	4	1	208	40
STARD10	1202	279	918	219	22	9	2008	217
ATG16L2	43	33	22	18	5	2	74	34
FCHSD2	121	693	29	675	70	35	278	479
P2RY2	45	3	37	9	0	0	61	2
P2RY6	191	37	280	106	1	0	162	21
ARHGEF17	137	44	43	36	5	1	247	44
RELT	76	17	18	9	2	2	96	12
FAM168A	124	417	36	339	47	17	219	336
PLEKHB1	201	23	22	36	5	0	236	19
RAB6A	610	498	265	518	42	24	1258	312
MRPL48	623	192	207	152	16	11	970	172
COA4	3173	711	677	695	86	27	5984	587
PAAF1	465	186	93	158	10	12	892	107
DNAJB13	7	4	1	1	0	0	9	1
UCP2	1184	196	474	104	17	10	907	123
UCP3	4	1	2	0	0	0	7	2
C2CD3	105	104	20	102	12	4	153	74
PPME1	453	188	155	172	17	12	887	182
P4HA3	10	24	11	18	2	2	49	13
PGM2L1	306	68	163	53	6	1	504	52
KCNE3	16	2	6	4	1	0	30	4
LIPT2	187	44	73	26	5	2	376	31
POLD3	585	157	118	92	16	6	994	134
CHRDL2	3	3	0	1	0	0	8	0
RNF169	305	278	57	183	30	10	616	219
XRRA1	130	73	21	64	9	3	272	67
SPCS2	1816	1171	370	982	124	50	3385	924
NEU3	62	38	15	73	9	5	146	47
OR2AT4	0	1	0	0	0	0	0	0
SLCO2B1	162	145	0	173	14	2	384	74
TPBGL	2	0	0	1	0	0	3	1
ARRB1	187	74	134	102	8	2	260	101
RPS3	80919	21373	18087	17163	1907	909	162324	16605
KLHL35	17	3	4	4	0	0	41	7
GDPD5	28	4	14	10	1	1	41	2
SERPINH1	5451	1385	816	1443	143	67	8701	1205
MAP6	33	19	8	17	1	1	39	11
MOGAT2	4	1	0	3	0	0	7	0
DGAT2	758	133	2	185	15	1	1586	87
UVRAG	228	463	110	337	40	24	474	302
WNT11	90	54	3	35	4	3	239	16
THAP12	406	193	88	130	25	4	827	120
GVQW3	137	42	19	37	9	2	335	27
EMSY	232	249	48	146	21	15	419	194
LRRC32	53	7	0	9	1	0	237	5
TSKU	484	127	94	129	10	2	699	127
ACER3	224	328	124	294	49	15	515	227
B3GNT6	0	0	0	1	0	0	0	0
CAPN5	93	33	37	25	1	1	175	27
OMP	0	0	0	0	0	0	0	0
MYO7A	19	14	38	24	0	2	70	4
GDPD4	2	7	0	1	0	0	1	1
PAK1	767	670	240	539	62	31	1541	547
CLNS1A	2845	814	651	640	59	29	5206	544
AQP11	205	105	11	88	16	4	503	71
RSF1	1993	802	578	603	79	37	3006	591
AAMDC	630	200	196	171	21	6	1126	162
INTS4	157	119	54	76	16	8	260	100
KCTD14	95	23	38	11	1	0	188	12
THRSP	1	0	0	2	0	0	3	2
NDUFC2	5440	1742	1338	1883	214	79	9530	1532
ALG8	685	337	112	200	30	12	1344	261
KCTD21	24	5	16	11	1	1	42	7
USP35	29	11	5	6	0	0	65	7
GAB2	108	250	38	181	11	25	129	255
NARS2	334	243	57	159	26	10	533	290
TENM4	136	565	30	483	71	19	161	647
FAM181B	297	46	13	45	3	2	596	42
PRCP	955	366	198	318	28	14	1829	297
DDIAS	139	40	19	27	1	1	234	32
RAB30	61	60	23	68	9	5	135	34
PCF11	598	157	129	173	14	9	1052	183
ANKRD42	95	36	20	43	2	3	173	27
CCDC90B	1496	471	435	433	53	29	3040	372
DLG2	28	403	12	219	24	28	49	355
TMEM126B	1293	272	423	263	30	11	2280	217
TMEM126A	1039	204	279	260	32	10	1732	166
CREBZF	622	181	143	123	19	7	1025	104
CCDC89	0	1	5	0	0	0	1	0
SYTL2	38	21	72	50	2	2	69	11
CCDC83	0	2	0	2	0	0	0	2
PICALM	443	752	165	743	89	25	804	649
EED	499	129	94	105	14	8	818	109
HIKESHI	1983	455	440	406	63	21	3251	401
CCDC81	669	92	10	46	6	5	416	156
ME3	37	19	14	21	1	2	31	27
PRSS23	701	225	422	267	20	18	1096	89
FZD4	525	276	12	251	22	11	820	180
TMEM135	696	1721	36	1952	230	71	1402	1707
RAB38	223	58	154	80	7	4	407	40
CTSC	2214	235	981	219	26	11	2959	298
GRM5	0	2	2	7	0	0	2	4
TYR	2	2	0	11	0	0	3	2
NOX4	26	67	9	108	5	2	56	55
TRIM77	0	0	0	1	0	0	1	1
TRIM49	0	0	0	0	0	0	0	0
TRIM64B	1	0	0	0	0	0	0	0
TRIM49D1	0	0	0	0	0	0	0	0
TRIM49D2	0	0	0	0	0	0	0	0
TRIM64	0	0	0	0	0	0	0	0
TRIM49C	1	0	0	0	0	0	1	0
UBTFL1	0	0	0	0	0	0	0	0
NAALAD2	96	151	12	117	15	7	335	73
CHORDC1	863	329	278	257	24	25	1739	230
FAT3	178	523	29	407	35	28	234	174
MTNR1B	0	11	0	5	0	0	2	0
SLC36A4	605	365	126	237	30	20	1254	190
DEUP1	8	7	4	10	1	1	24	2
SMCO4	826	256	126	255	28	8	1574	203
CEP295	404	186	79	94	11	6	560	98
TAF1D	2335	639	513	493	74	33	4968	531
C11orf54	467	287	93	195	31	16	1056	200
MED17	363	215	43	189	23	9	573	145
VSTM5	7	3	4	11	1	1	40	3
HEPHL1	2	4	1	7	0	1	1	1
PANX1	128	48	53	30	7	3	173	45
IZUMO1R	0	0	0	0	0	0	0	0
GPR83	10	5	0	1	0	0	6	2
MRE11	542	255	116	168	22	13	937	159
ANKRD49	309	65	96	52	9	8	486	48
C11orf97	1	0	1	0	0	0	0	0
PIWIL4	11	10	21	14	1	0	12	13
FUT4	94	12	67	15	3	0	128	12
AMOTL1	435	277	159	293	35	11	552	257
CWC15	2093	518	612	464	48	20	3233	392
KDM4D	31	22	5	9	0	1	69	12
KDM4E	0	0	0	0	0	0	0	0
KDM4F	0	0	0	0	0	0	0	0
SRSF8	495	110	236	97	9	5	924	73
ENDOD1	105	8	215	20	2	1	130	7
SESN3	1527	708	438	509	57	22	2184	421
FAM76B	234	95	61	65	12	4	411	73
CEP57	1039	422	288	324	33	23	1823	361
MTMR2	442	259	103	225	26	6	687	190
MAML2	123	296	101	206	22	13	184	178
CCDC82	401	120	125	108	13	5	547	94
JRKL	62	31	39	27	6	1	114	29
CNTN5	23	110	2	66	18	10	5	116
ARHGAP42	671	797	50	527	76	37	689	976
PGR	1	0	1	0	0	0	0	1
TRPC6	8	8	5	21	0	0	4	14
ANGPTL5	0	1	0	1	0	0	1	1
CEP126	89	62	14	62	5	4	132	48
CFAP300	68	20	58	15	5	0	116	11
YAP1	1213	1386	396	1186	149	65	2203	1144
BIRC3	5	1	3	2	0	0	1	0
BIRC2	735	267	146	229	29	11	1482	188
TMEM123	2683	1136	341	1206	99	50	5118	755
MMP7	0	0	0	0	0	0	0	0
MMP20	0	1	0	2	0	0	0	4
MMP27	0	0	0	0	0	0	0	0
MMP8	0	0	0	0	0	0	0	0
MMP10	1	0	0	0	0	0	2	0
MMP1	26	24	0	35	0	1	257	3
MMP3	4	6	1	3	1	0	4	1
MMP12	0	0	0	2	0	0	0	0
MMP13	0	0	0	0	0	0	2	0
DCUN1D5	1844	532	414	529	51	21	3580	447
DYNC2H1	236	215	39	160	17	11	449	190
PDGFD	113	166	43	127	20	1	136	137
DDI1	0	0	0	0	0	0	0	0
CASP4	31	0	228	0	0	0	14	0
CASP5	0	0	0	0	0	0	0	0
CASP1	0	0	1	0	0	0	0	0
CARD16	0	0	3	0	0	0	0	0
CARD17	0	0	0	0	0	0	0	0
CARD18	0	2	0	3	0	0	2	2
GRIA4	3	2	1	5	0	2	7	6
MSANTD4	230	74	73	66	4	4	437	55
KBTBD3	159	40	35	23	6	1	303	25
AASDHPPT	833	332	224	204	31	8	1523	195
GUCY1A2	84	115	3	111	15	13	209	83
CWF19L2	483	248	103	177	19	8	849	199
ALKBH8	83	40	17	30	5	2	131	30
ELMOD1	32	1	13	0	1	0	95	1
SLN	80	9	16	15	1	0	820	2
SLC35F2	336	76	130	60	5	4	461	69
RAB39A	8	4	6	13	4	0	25	8
CUL5	783	624	226	494	61	31	1518	489
ACAT1	447	115	154	135	7	3	899	92
NPAT	195	119	47	75	10	6	344	84
ATM	472	334	108	234	26	17	942	221
C11orf65	38	59	3	21	5	2	43	34
POGLUT3	234	77	127	44	7	4	537	46
EXPH5	140	149	127	115	14	10	282	107
DDX10	486	282	129	255	31	22	913	262
C11orf87	0	2	1	0	0	0	3	0
RDX	3383	1367	1321	1206	126	31	6359	876
ZC3H12C	41	147	19	188	17	6	88	96
FDX1	1443	433	507	473	43	15	2892	311
ARHGAP20	3	0	0	0	0	0	3	1
C11orf53	0	0	0	0	0	0	0	0
COLCA2	48	8	4	1	1	0	27	12
POU2AF1	2	2	1	3	0	0	9	0
BTG4	1	0	0	0	0	0	0	0
C11orf88	3	0	2	0	0	0	7	1
LAYN	23	6	133	10	0	0	66	1
SIK2	119	300	36	241	28	20	229	189
PPP2R1B	510	177	94	132	15	7	744	136
ALG9	41	89	15	85	9	5	94	69
FDXACB1	53	11	10	3	0	1	89	2
C11orf1	535	134	238	91	12	9	1150	122
CRYAB	222	19	112	62	1	1	133	11
HSPB2	0	1	0	0	0	0	3	0
C11orf52	1	40	0	35	3	1	3	27
DIXDC1	219	129	58	95	9	9	437	73
DLAT	728	234	91	264	45	12	1592	206
PIH1D2	22	13	14	8	0	0	34	8
NKAPD1	523	144	145	109	9	5	852	105
TIMM8B	3023	657	834	603	82	31	5294	492
SDHD	1354	302	326	246	35	13	2331	267
IL18	35	13	10	7	1	2	95	11
TEX12	1	1	1	3	0	0	5	2
BCO2	14	24	1	9	1	0	31	13
PTS	1292	350	507	326	37	23	2105	315
PLET1	0	4	1	2	0	0	0	5
NCAM1	160	62	9	43	9	8	121	48
TTC12	121	80	27	47	11	3	199	46
ANKK1	0	1	1	4	0	0	0	1
DRD2	1	35	5	23	0	0	7	16
TMPRSS5	2	5	1	6	0	0	4	7
ZW10	258	80	61	67	15	2	425	73
CLDN25	0	0	0	0	0	0	0	0
USP28	413	193	174	150	33	19	899	167
HTR3B	0	2	0	0	0	0	1	0
HTR3A	2	0	6	0	0	0	0	0
ZBTB16	403	315	20	234	18	20	656	170
NNMT	7	7	5	10	1	0	19	12
C11orf71	132	38	42	42	7	0	255	39
RBM7	847	187	221	170	14	7	1584	162
REXO2	1410	334	867	407	44	24	2518	275
NXPE1	0	1	0	1	0	0	0	2
NXPE4	0	0	0	0	0	0	0	0
NXPE2	0	2	0	0	1	0	0	1
CADM1	1102	822	634	420	70	67	1888	456
BUD13	352	118	52	74	13	4	620	79
ZPR1	951	196	190	222	21	13	1590	173
APOA5	11	5	0	12	1	0	36	1
APOA4	20275	4874	34	4543	28	18	32632	1350
APOC3	19267	2473	35	3110	164	11	41269	1396
APOA1	105820	44134	134	45021	5424	1128	261782	32649
SIK3	325	1348	72	1243	147	64	662	957
PAFAH1B2	1190	372	313	297	46	20	2009	249
SIDT2	228	74	34	78	8	2	366	73
TAGLN	2719	83	4846	628	10	17	2010	76
PCSK7	645	152	195	142	14	4	1014	103
RNF214	647	240	101	182	22	10	1093	187
BACE1	362	143	58	140	16	11	609	83
CEP164	337	117	74	85	4	2	505	72
DSCAML1	29	68	0	53	5	1	38	123
FXYD2	17	8	1	38	1	0	32	4
FXYD6	348	129	138	50	12	9	647	87
TMPRSS13	66	25	93	13	1	2	215	8
IL10RA	4	2	1	0	0	0	2	0
SMIM35	0	0	0	0	0	0	0	2
TMPRSS4	19	20	50	7	0	0	39	1
SCN4B	1	1	1	0	0	0	2	4
SCN2B	0	1	0	0	0	0	0	0
JAML	33	14	1	12	0	0	53	1
MPZL3	26	22	34	18	3	1	42	14
MPZL2	160	81	176	31	4	3	297	20
CD3E	3	0	0	0	0	0	3	0
CD3D	47	16	1	18	0	0	63	1
CD3G	11	2	0	4	0	1	7	1
UBE4A	435	272	94	277	24	21	894	205
ATP5MG	7487	2107	1797	2149	247	118	13230	1825
KMT2A	644	412	139	381	40	26	994	336
TTC36	10	17	2	4	2	0	39	7
TMEM25	309	111	95	88	7	3	566	61
IFT46	189	58	63	42	3	7	299	31
ARCN1	1018	513	283	427	48	15	1999	319
PHLDB1	171	51	44	49	11	3	240	38
TREH	3	1	1	1	0	0	1	2
DDX6	1418	570	373	469	62	30	2705	423
CXCR5	2	1	0	1	0	0	4	2
BCL9L	307	72	122	95	6	6	498	71
UPK2	68	10	161	8	0	2	81	12
FOXR1	0	0	0	0	0	0	0	0
CCDC84	215	139	117	138	14	6	363	74
RPS25	23844	7651	6024	6091	692	381	45522	6443
TRAPPC4	1031	273	305	249	24	6	1505	143
SLC37A4	831	221	112	133	8	7	1618	137
HYOU1	786	173	99	176	21	4	1461	152
VPS11	176	36	51	50	7	2	239	43
HMBS	638	155	173	120	17	9	1132	136
H2AFX	1539	304	401	151	24	15	2569	252
DPAGT1	346	76	81	61	5	7	587	77
C2CD2L	30	16	11	9	0	0	47	4
HINFP	218	68	57	62	5	5	380	41
ABCG4	4	1	0	1	0	0	2	0
NLRX1	74	48	23	15	4	1	115	28
PDZD3	9	4	0	10	0	0	27	4
CCDC153	36	19	18	22	2	0	81	11
CBL	375	252	101	232	26	10	663	192
MCAM	80	15	32	15	2	1	123	15
RNF26	466	101	121	58	9	3	794	82
MFRP	0	0	0	0	0	0	0	0
C1QTNF5	0	0	0	0	0	0	0	0
USP2	69	8	21	15	1	1	65	11
THY1	117	29	156	22	2	4	243	14
NECTIN1	211	56	77	37	2	3	249	53
TRIM29	3	4	62	4	0	0	7	3
OAF	333	197	14	188	20	6	969	105
POU2F3	6	3	18	4	0	0	16	3
TLCD5	267	87	55	66	1	5	495	59
ARHGEF12	323	472	125	357	40	16	625	328
GRIK4	7	22	0	36	2	0	5	8
TBCEL	67	133	23	92	19	8	115	93
TECTA	6	2	0	9	0	1	9	9
SC5D	1285	343	268	400	23	12	1932	225
SORL1	533	256	57	161	26	12	910	171
BLID	0	0	1	0	0	0	0	0
UBASH3B	75	64	108	38	1	0	74	43
CRTAM	0	0	0	0	0	0	1	0
JHY	49	28	19	26	5	4	101	27
BSX	0	0	0	0	0	0	0	0
HSPA8	16910	2441	4348	2522	249	111	25862	2213
CLMP	345	106	87	139	15	6	278	246
GRAMD1B	133	517	27	404	47	29	195	310
SCN3B	14	3	5	3	1	0	15	2
ZNF202	89	34	22	25	2	2	121	32
OR6X1	0	0	0	0	0	0	0	0
OR6M1	0	0	0	0	0	0	0	0
TMEM225	0	0	0	0	0	0	0	0
OR8D4	2	0	0	2	0	0	1	2
OR4D5	0	0	0	0	0	0	0	0
OR6T1	0	0	0	0	0	0	0	0
OR10S1	0	0	0	0	0	0	0	0
OR10G6	0	0	0	0	0	0	0	0
OR10G4	0	0	0	0	0	0	0	0
OR10G9	0	0	0	0	0	0	0	0
OR10G8	0	0	0	0	0	0	0	0
OR10G7	0	0	0	0	0	0	0	0
VWA5A	561	47	85	48	2	3	364	60
OR10D3	1	0	0	0	0	0	1	0
OR8G1	0	2	0	0	0	0	0	1
OR8G5	1	1	1	0	0	0	0	0
OR8D1	0	0	0	0	0	0	0	1
OR8D2	1	0	0	0	0	0	0	0
OR8B2	0	0	0	0	0	0	0	0
OR8B3	0	0	0	0	0	0	1	0
OR8B4	0	0	0	0	0	0	1	0
OR8B8	0	0	0	0	0	1	0	1
OR8B12	0	1	0	0	0	0	0	0
OR8A1	11	3	0	0	0	0	3	2
PANX3	2	0	0	0	0	0	2	0
TBRG1	605	304	141	229	36	13	1026	231
SIAE	104	47	14	52	2	1	218	23
SPA17	334	83	63	50	6	1	590	69
NRGN	143	52	5	53	1	1	306	17
VSIG2	23	4	10	16	0	0	51	2
ESAM	24	4	1	4	0	0	69	4
MSANTD2	202	184	38	132	20	9	356	121
ROBO3	40	15	28	5	1	0	71	9
ROBO4	0	0	1	1	0	0	2	0
HEPACAM	1	0	1	1	0	0	0	0
HEPN1	3	1	1	0	0	0	3	1
CCDC15	54	28	15	21	2	0	88	20
SLC37A2	2	1	0	0	1	0	7	3
TMEM218	359	104	80	62	10	3	534	53
PKNOX2	38	166	15	67	18	6	56	115
FEZ1	365	70	82	57	13	4	356	117
EI24	2836	465	803	427	49	38	5209	390
STT3A	1004	194	200	197	22	13	1761	169
CHEK1	938	278	133	159	28	15	1460	235
ACRV1	2	4	0	0	0	1	8	3
PATE1	0	0	1	0	0	0	1	0
PATE2	5	0	0	0	0	0	14	0
PATE3	0	0	0	0	0	0	0	0
PATE4	0	0	0	0	0	0	0	0
HYLS1	237	83	31	49	5	3	460	38
PUS3	273	61	74	66	3	3	469	54
DDX25	21	4	34	1	2	1	59	4
VSIG10L2	0	0	0	2	0	0	1	0
CDON	92	294	37	186	30	10	247	174
RPUSD4	336	102	91	86	11	2	536	72
FAM118B	487	185	125	161	22	7	715	144
SRPRA	552	181	189	124	20	4	1040	103
FOXRED1	403	138	108	117	16	3	555	108
TIRAP	41	26	11	20	1	1	82	32
DCPS	388	101	146	67	7	7	607	74
ST3GAL4	112	52	115	26	2	2	233	39
KIRREL3	1	19	1	4	0	2	3	17
ETS1	51	23	22	12	2	3	56	15
FLI1	0	0	5	2	0	0	3	1
KCNJ1	0	0	0	0	0	0	0	0
KCNJ5	1	1	0	1	0	0	3	0
C11orf45	2	0	2	0	0	0	3	0
TP53AIP1	0	1	0	0	0	0	1	0
ARHGAP32	219	457	64	408	54	19	356	377
BARX2	27	2	25	2	0	0	47	1
TMEM45B	5	1	2	1	0	0	22	4
NFRKB	274	125	69	121	17	5	453	95
PRDM10	35	142	15	86	11	3	74	69
APLP2	7639	2213	2300	2195	248	95	14309	1924
ST14	275	79	391	34	5	8	457	54
ZBTB44	481	218	113	159	14	4	925	174
ADAMTS8	5	2	4	0	0	0	14	1
ADAMTS15	2	1	0	1	0	0	6	2
SNX19	130	116	55	81	13	2	229	65
NTM	38	70	5	67	4	12	76	45
OPCML	8	139	2	259	30	22	88	158
SPATA19	0	0	0	1	0	0	0	0
IGSF9B	11	14	14	8	2	0	51	12
JAM3	171	96	25	52	13	7	249	88
NCAPD3	409	151	78	105	18	9	650	120
VPS26B	338	77	97	62	9	2	445	61
THYN1	1710	337	307	199	23	20	2530	275
ACAD8	321	63	59	48	9	3	553	58
GLB1L3	4	5	3	2	0	0	7	6
GLB1L2	39	5	9	3	1	1	46	5
B3GAT1	43	12	9	5	1	0	71	21
TUBB8	0	11	0	4	0	0	5	7
ZMYND11	442	367	132	290	37	27	818	323
DIP2C	167	565	46	383	39	36	296	486
PRR26	5	6	2	6	1	0	4	5
LARP4B	329	551	122	553	40	26	572	423
GTPBP4	1651	457	319	445	52	15	2729	380
IDI2	5	1	2	2	1	0	4	5
IDI1	2260	729	279	773	75	26	4965	420
WDR37	69	124	21	146	6	0	151	104
ADARB2	0	9	1	10	5	5	3	10
PFKP	764	111	543	221	5	5	1141	100
PITRM1	219	49	64	47	5	2	262	46
KLF6	1993	423	999	825	55	17	3386	246
AKR1E2	11	29	6	15	5	0	32	35
AKR1C1	68	70	13	21	0	0	95	34
AKR1C2	24	64	44	25	1	1	88	33
AKR1C3	57	62	74	84	1	1	103	46
AKR1C8P	3	20	0	11	0	0	6	11
AKR1C4	0	0	0	1	0	0	0	0
UCN3	0	0	0	0	0	0	0	0
TUBAL3	1	0	0	1	0	0	1	0
NET1	423	141	188	114	8	5	687	109
CALML5	16	0	0	0	0	0	0	0
CALML3	0	0	0	0	0	0	0	0
ASB13	56	44	10	28	3	1	124	21
TASOR2	348	343	100	391	32	14	700	280
GDI2	4647	1240	977	1024	119	43	7265	1031
ANKRD16	176	65	37	41	7	4	259	79
FBH1	368	154	128	172	14	10	606	145
IL15RA	0	3	2	1	0	0	0	0
IL2RA	0	2	0	2	0	0	0	0
RBM17	2377	565	628	514	58	29	4057	455
PFKFB3	157	112	26	85	11	10	250	134
PRKCQ	73	64	7	35	4	0	89	70
SFMBT2	44	127	20	114	8	8	49	95
ITIH5	77	34	202	13	1	1	54	14
ITIH2	60	23	0	3	0	0	179	5
KIN	681	166	183	194	26	13	1275	209
ATP5F1C	5836	1425	1540	1282	149	48	9721	1185
TAF3	440	295	113	249	20	16	722	289
GATA3	1412	329	643	208	25	8	2271	305
CELF2	513	298	235	295	30	20	521	508
USP6NL	199	289	70	209	26	13	347	219
ECHDC3	170	98	53	2	0	3	358	33
PROSER2	161	92	45	74	8	6	247	92
UPF2	565	276	113	276	29	11	972	235
DHTKD1	531	279	108	123	12	5	1003	168
SEC61A2	206	63	51	52	9	4	279	54
NUDT5	1831	465	582	412	43	22	3196	406
CDC123	2022	503	537	404	46	17	3226	396
CAMK1D	60	79	8	50	13	10	156	69
CCDC3	63	11	27	21	2	3	156	9
OPTN	304	72	458	69	9	2	465	51
MCM10	359	83	76	56	10	3	534	68
UCMA	0	0	1	0	0	0	1	0
PHYH	554	167	172	90	7	3	1041	86
SEPHS1	1430	313	383	231	35	13	2354	251
BEND7	102	76	68	38	9	5	190	58
PRPF18	283	117	87	96	7	9	418	114
FRMD4A	774	736	123	386	68	23	1383	401
FAM107B	1035	802	291	744	61	26	2771	483
CDNF	6	17	3	4	2	2	16	6
HSPA14	156	36	46	30	2	0	244	26
HSPA14.1	419	103	103	113	14	8	694	106
SUV39H2	373	108	69	87	8	9	703	80
DCLRE1C	359	102	82	93	8	7	643	90
MEIG1	17	9	8	2	0	0	29	6
OLAH	2	1	2	0	0	0	7	0
ACBD7	46	24	10	12	3	2	91	10
RPP38	645	157	178	173	16	10	1072	137
NMT2	239	154	35	127	13	3	461	110
FAM171A1	412	360	67	345	39	17	723	312
ITGA8	1	7	1	4	0	0	2	1
MINDY3	168	155	54	110	7	3	269	89
PTER	170	85	40	58	11	4	274	85
C1QL3	1	1	0	1	1	0	4	1
RSU1	597	219	323	256	18	8	887	180
CUBN	381	1587	3	1373	135	38	902	939
TRDMT1	169	80	46	75	8	5	273	70
VIM	10876	1994	3515	3633	300	156	16154	1595
ST8SIA6	27	35	27	20	2	5	53	23
HACD1	1427	271	153	578	67	13	3200	255
STAM	435	193	163	196	25	9	742	152
TMEM236	3	3	0	4	1	1	2	3
MRC1	4	3	3	1	0	0	15	0
SLC39A12	2	1	0	1	0	0	4	0
CACNB2	40	223	3	199	32	8	100	152
NSUN6	146	202	47	157	26	10	319	148
ARL5B	643	295	223	300	22	15	1313	186
MALRD1	8	41	0	86	17	2	11	19
PLXDC2	131	425	146	328	30	28	297	246
NEBL	163	358	159	282	34	25	302	246
C10orf113	0	0	0	0	0	0	3	0
SKIDA1	124	32	34	15	2	2	147	17
MLLT10	562	676	190	542	72	17	943	538
DNAJC1	1025	527	508	598	58	21	1714	495
EBLN1	0	0	0	0	0	1	0	0
COMMD3	521	137	176	123	18	5	831	79
BMI1	128	75	35	62	4	7	219	40
SPAG6	11	10	3	8	1	0	6	6
AL513128.2	1	0	1	0	0	0	0	0
PIP4K2A	193	197	74	171	18	15	239	155
ARMC3	8	28	8	14	2	2	17	12
MSRB2	2223	530	464	750	71	25	4046	585
PTF1A	0	0	0	0	0	0	3	0
C10orf67	3	3	0	6	0	0	8	1
OTUD1	72	22	36	17	3	1	176	22
KIAA1217	399	1651	215	963	121	113	849	883
ARHGAP21	562	502	156	440	53	19	1175	338
PRTFDC1	526	185	79	175	16	9	861	158
ENKUR	11	12	6	15	0	2	18	10
THNSL1	123	25	12	19	5	1	218	16
GPR158	0	10	2	9	2	1	3	14
MYO3A	118	154	14	123	15	3	164	316
GAD2	12	1	12	0	0	0	9	1
APBB1IP	15	10	17	15	1	0	41	2
PDSS1	214	86	46	87	12	7	416	63
ABI1	370	379	154	291	20	15	691	253
ANKRD26	724	369	107	240	23	13	1243	297
YME1L1	1043	541	310	452	54	23	2174	395
MASTL	221	100	77	49	5	3	371	74
ACBD5	231	85	89	63	10	4	528	62
RAB18	1281	400	367	446	57	14	2326	335
MKX	1	0	0	1	0	0	0	0
ARMC4	23	19	1	5	2	0	20	64
MPP7	124	273	57	209	42	13	305	233
WAC	1727	954	407	820	94	45	2912	839
BAMBI	3000	1477	332	1466	158	40	7549	759
LYZL1	0	0	0	0	0	0	2	0
SVIL	648	771	372	653	75	46	1019	601
JCAD	270	78	45	93	8	10	396	105
MTPAP	247	88	65	68	6	3	475	64
MAP3K8	66	29	152	18	2	1	86	18
LYZL2	0	1	1	0	0	0	2	0
ZNF438	39	111	6	110	17	7	80	88
ZEB1	79	98	5	94	3	3	66	62
ARHGAP12	408	454	91	412	58	20	780	377
KIF5B	3537	1301	1004	1060	130	60	7011	839
EPC1	1048	532	237	523	70	35	1709	488
CCDC7	17	31	10	48	2	1	38	31
ITGB1	1523	938	718	972	127	50	2842	729
NRP1	266	225	37	248	32	22	439	329
PARD3	672	1656	161	1070	159	93	1057	1507
CUL2	465	200	134	201	24	8	953	158
CREM	710	289	212	232	28	9	1100	224
CCNY	856	579	280	474	41	27	1418	476
GJD4	0	0	0	0	0	0	1	0
FZD8	71	16	23	17	0	1	72	29
ANKRD30A	1	1	0	0	0	0	3	0
MTRNR2L7	0	0	0	0	0	0	0	0
ZNF248	247	80	3	109	16	0	266	116
ZNF25	13	4	7	6	0	0	19	5
ZNF33A	723	347	136	329	35	23	1122	311
ZNF37A	319	50	31	51	0	3	547	69
IGKV1OR10-1	0	0	0	0	0	0	0	0
ZNF33B	322	194	123	165	15	20	625	148
BMS1	940	305	188	236	26	14	1729	204
RET	3	1	1	0	0	0	7	0
CSGALNACT2	106	78	15	67	7	4	207	62
RASGEF1A	86	23	34	22	2	0	168	19
FXYD4	21	14	12	5	1	0	80	8
HNRNPF	5555	1212	1109	1024	129	58	9757	931
ZNF487	57	70	25	63	10	3	168	40
ZNF239	83	21	12	24	3	1	132	20
ZNF485	54	13	5	10	3	1	89	13
ZNF32	655	150	172	145	18	5	1123	110
C10orf142	2	0	0	0	0	0	6	1
CXCL12	88	16	163	7	0	1	273	4
TMEM72	1	0	0	0	1	0	0	0
RASSF4	145	66	71	53	7	3	316	33
DEPP1	93	16	46	34	3	0	147	9
ZNF22	1935	552	292	411	53	20	3455	414
OR13A1	0	2	0	2	0	0	0	2
ALOX5	2	26	2	15	4	0	4	10
MARCH8	40	133	10	107	9	11	56	101
ZFAND4	44	39	16	26	8	1	96	31
WASHC2C	302	103	98	91	9	6	520	101
AGAP4	16	27	3	35	0	4	20	26
TIMM23	533	226	167	178	24	6	841	156
NCOA4	1269	388	257	405	27	17	2002	382
MSMB	9	0	1	3	1	0	7	4
ANTXRL	0	0	0	0	0	0	0	0
ANXA8L1	0	0	1	0	0	0	0	0
NPY4R	0	0	0	0	0	0	0	0
GPRIN2	144	71	1	47	3	1	294	34
SYT15	0	2	0	1	1	0	2	1
PTPN20	0	1	0	1	0	0	3	0
GDF10	21	10	2	12	2	0	94	4
GDF2	0	0	0	0	0	0	0	0
RBP3	17	4	0	8	0	0	17	0
ZNF488	3	0	8	1	2	0	0	1
ANXA8	10	11	32	2	1	0	3	1
FAM25G	0	1	0	0	0	0	0	0
AGAP9	18	32	6	15	0	0	33	17
FO681492.1	0	0	0	0	0	0	0	0
NPY4R2	0	0	0	0	0	0	0	0
FAM25C	0	0	0	0	0	0	0	0
FRMPD2	2	17	1	27	2	3	4	7
MAPK8	467	912	75	663	73	52	685	772
ARHGAP22	121	28	13	42	7	1	151	38
WDFY4	0	0	1	0	0	0	0	0
LRRC18	0	0	0	0	0	0	0	0
VSTM4	8	9	2	11	0	0	10	7
FAM170B	0	0	0	0	0	0	0	0
TMEM273	1	0	2	0	0	0	0	0
C10orf71	0	0	0	0	0	0	0	1
DRGX	0	0	0	1	0	0	0	0
ERCC6	149	88	45	72	10	3	354	50
CHAT	0	0	0	0	0	0	0	0
SLC18A3	0	0	0	0	0	0	0	0
C10orf53	0	0	0	0	0	0	0	1
OGDHL	25	4	12	3	1	0	40	3
PARG	285	262	89	208	13	13	507	253
TIMM23B	76	43	16	20	2	0	83	20
AGAP6	57	0	9	0	0	0	75	0
WASHC2A	273	85	93	86	12	2	449	87
ASAH2	5	5	2	3	0	0	4	3
SGMS1	116	279	50	228	17	9	258	191
ASAH2B	84	38	15	36	8	1	121	19
A1CF	186	271	0	175	27	5	675	195
PRKG1	80	317	49	200	24	47	174	212
CSTF2T	351	54	77	69	7	3	556	46
DKK1	3053	277	110	603	87	30	6477	411
MBL2	5	0	0	0	0	0	4	0
PCDH15	29	120	0	56	11	13	26	112
MTRNR2L5	0	0	0	1	0	0	1	0
ZWINT	1304	238	289	159	30	10	2133	195
IPMK	79	67	40	53	9	3	164	68
CISD1	1576	384	524	378	44	25	3286	269
UBE2D1	902	250	327	173	28	12	1540	195
TFAM	1298	412	350	285	39	20	2334	289
BICC1	15	75	4	52	14	3	46	36
PHYHIPL	28	48	31	14	3	4	50	22
FAM13C	32	26	5	24	4	2	60	27
SLC16A9	110	54	56	15	3	3	218	27
MRLN	0	0	0	4	0	0	1	1
CCDC6	407	278	172	284	17	11	831	221
ANK3	546	1272	445	1006	132	58	978	1082
CDK1	2337	499	376	271	33	18	3473	419
RHOBTB1	113	77	57	55	6	2	160	46
TMEM26	0	0	0	3	0	1	0	1
CABCOCO1	9	7	1	4	0	0	26	4
ARID5B	633	589	201	529	58	37	1248	249
RTKN2	587	161	109	111	13	12	838	144
ZNF365	1	2	2	1	0	1	5	0
AC067752.1	0	0	0	0	0	0	0	0
ADO	359	82	44	69	12	3	633	78
EGR2	80	16	30	36	2	3	238	5
NRBF2	832	267	248	306	35	10	1427	236
JMJD1C	1465	2727	308	2358	258	112	2390	2233
REEP3	757	449	327	433	50	22	1513	385
CTNNA3	38	576	8	408	58	25	84	293
LRRTM3	4	43	0	27	10	1	3	29
DNAJC12	12	4	11	3	0	0	28	3
SIRT1	241	141	57	114	14	8	388	129
HERC4	534	574	143	436	46	14	1025	389
MYPN	0	0	0	2	1	0	0	0
ATOH7	2	0	2	0	0	0	10	1
PBLD	42	25	15	24	5	1	71	33
HNRNPH3	4054	1136	871	719	99	51	7116	863
RUFY2	315	203	58	166	18	11	535	130
DNA2	295	143	47	74	16	6	457	122
SLC25A16	167	149	54	219	22	8	325	79
TET1	1503	713	240	477	74	40	2684	639
CCAR1	2109	667	539	537	71	32	3330	530
STOX1	146	109	26	59	6	7	211	54
DDX50	747	300	168	238	35	12	1393	210
DDX21	1633	444	414	389	58	21	3095	383
KIF1BP	432	150	144	102	18	7	700	140
SRGN	0	1	1	0	0	0	1	0
VPS26A	908	335	356	250	27	18	1659	222
SUPV3L1	287	85	59	103	5	2	462	74
HKDC1	156	183	1	583	0	5	264	33
HK1	264	58	312	41	5	4	463	45
TACR2	0	0	0	0	0	0	3	0
TSPAN15	160	35	260	43	5	4	390	27
NEUROG3	0	0	0	1	0	0	1	0
FAM241B	590	150	142	94	13	9	1107	103
COL13A1	41	14	4	17	1	0	70	10
H2AFY2	2615	766	328	530	63	33	4021	683
AIFM2	153	38	48	52	3	2	267	43
TYSND1	152	49	56	26	4	1	237	37
SAR1A	1728	492	420	539	43	17	3271	407
PPA1	3550	1037	944	878	103	49	7471	715
NPFFR1	0	1	0	0	0	0	0	0
LRRC20	77	21	11	12	1	1	87	13
EIF4EBP2	1217	430	250	477	48	15	2398	302
NODAL	587	42	50	104	3	14	686	111
PALD1	85	84	3	58	8	3	161	53
PRF1	0	0	0	0	0	0	1	0
ADAMTS14	5	12	1	23	0	0	20	4
TBATA	3	1	0	0	0	0	3	0
SGPL1	468	199	88	143	23	13	990	161
PCBD1	7866	1673	675	1300	170	78	12684	1572
UNC5B	132	55	26	43	1	4	232	46
SLC29A3	113	40	41	40	5	3	227	43
CDH23	19	4	3	4	0	0	25	16
C10orf105	3	0	0	0	0	0	6	0
VSIR	38	9	6	16	3	0	56	8
PSAP	3510	704	1621	763	70	27	5099	573
CHST3	54	44	21	47	5	0	88	39
SPOCK2	26	7	6	2	1	0	250	7
ASCC1	378	146	119	102	11	7	582	140
ANAPC16	2705	760	817	641	63	37	5297	548
DDIT4	1132	216	401	216	12	12	2555	359
DNAJB12	410	148	143	129	16	5	751	108
MICU1	501	406	195	394	30	19	882	342
MCU	222	479	68	416	47	22	329	383
OIT3	0	2	0	3	1	0	11	11
PLA2G12B	380	215	1	219	28	8	874	127
P4HA1	2126	1836	193	1586	150	54	6031	1433
NUDT13	23	15	8	14	1	0	63	21
ECD	330	166	82	175	13	4	500	134
FAM149B1	136	177	39	100	14	4	268	84
DNAJC9	858	241	297	232	29	13	1613	243
MRPS16	2417	477	610	381	42	23	2999	322
CFAP70	9	9	9	19	2	0	12	16
ANXA7	1558	363	472	363	44	8	2393	308
MSS51	9	16	1	6	2	1	23	17
PPP3CB	462	289	107	245	26	13	809	205
USP54	201	360	45	366	37	22	339	288
MYOZ1	21	3	42	3	0	1	36	7
SYNPO2L	0	2	0	1	1	0	1	3
AGAP5	14	9	3	9	0	1	20	6
SEC24C	287	96	96	80	13	10	454	72
FUT11	170	51	41	38	3	5	361	45
CHCHD1	2429	495	690	529	70	18	4362	422
ZSWIM8	179	72	80	54	7	4	296	52
NDST2	7	19	3	15	2	0	9	12
CAMK2G	251	142	193	140	12	5	487	91
PLAU	107	3	421	5	0	0	135	8
C10orf55	0	0	1	0	0	0	1	0
VCL	817	663	422	1198	88	38	1337	346
AP3M1	457	185	118	142	23	5	775	139
ADK	716	1306	300	1247	135	56	1554	847
KAT6B	629	366	130	269	35	25	952	313
DUPD1	0	1	0	0	0	0	0	0
DUSP13	18	2	11	4	0	0	11	0
SAMD8	184	139	73	125	14	4	283	141
VDAC2	3404	1440	859	1248	132	81	5874	1332
COMTD1	371	97	208	110	13	4	579	66
ZNF503	472	157	151	71	8	16	941	73
LRMDA	92	295	27	526	33	23	269	292
KCNMA1	63	187	79	44	2	3	122	25
DLG5	21	245	11	208	20	9	31	210
POLR3A	414	165	92	133	33	10	708	141
RPS24	56232	18029	11862	15412	1935	758	113366	13012
ZMIZ1	514	354	81	325	43	16	847	355
PPIF	886	187	231	168	15	7	1718	130
ZCCHC24	176	71	13	95	13	1	235	57
EIF5AL1	81	11	19	16	1	0	144	9
SFTPA2	0	0	0	0	0	0	0	0
SFTPA1	0	0	0	0	0	0	0	0
NUTM2B	0	0	0	0	0	0	0	0
NUTM2E	0	0	0	0	0	0	0	0
SFTPD	2	3	4	6	1	0	5	2
TMEM254	326	130	105	83	9	2	733	94
PLAC9	100	5	142	17	5	0	123	13
ANXA11	1062	211	636	334	25	11	1815	190
MAT1A	75	40	1	23	0	1	155	9
DYDC1	2	1	0	1	0	0	11	1
DYDC2	43	10	6	5	0	0	71	15
PRXL2A	4990	1165	677	1032	129	52	7677	909
TSPAN14	1069	389	272	382	43	19	2037	348
SH2D4B	0	0	0	2	1	0	1	5
NRG3	14	334	3	131	47	38	10	574
GHITM	2780	578	899	560	60	30	4959	515
C10orf99	0	0	0	0	0	0	0	0
CDHR1	4	1	0	0	0	0	3	2
LRIT2	0	0	0	0	0	0	0	0
RGR	0	0	0	0	0	0	1	0
LRIT1	0	0	0	0	0	0	0	0
CCSER2	485	399	163	340	38	27	571	444
GRID1	0	5	0	12	0	0	1	12
WAPL	797	390	173	323	42	23	1514	283
OPN4	0	0	0	1	0	0	0	0
LDB3	3	6	3	1	1	0	9	3
BMPR1A	347	822	82	649	88	46	618	696
MMRN2	1	2	2	1	0	0	2	3
SNCG	44	18	207	17	1	3	71	15
ADIRF	1	6	3	1	0	0	14	3
FAM25A	0	0	0	0	0	0	0	0
GLUD1	2221	1711	156	1163	105	17	4534	1097
SHLD2	215	459	28	405	57	18	503	345
NUTM2A	0	0	0	0	0	0	0	0
NUTM2D	1	0	1	1	0	0	2	2
MINPP1	465	117	145	92	6	8	830	122
PAPSS2	146	95	13	208	9	1	196	79
ATAD1	632	322	121	253	28	19	1128	269
KLLN	12	4	4	1	0	0	9	1
PTEN	593	688	173	532	59	33	1103	601
RNLS	80	135	58	92	15	4	158	95
LIPJ	1	0	0	0	0	0	0	1
LIPF	0	0	0	0	1	0	1	0
LIPK	0	0	0	0	0	0	0	2
LIPN	0	3	0	2	0	0	0	4
LIPM	0	0	0	0	0	0	0	2
ANKRD22	9	2	80	0	0	0	16	1
STAMBPL1	44	37	7	27	4	1	86	29
ACTA2	84	66	163	54	0	2	132	27
FAS	18	15	29	5	0	0	31	6
CH25H	0	0	2	0	0	0	0	0
LIPA	136	64	83	54	7	3	307	35
IFIT2	6	1	5	0	0	0	4	0
IFIT3	11	4	32	7	0	3	23	4
IFIT1B	0	0	0	0	0	0	0	0
IFIT1	27	14	113	2	1	0	37	4
IFIT5	36	7	39	4	3	0	70	6
SLC16A12	13	2	12	5	0	0	12	3
PANK1	324	245	48	164	10	4	644	167
KIF20B	1301	326	276	243	30	21	2137	282
HTR7	7	11	0	6	1	0	5	7
RPP30	1247	278	293	255	33	20	2022	255
ANKRD1	140	152	139	286	20	7	183	101
PCGF5	218	108	102	88	9	6	431	73
HECTD2	122	146	17	89	13	4	157	83
PPP1R3C	26	17	4	10	0	1	54	3
TNKS2	518	391	224	324	39	17	976	249
FGFBP3	169	91	52	43	3	2	260	46
BTAF1	205	306	51	259	26	11	348	257
CPEB3	18	58	13	42	9	5	28	51
MARCH5	527	320	253	220	34	14	984	213
IDE	298	249	78	216	25	13	531	171
KIF11	585	246	109	96	20	9	828	153
HHEX	772	47	6	21	0	0	391	105
EXOC6	362	272	24	178	31	14	496	299
CYP26C1	9	1	3	2	0	0	3	0
CYP26A1	450	2	11	87	3	1	407	96
MYOF	664	535	291	611	58	25	1015	324
CEP55	698	185	74	104	15	9	644	324
FFAR4	5	2	7	3	0	0	2	1
RBP4	23528	6589	23	7167	420	47	51360	3219
PDE6C	6	4	0	3	1	0	20	4
FRA10AC1	805	194	199	148	22	5	1188	180
LGI1	45	9	136	5	0	0	62	10
SLC35G1	357	229	34	263	10	9	686	198
PLCE1	304	326	9	350	39	8	643	247
NOC3L	517	185	117	157	22	14	1103	127
TBC1D12	220	166	35	125	16	8	326	122
HELLS	1832	551	358	304	63	19	2977	432
CYP2C18	1	21	1	8	1	2	5	4
CYP2C19	1	2	0	2	0	0	2	1
CYP2C9	4	0	0	0	0	0	2	0
CYP2C8	20	10	4	5	2	0	27	8
ACSM6	3	17	1	17	1	1	2	24
PDLIM1	2218	481	2108	438	50	27	3273	562
SORBS1	123	228	5	248	18	18	124	187
ALDH18A1	797	337	156	238	35	15	1215	240
TCTN3	605	169	97	136	13	8	1008	166
ENTPD1	40	13	38	4	1	0	67	13
CC2D2B	7	13	5	6	2	0	12	5
CCNJ	142	82	30	48	10	6	259	54
ZNF518A	755	530	160	309	35	21	1224	396
BLNK	1	1	78	0	0	0	5	2
DNTT	0	0	0	0	0	0	0	0
OPALIN	4	1	0	2	0	0	6	0
TLL2	2	3	2	2	0	0	13	10
TM9SF3	1472	703	460	643	64	32	2853	475
PIK3AP1	8	4	6	4	0	1	11	8
LCOR	532	491	139	434	36	13	904	415
SLIT1	5	14	1	5	2	0	24	10
ARHGAP19	84	121	11	79	19	6	138	128
FRAT1	48	7	18	5	3	0	66	2
FRAT2	427	71	176	60	6	3	767	62
RRP12	146	59	41	42	2	1	222	38
PGAM1	1944	1134	444	1053	102	63	3283	1205
EXOSC1	1180	287	292	269	36	15	1856	232
ZDHHC16	556	146	168	124	13	3	833	101
MMS19	351	161	100	90	16	6	573	112
UBTD1	150	58	119	53	4	2	196	50
ANKRD2	2	0	1	0	0	0	0	2
HOGA1	6	11	3	6	1	0	16	3
C10orf62	0	0	0	0	0	0	0	0
MORN4	119	81	73	36	3	2	452	33
PI4K2A	146	102	58	74	10	4	279	46
AVPI1	130	45	60	38	2	2	302	29
MARVELD1	384	101	96	46	3	2	697	56
ZFYVE27	194	149	51	124	12	8	407	91
SFRP5	333	74	2	99	5	0	443	69
GOLGA7B	27	9	2	8	0	0	51	4
CRTAC1	3	4	1	2	0	0	4	1
R3HCC1L	184	265	57	189	22	12	352	173
LOXL4	10	1	2	1	0	0	6	1
PYROXD2	66	38	7	21	2	2	94	19
HPS1	752	158	228	171	17	10	1514	126
HPSE2	3	21	3	50	1	0	1	17
CNNM1	29	9	4	12	0	0	30	23
GOT1	664	226	168	184	21	10	1041	140
NKX2-3	12	1	0	0	1	0	15	2
SLC25A28	170	37	55	56	5	2	255	21
ENTPD7	166	118	49	113	16	2	275	92
CUTC	384	145	84	100	7	3	633	115
COX15	336	170	98	114	9	2	582	80
ABCC2	97	118	8	118	15	5	263	72
DNMBP	309	311	73	268	33	10	611	300
CPN1	209	116	3	80	9	2	437	42
ERLIN1	284	119	79	76	12	2	555	89
CHUK	141	82	36	69	10	3	229	53
CWF19L1	139	111	21	69	7	6	209	76
BLOC1S2	1045	237	508	207	26	14	1747	221
PKD2L1	2	0	0	0	0	0	6	0
SCD	3028	1026	198	713	86	14	6256	696
WNT8B	3	15	0	7	2	0	6	9
SEC31B	40	44	10	18	3	2	66	27
NDUFB8	3595	1163	885	1046	138	58	6645	909
HIF1AN	340	112	91	105	10	4	578	75
PAX2	21	39	0	33	3	1	76	40
SLF2	280	195	72	138	11	7	519	123
MRPL43	1882	420	512	381	48	28	3070	322
SEMA4G	198	108	4	81	11	5	391	48
TWNK	89	26	15	10	1	1	125	16
LZTS2	623	106	199	103	12	7	948	83
PDZD7	16	4	60	9	0	0	50	3
SFXN3	53	11	79	25	1	0	146	14
KAZALD1	22	15	6	5	0	0	49	9
TLX1	8	2	2	0	0	0	19	1
LBX1	0	0	0	0	0	0	0	0
BTRC	225	296	69	260	33	15	337	259
DPCD	790	190	175	126	17	13	1343	174
POLL	278	67	77	44	2	4	416	43
FBXW4	336	277	92	169	14	10	543	164
FGF8	414	67	34	35	6	3	341	71
NPM3	1360	250	240	185	24	12	1825	252
OGA	1002	609	215	427	48	12	1709	401
KCNIP2	6	9	0	4	1	0	12	5
ARMH3	117	280	28	239	26	12	201	242
HPS6	221	25	85	38	5	2	332	36
LDB1	187	44	87	34	10	3	321	51
PPRC1	195	70	61	80	8	3	423	77
NOLC1	834	229	198	199	37	17	1513	185
ELOVL3	2	1	0	0	0	0	7	0
PITX3	3	0	1	1	0	0	6	0
GBF1	341	479	90	459	43	21	544	307
NFKB2	133	15	68	35	2	1	199	10
PSD	14	4	20	8	0	0	22	5
FBXL15	660	201	184	201	16	6	1366	132
CUEDC2	1328	287	347	198	24	14	2103	253
C10orf95	33	9	4	16	0	1	80	3
MFSD13A	76	9	20	27	2	0	155	7
ACTR1A	700	156	279	137	16	5	966	138
SUFU	104	151	29	133	10	12	159	133
TRIM8	288	65	126	45	4	0	453	82
ARL3	2584	730	654	604	96	43	4399	648
SFXN2	109	119	34	55	8	3	256	44
WBP1L	189	77	95	41	11	3	257	63
CYP17A1	0	0	0	0	0	0	0	0
BORCS7	614	152	334	143	7	4	1269	113
AS3MT	0	77	0	53	6	1	0	39
CNNM2	113	257	25	142	22	15	148	167
NT5C2	312	438	129	442	50	14	602	430
RPEL1	1	0	0	0	0	0	3	0
INA	64	8	47	11	0	0	127	11
PCGF6	342	160	56	118	22	4	542	123
TAF5	160	42	41	35	6	0	320	26
ATP5MD	7226	1408	1907	1653	192	55	12873	1196
PDCD11	587	150	114	122	14	3	991	100
CALHM2	13	2	11	2	0	0	30	0
CALHM1	0	0	1	0	0	0	0	0
CALHM3	3	3	0	2	0	0	10	0
NEURL1	27	16	11	5	1	0	65	17
SH3PXD2A	370	259	61	221	29	20	570	220
STN1	242	58	133	51	3	5	419	47
SLK	876	308	362	247	24	14	1609	215
COL17A1	12	4	100	8	0	1	57	3
SFR1	157	52	41	21	2	1	390	29
CFAP43	13	54	4	15	1	2	15	20
GSTO1	6734	1661	957	1374	188	46	10503	1164
GSTO2	232	64	76	31	4	8	638	92
ITPRIP	32	18	18	9	0	2	43	7
CFAP58	5	0	4	2	0	0	3	2
SORCS3	10	36	0	49	3	0	6	38
SORCS1	137	292	7	237	16	5	178	431
XPNPEP1	500	173	181	153	14	11	975	101
ADD3	3066	2177	326	1846	245	79	6251	1754
MXI1	562	256	156	195	19	7	1297	257
SMNDC1	827	265	166	227	27	15	1566	237
DUSP5	489	134	211	179	10	5	635	98
SMC3	2742	679	563	557	81	18	4332	592
RBM20	15	23	2	33	2	1	25	38
PDCD4	790	354	298	228	24	22	1262	171
BBIP1	530	196	140	110	18	9	851	137
SHOC2	341	212	108	164	23	14	577	175
ADRA2A	24	2	9	4	0	0	23	4
GPAM	318	164	36	75	16	5	566	87
TECTB	1	0	0	0	0	0	0	0
ACSL5	85	145	15	59	1	0	189	44
ZDHHC6	333	76	84	83	7	6	582	58
VTI1A	197	726	75	675	92	31	401	628
TCF7L2	1285	1103	303	811	80	67	1708	1174
HABP2	287	117	0	67	25	2	428	97
NRAP	6	0	0	0	1	0	7	2
CASP7	103	43	70	30	9	0	233	35
PLEKHS1	1	2	0	0	0	0	0	0
DCLRE1A	101	32	13	20	6	0	149	18
NHLRC2	386	286	98	168	31	21	585	157
ADRB1	1	0	2	0	0	0	1	0
CCDC186	495	188	284	185	20	7	953	143
TDRD1	1	0	2	0	0	0	6	0
VWA2	40	18	11	5	0	1	61	6
AFAP1L2	48	26	46	8	0	5	39	4
ABLIM1	251	259	106	220	34	11	468	189
FAM160B1	147	145	51	103	12	1	291	76
TRUB1	164	80	52	60	8	3	310	55
ATRNL1	61	165	6	269	55	7	69	201
GFRA1	17	7	2	9	0	0	24	8
CCDC172	1	0	5	1	0	0	2	1
PNLIPRP3	0	1	0	0	0	0	0	0
PNLIP	0	0	0	0	0	0	0	0
PNLIPRP1	4	5	0	1	0	0	2	1
C10orf82	468	109	64	72	5	7	843	104
HSPA12A	379	345	24	326	55	22	792	166
ENO4	17	50	1	28	2	3	39	23
SHTN1	808	742	272	469	60	38	1835	356
VAX1	14	13	17	0	0	2	46	8
KCNK18	0	0	0	0	0	0	0	0
SLC18A2	2	9	2	8	1	2	6	15
PDZD8	539	451	84	363	36	21	1114	257
EMX2	75	39	17	31	1	2	121	21
RAB11FIP2	308	184	93	107	17	11	557	146
FAM204A	1037	317	346	235	28	12	2032	232
PRLHR	0	0	0	0	0	0	1	0
CACUL1	715	342	287	263	32	15	1363	284
NANOS1	92	11	38	15	3	0	114	8
EIF3A	4708	1442	1236	1351	145	73	8891	1051
DENND10	731	259	196	228	21	16	1263	211
SFXN4	605	174	103	218	24	5	1267	137
PRDX3	4112	942	776	673	78	41	7602	769
GRK5	141	232	18	235	25	15	221	208
RGS10	116	17	282	18	3	1	127	8
TIAL1	1325	372	348	328	37	14	2248	286
BAG3	244	105	169	97	8	3	413	86
INPP5F	364	252	302	581	16	22	1362	199
MCMBP	528	190	146	126	17	12	853	147
SEC23IP	469	209	122	231	26	7	856	145
PLPP4	48	38	9	80	5	0	106	58
WDR11	437	245	102	227	15	11	701	161
FGFR2	414	624	57	416	74	35	924	443
ATE1	439	880	63	793	112	39	771	636
NSMCE4A	1273	308	259	200	15	10	2119	197
TACC2	253	259	63	255	19	12	414	180
BTBD16	1	1	0	1	1	0	12	4
PLEKHA1	553	185	236	156	13	6	1002	171
ARMS2	1	0	1	1	0	0	0	0
HTRA1	43	6	28	2	0	0	223	6
DMBT1	0	0	0	0	0	0	0	0
AL603764.2	0	0	0	0	0	0	0	0
C10orf120	0	0	0	0	0	0	0	0
CUZD1	0	0	0	1	0	0	0	1
FAM24B	12	0	4	2	1	0	11	15
FAM24A	0	0	0	0	0	0	0	0
C10orf88	130	58	43	51	3	1	214	51
PSTK	266	109	34	56	3	4	343	61
IKZF5	85	57	18	32	7	3	140	35
ACADSB	214	172	38	81	8	0	478	108
HMX3	0	0	1	1	0	0	6	0
HMX2	2	0	0	1	0	0	7	0
BUB3	1889	520	449	361	35	27	3094	345
GPR26	0	0	0	0	1	0	2	0
CPXM2	52	13	89	1	0	0	93	2
CHST15	57	25	29	44	3	3	63	23
OAT	1000	330	324	357	22	9	1789	272
NKX1-2	126	11	7	15	3	0	254	28
LHPP	280	114	55	90	7	6	445	92
FAM53B	95	65	23	52	2	2	182	79
EEF1AKMT2	577	301	160	196	26	17	966	183
ABRAXAS2	318	108	104	106	12	4	613	113
ZRANB1	461	174	110	201	14	9	784	152
CTBP2	1606	1266	441	890	101	74	2750	920
TEX36	0	0	0	0	0	0	0	0
EDRF1	339	177	55	134	13	6	607	133
MMP21	1	0	0	4	0	0	4	4
UROS	1398	298	318	322	37	9	2502	218
BCCIP	994	319	185	292	35	10	1722	242
DHX32	452	234	161	221	20	13	633	213
FANK1	94	50	88	41	4	5	122	57
ADAM12	30	11	8	10	0	1	37	13
C10orf90	0	2	0	6	0	0	0	3
DOCK1	392	854	111	549	87	45	706	732
INSYN2A	9	60	0	72	4	5	9	55
NPS	0	0	0	0	0	0	0	0
FOXI2	16	1	4	2	0	0	5	4
CLRN3	50	26	1	34	2	2	164	12
PTPRE	47	76	55	22	2	2	106	25
MKI67	1895	556	265	305	33	27	2391	250
MGMT	1359	593	269	254	46	22	1604	499
EBF3	8	10	2	6	0	2	14	6
C10orf143	59	22	14	19	0	2	65	28
GLRX3	2564	590	921	521	44	35	4093	464
TCERG1L	3	7	6	10	2	5	27	15
PPP2R2D	510	230	130	213	25	16	862	199
BNIP3	6017	1514	683	1529	145	77	12544	1670
JAKMIP3	1	4	2	5	2	0	5	2
DPYSL4	121	11	43	8	3	2	219	26
STK32C	120	63	40	22	4	1	268	40
LRRC27	86	27	21	26	4	3	147	24
PWWP2B	122	25	114	14	0	1	193	23
INPP5A	146	134	49	118	15	6	228	130
NKX6-2	56	9	1	2	3	0	36	20
CFAP46	79	62	6	59	3	1	166	37
ADGRA1	12	13	0	5	0	1	37	3
KNDC1	14	19	22	13	3	2	50	20
UTF1	81	14	183	20	6	1	119	18
VENTX	123	25	20	21	4	3	206	30
ADAM8	11	3	43	2	0	0	39	2
TUBGCP2	810	254	196	210	27	13	1345	175
ZNF511	1251	298	255	267	29	11	2261	265
CALY	32	6	67	3	1	3	106	4
PRAP1	87	229	2	677	70	5	403	253
FUOM	1477	436	144	374	38	16	3290	298
ECHS1	4152	1148	869	1014	97	45	8237	1008
PAOX	80	38	20	45	2	7	147	39
MTG1	825	444	170	327	30	9	1337	342
SPRN	2	0	0	2	1	0	5	0
SCART1	3	7	1	4	2	0	3	3
CYP2E1	2	0	0	0	0	2	9	0
SYCE1	0	0	0	0	0	0	0	0
FRG2B	0	0	0	0	0	0	0	0
IQSEC3	1	6	1	10	1	0	11	3
SLC6A12	5	3	3	1	0	0	4	2
SLC6A13	6	4	1	5	0	0	13	9
KDM5A	1083	453	271	335	41	19	1691	371
CCDC77	230	105	41	84	14	7	424	80
B4GALNT3	82	202	7	180	25	6	129	242
NINJ2	20	11	3	4	0	1	56	11
WNK1	1185	751	334	688	65	34	2464	580
RAD52	80	59	15	62	9	3	114	47
ERC1	609	1194	150	964	91	55	959	900
WNT5B	106	219	28	89	2	13	253	119
FBXL14	9	51	6	31	8	0	11	38
ADIPOR2	356	339	102	354	44	17	591	228
CACNA2D4	24	18	3	24	5	0	106	18
LRTM2	1	1	0	0	0	0	7	0
DCP1B	184	83	37	59	4	1	278	58
CACNA1C	5	26	9	102	7	6	21	29
FKBP4	2813	506	688	341	51	16	5168	207
ITFG2	228	138	77	96	13	7	430	42
NRIP2	2	4	0	1	1	0	11	0
TEX52	0	1	0	0	1	0	0	2
FOXM1	518	141	103	81	6	4	873	45
RHNO1	467	103	146	81	14	7	864	39
TULP3	415	188	145	129	11	8	831	54
TEAD4	242	128	54	142	17	7	432	52
TSPAN9	194	256	54	235	24	5	413	103
PRMT8	2	8	2	6	0	0	9	7
CRACR2A	10	13	1	8	0	0	18	4
PARP11	135	112	45	97	10	7	232	57
CCND2	798	388	280	366	45	14	1613	221
TIGAR	112	185	41	171	19	10	137	116
FGF23	17	5	0	6	0	0	46	4
FGF6	0	1	0	0	0	0	0	0
C12orf4	111	85	46	76	6	5	203	34
RAD51AP1	779	180	153	124	12	14	1460	78
DYRK4	285	72	151	48	4	0	461	22
AKAP3	3	6	0	1	0	2	12	0
NDUFA9	1142	267	363	211	38	17	1803	103
GALNT8	22	54	1	80	7	2	47	18
KCNA6	0	0	0	0	0	0	0	0
KCNA1	5	0	1	0	0	0	0	0
KCNA5	4	0	0	1	0	0	3	1
NTF3	311	184	13	130	20	6	444	67
ANO2	10	48	3	17	1	3	16	38
VWF	64	6	11	11	0	0	51	30
CD9	1404	237	2239	209	12	20	2466	74
PLEKHG6	197	73	69	64	3	5	360	52
TNFRSF1A	524	139	257	111	10	7	936	106
SCNN1A	271	87	67	90	14	3	464	90
LTBR	78	8	83	15	0	1	120	7
CD27	0	0	0	0	0	0	0	0
TAPBPL	5	3	1	8	0	0	6	3
VAMP1	32	10	9	7	1	2	61	7
MRPL51	6379	1325	1562	1328	153	47	11450	1024
NCAPD2	536	254	122	133	13	9	921	130
GAPDH	73822	11264	19448	10931	1145	707	122670	12432
IFFO1	77	14	15	7	4	1	90	6
NOP2	25	105	1	104	9	8	41	89
CHD4	1594	837	492	593	71	28	2579	574
LPAR5	5	1	8	1	0	0	14	0
ACRBP	9	1	0	3	0	0	11	6
ING4	351	130	122	52	8	7	603	69
ZNF384	263	69	67	37	6	2	413	47
PIANP	10	3	16	0	0	0	34	0
COPS7A	425	94	128	77	9	2	631	67
MLF2	3304	679	1166	645	72	28	5420	658
PTMS	15592	3018	2685	2625	424	121	25677	2352
LAG3	52	7	4	5	2	1	78	8
CD4	7	21	3	5	2	0	47	6
GPR162	65	6	17	8	0	0	113	6
P3H3	282	116	80	82	5	6	498	60
GNB3	85	3	3	5	0	0	57	7
CDCA3	665	131	98	97	13	9	1193	101
USP5	489	82	135	71	10	3	758	105
TPI1	16320	3533	2909	3493	390	180	34490	3677
SPSB2	434	102	81	87	8	1	584	65
LRRC23	151	90	71	92	13	6	319	179
ENO2	649	122	360	173	20	6	1163	98
ATN1	597	142	182	132	18	9	967	114
C12orf57	3652	771	661	589	86	31	6479	586
PTPN6	198	77	62	77	8	6	335	104
PHB2	4448	1073	1122	888	81	55	8112	824
EMG1	1124	210	341	201	18	12	1865	174
LPCAT3	705	246	150	208	27	7	1150	124
C1S	65	58	13	52	3	1	79	36
C1R	17	5	14	8	0	1	68	2
C1RL	194	163	46	124	13	7	363	83
RBP5	96	67	5	86	1	1	291	40
CLSTN3	262	111	69	115	12	2	527	98
PEX5	173	41	34	24	2	0	294	30
ACSM4	40	0	0	3	0	0	15	34
CD163L1	3	22	13	46	1	2	6	26
CD163	20	7	2	34	0	1	157	22
APOBEC1	0	0	0	0	0	0	1	3
GDF3	122	17	32	11	1	6	86	19
DPPA3	57	22	2	22	2	0	118	31
CLEC4C	0	0	0	1	0	0	0	0
NANOGNB	0	0	0	0	0	0	0	1
NANOG	18	6	24	7	0	3	23	9
SLC2A14	19	45	14	130	10	2	131	44
SLC2A3	9952	3625	1266	3351	462	182	18608	3156
FOXJ2	107	20	32	26	1	0	166	12
C3AR1	0	1	1	0	0	0	0	0
NECAP1	219	55	54	43	5	1	393	34
CLEC4A	1	8	1	1	1	0	9	1
ZNF705A	0	1	0	0	0	0	0	0
FAM90A1	0	3	2	2	2	0	2	0
CLEC6A	0	2	0	2	0	0	1	0
CLEC4D	0	0	0	3	0	0	4	0
CLEC4E	1	1	0	0	0	0	1	0
AICDA	1	1	1	0	0	0	0	0
MFAP5	36	24	335	9	0	0	51	1
RIMKLB	322	209	89	161	19	3	527	159
A2ML1	1	2	5	2	0	0	5	8
PHC1	100	80	37	60	2	8	148	60
M6PR	462	352	174	278	28	18	806	258
KLRG1	31	28	8	15	2	1	55	13
A2M	481	180	1	80	0	1	408	27
PZP	0	5	1	2	0	0	1	2
KLRB1	0	11	0	0	0	0	1	3
CLEC2D	94	104	25	65	11	3	202	94
CLECL1	0	0	0	0	0	0	0	0
CD69	1	1	6	0	0	0	2	0
KLRF1	0	0	1	0	0	0	1	0
CLEC2B	0	1	0	0	0	0	0	0
KLRF2	0	3	0	0	0	0	0	1
CLEC2A	3	27	0	6	0	0	6	8
CLEC12A	0	0	1	0	0	0	0	2
CLEC1B	0	0	1	0	0	0	0	0
CLEC12B	1	0	0	0	0	0	0	0
CLEC9A	0	0	1	1	0	0	0	0
CLEC1A	0	0	0	0	0	0	2	0
CLEC7A	12	0	68	2	0	0	4	1
OLR1	3	0	75	0	0	0	2	0
TMEM52B	2	0	25	0	0	0	1	0
GABARAPL1	527	104	381	113	6	9	703	114
KLRD1	5	18	0	11	1	0	5	10
KLRK1	0	1	0	1	0	0	0	4
KLRC4	0	0	0	0	0	0	0	0
KLRC3	0	0	0	0	0	0	0	0
KLRC2	0	0	2	0	0	0	0	0
KLRC1	1	0	0	0	0	0	0	0
EIF2S3B	3	2	2	6	0	0	9	2
MAGOHB	1473	374	289	269	40	11	2401	193
STYK1	23	2	21	1	1	0	15	3
YBX3	3190	531	1491	446	48	34	5207	611
TAS2R7	0	0	0	0	0	0	0	1
TAS2R8	0	0	0	1	0	0	0	0
TAS2R9	0	0	0	0	0	0	0	0
PRH1	92	420	13	380	41	21	80	382
TAS2R10	0	0	0	1	1	0	0	0
PRR4	1	19	0	20	1	0	3	19
TAS2R13	0	0	0	0	0	0	0	0
PRH2	1	0	0	1	0	0	0	0
TAS2R14	0	18	0	14	2	0	0	15
TAS2R50	0	0	0	0	0	0	0	0
TAS2R20	0	1	0	0	0	0	0	0
TAS2R19	0	2	0	1	0	0	0	1
TAS2R31	0	6	0	9	0	0	0	5
TAS2R46	0	1	0	0	0	0	0	0
TAS2R43	0	0	0	0	0	0	0	1
TAS2R30	0	4	0	4	0	0	0	9
SMIM10L1	0	217	0	213	30	10	0	170
TAS2R42	0	0	0	0	0	0	0	0
PRB3	1	0	0	3	0	0	0	3
PRB4	0	0	0	0	0	0	0	1
PRB1	0	7	0	2	0	0	0	2
PRB2	0	0	0	1	0	0	0	0
ETV6	197	210	142	149	16	8	246	151
BCL2L14	25	175	0	161	26	8	64	213
LRP6	656	774	98	587	75	36	1103	636
MANSC1	150	39	79	23	2	0	220	15
BORCS5	195	119	41	121	10	5	319	81
DUSP16	170	203	75	303	18	10	320	102
CREBL2	202	62	64	52	5	2	377	42
GPR19	11	11	24	3	1	0	30	8
CDKN1B	447	116	120	58	10	7	815	90
APOLD1	28	73	2	33	4	10	34	16
DDX47	18	6	2	1	1	0	27	3
GPRC5A	144	14	598	2	0	0	159	0
GPRC5D	0	0	0	0	0	0	0	1
HEBP1	930	276	690	268	34	11	1708	148
FAM234B	58	19	27	15	2	0	104	16
GSG1	2	1	1	3	0	0	3	4
EMP1	51	3	248	2	0	0	23	0
GRIN2B	40	30	1	132	0	5	80	93
ATF7IP	760	796	216	583	69	35	1394	530
PLBD1	213	64	65	83	9	6	576	73
GUCY2C	9	9	0	25	0	0	25	6
HIST4H4	23	18	5	10	3	3	32	8
H2AFJ	1262	333	795	395	33	21	2288	156
WBP11	1180	344	292	287	24	12	2011	194
C12orf60	38	21	7	5	1	0	75	13
SMCO3	1	0	6	0	0	0	0	1
ART4	4	0	3	0	0	0	0	3
MGP	3	0	1	0	0	0	2	1
ERP27	163	50	259	40	3	1	400	30
ARHGDIB	96	10	677	6	1	1	80	1
PDE6H	1	0	0	0	0	0	0	0
RERG	9	19	0	24	9	0	24	19
PTPRO	2	16	3	8	0	1	12	14
EPS8	116	95	105	55	11	2	186	90
STRAP	4322	942	1119	851	95	35	7748	769
DERA	1375	608	385	525	68	17	2768	530
SLC15A5	0	1	0	1	0	0	0	0
MGST1	7935	1907	1495	1759	157	59	17431	1198
LMO3	21	27	12	15	2	0	31	11
RERGL	0	13	0	3	1	1	2	4
PIK3C2G	41	94	51	73	2	0	131	71
PLCZ1	2	1	4	1	0	0	4	4
CAPZA3	0	0	0	0	0	0	0	0
PLEKHA5	1378	2390	339	2005	257	152	2464	1601
AEBP2	283	255	110	231	31	11	577	274
PDE3A	30	103	34	167	11	2	52	143
SLCO1C1	3	2	0	4	0	1	1	1
SLCO1B3	0	2	0	0	0	0	0	0
SLCO1B7	0	1	0	1	0	0	0	1
SLCO1B1	19	33	10	25	2	1	37	18
SLCO1A2	213	131	24	109	18	7	236	120
IAPP	5	12	0	6	1	1	6	11
PYROXD1	131	41	38	31	11	3	171	44
RECQL	460	155	126	149	13	8	935	139
GOLT1B	529	259	156	232	21	7	1073	162
SPX	4	2	1	6	0	0	5	1
GYS2	0	4	0	1	0	0	0	0
LDHB	18937	4505	3396	4129	396	212	37978	3424
KCNJ8	57	13	5	15	0	2	99	6
ABCC9	1	3	1	8	0	0	5	1
CMAS	1710	370	350	378	53	16	3088	312
ST8SIA1	65	40	4	48	3	0	48	41
C2CD5	129	139	35	109	14	5	228	124
ETNK1	750	536	177	413	47	24	1550	346
SOX5	122	1846	22	1135	137	90	285	1107
BCAT1	511	157	361	142	15	17	790	348
LRMP	1	3	0	19	0	0	4	5
CASC1	9	8	0	6	2	0	12	12
ETFRF1	446	98	102	126	10	4	849	79
KRAS	2280	661	679	596	58	29	3548	657
LMNTD1	31	343	1	262	35	7	60	520
RASSF8	475	560	87	395	96	13	771	453
BHLHE41	24	0	14	2	1	1	30	2
SSPN	32	5	31	2	0	0	38	4
ITPR2	174	310	78	205	24	7	393	279
INTS13	303	81	61	63	9	7	492	59
FGFR1OP2	686	227	216	219	19	13	1257	185
TM7SF3	834	311	350	163	22	12	1116	210
MED21	602	152	217	139	25	8	1247	115
C12orf71	0	0	0	0	0	0	0	0
STK38L	240	141	101	127	15	5	361	93
ARNTL2	66	63	53	24	7	4	111	37
SMCO2	1	0	2	1	1	0	1	1
PPFIBP1	559	381	226	344	38	24	871	283
REP15	26	3	8	1	0	0	32	5
MRPS35	917	296	308	236	26	12	1713	220
MANSC4	0	0	0	0	0	0	3	0
KLHL42	344	123	110	103	13	3	584	83
PTHLH	3	1	19	0	0	0	5	0
CCDC91	496	538	143	445	54	29	867	462
FAR2	179	245	78	282	31	10	345	137
ERGIC2	1180	346	343	276	21	18	2148	304
OVCH1	1	1	0	3	0	0	0	11
TMTC1	122	111	53	98	14	8	114	201
IPO8	227	108	62	63	11	6	431	73
CAPRIN2	147	85	45	59	5	4	240	75
TSPAN11	20	17	8	8	1	0	19	10
DDX11	208	77	40	42	5	1	442	36
SINHCAF	1358	1458	374	895	125	85	2419	1006
DENND5B	307	772	50	653	89	27	602	666
ETFBKMT	35	12	5	8	0	0	50	7
AMN1	203	124	39	66	6	4	388	85
H3F3C	7	0	1	0	0	0	14	0
RESF1	1536	908	137	776	104	53	3228	458
BICD1	540	1746	118	1332	162	112	1301	784
FGD4	272	682	80	401	44	27	374	463
DNM1L	789	387	247	272	39	17	1450	319
YARS2	745	186	179	149	15	12	1295	174
PKP2	1256	929	299	839	105	42	2897	722
SYT10	52	17	3	6	0	0	54	12
ALG10	61	31	13	12	0	1	116	19
ALG10B	43	26	15	13	4	1	143	14
CPNE8	154	97	69	145	7	6	262	85
KIF21A	1350	656	212	671	95	38	2520	465
ABCD2	0	2	0	0	0	0	1	0
C12orf40	1	36	0	38	10	4	1	32
SLC2A13	204	570	48	840	85	24	442	472
LRRK2	72	67	2	112	11	1	225	88
MUC19	8	6	4	3	1	0	14	12
CNTN1	4	8	14	7	2	1	13	3
PDZRN4	12	14	3	12	0	2	20	11
GXYLT1	553	281	89	196	22	4	1131	173
YAF2	467	324	82	273	35	9	760	290
PPHLN1	1242	455	266	387	49	30	2515	356
ZCRB1	1456	453	559	319	46	17	2984	330
PRICKLE1	312	478	47	428	31	86	586	281
ADAMTS20	9	23	1	24	5	3	16	38
PUS7L	890	250	143	201	30	13	1627	211
IRAK4	120	51	46	33	1	1	175	40
TWF1	213	107	155	89	14	11	408	57
TMEM117	28	86	45	136	17	4	67	33
NELL2	246	148	52	73	15	14	220	132
DBX2	0	0	0	0	0	0	2	0
ANO6	519	901	183	819	89	26	1086	795
ARID2	661	1139	89	808	93	54	1286	927
SCAF11	2105	912	472	707	85	46	4223	629
SLC38A1	1544	579	685	455	57	34	2752	519
SLC38A2	1119	535	345	438	55	39	2256	538
SLC38A4	4	19	6	3	3	1	4	13
AMIGO2	80	35	31	32	3	2	171	21
PCED1B	59	125	5	116	11	10	107	66
RPAP3	533	181	138	171	23	13	1011	148
ENDOU	6	0	3	0	0	0	8	1
RAPGEF3	4	2	4	1	0	0	10	2
SLC48A1	172	48	93	48	3	2	198	43
HDAC7	550	187	160	165	15	10	1010	146
VDR	0	4	0	3	0	0	8	0
TMEM106C	1059	202	512	177	33	10	2123	132
COL2A1	1994	398	198	284	42	10	3801	229
SENP1	243	134	54	133	11	9	453	116
PFKM	356	94	68	53	4	6	618	76
ASB8	284	65	120	51	8	2	481	51
CCDC184	17	0	2	1	0	0	5	2
OR10AD1	0	0	0	0	0	0	0	0
H1FNT	0	0	0	0	0	0	0	0
ZNF641	83	29	31	19	5	3	198	15
ANP32D	2	0	0	0	0	0	4	0
C12orf54	2	1	1	0	0	0	1	1
OR8S1	0	0	0	0	0	0	0	0
OR5BS1P	0	0	0	0	0	0	0	0
LALBA	0	0	0	0	0	0	0	0
KANSL2	238	131	59	105	10	5	441	99
CCNT1	336	145	75	129	9	6	599	112
TEX49	0	0	0	0	0	0	0	1
ADCY6	215	114	50	96	8	3	481	65
CACNB3	224	33	69	25	3	3	453	27
DDX23	632	143	148	112	15	6	1219	99
RND1	187	45	11	79	5	1	347	33
CCDC65	22	88	6	72	7	5	37	116
FKBP11	2234	876	91	849	99	25	5831	660
ARF3	1277	276	443	323	34	18	1806	286
WNT10B	11	1	8	1	0	0	20	0
WNT1	33	3	9	3	0	0	28	2
DDN	4	0	0	0	0	0	8	0
PRKAG1	504	137	196	115	10	3	786	126
KMT2D	247	95	67	81	3	5	416	88
RHEBL1	40	5	16	1	0	0	44	9
DHH	1	0	0	0	0	0	6	2
LMBR1L	300	60	103	55	4	0	455	52
TUBA1B	24381	5082	5375	3566	445	257	36722	4114
TUBA1A	4630	1052	2312	1039	137	92	7526	936
TUBA1C	8612	1657	2367	2107	181	67	14505	1534
PRPH	16	1	16	1	0	0	29	6
TROAP	561	88	81	38	7	8	737	56
C1QL4	0	0	0	0	0	0	0	1
DNAJC22	283	97	6	112	14	1	572	71
SPATS2	1482	823	201	723	88	26	2362	622
KCNH3	8	1	1	3	0	0	9	3
MCRS1	999	234	226	171	29	12	1736	210
PRPF40B	127	131	24	96	22	8	193	115
FAM186B	2	2	0	4	0	0	0	1
FMNL3	65	36	10	37	7	3	102	38
TMBIM6	7156	2122	2845	2095	188	88	13403	1662
NCKAP5L	146	45	45	46	1	4	183	52
BCDIN3D	119	34	31	27	3	2	246	14
FAIM2	3	3	0	6	0	0	2	1
AQP2	0	0	0	0	0	0	0	0
AQP5	7	2	1	2	0	0	20	1
AQP6	1	0	0	0	0	0	1	0
RACGAP1	312	145	62	77	7	3	503	88
ASIC1	26	20	0	10	0	2	76	15
SMARCD1	1135	290	201	192	35	15	2030	193
GPD1	299	69	5	84	7	2	642	52
COX14	1178	252	526	285	26	20	2263	187
CERS5	400	237	127	182	22	14	626	168
LIMA1	623	217	839	216	17	9	989	136
FAM186A	0	2	0	0	0	1	0	1
LARP4	539	393	141	310	43	27	1047	339
DIP2B	168	456	76	296	43	20	251	289
ATF1	362	138	95	170	16	8	676	136
TMPRSS12	2	2	1	1	0	0	0	1
METTL7A	70	51	32	21	1	1	216	14
HIGD1C	0	4	0	3	0	0	0	8
SLC11A2	342	228	102	181	11	7	682	164
LETMD1	325	132	99	93	9	7	684	92
CSRNP2	176	50	53	38	5	3	279	54
TFCP2	366	361	75	346	38	20	636	289
POU6F1	15	11	3	11	4	1	16	16
DAZAP2	773	215	313	185	22	12	1222	152
SMAGP	881	244	357	207	23	9	1544	239
BIN2	1	1	5	0	0	0	7	3
CELA1	0	1	0	1	0	0	0	0
GALNT6	125	34	208	63	4	0	269	39
SLC4A8	111	122	29	149	17	5	237	90
SCN8A	47	92	9	110	7	9	91	96
C12orf81	13	2	2	9	0	0	20	1
FIGNL2	319	128	40	108	10	4	681	91
ANKRD33	4	1	5	0	0	0	9	0
ACVRL1	1	0	0	0	0	0	0	0
ACVR1B	276	227	37	158	24	9	493	142
GRASP	47	14	15	10	2	0	84	4
NR4A1	212	54	232	49	5	3	416	25
ATG101	739	149	254	174	18	7	1257	129
SMIM41	1	4	0	3	0	0	2	3
KRT80	11	0	32	0	0	0	8	0
KRT7	684	3	1320	3	0	0	526	1
KRT86	0	0	0	0	0	0	0	0
KRT81	1	0	2	0	0	0	1	0
KRT83	0	0	0	0	0	0	0	0
KRT85	0	0	0	0	0	0	0	0
KRT84	0	0	0	0	0	0	0	0
KRT82	0	0	0	0	0	0	0	0
KRT75	0	0	1	0	0	0	0	0
KRT6B	19	0	0	0	0	0	0	0
KRT6C	2	3	0	0	0	0	27	0
KRT6A	15	0	8	0	0	0	1	0
KRT5	15	0	1	0	0	0	3	0
KRT71	1	0	0	0	0	0	1	0
KRT74	0	0	0	0	0	0	0	0
KRT72	2	0	1	0	0	0	2	0
KRT73	0	0	0	0	0	0	0	0
KRT2	1	0	0	0	0	0	0	0
KRT1	1	0	2	0	0	0	3	0
KRT77	1	0	0	0	0	0	0	0
KRT76	0	0	0	0	0	0	0	0
KRT3	2	0	2	0	0	0	2	0
KRT4	1	0	0	0	0	0	1	2
KRT79	1	0	1	0	0	0	1	2
KRT78	2	0	1	0	0	0	0	0
KRT8	20473	3557	17162	2689	294	275	34819	4002
KRT18	22332	4199	21619	2627	282	294	36840	3915
EIF4B	3564	1380	713	1135	105	70	8288	1067
TNS2	37	6	7	8	1	1	37	8
SPRYD3	57	15	20	14	4	0	151	12
IGFBP6	1003	280	60	501	33	57	2256	136
SOAT2	283	162	0	196	11	1	589	131
CSAD	181	158	31	109	9	10	313	110
ZNF740	159	86	31	71	11	2	322	36
ITGB7	5	0	0	1	0	0	3	1
RARG	42	11	46	17	0	2	110	8
AC021072.1	0	0	0	0	0	0	0	0
MFSD5	212	42	102	33	5	2	352	34
ESPL1	127	41	22	26	1	3	229	27
PFDN5	12467	2829	3362	2582	306	116	25447	2252
C12orf10	1007	216	271	175	19	12	1686	200
AAAS	499	136	105	83	12	3	737	99
SP7	1	0	0	0	0	0	2	0
SP1	331	146	81	110	10	7	554	100
AMHR2	279	85	3	122	16	1	715	80
PRR13	3337	1587	433	1507	172	35	8749	1212
PCBP2	7351	1599	1536	1383	148	93	15168	1497
MAP3K12	154	35	47	35	9	3	170	54
TARBP2	453	95	112	67	6	5	727	70
NPFF	3	4	0	2	0	0	21	4
ATF7	397	295	85	236	28	16	612	265
ATP5MC2	11151	2956	2444	1787	293	128	21305	2063
CALCOCO1	140	48	86	37	3	5	250	31
HOXC13	1	0	0	0	0	0	1	0
HOXC12	0	0	0	0	0	0	0	0
HOXC11	2	0	0	1	0	0	0	0
HOXC10	1	2	0	7	0	0	5	0
HOXC6	21	69	0	30	1	8	182	0
HOXC9	2	11	0	11	0	2	32	1
HOXC8	30	68	1	30	3	1	168	1
HOXC4	6	21	0	2	1	2	21	2
HOXC5	4	5	0	2	0	0	9	1
SMUG1	392	77	127	74	7	8	675	72
CBX5	3026	905	685	610	84	38	5320	700
HNRNPA1	15143	4315	2760	3293	371	217	27588	3474
NFE2	61	13	20	13	2	2	109	12
COPZ1	2461	589	821	446	62	24	4188	414
GPR84	0	0	0	0	0	0	0	2
ZNF385A	259	38	140	46	4	1	431	28
ITGA5	310	106	28	196	13	4	372	144
GTSF1	0	0	1	0	0	0	2	1
NCKAP1L	5	5	0	1	0	0	15	1
PDE1B	19	1	3	3	0	0	29	7
PPP1R1A	598	175	34	224	36	3	1392	137
LACRT	0	0	0	0	0	0	0	0
DCD	0	0	0	0	0	0	0	0
MUCL1	2	0	0	0	0	0	4	0
TESPA1	1	0	0	1	0	0	1	1
NEUROD4	10	3	1	0	0	0	4	3
OR9K2	0	0	0	0	0	0	0	0
OR10A7	0	0	0	0	0	0	0	0
OR6C74	0	0	0	0	0	0	0	0
OR6C6	0	0	0	0	0	0	0	0
OR6C1	0	0	0	0	0	0	0	0
OR6C3	0	0	1	0	0	0	0	0
OR6C75	0	1	0	0	0	0	0	0
OR6C65	0	0	0	0	0	0	0	0
OR6C76	0	0	0	0	0	0	0	0
OR6C2	0	0	0	0	0	0	0	0
OR6C70	0	0	0	0	0	0	0	0
OR6C68	0	0	0	0	0	0	0	0
OR6C4	1	0	0	0	0	0	0	0
OR2AP1	0	0	0	0	0	0	0	0
OR10P1	0	0	0	0	0	0	0	0
METTL7B	317	122	8	123	12	1	772	56
ITGA7	152	92	23	76	9	0	246	39
BLOC1S1	1894	594	398	689	51	17	3556	421
RDH5	129	56	2	62	4	2	165	21
CD63	22866	5541	7803	6176	624	211	37451	4345
GDF11	629	199	147	147	16	9	1225	114
SARNP	127	749	26	630	79	41	217	612
ORMDL2	1122	223	405	245	20	10	1826	170
DNAJC14	244	40	51	34	4	3	376	31
MMP19	6	2	1	2	0	1	10	0
PYM1	1228	326	246	251	30	7	2277	257
DGKA	43	16	54	14	3	1	62	7
PMEL	415	35	585	31	9	6	467	24
CDK2	342	118	151	106	18	0	842	55
RAB5B	580	177	212	163	18	6	1049	123
SUOX	165	61	36	34	6	1	305	33
IKZF4	120	67	44	43	6	2	271	59
RPS26	20876	8284	4416	7456	926	407	41123	6809
ERBB3	539	176	292	182	24	7	1226	132
PA2G4	4404	969	1045	723	94	41	7334	931
RPL41	14680	15144	4553	13988	1603	768	25891	12320
ESYT1	493	94	174	68	10	5	694	71
ZC3H10	86	18	19	19	0	2	167	13
MYL6B	2985	681	678	588	56	49	4578	602
MYL6	28727	4223	15651	4609	542	191	44263	3969
SMARCC2	809	192	203	134	20	6	1319	96
RNF41	421	95	88	96	8	6	796	76
NABP2	472	85	135	83	8	2	818	75
SLC39A5	495	234	3	132	27	8	1048	144
ANKRD52	140	59	61	50	4	4	203	26
COQ10A	244	65	50	59	5	4	459	50
CS	535	192	170	165	15	7	987	152
CNPY2	2619	1274	665	1304	132	48	4604	948
PAN2	79	24	16	16	0	1	134	16
IL23A	101	9	18	7	0	0	84	10
STAT2	274	140	121	134	19	9	528	69
APOF	7	2	0	4	0	0	12	0
TIMELESS	464	153	87	62	7	3	898	62
MIP	0	0	0	0	0	0	0	0
SPRYD4	209	40	89	36	5	2	380	35
GLS2	16	6	8	8	0	0	28	5
RBMS2	147	192	83	147	16	6	299	108
BAZ2A	855	254	232	177	16	13	1432	174
ATP5F1B	8909	1643	1911	1556	211	83	14322	1645
PTGES3	8106	2119	1748	1576	199	101	14853	1742
NACA	38377	10199	9612	8809	999	460	78130	7678
PRIM1	290	96	57	60	8	1	514	74
HSD17B6	39	15	3	29	2	1	61	3
SDR9C7	1	0	0	0	0	0	0	1
RDH16	5	4	2	2	0	0	7	3
GPR182	0	0	0	0	0	0	0	0
ZBTB39	161	37	33	25	5	2	245	24
TAC3	313	101	698	35	3	4	670	22
MYO1A	3	0	0	1	0	0	9	0
NEMP1	126	97	39	59	6	4	205	58
NAB2	150	50	83	53	6	6	381	45
STAT6	160	61	144	64	5	5	356	43
LRP1	722	289	127	317	25	8	1447	226
NXPH4	20	3	17	4	0	0	19	0
SHMT2	902	209	238	152	15	8	1621	193
NDUFA4L2	59	6	26	29	3	0	131	6
STAC3	11	7	9	5	3	1	30	13
R3HDM2	611	646	117	444	60	26	1230	519
INHBC	2	2	0	1	0	0	3	0
INHBE	4	1	6	1	0	0	6	1
GLI1	10	6	9	3	1	0	33	1
ARHGAP9	6	0	1	2	0	0	5	0
MARS	664	163	176	165	21	9	1098	168
DDIT3	446	116	169	149	15	5	1059	84
AC022506.1	0	0	0	0	0	0	0	0
MBD6	234	54	55	34	11	7	497	33
DCTN2	1630	336	622	313	32	27	2984	334
KIF5A	6	3	9	4	0	0	31	5
PIP4K2C	225	41	80	51	3	3	327	36
DTX3	217	48	75	26	4	0	311	42
ARHGEF25	0	4	2	1	0	1	5	2
SLC26A10	1	0	0	0	0	0	1	0
B4GALNT1	4	0	4	0	0	1	3	1
OS9	1039	241	358	208	22	10	1824	258
AGAP2	1	1	2	0	0	0	1	1
TSPAN31	244	96	144	76	10	4	621	67
CDK4	2796	597	945	548	62	29	5329	434
MARCH9	285	78	140	59	5	5	505	71
CYP27B1	2	0	3	0	0	0	9	3
METTL1	243	44	49	52	2	1	483	40
EEF1AKMT3	24	12	10	2	0	1	47	5
TSFM	9	199	0	204	17	14	14	173
AVIL	25	8	6	14	2	0	61	22
CTDSP2	526	119	178	116	13	9	858	93
ATP23	36	55	9	34	5	2	62	17
LRIG3	715	262	25	220	29	19	635	346
SLC16A7	36	20	45	27	3	0	42	12
TAFA2	16	76	8	62	3	1	41	66
USP15	382	315	159	303	37	15	777	246
MON2	129	390	42	344	42	17	336	269
PPM1H	368	1035	80	1014	195	34	687	969
AVPR1A	26	7	0	4	1	0	49	1
DPY19L2	16	14	3	10	0	0	37	8
RXYLT1	266	87	82	71	11	5	578	65
SRGAP1	348	450	130	427	62	12	817	371
C12orf66	56	20	11	9	2	0	96	11
C12orf56	41	13	15	8	1	1	111	7
XPOT	484	242	115	151	16	8	1011	149
TBK1	323	228	103	186	31	10	653	194
RASSF3	82	125	66	63	5	9	203	106
GNS	291	204	137	177	14	4	690	92
TBC1D30	34	27	6	18	5	1	46	12
WIF1	5	47	0	4	0	2	53	1
LEMD3	260	200	65	174	13	8	442	156
MSRB3	13	25	6	23	1	2	44	14
HMGA2	1087	1163	225	536	80	40	2187	532
LLPH	1100	228	285	230	34	17	1845	236
TMBIM4	1314	524	473	424	41	25	2544	323
IRAK3	5	1	0	3	0	0	6	3
HELB	76	61	10	47	5	4	235	47
GRIP1	133	1502	38	965	161	35	234	948
CAND1	1069	411	207	319	51	27	1815	250
DYRK2	401	89	77	96	14	5	663	54
IFNG	1	2	0	0	0	0	0	1
IL26	1	1	0	0	0	0	1	0
IL22	0	0	0	0	0	0	0	0
MDM1	286	128	33	149	6	10	702	92
RAP1B	575	1037	104	1111	110	34	1181	793
NUP107	807	351	159	251	28	17	1453	250
SLC35E3	514	124	113	99	13	9	914	140
MDM2	631	432	397	341	38	18	1033	301
CPM	13	14	14	7	0	1	33	10
CPSF6	1472	616	306	512	75	24	2282	491
LYZ	15	4	1	2	0	0	51	2
YEATS4	932	195	204	179	20	7	1979	223
FRS2	354	567	79	423	54	25	657	422
CCT2	6162	1471	1065	1101	117	61	9862	1362
LRRC10	0	0	0	0	0	0	0	0
BEST3	1	0	3	1	0	0	1	0
RAB3IP	824	303	227	180	50	15	1216	260
MYRFL	11	6	16	15	1	1	19	18
CNOT2	1271	727	289	740	88	35	2214	641
KCNMB4	393	221	128	218	20	6	603	240
PTPRB	2	10	6	2	0	0	8	0
PTPRR	3	8	36	6	0	0	0	6
TSPAN8	7	13	2	7	0	2	21	12
LGR5	582	388	12	286	42	9	478	762
ZFC3H1	457	309	114	218	26	15	897	242
THAP2	180	65	29	42	7	3	366	39
TMEM19	171	46	57	37	8	0	308	31
RAB21	594	193	232	182	17	6	1083	146
TBC1D15	335	172	59	144	12	11	558	150
TPH2	0	1	0	1	0	0	0	1
TRHDE	18	36	4	34	2	3	22	17
ATXN7L3B	1680	479	347	503	65	21	2693	430
KCNC2	0	0	0	0	0	0	0	0
CAPS2	5	39	7	34	5	1	14	27
GLIPR1L1	0	1	5	2	0	0	2	1
GLIPR1L2	2	5	5	1	1	0	1	1
GLIPR1	149	11	200	31	0	1	54	7
KRR1	1227	343	381	313	35	19	2171	259
PHLDA1	798	162	505	128	23	3	1381	137
NAP1L1	12538	3938	2384	3117	354	181	28933	2624
BBS10	56	23	15	8	2	1	94	18
OSBPL8	1007	695	325	637	60	37	1875	517
ZDHHC17	229	201	63	190	32	11	423	192
CSRP2	3646	948	725	610	94	42	6220	774
E2F7	75	81	21	41	7	2	181	51
NAV3	15	235	8	223	27	4	38	169
SYT1	184	220	188	195	29	24	253	167
PAWR	1381	663	816	427	60	44	2354	480
PPP1R12A	1700	933	605	851	93	62	2938	780
OTOGL	70	111	10	43	3	1	133	113
PTPRQ	4	1	0	8	0	0	1	6
MYF6	19	0	3	3	0	0	36	3
MYF5	3	0	0	0	0	0	0	0
LIN7A	133	107	22	125	26	8	266	150
ACSS3	251	313	74	330	42	20	494	300
PPFIA2	2	9	2	4	2	1	6	7
CCDC59	1185	269	236	227	21	13	1991	220
METTL25	129	80	47	95	14	6	209	100
TMTC2	50	328	40	220	28	18	107	272
SLC6A15	9	4	6	2	0	0	24	0
TSPAN19	4	0	0	1	0	0	11	1
LRRIQ1	96	41	21	22	4	4	177	25
ALX1	36	3	36	26	0	0	175	4
RASSF9	31	17	17	10	2	2	52	6
NTS	1011	89	53	33	5	15	577	33
MGAT4C	5	3	4	7	3	0	11	23
C12orf50	0	0	0	0	0	0	0	0
C12orf29	396	86	108	68	7	5	699	84
CEP290	633	276	141	212	23	11	1099	205
TMTC3	351	201	114	161	22	8	645	118
KITLG	752	1261	15	1247	146	68	1921	818
DUSP6	1293	470	63	259	34	24	1880	352
POC1B	196	192	48	112	10	3	328	141
GALNT4	0	32	0	24	2	1	3	16
ATP2B1	3869	1297	870	1299	160	61	6208	997
CCER1	0	0	0	0	0	0	0	0
EPYC	0	0	0	0	0	0	0	0
KERA	0	0	2	0	0	0	0	0
LUM	409	6	668	14	0	0	242	4
DCN	65	4	74	0	0	0	146	2
BTG1	2694	474	1893	414	54	34	4764	454
CLLU1OS	0	0	0	0	0	0	0	0
C12orf74	1	1	0	1	0	0	2	5
EEA1	840	569	497	548	63	30	1472	456
NUDT4	786	930	120	748	73	36	1592	745
UBE2N	3278	784	704	671	70	47	5329	606
MRPL42	2184	596	409	416	55	25	4546	488
SOCS2	1026	169	105	112	26	7	1807	186
CRADD	139	307	37	218	28	14	225	246
PLXNC1	64	79	4	41	19	3	89	95
CEP83	233	211	50	148	14	7	419	147
TMCC3	65	20	45	15	1	0	129	17
NDUFA12	4040	813	995	702	91	38	6503	668
NR2C1	555	418	87	232	28	13	853	331
FGD6	810	524	83	379	33	26	844	529
VEZT	1212	600	190	391	47	25	1712	567
METAP2	3132	831	527	670	69	43	5279	703
USP44	199	55	129	39	5	0	288	55
NTN4	217	169	17	87	16	9	163	277
SNRPF	7899	1423	1525	1214	162	78	14563	1121
CCDC38	3	16	1	18	1	0	14	25
AMDHD1	70	50	17	40	7	1	266	36
HAL	6	12	3	2	0	1	100	4
LTA4H	959	214	205	179	15	3	1816	162
ELK3	65	21	80	22	4	4	113	22
CDK17	133	247	44	150	15	7	191	197
CFAP54	6	19	1	11	1	1	4	7
NEDD1	340	137	69	107	15	7	707	128
TMPO	2035	696	347	471	79	37	3601	506
SLC25A3	15425	3536	3356	3427	321	152	30123	2703
IKBIP	652	302	158	248	25	14	1068	198
APAF1	306	175	57	178	14	10	514	121
ANKS1B	51	145	2	191	22	8	48	185
FAM71C	0	0	0	0	0	0	0	0
UHRF1BP1L	314	387	31	352	31	10	677	287
ACTR6	710	265	202	215	23	12	1511	198
DEPDC4	53	47	7	21	2	2	105	25
SCYL2	320	245	100	209	26	19	600	167
SLC17A8	1	0	0	0	0	0	1	2
NR1H4	6	9	0	0	0	0	10	0
GAS2L3	137	92	23	60	8	3	155	40
ANO4	4	12	2	21	3	0	9	23
SLC5A8	0	0	0	1	0	0	0	0
UTP20	386	158	72	125	9	7	648	118
ARL1	1778	574	538	533	57	21	3556	401
SPIC	0	0	0	0	0	0	0	0
MYBPC1	0	7	0	0	0	0	0	0
CHPT1	503	207	155	250	28	7	1019	137
SYCP3	1	4	1	10	0	1	8	5
GNPTAB	332	172	116	136	18	3	515	111
DRAM1	54	36	64	15	2	6	57	28
WASHC3	570	157	186	129	16	9	887	115
NUP37	812	255	199	164	22	10	1655	189
PARPBP	408	233	46	144	11	17	688	142
PMCH	0	0	0	0	0	0	3	0
IGF1	105	44	10	54	5	3	522	47
PAH	104	62	1	51	4	1	134	46
ASCL1	9	5	0	1	1	1	6	1
C12orf42	1	6	2	8	1	0	5	2
STAB2	0	4	0	4	0	1	0	5
NT5DC3	128	86	26	65	4	5	204	91
HSP90B1	12109	3708	2076	2771	315	146	24291	2919
C12orf73	379	128	83	66	9	10	529	72
TDG	1050	371	276	280	41	22	1619	311
GLT8D2	5	3	13	3	0	0	15	2
HCFC2	42	17	12	27	4	1	69	19
NFYB	1121	271	201	194	26	14	2029	202
TXNRD1	970	804	289	788	88	34	1782	745
EID3	83	28	23	14	5	3	115	23
CHST11	138	199	43	179	11	15	165	225
SLC41A2	10	8	20	14	0	0	16	9
C12orf45	787	172	220	128	17	16	1463	148
ALDH1L2	9	6	7	8	0	2	13	7
WASHC4	376	177	149	171	17	8	749	140
APPL2	413	315	53	265	21	10	873	213
C12orf75	1967	822	1370	814	64	10	5209	423
NUAK1	346	122	62	80	14	8	291	164
CKAP4	1909	630	399	510	43	24	3207	404
TCP11L2	25	26	20	23	3	2	39	16
POLR3B	122	116	30	114	14	8	248	110
RFX4	21	43	2	36	0	2	27	23
RIC8B	128	138	38	95	13	9	239	121
TMEM263	502	420	147	463	51	15	1364	314
MTERF2	217	72	71	49	6	2	400	51
CRY1	231	223	57	216	8	12	424	155
BTBD11	7	19	4	29	3	4	9	34
PWP1	907	223	249	220	26	8	1615	186
PRDM4	150	78	59	67	10	2	265	55
ASCL4	6	0	5	0	0	0	37	0
WSCD2	6	0	1	2	2	0	6	1
CMKLR1	0	0	0	0	0	0	5	0
FICD	59	23	18	12	2	1	164	21
SART3	585	154	110	141	22	5	982	149
ISCU	1556	345	597	331	34	17	2707	291
TMEM119	0	0	0	0	0	0	6	0
SELPLG	0	0	0	0	0	0	0	3
CORO1C	635	295	236	345	27	11	1122	218
SSH1	182	128	56	109	18	5	379	102
DAO	3	0	1	1	0	0	2	0
SVOP	2	0	0	1	0	0	2	0
USP30	116	45	30	48	6	2	179	26
ALKBH2	282	87	79	47	11	4	526	47
UNG	832	177	165	107	17	6	1567	157
ACACB	29	59	14	53	7	1	84	45
FOXN4	4	1	0	0	0	0	0	0
MYO1H	2	2	0	2	0	1	0	6
KCTD10	178	66	78	53	3	5	321	63
UBE3B	217	82	67	49	7	1	338	69
MMAB	896	241	141	241	27	12	1535	157
MVK	292	60	51	72	9	3	604	45
FAM222A	134	29	13	44	4	0	148	59
TRPV4	55	52	8	39	3	4	68	33
GLTP	471	156	198	105	8	10	1057	86
TCHP	385	106	81	92	15	8	636	113
GIT2	194	88	41	80	14	7	299	83
ANKRD13A	211	81	82	79	4	3	331	74
C12orf76	387	139	108	85	17	10	909	91
IFT81	404	166	94	125	16	14	592	126
ATP2A2	914	426	238	439	56	16	1775	348
ANAPC7	623	227	130	174	25	7	952	151
ARPC3	7950	2072	3093	1873	199	100	13541	1712
GPN3	1054	260	245	191	43	10	1863	187
FAM216A	144	50	28	26	3	2	249	26
VPS29	2585	554	952	531	59	41	4385	422
RAD9B	4	1	1	0	0	0	5	2
PPTC7	139	70	40	64	7	6	310	82
TCTN1	262	82	93	22	12	2	417	57
HVCN1	167	57	11	69	3	3	303	41
PPP1CC	3079	832	669	684	63	36	5957	630
CCDC63	0	1	2	1	0	0	3	0
MYL2	0	0	0	0	0	0	0	0
CUX2	33	189	1	48	18	12	38	186
PHETA1	232	35	16	49	6	2	405	27
SH2B3	25	22	8	30	2	1	31	20
ATXN2	1186	874	299	791	94	34	2199	649
BRAP	224	156	74	106	9	4	393	104
ACAD10	157	123	34	96	12	5	238	96
ALDH2	1930	727	126	549	82	12	3150	640
MAPKAPK5	597	216	149	169	25	10	1069	173
TMEM116	167	68	38	40	8	3	317	50
ERP29	7309	1703	1726	1449	165	92	11704	1358
NAA25	397	282	101	205	33	19	757	183
TRAFD1	214	70	58	46	8	6	299	50
HECTD4	232	365	88	327	34	16	385	331
RPL6	43446	15415	9810	12956	1382	678	82374	11561
PTPN11	579	331	209	312	36	8	1085	253
RPH3A	0	2	0	1	0	0	0	1
OAS1	5	0	22	0	0	0	7	0
OAS3	4	5	24	1	0	0	11	0
OAS2	0	0	9	0	0	0	0	0
DTX1	2	6	3	2	1	0	13	0
RASAL1	1	1	0	2	0	0	1	2
CFAP73	0	1	1	1	0	0	0	1
DDX54	679	149	202	106	14	7	1215	100
RITA1	436	86	113	89	12	4	772	70
IQCD	41	23	17	7	3	1	63	18
TPCN1	139	99	30	112	10	7	215	71
SLC8B1	24	9	55	10	0	0	58	11
PLBD2	100	45	76	36	7	3	196	26
SDS	0	0	0	0	0	0	1	1
SDSL	126	50	82	7	7	1	209	34
LHX5	16	4	22	2	1	0	24	4
RBM19	220	110	66	83	9	3	430	98
TBX5	0	0	0	0	0	0	2	0
TBX3	1490	717	84	636	90	30	3263	512
MED13L	822	1932	189	1396	155	76	1651	1452
MAP1LC3B2	43	21	30	17	1	0	68	12
C12orf49	880	223	318	326	18	14	1897	209
RNFT2	99	84	36	53	1	2	176	70
HRK	10	3	46	3	2	0	12	6
FBXW8	204	266	48	186	23	13	308	172
TESC	434	55	13	103	9	2	381	95
FBXO21	788	271	198	167	36	20	1436	194
NOS1	0	3	1	1	0	0	9	1
KSR2	37	34	13	17	4	4	35	35
RFC5	486	94	122	67	10	6	774	73
WSB2	470	93	211	116	3	8	859	91
VSIG10	249	111	118	78	14	7	487	105
PEBP1	12227	3456	3336	2932	340	114	26987	2867
TAOK3	383	395	123	576	36	6	691	418
SUDS3	1017	334	369	252	20	16	2011	220
SRRM4	22	15	20	8	1	3	35	16
HSPB8	178	18	477	65	1	0	98	11
CCDC60	8	8	8	4	0	0	4	5
TMEM233	0	0	0	0	0	0	0	0
PRKAB1	186	52	62	34	4	0	308	33
CIT	241	207	37	113	14	8	379	150
BICDL1	53	60	26	44	2	2	68	28
RAB35	177	61	87	61	8	2	316	56
GCN1	416	186	78	163	16	5	679	158
RPLP0	32081	11933	8032	11262	1195	557	64125	9172
PXN	388	147	205	164	14	7	632	103
SIRT4	54	23	19	22	0	1	78	18
PLA2G1B	5	4	0	1	0	0	29	0
MSI1	421	126	87	90	13	6	682	107
COX6A1	4462	2004	1130	2278	254	93	7391	1729
TRIAP1	1312	285	448	248	26	16	2302	242
GATC	267	134	88	108	15	9	539	95
SRSF9	7557	1842	1979	1509	188	71	13064	1506
DYNLL1	17133	3593	4920	3177	432	172	26638	2912
COQ5	666	188	185	135	15	6	1258	132
RNF10	864	237	275	235	19	8	1470	212
POP5	1275	323	306	232	38	16	2409	198
CABP1	20	1	4	1	0	0	24	1
MLEC	3676	1569	792	1187	174	60	7960	960
UNC119B	179	59	67	42	8	2	328	38
ACADS	207	39	74	33	5	1	436	50
SPPL3	734	675	327	539	55	22	1247	491
HNF1A	79	26	1	32	2	2	124	28
C12orf43	459	97	132	82	10	8	898	82
OASL	0	0	1	0	0	0	0	0
P2RX7	0	2	2	0	0	0	4	2
P2RX4	276	114	114	77	3	3	364	54
CAMKK2	430	157	93	145	16	12	748	158
ANAPC5	1403	488	364	366	52	21	2305	271
RNF34	622	252	131	181	15	11	1031	185
KDM2B	247	219	79	158	15	17	474	255
ORAI1	638	193	199	233	19	9	1485	210
MORN3	44	4	41	8	2	1	74	7
TMEM120B	215	189	53	154	18	7	440	129
RHOF	311	100	67	82	11	3	574	76
SETD1B	165	49	41	34	3	3	244	46
HPD	109	33	6	46	2	1	285	35
PSMD9	408	383	166	402	42	24	687	303
WDR66	25	14	8	11	1	0	55	13
BCL7A	514	193	84	95	15	4	993	135
MLXIP	281	85	98	70	15	1	510	77
LRRC43	2	5	1	2	0	0	10	4
IL31	0	0	0	0	0	0	0	0
B3GNT4	14	4	4	1	0	0	59	4
AC048338.2	0	0	0	1	0	0	0	0
DIABLO	34	23	8	17	2	2	57	6
VPS33A	462	135	102	126	15	4	630	112
CLIP1	770	365	389	319	34	20	1308	294
ZCCHC8	309	125	86	108	6	6	549	113
RSRC2	2555	697	638	552	59	36	4432	546
KNTC1	204	137	34	67	6	4	302	77
HCAR2	7	0	38	0	0	0	3	0
HCAR3	14	1	7	2	0	0	49	1
HCAR1	1	1	1	1	0	0	3	0
DENR	1650	623	629	456	49	31	3417	436
CCDC62	4	8	3	5	0	2	10	20
HIP1R	41	42	25	17	3	2	77	26
VPS37B	116	111	86	80	8	7	267	69
ABCB9	24	11	10	4	0	1	41	13
OGFOD2	163	30	30	26	2	1	169	22
ARL6IP4	3960	883	1114	761	72	39	6474	676
PITPNM2	19	24	11	37	4	0	28	25
MPHOSPH9	384	249	22	139	19	18	626	165
C12orf65	595	194	96	141	17	4	1210	162
CDK2AP1	2433	501	717	452	59	24	3990	362
SBNO1	1281	481	222	448	45	23	2562	396
KMT5A	408	150	109	144	12	9	685	123
RILPL2	421	158	34	125	12	4	955	112
SNRNP35	654	182	171	131	10	6	1087	139
RILPL1	368	185	66	161	20	10	667	149
TMED2	2032	457	566	565	49	25	4133	502
DDX55	312	111	98	95	6	5	613	96
EIF2B1	721	134	194	104	13	5	1234	111
GTF2H3	557	204	102	138	16	8	999	141
TCTN2	91	18	17	11	2	7	153	15
ATP6V0A2	312	158	74	123	14	10	518	143
DNAH10	11	11	0	6	2	1	28	8
CCDC92	71	264	13	164	15	4	135	191
ZNF664	570	131	129	98	12	8	925	120
RFLNA	197	60	18	47	8	3	244	42
NCOR2	382	191	104	188	20	18	730	164
SCARB1	336	202	27	196	17	4	567	112
UBC	11409	2376	4304	2985	241	143	14530	2066
DHX37	131	31	35	31	1	2	221	33
BRI3BP	365	133	72	87	14	7	717	99
AACS	353	137	72	137	17	8	484	98
TMEM132B	50	31	24	45	4	1	65	69
TMEM132C	25	313	2	225	17	19	109	58
SLC15A4	325	152	76	133	17	11	504	122
GLT1D1	113	56	8	46	11	2	123	117
TMEM132D	17	52	2	63	10	5	4	156
FZD10	21	31	4	14	0	0	93	0
PIWIL1	0	0	0	0	0	0	2	0
RIMBP2	3	15	4	8	0	0	9	6
STX2	233	73	92	68	10	5	342	54
RAN	18998	4081	3971	3088	387	194	31778	3301
ADGRD1	62	128	4	108	5	2	209	88
SFSWAP	675	309	167	252	22	10	1364	279
MMP17	35	7	19	4	1	0	57	8
ULK1	268	83	81	87	13	7	422	72
PUS1	291	71	48	66	10	6	590	53
EP400	466	289	129	232	29	12	891	214
DDX51	320	61	72	33	3	2	411	37
NOC4L	421	70	130	55	8	2	683	61
GALNT9	0	0	0	0	0	0	2	0
FBRSL1	456	130	120	90	13	10	734	142
LRCOL1	0	2	0	1	0	0	1	0
P2RX2	2	0	6	0	1	0	6	0
POLE	237	102	46	68	7	9	354	119
PXMP2	913	163	181	146	24	10	1428	130
PGAM5	350	54	85	53	10	3	630	57
ANKLE2	733	215	232	176	25	14	1151	176
GOLGA3	427	184	110	187	23	3	825	145
CHFR	260	173	84	167	13	5	426	122
ZNF605	295	95	53	79	18	5	597	81
ZNF26	227	77	66	79	6	6	378	78
ZNF84	382	235	86	205	29	11	718	203
ZNF140	197	89	54	73	10	0	303	75
ZNF891	173	53	33	35	4	4	281	40
ZNF10	67	146	12	99	17	2	110	133
ZNF268	308	87	72	63	7	1	499	73
ANHX	0	0	0	0	0	0	0	0
TUBA3C	0	0	0	0	0	0	0	0
TPTE2	1	7	0	3	0	0	0	2
MPHOSPH8	1016	270	505	323	39	18	1843	191
PSPC1	612	566	152	537	48	32	922	564
ZMYM5	311	171	94	114	19	5	412	145
ZMYM2	1507	1290	222	925	106	66	2588	963
GJA3	0	0	2	0	0	0	1	0
GJB2	25	6	19	2	0	0	44	1
GJB6	1	0	26	0	0	0	16	1
CRYL1	159	84	70	37	7	1	284	22
IFT88	240	227	49	156	26	12	384	154
IL17D	45	15	6	9	2	2	101	8
EEF1AKMT1	380	119	74	94	14	7	757	135
XPO4	220	354	40	288	31	16	360	323
LATS2	191	218	66	238	20	8	353	199
SAP18	6129	1244	2118	1288	146	59	10968	1202
SKA3	281	93	74	36	10	6	428	48
MRPL57	2888	691	843	698	86	41	5689	553
ZDHHC20	401	628	125	506	63	28	712	476
MICU2	936	576	225	476	68	22	1841	446
FGF9	58	61	9	42	2	6	240	8
SGCG	29	109	30	77	7	13	160	12
SACS	260	124	49	88	11	8	441	81
TNFRSF19	386	565	52	326	53	22	883	296
MIPEP	149	115	60	91	13	4	276	98
C1QTNF9B	0	0	4	0	0	0	2	1
SPATA13	64	111	8	138	14	6	100	66
C1QTNF9	0	0	0	0	0	0	0	5
PARP4	247	260	56	234	29	10	448	157
ATP12A	19	3	0	0	0	2	88	4
RNF17	0	1	0	0	0	0	0	2
CENPJ	330	147	71	108	11	7	556	91
PABPC3	6	1	1	0	0	0	17	2
AMER2	69	4	32	1	0	0	207	1
MTMR6	147	73	51	56	3	1	266	36
NUP58	550	274	128	214	24	8	1028	203
ATP8A2	14	15	11	3	3	0	28	25
SHISA2	217	34	126	13	0	5	145	74
RNF6	214	57	111	51	2	4	417	44
CDK8	320	453	88	332	32	23	575	402
WASF3	359	584	43	406	59	33	912	349
GPR12	4	7	0	1	0	0	31	2
USP12	233	202	88	194	17	17	459	160
RPL21	27952	12131	6172	10042	1201	596	59312	9618
RASL11A	27	11	3	17	3	2	107	5
GTF3A	2398	550	695	493	64	32	4800	441
MTIF3	1289	333	358	395	23	19	1906	187
LNX2	164	194	39	167	14	6	337	121
POLR1D	3663	790	967	746	103	36	6816	614
GSX1	10	4	0	0	0	0	0	0
PDX1	70	5	0	0	0	0	24	3
CDX2	842	332	0	237	24	27	2313	95
URAD	338	275	0	157	15	13	934	23
FLT3	0	3	0	2	0	1	1	2
PAN3	431	1125	92	957	95	50	645	997
FLT1	42	5	11	21	0	7	45	14
POMP	8326	1583	2321	1789	175	66	13729	1390
SLC46A3	19	5	5	11	0	0	24	6
MTUS2	99	59	146	26	4	6	157	46
SLC7A1	96	80	88	84	10	8	170	63
UBL3	471	243	313	224	22	7	846	205
KATNAL1	123	133	36	95	10	2	241	76
UBE2L5	4	0	4	0	0	0	9	0
HMGB1	14017	5746	2761	3318	519	288	23501	4433
USPL1	158	148	24	137	23	10	238	100
ALOX5AP	14	2	2	6	0	0	73	1
MEDAG	3	1	4	0	0	0	11	0
TEX26	1	2	0	4	0	0	2	0
HSPH1	1750	378	494	358	37	16	2668	329
B3GLCT	158	112	9	113	7	5	176	100
RXFP2	0	0	0	1	0	0	0	0
FRY	212	241	21	110	20	17	246	305
ZAR1L	0	0	0	1	1	0	1	1
BRCA2	498	208	80	117	19	7	834	176
N4BP2L1	62	27	13	29	6	0	143	14
N4BP2L2	1878	810	516	587	80	38	3692	641
PDS5B	650	407	90	346	38	30	992	323
KL	0	0	1	1	0	0	1	0
STARD13	19	52	11	45	6	1	40	40
RFC3	366	340	86	194	18	16	639	278
NBEA	167	491	48	437	67	55	306	451
MAB21L1	3	3	5	2	0	0	1	1
DCLK1	36	23	23	33	6	4	72	27
SOHLH2	52	25	3	16	1	0	45	27
CCDC169	124	87	55	78	13	5	167	61
SPART	1811	344	345	524	75	22	2806	330
CCNA1	3	0	2	1	0	1	8	3
SERTM1	5	0	0	0	0	0	4	0
RFXAP	159	43	55	25	6	2	358	25
SMAD9	327	304	12	194	29	11	829	153
ALG5	856	308	211	232	29	15	1617	217
EXOSC8	1618	410	349	279	36	26	2774	329
SUPT20H	750	278	206	214	26	12	1190	167
CSNK1A1L	1	0	0	0	0	0	1	0
POSTN	28	11	12	12	0	0	46	15
TRPC4	68	215	1	78	9	4	87	236
UFM1	1363	457	479	478	55	27	2636	392
FREM2	828	1083	102	589	126	40	1365	779
STOML3	0	0	2	1	0	0	4	0
PROSER1	330	124	104	61	11	10	498	76
NHLRC3	449	167	157	83	10	8	736	92
LHFPL6	144	82	84	80	2	10	313	44
COG6	252	315	94	307	38	15	502	261
FOXO1	195	380	37	389	38	16	302	356
MRPS31	975	264	220	224	28	16	1826	206
SLC25A15	216	71	25	48	6	5	412	42
ELF1	662	565	313	572	61	31	981	536
WBP4	897	293	254	215	35	21	1485	229
KBTBD6	105	16	29	15	0	1	178	19
KBTBD7	290	54	65	44	10	0	484	50
MTRF1	117	78	40	45	7	1	214	46
NAA16	243	175	62	95	12	11	391	117
RGCC	111	12	35	13	0	0	49	13
VWA8	132	676	24	544	55	29	265	599
DGKH	165	232	34	172	25	21	213	149
AKAP11	249	122	44	136	7	5	413	74
TNFSF11	2	0	1	0	0	0	7	1
FAM216B	0	0	0	0	0	0	0	0
EPSTI1	1451	587	425	548	94	29	2637	499
DNAJC15	5129	2326	1380	2733	267	99	9240	2166
ENOX1	11	36	4	33	1	0	19	44
CCDC122	145	69	58	31	8	3	285	66
LACC1	25	1	32	4	0	0	43	10
SMIM2	0	0	0	0	0	0	0	0
SERP2	88	28	20	25	4	2	173	17
TSC22D1	2301	1153	830	903	88	64	4149	784
NUFIP1	453	194	80	164	22	12	894	145
GPALPP1	491	226	110	149	16	10	911	186
GTF2F2	1333	522	292	426	49	21	2203	475
KCTD4	0	0	0	0	0	0	0	0
TPT1	73529	18024	27140	17549	1652	884	146542	12913
SLC25A30	28	26	7	12	2	0	68	16
COG3	148	142	40	122	9	3	207	106
ERICH6B	0	0	0	0	0	1	2	3
SPERT	1	0	1	0	0	0	2	1
SIAH3	0	3	0	0	0	0	0	0
ZC3H13	2150	636	511	460	59	37	3480	536
CPB2	6	2	0	2	1	0	6	0
LCP1	429	155	463	407	9	8	594	149
LRRC63	3	12	4	24	1	0	6	7
RUBCNL	60	17	3	22	2	1	100	21
LRCH1	143	212	40	171	27	6	214	242
ESD	2355	629	713	497	61	23	4650	461
HTR2A	0	0	0	0	0	0	2	0
SUCLA2	1129	456	291	343	25	18	1628	325
NUDT15	831	191	268	135	7	13	1316	139
MED4	1305	392	316	343	34	8	2312	347
ITM2B	6022	1576	2200	1857	183	62	10715	1289
RB1	250	190	85	186	25	10	386	161
LPAR6	89	40	24	27	0	0	127	20
RCBTB2	127	73	19	30	8	3	166	39
CYSLTR2	3	0	7	1	0	0	0	0
FNDC3A	546	758	205	534	51	27	972	530
MLNR	0	0	0	0	0	0	0	0
CDADC1	138	68	35	44	4	5	285	44
CAB39L	104	97	150	58	8	4	176	61
SETDB2	65	55	28	41	4	7	139	26
PHF11	204	52	87	55	7	1	424	44
RCBTB1	187	85	58	95	11	8	303	76
ARL11	12	1	13	1	0	0	24	1
EBPL	2665	895	281	695	80	31	5632	574
KPNA3	1311	739	242	599	79	28	2548	530
SPRYD7	271	59	129	74	3	5	597	52
TRIM13	594	145	109	114	10	6	840	144
KCNRG	12	1	4	2	1	0	25	3
DLEU7	8	62	0	34	12	4	22	37
RNASEH2B	944	212	231	199	21	14	1510	174
C13orf42	11	9	3	23	2	0	13	42
FAM124A	147	31	16	33	5	0	172	64
SERPINE3	0	2	0	0	1	0	2	7
INTS6	663	343	124	379	36	13	1300	382
WDFY2	307	338	103	336	35	29	558	259
DHRS12	149	54	53	62	10	4	284	38
TMEM272	1	6	0	4	1	0	1	1
CCDC70	0	0	0	0	0	0	0	0
ATP7B	97	180	5	94	11	5	202	110
ALG11	129	141	13	108	25	8	227	79
UTP14C	0	0	0	0	0	0	0	0
NEK5	48	22	10	20	4	2	105	28
NEK3	624	310	77	275	32	11	1327	248
THSD1	9	12	3	13	1	0	14	27
VPS36	946	324	206	222	28	17	1711	227
CKAP2	1169	386	155	300	33	28	1844	233
HNRNPA1L2	19	7	6	6	1	2	44	4
SUGT1	2130	563	565	514	62	31	3678	441
CNMD	95	31	84	10	0	1	212	9
PCDH8	81	5	3	4	1	0	87	11
OLFM4	2	0	1	3	0	0	1	0
PRR20A	0	0	0	0	0	0	0	0
PRR20C	0	0	0	0	0	0	0	0
PRR20B	0	0	0	0	0	0	0	0
PRR20D	0	0	0	0	0	0	0	0
PRR20E	0	0	0	0	0	0	0	0
PCDH17	440	161	9	119	9	13	825	104
DIAPH3	610	544	205	468	52	26	699	522
TDRD3	387	353	65	237	31	13	586	222
PCDH20	5	58	0	47	17	5	17	43
AL445989.1	4	0	1	0	0	0	5	0
AL445238.1	0	0	0	0	0	0	0	1
PCDH9	104	121	58	59	3	1	113	64
KLHL1	1	2	0	3	0	0	1	2
DACH1	171	1436	23	628	54	89	403	417
MZT1	1200	293	268	210	20	8	2266	211
BORA	193	112	39	52	8	2	334	59
DIS3	604	204	129	215	16	11	1053	171
PIBF1	320	564	87	409	56	33	558	427
KLF5	497	153	310	101	14	17	658	153
KLF12	198	504	58	351	58	26	255	510
TBC1D4	49	94	39	54	6	4	103	53
COMMD6	5870	1250	1778	1297	153	60	11448	1007
UCHL3	1530	363	459	335	36	13	2219	320
LMO7	146	132	142	68	8	17	654	105
KCTD12	122	25	45	23	5	1	266	30
ACOD1	0	0	0	1	0	0	0	0
CLN5	285	86	122	68	8	6	460	68
FBXL3	141	75	82	55	4	5	316	48
MYCBP2	645	322	254	340	36	22	1277	253
SCEL	18	0	40	0	0	0	9	0
SLAIN1	125	90	36	59	8	7	222	76
EDNRB	281	69	152	41	3	3	168	57
POU4F1	18	3	1	1	0	0	21	4
OBI1	582	251	96	218	22	13	1134	168
RBM26	1092	688	227	474	46	37	1901	463
NDFIP2	639	284	266	274	27	12	1110	187
SPRY2	1151	378	108	287	33	19	2063	303
SLITRK1	1	0	0	0	0	1	1	0
SLITRK6	22	1	41	2	0	0	47	0
SLITRK5	59	20	5	11	4	1	97	9
GPC5	18	85	2	87	4	15	19	17
GPC6	404	1906	65	972	183	90	541	2530
DCT	5	5	1	3	0	0	6	7
TGDS	241	81	57	72	10	7	524	64
GPR180	187	114	66	102	11	5	314	80
SOX21	432	32	33	21	3	4	245	45
ABCC4	183	275	13	225	21	12	238	405
CLDN10	486	6	85	5	1	0	3366	10
DZIP1	257	156	31	86	12	5	437	105
DNAJC3	969	368	298	385	28	18	1892	294
UGGT2	304	662	95	587	62	35	610	633
HS6ST3	53	478	1	1042	264	35	58	479
OXGR1	23	2	7	0	0	0	15	1
MBNL2	61	133	78	73	9	13	125	55
RAP2A	376	167	62	173	16	8	511	150
IPO5	1455	449	258	287	41	20	2738	282
FARP1	2062	1391	281	1027	126	76	2763	1703
RNF113B	0	0	1	3	0	1	1	0
STK24	1040	588	313	499	56	31	1753	490
SLC15A1	48	25	15	24	0	1	65	5
DOCK9	115	120	73	71	4	6	145	91
UBAC2	911	594	279	470	55	35	1571	520
GPR18	1	6	0	2	0	0	1	4
GPR183	2	4	0	4	0	0	4	1
TM9SF2	1283	467	368	508	45	25	2448	398
CLYBL	101	167	19	98	17	14	143	119
ZIC5	130	45	13	11	5	1	238	44
ZIC2	1528	296	112	119	30	8	2265	402
PCCA	446	1393	81	1037	101	57	727	1317
GGACT	51	12	22	18	0	2	112	10
TMTC4	472	239	74	150	22	22	914	167
NALCN	1	0	4	1	0	0	5	2
ITGBL1	4	0	4	1	0	0	5	5
FGF14	1	19	1	7	0	1	3	13
TPP2	566	223	101	194	18	10	894	203
METTL21C	0	0	4	0	0	0	0	0
CCDC168	5	1	2	8	0	0	19	1
TEX30	212	101	109	103	7	3	642	56
POGLUT2	154	30	36	40	3	0	314	31
BIVM	113	29	44	19	1	0	225	26
ERCC5	12	59	9	61	8	6	42	54
SLC10A2	0	0	0	0	0	0	0	0
DAOA	0	0	0	0	0	0	0	0
EFNB2	1258	310	435	198	49	17	2170	312
ARGLU1	3228	909	775	667	100	44	6257	549
FAM155A	57	846	3	1016	108	19	118	775
LIG4	68	28	30	23	1	0	163	18
ABHD13	285	81	74	98	5	1	523	61
TNFSF13B	20	34	5	23	2	1	47	24
MYO16	9	33	10	23	7	1	8	11
IRS2	160	47	146	69	10	5	221	53
COL4A1	3520	1427	148	1437	160	37	6331	1414
COL4A2	3019	1599	228	1396	223	68	5103	1482
RAB20	139	19	54	18	2	4	230	40
NAXD	223	59	64	59	4	1	368	56
CARS2	798	217	326	150	22	14	1247	150
ING1	438	87	78	62	15	2	795	92
ANKRD10	734	476	216	300	42	35	1370	345
ARHGEF7	245	257	84	219	24	19	435	180
TEX29	1	0	1	1	0	0	3	3
SOX1	17	3	4	3	0	0	21	4
SPACA7	0	0	0	0	0	0	0	0
TUBGCP3	103	194	18	164	21	13	147	175
ATP11A	568	885	131	656	97	46	1031	675
MCF2L	167	209	24	142	25	5	291	230
F7	203	79	1	46	8	1	229	72
F10	1732	598	2	530	68	13	3030	440
PROZ	14	5	0	10	1	1	44	9
PCID2	903	268	146	230	21	13	1737	209
CUL4A	589	379	150	344	43	18	987	332
LAMP1	2134	424	1407	521	43	22	3304	314
GRTP1	545	225	118	317	23	5	848	202
ADPRHL1	20	8	5	6	3	1	30	16
DCUN1D2	99	159	22	95	8	9	171	113
TMCO3	457	182	161	152	21	6	657	142
TFDP1	711	216	168	186	34	9	1272	197
ATP4B	0	0	0	0	0	0	0	0
GRK1	1	0	0	1	0	0	0	0
TMEM255B	11	10	13	8	0	0	44	6
GAS6	968	254	194	210	38	6	1711	178
C13orf46	0	0	0	0	0	0	0	0
RASA3	21	29	10	24	1	0	45	26
CFAP97D2	1	0	0	1	0	0	0	1
CDC16	604	213	150	206	14	13	828	156
UPF3A	1356	583	243	430	61	33	2461	382
CHAMP1	401	154	59	103	12	6	663	81
OR11H12	0	0	0	0	0	0	0	0
POTEM	0	0	0	0	0	0	0	0
POTEG	0	1	0	0	0	0	0	1
OR11H2	0	0	0	0	0	0	0	0
OR4N2	0	0	0	0	0	0	0	0
OR4Q3	0	0	0	0	0	0	0	0
OR4M1	0	0	0	0	0	0	0	0
OR4K2	0	0	0	0	0	0	0	0
OR4K5	0	0	0	0	0	0	0	0
OR4K1	0	0	0	0	0	0	0	0
OR4K15	0	0	0	0	0	0	0	0
OR4K14	0	0	0	0	0	0	0	0
OR4K13	0	0	0	0	0	0	0	0
OR4L1	0	0	0	0	0	0	0	0
OR4K17	0	0	0	0	0	0	0	0
OR4N5	0	0	0	0	0	0	0	0
OR11G2	0	0	0	0	0	0	0	1
OR11H6	0	0	0	0	0	0	0	0
OR11H4	0	0	0	0	0	0	0	0
TTC5	267	79	77	52	7	2	495	90
CCNB1IP1	2445	983	489	839	87	36	6178	667
PARP2	336	87	86	68	6	2	645	80
TEP1	46	56	23	41	2	0	86	39
KLHL33	0	0	0	3	0	0	0	1
OSGEP	716	219	145	205	29	8	1168	193
APEX1	4524	939	1018	814	103	40	8262	751
PIP4P1	472	83	139	66	10	7	695	67
PNP	654	261	340	265	23	6	1484	188
RNASE10	0	0	0	0	0	0	0	0
RNASE9	1	0	0	0	0	0	2	0
RNASE11	0	0	0	0	0	0	1	0
RNASE12	0	0	0	0	0	0	0	0
OR6S1	0	0	0	0	0	0	0	0
ANG	555	76	16	152	7	2	1617	52
RNASE4	12	102	1	155	10	7	43	29
EDDM3A	0	0	1	1	0	0	0	0
EDDM3B	0	0	0	1	0	0	1	0
RNASE6	10	6	5	2	0	0	16	0
RNASE1	633	110	21	161	14	7	1065	96
RNASE3	0	0	0	0	0	0	0	0
RNASE2	0	0	0	1	0	0	1	0
METTL17	358	92	122	72	7	3	608	81
SLC39A2	75	28	4	73	1	3	102	4
NDRG2	565	167	193	144	14	7	1042	92
TPPP2	2	28	0	16	2	0	13	20
RNASE13	0	0	0	0	0	0	0	0
RNASE7	1	0	2	0	0	0	1	0
RNASE8	0	0	0	0	0	0	0	0
ARHGEF40	307	96	58	80	9	5	429	69
ZNF219	692	123	139	86	6	6	1104	93
TMEM253	15	1	16	2	0	0	12	1
OR5AU1	0	0	0	0	0	0	0	0
HNRNPC	6526	3072	1264	2635	322	145	11711	2758
RPGRIP1	1	3	0	3	0	0	2	2
SUPT16H	3024	859	513	641	77	46	5230	602
CHD8	994	349	210	248	31	7	1591	275
RAB2B	225	143	53	93	16	5	338	104
TOX4	893	235	287	259	24	11	1601	200
METTL3	315	98	104	79	5	9	517	71
SALL2	410	78	80	51	4	6	530	65
OR10G3	0	0	0	1	0	0	0	1
TRAV1-1	0	0	0	0	0	0	0	0
OR10G2	0	0	0	0	0	0	0	1
TRAV1-2	1	0	0	0	0	0	1	1
OR4E2	1	1	0	1	0	0	2	1
OR4E1	15	6	0	3	0	0	36	3
TRAV2	0	0	0	0	0	0	0	0
TRAV3	1	1	0	1	0	0	3	1
TRAV4	0	1	0	0	0	0	1	0
TRAV5	0	1	0	0	0	0	1	0
TRAV6	0	0	0	0	0	0	0	0
TRAV7	0	0	0	0	0	0	0	0
TRAV8-1	0	0	0	0	0	0	0	0
TRAV9-1	0	0	0	0	0	0	0	0
TRAV10	0	0	0	0	0	0	0	0
TRAV11	0	0	0	0	0	0	0	0
TRAV12-1	0	0	0	0	0	0	0	0
TRAV8-2	0	0	0	0	0	0	0	0
TRAV8-3	0	0	0	0	0	0	0	0
TRAV13-1	0	0	0	0	0	0	0	0
TRAV12-2	0	0	0	0	0	0	0	0
TRAV8-4	0	0	0	0	0	0	0	0
TRAV8-5	0	0	0	0	0	0	0	0
TRAV13-2	0	0	0	0	0	0	0	0
TRAV14DV4	0	0	0	0	0	0	0	0
TRAV9-2	0	0	0	0	0	0	0	0
TRAV15	0	0	0	0	0	0	0	0
TRAV12-3	0	0	0	0	0	0	0	0
TRAV8-6	0	0	0	0	0	0	0	0
TRAV16	0	0	0	0	0	0	0	0
TRAV17	0	0	0	0	0	0	0	0
TRAV18	0	0	0	0	0	0	0	0
TRAV19	0	0	0	1	0	0	0	0
TRAV20	0	0	0	0	0	0	0	0
TRAV21	0	0	0	0	0	0	0	0
TRAV22	0	0	0	0	0	0	0	0
TRAV23DV6	0	0	0	0	0	0	0	0
TRDV1	0	0	0	0	0	0	0	0
TRAV24	0	0	0	0	0	0	0	0
TRAV25	0	0	0	0	0	0	0	0
TRAV26-1	0	0	0	0	0	0	0	0
TRAV8-7	0	0	0	0	0	0	0	0
TRAV27	0	0	0	0	0	0	0	0
TRAV28	0	0	0	0	0	0	0	0
TRAV29DV5	0	0	0	0	0	0	0	0
TRAV30	0	0	0	0	0	0	0	0
TRAV31	0	0	0	0	0	0	0	0
TRAV32	0	0	0	0	0	0	0	0
TRAV33	0	1	0	0	0	0	0	0
TRAV26-2	0	0	0	0	0	0	0	0
TRAV34	0	0	0	0	0	0	0	0
TRAV35	0	0	0	0	0	0	0	0
TRAV36DV7	0	0	0	0	0	0	0	1
TRAV37	0	0	0	0	0	0	0	0
TRAV38-1	0	0	0	0	0	0	0	0
TRAV38-2DV8	0	0	0	0	0	0	0	0
TRAV39	0	0	0	0	0	0	0	0
TRAV40	0	0	0	0	0	0	0	0
TRAV41	0	1	0	0	0	0	5	0
TRDV2	0	0	0	0	0	0	0	0
TRDD1	0	0	0	0	0	0	0	0
TRDD2	0	0	0	0	0	0	0	0
TRDD3	0	0	0	0	0	0	0	0
TRDJ1	0	0	0	0	0	0	0	0
TRDJ4	0	0	0	0	0	0	0	0
TRDJ2	0	0	0	0	0	0	0	0
TRDJ3	0	0	0	0	0	0	0	0
TRDC	1	0	0	5	0	0	5	0
TRDV3	0	0	0	0	0	0	0	0
TRAJ61	0	0	0	0	0	0	0	0
TRAJ60	0	0	0	0	0	0	0	0
TRAJ59	0	0	0	0	0	0	0	0
TRAJ58	0	0	0	0	0	0	0	0
TRAJ57	0	0	0	0	0	0	0	0
TRAJ56	0	0	0	0	0	0	0	0
TRAJ55	0	0	0	0	0	0	0	0
TRAJ54	0	0	0	0	0	0	0	0
TRAJ53	0	0	0	0	0	0	0	0
TRAJ52	0	0	0	0	0	0	0	0
TRAJ51	0	0	0	0	0	0	0	0
TRAJ50	0	0	0	0	0	0	0	0
TRAJ49	0	0	0	0	0	0	0	0
TRAJ48	0	0	0	0	0	0	0	0
TRAJ47	0	0	0	0	0	0	0	0
TRAJ46	0	0	0	0	0	0	0	0
TRAJ45	0	0	0	0	0	0	0	0
TRAJ44	0	0	0	0	0	0	0	0
TRAJ43	0	0	0	0	0	0	0	0
TRAJ42	0	0	0	0	0	0	0	0
TRAJ41	0	0	0	0	0	0	0	0
TRAJ40	0	0	0	0	0	0	0	0
TRAJ39	0	0	0	0	0	0	0	0
TRAJ38	0	0	0	0	0	0	0	0
TRAJ37	0	0	0	0	0	0	0	0
TRAJ36	0	0	0	0	0	0	0	0
TRAJ35	0	0	0	0	0	0	0	0
TRAJ34	0	0	0	0	0	0	0	0
TRAJ33	0	0	0	0	0	0	0	0
TRAJ32	0	0	0	0	0	0	0	0
TRAJ31	0	0	0	0	0	0	0	0
TRAJ30	0	0	0	0	0	0	0	0
TRAJ29	0	0	0	0	0	0	0	0
TRAJ28	0	0	0	0	0	0	0	0
TRAJ27	0	0	0	0	0	0	0	0
TRAJ26	0	0	0	0	0	0	0	0
TRAJ25	0	0	0	0	0	0	0	0
TRAJ24	0	0	0	0	0	0	0	0
TRAJ23	0	0	0	0	0	0	0	0
TRAJ22	0	0	0	0	0	0	0	0
TRAJ21	0	0	0	0	0	0	0	0
TRAJ20	0	0	0	0	0	0	0	0
TRAJ19	0	0	0	0	0	0	0	0
TRAJ18	0	0	0	0	0	0	0	0
TRAJ17	0	0	0	0	0	0	0	0
TRAJ16	0	0	0	0	0	0	0	0
TRAJ14	0	0	0	0	0	0	0	0
TRAJ13	0	0	0	0	0	0	0	0
TRAJ12	0	0	0	0	0	0	0	0
TRAJ11	0	0	0	0	0	0	0	0
TRAJ10	0	0	0	0	0	0	0	0
TRAJ9	0	0	0	0	0	0	0	0
TRAJ8	0	0	0	0	0	0	0	0
TRAJ7	0	0	0	0	0	0	0	0
TRAJ6	0	0	0	0	0	0	0	0
TRAJ5	0	0	0	0	0	0	0	0
TRAJ4	0	0	0	0	0	0	0	0
TRAJ3	0	0	0	0	0	0	0	0
TRAJ2	0	0	0	0	0	0	0	0
TRAJ1	0	0	0	0	0	0	0	0
TRAC	6	3	3	1	1	0	11	3
DAD1	6590	1753	1966	1812	183	63	12023	1333
ABHD4	313	75	67	50	7	4	333	66
OR6J1	0	2	0	3	0	0	0	1
OXA1L	923	232	342	178	22	9	1659	155
SLC7A7	589	261	61	584	25	9	1308	181
MRPL52	3326	672	835	601	72	41	5760	644
MMP14	308	58	141	78	9	1	455	63
LRP10	558	116	340	127	8	11	864	85
REM2	16	6	18	3	2	2	27	4
RBM23	453	180	181	178	22	6	856	164
PRMT5	672	124	154	102	8	7	1099	114
HAUS4	68	121	24	78	10	10	152	103
AJUBA	228	76	72	55	5	3	549	33
C14orf93	73	24	23	15	1	1	97	15
PSMB5	7509	1610	2113	1480	156	80	12425	1308
PSMB11	0	0	0	0	0	0	0	0
CDH24	129	25	48	12	3	3	202	23
ACIN1	1235	518	375	422	52	25	2121	390
C14orf119	1598	357	557	403	35	24	2649	319
LMLN2	1	0	0	3	0	1	5	1
CEBPE	1	0	0	0	0	0	0	2
SLC7A8	396	296	78	386	34	14	1239	138
RNF212B	1	7	2	7	3	0	12	3
HOMEZ	233	67	48	75	11	4	368	49
PPP1R3E	68	16	16	11	1	0	84	9
BCL2L2	148	42	50	34	5	2	230	22
BCL2L2-PABPN1	2	26	0	32	1	0	1	26
PABPN1	2525	672	490	498	50	35	4548	444
SLC22A17	307	70	74	61	13	2	601	48
EFS	341	88	142	45	6	1	610	54
IL25	0	0	0	0	0	0	1	0
CMTM5	4	1	3	0	0	0	18	0
MYH6	2	0	0	1	1	1	10	1
MYH7	5	5	1	1	3	0	30	3
NGDN	640	167	161	145	20	9	988	148
ZFHX2	117	46	25	27	3	3	199	24
THTPA	169	1	59	1	0	0	276	0
AP1G2	262	34	109	37	9	3	432	55
JPH4	8	5	5	1	0	0	9	2
DHRS2	5	4	18	3	0	0	43	1
DHRS4	37	34	15	39	2	2	94	43
DHRS4L2	271	44	43	107	5	2	360	86
CARMIL3	2	1	1	4	0	0	12	1
CPNE6	1	2	0	1	0	0	3	0
NRL	32	28	5	24	3	0	70	23
PCK2	262	131	79	91	6	3	676	106
DCAF11	495	102	151	74	13	4	815	96
FITM1	1	0	0	1	0	0	5	0
PSME1	1164	316	461	268	47	15	2012	240
EMC9	557	146	119	102	14	4	1031	119
PSME2	1996	456	487	378	47	9	3384	268
RNF31	5	50	2	40	5	2	7	45
IRF9	56	24	24	14	1	2	64	16
REC8	292	59	63	39	3	8	620	46
IPO4	155	40	34	34	3	4	228	39
TM9SF1	120	152	34	138	21	9	178	116
TSSK4	0	0	0	0	0	0	2	0
CHMP4A	1221	340	250	234	26	17	1810	253
MDP1	110	153	29	88	7	7	176	93
NEDD8	6736	1647	1805	1421	193	58	10926	1262
GMPR2	710	174	257	122	13	9	1237	128
TINF2	346	64	123	57	4	1	565	45
TGM1	18	7	9	0	0	0	50	3
RABGGTA	211	30	81	41	2	0	301	36
DHRS1	264	116	133	70	13	7	496	61
NOP9	102	19	19	25	4	4	162	18
CIDEB	422	76	2	108	12	2	933	79
LTB4R2	2	0	2	0	0	0	6	0
LTB4R	26	3	8	2	0	0	29	6
ADCY4	0	1	4	1	0	0	2	1
RIPK3	2	0	15	0	0	0	0	0
NFATC4	86	29	57	9	3	0	192	25
NYNRIN	112	45	88	21	5	7	264	24
CBLN3	4	3	1	1	0	0	21	1
KHNYN	161	41	60	32	2	2	281	33
SDR39U1	309	74	119	61	4	6	667	49
CMA1	0	0	0	0	0	0	0	0
CTSG	0	0	0	0	0	0	0	0
GZMH	1	0	0	0	0	0	1	0
GZMB	0	0	0	0	0	0	0	0
STXBP6	511	457	252	736	51	13	1211	239
NOVA1	994	396	115	287	45	20	1362	323
FOXG1	57	8	25	4	0	0	20	12
PRKD1	74	351	12	187	29	10	134	231
G2E3	631	380	90	287	34	18	1003	332
SCFD1	1060	860	261	777	79	46	1984	677
COCH	685	73	18	95	8	3	631	125
STRN3	630	833	148	699	81	43	1071	643
AP4S1	122	76	43	57	4	2	219	64
HECTD1	1161	773	363	535	75	35	2314	468
HEATR5A	188	217	60	186	26	11	367	179
DTD2	85	63	23	42	5	5	150	33
GPR33	0	0	0	0	0	0	0	0
NUBPL	174	310	63	190	28	14	403	241
ARHGAP5	713	637	241	544	50	32	1424	489
AKAP6	14	37	9	35	4	3	14	60
NPAS3	17	158	2	80	14	7	12	124
EGLN3	237	75	51	93	7	8	242	117
SPTSSA	1802	559	774	490	60	23	3783	395
EAPP	1021	328	337	256	27	16	1759	234
SNX6	2241	805	624	733	103	40	4651	685
CFL2	432	137	174	108	14	4	809	70
BAZ1A	1154	394	348	236	58	14	1649	353
SRP54	1203	539	346	454	54	28	2250	430
FAM177A1	1605	449	417	807	46	30	2947	418
PPP2R3C	542	140	107	111	20	2	778	116
PRORP	31	300	10	179	31	12	35	223
PSMA6	217	1084	44	981	107	61	351	1060
NFKBIA	1531	188	463	201	21	12	1999	259
INSM2	2	1	0	0	0	0	0	0
RALGAPA1	165	388	58	296	39	20	288	268
BRMS1L	217	117	60	102	9	5	376	91
MBIP	808	205	199	189	22	17	1339	169
SFTA3	3	3	0	0	0	0	4	1
NKX2-1	5	9	0	0	1	0	11	4
NKX2-8	14	15	0	2	1	1	19	9
PAX9	8	15	1	1	0	1	1	2
SLC25A21	99	290	13	105	16	19	133	253
MIPOL1	281	408	50	308	53	26	494	341
FOXA1	704	118	4	106	18	18	698	79
TTC6	68	264	0	241	23	73	50	244
SSTR1	4	0	0	1	0	0	9	1
CLEC14A	1	0	0	0	0	0	5	0
SEC23A	657	547	126	666	61	21	1377	434
GEMIN2	560	131	111	88	8	3	1037	91
TRAPPC6B	278	90	90	73	6	0	417	56
PNN	5014	1153	1011	871	118	48	8397	752
MIA2	533	449	133	503	37	13	978	342
FBXO33	195	111	69	93	14	2	326	87
LRFN5	31	46	4	98	6	14	35	40
FSCB	0	1	0	0	0	0	0	0
C14orf28	70	29	26	20	2	0	105	12
KLHL28	165	112	47	86	18	5	322	93
TOGARAM1	177	207	66	170	23	17	306	176
PRPF39	228	211	62	129	16	8	426	103
FKBP3	4771	1045	890	856	108	45	7585	869
FANCM	158	103	31	56	14	3	208	84
MIS18BP1	1146	419	214	259	36	19	1944	275
RPL10L	5	0	0	0	0	0	5	0
MDGA2	22	98	1	70	15	2	21	114
RPS29	13676	4812	3247	4134	534	231	27714	3822
LRR1	426	89	83	93	6	6	741	80
RPL36AL	8268	1711	2297	1609	176	109	14998	1736
MGAT2	365	70	77	75	6	3	547	45
DNAAF2	760	255	137	189	21	16	1228	166
POLE2	189	134	25	75	14	5	295	83
KLHDC1	9	14	2	20	2	1	12	14
KLHDC2	1027	319	221	253	31	19	1938	235
NEMF	1264	563	372	439	66	26	2060	403
ARF6	1039	285	404	266	35	13	2039	175
VCPKMT	189	101	54	62	4	8	288	59
SOS2	226	256	89	276	30	15	416	248
L2HGDH	172	176	28	127	23	9	330	113
DMAC2L	289	120	111	80	7	3	632	79
CDKL1	8	41	1	32	3	1	21	48
MAP4K5	311	411	104	346	41	26	700	336
ATL1	35	19	49	23	3	1	54	17
SAV1	617	167	205	110	16	7	1070	125
NIN	82	82	101	47	5	5	152	29
PYGL	734	204	302	219	11	13	1654	138
ABHD12B	27	21	17	19	1	1	28	16
TRIM9	4	8	8	20	1	0	14	10
TMX1	595	190	192	164	11	14	1169	144
FRMD6	147	148	79	133	21	15	263	92
GNG2	417	198	18	234	44	6	583	202
RTRAF	6835	1530	1751	1367	172	80	11831	1255
NID2	92	24	39	105	18	1	96	18
PTGDR	3	7	0	13	0	0	12	4
PTGER2	4	0	0	0	0	0	6	0
TXNDC16	113	90	30	51	12	0	268	54
GPR137C	61	279	16	192	25	8	111	199
ERO1A	586	139	186	96	10	4	991	126
PSMC6	2073	540	559	423	57	28	3552	425
STYX	233	91	59	100	7	8	453	88
GNPNAT1	732	197	167	139	13	6	1327	177
FERMT2	1535	657	324	722	68	28	2164	751
DDHD1	467	200	81	219	18	10	633	201
BMP4	235	24	88	21	1	7	546	15
CDKN3	1082	332	159	181	20	15	1239	120
CNIH1	1146	339	357	330	43	20	2344	241
GMFB	800	200	215	177	15	6	1439	192
CGRRF1	354	94	78	93	11	6	530	84
SAMD4A	19	69	54	88	2	2	41	9
GCH1	186	112	43	86	7	7	361	68
WDHD1	462	231	72	189	22	10	857	231
SOCS4	319	153	87	105	7	6	536	117
MAPK1IP1L	1531	492	405	396	41	23	2582	381
LGALS3	8259	2103	2473	2364	68	65	21511	818
DLGAP5	1230	486	176	251	25	24	2069	291
FBXO34	332	290	71	268	29	15	507	337
ATG14	133	178	28	153	12	9	315	116
TBPL2	3	1	0	3	0	0	3	4
KTN1	4630	1628	909	1326	169	90	9530	1189
PELI2	56	213	8	107	24	9	102	146
TMEM260	310	157	67	144	12	13	445	157
OTX2	921	117	100	97	4	7	658	229
EXOC5	787	337	185	294	31	10	1327	259
AP5M1	402	147	95	120	8	11	646	132
NAA30	349	210	89	116	15	9	705	137
CCDC198	7	8	3	6	0	1	9	3
SLC35F4	5	33	0	21	5	1	15	34
ARMH4	224	117	48	125	23	6	375	112
ACTR10	1254	279	418	266	31	10	2232	252
PSMA3	5073	1147	1412	1147	122	54	8378	993
ARID4A	467	210	137	176	15	9	815	169
TOMM20L	2	6	0	3	1	0	4	1
TIMM9	1003	241	279	232	32	16	1945	145
KIAA0586	314	187	74	119	16	9	628	133
DACT1	113	22	50	26	4	1	284	7
DAAM1	1668	519	431	429	44	33	2347	482
GPR135	22	70	3	85	13	1	40	29
L3HYPDH	81	56	17	84	10	0	146	33
JKAMP	836	285	164	217	25	9	1515	176
CCDC175	9	43	0	21	1	2	18	25
RTN1	56	42	8	49	12	3	127	26
LRRC9	12	31	1	24	6	0	29	24
PCNX4	922	496	149	366	68	17	1470	400
DHRS7	1243	282	415	199	39	17	1742	299
PPM1A	376	187	129	152	13	10	650	143
C14orf39	42	15	3	30	3	0	85	10
SIX6	6	0	39	0	0	0	4	0
SIX1	38	18	61	14	1	1	47	23
SIX4	75	29	43	11	0	2	102	13
MNAT1	664	608	245	479	62	27	1252	466
TRMT5	273	74	60	45	4	2	440	51
SLC38A6	124	102	45	114	9	2	234	78
PRKCH	62	52	123	20	2	3	124	37
TMEM30B	174	30	87	19	6	1	193	21
HIF1A	1683	857	467	625	71	38	2764	547
SNAPC1	517	174	128	120	11	9	738	150
SYT16	10	15	11	16	0	4	11	11
KCNH5	45	43	3	23	9	8	36	25
RHOJ	2	2	0	6	0	1	1	4
GPHB5	0	0	0	0	0	0	0	0
PPP2R5E	1046	854	236	615	62	39	2012	656
WDR89	200	96	46	85	12	5	357	86
SGPP1	144	137	70	121	5	7	276	85
SYNE2	1436	851	630	384	71	41	2421	594
ESR2	9	30	13	29	4	0	68	37
MTHFD1	469	102	137	77	7	4	774	79
ZBTB25	129	57	25	42	5	1	237	46
AKAP5	56	21	11	24	2	0	146	7
ZBTB1	336	199	123	145	19	16	541	156
HSPA2	113	17	58	14	1	0	159	20
PPP1R36	2	1	1	1	1	0	9	2
PLEKHG3	212	94	49	79	10	5	407	70
SPTB	9	2	4	3	1	0	14	8
CHURC1	1065	627	355	358	83	16	1875	397
GPX2	257	80	9	87	6	10	340	93
RAB15	193	40	137	60	9	3	275	49
FNTB	128	106	62	81	8	7	227	99
MAX	394	186	229	151	17	4	693	149
FUT8	884	968	189	847	115	48	1525	938
CCDC196	0	1	0	4	0	0	0	1
GPHN	126	700	21	578	85	20	201	564
FAM71D	11	0	4	0	0	0	19	1
MPP5	302	318	113	275	27	11	580	250
ATP6V1D	1850	361	787	375	47	10	2326	386
EIF2S1	1513	396	409	330	38	14	2695	302
PLEK2	29	4	32	19	0	0	24	3
TMEM229B	1	3	1	9	0	0	3	1
PLEKHH1	198	122	33	71	11	3	315	65
PIGH	213	83	84	66	7	1	374	58
ARG2	455	130	126	82	6	5	741	91
VTI1B	1704	459	458	405	53	19	2629	370
RDH11	1571	497	383	324	36	15	2648	334
RDH12	15	5	3	5	0	0	21	2
ZFYVE26	74	85	33	78	9	2	105	71
RAD51B	64	872	17	546	57	35	118	651
ZFP36L1	1964	519	930	418	32	29	3336	343
ACTN1	1637	488	826	465	31	14	2397	376
DCAF5	696	326	152	338	27	20	961	367
EXD2	183	91	61	50	5	5	334	53
GALNT16	51	30	4	24	4	0	56	22
ERH	8228	1867	2017	1508	184	76	14591	1354
SLC39A9	214	151	79	154	18	9	429	124
PLEKHD1	3	1	0	1	0	0	4	2
CCDC177	11	1	1	0	1	0	4	0
SUSD6	79	88	42	78	4	5	155	65
SRSF5	4086	1305	1018	983	115	49	8011	987
SLC10A1	14	15	1	13	1	0	27	32
SMOC1	23	19	7	40	2	1	35	9
SLC8A3	0	0	0	4	0	0	3	1
COX16	328	624	97	652	88	25	598	518
SYNJ2BP	825	257	233	183	23	6	1264	190
ADAM21	0	0	0	0	0	0	1	1
ADAM20	3	2	0	0	0	0	5	2
MED6	794	265	196	225	29	24	1463	179
TTC9	172	39	111	36	2	2	170	64
MAP3K9	167	124	43	95	12	6	306	106
PCNX1	361	595	50	536	59	28	546	502
SIPA1L1	488	1206	139	1034	95	58	883	907
RGS6	45	89	4	173	17	17	42	253
DPF3	31	44	2	52	0	0	34	23
DCAF4	133	43	38	46	6	2	225	22
ZFYVE1	95	48	42	38	4	5	135	34
RBM25	4246	1022	937	750	105	50	7015	859
PSEN1	383	341	122	283	38	14	756	302
PAPLN	70	54	6	47	5	0	88	34
NUMB	676	838	114	682	91	31	1143	627
HEATR4	9	40	3	13	3	0	16	42
RIOX1	195	38	34	30	4	2	275	17
ACOT1	3	20	0	8	1	0	35	8
ACOT2	50	65	4	33	2	1	70	30
ACOT4	102	26	21	29	3	0	214	17
ACOT6	1	11	1	10	0	0	3	8
DNAL1	271	75	58	67	11	4	393	68
PNMA1	524	78	151	86	8	4	736	62
ELMSAN1	225	118	91	120	9	4	494	67
PTGR2	177	80	54	45	9	5	478	67
ZNF410	15	139	13	120	23	5	26	102
FAM161B	22	9	11	1	0	1	45	7
COQ6	175	37	64	41	2	3	316	39
ENTPD5	154	105	26	86	6	4	284	49
BBOF1	25	53	18	15	3	3	48	23
ALDH6A1	1273	483	59	285	29	14	2964	327
LIN52	212	373	28	252	54	13	385	309
VSX2	0	1	4	0	0	0	0	0
ABCD4	734	146	135	125	15	8	963	134
VRTN	436	67	21	69	6	0	390	122
SYNDIG1L	3	0	0	1	0	1	3	8
NPC2	5722	1427	3629	1439	112	54	11072	1320
ISCA2	1543	318	381	239	20	19	2308	262
LTBP2	7	5	9	3	0	0	5	1
AREL1	109	128	27	116	11	9	174	96
FCF1	210	105	50	72	4	4	391	70
YLPM1	730	373	172	273	41	20	1037	288
PROX2	0	0	0	0	0	0	0	0
DLST	381	155	91	106	10	6	529	109
RPS6KL1	23	7	5	1	2	1	31	6
PGF	328	97	31	112	5	5	645	76
EIF2B2	536	155	161	129	11	6	819	104
MLH3	257	174	64	88	9	1	621	98
ACYP1	522	132	141	77	11	6	800	76
ZC2HC1C	27	5	7	8	0	0	51	8
NEK9	202	181	59	104	13	6	339	113
TMED10	2742	712	989	589	63	35	4884	543
FOS	2599	404	2492	481	40	26	5441	122
JDP2	137	45	99	89	5	4	352	48
BATF	6	1	44	0	0	0	2	1
FLVCR2	34	31	12	34	1	1	39	31
TTLL5	166	353	32	273	30	20	279	299
ERG28	2186	643	382	634	78	23	4275	485
IFT43	665	275	191	168	20	13	959	263
TGFB3	3	1	11	2	1	0	12	8
GPATCH2L	717	318	184	249	35	18	1304	286
ESRRB	1	4	0	4	0	0	0	3
VASH1	40	20	5	4	0	1	54	11
ANGEL1	137	61	34	43	5	4	256	40
LRRC74A	0	0	0	0	0	0	0	0
IRF2BPL	329	56	119	45	6	2	661	42
CIPC	97	27	49	23	5	6	210	18
TMEM63C	3	19	2	9	0	0	8	5
ZDHHC22	2	0	1	0	0	0	2	1
NGB	0	5	2	3	0	0	0	3
POMT2	131	44	31	29	7	2	193	36
GSTZ1	855	211	171	166	11	14	1396	207
TMED8	276	151	52	115	23	6	493	109
SAMD15	43	11	11	8	0	1	49	6
NOXRED1	1	7	2	7	1	0	1	11
VIPAS39	190	69	55	29	4	2	297	42
AHSA1	1751	314	573	267	41	11	2989	294
ISM2	7	3	1	3	0	0	6	2
SPTLC2	363	203	125	278	20	13	731	205
ALKBH1	170	91	50	80	11	3	218	86
SLIRP	5233	1091	1176	939	138	47	8807	933
SNW1	1501	413	479	344	40	19	2675	335
C14orf178	0	8	0	2	0	0	1	3
ADCK1	87	42	39	51	7	1	83	31
NRXN3	368	1587	37	814	125	68	489	1251
DIO2	61	28	29	30	2	2	291	10
CEP128	140	221	38	195	36	11	274	243
TSHR	1	12	0	6	1	0	1	6
GTF2A1	304	149	106	112	9	7	569	101
STON2	83	109	142	58	8	2	294	73
SEL1L	475	141	91	129	13	6	794	112
FLRT2	785	1458	52	980	103	52	1697	737
GALC	322	224	28	83	11	4	483	124
GPR65	0	0	0	0	0	0	0	0
KCNK10	105	139	0	78	9	6	329	100
SPATA7	557	340	53	236	28	20	1023	437
PTPN21	125	160	36	128	5	4	253	89
ZC3H14	1038	526	191	385	55	21	2023	405
EML5	17	15	1	20	3	3	34	70
TTC8	193	190	64	118	11	5	286	121
FOXN3	1006	1650	167	1112	206	61	1935	1317
EFCAB11	396	255	100	258	20	9	789	240
TDP1	385	132	74	92	15	8	562	93
KCNK13	25	20	11	31	2	3	13	20
PSMC1	276	451	84	425	50	22	441	384
NRDE2	243	139	73	83	6	2	437	87
CALM1	11612	3400	4857	3133	352	155	21779	3127
TTC7B	104	120	81	79	10	5	127	96
RPS6KA5	138	151	73	127	13	7	308	121
DGLUCY	154	144	54	80	12	8	292	63
GPR68	0	0	3	1	0	0	4	1
CCDC88C	312	180	63	110	23	12	519	163
PPP4R3A	887	373	192	333	38	21	1696	297
CATSPERB	0	10	0	18	0	0	1	7
TC2N	5	26	10	57	7	6	23	24
FBLN5	37	7	3	12	0	0	30	7
TRIP11	1015	407	265	358	40	15	1836	280
ATXN3	374	212	100	142	7	13	663	150
NDUFB1	1973	470	518	380	64	25	3266	370
CPSF2	632	273	131	157	20	15	1203	169
SLC24A4	1	2	0	0	0	0	4	0
RIN3	46	76	23	45	7	2	95	37
LGMN	716	196	140	174	21	3	1111	190
GOLGA5	367	169	101	170	27	8	740	137
CHGA	1	1	0	0	0	0	3	5
ITPK1	2	95	2	57	9	4	9	65
MOAP1	1	67	0	53	9	5	0	38
TMEM251	3	156	1	143	16	8	4	119
GON7	4	63	2	46	2	4	11	46
UBR7	32	52	11	41	5	1	66	36
BTBD7	60	377	16	377	43	28	113	347
UNC79	1	73	1	63	8	4	2	95
COX8C	0	0	0	0	0	0	0	0
PRIMA1	1	9	0	14	0	0	4	29
FAM181A	0	0	0	3	1	0	0	7
ASB2	0	0	0	2	0	0	0	1
CCDC197	0	0	0	0	0	0	0	0
OTUB2	5	16	0	18	4	2	5	19
DDX24	203	433	54	452	62	35	367	401
IFI27L1	295	166	98	109	18	3	577	140
IFI27	20	17	16	7	1	0	46	12
IFI27L2	346	102	142	101	6	9	649	80
PPP4R4	0	22	0	16	0	1	0	11
SERPINA10	1	5	0	9	0	1	0	4
SERPINA6	5	33	0	1	0	0	19	0
SERPINA1	3957	2159	10	1246	79	44	10126	692
SERPINA11	65	17	0	13	5	0	146	2
SERPINA9	1	1	0	0	0	0	0	0
SERPINA12	0	1	0	3	0	0	0	0
SERPINA4	29	4	0	9	0	0	69	4
SERPINA5	87	34	22	45	1	1	249	22
SERPINA3	0	0	0	0	0	0	0	0
GSC	375	8	3	34	0	8	188	76
DICER1	941	472	313	384	42	14	1767	324
CLMN	71	69	39	52	11	4	195	61
SYNE3	54	30	7	35	6	0	114	26
GLRX5	3928	1278	938	1431	133	31	9023	879
TCL1B	8	0	1	2	0	0	18	0
TCL1A	6	1	1	0	0	0	7	0
TUNAR	69	10	18	9	0	2	91	14
C14orf132	154	26	25	24	1	1	240	25
BDKRB2	2	0	3	4	0	0	5	4
BDKRB1	0	0	1	1	0	0	1	1
ATG2B	82	98	36	81	10	3	154	48
GSKIP	568	180	196	156	18	9	1070	161
AK7	12	10	7	6	0	1	26	12
PAPOLA	2404	855	874	821	64	42	4762	587
VRK1	766	264	218	212	26	15	1369	201
C14orf177	0	0	0	0	0	0	0	0
BCL11B	43	11	21	11	3	0	76	24
SETD3	630	386	162	340	28	15	1267	307
CCNK	604	218	177	228	22	13	1098	139
CCDC85C	277	108	85	83	14	7	427	98
HHIPL1	28	5	11	4	1	2	39	4
CYP46A1	17	24	6	12	2	2	34	13
EML1	127	83	56	74	17	8	267	103
EVL	1013	531	186	365	59	37	1998	342
DEGS2	4	2	5	2	0	0	16	2
YY1	2902	747	751	613	80	30	5203	687
SLC25A29	709	181	139	137	12	11	877	240
SLC25A47	1	0	0	0	0	0	38	0
WARS	418	78	133	105	7	7	541	126
WDR25	117	61	33	67	2	4	184	68
BEGAIN	6	4	1	0	0	0	23	3
DLK1	4557	644	512	148	17	3	5031	444
RTL1	7	0	0	13	0	0	1	0
DIO3	772	59	5	34	4	5	422	110
PPP2R5C	748	338	220	298	33	19	1227	310
DYNC1H1	2397	767	691	592	70	44	3795	586
HSP90AA1	36330	7702	9838	6264	678	358	63275	5960
WDR20	341	277	116	229	31	14	565	226
MOK	199	84	18	33	5	3	167	53
ZNF839	131	73	30	43	3	2	201	53
CINP	695	158	171	153	18	12	1301	142
TECPR2	191	172	65	127	10	5	271	143
ANKRD9	633	119	151	104	13	8	1089	86
RCOR1	438	540	158	383	45	29	672	422
TRAF3	170	288	29	227	40	7	287	207
AMN	680	366	14	582	41	3	2402	156
CDC42BPB	718	320	155	273	31	22	1080	205
LBHD2	1	0	0	1	0	0	1	0
EXOC3L4	38	35	0	27	8	1	84	23
TNFAIP2	51	2	6	4	1	0	67	4
EIF5	5094	1167	1538	988	103	59	8730	1033
MARK3	674	540	201	449	44	27	1192	439
CKB	28924	10284	832	12323	1074	640	87428	6269
TRMT61A	156	24	43	27	6	1	288	10
BAG5	497	171	158	156	15	10	914	139
KLC1	675	332	186	276	31	13	1072	296
COA8	1188	293	448	258	36	15	2099	253
XRCC3	84	70	17	32	11	2	148	51
ZFYVE21	809	212	425	170	13	9	1686	158
PPP1R13B	87	115	53	113	8	2	141	76
ATP5MPL	6603	1338	1558	1347	179	66	12808	1135
TDRD9	0	0	0	1	0	0	0	0
RD3L	0	0	0	0	0	0	0	0
ASPG	7	10	1	2	0	0	63	2
KIF26A	52	11	16	7	2	0	97	9
TMEM179	0	2	0	2	0	0	0	3
C14orf180	0	0	0	0	0	0	0	0
INF2	338	66	137	75	10	1	558	58
ADSSL1	107	26	12	18	2	2	155	20
SIVA1	3648	825	882	826	107	45	6823	636
AKT1	1097	180	413	155	14	8	1786	148
ZBTB42	93	19	46	3	1	0	181	3
CEP170B	165	25	58	42	2	4	253	23
PLD4	0	0	0	0	0	0	0	0
AHNAK2	66	27	120	17	1	3	181	23
CLBA1	79	27	12	21	1	2	123	23
CDCA4	982	224	148	133	27	11	1477	179
GPR132	10	8	3	3	4	0	8	1
JAG2	58	6	37	17	0	0	111	7
NUDT14	961	283	414	282	16	16	2209	247
BRF1	147	95	46	56	7	5	246	62
BTBD6	441	68	136	74	12	2	646	91
PACS2	393	147	128	128	20	5	667	127
TEX22	25	19	3	28	3	1	30	29
MTA1	1063	219	183	145	23	12	1820	157
CRIP2	52	13	89	34	1	1	153	5
CRIP1	42	71	21	28	4	7	111	30
TEDC1	186	28	59	34	4	2	336	16
TMEM121	42	5	11	10	1	2	105	1
IGHA2	0	0	0	0	0	0	0	0
IGHE	0	0	0	0	0	0	0	0
IGHG4	0	0	0	0	0	0	0	0
IGHG2	0	0	0	0	0	0	0	0
IGHGP	0	0	0	0	0	0	0	0
IGHA1	0	0	0	0	0	0	0	0
IGHEP1	0	0	0	0	0	0	0	0
IGHG1	0	0	0	0	0	0	0	0
IGHG3	0	0	0	0	0	0	0	0
IGHD	0	0	0	0	0	0	0	0
IGHM	0	0	0	0	0	0	0	0
IGHJ6	0	0	0	0	0	0	0	0
IGHJ3P	0	0	0	0	0	0	0	0
IGHJ5	0	0	0	0	0	0	0	0
IGHJ4	0	0	0	0	0	0	0	0
IGHJ3	0	0	0	0	0	0	0	0
IGHJ2P	0	0	0	0	0	0	0	0
IGHJ2	0	0	0	0	0	0	0	0
IGHJ1	0	0	0	0	0	0	0	0
IGHD7-27	0	0	0	0	0	0	0	0
IGHJ1P	0	0	0	0	0	0	0	0
IGHD1-26	0	0	0	0	0	0	0	0
IGHD6-25	0	0	0	0	0	0	0	0
IGHD5-24	0	0	0	0	0	0	0	0
IGHD4-23	0	0	0	0	0	0	0	0
IGHD3-22	0	0	0	0	0	0	0	0
IGHD2-21	0	0	0	0	0	0	0	0
IGHD1-20	0	0	0	0	0	0	0	0
IGHD6-19	0	0	0	0	0	0	0	0
IGHD5-18	0	0	0	0	0	0	0	0
IGHD4-17	0	0	0	0	0	0	0	0
IGHD3-16	0	0	0	0	0	0	0	0
IGHD2-15	0	0	0	0	0	0	0	0
IGHD1-14	0	0	0	0	0	0	0	0
IGHD6-13	0	0	0	0	0	0	0	0
IGHD5-12	0	0	0	0	0	0	0	0
IGHD4-11	0	0	0	0	0	0	0	0
IGHD3-10	0	0	0	0	0	0	0	0
IGHD3-9	0	0	0	0	0	0	0	0
IGHD2-8	0	0	0	0	0	0	0	0
IGHD1-7	0	0	0	0	0	0	0	0
IGHD6-6	0	0	0	0	0	0	0	0
IGHD5-5	0	0	0	0	0	0	0	0
IGHD4-4	0	0	0	0	0	0	0	0
IGHD3-3	0	0	0	0	0	0	0	0
IGHD2-2	0	0	0	0	0	0	0	0
IGHD1-1	0	0	0	0	0	0	0	0
IGHV6-1	0	0	0	0	0	0	0	0
IGHVII-1-1	0	0	0	0	0	0	0	0
IGHV1-2	0	0	0	0	0	0	0	0
IGHVIII-2-1	0	0	0	0	0	0	0	0
IGHV1-3	0	0	0	0	0	0	0	0
IGHV4-4	0	0	0	0	0	0	0	0
IGHV7-4-1	0	0	0	0	0	0	0	0
IGHV2-5	0	0	0	0	0	0	0	0
IGHVIII-5-1	0	0	0	0	0	0	0	0
IGHVIII-5-2	0	0	0	0	0	0	0	0
IGHV3-6	0	0	0	0	0	0	0	0
IGHV3-7	0	0	0	0	0	0	0	0
IGHV3-64D	0	0	0	0	0	0	0	0
IGHV5-10-1	0	0	0	0	0	0	0	0
IGHV3-11	0	0	0	0	0	0	0	0
IGHVIII-11-1	0	0	0	0	0	0	0	0
IGHV1-12	0	0	0	0	0	0	0	0
IGHV3-13	0	0	0	0	0	0	0	0
IGHVIII-13-1	0	0	0	0	0	0	0	0
IGHV1-14	0	0	0	0	0	0	0	0
IGHV3-15	0	0	0	0	0	0	0	0
IGHVII-15-1	0	0	0	0	0	0	0	0
IGHV3-16	0	0	0	0	0	0	0	0
IGHVIII-16-1	0	0	0	0	0	0	0	0
IGHV1-17	0	0	0	0	0	0	0	0
IGHV1-18	0	0	0	0	0	0	0	0
IGHV3-19	0	0	0	0	0	0	0	0
IGHV3-20	0	0	0	0	0	0	0	0
IGHV3-21	0	0	0	0	0	0	0	0
IGHV3-22	0	0	0	0	0	0	0	0
IGHVII-22-1	0	0	0	0	0	0	0	0
IGHVIII-22-2	0	0	0	0	0	0	0	0
IGHV3-23	0	0	0	0	0	0	0	0
IGHV1-24	0	0	0	0	0	0	0	0
IGHV3-25	0	0	0	0	0	0	0	0
IGHVIII-25-1	0	0	0	0	0	0	0	0
IGHV2-26	0	0	0	0	0	0	0	0
IGHVIII-26-1	0	0	0	0	0	0	0	0
IGHVII-26-2	0	0	0	0	0	0	0	0
IGHV7-27	0	0	0	0	0	0	0	0
IGHV4-28	0	0	0	0	0	0	0	0
IGHVII-28-1	0	0	0	0	0	0	0	0
IGHV3-32	0	0	0	0	0	0	0	0
IGHV3-30	0	0	0	0	0	0	0	0
IGHVII-30-1	0	0	0	0	0	0	0	0
IGHV3-30-2	0	0	0	0	0	0	0	0
IGHV4-31	0	0	0	0	0	0	0	0
IGHVII-30-21	0	0	0	0	0	0	0	0
IGHV3-29	0	0	0	0	0	0	0	0
IGHV3-33	0	0	0	0	0	0	0	0
IGHVII-33-1	0	0	0	0	0	0	0	0
IGHV3-33-2	0	0	0	0	0	0	0	0
IGHV4-34	0	0	0	0	0	0	0	0
IGHV7-34-1	0	0	0	0	0	0	0	0
IGHV3-35	0	0	0	0	0	0	0	0
IGHV3-36	0	0	0	0	0	0	0	0
IGHV3-37	0	0	0	0	0	0	0	0
IGHV3-38	0	0	0	0	0	0	0	0
IGHVIII-38-1	0	0	0	0	0	0	0	0
IGHV4-39	0	0	0	0	0	0	0	0
IGHV7-40	0	0	0	0	0	0	0	0
IGHVII-40-1	0	0	0	0	0	0	0	0
IGHV3-41	0	0	0	0	0	0	0	0
IGHV3-42	0	0	0	0	0	0	0	0
IGHV3-43	0	0	0	0	0	0	0	0
IGHVII-43-1	0	0	0	0	0	0	0	0
IGHVIII-44	0	0	0	0	0	0	0	0
AC244452.3	0	0	0	0	0	0	0	0
IGHVIV-44-1	0	0	0	0	0	0	0	0
IGHVII-44-2	0	0	0	0	0	0	0	0
IGHV1-45	0	0	0	0	0	0	0	0
IGHV1-46	0	0	0	0	0	0	0	0
IGHVII-46-1	0	0	0	0	0	0	0	0
IGHV3-47	0	0	0	0	0	0	0	0
IGHVIII-47-1	0	0	0	0	0	0	0	0
IGHV3-48	0	0	0	0	0	0	0	0
IGHV3-49	0	0	0	0	0	0	0	0
IGHVII-49-1	0	0	0	0	0	0	0	0
IGHV3-50	0	0	0	0	0	0	0	0
IGHV5-51	0	0	0	0	0	0	0	0
IGHVIII-51-1	0	0	0	0	0	0	0	0
IGHVII-51-2	0	0	0	0	0	0	0	0
IGHV3-52	0	0	0	0	0	0	0	0
IGHV3-53	0	0	0	0	0	0	0	0
IGHVII-53-1	0	0	0	0	0	0	0	0
IGHV3-54	0	0	0	0	0	0	0	0
IGHV4-55	0	0	0	0	0	0	0	0
IGHV7-56	0	0	0	0	0	0	0	0
IGHV3-57	0	0	0	0	0	0	0	0
IGHV1-58	0	0	0	0	0	0	0	0
IGHV4-59	0	0	0	0	0	0	0	0
IGHV3-60	0	0	0	0	0	0	0	0
IGHVII-60-1	0	0	0	0	0	0	0	0
IGHV4-61	0	0	0	0	0	0	0	0
IGHV3-62	0	0	0	0	0	0	0	0
IGHVII-62-1	0	0	0	0	0	0	0	0
IGHV3-63	0	0	0	0	0	0	0	0
IGHV3-64	0	0	0	0	0	0	0	0
IGHV3-65	0	0	0	0	0	0	0	0
IGHVII-65-1	0	0	0	0	0	0	0	0
IGHV3-66	0	0	0	0	0	0	0	0
IGHV1-67	0	0	0	0	0	0	0	0
IGHVII-67-1	0	0	0	0	0	0	0	0
IGHVIII-67-2	0	0	0	0	0	0	0	0
IGHVIII-67-3	0	0	0	0	0	0	0	0
IGHVIII-67-4	0	0	0	0	0	0	0	0
IGHV1-68	0	0	0	0	0	0	0	0
IGHV1-69	0	0	0	0	0	0	0	0
IGHV2-70D	0	0	0	0	0	0	0	0
IGHV3-69-1	0	0	0	0	0	0	0	0
IGHV1-69-2	0	0	0	0	0	0	0	0
IGHV1-69D	0	0	0	0	0	0	0	0
IGHV2-70	0	0	0	0	0	0	0	0
IGHV3-71	0	0	0	0	0	0	0	0
IGHV3-72	0	0	0	0	0	0	0	0
IGHV3-73	0	0	0	0	0	0	0	0
IGHV3-74	0	0	0	0	0	0	0	0
IGHVII-74-1	0	0	0	0	0	0	0	0
IGHV3-75	0	0	0	0	0	0	0	0
IGHV3-76	0	0	0	0	0	0	0	0
IGHVIII-76-1	0	0	0	0	0	0	0	0
IGHV5-78	0	0	0	0	0	0	0	0
IGHVII-78-1	0	0	0	0	0	0	0	0
IGHV3-79	0	0	0	0	0	0	0	0
IGHV4-80	0	0	0	0	0	0	0	0
IGHV7-81	0	0	0	0	0	0	0	0
IGHVIII-82	0	0	0	0	0	0	0	0
IGHV1OR15-9	0	0	0	0	0	0	0	0
IGHV1OR15-2	0	0	0	0	0	0	0	0
IGHV3OR15-7	0	0	0	0	0	0	0	0
IGHD5OR15-5A	0	0	0	0	0	0	0	0
IGHD4OR15-4A	0	0	0	0	0	0	0	0
IGHD3OR15-3A	0	0	0	0	0	0	0	0
IGHD2OR15-2A	0	0	0	0	0	0	0	0
IGHD1OR15-1A	0	0	0	0	0	0	0	0
GOLGA6L6	0	0	0	0	0	0	0	0
IGHV1OR15-6	0	0	0	0	0	0	0	0
POTEB2	0	0	0	0	0	0	0	0
IGHD5OR15-5B	0	0	0	0	0	0	0	0
IGHD4OR15-4B	0	0	0	0	0	0	0	0
IGHD3OR15-3B	0	0	0	0	0	0	0	0
IGHD2OR15-2B	0	0	0	0	0	0	0	0
IGHD1OR15-1B	0	0	0	0	0	0	0	0
POTEB3	0	0	0	0	0	0	0	0
LINC02203	0	0	0	0	0	0	0	0
AC135068.1	0	0	0	0	0	0	0	0
AC135068.3	0	0	0	0	0	0	0	0
AC135068.8	0	0	0	0	0	0	0	0
AC135068.9	0	0	0	0	0	0	0	0
AC135068.2	0	0	0	0	0	0	0	0
AC134981.1	0	0	0	0	0	0	0	0
POTEB	0	0	0	0	0	0	0	0
OR4M2	0	0	0	0	0	0	0	0
OR4N4	0	0	0	0	0	0	0	0
IGHV1OR15-1	0	0	0	0	0	0	0	0
IGHV1OR15-3	0	0	0	0	0	0	0	0
IGHV4OR15-8	0	0	0	0	0	0	0	0
IGHV1OR15-4	0	0	0	0	0	0	0	0
GOLGA6L22	0	0	0	0	0	0	0	0
NIPA1	137	72	58	66	5	8	222	39
NIPA2	705	200	220	199	27	9	1299	181
CYFIP1	891	352	227	279	27	13	1403	248
TUBGCP5	140	126	14	128	16	8	265	111
GOLGA6L1	0	0	0	0	0	0	0	0
GOLGA8S	0	0	0	0	0	0	0	0
GOLGA6L2	20	4	1	3	0	0	9	2
MKRN3	28	4	0	3	0	0	3	1
MAGEL2	11	6	13	3	1	0	29	4
NDN	1169	241	442	442	25	13	2749	208
NPAP1	3	0	0	1	0	1	4	2
SNRPN	2490	1154	704	1793	89	61	3435	1112
SNURF	15	12	12	17	0	0	32	8
UBE3A	1132	747	297	638	74	38	2314	540
ATP10A	0	6	0	0	0	1	3	3
GABRB3	169	137	51	84	14	8	247	148
GABRA5	2	3	3	4	0	0	33	6
GABRG3	10	68	3	59	10	4	68	46
OCA2	3	40	3	64	3	0	32	16
HERC2	335	450	68	374	37	18	591	425
GOLGA8F	0	0	0	0	0	0	0	0
GOLGA8G	0	0	0	0	0	0	0	0
GOLGA8M	1	2	0	0	0	0	1	0
GOLGA6L7	4	2	0	0	0	2	29	0
APBA2	24	198	3	200	17	16	45	161
FAM189A1	11	269	2	319	50	3	15	267
NSMCE3	0	168	0	157	11	9	0	197
TJP1	1031	1076	326	1147	143	69	1938	795
GOLGA8J	0	0	0	0	0	0	0	0
GOLGA8T	0	0	0	0	0	0	0	0
CHRFAM7A	0	0	0	0	0	0	0	1
GOLGA8R	0	3	0	1	0	0	0	2
GOLGA8Q	0	0	0	0	0	0	0	1
GOLGA8H	0	3	0	0	0	0	1	1
AC091057.6	3	21	0	10	1	1	1	7
ARHGAP11B	0	123	0	75	11	8	0	137
FAN1	20	67	8	49	7	3	49	66
MTMR10	12	85	0	80	12	8	22	58
TRPM1	0	3	0	0	0	3	0	1
KLF13	15	113	4	103	17	6	27	121
OTUD7A	2	42	1	52	6	1	2	48
CHRNA7	8	87	1	49	12	6	15	61
GOLGA8K	0	0	0	0	0	0	0	0
GOLGA8O	0	0	0	0	0	0	0	0
GOLGA8N	0	1	0	1	0	0	1	0
ARHGAP11A	49	131	4	59	8	2	79	70
SCG5	16	94	8	81	7	6	40	64
GREM1	1	3	0	0	1	0	1	0
FMN1	5	174	11	138	6	28	12	96
RYR3	14	34	16	31	14	5	31	25
AVEN	499	168	114	175	20	11	652	202
CHRM5	1	27	0	16	4	1	0	25
EMC7	1230	279	434	265	22	14	2008	208
PGBD4	9	3	13	4	1	0	22	2
KATNBL1	983	451	321	338	51	18	1774	322
EMC4	1626	306	747	320	27	15	2656	290
SLC12A6	115	127	39	66	8	3	186	100
NOP10	4636	934	1679	921	97	50	8306	707
NUTM1	0	3	0	2	0	1	0	1
LPCAT4	161	35	56	24	4	5	315	26
GOLGA8A	132	32	38	36	2	3	389	33
GOLGA8B	152	44	17	33	4	2	233	36
GJD2	6	0	7	0	0	0	4	0
ACTC1	1204	14	1448	26	0	0	503	8
AQR	574	321	145	248	25	11	1067	252
ZNF770	761	230	204	160	16	7	1323	151
NANOGP8	0	0	0	0	0	0	0	0
DPH6	214	494	65	437	41	25	391	327
C15orf41	163	245	93	179	24	14	314	176
MEIS2	660	428	391	165	62	30	1075	441
TMCO5A	1	1	0	0	0	0	0	0
SPRED1	488	1040	49	735	46	55	951	769
FAM98B	613	219	131	144	17	8	979	146
RASGRP1	124	46	44	23	1	5	142	61
THBS1	71	37	181	49	6	1	140	8
FSIP1	23	10	4	11	1	1	15	10
GPR176	17	19	9	16	2	1	40	31
EIF2AK4	1049	305	308	267	31	12	1947	252
SRP14	18837	4115	5793	3469	409	184	29797	3427
BMF	138	44	45	44	8	3	269	35
BUB1B	469	204	114	120	21	15	784	128
PAK6	58	9	108	1	1	1	75	23
PLCB2	13	1	15	2	0	0	30	3
ANKRD63	1	0	0	0	0	0	0	0
INAFM2	40	11	30	9	0	0	87	2
CCDC9B	4	0	0	1	0	0	3	0
PHGR1	11	1	0	0	1	0	18	0
DISP2	2	2	0	0	0	0	9	2
KNSTRN	657	177	160	100	14	6	1059	95
IVD	432	192	96	119	18	9	932	156
BAHD1	82	60	36	58	2	2	148	38
CHST14	276	46	70	40	1	0	356	40
CCDC32	228	89	81	94	12	10	436	80
RPUSD2	228	58	57	50	3	5	444	47
KNL1	505	211	88	133	15	7	744	132
RAD51	317	78	93	45	7	4	427	63
RMDN3	294	92	103	96	14	6	577	91
GCHFR	2211	603	218	484	55	19	4557	493
DNAJC17	386	123	81	81	8	8	704	92
C15orf62	3	1	0	0	0	0	3	2
ZFYVE19	206	40	60	44	3	1	291	20
PPP1R14D	1	1	1	0	0	0	6	0
SPINT1	1743	339	1094	320	28	15	3007	270
RHOV	198	4	293	4	1	0	192	3
VPS18	266	37	87	46	2	4	303	36
DLL4	7	1	0	0	0	0	2	1
CHAC1	23	19	17	17	0	7	73	16
INO80	290	245	80	300	32	12	481	265
EXD1	0	1	0	0	0	0	2	2
CHP1	948	214	223	285	23	14	1792	183
OIP5	279	110	62	72	11	5	538	76
NUSAP1	139	490	23	291	35	30	175	351
NDUFAF1	287	66	113	89	8	3	604	54
RTF1	3014	776	682	654	99	39	5609	684
ITPKA	144	35	5	23	3	1	273	24
LTK	2	1	2	0	0	0	9	1
RPAP1	347	111	73	71	13	3	481	98
TYRO3	1203	265	104	222	17	14	1717	259
MGA	633	488	131	387	43	29	1123	388
MAPKBP1	79	90	41	79	17	7	162	101
JMJD7	0	39	0	20	4	3	1	24
PLA2G4B	1	5	0	5	0	0	1	4
SPTBN5	21	1	3	2	0	0	23	5
EHD4	252	68	151	84	11	2	481	77
PLA2G4E	1	1	0	0	0	0	0	0
PLA2G4D	0	0	1	0	0	0	1	0
PLA2G4F	6	0	24	2	0	0	7	1
VPS39	166	92	51	101	15	6	267	110
TMEM87A	714	396	283	373	45	32	1291	386
GANC	59	37	17	26	4	1	81	41
CAPN3	3	24	5	84	2	0	2	16
ZNF106	1129	348	259	298	29	19	1725	240
SNAP23	809	352	267	272	40	12	1643	200
LRRC57	238	50	83	54	3	3	384	43
HAUS2	336	96	87	83	9	7	590	79
STARD9	14	24	6	20	3	1	34	20
CDAN1	63	21	22	30	0	2	119	19
TTBK2	162	174	35	113	7	14	227	125
UBR1	239	367	43	421	36	14	452	307
TMEM62	64	66	37	80	2	3	121	42
CCNDBP1	688	99	270	91	17	8	909	115
EPB42	0	0	0	0	0	0	0	0
TGM5	0	1	0	1	0	0	0	0
TGM7	0	1	0	1	0	0	2	0
LCMT2	106	16	18	20	1	1	120	11
ADAL	160	65	34	34	10	3	279	44
ZSCAN29	173	47	54	30	6	1	310	38
TUBGCP4	347	99	80	76	10	6	729	74
TP53BP1	812	354	166	231	21	14	1067	291
MAP1A	138	18	70	33	1	2	166	16
PPIP5K1	42	26	12	35	4	1	55	26
CKMT1B	9	0	12	0	1	1	6	0
STRC	1	1	3	1	0	1	3	3
CATSPER2	22	26	15	44	4	3	31	34
CKMT1A	9	0	45	0	0	0	24	1
PDIA3	6861	1894	1505	1736	192	94	12365	1626
ELL3	1	1	0	4	0	0	1	3
SERF2	21803	4924	7281	6189	675	210	38381	3766
SERINC4	0	0	1	1	0	1	2	1
HYPK	37	6	11	11	1	0	60	11
MFAP1	1427	391	328	308	42	28	2594	325
WDR76	195	66	29	26	10	1	311	42
FRMD5	16	210	18	228	32	33	25	217
CASC4	492	471	139	428	38	27	807	393
CTDSPL2	484	348	92	277	32	19	877	317
EIF3J	1195	358	324	347	47	27	2164	272
SPG11	369	252	99	190	26	14	536	189
PATL2	4	4	0	8	1	0	1	2
B2M	1172	786	1029	924	90	10	1065	467
TRIM69	1	11	2	6	2	0	1	4
TERB2	0	0	0	1	0	0	0	0
SORD	83	146	13	87	14	8	111	83
DUOX2	0	0	0	0	1	0	2	0
DUOXA2	0	0	0	0	0	0	2	1
DUOXA1	6	0	2	3	0	1	6	1
DUOX1	31	30	7	43	7	4	69	46
SHF	634	211	38	71	19	7	816	137
SLC28A2	183	105	3	2	1	0	63	59
GATM	1005	260	16	94	31	13	1697	186
SPATA5L1	168	73	25	60	14	2	299	57
C15orf48	33	2	305	9	0	0	46	3
SLC30A4	16	7	15	3	0	2	23	6
BLOC1S6	797	201	159	137	25	10	1425	132
SQOR	25	8	0	0	1	0	35	2
SEMA6D	73	46	8	53	7	0	81	54
SLC24A5	1	2	1	4	0	1	5	5
MYEF2	739	233	162	157	27	20	1208	162
CTXN2	3	1	3	0	0	0	12	0
SLC12A1	1	2	1	2	0	0	1	2
DUT	2564	466	885	322	43	12	4539	360
FBN1	43	24	12	19	3	1	57	19
CEP152	265	83	47	64	13	4	318	71
SHC4	4	5	1	1	0	0	4	1
EID1	3863	934	981	811	91	41	5912	758
SECISBP2L	374	312	158	249	22	16	741	218
COPS2	1105	366	299	283	43	13	1977	239
GALK2	200	152	78	100	12	5	354	128
FAM227B	93	96	25	54	9	3	130	56
FGF7	1	2	0	3	0	0	2	2
DTWD1	705	316	149	189	26	13	1259	210
ATP8B4	1	31	0	12	0	2	5	10
SLC27A2	166	125	46	61	16	2	366	62
HDC	7	1	0	1	0	0	3	1
GABPB1	349	210	66	192	16	9	600	198
USP8	953	386	255	373	30	23	1794	330
USP50	3	7	0	9	1	0	3	13
TRPM7	356	442	84	430	66	19	610	368
SPPL2A	818	360	218	365	30	11	1401	269
AP4E1	76	101	20	79	9	6	146	87
TNFAIP8L3	19	22	2	28	1	0	37	12
CYP19A1	2	31	8	15	0	1	9	13
GLDN	12	19	4	8	3	0	12	9
DMXL2	115	109	83	76	9	5	266	58
SCG3	47	8	76	4	3	2	143	1
LYSMD2	21	3	34	1	0	0	23	2
TMOD2	13	4	20	5	1	0	23	1
TMOD3	867	470	396	414	54	20	1765	422
LEO1	680	228	184	194	18	16	1278	188
MAPK6	789	409	201	357	40	15	1465	265
BCL2L10	0	1	1	0	0	0	15	2
GNB5	189	57	101	61	10	5	320	48
MYO5C	148	171	71	71	11	5	224	85
MYO5A	58	103	54	57	3	5	99	66
ARPP19	1535	501	489	438	37	15	2877	397
FAM214A	92	121	44	80	12	4	157	75
ONECUT1	41	25	2	1	2	0	80	19
WDR72	394	66	36	77	18	8	329	95
UNC13C	60	259	2	223	31	5	49	343
RSL24D1	2934	821	607	590	56	32	5686	586
RAB27A	75	35	56	50	4	2	161	40
PIGBOS1	474	107	132	81	9	3	881	83
PIGB	66	39	24	38	1	1	140	33
CCPG1	210	71	161	62	11	4	413	72
C15orf65	54	20	28	13	0	2	85	13
DNAAF4	188	62	40	42	6	7	324	64
PYGO1	47	75	12	55	4	4	67	48
PRTG	1585	1527	387	1138	130	84	3418	794
NEDD4	120	193	86	212	21	9	208	132
RFX7	115	387	36	389	38	22	198	353
TEX9	92	94	34	45	7	1	160	64
MNS1	50	37	37	11	1	2	119	12
ZNF280D	13	242	23	15	27	15	459	220
TCF12	490	1847	116	1322	131	78	855	1428
CGNL1	773	841	33	473	43	38	945	788
MYZAP	14	2	3	4	0	0	20	1
GCOM1	4	1	4	2	0	0	3	1
POLR2M	236	68	49	52	13	3	408	54
ALDH1A2	4	40	1	19	0	0	4	12
AQP9	1	0	0	0	0	0	0	0
LIPC	109	88	1	40	3	1	397	42
ADAM10	840	697	263	619	84	42	1554	627
MINDY2	564	192	257	205	20	8	948	211
RNF111	210	287	54	235	30	19	390	295
SLTM	2765	703	708	618	72	36	4465	555
CCNB2	1627	372	283	192	19	22	2414	213
MYO1E	118	374	96	378	21	17	243	246
LDHAL6B	0	0	0	0	0	0	0	0
FAM81A	1	56	0	16	3	1	6	9
GCNT3	8	3	3	7	0	0	20	2
GTF2A2	3990	733	846	861	97	35	6023	649
BNIP2	592	181	147	196	17	9	940	149
FOXB1	19	3	11	4	0	3	51	5
ANXA2	10385	2434	8650	2980	272	92	17913	2252
ICE2	612	251	104	152	18	10	1050	202
RORA	532	1207	58	882	146	54	765	788
VPS13C	388	255	213	169	20	15	657	180
C2CD4A	0	0	0	0	0	0	2	0
C2CD4B	1	2	0	2	0	0	10	3
TLN2	1079	1674	112	1943	163	96	1887	1503
TPM1	9745	1574	10084	1238	145	78	19713	1013
LACTB	361	122	95	118	17	3	800	109
RPS27L	6753	1443	2346	1131	138	82	9137	1342
RAB8B	230	132	69	106	14	10	417	97
APH1B	112	46	77	41	6	4	167	34
CA12	62	13	7	18	0	0	52	12
USP3	702	479	63	314	32	26	981	394
FBXL22	17	2	3	3	1	0	34	4
HERC1	308	427	109	393	47	16	524	284
DAPK2	44	71	5	129	8	0	59	48
CIAO2A	767	187	302	135	18	9	1186	96
SNX1	450	268	146	230	23	7	793	150
SNX22	18	6	0	3	0	0	30	7
PPIB	10014	3557	2047	3497	352	139	19420	2787
CSNK1G1	221	351	86	248	29	15	375	264
PCLAF	2546	496	427	283	54	24	4484	417
TRIP4	323	139	105	141	16	4	559	134
ZNF609	474	815	104	608	84	32	696	592
OAZ2	1200	173	400	126	25	11	2081	143
RBPMS2	616	194	130	200	14	10	1126	164
PIF1	354	109	76	58	2	5	615	76
PLEKHO2	55	9	9	16	1	0	73	9
ANKDD1A	88	22	8	30	3	0	82	33
SPG21	1137	260	346	197	37	13	2136	194
MTFMT	293	128	86	94	13	11	502	109
SLC51B	44	17	3	14	4	0	93	9
RASL12	271	69	12	54	6	2	398	59
KBTBD13	1	0	0	0	0	0	0	0
UBAP1L	8	18	1	21	4	1	28	20
PDCD7	1018	250	254	185	27	10	1785	214
CLPX	602	179	153	123	20	13	1039	158
CILP	1	0	0	1	0	0	0	0
PARP16	76	59	18	24	7	3	130	40
IGDCC3	1007	379	628	166	22	27	2497	140
IGDCC4	215	171	21	144	24	0	405	130
DPP8	329	219	106	164	16	14	557	202
HACD3	3390	894	703	827	81	52	6126	830
INTS14	293	85	94	62	11	2	510	63
SLC24A1	40	24	12	16	2	0	74	10
DENND4A	82	185	22	177	26	3	174	126
RAB11A	2706	708	1159	603	68	29	4760	571
MEGF11	7	0	1	8	0	1	6	13
DIS3L	316	119	61	60	10	2	511	57
TIPIN	345	106	87	75	8	4	618	88
MAP2K1	561	286	191	224	31	11	802	276
SNAPC5	752	179	221	139	23	7	1287	138
RPL4	18059	4843	5022	3399	389	184	32325	3216
ZWILCH	389	96	97	60	11	2	638	75
LCTL	32	5	14	23	2	0	80	9
SMAD6	260	444	15	323	29	14	445	455
SMAD3	232	361	82	342	46	12	489	332
AAGAB	491	283	122	216	22	16	817	242
IQCH	46	117	9	95	19	8	52	92
C15orf61	534	118	155	108	11	3	880	74
MAP2K5	185	256	61	171	29	10	324	239
SKOR1	2	3	1	1	0	0	2	2
PIAS1	947	800	226	557	61	32	1551	493
CALML4	14	197	0	248	30	7	41	128
CLN6	168	126	30	97	16	6	259	57
FEM1B	418	118	113	137	5	5	835	107
ITGA11	9	12	1	15	0	0	24	15
CORO2B	9	12	1	18	0	0	9	9
ANP32A	5378	1477	902	1036	144	58	8841	1212
SPESP1	7	18	1	5	1	0	18	13
NOX5	0	0	0	1	0	0	0	0
GLCE	181	121	52	97	14	3	262	115
PAQR5	65	31	16	29	1	1	72	60
KIF23	557	163	125	108	7	6	811	124
RPLP1	92074	19209	25052	18770	2154	950	180631	16049
TLE3	584	162	101	134	11	10	849	138
UACA	1863	1073	200	1180	88	25	3167	716
LARP6	523	98	170	159	9	5	864	92
LRRC49	107	85	28	53	10	4	187	68
THAP10	70	9	16	16	2	2	96	10
THSD4	68	355	24	185	26	13	75	150
CT62	0	1	0	1	0	0	1	1
NR2E3	7	2	1	3	0	0	17	5
MYO9A	511	1154	80	1248	168	35	1289	1013
SENP8	131	51	32	38	2	2	172	40
GRAMD2A	7	4	23	3	0	0	10	6
PKM	12206	1812	3016	1629	210	109	16856	2507
PARP6	155	88	36	87	11	10	133	76
CELF6	0	11	0	1	0	0	0	8
HEXA	710	246	222	309	23	12	1107	196
TMEM202	0	0	0	0	0	0	0	0
ARIH1	670	820	174	833	83	35	1170	735
GOLGA6B	0	0	0	0	0	0	0	0
HIGD2B	0	0	0	0	0	0	1	0
BBS4	338	117	74	91	8	1	566	100
ADPGK	589	155	132	149	7	4	826	139
NEO1	691	744	62	480	79	44	904	636
HCN4	4	2	4	1	1	0	10	1
REC114	0	3	0	3	1	0	0	4
NPTN	866	358	326	301	28	16	1474	294
CD276	892	277	281	264	33	24	1638	192
INSYN1	0	1	0	0	0	0	1	2
TBC1D21	0	0	0	0	0	0	2	0
LOXL1	333	95	107	74	7	5	690	66
STOML1	73	9	31	8	2	1	83	3
PML	174	56	67	41	4	0	280	43
GOLGA6A	0	0	0	0	0	0	0	0
ISLR2	2	0	1	0	0	0	0	1
ISLR	5	2	1	2	0	0	3	0
STRA6	145	58	83	29	2	2	317	32
CCDC33	35	28	26	15	1	0	88	13
CYP11A1	42	12	18	9	1	2	63	10
SEMA7A	41	14	12	12	2	0	78	7
UBL7	384	84	128	52	7	3	620	64
ARID3B	334	253	128	221	14	12	553	191
CLK3	328	94	97	59	6	5	538	72
EDC3	235	98	107	102	7	7	381	54
CYP1A1	444	7	155	10	2	0	403	8
CYP1A2	13	1	9	0	0	0	6	0
CSK	386	68	110	60	7	1	592	69
LMAN1L	0	0	0	0	0	0	0	0
CPLX3	1	0	0	0	0	0	0	0
ULK3	171	22	44	12	1	1	279	25
SCAMP2	848	316	314	209	33	14	1388	167
MPI	342	101	65	86	10	2	592	56
FAM219B	385	117	98	84	8	6	676	99
COX5A	7588	1486	2014	1564	184	66	12905	1460
RPP25	252	13	111	22	1	0	280	24
SCAMP5	233	41	27	13	4	5	233	43
PPCDC	235	171	55	112	20	4	323	149
C15orf39	205	26	61	43	3	2	243	25
GOLGA6C	0	0	0	0	0	0	0	0
GOLGA6D	0	0	0	0	0	0	0	0
COMMD4	1935	311	540	313	32	14	3048	299
NEIL1	133	10	60	26	1	0	148	12
MAN2C1	222	72	72	44	6	5	338	45
SIN3A	504	248	105	189	21	8	806	212
PTPN9	340	367	68	383	49	15	635	285
SNUPN	473	118	121	99	10	5	841	88
IMP3	1734	417	411	419	44	14	3334	313
SNX33	101	28	37	20	3	0	119	24
CSPG4	2	1	4	1	1	0	5	2
ODF3L1	2	0	1	0	1	0	7	0
UBE2Q2	565	344	188	358	47	13	1078	327
FBXO22	1264	477	350	365	32	20	2302	338
NRG4	14	17	4	9	3	0	31	14
TMEM266	45	76	14	72	8	5	89	45
ETFA	1980	872	649	763	80	29	3706	609
ISL2	31	1	13	0	0	0	7	2
SCAPER	338	548	86	628	78	19	642	482
RCN2	7370	1700	1400	1421	207	79	13512	1347
PSTPIP1	5	2	2	2	0	0	22	2
TSPAN3	2700	758	501	795	71	28	4829	530
PEAK1	153	367	33	355	21	16	223	278
HMG20A	345	210	65	153	19	9	525	147
LINGO1	163	17	92	30	1	0	249	16
TBC1D2B	83	89	34	61	2	7	144	35
SH2D7	1	1	0	0	0	0	1	0
CIB2	801	308	268	340	22	11	1431	247
IDH3A	296	107	107	105	15	6	523	83
ACSBG1	0	4	1	2	0	0	4	0
DNAJA4	21	7	2	5	0	1	97	9
WDR61	909	238	236	189	23	10	1614	173
CRABP1	525	147	180	173	19	7	1110	97
IREB2	812	377	157	296	33	14	1307	284
HYKK	109	65	8	46	5	5	259	33
PSMA4	5232	1116	1247	936	114	69	9822	865
CHRNA5	103	38	12	16	4	2	152	30
CHRNA3	2	1	1	3	0	0	13	0
CHRNB4	0	2	0	0	0	0	2	0
ADAMTS7	198	63	19	29	1	3	242	58
MORF4L1	6799	1768	1436	1633	189	100	11650	1559
CTSH	680	133	362	151	23	4	994	130
RASGRF1	5	0	50	2	0	0	14	0
ANKRD34C	0	0	0	0	0	0	0	0
TMED3	1303	463	1071	404	40	18	2799	336
MINAR1	7	11	4	12	1	0	12	11
MTHFS	339	439	63	343	47	12	612	239
AC015871.1	446	188	41	140	7	7	665	104
BCL2A1	0	1	0	0	0	0	2	0
ZFAND6	1392	724	399	643	60	27	2456	552
FAH	514	123	56	140	8	10	883	93
CTXND1	45	36	0	61	6	0	46	30
ARNT2	43	108	7	51	6	3	83	57
ABHD17C	215	83	42	64	3	2	279	67
CEMIP	11	18	7	27	1	1	9	18
MESD	2306	524	602	500	64	23	4250	477
TLNRD1	400	56	116	56	3	6	613	60
CFAP161	0	2	0	15	0	1	0	10
IL16	1	2	3	1	0	0	4	2
STARD5	32	11	9	7	0	1	87	4
TMC3	11	7	0	11	1	0	15	2
MEX3B	81	14	11	9	0	0	99	7
EFL1	236	197	66	121	32	8	381	167
SAXO2	18	21	6	27	1	0	29	18
GOLGA6L10	26	5	2	4	0	0	32	5
GOLGA6L9	1	14	1	7	0	0	15	10
RPS17	2236	6164	701	5782	603	317	3747	5411
CPEB1	0	2	0	7	1	1	0	1
AP3B2	30	8	12	13	1	2	42	15
FSD2	7	5	1	6	1	1	15	2
WHAMM	118	63	101	54	3	0	253	37
HOMER2	89	35	70	25	6	0	113	36
RAMAC	328	67	125	83	9	4	558	56
C15orf40	764	191	153	175	16	7	1037	134
BTBD1	296	245	84	146	14	16	546	165
TM6SF1	9	3	2	3	0	1	2	11
HDGFL3	1382	571	285	337	49	19	2165	479
BNC1	11	1	10	2	0	1	13	0
SH3GL3	39	21	48	12	0	1	67	13
ADAMTSL3	47	71	2	249	12	11	43	53
UBE2Q2L	0	0	2	1	0	0	3	3
GOLGA6L4	8	2	9	0	0	0	7	1
ZSCAN2	186	68	43	47	11	5	239	40
WDR73	628	152	154	104	11	7	902	115
NMB	544	64	80	61	14	5	708	66
SEC11A	7369	2125	1921	1803	237	96	14502	1675
ZNF592	165	173	38	162	20	4	297	143
ALPK3	663	293	32	244	31	9	1077	273
SLC28A1	3	9	1	9	0	0	22	8
PDE8A	54	289	26	269	21	7	96	208
AKAP13	1061	1238	249	1041	126	65	1603	1144
KLHL25	74	71	22	73	14	2	134	72
AGBL1	2	53	0	32	3	7	4	13
NTRK3	12	24	3	24	5	2	60	10
MRPL46	42	142	13	110	13	7	118	105
MRPS11	1052	198	342	201	24	15	1642	162
DET1	10	56	6	51	8	4	40	42
AEN	434	82	109	78	5	4	519	76
ISG20	93	26	60	19	2	1	162	42
ACAN	2	4	1	3	0	0	7	4
HAPLN3	271	37	22	19	2	1	331	30
MFGE8	2271	482	417	438	45	25	3389	420
ABHD2	161	87	72	84	11	8	204	39
RLBP1	0	3	0	0	0	0	1	1
FANCI	597	215	109	145	27	12	967	172
POLG	238	72	68	76	10	5	347	58
RHCG	4	0	3	1	0	0	7	0
TICRR	106	41	23	13	4	5	129	36
KIF7	97	113	17	75	9	8	175	94
PLIN1	2	0	1	0	0	0	6	0
PEX11A	107	30	39	24	0	2	210	29
WDR93	13	3	9	2	2	0	19	6
MESP1	48	5	7	12	1	1	91	1
MESP2	13	1	3	2	1	0	30	5
ANPEP	155	35	1	95	7	1	267	24
AP3S2	98	240	36	163	18	9	213	190
ARPIN	89	43	39	29	3	2	180	17
ZNF710	181	201	38	150	25	8	299	169
IDH2	1506	275	642	269	29	17	2731	195
SEMA4B	111	40	34	39	2	2	163	31
CIB1	1574	378	431	515	35	16	2721	321
GDPGP1	38	7	12	4	1	0	63	6
TTLL13P	0	2	0	3	0	0	1	3
NGRN	194	615	26	468	67	41	241	541
ZNF774	31	19	13	21	1	0	73	13
IQGAP1	985	454	922	479	35	16	1895	305
CRTC3	283	217	67	160	22	6	431	184
BLM	317	132	67	84	24	3	517	111
FURIN	498	81	196	83	11	5	689	70
FES	77	19	22	14	1	2	187	14
MAN2A2	91	19	32	17	2	3	151	22
HDDC3	558	151	165	83	9	12	883	96
UNC45A	612	126	154	96	15	6	898	98
RCCD1	199	51	43	33	7	1	339	35
PRC1	205	236	53	123	14	15	382	129
VPS33B	107	57	37	26	9	1	188	29
SV2B	6	4	0	12	0	0	5	12
SLCO3A1	111	47	48	42	2	3	46	50
ST8SIA2	40	27	12	28	0	2	67	20
FAM174B	208	108	22	142	13	6	267	118
CHD2	748	884	242	839	65	52	1381	722
RGMA	102	39	35	29	2	2	120	36
MCTP2	40	86	9	62	10	4	58	105
NR2F2	1300	271	1533	149	14	11	1740	136
ARRDC4	48	13	26	12	0	1	111	13
FAM169B	1	2	0	0	0	0	0	0
IGF1R	639	1040	220	787	83	43	924	990
PGPEP1L	0	0	0	0	0	0	4	0
SYNM	67	7	2	8	0	0	52	7
TTC23	153	93	50	73	6	5	205	80
LRRC28	272	207	79	152	25	9	592	129
MEF2A	292	597	120	485	54	24	488	458
LYSMD4	108	56	21	29	7	4	132	12
ADAMTS17	6	22	5	16	1	1	15	11
CERS3	11	3	4	2	2	1	5	6
LINS1	125	38	42	45	4	1	245	28
ASB7	121	72	36	81	8	8	257	80
ALDH1A3	32	4	72	2	0	0	17	8
LRRK1	14	6	13	12	1	1	19	9
CHSY1	248	169	77	143	14	7	514	114
SELENOS	1880	490	501	518	50	12	3779	424
SNRPA1	1988	725	430	518	66	30	3682	492
PCSK6	114	159	7	177	14	7	237	112
TM2D3	540	147	160	139	14	2	925	122
TARSL2	210	98	64	89	10	8	511	83
OR4F6	0	0	0	0	0	0	0	0
OR4F15	0	0	0	0	0	0	0	0
OR4F4	0	0	0	0	0	0	0	0
POLR3K	1185	188	248	78	22	5	1836	179
SNRNP25	1862	365	449	168	52	11	3120	326
RHBDF1	223	57	96	34	6	7	380	38
MPG	1751	554	437	431	33	19	3390	418
NPRL3	451	138	106	120	17	10	651	113
HBZ	1	0	1	0	0	0	3	0
HBM	0	0	1	0	0	0	0	0
HBA2	2	0	2	1	0	0	2	1
HBA1	0	0	1	1	0	0	1	1
HBQ1	83	8	2	5	1	3	115	7
LUC7L	1307	458	253	352	53	21	2038	360
FAM234A	613	144	212	135	18	8	787	113
RGS11	11	4	1	2	0	0	18	0
ARHGDIG	101	14	8	19	0	1	229	14
PDIA2	3	1	0	0	0	0	5	0
AXIN1	212	113	66	82	10	8	338	103
MRPL28	3176	654	631	349	58	23	4311	459
TMEM8A	623	139	234	159	13	9	1000	109
NME4	6566	1372	1071	1095	142	53	10897	1095
DECR2	6	55	1	76	9	1	14	56
RAB11FIP3	27	191	7	136	13	8	41	174
CAPN15	226	52	50	51	8	1	392	39
PRR35	0	0	0	0	0	0	4	0
PIGQ	251	62	82	31	6	5	408	39
NHLRC4	7	3	0	4	0	0	14	3
RAB40C	202	83	73	52	7	1	369	51
WFIKKN1	328	176	53	48	13	7	709	113
METTL26	2023	540	535	427	60	31	4122	402
MCRIP2	1033	270	148	204	26	8	2366	188
WDR90	86	15	27	5	0	0	156	10
RHOT2	680	132	177	77	9	4	1070	89
RHBDL1	79	26	10	20	1	1	149	14
STUB1	2724	694	807	548	53	18	4553	540
JMJD8	538	85	181	33	10	4	937	70
WDR24	144	31	35	15	2	3	195	22
FBXL16	10	0	43	0	0	1	27	0
METRN	1210	229	656	236	24	14	1816	188
ANTKMT	925	209	346	200	21	9	1573	188
CCDC78	12	4	6	1	0	0	32	1
HAGHL	108	27	80	27	1	2	378	37
CIAO3	225	43	75	36	5	3	345	38
MSLN	7	3	13	0	0	0	16	2
MSLNL	0	0	0	0	0	0	0	0
RPUSD1	367	48	98	54	6	0	572	49
CHTF18	260	36	49	35	3	3	383	32
GNG13	3	2	1	2	0	0	15	2
LMF1	127	133	37	85	11	3	240	91
SOX8	14	3	4	0	0	0	15	3
SSTR5	0	0	0	0	0	0	0	0
C1QTNF8	0	0	0	0	0	0	0	0
CACNA1H	110	31	13	10	5	1	85	29
TPSG1	4	0	0	1	0	0	14	0
TPSB2	0	0	0	0	0	0	0	0
TPSAB1	0	0	0	0	0	0	1	0
TPSD1	0	0	0	0	0	0	0	0
UBE2I	6133	1204	1664	1066	125	64	10261	1002
BAIAP3	19	9	9	6	3	0	56	3
TSR3	1352	256	411	280	23	10	2312	207
GNPTG	246	125	103	152	13	2	441	94
UNKL	268	76	49	57	4	1	413	61
C16orf91	435	144	114	113	10	6	870	105
AL032819.3	0	0	0	0	0	0	0	0
CCDC154	9	4	5	8	0	0	12	6
CLCN7	245	67	92	57	4	1	352	50
PTX4	0	0	0	0	0	0	0	0
TELO2	341	77	71	46	7	6	580	61
IFT140	121	121	26	74	11	4	170	80
TMEM204	1	2	0	2	0	0	0	2
CRAMP1	120	112	31	91	14	6	225	85
JPT2	1055	296	255	232	28	17	1604	250
MAPK8IP3	95	107	41	110	11	6	180	104
NME3	1580	418	326	249	37	19	2969	317
MRPS34	3512	879	915	725	84	39	6158	769
EME2	89	17	26	13	3	0	160	17
SPSB3	591	121	204	94	10	6	848	118
NUBP2	994	215	263	148	25	13	1707	203
IGFALS	0	0	1	0	0	0	0	0
HAGH	1045	274	400	260	26	16	1648	216
FAHD1	647	132	180	129	17	8	1104	113
MEIOB	18	2	4	5	0	0	30	2
HS3ST6	0	1	0	0	0	0	0	0
MSRB1	559	98	183	69	9	4	1059	78
RPL3L	0	7	0	1	0	0	5	2
NDUFB10	5442	1256	1214	1062	162	53	9216	1058
RPS2	94773	26629	26191	23541	2414	1241	177030	20581
RNF151	1	0	0	0	0	0	0	0
TBL3	258	59	85	60	3	4	447	44
NOXO1	28	9	14	3	2	0	73	4
GFER	1246	255	212	215	24	8	2739	212
SYNGR3	65	6	32	5	0	1	75	18
ZNF598	259	49	70	40	3	0	423	34
NPW	122	34	38	27	2	2	192	10
SLC9A3R2	332	41	45	28	8	5	508	71
NTHL1	795	156	177	71	13	4	1209	129
TSC2	392	72	62	65	9	1	544	62
PKD1	125	47	45	35	3	1	202	49
RAB26	105	22	6	19	4	2	80	56
TRAF7	650	120	175	97	13	7	1096	99
CASKIN1	33	12	4	13	4	3	70	23
MLST8	694	144	193	106	18	9	1139	110
BRICD5	37	9	10	10	3	0	69	5
PGP	2831	721	636	755	93	27	5351	574
E4F1	206	84	70	56	7	10	308	56
DNASE1L2	26	6	1	5	1	0	71	8
ECI1	2652	743	413	518	64	25	4572	670
RNPS1	3047	638	782	533	74	32	5400	576
ABCA3	42	13	3	11	4	0	40	22
CCNF	321	113	49	57	8	3	477	89
TEDC2	312	64	49	54	3	3	508	53
NTN3	1	0	0	0	0	0	1	0
TBC1D24	234	54	31	41	2	1	358	40
ATP6V0C	10	1338	4	1394	142	44	13	1141
AMDHD2	438	114	166	98	12	5	873	99
CEMP1	1	0	0	0	0	0	0	0
PDPK1	461	113	187	128	9	2	791	106
KCTD5	231	34	74	33	3	5	323	53
PRSS27	12	2	6	1	0	0	27	4
SRRM2	6576	1527	1277	1356	172	93	11042	1234
ELOB	10516	2089	2373	2448	255	97	17786	1827
PRSS33	7	5	5	2	0	0	5	1
PRSS41	0	0	1	0	0	0	0	0
PRSS21	2	0	6	0	0	0	2	0
ZG16B	4	2	0	4	0	0	11	0
PRSS22	78	4	210	14	1	1	116	6
FLYWCH2	510	144	165	213	14	8	1034	101
FLYWCH1	119	24	46	28	5	1	194	36
KREMEN2	54	5	93	9	0	1	83	2
PKMYT1	260	54	99	31	3	1	444	47
PAQR4	173	16	55	8	2	0	184	19
LINC00514	3	0	4	0	0	0	24	0
CLDN9	95	3	158	2	0	0	55	0
CLDN6	2938	501	2851	421	41	40	5997	430
TNFRSF12A	1128	227	1684	282	16	15	1716	155
HCFC1R1	702	150	473	155	24	13	1375	164
THOC6	924	154	251	150	19	15	1702	175
BICDL2	40	4	114	4	1	3	114	3
MMP25	5	1	5	5	0	0	8	0
IL32	308	65	158	336	3	1	761	33
ZSCAN10	54	7	59	23	0	1	133	8
ZNF205	384	74	115	88	8	4	624	53
ZNF213	47	31	17	14	3	0	108	18
OR1F1	0	0	0	0	0	0	0	0
ZNF200	134	29	37	35	2	1	228	29
MEFV	0	0	0	0	0	0	0	1
ZNF263	231	51	59	37	3	0	400	51
TIGD7	26	23	11	24	2	2	78	21
ZNF75A	260	160	96	137	16	6	810	118
OR2C1	0	0	0	0	0	0	0	0
AC025283.2	0	15	0	14	2	0	1	29
MTRNR2L4	1	1	0	0	0	0	1	0
ZSCAN32	147	47	25	32	5	3	230	42
ZNF174	148	33	28	39	6	3	232	27
ZNF597	31	15	4	10	1	0	51	15
NAA60	597	108	151	93	13	3	1039	97
C16orf90	0	0	0	0	0	0	2	0
CLUAP1	506	168	126	122	16	10	762	130
NLRC3	0	0	0	2	0	0	1	0
SLX4	108	51	19	29	7	1	186	29
DNASE1	296	112	71	119	15	4	562	100
TRAP1	1429	466	226	278	29	19	2434	311
CREBBP	873	606	151	496	61	37	1361	521
ADCY9	6	20	11	29	5	2	24	19
SRL	2	1	0	1	0	0	1	1
TFAP4	148	41	26	28	5	1	314	41
GLIS2	2	24	0	13	4	1	2	22
PAM16	88	451	27	418	49	16	109	359
CORO7	0	36	0	45	3	3	1	38
VASN	0	29	0	35	3	3	0	22
DNAJA3	51	78	9	87	4	4	84	89
NMRAL1	213	123	94	123	11	5	450	77
HMOX2	263	134	116	213	19	11	465	97
CDIP1	3	89	0	88	11	4	5	73
C16orf96	2	6	1	7	0	0	5	9
UBALD1	274	66	129	67	6	1	426	40
MGRN1	304	145	84	97	6	4	462	112
NUDT16L1	1263	346	279	242	23	24	2296	259
ANKS3	245	137	59	97	17	5	479	92
C16orf71	6	6	0	8	0	0	7	5
ZNF500	142	46	27	43	2	0	238	36
SEPTIN12	3	0	0	0	0	0	1	2
SMIM22	32	1	68	1	0	0	33	1
ROGDI	654	130	228	157	15	5	1187	92
GLYR1	654	298	173	246	29	16	1279	236
UBN1	734	253	225	226	39	6	1299	179
PPL	240	64	259	21	4	2	371	58
SEC14L5	1	1	0	1	0	0	4	0
NAGPA	264	82	40	73	4	0	412	47
ALG1	202	62	48	62	5	3	360	53
C16orf89	0	1	1	0	0	0	8	1
EEF2KMT	197	60	61	62	7	2	332	31
RBFOX1	21	467	6	838	58	21	45	163
TMEM114	1	1	0	3	0	1	3	0
METTL22	235	82	62	68	5	2	396	92
ABAT	165	174	47	122	13	11	388	101
TMEM186	271	56	61	51	7	6	489	60
PMM2	673	298	157	354	38	11	1272	252
CARHSP1	5945	1281	1367	965	145	44	9092	1160
LITAFD	0	0	0	0	0	0	0	1
USP7	1048	370	240	322	43	22	1961	278
C16orf72	576	82	144	93	8	7	1001	112
GRIN2A	35	24	5	30	9	2	34	21
ATF7IP2	179	276	61	120	20	13	414	164
EMP2	743	128	337	108	17	15	1225	123
TEKT5	1	2	0	5	0	0	2	1
NUBP1	483	117	146	105	18	6	782	97
TVP23A	74	87	7	47	1	5	181	37
CIITA	1	3	0	2	0	1	2	2
DEXI	642	147	177	143	13	9	1120	97
CLEC16A	74	160	45	154	19	9	122	154
RMI2	485	121	113	65	10	8	818	80
SOCS1	272	54	204	54	7	2	479	26
TNP2	0	0	0	0	0	0	0	0
PRM3	0	0	0	0	0	0	1	0
PRM2	0	0	0	0	0	0	0	0
PRM1	0	0	0	1	0	0	0	1
AC099489.1	2	6	3	9	0	1	1	4
LITAF	643	150	595	114	14	7	1362	138
SNN	300	75	116	62	5	5	467	42
TXNDC11	224	167	51	167	11	3	369	131
ZC3H7A	399	218	79	164	26	11	703	178
RSL1D1	2871	765	602	648	68	28	5443	626
GSPT1	2073	579	588	484	62	30	3589	401
NPIPB2	23	36	13	2	0	0	68	18
TNFRSF17	0	0	0	0	0	0	0	0
SNX29	135	184	50	204	22	6	161	147
CPPED1	398	265	190	288	28	5	815	185
SHISA9	172	507	63	422	95	12	287	591
ERCC4	263	98	88	76	6	2	510	78
MRTFB	303	493	61	404	56	18	526	415
PARN	129	257	44	231	15	12	226	180
BFAR	77	290	23	246	34	16	134	219
PLA2G10	14	5	6	9	1	0	40	10
NPIPA3	1	1	0	0	0	0	0	0
NPIPA2	0	0	0	1	0	0	0	0
NOMO1	254	73	28	48	5	7	380	61
NPIPA1	1	11	0	10	2	0	8	10
PDXDC1	116	649	30	413	52	14	282	557
NTAN1	233	209	127	162	18	2	305	156
RRN3	31	129	10	100	13	7	62	62
NPIPA5	0	1	0	2	0	0	0	2
MPV17L	0	14	0	11	1	1	4	12
BMERB1	2	57	1	28	6	3	10	45
MARF1	19	76	3	54	6	6	37	47
NDE1	26	90	9	47	5	5	38	41
MYH11	0	10	0	3	0	0	0	5
FOPNL	63	133	25	96	7	5	126	157
ABCC1	25	183	10	156	16	7	28	201
ABCC6	1	136	0	146	7	6	8	71
NOMO3	1	7	0	14	1	1	1	11
AC138969.1	2	3	0	5	0	0	0	5
NPIPA7	0	1	0	0	0	0	0	0
XYLT1	44	116	20	51	17	3	52	107
NPIPA8	0	1	0	0	0	0	1	0
NPIPA9	0	0	0	0	0	0	0	0
NOMO2	15	29	8	18	2	0	27	24
RPS15A	45537	14406	10475	12141	1302	639	89270	11207
ARL6IP1	3114	1608	671	1345	136	64	5636	1310
SMG1	471	411	90	361	47	22	991	330
TMC7	155	149	24	236	20	11	370	113
COQ7	313	75	98	75	9	4	503	51
ITPRIPL2	224	30	128	63	5	1	243	24
SYT17	109	48	45	70	2	3	209	18
CLEC19A	6	6	2	2	0	0	4	3
TMC5	32	8	33	1	0	0	100	8
GDE1	852	183	401	144	15	8	1578	123
CCP110	185	51	52	29	4	5	280	30
VPS35L	375	243	110	221	26	14	648	228
KNOP1	2179	355	310	289	36	28	3636	340
IQCK	211	148	48	101	16	6	362	88
GPRC5B	237	79	70	69	6	2	420	51
GPR139	0	0	0	1	0	0	0	0
GP2	45	1	0	13	0	0	49	4
UMOD	0	0	0	2	0	0	0	0
PDILT	0	0	0	0	0	0	0	0
ACSM5	0	0	1	0	0	0	1	0
ACSM2A	1	1	0	2	0	0	3	0
ACSM2B	1	0	0	0	0	0	1	0
ACSM3	121	146	204	55	5	8	183	16
ACSM1	6	7	2	3	0	1	14	2
THUMPD1	1004	324	185	259	24	19	1866	260
ERI2	114	48	14	66	4	4	223	55
REXO5	45	25	7	52	1	3	46	11
DCUN1D3	113	30	21	39	1	1	221	37
LYRM1	511	157	104	137	10	2	982	78
DNAH3	2	12	0	11	1	0	6	7
TMEM159	345	99	269	74	6	3	577	73
ZP2	0	2	0	0	0	0	0	0
ANKS4B	133	56	0	51	6	0	247	36
CRYM	513	247	15	218	26	2	808	100
NPIPB3	1	1	0	1	0	0	1	8
METTL9	2480	587	616	545	54	33	4487	518
IGSF6	13	9	0	4	0	0	29	2
OTOA	4	2	0	2	0	0	4	1
NPIPB4	4	43	0	52	2	0	10	26
UQCRC2	2474	571	550	512	49	21	4188	437
PDZD9	0	2	0	3	1	0	0	7
MOSMO	295	178	114	151	18	8	498	171
VWA3A	0	6	1	7	1	0	0	5
SDR42E2	1	4	2	2	0	0	3	0
EEF2K	100	68	18	47	3	3	205	41
POLR3E	404	123	85	86	9	8	755	97
CDR2	232	293	64	201	20	9	465	210
NPIPB5	24	32	9	25	1	2	39	24
HS3ST2	1	0	0	3	0	0	1	2
USP31	141	98	37	61	3	2	256	71
SCNN1G	4	1	1	0	0	0	2	0
SCNN1B	0	0	5	1	0	0	0	0
COG7	205	144	51	82	9	5	241	111
GGA2	615	302	172	277	23	14	1088	231
EARS2	169	84	31	52	7	5	312	37
UBFD1	601	219	130	187	18	7	1076	127
NDUFAB1	6936	1408	1679	1385	161	56	12129	1171
PALB2	124	41	28	41	1	4	184	42
DCTN5	631	171	176	158	20	9	1099	130
PLK1	732	176	140	104	7	12	1066	121
ERN2	14	4	2	1	2	0	28	3
CHP2	8	2	27	0	0	0	31	0
PRKCB	7	5	3	3	0	1	7	2
CACNG3	0	0	0	0	0	0	2	0
RBBP6	1455	409	350	459	42	25	2415	432
TNRC6A	791	853	157	659	94	28	1272	611
SLC5A11	24	65	1	105	3	0	62	66
ARHGAP17	329	212	117	226	16	11	520	163
LCMT1	1035	250	521	292	28	17	1879	281
AQP8	0	0	0	1	0	0	1	0
ZKSCAN2	93	39	15	21	3	1	152	27
HS3ST4	64	457	9	342	61	11	77	313
C16orf82	0	1	0	0	0	0	1	0
KDM8	38	18	6	19	1	3	44	15
NSMCE1	704	132	173	94	9	7	562	86
IL4R	156	48	80	60	4	5	192	40
IL21R	1	3	0	1	0	0	2	1
GTF3C1	660	220	144	163	28	7	1031	216
KIAA0556	97	180	24	115	11	5	174	151
GSG1L	1	2	3	2	0	0	8	0
XPO6	407	189	119	163	18	6	625	142
SBK1	611	139	116	67	16	9	999	112
NPIPB6	5	2	1	1	0	0	11	3
EIF3CL	2	1	0	2	0	0	4	1
NPIPB7	0	0	0	1	0	0	0	0
CLN3	30	91	18	110	19	8	51	93
APOBR	0	0	0	0	0	0	3	0
IL27	1	0	1	1	0	0	1	0
NUPR1	15	5	103	16	0	1	26	19
SGF29	211	61	50	58	6	4	376	59
SULT1A2	62	22	4	43	1	1	168	9
SULT1A1	297	61	14	95	4	5	258	25
NPIPB8	0	0	0	0	0	0	0	0
EIF3C	15	44	3	45	4	1	35	28
NPIPB9	2	2	0	1	0	0	1	0
ATXN2L	722	225	195	162	23	11	1058	206
TUFM	3518	726	964	658	72	37	6280	603
SH2B1	177	57	62	45	2	4	259	40
ATP2A1	5	10	3	5	1	2	12	20
RABEP2	197	54	113	53	2	2	302	57
CD19	10	0	0	1	0	0	24	0
NFATC2IP	668	165	195	142	16	13	1214	128
SPNS1	773	144	282	171	12	5	1184	145
LAT	19	6	6	7	1	0	46	7
NPIPB11	4	5	0	1	1	0	19	4
BOLA2	0	230	0	133	19	18	0	151
SLX1B	1	0	0	0	0	0	0	0
SULT1A4	0	0	0	0	0	0	0	0
NPIPB12	0	8	0	1	2	0	0	1
SPN	3	6	0	2	0	0	10	1
QPRT	3970	1068	1249	1247	113	37	7036	738
C16orf54	0	0	0	1	0	0	0	1
ZG16	71	47	7	56	3	0	238	14
KIF22	848	219	220	134	12	12	1614	135
MAZ	2857	472	640	391	57	25	5228	371
PRRT2	106	60	43	44	3	2	302	33
PAGR1	72	303	17	222	33	10	140	260
MVP	97	28	95	35	2	2	164	30
CDIPT	769	121	268	130	13	4	1133	131
SEZ6L2	328	71	98	82	4	2	501	66
ASPHD1	30	17	26	23	2	2	45	17
KCTD13	181	76	65	91	7	4	348	56
TMEM219	2035	544	472	492	54	24	3557	415
TAOK2	168	40	44	41	4	1	290	32
HIRIP3	208	47	87	17	6	1	367	38
INO80E	373	70	97	66	10	3	597	75
DOC2A	11	5	4	4	0	0	34	4
C16orf92	0	0	0	0	0	0	0	0
TLCD3B	7	3	9	3	0	0	21	2
AC093512.2	0	2	0	1	0	0	2	2
ALDOA	421	37	115	47	4	0	706	67
PPP4C	2968	602	1000	537	64	32	4719	516
TBX6	8	3	3	0	0	0	24	5
YPEL3	516	129	368	79	8	8	1084	77
GDPD3	12	5	18	4	0	0	18	3
MAPK3	609	163	194	95	13	7	1157	72
CORO1A	46	4	9	4	1	0	52	4
BOLA2B	21	31	15	14	0	1	36	23
SLX1A	2	2	0	3	1	0	3	3
SULT1A3	7	9	0	9	1	1	7	6
NPIPB13	11	3	0	2	2	0	21	1
CD2BP2	921	137	342	165	16	10	1359	125
TBC1D10B	295	59	118	69	3	3	514	61
MYLPF	31	23	22	36	8	0	124	4
ZNF48	766	94	119	79	8	9	927	92
SEPTIN1	118	49	55	28	6	0	298	38
ZNF771	355	101	93	94	13	7	577	109
DCTPP1	1335	310	423	250	31	5	2682	236
SEPHS2	1060	162	294	332	33	8	1532	192
ITGAL	3	1	0	3	0	0	4	3
ZNF768	359	57	77	45	6	3	547	60
ZNF747	193	53	47	34	3	4	427	42
ZNF764	199	48	19	41	8	2	379	39
ZNF688	147	28	41	22	4	0	208	43
ZNF785	193	117	27	84	10	7	295	67
ZNF689	242	40	49	23	5	4	333	26
PRR14	210	32	68	23	5	2	303	26
FBRS	234	57	73	46	5	3	383	55
SRCAP	33	86	4	65	9	8	51	89
TMEM265	0	40	0	15	1	1	0	25
PHKG2	493	115	118	99	13	7	752	116
CCDC189	39	9	14	8	0	0	49	6
RNF40	342	88	84	60	9	4	494	74
ZNF629	203	58	59	25	5	2	361	39
BCL7C	2265	441	384	410	44	17	2969	466
CTF1	41	11	34	13	0	3	61	10
FBXL19	228	66	46	52	7	2	352	49
ORAI3	417	77	76	96	10	3	701	52
SETD1A	176	44	33	30	3	3	266	45
HSD3B7	110	12	31	14	2	1	160	9
STX1B	9	1	5	6	1	1	25	3
STX4	493	144	159	151	16	5	899	130
ZNF668	173	41	29	30	1	2	235	44
ZNF646	101	37	40	24	1	0	118	27
PRSS53	5	10	2	3	2	0	8	8
VKORC1	1902	592	510	538	69	30	4413	472
BCKDK	655	118	249	130	10	9	1318	100
KAT8	414	124	117	86	8	4	747	90
PRSS8	1306	372	772	368	29	12	2611	234
PRSS36	4	1	10	0	0	0	11	2
FUS	7527	1410	1588	1111	138	76	11635	1226
PYCARD	414	42	196	49	3	3	766	53
TRIM72	0	1	2	0	1	0	1	5
PYDC1	2	3	3	0	0	0	6	0
ITGAM	0	0	0	1	0	0	1	1
ITGAX	0	1	1	2	0	0	9	1
ITGAD	0	2	0	1	0	0	1	0
COX6A2	0	0	1	0	0	0	15	0
ZNF843	7	3	1	1	1	0	10	1
ARMC5	88	25	25	24	2	1	131	24
TGFB1I1	42	1	126	9	0	0	43	1
SLC5A2	3	3	0	1	0	0	9	2
C16orf58	203	68	63	52	5	3	412	42
AHSP	1	1	2	0	0	0	3	0
ZNF720	580	213	146	156	19	10	964	171
ZNF267	173	93	39	63	11	6	307	71
IGHV1OR16-1	0	0	0	0	0	0	0	0
IGHV1OR16-3	0	0	0	0	0	0	0	0
IGHV3OR16-9	0	0	0	0	0	0	0	0
TP53TG3D	0	0	0	0	0	0	0	0
TP53TG3	0	0	0	0	0	0	0	0
IGHV2OR16-5	0	0	0	0	0	0	0	0
IGHV3OR16-15	0	0	0	0	0	0	0	0
IGHV3OR16-6	0	0	0	0	0	0	0	0
IGHV1OR16-2	0	0	0	0	0	0	0	0
IGHV3OR16-10	0	0	0	0	0	0	0	0
IGHV1OR16-4	0	0	0	0	0	0	0	0
IGHV3OR16-8	0	0	0	0	0	0	0	0
TP53TG3C	0	0	0	0	0	0	0	0
TP53TG3E	0	0	0	0	0	0	0	0
TP53TG3B	0	0	0	0	0	0	0	0
TP53TG3F	0	0	0	0	0	0	0	0
IGHV3OR16-12	0	0	0	0	0	0	0	0
IGHV3OR16-13	0	0	0	0	0	0	0	0
AC136428.1	0	0	0	0	0	0	0	0
IGHV3OR16-11	0	0	0	0	0	0	0	0
IGHV3OR16-7	0	0	0	0	0	0	0	0
SHCBP1	140	59	35	40	5	5	231	48
VPS35	1754	475	699	436	46	23	3191	410
ORC6	2203	483	382	428	63	20	3822	468
MYLK3	6	3	1	10	0	0	21	6
C16orf87	872	243	314	170	23	11	1318	182
GPT2	421	153	56	154	16	11	874	150
DNAJA2	1583	428	491	344	45	18	3393	282
NETO2	361	73	31	103	19	6	561	87
ITFG1	487	748	179	593	62	41	931	644
PHKB	611	421	195	364	27	16	1004	308
ABCC12	21	1	4	6	0	0	8	3
ABCC11	1	2	0	4	0	0	3	0
LONP2	459	343	172	286	27	18	892	240
SIAH1	539	229	101	179	26	14	1065	204
N4BP1	472	276	136	251	33	16	896	236
CBLN1	4	3	2	2	0	0	27	1
C16orf78	0	0	0	0	0	0	1	0
ZNF423	109	225	20	215	28	11	223	285
CNEP1R1	190	63	53	46	6	2	290	38
HEATR3	155	68	37	65	6	1	287	39
TENT4B	259	138	78	140	14	8	481	101
ADCY7	68	53	27	52	5	2	144	47
BRD7	2179	654	419	494	62	24	3480	505
NKD1	202	260	9	450	52	11	539	156
SNX20	0	0	0	0	0	0	0	0
NOD2	3	6	1	1	0	0	17	0
CYLD	132	33	46	35	4	4	159	34
SALL1	737	229	24	102	12	17	890	172
HNRNPA1P48	503	114	71	80	11	7	859	86
TOX3	281	187	42	73	8	11	348	126
AC007906.2	37	50	9	56	6	1	49	26
CHD9	1081	886	283	675	91	31	2248	681
RBL2	163	199	43	122	10	2	264	140
AKTIP	218	67	165	54	2	4	389	56
RPGRIP1L	228	135	44	96	13	2	465	69
FTO	248	357	59	395	37	14	422	343
IRX3	634	64	43	53	6	8	632	95
IRX5	343	29	20	20	4	1	256	39
IRX6	2	1	1	0	0	0	0	0
MMP2	287	43	114	44	4	1	205	34
LPCAT2	141	164	56	86	15	5	176	115
CAPNS2	0	0	3	1	0	0	2	0
SLC6A2	1	2	3	0	0	0	3	0
CES1	6	2	10	0	0	0	1	2
CES5A	0	0	0	0	0	0	0	0
GNAO1	15	9	14	4	0	1	21	4
AMFR	450	184	97	127	13	7	804	127
NUDT21	1274	439	278	390	48	18	2517	320
OGFOD1	484	169	109	199	23	10	942	136
BBS2	128	57	43	45	7	2	263	39
MT4	0	0	0	0	0	0	0	0
MT3	2	2	0	1	1	0	2	1
MT2A	84	140	230	29	5	21	330	21
MT1E	33	44	105	19	0	4	75	11
MT1M	3	1	11	2	0	0	5	0
MT1A	0	0	1	0	0	1	0	0
MT1B	0	0	0	0	0	0	0	0
MT1F	84	67	118	7	3	10	85	40
MT1G	86	63	268	25	2	34	257	18
MT1H	52	25	231	11	0	18	148	18
MT1X	215	176	370	54	10	10	351	50
NUP93	545	201	129	168	19	13	943	192
SLC12A3	0	0	1	1	0	0	0	0
HERPUD1	936	355	370	392	32	13	2417	219
CETP	1	0	0	0	0	0	0	0
NLRC5	4	3	7	2	0	0	2	2
CPNE2	143	31	134	26	1	0	311	23
FAM192A	840	286	271	205	25	12	1506	194
RSPRY1	627	239	142	217	20	10	1228	212
ARL2BP	856	197	266	234	27	9	1676	138
PLLP	86	8	15	23	1	2	160	15
CCL22	1	0	1	0	0	0	0	0
CX3CL1	5	1	6	4	1	0	16	3
CCL17	0	0	0	0	0	0	0	0
CIAPIN1	1041	285	284	223	27	15	1723	238
COQ9	528	90	154	99	14	4	898	84
POLR2C	1350	346	340	309	29	9	2345	261
DOK4	315	70	97	77	7	4	725	41
CCDC102A	192	49	40	30	4	1	338	24
ADGRG5	7	7	2	3	0	0	19	7
ADGRG1	111	23	132	23	1	1	248	6
ADGRG3	0	0	0	1	0	0	6	0
DRC7	5	4	0	1	0	0	11	1
KATNB1	163	45	56	33	4	1	277	34
KIFC3	194	228	94	168	32	7	308	138
CNGB1	7	8	7	3	0	0	16	7
TEPP	15	2	24	1	1	0	20	6
ZNF319	35	3	9	8	2	1	75	7
USB1	811	180	220	162	15	9	1093	171
MMP15	536	91	83	110	8	4	671	102
CFAP20	827	182	225	159	23	11	1307	141
CSNK2A2	1115	366	315	303	24	9	1916	298
CCDC113	119	44	18	23	2	3	178	36
PRSS54	0	0	0	1	0	0	0	0
GINS3	108	20	26	15	5	1	159	20
NDRG4	79	10	37	25	1	2	107	37
SETD6	210	45	43	33	9	9	429	43
CNOT1	842	492	205	411	62	27	1491	371
SLC38A7	253	55	86	56	4	2	396	53
GOT2	905	237	241	170	19	11	1433	186
CDH8	253	329	32	226	21	19	247	458
CDH11	102	57	29	71	2	0	65	33
CDH5	0	1	2	0	0	0	3	0
BEAN1	4	8	4	1	0	0	6	1
TK2	91	41	24	26	8	1	169	22
CKLF	605	155	174	172	28	15	950	167
CMTM1	3	33	0	21	4	2	3	28
CMTM2	2	1	1	0	0	0	1	2
CMTM3	995	208	303	137	14	11	1521	195
CMTM4	306	310	75	193	29	6	524	259
DYNC1LI2	1363	419	422	356	42	27	2313	369
TERB1	0	1	0	4	1	0	0	6
NAE1	2216	587	365	371	77	24	3547	440
CA7	2	0	0	0	0	0	4	1
PDP2	92	31	34	27	1	0	283	25
CDH16	1	0	1	0	0	0	0	1
RRAD	5	2	9	1	0	0	9	0
CIAO2B	3204	657	970	657	78	33	5356	567
CES2	340	78	81	56	7	0	545	43
CES3	17	8	1	4	2	0	18	4
CES4A	24	8	9	3	1	0	26	2
CBFB	551	394	109	367	42	23	844	429
C16orf70	174	103	31	100	6	2	292	90
B3GNT9	22	2	21	4	0	0	44	0
TRADD	166	13	111	29	4	1	221	23
FBXL8	27	4	11	6	0	0	38	8
HSF4	2	0	5	0	0	1	3	0
NOL3	141	24	50	27	1	4	224	33
KIAA0895L	123	32	37	17	5	2	166	22
EXOC3L1	2	1	3	1	0	0	7	0
E2F4	672	115	158	92	9	5	983	92
ELMO3	82	12	34	7	1	1	133	9
LRRC29	8	7	6	6	0	0	15	5
TMEM208	1802	463	587	473	43	18	3379	340
FHOD1	116	22	42	11	0	1	135	19
SLC9A5	7	5	0	1	0	0	11	8
PLEKHG4	50	3	19	3	1	0	68	3
KCTD19	3	11	0	4	1	0	3	5
LRRC36	16	18	0	11	2	0	15	6
TPPP3	110	35	21	15	1	1	142	8
ZDHHC1	32	30	33	16	5	1	69	22
HSD11B2	143	38	5	13	2	1	179	30
ATP6V0D1	1068	212	524	275	27	9	1623	204
AGRP	0	0	0	0	0	0	0	0
RIPOR1	162	52	123	45	2	3	228	33
CTCF	1436	511	263	323	67	26	2277	384
CARMIL2	32	3	6	7	0	0	52	5
ACD	298	60	106	44	7	1	479	52
PARD6A	65	12	41	3	1	0	99	9
ENKD1	132	19	24	11	1	4	173	18
C16orf86	32	8	15	4	0	1	57	6
GFOD2	244	122	86	69	14	10	473	92
RANBP10	121	103	31	103	20	3	191	85
TSNAXIP1	14	8	4	3	1	0	20	3
CENPT	334	53	106	55	3	1	516	59
THAP11	508	102	140	82	11	8	793	77
NUTF2	3084	597	1053	547	73	33	5012	526
EDC4	311	47	102	55	13	4	509	43
NRN1L	72	12	9	27	2	0	155	10
PSKH1	176	63	49	46	7	2	281	44
CTRL	2	4	1	1	0	0	5	2
PSMB10	128	89	42	66	11	2	234	66
LCAT	89	24	7	20	1	0	283	10
SLC12A4	154	37	78	34	0	2	234	32
DPEP3	84	4	43	2	0	1	224	5
DPEP2	0	0	1	0	0	0	0	0
DUS2	179	54	45	44	4	3	253	65
DPEP2NB	0	0	0	0	0	0	0	0
DDX28	165	39	67	22	5	1	283	20
NFATC3	569	368	135	253	34	17	1203	272
ESRP2	199	33	127	26	1	0	349	32
PLA2G15	104	24	54	15	3	1	146	24
SLC7A6	278	231	51	272	23	6	472	185
SLC7A6OS	447	167	109	127	10	9	777	127
PRMT7	252	108	74	89	10	6	443	92
SMPD3	4	2	0	1	0	0	4	1
ZFP90	247	149	42	81	8	9	421	85
CDH3	209	98	269	39	4	11	467	42
CDH1	866	364	895	259	36	31	1981	270
TANGO6	158	101	16	106	14	10	189	126
HAS3	79	20	5	10	1	3	109	20
CHTF8	25	6	1	6	1	1	22	3
DERPC	2	1	1	0	1	0	1	0
UTP4	274	89	77	92	6	10	382	96
SNTB2	338	169	103	187	19	11	561	163
VPS4A	796	202	222	133	19	10	1110	152
COG8	160	46	39	36	5	2	298	48
PDF	7	4	3	5	0	0	9	4
NIP7	896	159	194	157	15	9	1601	154
TMED6	3	3	0	1	0	0	3	8
TERF2	351	118	87	120	16	7	614	98
CYB5B	1132	310	280	250	34	12	1887	217
NFAT5	517	756	186	650	73	37	839	431
NQO1	2452	388	523	1249	65	22	3426	1135
NOB1	823	218	188	166	24	4	1492	180
WWP2	140	224	19	225	26	9	197	192
CLEC18A	2	3	2	0	0	0	21	2
PDPR	221	106	59	72	7	5	458	132
CLEC18C	0	0	0	0	0	0	1	1
EXOSC6	836	231	181	179	14	12	1434	181
AARS	621	224	163	158	18	8	1011	164
DDX19B	315	131	75	115	16	7	438	126
DDX19A	332	127	91	100	8	6	476	89
ST3GAL2	294	139	56	123	15	4	388	122
FCSK	92	41	30	20	1	1	137	27
COG4	404	119	131	75	15	5	705	91
SF3B3	1001	296	199	208	24	17	1660	232
IL34	7	4	1	1	0	0	8	27
MTSS2	67	40	22	21	2	2	131	16
VAC14	271	100	90	91	8	6	400	79
HYDIN	9	18	4	22	0	0	6	14
CMTR2	241	53	83	44	6	4	401	34
CALB2	36	4	56	2	0	0	102	6
TLE7	1	0	0	0	0	0	0	0
ZNF23	8	40	1	32	2	3	28	39
ZNF19	47	42	15	23	7	4	97	30
CHST4	5	1	0	2	0	0	7	1
TAT	1	7	0	1	0	0	3	0
MARVELD3	503	139	458	50	10	3	1266	127
PHLPP2	74	101	29	80	10	1	111	100
AP1G1	388	260	116	276	18	13	693	172
ATXN1L	184	29	47	28	6	1	302	23
IST1	959	435	241	382	38	21	1664	354
ZNF821	183	139	61	83	6	7	397	59
PKD1L3	2	5	0	15	0	0	0	37
DHODH	187	43	54	36	3	3	279	35
TXNL4B	153	110	40	38	4	1	238	34
HP	315	50	1	57	1	4	794	35
HPR	38	86	0	58	1	4	77	4
DHX38	432	148	116	98	13	6	668	103
PMFBP1	17	38	1	26	2	1	44	18
ZFHX3	337	379	213	112	28	31	743	293
PSMD7	3999	942	1259	898	109	47	6940	900
NPIPB15	103	22	21	22	3	1	82	35
CLEC18B	5	0	1	0	0	0	7	0
GLG1	1308	830	409	637	102	36	2318	548
RFWD3	285	155	59	112	10	7	491	119
MLKL	4	0	1	2	0	0	11	1
FA2H	17	7	12	9	0	0	31	5
WDR59	298	229	78	200	24	7	487	183
ZNRF1	1261	459	233	339	41	30	2075	401
LDHD	44	7	10	5	1	0	117	10
ZFP1	87	54	22	45	4	0	188	40
CTRB2	1	0	0	0	0	0	0	0
CTRB1	0	0	0	0	0	0	0	0
BCAR1	428	116	165	100	3	8	636	68
CFDP1	2231	1011	580	848	81	42	4571	801
TMEM170A	875	307	203	228	28	12	1562	229
CHST6	59	22	11	13	1	0	80	15
CHST5	1	0	0	0	0	0	0	2
TMEM231	52	27	23	18	6	2	97	12
GABARAPL2	2573	524	1094	497	42	21	4465	382
ADAT1	235	74	60	66	4	5	339	31
KARS	1019	221	256	210	33	7	1627	155
TERF2IP	798	223	235	201	23	12	1304	163
AC025287.4	0	0	0	0	0	0	0	0
DUXB	0	0	0	0	0	0	1	0
CPHXL	4	1	0	0	0	0	8	1
CNTNAP4	10	78	0	28	6	21	21	22
MON1B	284	91	90	72	11	3	514	64
SYCE1L	133	74	47	29	4	4	214	44
ADAMTS18	154	225	89	112	7	10	179	112
NUDT7	177	84	45	34	5	5	336	25
VAT1L	14	11	8	12	0	0	38	7
CLEC3A	0	0	0	0	0	0	0	1
WWOX	236	2462	54	2014	201	109	376	4383
MAF	383	157	119	232	10	4	666	118
DYNLRB2	16	5	4	7	0	0	13	4
CDYL2	37	119	8	86	17	7	86	77
CMC2	1403	353	364	351	43	18	2119	324
CENPN	502	216	153	129	35	13	1367	129
ATMIN	619	136	185	111	13	7	1053	109
C16orf46	11	44	5	33	6	2	18	27
GCSH	271	1327	59	1013	128	56	473	932
BCO1	12	11	8	11	1	1	23	6
GAN	83	137	18	110	9	7	166	109
CMIP	514	709	144	627	77	36	945	589
PLCG2	188	106	7	148	11	10	316	84
SDR42E1	0	0	0	10	0	0	3	0
HSD17B2	231	144	10	61	7	3	674	52
MPHOSPH6	920	285	168	238	33	11	1739	176
CDH13	21	100	10	42	0	1	29	44
HSBP1	8064	1701	2454	1602	187	91	14190	1348
MLYCD	296	132	73	86	13	3	564	102
OSGIN1	23	3	35	14	0	0	34	2
NECAB2	171	33	6	15	3	3	210	25
SLC38A8	51	5	2	20	2	0	73	9
MBTPS1	667	238	175	191	15	8	962	174
HSDL1	417	129	114	68	10	2	744	92
DNAAF1	8	0	1	0	0	0	4	1
TAF1C	155	33	41	29	2	0	247	24
ADAD2	0	0	2	0	0	0	1	0
KCNG4	0	1	0	0	0	0	1	0
WFDC1	4	1	7	2	0	0	8	0
ATP2C2	63	22	47	33	2	1	74	9
MEAK7	179	89	91	55	7	3	322	56
COTL1	1116	318	1162	379	17	15	1761	168
KLHL36	279	66	117	64	4	7	484	42
USP10	1107	521	255	431	62	24	1909	468
CRISPLD2	32	13	43	6	0	2	54	13
ZDHHC7	353	101	98	88	8	4	600	86
KIAA0513	53	29	21	16	3	0	84	16
FAM92B	0	0	2	1	0	0	1	0
GSE1	646	545	123	301	25	9	836	409
GINS2	838	170	265	126	27	2	1481	162
C16orf74	70	37	75	31	0	3	153	29
EMC8	1117	377	264	293	32	17	2009	258
COX4I1	14555	3379	3978	3612	384	166	28085	2657
IRF8	4	2	12	3	0	1	5	0
FOXF1	1	1	1	0	0	0	1	1
MTHFSD	92	57	26	27	2	0	194	35
FOXC2	2	1	1	0	0	0	8	0
FOXL1	1	1	0	0	0	0	0	1
C16orf95	9	32	6	28	6	1	19	24
FBXO31	74	35	16	32	5	5	85	25
MAP1LC3B	1761	377	742	407	44	30	2648	382
ZCCHC14	200	144	40	155	10	9	422	135
JPH3	122	52	43	21	2	5	188	44
KLHDC4	237	100	59	81	10	9	320	81
SLC7A5	1211	361	242	306	42	20	1823	440
CA5A	17	40	0	22	2	1	64	30
BANP	269	170	83	159	15	5	453	170
ZNF469	3	0	1	1	0	0	14	1
ZFPM1	727	223	212	165	14	12	1229	186
ZC3H18	964	324	185	241	23	18	1630	240
IL17C	0	0	0	0	0	0	1	0
CYBA	6386	2054	2226	1065	146	89	10593	1124
MVD	1092	298	108	277	31	9	2406	279
SNAI3	48	42	5	42	5	2	63	31
RNF166	282	58	66	44	5	4	478	47
CTU2	215	44	48	39	6	1	285	44
PIEZO1	78	16	105	17	0	1	76	27
CDT1	757	97	154	60	9	5	995	100
APRT	6354	1724	1292	1146	137	84	11676	1313
GALNS	276	73	61	44	8	3	346	62
TRAPPC2L	2180	456	532	463	42	29	3722	520
PABPN1L	0	0	0	0	0	0	1	0
CBFA2T3	29	5	23	2	0	1	64	3
ACSF3	277	83	63	69	8	8	495	84
CDH15	6	2	0	0	0	0	50	3
SLC22A31	30	3	18	3	0	0	130	9
ZNF778	140	42	26	37	2	4	271	33
ANKRD11	3324	1345	816	1074	144	47	5670	1126
SPG7	1042	365	229	320	40	22	1805	264
RPL13	102762	24544	23098	20492	2402	1082	200216	19021
CPNE7	29	4	2	5	2	0	28	3
DPEP1	302	259	1	134	17	5	853	75
CHMP1A	683	141	249	98	12	7	1066	103
SPATA33	390	114	75	74	7	4	627	70
CDK10	444	126	106	118	10	4	783	114
SPATA2L	221	65	53	45	4	0	315	36
VPS9D1	65	37	33	46	1	4	119	39
ZNF276	138	42	33	30	0	3	244	37
FANCA	233	108	52	101	15	4	427	141
SPIRE2	129	41	24	59	9	4	269	60
TCF25	2000	450	677	415	60	18	3288	377
MC1R	9	4	9	4	0	1	15	7
TUBB3	4	340	11	394	59	33	20	432
DEF8	955	204	351	270	45	11	1625	193
CENPBD1	113	10	46	16	1	0	191	17
DBNDD1	326	53	156	34	4	5	634	53
GAS8	114	44	39	19	5	5	249	43
PRDM7	0	0	0	0	0	0	2	0
SCGB1C2	0	0	0	0	0	0	0	0
DOC2B	2	6	0	3	0	0	0	6
RPH3AL	26	125	6	87	8	4	81	106
C17orf97	107	38	46	38	5	1	210	18
RFLNB	73	15	31	8	3	2	132	21
VPS53	323	248	90	307	38	13	570	289
TLCD3A	282	48	68	50	6	8	403	48
GEMIN4	213	34	29	31	4	3	313	31
GLOD4	1452	323	409	248	32	13	2757	260
MRM3	310	69	63	67	7	3	556	60
NXN	1274	862	245	613	71	51	1482	839
TIMM22	4	136	3	136	19	5	5	144
ABR	9	138	3	135	14	1	19	173
BHLHA9	0	0	0	0	0	0	0	0
TRARG1	0	2	0	1	0	0	0	0
YWHAE	511	2492	133	2080	245	122	829	2177
CRK	9	246	1	223	22	13	29	195
MYO1C	354	61	232	53	6	7	714	77
INPP5K	112	33	39	33	2	0	141	25
PITPNA	567	268	194	281	22	12	946	200
SLC43A2	10	24	4	19	1	3	12	28
SCARF1	0	2	0	4	0	1	0	2
RILP	4	9	8	16	0	1	5	17
PRPF8	400	342	94	245	46	11	684	256
TLCD2	0	12	0	12	2	0	1	10
WDR81	17	29	7	31	3	1	19	22
SERPINF2	2	47	0	53	6	0	5	24
SERPINF1	646	250	356	440	35	3	1606	163
SMYD4	185	82	60	47	11	4	309	42
RPA1	859	237	245	172	24	11	1577	176
RTN4RL1	38	56	4	24	8	3	19	69
DPH1	5	10	3	7	1	1	7	5
OVCA2	0	0	0	0	0	0	1	0
HIC1	1	1	1	0	0	0	7	0
SMG6	436	464	113	399	56	28	567	423
SRR	227	92	65	75	4	2	347	74
TSR1	755	180	156	157	19	10	1337	123
SGSM2	133	32	77	29	3	3	209	19
MNT	123	36	60	31	2	1	223	21
METTL16	436	380	86	253	29	21	827	277
PAFAH1B1	1364	733	428	686	61	41	2366	672
CLUH	214	37	58	39	3	3	362	32
RAP1GAP2	40	118	21	54	11	5	68	110
OR1D5	0	0	0	0	0	0	0	0
OR1D2	0	0	0	0	0	0	0	0
OR1G1	0	0	0	0	0	0	2	0
OR1A2	0	0	0	0	0	0	0	0
OR1A1	0	0	0	0	1	0	0	0
OR3A2	0	1	0	0	0	0	2	2
OR3A1	0	0	0	0	0	0	1	0
AC087498.1	0	0	0	0	0	0	0	0
OR1E1	0	0	0	0	0	0	0	0
OR3A3	1	2	1	2	0	0	2	1
OR1E2	0	0	0	0	0	0	0	0
SPATA22	0	1	0	2	4	0	1	4
ASPA	4	3	1	3	0	0	8	2
TRPV3	27	11	16	11	0	0	66	8
TRPV1	79	81	9	61	12	0	186	72
SHPK	123	157	26	113	19	2	197	97
CTNS	162	62	72	50	1	2	225	35
TAX1BP3	601	177	256	211	19	16	988	147
EMC6	3028	727	724	698	88	34	5099	551
P2RX5	0	0	4	0	1	0	0	1
ITGAE	1507	328	330	253	33	21	2334	278
HASPIN	61	8	14	10	1	0	66	8
NCBP3	962	282	222	252	33	15	1835	208
CAMKK1	16	15	7	9	0	0	41	19
P2RX1	0	0	2	0	0	0	2	0
ATP2A3	6	2	5	2	1	0	22	0
ZZEF1	100	127	48	154	13	7	182	100
CYB5D2	176	53	72	41	6	2	238	54
ANKFY1	270	197	76	170	13	10	473	206
UBE2G1	500	538	159	417	46	22	801	427
SPNS3	7	1	12	1	0	0	7	0
SPNS2	93	2	122	3	0	0	103	2
MYBBP1A	253	59	61	37	9	1	425	44
GGT6	0	0	1	0	0	0	2	0
SMTNL2	124	48	84	37	1	4	269	23
ALOX15	6	0	46	1	0	0	6	0
PELP1	1008	238	181	183	20	17	1468	225
ARRB2	307	85	72	54	7	2	504	45
MED11	711	173	190	130	16	9	1134	110
CXCL16	66	5	122	8	0	0	48	1
ZMYND15	2	0	4	1	0	0	3	2
TM4SF5	64	14	0	13	2	0	90	10
VMO1	10	4	6	1	0	0	14	2
GLTPD2	450	154	9	102	7	2	967	48
PSMB6	6372	1469	1880	1237	131	62	9764	1258
AC233723.1	11	6	6	5	1	1	28	9
PLD2	168	41	73	31	3	3	315	32
MINK1	233	112	70	94	11	5	358	98
CHRNE	11	12	3	13	0	0	20	13
C17orf107	17	7	5	3	1	0	41	2
GP1BA	5	2	0	3	0	1	5	3
SLC25A11	1455	302	402	247	30	18	2163	247
RNF167	1007	205	389	149	27	9	1470	178
PFN1	19695	3978	7382	4104	438	165	29658	3786
ENO3	301	41	84	59	1	4	529	50
SPAG7	2124	568	556	444	52	18	3577	426
CAMTA2	99	32	31	38	5	5	143	18
INCA1	19	9	3	9	0	0	32	4
KIF1C	690	166	101	162	19	4	1374	107
SLC52A1	4	2	4	7	0	0	8	3
ZFP3	12	6	6	6	0	0	43	8
ZNF232	328	74	59	77	8	1	519	69
USP6	2	3	0	1	0	0	1	2
ZNF594	71	46	14	33	6	0	103	20
SCIMP	2	4	0	3	0	1	6	2
RABEP1	533	302	178	281	33	19	970	235
NUP88	448	202	104	162	17	14	650	171
RPAIN	2370	547	569	386	62	25	3822	465
C1QBP	7366	1350	1269	1155	145	53	12672	1060
DHX33	554	140	84	128	11	11	1025	117
DERL2	1203	261	292	264	38	9	2330	206
MIS12	338	125	91	94	10	6	594	65
NLRP1	4	1	1	0	0	0	8	1
AC055839.2	2	6	3	1	0	0	5	3
WSCD1	52	18	17	6	1	0	94	11
AIPL1	4	0	22	3	0	0	26	0
PIMREG	554	123	88	46	11	9	796	103
PITPNM3	8	9	6	4	1	0	17	5
KIAA0753	140	109	37	76	10	8	222	79
AC004706.3	0	6	0	1	0	1	1	2
TXNDC17	7449	1621	1156	1911	228	58	14967	1389
MED31	453	126	171	114	16	5	851	99
C17orf100	51	22	8	13	4	1	135	19
SLC13A5	263	128	0	100	8	1	963	42
XAF1	3	2	2	1	0	0	2	1
FBXO39	1	1	0	1	0	0	0	0
TEKT1	0	3	4	2	0	1	1	3
ALOX12	1	3	3	0	0	0	3	4
RNASEK	118	2268	44	1603	175	78	226	1246
C17orf49	90	599	30	334	29	12	144	321
BCL6B	10	1	3	2	0	0	25	0
SLC16A13	25	39	17	16	3	2	80	11
SLC16A11	12	3	8	3	0	0	4	2
CLEC10A	0	0	0	1	0	0	6	0
ASGR2	535	169	6	189	11	8	1240	69
ASGR1	1114	292	53	375	13	8	3363	107
DLG4	77	24	16	19	3	0	101	17
ACADVL	1633	251	754	187	16	14	2400	185
DVL2	600	103	114	96	5	6	917	87
PHF23	1119	189	238	159	26	8	1591	139
GABARAP	121	1851	48	1619	166	71	189	1245
CTDNEP1	1429	262	528	234	30	14	2353	215
ELP5	582	143	121	109	13	6	2088	102
CLDN7	3627	870	2334	865	91	30	5914	714
SLC2A4	11	7	2	2	0	0	30	1
YBX2	38	24	13	16	3	0	134	19
EIF5A	6242	1159	1860	982	86	58	10192	965
GPS2	263	153	83	143	26	6	539	153
NEURL4	83	11	28	15	1	0	109	18
ACAP1	21	7	15	13	3	2	76	10
KCTD11	56	7	33	13	0	0	116	10
TMEM95	0	0	0	0	0	0	0	2
TNK1	49	18	16	7	4	0	85	16
PLSCR3	3	42	0	24	2	1	0	39
TMEM256	3264	1047	538	1098	115	38	6549	736
NLGN2	113	71	14	51	3	1	208	44
SPEM1	0	0	0	0	0	0	0	0
SPEM2	0	0	1	0	0	0	1	0
SPEM3	0	0	0	0	0	0	0	0
TMEM102	98	9	77	19	1	0	150	12
FGF11	107	8	56	13	1	1	159	19
CHRNB1	95	26	107	25	2	1	197	22
ZBTB4	142	67	81	73	3	3	251	57
SLC35G6	2	0	0	1	0	0	4	2
POLR2A	1272	354	374	289	41	21	1847	290
TNFSF12	214	57	31	97	11	1	482	17
TNFSF13	0	6	0	9	0	0	0	11
SENP3	42	59	15	29	2	2	111	40
EIF4A1	4220	4239	1003	3403	390	189	5880	4017
CD68	53	10	12	10	1	0	70	8
MPDU1	826	178	239	129	19	12	1097	147
SOX15	114	28	188	5	4	2	261	37
FXR2	391	57	88	51	6	1	519	52
SHBG	78	17	3	31	4	0	203	19
SAT2	2824	670	724	785	69	20	5840	564
ATP1B2	46	7	10	7	1	0	92	12
TP53	495	103	125	78	7	9	908	127
WRAP53	288	35	60	40	3	3	403	39
EFNB3	125	30	61	17	1	1	213	22
DNAH2	10	7	0	5	0	0	7	5
KDM6B	752	127	183	118	11	4	1145	120
TMEM88	397	104	39	168	24	7	929	47
NAA38	1732	515	464	350	32	19	2969	357
CYB5D1	76	21	12	26	2	2	143	18
CHD3	370	70	135	64	8	2	490	72
RNF227	21	3	8	3	0	1	44	6
KCNAB3	19	2	1	2	2	0	24	1
TRAPPC1	2976	656	1233	666	75	27	5017	484
CNTROB	90	34	29	21	2	0	127	23
GUCY2D	20	23	2	18	0	1	45	10
ALOX15B	10	1	3	1	0	0	34	0
ALOX12B	2	2	1	1	0	0	1	2
ALOXE3	2	1	3	1	0	1	3	0
HES7	9	0	2	0	0	0	11	1
PER1	102	38	23	21	4	2	150	28
VAMP2	786	173	341	140	19	6	1524	115
TMEM107	418	119	104	79	11	7	625	105
BORCS6	160	33	49	52	3	1	340	35
AURKB	735	179	170	96	15	13	1155	126
CTC1	42	39	21	23	2	1	75	25
PFAS	229	76	43	53	7	3	348	55
SLC25A35	17	4	12	1	1	0	35	6
RANGRF	505	117	155	83	13	2	850	92
ARHGEF15	23	1	0	7	0	0	29	7
ODF4	0	0	0	0	0	0	0	0
KRBA2	52	46	13	26	6	3	55	38
RPL26	21741	17242	5012	14614	1715	775	39824	13968
RNF222	1	0	0	1	0	0	1	2
NDEL1	277	171	81	169	24	7	444	147
MYH10	2395	1132	486	928	101	52	3913	876
CCDC42	3	0	0	0	0	0	2	0
SPDYE4	0	0	0	0	0	0	0	1
MFSD6L	18	4	25	3	2	1	31	10
PIK3R6	2	6	0	1	0	0	3	6
PIK3R5	237	8	3	20	1	1	125	28
NTN1	127	246	18	151	20	18	46	442
STX8	779	538	276	483	34	23	1467	442
CFAP52	2	3	0	2	0	1	1	2
USP43	35	47	39	27	1	3	56	69
DHRS7C	4	0	0	1	0	0	2	0
GSG1L2	0	1	0	0	0	0	0	1
GLP2R	2	0	0	1	0	0	0	0
RCVRN	0	0	0	0	0	0	0	0
GAS7	48	32	50	41	1	3	64	16
MYH13	0	1	0	0	0	0	0	0
MYH8	0	0	0	0	0	0	0	0
MYH4	2	2	0	0	0	0	5	0
MYH1	0	0	0	0	0	0	0	1
MYH2	0	0	0	0	0	0	0	0
MYH3	5	3	5	6	0	0	7	4
SCO1	1072	291	209	260	31	13	1842	220
ADPRM	91	30	25	25	3	1	161	22
TMEM220	114	45	36	31	3	0	354	47
TMEM238L	1	2	0	0	0	1	3	0
PIRT	0	1	0	2	0	0	0	1
SHISA6	133	522	4	354	25	20	139	482
DNAH9	17	18	1	33	1	1	10	28
ZNF18	100	32	17	35	4	0	136	32
MAP2K4	396	698	91	672	81	21	800	511
MYOCD	17	13	2	10	4	2	9	7
ARHGAP44	94	235	28	183	22	12	176	185
ELAC2	465	104	145	84	15	4	710	77
HS3ST3A1	65	158	8	251	15	10	138	109
COX10	180	121	63	117	7	8	336	124
CDRT15	0	0	0	0	0	0	0	0
HS3ST3B1	37	20	3	19	2	3	85	26
PMP22	346	30	13	72	4	1	217	24
TEKT3	3	1	3	1	0	1	8	3
CDRT4	6	130	1	126	9	6	9	196
TVP23C	119	285	13	219	15	16	159	372
CDRT1	0	2	2	0	0	0	0	1
TRIM16	233	120	296	84	8	6	417	81
ZNF286A	125	197	49	129	21	12	214	146
TBC1D26	0	1	0	0	1	0	0	2
ADORA2B	37	7	38	11	0	0	45	8
ZSWIM7	1027	485	327	253	36	25	1784	404
TTC19	983	437	252	347	29	15	1865	309
NCOR1	1967	1005	508	870	84	36	3478	766
PIGL	216	308	48	224	12	15	371	266
CENPV	5218	1240	200	738	118	46	9660	1080
UBB	14040	3312	2513	3047	329	130	21228	2654
TRPV2	28	7	13	6	0	0	32	2
LRRC75A	1361	166	225	137	16	5	2328	196
ZNF287	61	23	15	8	2	0	124	26
ZNF624	42	20	12	21	3	1	59	21
CCDC144A	3	5	0	6	0	0	2	6
TNFRSF13B	3	0	0	0	0	0	6	2
MPRIP	524	194	205	174	18	16	855	155
PLD6	3	2	1	1	0	0	12	0
FLCN	158	29	63	53	5	2	266	39
COPS3	1211	273	357	206	33	14	1843	230
NT5M	86	16	24	9	2	1	103	17
MED9	183	56	50	52	10	1	345	43
RASD1	356	72	6	138	4	0	670	28
PEMT	491	181	100	153	25	11	980	131
RAI1	203	198	47	126	14	12	302	167
SREBF1	263	64	51	42	5	2	400	41
TOM1L2	72	112	71	135	11	8	123	75
DRC3	25	10	5	9	0	0	41	16
ATPAF2	353	77	100	60	5	9	486	98
GID4	188	59	62	41	6	2	298	33
DRG2	509	136	159	110	7	4	804	113
MYO15A	17	7	2	3	1	1	32	7
ALKBH5	787	133	226	176	18	10	1482	149
LLGL1	232	61	23	36	1	0	157	37
FLII	750	132	231	106	11	4	1095	86
MIEF2	165	50	77	31	1	3	328	25
TOP3A	261	119	70	97	10	8	356	66
SMCR8	107	24	44	29	1	0	174	18
SHMT1	440	197	75	122	8	4	645	89
EVPLL	0	1	1	0	0	0	0	0
LGALS9C	0	1	0	0	0	0	0	0
TBC1D28	0	0	0	0	0	0	0	0
FOXO3B	51	26	9	16	4	2	95	25
TRIM16L	43	21	25	10	0	0	90	13
FBXW10	0	1	0	0	0	0	0	0
TVP23B	194	141	61	138	14	3	406	72
PRPSAP2	719	271	114	236	29	13	1211	209
SLC5A10	3	9	0	9	0	0	1	18
FAM83G	108	21	21	30	2	1	135	22
GRAP	3	0	0	3	0	0	5	0
GRAPL	0	0	0	1	0	0	0	0
EPN2	356	309	130	216	37	11	724	252
B9D1	323	102	103	108	5	1	483	85
MAPK7	287	48	51	58	5	2	483	46
MFAP4	42	5	7	20	6	1	76	22
RNF112	7	0	1	2	1	0	16	2
SLC47A1	47	7	0	10	2	0	33	7
ALDH3A2	565	102	203	195	12	7	1085	127
SLC47A2	2	2	0	1	0	0	4	2
ALDH3A1	5	1	0	0	0	0	14	0
ULK2	120	86	24	43	7	0	174	54
AKAP10	163	229	59	165	28	17	287	163
SPECC1	420	194	220	176	23	11	648	153
LGALS9B	0	0	0	0	0	0	0	0
CDRT15L2	0	0	0	0	0	0	0	0
CCDC144NL	1	27	0	25	3	3	0	39
USP22	1702	629	367	610	84	42	2619	549
DHRS7B	512	267	156	314	32	10	935	256
TMEM11	986	201	301	187	28	11	1545	175
NATD1	52	15	31	18	2	1	97	9
MAP2K3	404	116	76	79	9	1	763	98
KCNJ12	29	27	12	17	2	0	130	17
KCNJ18	0	0	0	0	0	0	0	0
MTRNR2L1	5	2	0	88	0	1	13	1
WSB1	2561	902	1067	725	77	64	4955	664
KSR1	90	102	74	121	7	7	134	65
LGALS9	2	4	4	5	0	1	5	1
NOS2	9	2	5	3	0	2	15	1
LYRM9	122	35	32	9	2	2	178	21
NLK	197	500	58	467	56	29	374	409
TMEM97	1410	310	295	284	43	17	2929	246
IFT20	988	310	326	292	30	14	1858	207
TNFAIP1	275	65	131	82	6	2	397	55
POLDIP2	1080	220	276	187	20	11	1757	170
TMEM199	574	111	184	114	8	2	874	97
SEBOX	0	1	0	0	0	0	0	0
SARM1	22	29	6	71	4	2	54	29
VTN	3381	1368	4	1515	133	17	5183	647
SLC46A1	77	27	40	44	3	0	175	11
AC005726.1	30	36	5	27	4	1	51	43
SLC13A2	16	7	0	7	0	0	35	6
FOXN1	0	0	0	0	0	0	0	0
UNC119	782	153	156	126	21	11	1473	152
PIGS	277	85	105	40	6	3	396	50
ALDOC	295	82	17	81	9	0	733	62
SPAG5	440	94	70	57	4	5	785	38
RSKR	89	16	12	8	1	0	133	16
KIAA0100	379	146	92	125	6	7	698	131
SDF2	940	240	349	234	31	8	1576	175
SUPT6H	739	238	210	214	29	17	1280	178
PROCA1	176	47	20	24	2	1	257	24
RAB34	2021	431	596	360	44	20	3598	332
RPL23A	26107	9323	5357	7580	880	436	47609	7683
TLCD1	309	52	87	53	7	2	645	38
NEK8	141	31	41	23	6	1	238	27
TRAF4	1753	223	566	296	37	11	2872	272
FAM222B	571	434	172	354	45	20	1001	395
ERAL1	598	128	160	90	12	3	977	112
FLOT2	685	197	169	141	12	9	927	122
DHRS13	234	51	41	34	5	2	371	35
PHF12	251	95	70	70	16	3	424	96
PIPOX	20	5	6	11	0	2	52	9
SEZ6	2	4	2	3	0	0	3	0
MYO18A	80	90	21	88	13	2	177	64
TIAF1	6	1	2	2	0	0	10	1
CRYBA1	29	4	5	5	0	0	70	4
NUFIP2	994	477	270	452	39	21	1833	453
TAOK1	885	627	192	551	68	29	1512	503
ABHD15	68	20	14	19	1	0	140	4
TP53I13	864	156	187	175	18	6	1516	137
GIT1	288	67	69	58	4	3	538	56
ANKRD13B	10	3	7	5	0	0	26	2
CORO6	3	1	2	0	0	0	3	0
SSH2	230	541	95	620	71	26	329	394
EFCAB5	4	8	0	9	0	0	5	5
NSRP1	1023	549	261	406	42	34	1662	349
SLC6A4	20	7	17	12	0	0	36	10
BLMH	888	184	164	162	12	5	1247	156
TMIGD1	0	0	0	0	0	0	0	0
CPD	425	235	78	235	21	10	801	197
GOSR1	1115	402	270	386	32	15	1866	366
CRLF3	184	261	37	190	20	12	388	169
ATAD5	545	185	105	155	23	19	988	144
TEFM	332	147	85	103	14	4	577	92
ADAP2	10	20	5	11	0	0	40	7
RNF135	194	67	43	62	5	8	368	59
NF1	685	1193	198	906	105	51	1299	888
OMG	0	42	0	32	6	1	2	24
EVI2B	0	7	0	10	1	0	0	16
EVI2A	1	3	0	4	0	0	0	2
RAB11FIP4	427	128	165	141	14	7	834	68
COPRS	1650	350	461	365	37	13	2812	250
UTP6	876	237	214	212	31	8	1366	203
SUZ12	873	330	225	288	38	20	1525	270
LRRC37B	146	51	25	38	3	1	151	62
RHOT1	430	250	112	171	21	10	823	229
RHBDL3	15	9	5	13	1	0	45	6
C17orf75	544	165	156	71	14	8	925	112
ZNF207	2380	662	517	558	62	33	4095	547
PSMD11	2745	574	831	547	49	37	4507	470
CDK5R1	80	13	16	10	1	2	129	7
MYO1D	131	457	54	427	45	16	193	514
TMEM98	2302	455	236	443	53	21	4240	406
SPACA3	2	0	0	2	0	0	3	0
ASIC2	5	10	0	72	1	0	5	15
CCL2	136	8	62	12	0	0	117	51
CCL7	0	0	0	0	0	0	0	0
CCL11	0	0	0	0	0	0	0	0
CCL8	0	0	0	0	0	0	0	0
CCL13	0	0	1	0	0	0	1	0
CCL1	0	0	0	0	0	0	0	0
TMEM132E	3	0	6	0	0	0	6	0
CCT6B	70	51	17	27	7	3	106	21
ZNF830	541	106	112	113	16	5	867	91
LIG3	557	183	96	122	13	12	1108	122
RFFL	227	339	34	304	33	9	391	286
RAD51D	261	80	55	61	7	2	420	67
FNDC8	0	0	0	0	0	0	0	1
NLE1	211	40	59	38	6	2	346	39
UNC45B	0	1	0	0	0	0	0	0
SLC35G3	1	0	0	0	0	0	1	0
SLFN5	133	25	136	19	3	2	175	36
SLFN11	6	0	6	0	0	0	4	0
SLFN12	24	2	56	12	0	0	72	5
SLFN13	154	3	22	13	1	2	181	9
SLFN12L	0	0	0	0	0	0	0	1
SLFN14	0	0	0	0	0	0	0	0
PEX12	35	9	23	8	0	0	50	9
AP2B1	1125	472	302	435	44	25	1766	329
TAF15	565	1077	123	750	76	47	1059	804
RASL10B	149	33	14	32	8	0	298	21
GAS2L2	1	1	0	0	0	0	0	0
MMP28	1	1	5	3	1	0	0	1
C17orf50	6	0	2	2	0	0	2	1
HEATR9	0	0	0	0	0	0	0	1
CCL5	0	0	0	1	0	0	0	1
RDM1	32	42	8	13	0	1	21	7
LYZL6	0	0	0	0	0	0	0	0
CCL16	0	0	0	0	0	0	0	0
CCL14	0	2	0	0	0	0	0	5
CCL15	0	35	0	12	2	0	0	9
CCL23	0	0	0	0	0	0	0	0
CCL18	0	0	0	0	0	0	0	1
CCL3	0	0	0	0	0	0	0	0
CCL4	0	0	0	0	0	0	0	0
TBC1D3B	0	0	0	0	0	0	0	0
CCL3L1	0	1	0	0	0	0	0	1
CCL4L2	0	0	1	0	0	0	0	0
TBC1D3I	0	0	0	0	0	0	0	0
TBC1D3G	0	0	0	0	0	0	0	0
TBC1D3H	0	0	0	0	0	0	0	0
TBC1D3F	0	0	0	0	0	0	0	0
ZNHIT3	10	420	2	385	38	17	7	276
MYO19	6	193	3	171	28	9	14	171
PIGW	0	35	0	23	2	2	2	16
GGNBP2	592	437	148	397	45	15	998	370
DHRS11	12	232	5	209	18	11	28	121
MRM1	0	20	1	9	3	0	1	19
LHX1	38	42	0	25	5	1	31	184
AATF	684	313	138	275	33	13	917	333
ACACA	56	650	7	464	89	32	92	455
C17orf78	0	3	0	5	0	0	0	3
TADA2A	97	117	8	116	17	6	170	116
DUSP14	0	153	0	119	18	3	0	141
SYNRG	192	258	41	211	23	10	358	200
DDX52	432	587	81	435	55	25	644	441
HNF1B	22	396	0	293	47	4	59	312
TBC1D3K	0	0	0	0	0	0	0	0
TBC1D3L	0	2	0	0	1	0	0	0
TBC1D3D	0	0	1	0	0	0	0	1
TBC1D3C	0	0	0	0	0	0	0	0
TBC1D3E	0	0	0	0	0	0	0	0
TBC1D3	0	0	0	0	0	0	0	0
MRPL45	75	228	12	150	21	12	93	175
GPR179	0	0	0	0	0	0	0	1
SOCS7	6	110	3	80	9	3	23	81
ARHGAP23	3	3	4	8	0	0	2	5
SRCIN1	2	35	0	14	2	2	3	14
EPOP	0	42	0	37	4	1	0	35
MLLT6	3	52	1	40	7	4	3	66
CISD3	47	227	10	124	14	3	102	112
PCGF2	20	149	3	125	18	9	36	125
PSMB3	4283	1167	1058	1108	120	57	7050	915
PIP4K2B	10	86	2	84	10	8	16	84
CWC25	98	89	37	86	12	3	165	66
C17orf98	0	0	0	0	0	0	0	1
RPL23	38276	7831	8533	7002	766	422	83732	6588
LASP1	637	179	270	255	13	6	1119	198
LINC00672	30	8	22	6	0	0	81	10
FBXO47	0	0	0	0	0	0	0	0
PLXDC1	16	8	3	4	0	0	29	0
ARL5C	0	1	0	0	0	0	0	1
CACNB1	15	4	3	4	1	1	22	1
RPL19	59055	13846	15270	10983	1339	628	106266	10899
STAC2	0	0	3	1	0	0	1	3
FBXL20	180	315	52	221	27	16	303	218
MED1	551	218	137	149	22	11	877	156
CDK12	860	373	213	317	35	23	1426	345
NEUROD2	0	0	0	0	0	0	2	0
PPP1R1B	5	0	5	0	1	0	10	0
STARD3	366	85	128	82	9	5	714	71
TCAP	5	1	1	2	1	0	21	1
PNMT	5	2	64	2	0	0	9	1
PGAP3	69	36	34	16	5	1	156	19
ERBB2	412	157	200	80	16	8	855	93
MIEN1	1492	298	605	236	32	12	2350	252
GRB7	249	49	79	75	18	3	593	59
IKZF3	3	0	4	0	0	0	6	1
ZPBP2	0	0	0	0	0	0	0	0
GSDMB	27	34	8	22	4	4	60	25
ORMDL3	248	79	78	48	7	8	479	55
LRRC3C	0	0	0	0	0	0	0	0
GSDMA	0	1	1	1	0	0	0	1
PSMD3	1707	284	506	329	38	24	2739	267
CSF3	0	0	0	0	0	0	0	0
MED24	445	88	110	83	15	5	613	80
THRA	151	38	22	48	5	0	269	34
NR1D1	15	4	14	4	0	0	40	4
MSL1	585	148	123	106	16	6	1036	112
CASC3	580	193	119	151	12	7	1061	155
RAPGEFL1	28	22	3	14	2	0	84	17
WIPF2	391	168	132	165	18	7	694	177
CDC6	431	108	105	65	13	7	701	97
RARA	168	62	34	39	3	0	304	34
GJD3	2	0	0	0	0	0	1	0
TOP2A	3097	975	439	507	56	40	4879	592
IGFBP4	370	119	87	168	10	5	512	101
TNS4	4	2	1	0	1	0	0	1
CCR7	1	0	7	1	0	0	12	0
SMARCE1	766	787	143	514	79	36	1411	541
KRT222	36	25	1	30	4	1	99	19
KRT24	0	0	2	0	0	0	4	0
KRT25	0	0	0	0	0	0	0	0
KRT26	0	0	0	0	0	0	0	0
KRT27	1	0	0	0	0	0	0	0
KRT28	0	0	0	0	0	0	0	0
KRT10	2869	756	1089	846	126	31	6445	588
KRT12	0	0	0	0	0	0	0	0
KRT20	0	12	0	0	0	0	0	0
KRT23	17	8	18	37	1	0	67	2
KRT39	0	0	0	0	0	0	0	0
KRT40	0	0	0	0	0	0	0	0
KRTAP3-3	0	0	0	0	0	0	0	0
KRTAP3-2	0	0	0	0	0	0	0	0
KRTAP3-1	0	1	0	0	0	0	0	0
KRTAP1-5	0	0	0	0	0	0	0	0
KRTAP1-4	0	0	0	0	0	0	0	0
KRTAP1-3	0	0	0	0	0	0	0	0
KRTAP1-1	0	0	0	0	0	0	0	0
KRTAP2-1	0	0	0	0	0	0	0	0
KRTAP2-2	0	0	0	0	0	0	0	0
KRTAP2-3	0	0	0	0	0	0	0	0
KRTAP2-4	0	0	0	0	0	0	0	0
KRTAP4-7	0	0	0	0	0	0	0	0
KRTAP4-8	0	0	0	0	0	0	0	0
KRTAP4-16	0	0	0	0	0	0	0	0
KRTAP4-9	0	0	0	0	0	0	0	0
KRTAP4-11	0	0	0	0	0	0	0	0
KRTAP4-12	0	0	0	0	0	0	0	0
KRTAP4-6	0	0	0	0	0	0	0	0
KRTAP4-5	0	0	0	0	0	0	0	0
KRTAP4-4	0	0	0	0	0	0	0	0
KRTAP4-3	0	0	0	0	0	0	0	0
KRTAP4-2	0	0	0	0	0	0	0	0
KRTAP4-1	0	0	0	0	0	0	0	0
KRTAP9-1	0	0	0	0	0	0	0	0
KRTAP9-2	0	0	0	0	0	0	0	0
KRTAP9-3	0	0	0	0	0	0	0	0
KRTAP9-8	0	0	0	0	0	0	0	0
KRTAP9-4	0	0	0	0	0	0	0	0
KRTAP9-9	0	0	0	0	0	0	0	0
KRTAP9-6	0	0	0	0	0	0	0	0
KRTAP9-7	0	0	0	0	0	0	0	0
KRTAP29-1	0	0	0	0	0	0	0	0
KRTAP16-1	0	0	0	0	0	0	0	0
KRTAP17-1	0	0	0	0	0	0	0	0
KRT33A	0	0	0	0	0	0	0	0
KRT33B	0	0	0	0	0	0	0	0
KRT34	0	0	0	0	0	0	0	0
KRT31	0	0	0	0	0	0	0	0
KRT37	0	0	0	0	0	0	0	0
KRT38	0	0	0	0	0	0	0	0
KRT32	0	0	0	0	0	0	0	0
KRT35	0	0	0	0	0	0	0	0
KRT36	0	0	0	0	0	0	0	0
KRT13	2	0	1	0	0	0	0	0
KRT15	4	3	15	4	1	0	15	13
KRT19	29256	7534	10776	7092	691	299	59697	7023
KRT9	1	0	1	0	0	0	0	0
KRT14	0	0	1	0	0	0	0	0
KRT16	140	0	29	0	0	0	36	0
KRT17	282	0	2447	0	0	0	19	0
EIF1	19514	4008	6821	4233	488	189	35588	3752
GAST	1	0	3	0	0	0	3	0
HAP1	16	4	9	2	1	0	47	6
JUP	1024	315	779	233	22	18	1640	214
P3H4	677	216	128	146	16	4	1033	154
FKBP10	1544	515	279	382	49	19	2500	330
NT5C3B	1487	347	322	210	31	18	2520	252
KLHL10	2	0	0	1	0	0	4	0
KLHL11	58	35	12	20	1	4	155	18
ACLY	1530	469	201	479	57	13	2983	327
TTC25	35	24	5	10	2	3	46	16
CNP	758	111	219	79	9	3	1117	99
DNAJC7	2205	586	544	532	65	38	3811	454
NKIRAS2	577	94	230	74	12	7	881	85
ZNF385C	33	11	9	7	1	1	97	6
C17orf113	18	6	8	2	1	0	43	1
DHX58	3	0	1	0	0	0	3	2
KAT2A	192	23	43	15	3	1	312	20
HSPB9	1	0	1	0	0	0	1	2
RAB5C	2005	510	806	550	47	15	3565	367
KCNH4	0	0	1	2	0	0	0	0
HCRT	5	1	1	0	0	0	8	1
GHDC	132	19	32	22	4	2	207	20
STAT5B	145	186	37	154	10	13	244	134
STAT5A	4	2	6	2	0	0	20	6
STAT3	206	78	145	63	5	5	355	56
CAVIN1	31	4	326	2	0	0	100	1
ATP6V0A1	379	170	129	166	15	3	791	125
NAGLU	306	103	88	70	15	4	436	66
HSD17B1	93	36	17	38	4	1	143	16
COASY	627	139	192	126	12	6	1062	147
MLX	623	142	143	150	15	5	1101	114
PSMC3IP	385	68	59	27	9	2	614	42
RETREG3	205	77	70	66	6	6	344	73
TUBG1	1293	288	317	207	25	7	2173	222
TUBG2	126	63	24	34	8	4	252	68
PLEKHH3	274	39	151	53	1	2	483	44
CCR10	23	5	18	2	1	0	44	4
CNTNAP1	37	10	4	14	0	0	77	8
EZH1	141	77	49	42	8	1	238	51
RAMP2	192	18	50	38	8	0	432	8
VPS25	2366	518	710	417	48	20	3641	420
WNK4	32	11	0	8	2	1	66	10
COA3	2407	564	547	533	80	22	4314	440
CNTD1	6	1	1	8	0	0	13	11
BECN1	399	149	169	145	16	7	731	113
PSME3	678	134	205	136	11	8	984	150
AOC2	3	4	1	0	0	1	15	5
AOC3	8	3	0	1	0	0	8	9
G6PC	0	0	0	0	0	0	0	0
AARSD1	150	172	26	140	15	8	261	127
PTGES3L	52	9	4	13	2	1	70	13
RUNDC1	258	66	64	68	4	3	395	45
RPL27	28549	4167	6648	3955	437	201	57498	3678
IFI35	75	14	48	21	1	1	92	9
VAT1	1180	187	594	325	25	13	1829	196
RND2	690	108	195	199	5	4	1204	101
BRCA1	544	189	135	107	18	4	901	130
NBR1	418	137	98	107	9	3	712	98
TMEM106A	96	58	24	51	5	2	161	44
CCDC200	0	34	0	47	1	1	1	37
ARL4D	1045	185	99	138	13	15	1608	219
DHX8	273	124	74	109	19	9	503	87
ETV4	615	136	91	152	9	6	865	115
MEOX1	5	1	2	0	0	0	12	2
SOST	4	4	0	0	1	0	34	0
DUSP3	280	76	168	104	12	3	559	45
CFAP97D1	1	0	0	0	0	0	0	0
MPP3	30	27	2	22	2	4	36	8
CD300LG	0	1	0	1	0	0	1	0
MPP2	41	18	22	9	0	0	109	7
PPY	0	0	4	0	0	0	0	0
PYY	8	2	13	3	0	1	20	2
NAGS	23	5	12	2	0	0	71	8
TMEM101	547	169	168	128	6	6	1006	132
LSM12	93	348	12	307	39	13	147	324
G6PC3	933	141	332	135	20	8	1495	181
HDAC5	248	54	114	38	5	2	372	52
C17orf53	79	30	28	26	2	0	116	18
ASB16	5	1	1	1	0	0	4	1
TMUB2	411	76	148	66	3	4	613	55
ATXN7L3	343	67	70	71	8	2	575	68
UBTF	942	224	230	192	27	12	1535	138
SLC4A1	0	1	0	1	0	0	1	0
RUNDC3A	10	1	1	2	0	0	26	0
SLC25A39	2029	397	749	450	54	15	3791	329
GRN	1399	220	816	258	21	14	1751	244
FAM171A2	574	92	64	47	7	4	774	74
ITGA2B	23	13	9	6	0	0	43	15
GPATCH8	873	765	187	664	82	41	1422	611
FZD2	295	76	195	52	3	5	540	46
MEIOC	13	13	2	9	1	0	38	7
CCDC43	770	201	239	159	16	11	1377	165
DBF4B	109	99	20	60	7	5	181	60
ADAM11	18	5	2	9	0	0	31	4
GJC1	428	164	65	92	6	9	683	100
HIGD1B	1	2	0	3	0	0	2	13
EFTUD2	684	213	159	166	19	12	1109	191
CCDC103	1	0	0	0	0	0	0	0
FAM187A	0	0	0	0	0	0	0	0
GFAP	0	1	0	1	0	0	0	0
KIF18B	111	156	17	70	8	4	184	88
C1QL1	8	2	4	1	0	0	13	0
DCAKD	259	260	118	131	16	16	694	135
NMT1	661	233	199	203	35	15	1145	210
PLCD3	94	34	46	28	2	1	123	18
ACBD4	89	25	19	18	1	3	122	22
HEXIM1	380	90	122	94	5	6	783	115
HEXIM2	178	49	32	32	4	3	291	43
FMNL1	21	3	44	2	0	1	38	2
SPATA32	1	8	0	2	0	0	1	1
MAP3K14	23	50	13	34	6	0	28	22
ARHGAP27	2	19	2	16	2	1	2	14
PLEKHM1	5	26	1	60	6	2	10	35
CRHR1	0	0	0	2	0	0	0	1
SPPL2C	0	0	0	0	0	0	0	0
MAPT	2	9	1	8	2	1	9	12
STH	0	1	0	0	0	0	0	0
KANSL1	18	937	7	651	81	51	32	714
ARL17B	0	43	0	13	4	3	7	17
LRRC37A	0	3	0	0	1	0	1	0
LRRC37A2	2	14	2	13	1	1	3	6
ARL17A	0	58	0	31	5	4	12	16
NSF	84	114	9	102	8	11	119	95
WNT3	24	25	12	28	5	2	35	25
WNT9B	0	3	0	2	0	0	0	0
GOSR2	501	226	188	241	25	6	990	200
RPRML	11	2	4	2	1	0	9	1
CDC27	559	390	112	372	30	15	897	299
MYL4	64	10	29	71	5	0	116	35
ITGB3	1	0	0	1	0	0	0	1
EFCAB13	27	85	6	94	16	1	47	68
NPEPPS	1348	953	519	1039	92	33	2382	604
KPNB1	4540	1209	968	942	126	53	7693	969
TBKBP1	87	17	16	18	1	0	104	12
TBX21	0	0	0	0	0	0	0	0
OSBPL7	59	13	25	13	2	0	92	11
MRPL10	837	181	220	126	15	9	1442	125
LRRC46	10	1	6	1	0	0	11	2
SCRN2	466	133	111	89	12	8	953	95
SP6	69	9	74	7	1	0	100	3
SP2	143	63	47	46	8	3	214	41
PNPO	8	11	21	16	2	2	124	20
PRR15L	26	4	41	4	0	0	80	1
CDK5RAP3	691	150	176	103	19	9	1159	106
COPZ2	16	5	9	6	0	1	36	3
NFE2L1	317	110	99	98	12	3	428	87
CBX1	2960	784	500	473	64	43	5153	603
SNX11	137	35	36	28	1	0	200	31
SKAP1	41	62	0	37	5	3	85	16
HOXB1	8	0	6	0	0	0	17	1
HOXB2	239	81	125	17	9	7	549	60
HOXB3	31	120	4	19	2	14	122	8
HOXB4	19	44	20	7	1	2	63	3
HOXB5	21	14	0	8	1	1	53	0
HOXB6	36	48	0	21	1	6	244	3
HOXB7	9	28	2	12	0	2	66	1
HOXB8	13	52	0	22	0	6	125	0
HOXB9	20	89	0	38	0	3	119	2
PRAC1	2	1	0	1	0	0	5	6
PRAC2	4	1	0	0	1	0	4	6
HOXB13	1	1	0	0	0	0	0	1
TTLL6	5	3	2	1	0	1	2	3
CALCOCO2	419	163	123	141	9	7	770	123
ATP5MC1	3468	779	901	703	83	34	7649	636
UBE2Z	890	203	253	187	21	13	1490	190
SNF8	2903	709	882	729	76	34	5107	533
GIP	4	0	1	0	0	0	9	1
IGF2BP1	2147	938	443	642	83	47	3880	694
B4GALNT2	3	3	0	34	1	0	13	3
GNGT2	0	0	1	0	0	0	4	1
ABI3	0	2	1	2	0	0	8	0
PHOSPHO1	5	0	0	2	0	0	4	0
ZNF652	722	468	175	359	44	32	1198	350
PHB	4602	878	1211	837	76	42	7614	849
NGFR	9	3	11	4	0	0	22	2
NXPH3	8	4	7	3	0	0	23	4
SPOP	627	263	170	212	38	16	1082	175
SLC35B1	1129	223	316	204	32	12	1988	205
FAM117A	214	92	38	73	8	4	338	88
KAT7	417	168	111	121	17	13	699	136
TAC4	39	24	2	21	0	2	113	23
DLX4	12	1	12	5	2	0	45	0
DLX3	29	7	39	6	0	0	84	1
ITGA3	212	97	62	97	8	2	340	84
PDK2	174	39	74	50	4	2	343	33
SAMD14	101	23	40	40	2	2	215	16
PPP1R9B	79	18	40	23	3	2	146	15
SGCA	14	4	5	10	0	1	17	2
COL1A1	366	36	878	45	0	1	547	14
TMEM92	661	225	96	226	20	8	1583	153
XYLT2	205	66	40	49	4	2	298	39
MRPL27	2371	444	606	476	44	29	4033	369
EME1	103	26	22	16	1	5	175	25
LRRC59	1438	323	526	329	44	5	2532	258
ACSF2	238	79	119	91	9	3	422	69
CHAD	1	10	0	4	0	0	0	2
RSAD1	210	66	55	62	4	1	471	51
MYCBPAP	13	4	1	2	1	0	19	4
EPN3	56	6	126	4	0	1	104	4
SPATA20	255	51	36	30	5	1	390	43
CACNA1G	3	5	1	1	0	1	5	0
ABCC3	11	15	8	24	0	3	71	19
ANKRD40	429	109	87	73	4	9	696	72
LUC7L3	3399	905	735	777	90	35	6280	708
ANKRD40CL	20	4	0	4	0	0	10	2
WFIKKN2	1	0	0	0	0	0	4	1
TOB1	575	137	171	124	11	5	1127	158
SPAG9	711	470	302	563	33	22	1231	290
NME1	4752	865	989	769	99	58	8089	658
NME2	345	5499	98	5073	648	250	496	4662
MBTD1	261	290	43	174	29	17	387	206
UTP18	938	262	211	240	28	11	1849	211
CA10	2	7	2	3	0	0	6	7
KIF2B	0	0	0	0	0	0	0	0
TOM1L1	356	173	129	137	16	9	727	131
COX11	1216	328	128	280	36	5	2134	289
STXBP4	202	272	46	211	27	20	381	195
HLF	5	14	0	5	0	0	13	2
MMD	652	420	154	322	27	8	1562	190
SMIM36	1	5	0	3	0	0	0	4
TMEM100	72	52	3	9	2	1	173	18
PCTP	527	194	62	105	8	7	827	144
ANKFN1	4	36	0	18	5	2	3	20
NOG	103	10	16	31	1	2	171	20
C17orf67	58	27	16	18	3	1	57	9
DGKE	53	17	19	23	5	1	83	23
TRIM25	261	84	61	59	9	0	438	60
COIL	599	162	151	125	14	8	1164	140
SCPEP1	271	85	168	73	6	6	519	68
AKAP1	644	180	90	141	19	6	1450	106
MSI2	827	1235	145	981	118	76	1611	969
CCDC182	0	0	0	0	0	0	0	0
MRPS23	1687	342	479	335	48	20	3061	291
CUEDC1	112	87	45	44	4	4	133	33
VEZF1	602	180	160	127	13	14	1000	164
SRSF1	940	401	185	261	40	14	1515	260
DYNLL2	762	252	183	185	16	12	1187	124
OR4D1	1	0	0	0	0	0	3	0
OR4D2	0	0	0	0	0	0	0	0
EPX	0	0	0	0	0	0	0	1
MKS1	134	45	33	21	9	3	223	28
LPO	0	0	1	2	0	0	1	0
MPO	2	0	0	0	0	0	0	0
TSPOAP1	22	27	10	14	2	2	69	14
SUPT4H1	60	441	26	451	50	23	87	371
RNF43	70	192	26	131	26	15	258	88
HSF5	0	6	0	2	0	0	1	17
MTMR4	391	163	52	113	22	4	737	119
SEPTIN4	17	2	7	0	0	0	25	1
TEX14	1	29	5	46	5	11	1	124
AC011195.2	0	0	0	0	0	0	1	0
RAD51C	551	170	189	90	9	9	869	113
PPM1E	5	40	5	29	3	6	6	40
TRIM37	471	260	110	197	27	7	838	186
SKA2	1357	476	351	296	40	19	2409	289
PRR11	241	114	68	53	7	8	385	69
SMG8	44	44	11	31	4	2	79	28
GDPD1	118	49	19	34	3	5	158	40
YPEL2	372	136	81	107	13	3	462	141
DHX40	342	155	86	92	7	9	657	90
CLTC	2191	756	588	752	90	24	3583	662
PTRH2	423	211	92	189	23	8	816	148
VMP1	1948	958	658	964	113	41	4325	518
TUBD1	313	108	90	110	11	9	544	98
RPS6KB1	275	116	105	107	13	9	497	96
RNFT1	202	64	65	72	2	2	354	47
HEATR6	253	88	57	81	10	3	424	88
CA4	803	911	13	724	41	4	2064	387
USP32	235	421	84	365	38	32	336	400
C17orf64	8	4	2	2	1	0	18	3
APPBP2	272	239	96	224	31	16	507	195
PPM1D	153	115	54	79	10	6	223	91
BCAS3	121	814	25	476	49	30	155	632
TBX2	23	5	10	2	0	0	28	4
TBX4	0	0	0	0	0	0	1	1
NACA2	27	5	12	1	0	1	85	3
BRIP1	170	270	26	145	30	9	279	261
INTS2	169	116	44	67	2	3	278	92
MED13	569	724	115	633	80	39	1042	633
EFCAB3	1	1	0	0	2	0	5	1
METTL2A	552	196	153	116	12	9	998	161
TLK2	594	464	102	327	38	26	902	430
MRC2	492	283	29	220	20	3	591	288
MARCH10	1	0	1	2	0	0	2	1
TANC2	134	214	153	168	8	8	215	141
CYB561	256	58	98	58	3	1	415	57
ACE	19	40	0	38	2	0	58	35
KCNH6	25	16	2	8	0	0	33	14
DCAF7	1337	462	352	338	43	18	2071	350
TACO1	534	117	126	120	13	6	799	89
MAP3K3	118	71	44	50	3	6	172	61
STRADA	112	147	24	81	5	5	154	120
LIMD2	1076	168	124	108	16	7	1322	162
CCDC47	1210	446	332	374	46	18	2341	369
DDX42	1024	337	235	321	39	18	1772	220
FTSJ3	583	148	162	119	9	8	1140	110
PSMC5	3293	689	881	520	78	36	5194	585
SMARCD2	693	160	210	131	14	4	1204	102
CSH2	2	0	0	0	0	0	4	0
GH2	6	1	3	0	0	0	4	0
CSH1	1	0	0	0	0	0	3	0
CSHL1	0	0	1	0	0	0	1	0
GH1	0	0	0	1	0	0	0	0
CD79B	4	1	5	3	0	0	8	1
SCN4A	1	4	1	2	0	0	11	1
PRR29	5	2	2	1	0	0	5	1
ICAM2	2	0	6	3	0	0	9	0
ERN1	62	77	28	68	7	4	101	55
TEX2	96	86	50	75	6	1	151	59
PECAM1	30	15	0	16	1	1	69	15
MILR1	0	0	1	1	0	0	1	1
POLG2	228	98	36	69	12	6	390	164
DDX5	8038	1528	2152	1311	168	94	12129	1238
CEP95	460	284	94	245	30	16	736	235
SMURF2	396	340	109	277	32	13	699	315
LRRC37A3	16	62	6	40	4	3	18	35
GNA13	292	134	102	129	12	5	505	105
RGS9	180	44	69	25	4	3	372	39
AXIN2	246	175	25	141	21	7	581	115
CEP112	77	323	21	240	25	14	134	259
APOH	24	2	0	1	0	0	55	3
PRKCA	134	508	18	393	61	13	276	428
CACNG5	0	1	0	0	0	0	0	0
CACNG4	56	35	141	42	5	1	51	11
CACNG1	1	2	0	0	0	0	0	1
HELZ	708	629	139	592	70	22	1283	538
PSMD12	1691	497	451	434	44	25	2637	391
PITPNC1	184	372	61	153	29	33	208	321
NOL11	771	186	182	163	15	10	1298	174
BPTF	3586	1451	672	1076	122	84	5891	1452
C17orf58	391	62	99	46	7	3	573	70
KPNA2	3864	847	947	571	57	42	6411	546
AMZ2	556	117	214	112	12	4	836	90
ARSG	93	57	37	39	2	3	166	43
SLC16A6	7	3	3	1	0	0	5	1
WIPI1	309	164	153	150	7	7	608	106
PRKAR1A	1502	335	455	259	33	19	2086	220
FAM20A	60	49	24	159	3	0	115	18
ABCA8	0	3	0	1	0	0	0	0
ABCA9	0	6	1	6	0	0	3	0
ABCA6	3	2	1	3	0	1	3	0
ABCA10	2	3	2	6	0	0	4	2
ABCA5	71	73	77	79	4	5	195	20
MAP2K6	515	452	64	316	51	21	860	372
KCNJ16	97	160	3	227	45	10	162	163
KCNJ2	19	3	23	1	0	0	39	3
SOX9	235	38	213	37	1	3	360	42
SLC39A11	163	275	76	192	21	6	293	227
SSTR2	778	166	8	52	14	5	701	119
COG1	177	51	62	39	8	2	237	34
FAM104A	629	158	197	119	5	10	970	136
C17orf80	257	96	77	71	6	4	401	57
CPSF4L	0	1	0	1	0	0	1	0
CDC42EP4	357	99	58	94	10	0	665	107
SDK2	78	199	37	94	17	7	120	117
RPL38	19962	2827	4553	2706	325	133	39538	2431
TTYH2	6	8	8	7	1	1	23	6
DNAI2	0	6	0	1	0	0	0	0
KIF19	27	7	2	9	0	0	29	5
BTBD17	19	6	10	5	1	0	30	5
GPR142	0	0	0	0	0	0	0	0
GPRC5C	1358	255	140	376	29	12	2197	160
CD300A	21	1	12	2	0	0	67	1
CD300LB	0	0	0	0	0	0	0	0
CD300C	0	0	0	0	0	0	0	0
CD300LD	0	0	0	0	0	0	0	0
CD300E	5	0	0	1	0	0	6	0
RAB37	26	8	3	2	0	0	20	4
CD300LF	2	0	0	0	0	0	0	0
SLC9A3R1	1693	468	396	429	48	10	3707	461
NAT9	358	102	109	71	11	2	684	54
TMEM104	90	63	27	63	7	3	153	50
GRIN2C	9	4	0	4	0	0	8	6
FDXR	398	91	158	59	4	5	573	111
FADS6	46	25	5	42	3	0	152	31
USH1G	2	0	4	1	0	0	8	0
OTOP2	0	0	0	0	0	0	0	0
OTOP3	1	0	0	0	0	0	0	1
HID1	110	11	69	7	1	2	124	11
CDR2L	85	10	65	13	2	1	139	14
MRPL58	762	180	228	171	15	13	1210	121
KCTD2	146	38	42	34	2	1	290	38
ATP5PD	4168	730	1145	759	93	35	6683	725
SLC16A5	49	26	22	17	4	1	78	22
ARMC7	121	29	37	19	4	0	184	29
NT5C	1769	407	388	277	25	18	2882	373
JPT1	5448	1207	1411	913	117	51	9240	859
SUMO2	13016	4028	2895	2897	368	200	22270	2980
NUP85	256	101	83	104	11	8	400	101
GGA3	222	91	66	79	11	4	374	76
MRPS7	2187	443	537	391	41	18	3839	405
MIF4GD	295	94	111	37	3	1	465	55
SLC25A19	96	36	61	18	1	3	227	29
GRB2	1114	478	380	434	39	25	1773	411
TMEM94	229	82	66	63	5	5	305	44
CASKIN2	112	23	34	15	4	1	180	19
TSEN54	296	77	66	61	7	4	564	65
LLGL2	1094	350	255	392	42	23	1716	322
MYO15B	79	56	10	33	5	3	121	38
RECQL5	102	62	47	26	2	1	169	31
SMIM5	81	0	140	1	0	0	29	0
SMIM6	50	8	6	9	1	0	96	6
SAP30BP	786	256	203	244	14	11	1236	176
ITGB4	10	3	66	2	0	0	45	1
GALK1	882	228	258	253	25	6	2116	155
H3F3B	21838	5922	5594	3080	505	272	32452	4059
UNK	336	189	110	156	21	13	511	145
UNC13D	43	5	54	4	1	1	59	11
WBP2	669	95	305	89	4	3	890	100
TRIM47	11	2	9	2	1	0	26	0
TRIM65	146	60	15	32	6	2	185	47
MRPL38	17	214	2	233	20	13	39	219
FBF1	57	43	15	27	3	2	92	38
ACOX1	247	127	106	93	8	5	381	105
TEN1	0	87	0	95	5	6	1	58
CDK3	0	6	0	2	0	0	0	4
EVPL	23	0	29	0	0	0	23	1
SRP68	798	140	198	150	14	9	1312	130
ZACN	3	1	0	1	0	0	0	1
GALR2	6	2	1	0	0	0	2	2
EXOC7	729	119	213	115	4	3	1021	94
FOXJ1	199	21	17	28	1	1	187	26
RNF157	46	39	16	17	1	1	73	31
UBALD2	612	101	191	112	11	1	1049	79
QRICH2	21	28	10	14	3	0	23	16
PRPSAP1	953	190	300	200	16	9	1665	176
SPHK1	123	41	141	43	7	0	268	29
UBE2O	342	185	68	154	16	11	542	176
AANAT	3	3	0	1	1	0	11	6
RHBDF2	77	47	25	37	6	1	163	27
CYGB	8	1	16	3	0	0	21	0
PRCD	7	2	2	16	0	0	21	5
AC015802.6	60	28	16	16	2	1	59	14
ST6GALNAC2	2	14	0	32	1	0	6	10
ST6GALNAC1	40	16	7	12	4	1	104	8
MXRA7	444	332	285	262	17	8	990	286
JMJD6	329	75	92	73	9	4	568	69
METTL23	770	225	196	169	27	10	1500	143
SRSF2	6806	1126	1145	812	112	52	11581	954
MFSD11	237	96	100	112	10	10	453	100
MGAT5B	2	0	4	1	1	0	5	3
SEC14L1	576	323	184	223	16	16	1094	180
SEPTIN9	1853	710	377	561	88	28	2881	573
TNRC6C	680	715	57	484	49	37	1220	515
TMC6	350	112	100	111	10	9	795	110
TMC8	0	2	1	1	0	0	9	2
C17orf99	2	6	0	2	0	0	2	3
SYNGR2	443	158	268	143	13	9	903	84
TK1	694	134	151	92	17	4	1120	174
AFMID	500	186	55	150	18	11	1114	152
BIRC5	1421	361	309	192	19	7	2490	240
TMEM235	1	1	0	0	0	0	1	1
SOCS3	465	104	62	62	5	0	821	67
PGS1	316	155	119	103	17	6	520	129
DNAH17	0	17	1	15	5	1	6	34
CYTH1	122	171	42	121	13	7	164	133
USP36	225	129	69	113	14	6	192	96
TIMP2	547	99	741	91	10	9	540	81
CEP295NL	2	3	2	2	0	1	2	1
LGALS3BP	399	67	106	43	2	3	542	65
CANT1	454	87	127	87	8	6	630	57
C1QTNF1	21	6	19	4	2	0	23	7
ENGASE	69	20	16	15	2	1	84	10
RBFOX3	22	11	7	3	0	2	54	4
ENPP7	31	15	0	13	0	1	82	6
CBX2	396	72	63	48	8	6	631	46
CBX8	107	17	41	14	0	3	228	14
CBX4	101	28	86	9	3	3	197	24
TBC1D16	273	236	56	127	10	13	415	180
CCDC40	78	68	15	23	6	4	103	48
GAA	480	107	121	75	14	5	572	77
EIF4A3	2122	373	604	328	32	21	3096	421
CARD14	8	3	14	3	0	0	12	2
SGSH	76	27	20	20	2	1	141	13
SLC26A11	331	87	75	79	7	3	509	88
RNF213	584	213	176	203	26	11	868	201
ENDOV	564	137	113	119	15	12	971	119
NPTX1	11	0	0	0	0	0	3	1
RPTOR	96	353	20	292	39	22	153	363
CHMP6	371	83	122	56	8	3	497	78
BAIAP2	203	54	160	38	3	1	269	44
AATK	82	25	26	7	0	1	115	11
PVALEF	1	3	0	2	0	0	1	5
CEP131	137	29	43	22	5	2	206	32
TEPSIN	109	23	34	20	2	1	181	20
NDUFAF8	1534	363	488	330	39	26	2767	274
SLC38A10	516	158	177	140	18	6	798	78
BAHCC1	177	116	12	54	12	6	216	87
ACTG1	72282	11372	22827	14077	1375	635	118415	9967
FSCN2	4	1	1	1	0	0	8	1
FAAP100	172	45	59	28	3	0	276	27
NPLOC4	495	256	127	256	30	16	696	210
TSPAN10	57	17	17	9	0	0	118	6
PDE6G	34	1	5	7	1	0	32	3
OXLD1	644	136	169	116	13	11	932	107
CCDC137	814	148	162	137	17	6	1163	196
ARL16	1248	380	202	254	23	12	2595	274
HGS	491	95	182	98	14	5	809	92
MRPL12	2270	480	555	456	46	25	3692	417
SLC25A10	321	75	47	49	4	5	545	50
GCGR	25	21	1	27	1	1	102	5
MCRIP1	2034	414	546	355	37	17	3411	364
PPP1R27	4	2	1	7	1	0	29	3
P4HB	6526	1400	1552	1420	123	49	10497	1186
ARHGDIA	1645	251	693	241	31	10	2334	228
ALYREF	2321	384	526	299	37	23	3916	342
ANAPC11	5363	1152	1476	1178	126	55	9291	922
NPB	133	43	28	16	1	0	254	19
PCYT2	1211	279	143	254	30	11	2448	219
SIRT7	290	84	149	85	7	1	543	68
MAFG	731	132	270	173	18	8	1123	133
PYCR1	1252	376	158	237	38	9	2292	328
MYADML2	0	0	0	1	0	1	1	0
NOTUM	126	19	3	21	2	2	118	21
ASPSCR1	749	188	160	183	28	12	1185	147
CENPX	2586	597	639	438	49	27	4423	507
LRRC45	202	30	74	21	0	4	373	38
RAC3	1092	285	268	215	27	15	2304	240
DCXR	1877	497	410	306	32	22	3471	367
RFNG	590	142	152	104	10	5	1077	124
GPS1	1082	200	322	171	19	11	1744	188
DUS1L	990	219	217	173	24	15	1650	177
FASN	2282	522	230	362	41	14	4240	330
CCDC57	139	200	39	138	16	11	225	145
SLC16A3	1151	141	215	189	18	14	2427	204
CSNK1D	945	242	300	250	32	13	1547	208
CD7	11	3	8	20	0	0	103	1
SECTM1	3	0	12	2	0	0	9	1
TEX19	4	2	1	1	0	0	11	0
UTS2R	0	0	0	0	0	0	0	0
OGFOD3	310	108	88	78	9	4	557	84
HEXD	402	109	77	73	8	3	620	86
CYBC1	611	90	177	96	13	8	967	86
NARF	967	217	189	153	16	10	1641	177
FOXK2	456	412	146	327	47	18	877	316
WDR45B	928	236	247	179	25	15	1880	204
RAB40B	59	32	40	26	1	0	100	18
FN3KRP	374	90	163	66	8	4	733	80
FN3K	113	43	25	24	4	3	230	29
TBCD	184	216	48	157	12	9	263	189
ZNF750	60	2	112	1	0	0	87	0
B3GNTL1	73	62	23	28	6	5	85	38
METRNL	9	62	9	23	5	2	23	59
TUBB8P12	15	1	2	2	0	0	19	1
USP14	2165	618	402	612	68	31	3692	541
THOC1	732	406	97	236	44	20	1279	262
COLEC12	695	225	29	390	38	11	782	538
CETN1	0	0	0	0	0	0	1	0
CLUL1	8	10	5	3	0	0	17	8
TYMS	2467	528	476	374	47	35	3901	536
ENOSF1	430	348	108	217	25	8	836	213
YES1	1000	679	163	751	92	25	1794	573
ADCYAP1	2	2	1	1	0	0	8	0
METTL4	174	83	46	56	8	8	301	63
NDC80	562	230	95	110	7	11	880	175
SMCHD1	902	553	202	464	49	18	1574	477
EMILIN2	188	21	66	39	2	1	276	19
LPIN2	671	368	175	400	30	24	1233	341
MYOM1	4	19	2	14	0	1	11	9
MYL12A	6718	1273	3660	1565	130	64	11867	1031
MYL12B	7667	1687	4523	1943	201	79	13792	1247
IGLJCOR18	0	0	0	0	0	0	1	0
TGIF1	2991	540	508	584	57	38	4927	555
DLGAP1	100	1653	11	1136	110	68	147	1601
AKAIN1	13	4	1	0	0	3	9	2
ZBTB14	124	32	30	36	3	2	249	27
EPB41L3	812	1046	260	536	77	27	740	893
TMEM200C	125	27	47	38	5	1	220	24
L3MBTL4	46	136	5	168	15	10	92	96
ARHGAP28	650	582	58	275	35	16	752	736
LAMA1	1714	2234	136	2074	299	70	3543	2299
LRRC30	0	0	0	0	0	0	0	0
PTPRM	106	972	26	862	68	75	167	928
RAB12	85	151	61	130	20	5	162	121
MTCL1	159	121	64	123	18	5	324	113
NDUFV2	4674	1163	1423	1098	124	53	8239	941
ANKRD12	1440	776	471	652	75	41	2645	681
TWSG1	233	188	115	124	19	5	458	116
RALBP1	1303	408	657	296	41	15	2072	246
PPP4R1	487	309	146	232	23	17	784	208
RAB31	209	54	167	22	3	4	294	36
TXNDC2	1	0	0	0	0	0	0	1
VAPA	2935	985	1079	849	80	45	5365	640
APCDD1	185	41	58	38	4	2	312	56
NAPG	616	240	156	252	21	7	1085	201
PIEZO2	74	41	4	113	6	9	169	66
SLC35G4	0	0	0	0	0	0	0	1
GNAL	139	111	18	54	5	1	180	99
CHMP1B	672	145	370	127	19	4	1071	105
MPPE1	199	50	102	58	10	4	407	35
IMPA2	988	237	372	180	18	12	1948	199
ANKRD62	0	1	0	0	0	0	0	2
CIDEA	5	1	1	0	0	0	0	0
TUBB6	344	42	567	80	9	5	377	41
AFG3L2	697	239	209	184	29	11	1299	162
PRELID3A	37	19	5	21	1	1	69	7
SPIRE1	61	147	40	158	19	4	156	117
PSMG2	1518	363	446	308	42	24	2731	313
CEP76	147	48	21	48	4	4	228	73
PTPN2	988	435	193	437	45	17	1804	359
SEH1L	343	162	74	132	15	6	750	143
CEP192	247	395	61	264	35	13	432	258
LDLRAD4	35	69	5	65	6	2	38	76
FAM210A	467	152	105	102	12	7	818	98
RNMT	1315	480	308	373	48	27	2614	303
MC5R	3	1	0	0	0	0	2	0
MC2R	0	0	0	0	0	0	2	0
ZNF519	263	164	43	127	10	10	505	132
POTEC	97	123	0	0	0	11	29	24
ANKRD30B	19	54	0	3	0	3	25	26
ROCK1	1458	685	423	597	66	36	2653	517
GREB1L	237	1010	59	501	134	74	454	698
ESCO1	658	407	134	303	38	23	1419	296
SNRPD1	6497	1348	1338	1049	195	49	11179	1050
ABHD3	161	138	73	168	22	2	321	130
MIB1	583	577	160	374	46	30	1077	433
GATA6	1735	665	12	661	50	35	2360	847
CTAGE1	0	0	1	0	0	0	0	0
RBBP8	430	302	136	194	25	13	792	175
CABLES1	45	40	21	36	7	4	33	55
TMEM241	52	103	36	89	8	9	106	94
RIOK3	541	248	180	234	34	15	1132	188
RMC1	116	37	60	50	5	1	156	61
NPC1	236	252	76	280	22	5	393	146
ANKRD29	11	5	1	1	0	0	21	2
LAMA3	0	9	3	6	4	2	7	6
TTC39C	172	89	60	51	10	7	206	50
CABYR	50	19	19	7	2	1	77	17
OSBPL1A	594	308	232	193	26	15	1245	290
IMPACT	365	177	90	83	10	10	690	94
HRH4	0	1	0	0	0	0	0	10
ZNF521	198	379	58	202	40	22	401	228
SS18	680	360	249	253	29	12	1339	237
PSMA8	0	1	1	1	0	0	1	1
TAF4B	32	20	20	22	2	1	43	26
KCTD1	152	101	169	63	10	4	278	68
AQP4	5	5	2	1	0	0	23	5
CHST9	415	822	16	1012	110	31	1454	833
CDH2	4742	3509	281	2909	379	174	8772	2861
DSC3	28	10	15	6	0	0	28	0
DSC2	1099	360	948	320	33	29	2235	281
DSC1	0	0	0	0	0	0	2	0
DSG1	4	0	0	0	0	0	1	0
DSG4	1	2	0	2	0	0	0	0
DSG3	1	1	16	0	0	0	3	0
DSG2	1509	533	787	347	28	14	2686	263
TTR	105729	25857	136	15494	751	419	194110	11031
B4GALT6	143	236	23	187	21	14	293	159
SLC25A52	1	0	0	1	0	0	0	0
TRAPPC8	278	258	74	201	30	13	430	196
RNF125	162	80	17	53	8	3	160	107
RNF138	311	171	56	100	14	6	505	130
GAREM1	91	157	33	129	10	10	129	143
MEP1B	0	0	0	1	1	0	0	0
KLHL14	139	416	5	197	23	9	285	354
CCDC178	6	15	2	22	5	0	4	19
ASXL3	25	45	14	60	3	5	78	30
NOL4	8	7	3	14	0	1	14	5
DTNA	161	269	54	658	43	4	395	204
MAPRE2	223	81	232	134	9	4	347	62
ZNF397	429	104	107	70	8	5	691	75
ZSCAN30	211	66	39	52	6	3	355	64
ZNF24	987	229	242	210	24	15	1251	242
ZNF396	20	4	5	2	1	1	40	6
INO80C	523	114	149	93	8	7	756	98
GALNT1	1144	370	334	282	23	36	1748	309
C18orf21	468	98	149	97	11	6	785	80
RPRD1A	662	405	145	342	43	24	1188	354
SLC39A6	403	110	176	81	10	8	884	83
ELP2	619	239	149	219	17	16	1294	183
MOCOS	12	5	6	5	0	0	17	5
FHOD3	41	45	30	76	4	3	48	64
TPGS2	1866	523	633	348	50	17	3239	358
KIAA1328	135	409	31	273	42	30	233	301
CELF4	539	226	18	190	18	4	1297	164
PIK3C3	324	198	72	194	24	11	472	162
RIT2	10	10	6	19	6	1	38	11
SYT4	10	9	1	3	0	1	24	4
SETBP1	178	349	30	359	27	16	167	290
SLC14A2	2	16	0	11	0	0	5	4
SLC14A1	0	1	1	3	0	0	2	0
SIGLEC15	2	1	1	0	0	0	0	1
EPG5	128	129	42	113	15	7	166	92
PSTPIP2	119	53	77	62	5	2	120	40
ATP5F1A	7754	1627	1373	1465	164	69	12955	1473
HAUS1	1247	306	245	189	32	15	1693	268
C18orf25	157	136	70	117	15	7	278	122
RNF165	36	18	9	10	1	0	64	15
LOXHD1	0	3	1	3	1	0	0	4
ST8SIA5	0	3	1	3	0	0	9	5
PIAS2	476	214	112	204	20	12	955	196
KATNAL2	60	38	38	40	2	3	100	43
ELOA3	0	0	0	0	0	0	0	0
ELOA3B	0	0	0	0	0	0	0	0
ELOA3D	0	0	0	0	0	0	0	0
ELOA2	0	0	0	0	0	0	0	0
HDHD2	409	266	108	179	26	14	772	246
IER3IP1	815	373	349	412	35	17	1904	255
SKOR2	1	0	1	0	0	0	1	0
SMAD2	864	640	251	529	83	36	1461	585
ZBTB7C	11	8	17	10	1	0	4	7
CTIF	99	100	36	137	12	12	128	118
SMAD7	338	197	78	179	21	11	750	157
DYM	362	481	120	399	57	19	659	412
C18orf32	121	422	41	272	34	23	221	366
RPL17	1712	16136	517	13114	1461	701	2953	12074
LIPG	190	191	61	170	9	5	411	49
ACAA2	2036	433	384	494	53	23	3509	525
MYO5B	163	234	124	231	13	4	262	144
CFAP53	23	8	7	3	0	2	34	8
MBD1	334	108	103	69	17	6	549	75
CXXC1	464	68	111	55	10	6	681	45
SKA1	35	87	5	59	2	6	48	49
MAPK4	35	74	11	68	7	4	85	41
MRO	11	3	1	3	0	0	15	3
ME2	670	284	133	151	20	9	1015	159
ELAC1	184	69	52	44	4	3	324	31
SMAD4	610	493	105	382	38	17	1064	289
MEX3C	355	164	113	137	17	9	772	96
DCC	12	207	4	273	16	2	17	129
MBD2	728	267	493	283	24	19	1324	207
POLI	289	117	62	97	13	11	451	128
STARD6	58	6	0	11	1	0	90	5
C18orf54	134	69	48	36	6	2	287	43
DYNAP	1	2	0	1	1	0	3	0
RAB27B	47	13	58	13	1	0	49	4
CCDC68	65	52	34	42	10	1	273	28
TCF4	997	1099	281	567	79	65	1806	386
TXNL1	2685	647	839	670	80	35	4990	334
WDR7	74	227	12	176	14	10	126	93
BOD1L2	0	0	0	0	0	0	0	0
ST8SIA3	1	3	1	1	0	0	2	1
ONECUT2	56	15	8	25	2	1	81	10
FECH	229	50	62	38	5	2	400	20
NARS	1713	389	516	332	35	15	3279	183
ATP8B1	49	149	93	103	10	7	135	43
NEDD4L	563	1116	164	872	93	43	1077	484
ALPK2	33	30	18	54	4	1	44	9
MALT1	328	247	126	226	24	17	522	72
ZNF532	278	390	44	390	39	28	447	249
SEC11C	1383	223	424	256	39	9	2373	111
GRP	7	2	0	20	0	0	4	1
RAX	4	0	10	1	0	0	4	0
CPLX4	1	0	0	1	0	0	0	1
LMAN1	2480	1094	746	731	97	43	4698	374
CCBE1	407	286	42	80	27	12	418	166
PMAIP1	438	49	659	30	5	0	533	46
MC4R	0	0	1	0	0	0	0	0
CDH20	2	13	4	23	2	0	4	26
RNF152	365	359	24	192	19	16	465	407
PIGN	207	244	56	210	17	10	390	173
RELCH	143	212	32	215	18	8	266	181
TNFRSF11A	139	185	9	114	5	0	73	267
ZCCHC2	247	146	57	115	16	4	367	108
PHLPP1	161	803	57	500	53	35	322	489
BCL2	15	59	12	31	2	1	63	23
KDSR	640	173	265	146	13	9	1082	136
VPS4B	681	271	295	210	16	12	1169	197
SERPINB5	9	3	35	0	0	0	5	0
SERPINB12	0	0	0	0	0	0	0	0
SERPINB13	0	0	0	0	0	0	0	0
SERPINB4	0	0	0	0	0	0	1	0
SERPINB11	0	1	0	1	0	0	0	0
SERPINB3	1	0	0	1	0	0	2	0
SERPINB7	6	0	28	0	0	0	0	0
SERPINB2	194	0	164	0	0	0	60	0
SERPINB10	0	0	2	0	0	0	0	0
HMSD	35	9	8	6	0	0	122	2
SERPINB8	21	1	39	4	1	0	22	0
CDH7	24	137	9	79	7	9	171	6
CDH19	2	5	1	3	0	0	3	0
DSEL	1	68	0	82	4	3	4	57
TMX3	301	126	93	105	12	6	572	129
CCDC102B	93	149	15	66	14	6	218	91
DOK6	246	1012	3	1642	186	29	528	538
CD226	2	7	1	7	0	0	16	13
RTTN	128	201	32	124	18	6	190	195
SOCS6	341	254	121	174	30	6	671	178
CBLN2	0	0	0	1	0	0	1	0
NETO1	2	2	0	0	0	0	4	0
FBXO15	17	0	4	4	1	0	18	4
TIMM21	246	59	57	45	3	4	380	42
CYB5A	7553	3838	1424	3482	357	223	21242	1511
C18orf63	2	5	0	9	0	0	3	4
DIPK1C	2	2	1	5	0	0	3	0
CNDP2	1293	253	338	170	17	14	1881	231
CNDP1	6	2	0	4	0	0	3	0
ZNF407	88	263	18	277	36	17	201	263
ZADH2	176	64	35	46	9	5	300	32
TSHZ1	81	54	15	48	6	6	166	31
SMIM21	0	0	0	0	0	0	0	0
ZNF516	247	342	57	254	40	17	494	317
ZNF236	252	205	56	158	13	6	360	182
MBP	220	112	78	24	9	7	327	111
GALR1	1	2	0	1	0	0	0	0
SALL3	0	23	0	21	7	0	0	40
ATP9B	123	502	34	350	52	33	225	348
NFATC1	248	95	12	44	9	6	194	178
CTDP1	181	57	77	55	7	3	305	59
KCNG2	7	6	1	1	0	0	4	1
SLC66A2	568	137	145	196	14	8	935	128
HSBP1L1	366	54	366	73	7	2	749	33
TXNL4A	3393	926	830	781	93	42	5547	694
AC090360.1	17	5	1	3	1	0	34	4
RBFA	569	132	152	81	9	4	903	101
ADNP2	442	216	72	204	14	8	745	186
PARD6G	353	181	64	151	16	6	693	117
DEFB125	0	0	0	0	0	0	0	0
DEFB126	1	0	0	0	0	0	0	0
DEFB127	0	0	0	0	0	0	0	0
DEFB128	0	0	0	0	0	0	0	0
DEFB129	0	0	0	0	0	0	0	0
DEFB132	0	0	0	0	0	0	0	0
C20orf96	376	66	77	52	8	1	618	67
ZCCHC3	708	128	169	95	13	6	1256	114
SOX12	689	116	67	92	14	2	1378	117
NRSN2	208	56	80	46	7	2	381	32
TRIB3	56	14	108	13	1	1	131	12
RBCK1	624	136	217	122	5	2	918	94
TBC1D20	297	115	94	143	10	6	514	88
CSNK2A1	1986	685	385	555	55	34	3155	631
TCF15	36	3	13	6	0	1	81	3
SRXN1	2	28	1	34	3	1	3	44
SCRT2	0	2	0	0	0	0	0	0
SLC52A3	75	13	13	9	0	0	130	9
FAM110A	342	60	156	54	10	4	630	53
ANGPT4	6	1	1	1	0	0	3	0
RSPO4	6	7	4	13	1	0	33	1
PSMF1	754	296	341	249	30	12	1377	207
TMEM74B	37	4	7	5	2	0	86	11
C20orf202	0	1	0	0	0	0	1	1
RAD21L1	1	1	0	3	0	0	2	1
SNPH	10	4	6	0	0	0	9	0
SDCBP2	175	31	22	48	4	1	394	35
FKBP1A	4025	819	1641	753	88	42	6776	628
NSFL1C	1098	235	365	225	25	12	1758	199
SIRPB2	0	1	2	0	0	0	2	0
SIRPD	0	0	0	0	0	0	0	0
SIRPB1	0	0	0	0	0	0	0	0
SIRPG	0	0	0	0	0	0	0	0
SIRPA	76	19	16	14	0	1	99	18
PDYN	3	3	0	1	0	0	12	1
STK35	187	70	48	77	8	2	275	70
TGM3	0	0	0	0	0	0	0	0
TGM6	0	1	0	0	0	0	0	0
SNRPB	8131	1469	2297	1232	164	65	13770	1259
ZNF343	17	11	3	9	2	0	39	6
TMC2	1	1	0	1	0	0	0	1
NOP56	2421	449	466	354	45	31	4320	381
IDH3B	1208	188	302	160	17	12	1788	168
EBF4	67	31	5	26	4	0	134	31
CPXM1	483	130	52	36	13	3	520	73
C20orf141	0	0	0	0	0	0	1	0
TMEM239	0	0	0	0	0	0	0	0
PCED1A	229	69	52	31	6	4	359	41
VPS16	331	55	82	42	11	3	464	43
PTPRA	909	709	195	491	44	30	1974	457
GNRH2	331	546	14	594	3	31	1244	220
MRPS26	3691	1127	780	987	114	64	7146	725
OXT	87	26	2	57	7	0	256	21
AVP	274	56	2	113	6	1	863	72
UBOX5	70	48	16	22	4	3	111	36
FASTKD5	217	30	63	33	3	4	330	28
LZTS3	187	35	51	30	3	0	331	28
DDRGK1	1025	219	270	224	29	11	1614	188
ITPA	1263	277	404	246	35	10	1777	200
SLC4A11	24	4	8	4	0	1	21	8
C20orf194	75	206	55	296	18	17	135	267
ATRN	209	281	61	305	36	23	354	247
GFRA4	0	0	0	0	0	0	0	0
ADAM33	2	0	2	3	0	0	3	0
SIGLEC1	0	0	0	0	0	0	0	1
HSPA12B	7	3	0	4	0	0	6	2
C20orf27	719	158	191	72	16	2	1311	108
SPEF1	6	0	5	1	0	0	10	0
CENPB	337	65	114	48	6	1	558	53
CDC25B	264	39	59	13	5	1	269	27
AP5S1	85	16	39	18	3	1	156	13
MAVS	397	112	113	88	7	5	639	78
PANK2	508	272	162	217	28	13	775	222
RNF24	335	436	116	360	43	22	784	376
SMOX	304	74	46	106	9	6	610	83
ADRA1D	15	20	2	10	0	1	45	9
PRNP	263	100	164	158	5	3	617	50
PRND	1	1	0	4	0	0	4	0
RASSF2	44	29	30	10	1	1	102	12
SLC23A2	112	113	35	108	8	3	144	91
TMEM230	2089	624	606	570	65	28	3880	473
PCNA	1618	251	598	190	29	7	2608	225
CDS2	394	134	110	111	8	8	620	116
PROKR2	0	0	0	0	0	0	0	0
GPCPD1	137	289	44	178	22	10	233	146
SHLD1	135	145	39	141	13	3	249	74
CHGB	13	29	5	28	14	0	17	4
TRMT6	564	121	122	101	15	4	945	78
MCM8	257	90	75	76	9	1	364	89
CRLS1	76	621	12	528	55	21	153	377
LRRN4	44	3	34	3	4	2	43	9
FERMT1	92	42	146	22	5	2	277	33
BMP2	2280	669	27	659	58	38	4481	651
HAO1	0	1	0	0	0	0	0	0
TMX4	316	98	104	53	12	8	499	67
PLCB1	237	911	68	836	90	45	434	965
PLCB4	216	893	24	823	51	64	619	349
LAMP5	16	0	2	0	0	0	18	1
PAK5	5	23	1	6	0	0	10	13
ANKEF1	73	38	34	19	4	1	121	32
SNAP25	5	9	3	4	0	2	9	3
MKKS	357	96	63	83	15	5	506	96
AL034430.1	0	0	0	0	0	0	0	0
AL034430.2	0	0	0	0	0	0	0	0
SLX4IP	161	231	56	154	23	11	330	225
JAG1	215	95	184	70	4	8	372	38
BTBD3	605	283	64	164	30	10	807	249
SPTLC3	139	206	69	50	23	7	208	184
ISM1	26	26	4	59	3	1	25	39
TASP1	187	385	70	318	28	11	311	312
ESF1	1337	391	295	330	41	18	2658	366
NDUFAF5	353	136	119	115	8	5	594	94
SEL1L2	4	1	1	2	0	0	11	2
MACROD2	92	479	5	539	31	30	186	355
FLRT3	3741	1583	155	1523	142	40	5824	1116
KIF16B	210	293	53	227	21	14	371	230
SNRPB2	3317	756	851	675	66	35	5792	652
OTOR	0	0	0	0	0	0	0	0
PCSK2	57	52	1	143	5	1	65	34
BFSP1	130	49	13	34	2	1	185	20
DSTN	6479	1514	3401	1674	185	65	10922	1145
RRBP1	3789	1490	511	1379	138	72	6991	1235
BANF2	2	2	0	3	0	0	2	0
SNX5	1442	635	409	505	48	26	3303	474
OVOL2	234	136	55	80	13	7	538	93
MGME1	534	166	169	133	13	13	984	166
PET117	529	143	111	121	14	6	1127	109
KAT14	215	89	38	92	12	1	332	72
ZNF133	74	167	20	125	7	3	109	97
DZANK1	71	78	14	53	4	4	132	50
POLR3F	265	82	64	90	12	3	422	87
RBBP9	166	45	38	30	4	0	314	20
SEC23B	550	157	153	128	14	11	888	127
SMIM26	2339	508	568	415	59	21	4055	377
DTD1	677	154	208	131	15	5	1012	142
SCP2D1	0	0	0	0	0	0	0	0
SLC24A3	2	9	1	17	3	5	2	9
RIN2	133	391	32	316	31	31	287	225
NAA20	1217	301	413	259	38	12	2085	220
CRNKL1	357	96	104	84	13	3	676	79
CFAP61	1	9	0	3	0	1	5	7
INSM1	27	4	5	1	0	0	25	11
RALGAPA2	218	340	60	277	45	18	435	338
KIZ	408	154	46	109	14	3	505	152
XRN2	3223	908	713	727	95	32	5388	797
NKX2-4	0	0	0	0	0	0	0	0
NKX2-2	153	28	1	2	4	0	85	19
PAX1	23	26	0	1	0	0	71	14
FOXA2	3336	611	11	425	70	15	4381	679
SSTR4	0	0	0	0	0	0	0	0
THBD	20	2	2	8	1	0	75	15
CD93	0	0	0	0	0	0	0	0
NXT1	721	134	230	151	21	3	1331	114
GZF1	161	39	44	46	3	2	308	33
NAPB	123	73	26	56	8	3	218	59
CSTL1	0	0	0	0	0	0	0	0
CST11	1	0	1	0	0	0	0	0
CST8	0	0	0	0	0	0	0	0
CST9L	2	0	1	0	0	0	0	0
CST9	0	0	0	0	0	0	0	0
CST3	20870	6686	2932	6390	688	213	42335	3026
CST4	2292	701	10	739	92	4	3598	74
CST1	26171	4134	118	8566	1309	301	41289	10277
CST2	185	79	1	157	21	6	268	164
CST5	33	22	1	2	0	0	30	1
GGTLC1	0	0	0	0	0	0	1	0
SYNDIG1	91	234	5	270	26	1	191	222
CST7	0	0	0	0	0	0	0	0
APMAP	1019	186	421	141	22	12	1739	109
ACSS1	14	1	29	0	0	0	19	0
VSX1	0	4	0	2	0	0	0	2
ENTPD6	501	100	82	87	8	2	691	65
PYGB	281	136	61	138	13	4	476	111
ABHD12	704	350	315	278	31	14	1228	262
GINS1	280	128	62	96	10	8	464	100
NINL	416	551	53	434	41	28	756	469
NANP	121	36	22	22	2	0	185	37
ZNF337	104	88	19	74	13	6	165	66
DEFB115	0	0	0	0	0	0	0	0
DEFB116	0	0	0	0	0	0	0	0
DEFB118	0	0	0	0	0	0	0	0
DEFB119	0	0	0	0	0	0	0	0
DEFB121	0	0	0	0	0	0	0	0
DEFB123	0	0	0	0	0	0	0	1
DEFB124	0	0	0	0	0	0	0	0
REM1	1	0	0	0	0	0	2	0
HM13	1702	528	696	531	56	27	2696	479
MCTS2P	0	0	0	0	0	0	0	0
ID1	9611	2376	2063	2824	268	142	23230	1686
COX4I2	33	0	13	1	0	2	73	1
BCL2L1	551	259	220	194	24	12	569	201
TPX2	1452	603	386	285	26	30	2323	286
MYLK2	0	1	0	0	0	0	1	0
FOXS1	3	0	0	0	0	0	7	0
DUSP15	71	13	21	28	1	1	190	13
TTLL9	4	1	1	3	0	0	3	2
PDRG1	574	123	233	106	10	5	962	99
XKR7	2	4	2	0	0	0	5	0
CCM2L	27	4	5	6	0	0	46	9
HCK	0	1	2	0	0	0	2	0
TM9SF4	543	273	204	241	26	9	986	216
PLAGL2	255	59	118	64	6	2	442	50
POFUT1	168	76	70	59	11	3	293	55
KIF3B	387	141	129	108	14	8	558	87
ASXL1	751	471	223	377	37	12	1328	361
NOL4L	289	111	103	114	15	3	516	100
C20orf203	0	7	0	1	0	0	3	2
COMMD7	1123	213	585	290	30	21	1949	224
DNMT3B	469	178	162	176	17	12	846	178
MAPRE1	1686	317	475	299	37	17	2524	256
EFCAB8	1	0	0	3	0	0	1	7
SUN5	0	0	0	0	0	0	0	0
BPIFB2	1	0	0	0	0	0	4	0
BPIFB6	0	0	0	0	0	0	0	0
BPIFB3	0	0	0	0	0	0	0	0
BPIFB4	0	2	0	0	0	0	0	0
BPIFA2	1	1	0	1	0	0	0	0
BPIFA3	0	0	0	0	0	0	0	0
BPIFA1	0	0	0	0	0	0	0	0
BPIFB1	9	1	0	2	0	0	7	1
CDK5RAP1	485	147	91	120	8	7	718	130
SNTA1	49	19	20	16	2	0	106	22
CBFA2T2	223	446	74	423	36	18	369	368
NECAB3	340	76	62	57	7	3	529	49
C20orf144	1	1	0	1	0	0	1	0
ACTL10	5	6	3	6	1	0	45	1
E2F1	195	24	68	20	2	0	304	20
PXMP4	74	28	34	20	3	0	196	16
ZNF341	26	18	16	10	2	0	51	16
CHMP4B	691	208	279	195	13	5	1152	151
RALY	1882	475	639	451	58	27	2639	501
EIF2S2	3116	1091	850	924	114	47	5439	1012
ASIP	5	49	2	52	3	1	10	38
AHCY	3106	770	470	620	64	34	5286	600
ITCH	307	705	82	550	63	27	580	496
DYNLRB1	3171	674	895	642	87	26	5291	628
MAP1LC3A	273	31	210	57	3	1	490	30
PIGU	355	225	86	140	25	9	544	145
NCOA6	321	352	76	272	23	16	456	264
TP53INP2	71	16	17	48	1	1	159	18
GGT7	180	113	30	67	8	2	296	84
ACSS2	226	111	35	116	18	5	481	47
GSS	632	169	149	130	9	2	926	124
MYH7B	4	1	0	5	0	0	4	5
TRPC4AP	565	447	156	392	41	18	852	324
EDEM2	334	91	123	142	19	7	680	60
PROCR	236	49	50	107	5	6	513	29
MMP24OS	1025	176	518	242	17	8	1337	149
MMP24	4	61	9	37	7	3	13	29
EIF6	3214	936	907	717	98	37	5807	629
FAM83C	0	0	0	0	0	0	1	2
UQCC1	333	228	77	177	17	8	498	181
GDF5OS	6	2	0	0	0	0	8	3
GDF5	0	3	0	0	0	0	5	2
CEP250	270	77	69	59	7	6	380	75
C20orf173	0	0	0	0	0	0	1	1
ERGIC3	2300	643	721	504	34	18	4171	473
SPAG4	60	13	42	15	4	0	200	16
CPNE1	1787	520	461	395	45	15	3551	429
RBM12	430	112	95	101	17	10	738	87
NFS1	239	58	57	32	8	1	413	48
ROMO1	3320	703	882	698	109	26	6371	546
RBM39	3666	1140	935	1127	128	76	6489	944
PHF20	1282	527	250	386	64	27	2116	414
SCAND1	2549	476	1089	509	65	35	4589	425
CNBD2	31	16	19	8	1	0	57	11
EPB41L1	141	63	51	106	5	7	292	64
AAR2	216	69	68	61	8	1	321	70
DLGAP4	893	287	310	252	33	21	1411	260
MYL9	2177	196	2663	432	40	20	2654	173
TGIF2	423	170	92	105	15	7	796	131
RAB5IF	1157	657	323	678	63	21	1795	518
SLA2	5	2	0	1	2	0	5	8
NDRG3	345	106	92	84	6	1	470	78
DSN1	348	114	83	95	6	7	568	71
SOGA1	315	136	56	121	12	6	413	110
TLDC2	2	2	1	0	0	0	5	3
SAMHD1	196	67	54	63	6	4	327	36
RBL1	125	163	39	122	15	7	255	137
MROH8	27	38	4	19	1	5	27	10
RPN2	4794	1119	1159	971	108	40	7856	1017
GHRH	1	0	2	0	0	0	2	1
MANBAL	803	206	234	177	20	7	1339	159
SRC	243	101	61	88	9	5	339	83
BLCAP	510	273	175	242	19	11	890	179
NNAT	58	17	4	256	23	8	166	36
CTNNBL1	1163	367	266	299	42	22	2500	274
VSTM2L	32	2	13	5	0	0	19	2
TTI1	264	133	58	74	9	4	412	82
RPRD1B	215	184	60	125	18	6	464	126
TGM2	22	1	19	2	1	0	24	2
KIAA1755	4	5	0	12	0	0	13	3
BPI	7	7	0	5	1	0	29	1
LBP	2	3	0	2	0	0	7	3
RALGAPB	288	246	80	218	23	15	516	210
ADIG	0	0	0	0	0	0	0	1
ARHGAP40	21	0	29	3	0	0	8	0
SLC32A1	0	0	0	0	0	0	0	0
ACTR5	109	28	31	23	7	0	189	26
PPP1R16B	2	16	1	6	0	0	5	18
FAM83D	311	96	40	68	5	8	526	59
DHX35	86	112	15	79	12	11	177	81
MAFB	211	17	278	12	1	1	376	11
TOP1	3271	907	761	805	97	54	5660	786
PLCG1	229	109	42	80	15	1	364	83
ZHX3	60	124	13	134	11	6	78	75
LPIN3	145	56	34	39	3	6	301	36
EMILIN3	19	3	3	3	0	0	33	1
CHD6	930	641	173	504	51	28	1525	613
PTPRT	23	29	2	4	2	0	17	86
SRSF6	1270	238	226	189	19	15	2241	210
L3MBTL1	120	99	20	80	7	4	94	80
SGK2	8	28	2	11	2	0	11	26
IFT52	563	176	163	122	18	11	978	123
MYBL2	976	118	217	89	12	4	1407	149
GTSF1L	0	0	0	0	0	0	0	0
TOX2	12	6	2	4	0	0	17	6
JPH2	16	16	28	8	1	2	30	8
OSER1	736	190	204	206	16	6	1168	136
GDAP1L1	6	7	6	5	0	0	16	5
FITM2	40	19	12	14	1	0	76	15
R3HDML	2	3	0	7	4	0	1	4
HNF4A	884	475	1	476	49	14	1802	437
TTPAL	182	30	57	29	0	3	248	33
SERINC3	780	163	234	151	21	16	997	172
PKIG	945	282	225	216	35	12	1245	313
ADA	121	19	45	20	2	2	152	26
CCN5	0	0	0	0	0	0	1	1
KCNK15	5	0	0	0	0	0	7	0
RIMS4	9	0	2	1	0	0	8	1
YWHAB	6715	1424	2331	1246	138	65	11251	1203
PABPC1L	120	54	32	39	5	4	175	51
TOMM34	390	113	160	59	4	5	684	58
STK4	554	198	142	132	19	13	949	186
KCNS1	3	1	1	0	0	0	8	1
WFDC5	0	0	0	0	0	0	0	0
WFDC12	0	0	0	0	0	0	0	0
PI3	2	0	0	0	0	0	0	0
SEMG1	0	0	0	0	0	0	2	0
SEMG2	0	0	0	0	0	0	0	0
SLPI	19	1	123	0	0	0	17	0
MATN4	3	3	4	2	0	0	7	2
RBPJL	0	0	1	0	0	0	1	0
SDC4	865	212	380	183	17	2	1768	154
SYS1	443	118	155	131	13	2	594	92
TP53TG5	10	6	2	8	0	1	5	9
DBNDD2	2	56	0	45	4	7	1	104
PIGT	1075	150	315	133	15	6	1374	122
WFDC2	7498	943	1822	980	85	59	7793	987
SPINT3	0	0	0	0	0	0	0	0
WFDC6	0	0	0	0	0	0	0	0
EPPIN	0	0	0	0	0	0	0	0
WFDC8	0	0	0	0	0	0	0	1
WFDC9	0	0	0	0	0	0	0	0
WFDC10A	0	0	0	0	0	0	0	0
WFDC11	0	0	0	0	0	0	0	0
WFDC10B	2	1	1	0	0	1	0	1
WFDC13	0	0	0	0	0	0	0	1
SPINT4	0	0	0	0	0	0	0	0
WFDC3	3	9	8	4	1	1	13	3
DNTTIP1	584	155	171	118	25	7	1044	116
UBE2C	3964	841	640	485	48	38	6105	497
TNNC2	13	6	26	6	0	2	41	11
SNX21	85	14	40	18	0	0	120	17
ACOT8	338	96	79	65	6	4	485	82
ZSWIM3	30	23	10	18	3	1	54	18
ZSWIM1	30	11	13	4	0	1	49	2
SPATA25	2	0	0	0	0	0	3	0
NEURL2	55	23	6	16	2	0	81	23
CTSA	648	127	320	220	15	2	1026	109
PLTP	767	181	153	125	13	9	1435	185
PCIF1	166	55	78	42	6	2	305	26
ZNF335	142	54	41	65	10	3	217	56
MMP9	26	1	245	1	0	0	26	1
SLC12A5	60	26	48	11	4	1	124	13
NCOA5	184	146	53	120	13	8	299	135
CD40	76	7	160	3	0	0	67	9
CDH22	0	1	0	1	0	1	1	1
SLC35C2	575	196	179	176	22	7	1021	147
ELMO2	131	78	40	67	12	4	192	65
ZNF334	196	113	36	84	5	7	314	82
OCSTAMP	0	1	0	0	0	0	1	0
SLC13A3	124	138	14	105	22	6	171	177
TP53RK	856	180	231	162	21	9	1386	134
SLC2A10	104	52	38	43	2	6	181	40
EYA2	50	26	84	32	1	4	100	50
ZMYND8	1019	767	171	557	53	31	1563	673
NCOA3	369	365	165	286	21	21	570	280
SULF2	742	433	241	489	54	14	1527	308
PREX1	268	155	18	123	10	3	435	217
ARFGEF2	213	373	70	363	36	12	391	337
CSE1L	1433	509	238	331	41	26	2098	373
STAU1	1410	578	406	472	48	20	2492	464
DDX27	1056	224	286	182	20	6	1836	181
ZNFX1	85	33	35	30	4	4	145	37
KCNB1	2	2	2	3	0	0	4	5
PTGIS	62	49	20	39	3	0	156	49
B4GALT5	515	301	182	209	16	13	1248	212
SLC9A8	67	97	20	46	6	1	88	79
SPATA2	166	37	32	39	2	1	246	31
RNF114	932	262	280	265	22	7	1817	229
SNAI1	155	32	22	67	5	3	331	46
UBE2V1	172	815	64	829	89	31	302	695
TMEM189	488	145	204	121	15	10	799	90
CEBPB	567	96	423	117	14	6	996	80
PTPN1	399	182	109	192	18	9	604	167
RIPOR3	6	3	2	3	0	0	7	13
PARD6B	493	440	163	276	39	14	1058	189
BCAS4	204	75	136	55	10	4	331	61
ADNP	1260	823	191	691	73	55	2208	723
DPM1	1064	215	266	233	25	12	1806	232
MOCS3	153	33	34	24	2	5	243	27
KCNG1	519	62	253	68	16	7	715	77
NFATC2	67	38	18	43	12	4	120	56
ATP9A	240	228	46	144	20	20	338	227
SALL4	1371	361	121	266	26	28	2119	363
ZFP64	209	137	35	98	12	6	376	121
TSHZ2	89	151	35	79	18	10	132	49
ZNF217	602	277	108	228	27	16	985	211
BCAS1	11	0	1	2	0	0	6	0
CYP24A1	0	0	0	0	0	0	0	0
PFDN4	2557	499	631	424	53	27	4483	440
DOK5	28	16	71	19	1	0	52	5
CBLN4	0	0	0	0	0	0	2	0
MC3R	0	0	0	0	0	0	0	0
FAM210B	483	269	332	170	20	12	1260	143
AURKA	1030	274	196	188	14	12	1659	209
CSTF1	518	96	117	88	13	2	833	98
CASS4	0	3	0	3	0	0	1	3
RTF2	1446	389	518	345	46	12	2528	348
GCNT7	0	7	0	9	0	0	1	15
FAM209A	1	1	0	4	0	0	0	4
FAM209B	8	0	0	2	0	0	4	0
TFAP2C	154	27	166	18	3	3	434	12
BMP7	751	210	383	184	20	15	1022	213
SPO11	0	0	0	0	0	0	0	0
RAE1	816	208	218	180	29	12	1241	153
MTRNR2L3	2	0	0	1	0	0	2	0
RBM38	364	58	100	65	7	5	544	52
CTCFL	0	1	0	0	0	0	6	1
PCK1	18	17	0	5	0	0	42	0
ZBP1	0	0	0	0	0	0	0	0
PMEPA1	420	96	91	82	12	7	537	143
C20orf85	0	0	2	0	0	0	1	0
ANKRD60	0	0	0	0	0	0	0	0
RAB22A	422	191	182	188	17	14	744	149
VAPB	658	231	187	211	21	11	1073	168
APCDD1L	19	2	3	2	0	0	9	15
STX16	624	308	185	197	20	11	993	226
NPEPL1	190	100	62	101	6	4	406	97
GNAS	22815	4998	7786	4257	558	259	37342	4448
NELFCD	935	216	224	160	20	6	1179	139
CTSZ	1371	247	309	260	23	16	2507	248
TUBB1	7	0	0	3	1	0	7	1
ATP5F1E	13237	2699	3512	2758	355	109	24354	2189
PRELID3B	814	170	230	154	23	10	1480	168
ZNF831	0	0	0	0	0	0	0	0
EDN3	5	2	1	1	2	0	23	0
PHACTR3	16	3	4	6	0	1	16	4
SYCP2	1	3	2	3	1	0	9	2
FAM217B	185	60	68	50	6	3	647	57
PPP1R3D	23	10	14	12	1	1	85	10
CDH26	0	8	2	0	0	0	5	1
CDH4	0	39	0	39	3	3	0	45
TAF4	13	91	5	72	14	3	33	126
LSM14B	507	169	117	111	7	2	883	82
PSMA7	11300	2594	2767	2554	270	129	18735	2375
SS18L1	134	89	44	63	13	6	325	98
MTG2	259	116	59	95	11	4	378	63
HRH3	2	0	2	0	0	0	11	0
OSBPL2	251	148	89	126	15	7	527	114
ADRM1	2344	381	780	388	42	24	3193	364
LAMA5	317	84	127	94	12	7	652	76
RPS21	30969	6019	6558	5229	590	270	57716	4955
CABLES2	144	22	29	32	3	3	222	22
RBBP8NL	28	8	36	6	0	1	102	3
GATA5	283	106	11	66	10	3	443	71
SLCO4A1	41	9	15	1	1	0	85	8
NTSR1	0	1	0	1	0	0	12	0
MRGBP	610	99	125	104	10	3	1120	87
OGFR	425	127	141	111	11	6	868	80
COL9A3	287	126	75	18	8	9	1413	143
TCFL5	161	57	26	42	4	3	247	59
DIDO1	437	356	116	295	40	23	841	276
GID8	942	291	299	234	26	15	1902	216
SLC17A9	51	22	4	23	1	0	141	14
BHLHE23	0	0	0	0	0	0	0	0
YTHDF1	929	270	229	233	28	10	1882	223
BIRC7	3	0	27	0	0	0	6	0
NKAIN4	145	229	302	85	21	2	518	98
ARFGAP1	306	99	96	71	6	3	576	69
COL20A1	0	0	0	0	0	0	4	1
CHRNA4	7	6	2	2	0	1	8	2
KCNQ2	57	28	12	7	1	3	133	28
EEF1A2	118	6	201	9	2	0	320	17
PPDPF	9376	2319	4713	1548	249	105	18054	1641
PTK6	26	14	1	9	2	0	64	12
SRMS	0	0	0	0	0	0	0	0
FNDC11	5	0	2	3	0	1	15	2
HELZ2	67	16	31	8	5	2	127	14
GMEB2	109	62	29	55	8	4	181	42
STMN3	33	5	28	4	2	0	75	8
RTEL1	0	18	0	19	1	2	0	21
TNFRSF6B	0	3	0	0	1	0	0	2
ARFRP1	385	82	117	77	9	0	578	71
ZGPAT	8	124	4	84	5	7	26	98
LIME1	1	189	0	105	16	4	6	116
SLC2A4RG	1014	207	334	154	16	13	1950	138
ZBTB46	81	158	22	103	7	9	130	147
ABHD16B	0	0	0	0	0	0	0	0
TPD52L2	715	206	306	167	20	5	1185	136
DNAJC5	246	126	73	121	20	7	363	122
UCKL1	302	60	97	66	12	2	479	49
ZNF512B	162	22	49	24	4	3	203	29
SAMD10	66	5	22	8	2	1	97	6
PRPF6	974	285	239	218	30	18	1705	222
C20orf204	55	10	11	5	0	1	100	9
SOX18	17	2	4	0	0	0	26	2
TCEA2	807	241	178	154	26	10	1395	198
RGS19	216	41	63	21	2	2	328	34
OPRL1	2	5	0	6	1	0	0	10
LKAAEAR1	9	1	1	0	0	0	9	3
MYT1	3	20	0	6	0	1	10	15
NPBWR2	0	0	0	0	0	0	0	0
PCMTD2	312	180	41	139	15	19	540	176
OR4F17	0	0	0	0	0	0	0	0
PLPP2	429	40	136	139	17	7	923	87
MIER2	268	82	63	82	11	10	419	63
THEG	0	0	0	0	0	0	0	0
C2CD4C	84	6	21	7	1	2	34	1
SHC2	548	166	180	160	15	5	350	124
ODF3L2	2	3	1	1	0	0	4	1
MADCAM1	14	8	1	9	1	0	22	3
TPGS1	468	77	212	91	7	7	857	41
CDC34	1224	343	345	270	25	17	1981	285
GZMM	7	0	1	2	0	0	12	3
BSG	8746	2472	2092	1798	227	106	13640	1912
HCN2	1	3	4	0	0	0	2	9
POLRMT	404	89	78	85	6	4	683	70
FGF22	7	7	1	0	0	0	14	3
RNF126	958	221	265	188	19	10	1542	171
FSTL3	100	18	60	14	1	2	154	12
PRSS57	2	0	2	1	0	1	11	1
PALM	221	65	104	36	6	3	426	63
MISP	4	2	13	3	1	0	5	3
PTBP1	2632	449	573	390	51	18	4433	388
PLPPR3	1102	236	83	69	17	9	1589	213
AZU1	11	13	1	4	0	2	6	9
PRTN3	0	0	0	0	0	0	2	2
ELANE	0	0	0	0	0	0	0	0
CFD	17	12	15	9	3	3	31	11
MED16	229	113	59	99	13	8	559	88
R3HDM4	328	64	113	57	7	4	618	72
KISS1R	42	3	10	6	2	0	68	0
ARID3A	2151	588	886	373	32	24	3993	387
WDR18	1273	305	340	189	20	14	2061	198
GRIN3B	9	4	7	1	0	0	12	6
TMEM259	1122	203	321	186	23	14	1920	163
CNN2	1749	369	851	361	30	40	2659	314
ABCA7	200	37	39	40	5	1	373	64
ARHGAP45	268	96	28	55	5	5	642	74
POLR2E	2710	590	686	532	46	23	3621	477
GPX4	12900	2790	2705	2582	266	96	23129	2147
SBNO2	4	69	1	66	5	3	4	54
STK11	579	106	125	92	7	1	899	78
CBARP	69	12	15	6	1	1	145	8
ATP5F1D	5755	1304	1483	1052	139	50	10118	1085
MIDN	2543	452	380	358	59	26	3837	456
CIRBP	5439	1068	1121	793	89	63	8961	734
FAM174C	1259	254	379	254	31	8	2355	246
EFNA2	505	158	29	113	8	2	935	103
PWWP3A	633	178	95	108	19	6	1133	139
NDUFS7	2168	423	624	389	51	19	3541	292
GAMT	4245	945	342	1318	105	31	8509	729
DAZAP1	1897	468	521	435	47	24	3108	349
RPS15	46474	11292	10067	9448	1228	553	88727	9489
APC2	6	9	1	9	1	0	11	14
C19orf25	758	230	182	193	13	15	1294	164
PCSK4	42	12	11	6	2	1	64	14
REEP6	1323	272	74	368	33	8	2694	286
ADAMTSL5	23	8	20	6	0	0	35	6
PLK5	2	1	2	0	0	0	3	1
MEX3D	729	97	182	99	14	4	1263	98
MBD3	724	176	156	124	15	7	1091	125
UQCR11	4046	1117	1016	1321	134	50	6868	1016
TCF3	1469	379	251	274	35	19	2240	342
ONECUT3	1	2	2	0	0	0	1	0
ATP8B3	15	4	3	8	0	0	26	2
REXO1	417	105	98	98	14	6	735	105
KLF16	196	21	35	30	3	0	310	22
ABHD17A	415	178	145	158	17	10	581	172
SCAMP4	528	140	220	109	13	7	835	125
ADAT3	38	6	24	2	0	2	62	1
CSNK1G2	1169	196	269	164	21	10	1713	154
BTBD2	479	169	93	126	16	7	883	137
MKNK2	614	110	219	114	10	7	893	117
MOB3A	120	60	62	44	6	5	184	61
IZUMO4	21	1	6	1	0	1	38	4
AP3D1	1230	289	398	292	25	26	2134	228
DOT1L	311	127	64	103	15	6	443	108
PLEKHJ1	3067	631	640	525	82	28	5309	710
SF3A2	613	177	202	106	12	5	1006	132
AMH	73	6	19	9	0	0	8	5
JSRP1	6	3	1	3	0	0	17	6
OAZ1	13303	2638	3770	2354	233	114	22523	2502
PEAK3	0	0	0	1	0	0	0	6
LINGO3	37	6	0	1	1	0	44	4
LSM7	5573	1247	1185	1094	137	33	9612	947
SPPL2B	352	86	97	64	9	1	540	70
TMPRSS9	9	10	1	18	1	1	19	23
TIMM13	5404	1239	1250	1275	117	55	9934	1068
LMNB2	700	173	162	90	12	4	1071	131
GADD45B	175	19	375	15	0	1	436	42
GNG7	102	136	19	81	8	13	233	84
DIRAS1	17	6	11	0	1	1	31	3
SLC39A3	445	90	172	98	11	4	864	80
SGTA	682	109	151	90	11	8	940	117
THOP1	520	118	102	98	10	5	725	85
ZNF554	62	16	17	18	0	1	114	14
ZNF555	38	33	19	24	2	0	177	20
ZNF556	2	2	0	2	0	0	4	2
ZNF57	29	23	15	17	6	1	120	24
ZNF77	30	20	14	34	1	1	159	27
TLE6	15	9	2	7	1	1	15	4
TLE2	315	121	18	73	8	3	461	99
TLE5	3688	736	603	449	74	43	4611	609
GNA11	364	66	93	76	5	2	491	37
GNA15	1	1	1	0	0	1	0	1
S1PR4	0	0	0	0	0	0	0	0
NCLN	465	92	132	116	6	5	719	101
CELF5	30	22	8	8	2	1	137	16
NFIC	146	40	41	19	4	2	263	29
SMIM24	128	58	9	48	6	2	627	27
AC005551.1	0	0	0	0	0	0	0	0
DOHH	302	59	100	57	13	5	484	54
FZR1	231	63	75	45	5	1	336	37
MFSD12	369	71	276	68	6	4	716	69
C19orf71	0	1	0	1	0	0	0	0
HMG20B	872	176	268	113	17	11	1413	137
GIPC3	0	1	0	0	0	0	1	0
TBXA2R	2	2	1	0	0	0	3	2
CACTIN	136	20	38	20	3	1	246	30
PIP5K1C	282	74	90	71	9	3	432	78
TJP3	194	77	130	54	5	6	409	44
APBA3	110	36	31	32	3	0	166	33
MRPL54	1503	286	400	274	44	7	2287	224
RAX2	0	0	0	0	0	0	0	0
MATK	38	4	17	3	2	0	137	6
ZFR2	138	48	34	57	9	3	384	41
ATCAY	11	6	19	4	1	0	8	2
NMRK2	46	11	239	23	0	1	129	11
DAPK3	567	255	256	273	23	15	916	121
EEF2	14026	3116	4145	2944	273	146	25198	2216
PIAS4	399	79	113	72	8	4	585	74
ZBTB7A	431	82	174	82	8	3	693	79
MAP2K2	3912	898	1035	897	80	40	6111	743
CREB3L3	321	60	0	150	8	4	716	62
SIRT6	254	61	81	46	9	3	352	40
ANKRD24	2	4	0	1	0	0	7	1
EBI3	1	4	13	12	0	0	13	0
YJU2	298	68	97	56	11	2	417	56
SHD	80	18	5	10	2	1	163	6
TMIGD2	3	1	10	0	0	0	12	1
FSD1	140	32	61	22	5	3	337	27
STAP2	336	71	419	59	3	6	725	58
MPND	480	91	119	105	11	6	722	72
SH3GL1	727	211	332	205	16	12	1238	161
CHAF1A	698	179	172	153	19	13	1160	146
UBXN6	292	52	121	45	8	1	516	45
HDGFL2	1515	384	339	274	37	20	2531	298
PLIN4	1	0	0	3	0	1	9	0
PLIN5	49	24	5	9	4	1	148	13
LRG1	43	7	5	23	0	0	118	9
SEMA6B	106	23	27	14	2	2	170	11
TNFAIP8L1	201	61	18	41	4	0	426	32
MYDGF	3303	889	868	819	83	37	5390	692
DPP9	233	83	74	79	9	4	430	75
FEM1A	251	32	50	27	9	3	385	30
TICAM1	69	15	51	20	1	1	106	8
PLIN3	1507	380	494	295	33	13	2449	300
ARRDC5	0	0	0	0	0	0	0	0
UHRF1	256	116	49	72	6	1	414	92
KDM4B	462	243	169	216	18	16	755	232
PTPRS	71	246	20	155	33	7	113	218
ZNRF4	0	0	0	0	0	0	0	0
TINCR	136	7	886	7	2	0	187	13
SAFB2	811	167	221	186	17	9	1339	157
SAFB	1589	466	302	381	47	30	2504	308
RPL36	37819	7004	8713	6108	739	382	73481	5845
MICOS13	1562	343	557	312	42	20	3074	250
HSD11B1L	224	41	64	32	3	1	389	28
LONP1	685	143	194	146	9	9	1063	119
CATSPERD	0	4	1	1	0	0	1	5
PRR22	15	1	7	2	1	0	24	2
DUS3L	124	27	28	29	6	2	246	31
NRTN	60	13	9	9	1	1	110	8
FUT6	2	2	0	0	0	0	0	1
FUT3	3	1	18	2	0	0	0	0
FUT5	0	0	0	0	0	0	4	0
NDUFA11	3594	1596	797	1361	173	64	6746	1211
VMAC	84	45	30	18	6	2	153	26
CAPS	105	11	164	7	2	1	94	13
RANBP3	373	132	91	101	21	5	559	125
RFX2	130	147	25	87	12	4	249	112
ACSBG2	1	5	0	3	1	0	0	3
MLLT1	260	64	102	58	2	5	467	68
ACER1	0	0	0	0	0	0	0	0
CLPP	1306	239	432	241	30	23	2013	236
ALKBH7	2518	775	569	699	96	47	5692	761
PSPN	20	6	6	6	0	0	34	1
GTF2F1	703	183	242	157	22	9	1352	133
KHSRP	1252	320	299	242	32	15	2055	254
SLC25A41	4	5	1	0	0	0	10	6
SLC25A23	295	122	79	115	18	3	550	81
CRB3	631	186	256	243	37	11	1446	166
DENND1C	64	41	2	51	5	0	215	38
TUBB4A	209	101	12	184	14	0	795	55
TNFSF9	32	2	70	10	0	1	51	8
CD70	2	2	50	9	1	1	20	12
TNFSF14	1	2	0	4	0	1	0	10
C3	26	9	9	11	2	0	73	7
GPR108	544	85	167	110	17	3	660	95
TRIP10	690	139	150	139	13	7	1078	147
SH2D3A	126	63	82	59	7	4	305	32
VAV1	2	2	1	2	0	0	6	0
ADGRE1	0	0	0	0	0	0	0	1
MBD3L2B	0	0	0	0	0	0	0	0
MBD3L5	0	0	0	0	0	0	0	0
MBD3L4	0	0	0	0	0	0	0	0
MBD3L2	0	0	0	0	0	0	0	0
MBD3L3	0	0	1	0	0	0	0	0
ZNF557	112	36	22	33	4	3	191	27
INSR	367	246	128	181	24	11	758	216
AC119396.1	0	8	0	4	0	0	0	4
ARHGEF18	149	144	65	102	17	8	217	104
PEX11G	49	17	24	9	2	1	58	25
TEX45	1	1	0	0	0	0	1	0
ZNF358	866	185	243	167	20	12	1395	125
MCOLN1	219	49	116	59	12	3	360	54
PNPLA6	238	52	76	52	6	3	389	46
CAMSAP3	489	136	81	151	17	3	690	101
XAB2	365	64	90	58	4	5	552	48
PET100	1243	431	272	392	57	17	1879	341
PCP2	4	0	1	0	0	0	6	2
STXBP2	678	177	246	172	16	9	954	114
RETN	0	0	0	0	0	0	0	0
MCEMP1	0	0	0	0	0	0	0	0
TRAPPC5	24	731	16	788	65	27	81	603
FCER2	0	0	0	0	0	0	0	0
CLEC4G	2	0	2	0	0	0	4	0
CD209	0	0	0	0	0	0	0	0
CLEC4M	0	0	2	0	0	0	1	0
EVI5L	50	12	17	30	3	1	64	10
PRR36	181	26	52	30	4	0	347	20
LRRC8E	18	1	15	10	0	0	38	4
MAP2K7	511	73	127	68	5	4	760	76
TGFBR3L	22	3	31	7	0	1	67	1
SNAPC2	294	65	102	62	9	3	530	44
CTXN1	1055	170	385	139	17	8	1399	139
TIMM44	653	162	189	170	18	5	1085	150
ELAVL1	2116	613	473	483	61	25	3678	446
CCL25	3	0	1	6	0	0	15	5
FBN3	150	135	48	47	9	6	247	128
CERS4	755	325	304	271	37	11	1245	234
CD320	1846	371	186	246	28	20	2870	372
NDUFA7	235	681	71	506	58	31	401	456
RPS28	24954	9332	6125	9498	1052	507	50062	7343
KANK3	8	2	3	4	0	1	4	9
ANGPTL4	65	5	43	22	2	2	49	14
RAB11B	987	144	354	128	14	3	1230	122
MARCH2	280	85	105	73	12	4	386	45
HNRNPM	7474	1466	1404	1190	140	57	11512	1299
PRAM1	3	8	0	1	0	0	3	3
ZNF414	369	66	88	61	6	4	491	61
MYO1F	21	54	11	46	3	2	88	7
ADAMTS10	64	26	12	27	3	0	75	16
LINC01862	0	0	0	1	0	0	0	0
ACTL9	0	0	0	0	0	0	0	0
OR2Z1	0	0	0	0	0	0	0	0
ZNF558	2	0	32	22	1	0	127	1
MBD3L1	0	0	0	0	0	0	1	0
MUC16	110	2	102	3	0	2	42	0
OR1M1	0	0	0	0	0	0	0	0
OR7G2	0	0	0	0	0	0	0	0
OR7G1	0	0	0	0	0	0	0	0
OR7G3	0	0	0	0	0	0	0	0
ZNF317	117	58	32	53	5	5	181	36
OR7D2	1	0	0	0	0	0	22	0
OR7D4	0	0	0	0	0	0	0	0
OR7E24	0	0	0	0	0	0	0	0
ZNF699	44	31	18	15	2	0	112	16
ZNF559	100	104	33	75	2	2	285	66
ZNF177	1	29	0	30	1	0	10	23
ZNF266	99	61	41	39	3	4	211	48
ZNF560	2	0	6	0	1	0	5	7
ZNF426	457	130	119	116	5	5	683	86
ZNF121	458	200	104	148	17	5	704	181
ZNF561	370	128	128	99	13	7	591	85
ZNF562	173	77	102	97	23	8	375	55
ZNF846	107	90	28	54	11	4	142	75
FBXL12	509	158	134	142	15	5	1005	130
UBL5	8899	1691	2468	1721	215	71	14999	1546
PIN1	2157	475	630	394	61	27	3479	433
OLFM2	272	74	157	55	9	8	652	46
COL5A3	1	1	1	1	0	0	4	0
RDH8	0	0	1	0	0	0	0	0
SHFL	61	15	54	14	0	0	124	8
ANGPTL6	4	0	0	0	0	0	2	0
PPAN	370	124	78	102	2	6	606	98
P2RY11	17	4	6	6	0	1	14	2
EIF3G	3788	951	906	771	94	34	6550	773
DNMT1	1780	410	492	266	43	20	3054	281
S1PR2	92	16	34	12	1	1	166	10
MRPL4	1575	313	400	316	44	17	2909	277
ICAM1	22	1	16	1	0	0	26	1
ICAM4	4	2	5	1	0	0	10	0
ICAM5	0	0	1	0	0	0	1	0
ZGLP1	20	1	11	4	0	0	31	6
FDX2	174	120	47	95	12	7	252	106
RAVER1	23	88	3	55	12	3	28	77
ICAM3	369	112	57	136	12	0	748	63
TYK2	99	43	40	26	1	3	221	29
CDC37	1882	411	613	318	29	18	3254	333
PDE4A	29	12	16	11	1	0	63	5
KEAP1	463	93	102	95	12	4	671	71
S1PR5	1	0	0	1	0	0	0	0
ATG4D	373	80	129	63	7	3	528	62
KRI1	301	42	60	56	2	2	449	54
CDKN2D	108	17	36	13	1	3	168	15
AP1M2	1871	289	533	293	20	28	3082	344
SLC44A2	460	143	492	72	6	6	733	82
ILF3	3512	892	672	604	97	51	5530	611
QTRT1	362	64	97	62	10	4	743	62
DNM2	491	240	136	231	27	7	656	226
TMED1	945	234	268	154	11	5	1567	164
C19orf38	3	2	0	4	1	0	2	9
CARM1	752	130	207	115	16	8	1160	154
YIPF2	791	286	308	273	21	10	1545	194
TIMM29	535	137	115	119	15	2	819	117
SMARCA4	3144	730	576	557	74	29	4663	674
LDLR	569	187	137	301	30	8	1028	131
SPC24	220	78	47	38	5	2	348	31
KANK2	313	65	65	79	5	3	479	74
DOCK6	148	75	29	78	6	2	229	72
ANGPTL8	1	1	0	3	0	0	62	0
TSPAN16	0	4	0	1	0	0	4	3
RAB3D	182	43	54	47	2	0	278	34
TMEM205	1081	297	396	205	22	9	2193	232
CCDC159	65	16	40	20	3	1	116	18
PLPPR2	25	7	21	6	2	0	51	4
SWSAP1	140	34	38	15	5	2	250	23
EPOR	128	36	42	23	2	2	189	30
RGL3	235	187	152	93	12	11	463	150
CCDC151	36	5	49	1	0	1	135	9
PRKCSH	1871	466	386	338	36	15	3602	315
ELAVL3	20	8	3	3	1	1	21	12
ZNF653	64	16	17	22	1	1	81	16
ECSIT	407	115	110	98	9	7	653	69
CNN1	76	6	86	21	0	0	36	5
ELOF1	948	139	311	168	17	11	1460	128
ZNF627	164	128	26	73	7	4	320	62
ACP5	25	2	47	2	0	0	20	0
ZNF823	110	89	37	60	5	6	214	47
ZNF441	40	36	4	14	3	2	80	21
ZNF491	17	15	3	9	0	0	15	13
ZNF440	71	86	15	42	6	2	109	55
ZNF439	94	53	18	3	0	3	82	37
ZNF69	131	155	41	145	22	9	251	145
ZNF700	63	57	5	63	13	5	100	49
ZNF763	23	34	8	11	4	2	68	24
ZNF433	61	47	93	21	2	2	118	21
ZNF878	10	12	8	6	0	0	11	11
ZNF844	71	89	15	35	3	2	71	73
ZNF20	18	57	4	32	7	2	44	45
ZNF625	177	216	28	110	19	6	273	132
ZNF136	241	83	42	46	5	3	364	54
ZNF44	193	138	59	107	15	9	386	138
ZNF563	78	37	20	24	5	0	140	22
ZNF442	40	31	10	10	4	0	56	18
ZNF799	102	28	26	25	4	1	205	46
ZNF443	82	33	19	21	3	1	167	39
ZNF709	18	128	5	98	12	1	20	109
ZNF564	42	116	16	70	9	6	75	48
ZNF490	54	76	13	41	5	3	68	53
ZNF791	611	184	103	134	13	5	1062	127
MAN2B1	70	89	15	83	7	3	104	55
WDR83	338	108	84	65	6	8	498	73
WDR83OS	50	882	18	799	103	42	64	718
DHPS	255	211	61	164	21	8	397	182
GNG14	0	0	1	0	0	0	1	0
FBXW9	180	56	63	22	6	0	360	41
TNPO2	227	105	70	109	15	4	467	104
TRIR	3718	893	1599	848	92	29	6907	604
GET3	1255	236	447	242	35	6	1962	273
BEST2	2	0	2	0	0	0	4	0
HOOK2	1038	319	290	300	27	16	2135	267
JUNB	421	65	643	77	6	0	773	21
PRDX2	15263	3548	3028	2930	382	174	27418	3042
THSD8	0	0	0	1	0	0	0	0
RNASEH2A	69	12	13	9	2	1	109	7
RTBDN	2	0	2	1	0	0	3	0
MAST1	35	14	7	5	4	0	70	7
DNASE2	270	57	240	58	8	5	598	44
KLF1	1	0	1	0	1	0	7	0
GCDH	662	192	109	89	8	8	1020	139
SYCE2	17	16	1	8	2	0	51	24
FARSA	818	154	241	154	18	6	1256	125
CALR	14016	3152	3529	2556	297	119	29767	2611
RAD23A	1994	488	631	394	48	24	3636	416
GADD45GIP1	4420	973	1138	833	107	51	7831	950
DAND5	5	1	0	2	0	0	5	1
NFIX	8	6	2	1	0	0	6	3
LYL1	25	6	0	0	0	0	24	10
TRMT1	427	77	92	73	10	6	625	84
NACC1	608	111	142	121	13	5	845	97
STX10	373	80	174	44	1	3	663	62
IER2	3945	775	1751	717	66	52	8596	336
CACNA1A	39	59	19	41	6	5	85	61
CCDC130	459	174	90	120	10	8	773	122
MRI1	183	46	46	31	4	0	275	17
C19orf53	4310	1009	1251	1002	89	56	7299	782
ZSWIM4	126	49	32	50	4	3	170	47
NANOS3	12	6	5	0	2	0	12	2
C19orf57	29	5	5	4	0	0	59	8
CC2D1A	274	91	70	76	5	5	468	56
PODNL1	6	0	1	2	1	0	9	4
DCAF15	477	95	104	83	9	4	728	95
RFX1	275	57	56	69	5	3	400	59
RLN3	0	0	0	0	0	0	0	0
IL27RA	119	16	6	18	4	0	197	10
PALM3	76	16	12	34	3	3	239	15
MISP3	37	10	11	16	0	1	94	7
C19orf67	7	5	0	0	0	1	11	3
SAMD1	757	159	112	127	12	9	1368	128
PRKACA	307	78	84	72	6	6	579	82
ASF1B	381	87	75	48	8	1	594	67
ADGRL1	190	57	71	57	5	3	322	64
ADGRE5	29	12	74	6	2	1	63	2
DDX39A	1103	212	443	190	23	11	1851	147
PKN1	888	149	218	147	16	10	1343	133
PTGER1	6	1	1	0	0	0	25	1
GIPC1	1117	295	975	229	26	12	1823	190
DNAJB1	816	149	372	147	16	9	1408	152
TECR	2411	913	649	806	100	43	4781	723
NDUFB7	4213	1032	1224	1037	138	40	8306	944
CLEC17A	0	1	0	0	0	0	0	0
ADGRE3	0	1	0	0	0	0	0	0
ZNF333	20	50	27	26	6	0	122	20
ADGRE2	0	1	16	1	1	0	5	1
OR7C1	1	0	0	1	0	0	0	0
OR7A5	0	1	0	0	0	0	0	0
OR7A10	0	0	0	0	0	0	0	0
OR7A17	0	1	0	0	0	0	2	0
OR7C2	0	0	0	0	0	0	0	0
SLC1A6	83	16	89	8	1	0	154	9
CCDC105	0	1	0	0	0	0	0	0
CASP14	0	0	0	0	0	0	0	0
OR1I1	0	0	0	0	0	0	1	0
SYDE1	54	8	12	11	2	0	73	7
ILVBL	538	133	170	109	8	8	1017	100
NOTCH3	662	166	213	120	14	8	951	127
EPHX3	121	17	48	26	1	0	139	25
BRD4	2173	591	526	560	62	31	3503	551
AKAP8	424	138	122	111	8	8	692	112
AKAP8L	1036	319	240	318	39	18	1643	274
WIZ	407	56	104	57	7	5	577	66
RASAL3	0	0	1	0	0	1	2	0
PGLYRP2	0	0	0	0	0	0	0	0
CYP4F22	0	0	1	0	0	0	0	1
CYP4F8	0	0	0	0	0	0	0	0
CYP4F3	0	0	0	1	0	0	1	0
CYP4F12	0	0	0	0	0	0	0	0
OR10H2	0	0	0	0	0	0	0	0
OR10H3	0	0	0	0	0	0	0	0
OR10H5	0	0	0	0	0	0	1	0
OR10H1	0	0	0	0	0	0	0	0
CYP4F2	0	0	0	0	0	0	0	0
CYP4F11	0	0	0	0	0	0	0	0
OR10H4	0	0	0	0	0	0	0	0
TPM4	4229	1111	2835	1286	125	66	7235	830
RAB8A	1158	285	360	217	31	14	2107	211
HSH2D	3	0	2	7	0	0	16	9
CIB3	1	0	0	0	1	0	1	2
FAM32A	1527	337	478	283	40	10	2570	211
AP1M1	438	120	81	124	8	2	721	86
KLF2	93	9	7	18	1	0	177	17
EPS15L1	243	159	47	127	19	8	369	125
CALR3	0	2	0	0	0	0	0	1
C19orf44	51	15	15	10	1	0	61	7
CHERP	406	104	82	76	10	3	650	103
SLC35E1	471	115	150	97	13	5	763	88
MED26	115	34	23	69	3	1	195	81
SMIM7	1799	476	449	399	35	22	2978	380
TMEM38A	84	35	26	21	3	0	122	45
NWD1	2	3	0	1	0	0	0	2
SIN3B	322	128	117	101	16	8	487	93
F2RL3	0	1	0	0	0	0	0	0
CPAMD8	17	23	15	16	0	2	31	5
HAUS8	229	61	69	45	7	4	428	39
MYO9B	238	180	91	170	17	9	380	164
USE1	380	97	149	70	8	6	627	60
OCEL1	424	113	81	90	7	5	833	78
NR2F6	3227	750	968	682	78	36	6191	596
USHBP1	16	34	3	22	1	0	16	19
BABAM1	1355	329	396	260	29	20	1955	310
ANKLE1	22	5	6	2	0	1	58	8
ABHD8	222	63	72	47	4	3	297	54
MRPL34	1560	371	564	354	47	15	2810	278
DDA1	1118	227	432	183	27	9	1686	195
ANO8	87	13	15	9	2	0	133	13
GTPBP3	319	54	82	42	4	5	527	62
PLVAP	0	1	0	1	0	0	1	1
CCDC194	1	1	0	0	0	0	1	2
BST2	1391	131	576	152	22	14	1537	289
MVB12A	689	168	260	165	12	8	1281	150
TMEM221	10	2	2	3	1	0	14	6
NXNL1	0	0	0	0	0	0	0	0
SLC27A1	36	17	13	19	3	2	67	20
PGLS	3704	1035	1189	882	94	40	6295	729
NIBAN3	3	0	0	3	0	0	4	1
COLGALT1	515	153	94	164	21	7	1098	99
UNC13A	6	5	8	4	1	0	17	2
MAP1S	400	59	96	75	12	6	575	57
FCHO1	28	8	32	13	0	0	106	9
B3GNT3	5	0	24	0	0	0	10	0
INSL3	10	1	8	2	0	0	18	2
JAK3	18	5	5	5	1	1	23	0
RPL18A	47527	13393	13806	10855	1246	559	105427	10060
SLC5A5	0	0	0	1	0	0	2	4
CCDC124	1475	429	420	363	47	21	2372	348
KCNN1	52	23	8	28	0	3	99	38
ARRDC2	41	4	11	10	0	0	86	6
IL12RB1	0	0	0	0	0	0	0	0
MAST3	58	25	6	25	0	3	97	18
PIK3R2	40	125	3	136	18	2	53	139
IFI30	1	12	2	31	0	1	10	13
MPV17L2	412	104	110	95	7	2	697	89
RAB3A	38	9	16	5	0	0	96	7
PDE4C	0	7	0	10	1	1	0	3
AC008397.1	0	0	0	0	0	0	0	0
IQCN	7	3	6	6	1	0	17	20
JUND	4594	1005	1815	1271	123	61	7322	752
LSM4	6038	1570	1598	1058	149	80	12305	1164
PGPEP1	267	97	73	83	12	5	459	52
GDF15	898	164	274	292	12	9	908	168
LRRC25	0	0	0	2	0	0	4	0
SSBP4	805	173	281	155	13	15	1313	125
ISYNA1	1620	317	1047	194	12	22	2344	238
ELL	112	67	46	63	9	2	165	66
FKBP8	3008	739	880	525	68	35	4447	637
KXD1	1047	170	372	162	21	10	1842	171
UBA52	28281	5715	7100	5198	638	236	50705	5493
CRLF1	103	44	21	8	7	1	178	44
REX1BD	2180	567	580	488	55	26	4382	425
TMEM59L	45	9	32	2	2	2	89	6
KLHL26	58	16	20	11	2	0	85	11
CRTC1	193	138	34	118	13	12	339	160
COMP	0	0	0	2	0	0	4	0
UPF1	402	141	123	81	5	10	643	101
CERS1	228	46	35	24	4	0	451	40
GDF1	0	0	0	0	0	0	0	0
COPE	5113	1301	1489	1031	128	63	8262	1092
DDX49	522	97	173	99	18	4	781	92
HOMER3	1415	249	299	165	24	9	2112	171
SUGP2	868	333	204	189	28	12	1282	177
ARMC6	343	64	93	67	9	1	440	73
SLC25A42	127	69	16	42	3	2	219	41
TMEM161A	552	161	101	127	11	6	890	140
MEF2B	5	23	2	26	2	2	1	30
BORCS8	470	72	177	76	12	5	638	75
RFXANK	897	173	267	145	10	9	1430	135
NR2C2AP	277	53	82	41	9	3	505	44
NCAN	2	1	1	1	0	0	3	1
HAPLN4	19	3	6	2	0	0	19	1
TM6SF2	38	34	1	17	2	1	98	18
SUGP1	290	89	87	73	5	3	392	60
MAU2	302	108	84	91	15	1	423	98
GATAD2A	642	415	206	408	35	26	1178	335
TSSK6	4	3	0	1	0	0	5	8
NDUFA13	2175	2713	533	2333	357	138	3131	2282
YJEFN3	101	34	24	17	3	1	211	23
CILP2	20	5	2	4	0	0	35	8
PBX4	24	38	7	19	3	0	35	35
LPAR2	414	89	71	46	4	5	675	62
GMIP	84	14	33	12	1	1	104	21
ATP13A1	305	67	90	62	4	1	453	43
ZNF101	124	51	25	43	8	4	190	51
ZNF14	91	60	23	40	5	3	151	32
ZNF506	70	163	82	109	8	5	58	91
ZNF253	319	239	53	135	14	8	432	154
ZNF93	442	224	140	191	20	9	739	194
ZNF682	401	398	60	295	31	10	842	237
ZNF90	437	322	123	331	32	12	898	274
ZNF486	178	125	60	80	6	5	305	102
ZNF737	359	157	58	77	8	7	431	90
ZNF626	639	391	115	229	28	19	1027	238
ZNF66	150	163	29	123	17	5	206	120
ZNF85	8	125	3	87	8	6	6	82
ZNF430	411	120	140	114	12	6	690	94
ZNF714	777	450	198	339	27	17	881	299
ZNF431	481	249	199	246	25	18	928	168
ZNF708	290	257	77	213	32	10	485	200
ZNF738	679	302	169	187	25	17	1390	170
ZNF493	259	106	70	70	10	6	348	62
ZNF429	288	158	71	116	15	5	324	86
ZNF100	44	149	9	110	24	3	65	108
ZNF43	226	427	30	272	28	14	353	380
ZNF208	0	728	32	4	0	1	5	0
ZNF257	0	96	0	1	0	0	1	2
ZNF676	0	0	0	89	0	0	2	2
ZNF729	0	0	0	1	0	0	0	0
ZNF98	4	0	0	1	0	0	11	1
ZNF492	24	0	0	2	0	1	73	0
ZNF99	2	0	0	0	0	0	1	0
ZNF723	1	3	0	0	0	0	0	0
ZNF728	3	0	4	0	0	1	0	0
ZNF730	258	329	24	245	25	13	422	302
ZNF724	181	96	29	66	5	3	242	100
ZNF91	848	569	155	395	55	23	1483	424
ZNF675	255	159	119	48	14	7	449	111
ZNF681	142	69	38	27	2	1	244	42
ZNF726	5	64	11	10	0	4	4	35
ZNF254	469	383	101	273	36	18	767	338
UQCRFS1	1416	837	780	760	84	33	4984	579
VSTM2B	0	1	1	0	0	0	13	4
POP4	625	120	185	156	13	3	1027	108
PLEKHF1	67	11	115	6	2	0	112	11
C19orf12	494	168	121	146	16	5	806	125
CCNE1	506	103	103	163	7	5	1171	98
URI1	1491	698	320	622	78	28	3065	548
ZNF536	4	19	3	13	2	1	7	20
TSHZ3	6	8	6	7	1	0	0	5
ZNF507	189	124	44	84	10	3	368	74
DPY19L3	165	231	32	167	16	13	333	201
PDCD5	3318	736	1098	618	104	56	5913	584
ANKRD27	133	110	40	99	8	4	255	91
RGS9BP	1	0	2	1	0	0	0	0
NUDT19	88	36	54	40	1	0	222	19
TDRD12	3	1	2	2	0	0	6	0
SLC7A9	55	23	0	40	13	2	108	26
CEP89	252	101	83	64	13	1	484	81
FAAP24	95	19	36	10	0	0	162	15
RHPN2	259	217	106	227	21	18	419	225
GPATCH1	178	55	43	60	8	2	294	41
WDR88	1	12	0	4	0	1	0	6
LRP3	337	12	72	9	2	0	608	6
SLC7A10	4	0	4	6	0	0	11	0
CEBPA	507	92	108	136	2	0	1291	87
CEBPG	613	212	149	236	16	10	1342	166
PEPD	2271	854	430	1004	83	21	4650	674
CHST8	9	12	17	6	0	2	13	14
KCTD15	210	46	60	56	4	3	350	61
LSM14A	669	920	156	778	90	37	1432	724
KIAA0355	48	195	12	162	12	13	83	156
GPI	1410	284	281	303	32	22	2769	319
PDCD2L	298	62	56	41	5	2	461	62
UBA2	2415	752	497	559	54	40	4319	570
WTIP	471	144	105	70	16	6	900	184
SCGB2B2	0	59	0	23	7	6	0	78
ZNF302	409	240	127	134	19	13	646	134
ZNF181	114	42	22	24	3	1	196	21
ZNF599	55	25	39	17	3	0	128	15
ZNF30	73	45	12	19	3	2	102	38
ZNF792	121	24	14	20	4	0	164	27
GRAMD1A	704	154	211	126	9	5	1031	125
SCN1B	22	2	10	4	0	0	11	5
HPN	691	416	47	479	35	14	1423	305
FXYD3	38	5	92	3	0	1	38	2
LGI4	8	6	4	6	0	0	19	4
FXYD1	13	4	39	6	0	0	45	2
FXYD7	5	5	10	5	0	0	14	1
FXYD5	285	33	758	42	1	3	521	40
FAM187B	0	0	0	0	0	0	0	0
LSR	1401	275	606	260	29	14	2199	280
USF2	969	190	243	168	14	9	1526	169
HAMP	1	0	0	0	0	0	1	1
MAG	0	0	0	0	0	0	2	0
CD22	0	1	0	0	0	0	1	0
FFAR1	0	0	0	0	0	0	2	0
FFAR3	0	0	0	0	0	0	0	0
GPR42	0	0	0	0	0	0	0	0
FFAR2	1	1	0	0	0	0	0	0
KRTDAP	35	34	3	16	1	2	153	41
DMKN	6687	1655	839	821	171	47	11797	1587
SBSN	13	1	0	0	0	0	3	0
GAPDHS	3	3	0	1	0	0	29	1
TMEM147	3630	708	1329	480	71	33	6109	541
ATP4A	0	3	1	0	0	0	2	2
PMIS2	1	0	0	0	0	0	1	0
HAUS5	177	45	54	25	4	2	266	31
RBM42	1065	243	366	184	22	10	1812	201
ETV2	33	12	10	7	0	0	48	3
COX6B1	8184	1555	2320	1607	216	73	14914	1505
UPK1A	17	4	8	1	0	1	56	3
ZBTB32	0	2	0	2	0	0	1	0
KMT2B	540	93	142	73	12	9	957	62
IGFLR1	11	26	6	13	3	0	24	25
U2AF1L4	136	39	51	24	0	2	272	34
PSENEN	1004	250	357	241	32	9	1840	208
LIN37	16	36	5	40	3	2	19	32
HSPB6	6	3	14	3	1	0	29	1
PROSER3	80	36	31	17	3	2	154	19
ARHGAP33	81	23	13	19	2	2	275	15
PRODH2	281	123	1	132	17	1	735	64
NPHS1	0	2	0	3	0	0	1	5
KIRREL2	2	4	5	4	0	0	18	1
APLP1	98	35	83	33	5	1	249	14
NFKBID	76	14	32	8	0	0	105	12
HCST	9	3	16	2	0	0	24	1
TYROBP	5	0	1	0	0	0	5	1
LRFN3	144	19	40	23	2	1	212	17
SDHAF1	545	140	107	136	13	3	1170	121
SYNE4	577	107	119	107	20	14	1015	93
ALKBH6	171	27	49	26	4	6	247	24
CLIP3	75	24	29	22	3	0	110	20
THAP8	136	25	81	28	2	0	254	28
WDR62	112	61	28	42	7	1	166	45
OVOL3	1	0	1	0	0	0	2	0
POLR2I	3078	623	725	503	66	32	5300	575
TBCB	2393	524	828	476	51	35	4053	542
CAPNS1	2109	366	976	342	38	24	3308	327
COX7A1	13	0	22	24	0	0	19	0
ZNF565	51	131	16	108	20	5	88	106
ZNF146	850	383	161	261	35	18	1515	246
ZFP14	367	163	42	107	18	7	609	109
ZFP82	366	129	50	120	12	6	669	105
ZNF566	187	104	28	73	10	4	375	66
ZNF260	418	174	78	120	13	13	748	189
ZNF529	133	76	32	110	7	2	249	83
ZNF382	63	14	14	18	1	0	121	14
ZNF461	44	33	10	23	4	4	80	45
ZNF567	336	118	87	96	6	8	586	109
ZNF850	103	84	23	74	9	6	203	100
ZNF790	128	67	38	54	3	1	213	69
ZNF345	83	71	19	50	7	4	130	58
ZNF829	74	25	19	14	0	2	93	21
ZNF568	147	93	62	49	0	8	457	65
ZNF420	136	62	43	44	6	2	242	88
ZNF585A	65	124	23	77	8	4	182	79
ZNF585B	49	48	13	55	10	2	68	56
ZNF383	72	47	16	24	3	3	145	38
ZNF875	201	185	84	149	7	5	348	140
ZNF527	49	22	15	15	0	0	100	10
ZNF569	125	66	10	47	4	4	203	63
ZNF570	103	29	23	21	2	3	172	24
ZNF793	315	123	73	76	13	2	657	79
ZNF540	7	11	5	7	0	1	10	6
ZNF571	44	38	14	24	3	1	108	16
ZFP30	128	101	34	63	13	3	156	102
ZNF781	53	24	4	8	0	1	119	12
ZNF607	97	59	23	35	1	3	154	47
ZNF573	75	54	16	21	2	0	138	38
WDR87	1	2	0	2	0	0	0	1
SIPA1L3	136	619	28	451	68	27	207	479
DPF1	26	6	10	12	1	1	64	11
SPINT2	9786	2652	4658	2422	236	116	16695	2172
PPP1R14A	875	200	282	395	22	7	1757	105
YIF1B	732	163	193	173	18	5	1217	136
C19orf33	260	67	851	92	15	2	600	17
KCNK6	79	9	80	11	0	1	110	13
CATSPERG	16	35	10	117	3	3	42	18
PSMD8	5199	1087	1947	1200	143	55	8698	933
GGN	4	2	4	0	0	0	12	3
SPRED3	31	6	8	10	0	0	44	9
FAM98C	111	24	52	16	1	1	189	12
RASGRP4	0	1	1	0	0	0	1	0
RYR1	9	15	3	15	0	1	22	6
MAP4K1	30	11	8	15	0	1	101	11
EIF3K	7579	1645	2001	1699	173	101	13473	1494
ACTN4	1819	764	1069	721	63	24	3350	453
CAPN12	193	30	24	52	3	1	373	35
LGALS7	2	0	0	0	0	0	0	0
LGALS7B	2	3	14	2	0	0	20	0
LGALS4	5	2	2	6	0	0	11	2
ECH1	2575	481	737	375	53	25	4334	387
HNRNPL	1063	378	213	293	38	17	1829	350
RINL	75	16	22	14	0	0	156	16
SIRT2	182	35	96	71	4	2	363	27
NFKBIB	353	63	135	79	10	5	536	65
CCER2	5	5	0	4	0	0	3	1
SARS2	150	108	30	44	5	6	252	70
MRPS12	1598	374	513	335	47	18	2775	281
FBXO17	1308	685	144	587	92	12	3144	489
FBXO27	59	33	34	37	4	1	127	33
ACP7	0	1	0	0	0	0	0	0
PAK4	423	151	121	145	28	10	778	140
NCCRP1	11	1	28	2	0	0	33	2
SYCN	0	0	0	0	0	0	0	0
IFNL3	0	0	0	0	0	0	0	0
IFNL2	0	0	0	0	0	0	0	0
IFNL1	1	0	2	0	0	0	0	0
LRFN1	39	7	4	14	0	0	100	4
GMFG	5	6	0	4	0	0	12	5
SAMD4B	937	259	250	243	15	17	1482	210
PAF1	367	71	147	68	9	1	598	53
MED29	557	136	169	112	11	7	808	141
ZFP36	521	79	410	163	6	1	1047	54
PLEKHG2	335	86	63	69	7	1	464	71
RPS16	43908	9300	10179	7666	827	420	81597	7336
SUPT5H	774	216	254	178	23	10	1320	152
TIMM50	1025	195	293	165	33	9	1655	180
DLL3	134	22	29	16	2	1	278	19
SELENOV	39	25	32	11	2	0	91	11
EID2B	75	40	17	18	2	0	95	14
EID2	561	137	165	120	15	5	948	103
LGALS13	0	0	0	0	0	0	0	0
LGALS16	0	0	0	0	0	0	0	0
LGALS14	1	2	15	0	0	0	0	0
CLC	0	0	0	0	0	0	0	0
LEUTX	0	0	0	0	0	0	0	0
DYRK1B	243	53	80	41	8	4	314	53
FBL	3046	528	592	499	58	32	5285	503
FCGBP	5	3	1	1	0	0	6	0
PSMC4	2393	440	655	374	44	26	3844	397
ZNF546	28	23	5	15	1	0	53	24
ZNF780B	93	117	13	80	8	8	156	64
ZNF780A	111	51	33	25	3	2	167	29
MAP3K10	100	48	19	30	4	2	151	35
TTC9B	1	0	2	2	0	0	1	2
CNTD2	4	3	2	6	0	0	21	4
AKT2	561	141	132	135	8	7	819	119
C19orf47	75	22	32	15	1	0	99	12
PLD3	2214	420	1557	353	31	33	3434	330
HIPK4	0	3	1	3	0	0	0	7
PRX	11	3	3	5	0	0	21	6
SERTAD1	233	35	197	44	3	5	477	62
SERTAD3	766	128	294	166	25	4	1378	102
BLVRB	780	150	702	197	8	13	1312	110
SPTBN4	17	5	3	6	3	2	26	3
SHKBP1	610	114	216	83	15	2	918	89
LTBP4	127	43	64	30	3	1	264	24
NUMBL	135	32	34	21	5	2	176	25
COQ8B	319	77	93	69	3	6	508	66
ITPKC	127	76	98	64	2	3	239	34
C19orf54	156	51	32	39	3	4	232	26
SNRPA	1676	392	326	294	45	25	2792	323
MIA	1	4	5	4	0	0	3	5
RAB4B	21	83	4	91	14	6	39	69
EGLN2	17	197	2	177	27	7	20	172
CYP2A6	0	0	0	0	0	0	1	0
CYP2A7	0	0	0	1	0	0	0	0
CYP2B6	1	3	1	1	0	0	4	0
CYP2A13	0	0	0	0	0	0	0	0
CYP2F1	0	0	0	0	0	0	0	0
CYP2S1	66	29	86	9	1	1	180	14
AXL	70	22	175	13	5	5	222	12
HNRNPUL1	1564	343	411	225	32	23	2335	269
TGFB1	495	91	187	94	6	2	367	110
CCDC97	273	94	83	84	8	3	403	100
TMEM91	122	111	38	65	5	4	218	50
B9D2	139	30	34	15	2	0	168	20
EXOSC5	583	111	111	77	12	2	932	63
BCKDHA	6	96	1	82	7	1	9	95
B3GNT8	40	7	34	10	1	3	61	3
DMAC2	811	148	220	127	12	8	1220	158
ERICH4	40	37	0	24	6	0	86	38
CEACAM21	0	1	0	1	0	0	0	1
CEACAM4	0	0	0	0	0	0	0	0
CEACAM7	0	0	0	0	0	0	0	0
CEACAM5	0	0	0	0	0	0	0	0
CEACAM6	1	0	19	0	0	2	0	0
CEACAM3	0	1	0	0	0	0	0	0
LYPD4	0	3	0	2	0	0	0	1
DMRTC2	0	3	0	1	0	0	0	0
RPS19	98319	20205	25199	19199	2155	1025	171418	17297
CD79A	4	1	0	0	0	0	8	0
ARHGEF1	291	68	81	42	5	4	428	55
ERFL	0	4	1	2	0	1	2	1
RABAC1	2692	841	1437	800	85	36	4764	652
ATP1A3	4	3	3	1	1	0	8	6
GRIK5	68	29	21	21	3	2	109	38
ZNF574	160	27	54	56	4	3	293	31
POU2F2	53	9	23	6	0	2	116	17
DEDD2	393	82	98	55	18	2	627	55
ZNF526	132	32	21	32	3	2	186	29
GSK3A	785	106	219	114	17	3	1118	104
ERF	504	83	58	106	14	4	742	75
CIC	246	47	73	43	6	1	436	21
PAFAH1B3	2497	547	678	429	56	41	4581	384
PRR19	16	3	8	7	1	0	43	1
TMEM145	5	1	4	9	0	1	12	2
MEGF8	294	86	61	68	8	5	442	57
CNFN	170	17	27	22	1	2	232	18
LIPE	35	25	9	15	1	3	68	17
CXCL17	91	24	1	29	0	1	76	15
CEACAM1	31	28	33	32	1	0	38	28
CEACAM8	0	0	0	0	0	0	0	0
PSG3	0	0	0	0	0	0	0	0
PSG8	0	0	0	0	0	0	0	2
PSG1	0	0	0	0	0	0	0	0
PSG6	0	0	0	0	0	0	0	0
PSG7	0	0	0	0	0	0	0	0
PSG11	0	0	0	0	0	0	0	0
PSG2	0	0	0	0	0	0	1	0
PSG5	0	0	1	0	0	0	0	0
PSG4	0	0	10	0	0	0	0	0
PSG9	0	0	1	0	0	0	0	0
CD177	0	1	1	1	0	1	16	1
TEX101	0	0	0	0	0	0	1	3
LYPD3	73	0	489	2	1	0	234	1
PHLDB3	141	67	134	55	6	6	237	35
ETHE1	625	156	378	172	17	5	1560	107
ZNF575	3	3	5	2	0	0	7	4
XRCC1	458	126	91	71	16	9	585	82
PINLYP	107	40	24	16	0	2	239	30
IRGQ	225	53	73	47	4	1	359	49
ZNF576	373	58	105	73	8	2	576	77
SRRM5	5	6	2	7	0	1	11	6
ZNF428	2243	528	513	440	60	23	3959	388
CADM4	230	76	66	52	7	5	440	71
PLAUR	102	20	262	8	1	2	124	24
IRGC	0	0	0	0	0	0	0	0
SMG9	265	78	96	54	4	3	153	44
KCNN4	22	0	113	0	0	0	6	1
LYPD5	3	0	32	0	0	0	3	0
ZNF283	71	43	13	15	1	0	74	24
ZNF404	193	13	63	13	2	1	195	5
ZNF45	71	32	13	25	4	1	108	24
ZNF221	30	6	4	17	2	1	48	11
ZNF155	50	80	11	58	4	2	100	77
ZNF230	82	18	26	13	2	0	112	15
ZNF222	78	18	14	14	0	0	124	12
ZNF223	52	59	14	29	4	0	108	43
ZNF284	32	12	9	5	1	1	40	16
ZNF224	181	68	61	71	1	2	366	55
ZNF225	34	20	11	14	2	1	77	9
ZNF234	131	39	27	25	5	1	168	14
ZNF226	258	104	72	70	5	4	428	59
ZNF227	117	53	23	34	4	1	174	35
ZNF235	44	260	8	158	14	12	72	148
ZNF233	13	14	6	8	1	1	29	9
ZNF112	58	38	7	21	3	2	74	27
ZNF285	15	15	6	8	2	0	30	13
ZNF229	5	39	1	8	0	0	16	20
ZNF180	125	59	34	37	3	0	204	33
CEACAM20	1	9	0	5	0	1	2	4
IGSF23	11	29	0	18	2	0	40	8
PVR	306	188	51	196	10	9	621	106
CEACAM19	24	27	8	31	6	0	64	26
CEACAM16	0	0	0	0	0	0	1	0
BCL3	37	6	15	12	0	0	115	7
CBLC	136	26	67	45	5	2	345	41
BCAM	1529	395	395	298	32	18	3992	245
NECTIN2	2076	607	734	764	57	44	3386	469
TOMM40	2215	364	574	324	55	20	3536	351
APOE	74351	20370	8662	23907	2550	695	156875	18159
APOC1	17861	4110	130	5357	607	113	46216	3955
APOC4	0	10	0	14	0	0	0	5
APOC2	166	330	0	346	15	3	276	78
CLPTM1	737	169	227	170	19	3	1112	157
RELB	90	28	34	41	0	1	81	29
CLASRP	300	160	59	128	20	12	515	115
ZNF296	32	2	19	4	0	0	79	9
GEMIN7	746	140	214	115	14	5	1078	94
MARK4	351	218	100	178	18	9	589	162
PPP1R37	240	36	114	33	5	2	377	28
NKPD1	4	4	1	1	0	0	4	8
TRAPPC6A	1261	485	273	319	47	19	1965	351
BLOC1S3	45	9	21	7	2	0	101	8
EXOC3L2	3	5	2	3	0	0	18	6
CKM	148	11	0	25	5	0	105	24
KLC3	49	5	63	7	1	0	55	13
ERCC2	205	75	63	37	11	2	353	59
PPP1R13L	181	45	204	42	5	3	327	50
CD3EAP	328	56	77	54	9	6	622	45
ERCC1	1046	183	368	206	23	10	1616	188
FOSB	198	86	426	56	8	3	482	9
RTN2	115	32	62	35	6	3	257	16
PPM1N	27	7	16	4	1	2	114	9
VASP	1714	318	530	306	24	23	2483	329
OPA3	252	112	98	142	7	5	457	121
GPR4	0	0	0	0	0	0	0	0
EML2	241	98	94	61	3	6	508	80
GIPR	17	6	1	4	0	0	15	3
SNRPD2	6494	1660	1452	1419	171	90	11844	1364
QPCTL	25	33	14	18	4	3	62	30
FBXO46	147	83	49	49	6	3	256	58
BHMG1	0	0	0	0	0	0	1	1
SIX5	207	54	41	26	2	2	375	46
DMPK	102	52	31	42	0	1	157	49
DMWD	341	66	136	59	6	7	566	43
RSPH6A	1	1	0	0	0	2	0	2
SYMPK	613	261	131	138	18	18	852	209
FOXA3	912	197	27	172	23	12	1033	198
IRF2BP1	231	24	52	35	7	1	332	33
MYPOP	270	60	44	56	5	7	414	42
NANOS2	1	0	0	0	0	0	0	0
NOVA2	6	4	5	3	0	0	9	4
CCDC61	99	26	21	20	1	2	133	20
PGLYRP1	1	4	0	2	0	1	1	2
IGFL4	4	9	0	2	0	0	3	6
IGFL3	1	3	0	3	0	0	1	4
IGFL2	32	4	32	2	0	0	8	1
IGFL1	0	0	2	0	0	0	0	0
HIF3A	165	83	22	78	8	6	347	76
PPP5C	569	188	131	137	11	13	826	132
CCDC8	259	47	74	67	6	1	391	39
PNMA8C	5	0	3	1	0	0	13	0
PNMA8A	156	26	19	32	3	0	168	18
PPP5D1	36	12	12	14	2	2	48	8
PNMA8B	26	7	3	1	1	1	19	3
CALM3	5187	1321	1043	1329	130	50	9987	1047
PTGIR	0	0	1	1	0	0	0	0
GNG8	2	0	1	0	0	0	7	0
DACT3	20	4	10	8	1	0	30	5
PRKD2	238	116	63	87	6	4	349	93
STRN4	572	135	127	87	13	3	945	91
FKRP	122	34	53	35	1	6	187	44
SLC1A5	470	134	198	92	15	4	881	149
AP2S1	5606	1187	2154	1146	98	69	9277	975
ARHGAP35	463	418	113	393	50	14	922	275
NPAS1	49	17	23	14	2	1	55	26
TMEM160	1964	350	616	400	61	15	3592	387
ZC3H4	362	112	68	82	9	7	549	88
SAE1	1176	421	404	320	35	17	1803	364
BBC3	346	60	118	49	4	1	428	54
CCDC9	192	60	47	52	4	2	332	42
INAFM1	137	42	87	24	6	0	203	24
C5AR1	1	6	4	8	1	0	2	3
C5AR2	0	0	0	0	0	0	0	0
DHX34	138	94	27	66	11	7	196	79
MEIS3	116	63	134	72	3	9	320	68
SLC8A2	1	3	2	1	1	0	12	3
KPTN	180	47	51	32	3	2	239	37
NAPA	657	194	389	215	16	8	998	188
ZNF541	0	0	0	1	0	0	0	0
BICRA	147	28	37	20	2	1	220	18
EHD2	19	4	73	4	0	0	21	1
NOP53	3380	828	945	701	67	37	6589	615
SELENOW	9253	2313	3062	1970	197	109	14115	1668
TPRX1	0	1	0	1	0	0	0	0
CRX	1	1	3	1	0	0	4	1
SULT2A1	131	37	6	103	2	0	521	28
BSPH1	0	0	0	0	0	0	0	0
ELSPBP1	0	0	0	0	0	0	3	0
CABP5	0	0	0	0	0	0	0	0
PLA2G4C	6	5	10	4	0	0	7	5
LIG1	552	149	121	111	18	8	923	86
ZSWIM9	114	52	25	33	5	3	164	48
CARD8	189	76	44	53	10	4	302	53
ZNF114	78	26	49	14	2	0	147	37
CCDC114	2	3	4	0	0	0	6	3
EMP3	164	25	521	56	2	0	253	20
TMEM143	85	32	9	20	4	2	156	29
SYNGR4	2	0	0	0	0	0	3	1
KDELR1	6025	2466	1678	2326	227	112	11499	1785
GRIN2D	15	5	16	14	0	1	19	9
GRWD1	517	80	121	65	4	3	819	75
KCNJ14	15	6	6	6	1	2	26	19
CYTH2	760	183	280	142	12	6	1411	123
LMTK3	79	50	82	43	3	5	189	51
SULT2B1	14	3	8	4	0	0	34	4
FAM83E	4	2	4	3	2	0	2	6
SPACA4	0	0	0	0	0	0	0	0
RPL18	54525	13009	15467	11213	1252	617	110379	10329
SPHK2	508	114	45	106	10	7	787	94
DBP	96	15	58	36	3	2	269	19
CA11	171	28	31	40	2	5	223	32
NTN5	6	7	3	3	1	1	16	4
FUT2	13	20	6	7	4	1	33	7
MAMSTR	27	12	35	17	1	0	84	9
RASIP1	76	9	7	0	0	0	117	11
IZUMO1	1	0	1	0	0	0	4	1
FUT1	21	2	9	1	0	0	45	2
FGF21	0	0	0	1	0	0	0	0
BCAT2	704	230	104	148	17	9	1335	198
HSD17B14	533	180	188	232	17	11	968	109
PLEKHA4	162	71	50	53	3	3	445	28
PPP1R15A	970	167	458	261	21	9	1875	183
TULP2	0	3	0	4	1	0	2	34
NUCB1	1074	271	307	311	28	10	2030	285
DHDH	27	17	5	15	1	0	71	7
BAX	5476	1011	1279	999	104	68	7201	1043
FTL	157634	40175	30260	50017	3397	1283	299762	34566
GYS1	196	108	45	107	14	3	270	108
RUVBL2	1059	205	235	139	18	10	1611	197
LHB	3	0	0	0	0	0	9	0
AC008687.4	0	0	0	0	0	0	2	0
CGB3	0	0	0	0	0	0	0	0
CGB2	1	0	0	0	0	0	1	0
CGB1	0	0	0	0	0	0	0	0
CGB5	0	0	0	0	0	0	0	0
CGB8	0	0	0	0	0	0	0	0
CGB7	1	0	0	0	0	0	2	0
NTF4	26	6	57	8	0	0	105	4
KCNA7	0	0	0	0	0	0	2	1
SNRNP70	2874	604	584	521	68	25	4459	660
LIN7B	99	35	23	41	4	1	135	27
C19orf73	21	5	4	10	1	0	77	8
PPFIA3	36	16	22	8	2	2	97	4
HRC	11	13	1	5	1	0	75	0
TRPM4	240	86	44	50	12	1	580	64
SLC6A16	41	64	3	27	2	2	45	71
CD37	26	7	3	5	1	0	21	2
TEAD2	1069	202	235	165	25	15	1779	166
DKKL1	15	6	3	4	3	1	38	8
CCDC155	1	1	0	0	0	0	1	1
PTH2	2	1	6	0	0	0	1	1
GFY	1	0	6	0	0	0	5	0
SLC17A7	1	0	1	0	0	0	1	0
PIH1D1	1557	387	333	302	35	21	2567	323
ALDH16A1	417	59	110	60	6	3	562	78
FLT3LG	7	6	24	7	0	0	24	3
RPL13A	43971	9781	14191	7658	865	455	85071	7881
RPS11	37336	7559	9877	5977	704	401	80402	6768
FCGRT	551	205	194	211	31	4	1206	123
RCN3	321	94	38	71	4	2	550	50
NOSIP	1626	281	384	289	39	12	2343	259
PRRG2	202	47	95	30	2	0	298	23
PRR12	360	133	63	88	7	4	575	125
RRAS	123	27	232	30	1	3	178	16
SCAF1	537	96	146	92	11	3	742	70
IRF3	823	164	301	152	11	8	1406	149
BCL2L12	1291	309	288	211	24	6	2390	242
PRMT1	6289	1345	1227	891	108	80	10034	1192
ADM5	28	0	2	5	0	0	39	6
CPT1C	106	21	37	17	6	3	177	21
TSKS	4	2	0	0	0	0	1	1
AP2A1	952	206	272	189	18	8	1636	163
FUZ	370	47	66	37	3	5	608	33
MED25	445	91	138	64	8	3	673	62
PTOV1	2101	361	667	288	46	14	3177	321
PNKP	856	189	251	150	17	13	1234	150
AKT1S1	426	92	144	76	6	4	700	68
TBC1D17	247	55	79	37	2	4	394	39
IL4I1	4	1	1	0	0	0	6	3
NUP62	1006	140	206	119	18	11	1633	153
ATF5	347	81	134	120	8	5	384	109
SIGLEC11	2	0	0	0	0	0	0	1
VRK3	434	120	117	99	9	9	729	97
ZNF473	75	31	20	20	2	0	125	16
IZUMO2	1	1	2	2	0	0	15	2
MYH14	87	92	228	127	6	5	366	86
KCNC3	19	6	36	14	1	2	81	7
NR1H2	389	60	153	88	8	5	588	62
NAPSA	3	2	1	0	0	0	13	0
POLD1	256	104	47	77	8	2	414	85
SPIB	1	1	5	2	0	1	46	0
MYBPC2	3	2	1	0	0	0	9	1
FAM71E1	177	37	95	51	5	3	469	40
EMC10	1707	287	545	263	41	13	2930	265
JOSD2	347	51	155	84	6	5	541	33
ASPDH	34	9	1	20	0	0	88	7
LRRC4B	17	14	5	13	1	1	74	12
SYT3	1	3	1	0	0	0	15	0
C19orf81	93	33	23	89	6	9	407	46
SHANK1	0	5	0	2	0	0	2	5
CLEC11A	178	48	160	78	7	5	562	47
GPR32	0	0	0	0	0	0	0	0
AC010325.1	7	0	0	7	0	0	7	18
ACP4	1	1	0	0	0	0	7	3
C19orf48	1212	309	255	203	23	10	2040	193
KLK1	5	0	27	0	0	0	19	1
KLK15	0	0	0	0	0	0	0	0
KLK3	0	0	0	0	0	0	0	0
KLK2	0	0	0	0	0	0	1	0
KLK4	0	0	0	0	0	0	0	0
KLK5	0	1	0	0	0	0	1	0
KLK6	57	4	356	4	1	3	156	3
KLK7	5	1	11	2	0	0	59	4
KLK8	19	2	76	25	0	1	147	26
KLK9	0	0	0	0	0	0	0	0
KLK10	4	0	1	0	0	0	15	0
KLK11	16	0	1	2	0	0	14	0
KLK12	36	0	16	0	0	0	4	2
KLK13	1	3	6	7	1	0	10	2
KLK14	0	0	0	1	0	0	0	4
CTU1	281	41	95	41	6	3	425	39
SIGLEC9	0	0	0	0	0	0	0	0
SIGLEC7	0	0	0	0	0	0	0	0
CD33	2	1	0	1	0	0	0	0
SIGLECL1	0	0	0	0	0	0	0	0
IGLON5	253	123	20	50	5	2	707	63
VSIG10L	61	29	18	20	2	4	96	9
ETFB	3080	870	452	906	89	42	6056	731
CLDND2	24	6	8	9	0	1	35	6
NKG7	0	0	0	0	0	0	0	0
LIM2	8	0	4	3	0	1	27	5
C19orf84	24	3	4	2	1	0	44	3
SIGLEC10	0	1	1	1	0	0	0	0
SIGLEC8	0	0	0	0	0	0	0	0
CEACAM18	0	1	0	1	0	0	0	0
SIGLEC12	0	0	0	0	0	0	0	0
SIGLEC6	1	0	6	1	0	0	0	0
ZNF175	41	28	12	18	3	0	94	17
SIGLEC5	1	0	0	0	0	0	0	0
SIGLEC14	0	0	14	0	0	0	0	0
SPACA6	47	49	14	37	4	5	109	65
HAS1	5	2	2	3	0	0	4	2
FPR1	0	2	2	0	0	0	0	3
FPR2	0	0	0	0	0	0	1	0
FPR3	2	2	0	3	0	0	0	0
ZNF577	235	172	36	238	19	1	200	264
ZNF649	259	162	77	177	10	7	430	203
ZNF613	101	63	31	71	4	3	155	40
ZNF350	136	52	49	56	2	2	169	43
ZNF615	85	51	22	61	8	2	101	54
ZNF614	291	94	32	126	12	4	365	151
ZNF432	122	71	39	103	8	5	201	60
ZNF841	35	16	13	25	3	1	101	8
ZNF616	112	55	20	27	1	6	202	38
ZNF836	118	43	38	31	3	1	190	31
PPP2R1A	2209	426	858	373	37	18	3750	374
ZNF766	669	227	123	149	18	7	1077	176
ZNF480	548	191	102	123	18	7	868	133
ZNF610	67	39	16	45	4	2	95	27
ZNF880	314	118	115	111	7	5	331	99
ZNF528	178	81	48	73	3	2	158	59
ZNF534	6	0	2	1	0	0	2	2
ZNF578	153	98	39	148	12	5	237	147
ZNF808	119	155	17	86	19	3	249	91
ZNF701	304	146	49	90	17	7	439	118
ZNF83	386	489	108	456	71	22	755	383
ZNF611	534	760	51	979	88	41	752	572
ZNF600	249	254	33	257	26	7	606	127
ZNF28	192	74	41	108	9	5	302	64
ZNF468	199	50	50	40	6	0	326	43
ZNF320	8	66	3	59	6	2	52	38
ZNF888	78	44	18	58	17	0	144	55
ZNF816	104	37	23	29	2	2	192	28
ERVV-1	0	0	4	0	0	0	2	0
ERVV-2	6	1	16	3	0	0	18	0
ZNF160	359	236	70	217	18	11	648	146
ZNF415	152	72	32	43	4	0	332	61
ZNF347	168	68	47	51	2	3	310	60
ZNF665	60	32	13	18	2	0	108	20
ZNF677	317	180	147	157	17	5	1217	150
VN1R2	0	0	1	1	0	0	0	0
VN1R4	0	0	0	0	0	0	0	0
ZNF845	89	56	13	38	4	3	198	36
ZNF525	272	142	35	94	11	7	513	121
ZNF765	664	262	52	326	33	19	1315	219
ZNF761	287	119	35	123	4	4	506	117
ZNF813	327	203	21	191	15	1	642	164
ZNF331	267	138	75	87	13	3	503	82
DPRX	0	0	0	1	0	0	0	0
NLRP12	5	1	2	2	0	0	7	0
MYADM	878	144	502	166	19	7	1433	136
PRKCG	11	10	18	8	2	0	29	22
CACNG7	10	4	10	6	0	0	24	6
CACNG8	35	2	40	8	4	2	81	5
CACNG6	4	1	3	0	0	0	16	0
VSTM1	0	0	1	0	0	0	0	0
TARM1	0	0	0	0	0	0	0	0
OSCAR	0	0	0	2	0	0	0	1
NDUFA3	2686	568	629	573	69	15	3943	339
TFPT	219	142	83	77	12	5	344	64
PRPF31	141	255	73	178	21	12	208	139
CNOT3	147	106	36	111	11	11	235	93
LENG1	88	49	46	51	2	2	126	36
TMC4	104	112	9	103	9	14	167	109
MBOAT7	7	226	9	189	18	10	42	189
TSEN34	8	200	6	152	21	7	28	114
RPS9	28067	11874	7769	10032	1214	635	52456	9588
LILRB3	0	1	0	4	0	0	2	3
LILRA6	0	1	0	1	0	0	0	2
LILRB5	0	0	0	1	0	0	0	0
LILRB2	0	0	0	0	0	0	0	1
LILRA5	0	0	0	0	0	0	0	0
LILRA4	0	0	0	0	0	0	0	0
LAIR1	0	2	0	2	0	0	0	4
TTYH1	154	103	44	98	6	5	61	58
LENG8	6	108	0	110	8	3	17	86
LENG9	0	13	0	23	1	0	0	17
CDC42EP5	1	3	7	11	0	0	1	5
LAIR2	0	0	0	0	0	0	0	0
LILRA2	0	0	0	0	0	0	0	0
LILRA1	0	0	0	0	0	0	0	0
LILRB1	0	0	0	0	0	0	0	0
LILRB4	0	0	0	0	0	0	1	0
KIR3DL3	0	0	0	0	0	0	0	0
KIR2DL3	0	0	0	0	0	0	0	0
KIR2DL1	0	0	0	0	0	0	0	0
KIR2DL4	0	0	0	0	0	0	0	0
KIR3DL1	0	0	0	0	0	0	0	0
KIR3DL2	0	0	0	0	0	0	0	0
FCAR	0	0	0	0	0	0	0	0
NCR1	1	0	0	9	0	4	0	17
NLRP7	2	1	34	4	0	0	0	7
NLRP2	100	49	1	160	0	3	3	18
GP6	0	6	0	39	0	2	0	8
RDH13	0	26	5	31	0	0	4	16
EPS8L1	105	18	145	12	2	0	179	22
PPP1R12C	275	58	77	61	6	5	371	36
TNNT1	322	129	575	343	11	11	1813	104
TNNI3	37	64	88	132	11	0	609	38
DNAAF3	13	0	8	2	0	0	23	2
SYT5	1	1	9	2	0	0	6	0
PTPRH	3	1	0	0	0	0	4	0
TMEM86B	117	50	5	22	2	2	315	33
PPP6R1	544	131	174	135	11	4	924	106
HSPBP1	517	103	175	94	9	1	717	102
BRSK1	139	56	19	29	7	2	259	35
TMEM150B	9	0	0	2	1	0	8	1
KMT5C	302	48	56	41	3	3	419	38
COX6B2	5	2	2	0	0	0	12	2
FAM71E2	0	0	0	0	0	0	0	0
IL11	9	1	27	0	0	0	8	0
TMEM190	9	6	16	10	2	0	19	3
TMEM238	268	34	138	32	5	4	494	25
RPL28	57794	13540	15190	12512	1331	644	90518	10742
UBE2S	3429	1120	640	897	106	53	4967	863
SHISA7	0	0	0	0	0	0	0	0
ISOC2	1081	196	311	285	28	12	2037	174
C19orf85	3	4	4	2	0	0	15	0
ZNF628	83	23	34	12	3	1	171	10
NAT14	548	116	297	51	7	6	956	115
SSC5D	11	3	30	0	0	0	15	3
SBK2	0	0	0	0	0	0	0	0
SBK3	0	0	0	0	0	0	0	0
ZNF579	496	93	160	70	12	3	845	77
FIZ1	151	28	53	25	3	4	245	28
ZNF524	198	26	112	42	5	1	303	23
ZNF865	98	27	27	19	2	2	174	11
ZNF784	86	17	27	19	4	0	174	17
ZNF580	929	206	319	141	15	9	1720	149
ZNF581	820	192	243	172	20	15	1727	179
CCDC106	350	60	106	57	7	6	576	58
U2AF2	888	189	186	146	15	5	1820	162
EPN1	1258	274	362	272	32	7	2220	284
NLRP9	1	0	0	0	0	0	0	0
RFPL4A	0	0	0	0	0	0	0	0
RFPL4AL1	0	0	0	0	0	0	0	0
NLRP11	1	0	0	0	0	0	0	0
NLRP4	1	0	0	1	0	0	0	0
NLRP13	0	0	0	1	0	0	0	1
NLRP8	0	1	0	0	0	0	0	0
NLRP5	0	0	0	0	0	0	0	1
ZNF787	869	212	155	178	17	15	1465	162
ZNF444	885	223	140	186	20	12	1212	175
GALP	15	5	3	1	0	1	15	2
ZSCAN5B	1	0	0	0	1	0	1	0
ZSCAN5C	0	0	0	0	0	0	0	0
ZSCAN5A	83	117	18	112	12	6	161	86
EDDM13	10	18	1	10	1	0	5	17
ZNF582	65	40	17	18	4	0	128	24
ZNF583	120	28	30	32	2	0	125	27
ZNF667	7	41	1	34	0	0	12	47
ZNF471	5	15	0	14	0	0	2	21
ZFP28	10	5	22	19	0	1	6	30
ZNF470	58	34	22	30	0	0	62	27
ZNF71	240	39	67	47	7	3	167	33
SMIM17	5	7	3	4	0	0	5	11
ZNF835	0	0	1	0	0	0	0	0
ZIM2	1	0	0	0	0	0	0	0
PEG3	23	4	12	6	0	0	34	1
USP29	0	0	0	0	0	0	0	0
ZIM3	0	0	0	0	0	0	0	0
DUXA	0	0	0	0	0	0	0	0
ZNF264	168	58	46	69	7	2	303	59
AURKC	143	12	49	35	1	2	149	9
ZNF805	168	48	34	35	1	2	300	35
ZNF460	65	52	27	52	3	2	122	30
ZNF543	57	31	21	10	0	2	99	13
ZNF304	36	16	9	13	3	1	72	10
ZNF547	35	10	11	10	2	1	28	16
TRAPPC2B	434	91	126	56	12	5	680	48
ZNF548	93	27	27	18	6	2	152	21
ZNF17	53	15	16	12	1	0	82	14
ZNF749	45	65	7	36	9	2	99	27
VN1R1	8	1	3	4	0	0	9	3
ZNF772	25	8	10	6	1	1	37	6
ZNF419	81	34	33	25	1	1	192	20
ZNF773	83	20	25	16	0	4	170	22
ZNF549	79	60	33	37	5	2	162	42
ZNF550	106	39	25	33	3	1	226	29
ZNF416	63	13	25	8	2	1	101	12
ZIK1	139	41	34	24	3	2	209	47
ZNF530	29	21	17	11	1	2	65	6
ZNF134	280	82	62	60	5	4	459	55
ZNF211	105	19	27	15	2	0	149	16
ZSCAN4	0	1	7	0	0	1	1	0
ZNF551	157	124	26	90	16	5	313	106
ZNF154	81	38	21	32	7	6	185	41
ZNF671	62	5	9	5	1	0	79	9
ZNF776	83	32	16	40	7	5	119	23
ZNF586	116	184	29	136	18	8	222	123
ZNF552	208	133	35	108	10	2	327	63
ZNF587B	113	194	15	158	18	6	216	149
ZNF814	350	278	82	246	30	15	539	191
ZNF587	348	155	44	124	9	6	550	120
ZNF417	50	67	12	83	6	0	77	47
ZNF418	66	57	11	15	2	4	90	24
ZNF256	77	19	27	13	5	0	157	23
C19orf18	27	18	7	19	0	1	22	10
ZNF606	185	90	36	43	9	5	283	38
ZSCAN1	76	32	24	21	3	3	64	5
ZNF135	104	77	27	52	10	5	161	59
ZSCAN18	539	146	166	93	11	4	811	110
ZNF329	121	82	38	54	4	1	229	55
ZNF274	254	92	119	113	12	7	438	89
ZNF544	465	483	125	298	35	19	1006	362
ZNF8	129	65	29	51	7	2	213	58
ERVK3-1	254	185	63	151	19	8	376	165
ZSCAN22	21	4	9	12	0	0	48	3
A1BG	103	45	74	52	2	3	317	30
ZNF497	34	22	7	19	2	1	54	13
ZNF837	110	21	22	23	4	0	189	18
RPS5	39294	9507	10054	8450	891	420	75284	7379
RNF225	0	0	0	0	0	0	0	0
ZNF584	106	49	20	46	4	1	210	29
ZNF132	0	1	4	2	0	0	0	1
ZNF324B	16	6	10	5	0	0	17	2
ZNF324	103	14	36	17	0	1	208	15
ZNF446	111	32	30	15	1	3	159	17
SLC27A5	360	95	77	60	12	5	617	90
ZBTB45	153	48	58	36	6	0	256	29
TRIM28	3857	649	795	478	57	27	5771	620
CHMP2A	2902	665	925	487	62	28	4563	538
UBE2M	3998	791	1022	687	87	45	6175	638
MZF1	137	79	35	55	9	1	375	56
SRY	2	37	0	0	0	1	207	13
RPS4Y1	27	3142	10	20	1	6	10925	2778
ZFY	0	319	1	1	0	0	493	284
TGIF2LY	0	0	0	0	0	0	0	0
PCDH11Y	6	127	5	12	1	0	52	58
TSPY2	0	0	0	0	0	0	0	0
AMELY	0	5	0	0	0	0	4	4
TBL1Y	0	356	0	2	0	0	46	339
PRKY	1	136	0	1	0	0	186	181
TSPY4	0	0	0	0	0	0	0	0
TSPY8	0	0	0	0	0	0	0	0
TSPY3	0	0	0	0	0	0	0	0
TSPY1	0	0	0	0	0	0	0	0
TSPY9P	0	0	0	0	0	0	0	0
TSPY10	0	0	0	0	0	0	0	0
USP9Y	1	435	3	4	0	1	1107	575
DDX3Y	5	231	3	1	0	0	1214	206
UTY	0	511	1	5	0	0	274	420
TMSB4Y	1	14	0	1	0	0	257	21
VCY	0	0	0	0	0	0	0	0
VCY1B	0	0	0	0	0	0	0	0
NLGN4Y	1	690	1	4	1	2	353	666
CDY2B	0	0	0	0	0	0	0	0
CDY2A	0	0	0	0	0	0	0	0
HSFY1	0	0	0	0	0	0	0	0
HSFY2	0	0	0	0	0	0	0	0
AC007244.1	0	1	0	0	0	0	18	0
KDM5D	3	87	0	1	1	0	290	71
EIF1AY	7	276	3	4	2	0	2371	241
RPS4Y2	20	0	7	0	0	0	26	0
RBMY1B	0	0	0	0	0	0	0	0
RBMY1A1	0	0	0	0	0	0	0	0
RBMY1D	0	0	0	0	0	0	0	0
RBMY1E	0	0	0	0	0	0	0	0
PRY2	0	0	0	0	0	0	0	0
RBMY1F	0	0	0	0	0	0	0	0
RBMY1J	0	0	0	0	0	0	0	0
PRY	0	0	0	0	0	0	0	0
BPY2	0	0	0	0	0	0	0	0
DAZ1	0	0	0	0	0	0	0	0
DAZ2	0	0	0	0	0	0	0	0
PRYP3	0	0	0	0	0	0	0	0
CDY1B	0	0	0	0	0	0	0	0
BPY2B	0	0	0	0	0	0	0	0
DAZ3	0	0	0	0	0	0	0	0
DAZ4	0	0	0	0	0	0	0	0
BPY2C	0	0	0	0	0	0	0	0
CDY1	0	0	0	0	0	0	0	0
OR11H1	0	0	0	0	0	0	0	0
POTEH	0	1	0	0	0	0	0	0
CCT8L2	0	0	0	0	0	0	0	0
XKR3	0	0	0	0	0	0	0	0
IGKV1OR22-5	0	0	0	0	0	0	0	0
IGKV2OR22-4	0	0	0	0	0	0	0	0
IGKV2OR22-3	0	0	0	0	0	0	0	0
IGKV3OR22-2	0	0	0	0	0	0	0	0
IGKV1OR22-1	0	0	1	0	0	0	0	0
GAB4	0	0	0	0	0	0	0	0
IL17RA	144	48	43	42	3	1	113	45
TMEM121B	48	7	2	4	2	0	43	11
HDHD5	954	172	156	144	19	8	1731	188
ADA2	230	28	43	18	1	6	381	56
CECR2	704	1019	138	634	76	57	1077	914
SLC25A18	193	91	2	72	17	1	462	72
ATP6V1E1	1161	327	669	415	36	14	1895	265
BCL2L13	359	213	129	187	26	13	721	141
BID	883	188	367	114	29	14	1548	159
MICAL3	209	209	63	188	15	6	211	140
PEX26	273	102	80	82	9	6	532	67
TUBA8	6	7	1	8	1	0	4	11
USP18	2	19	0	11	0	0	0	7
GGTLC3	0	0	0	0	0	0	0	0
TMEM191B	22	59	93	14	2	2	34	11
RIMBP3	1	0	0	0	0	0	1	0
AC023490.5	0	0	0	0	0	0	0	0
DGCR6	1	8	1	10	0	0	7	1
PRODH	0	9	7	3	0	0	43	2
DGCR2	312	151	91	158	20	4	484	143
ESS2	157	23	64	28	1	0	255	25
TSSK2	0	0	0	0	0	0	0	0
GSC2	0	0	0	0	0	0	0	0
SLC25A1	2060	540	216	527	68	28	3908	528
CLTCL1	26	76	1	84	7	5	60	54
HIRA	257	90	43	104	17	3	402	90
C22orf39	650	163	192	105	12	9	1325	144
MRPL40	1280	316	415	218	38	13	2188	198
UFD1	1726	337	605	310	44	16	2559	319
CDC45	191	50	65	43	6	2	299	58
CLDN5	9	0	2	4	0	0	5	2
SEPTIN5	1	2	0	4	0	0	1	6
GP1BB	0	13	0	5	1	1	0	7
TBX1	165	57	8	0	4	0	105	40
GNB1L	138	50	36	47	7	4	357	69
RTL10	196	58	72	32	7	1	357	22
TXNRD2	17	6	34	39	4	3	7	47
COMT	347	84	676	140	14	5	760	242
ARVCF	110	18	57	18	3	1	127	25
TANGO2	124	37	39	22	6	3	175	33
DGCR8	312	135	80	112	12	7	490	104
TRMT2A	265	34	71	60	3	0	474	43
RANBP1	11367	2654	1697	1943	240	117	21066	2154
ZDHHC8	189	46	36	34	4	0	268	45
CCDC188	0	0	0	0	0	0	0	0
RTN4R	167	22	35	21	1	1	262	20
DGCR6L	681	152	210	165	21	7	1237	154
USP41	0	0	0	0	0	0	0	1
ZNF74	218	53	59	40	2	2	322	26
SCARF2	24	26	8	16	1	0	42	8
KLHL22	220	154	63	146	18	7	298	129
MED15	306	195	173	149	15	12	449	130
PI4KA	170	201	75	187	26	12	278	142
SERPIND1	105	38	1	96	1	0	202	22
SNAP29	474	112	226	136	10	7	765	106
CRKL	382	141	96	104	9	9	636	115
AIFM3	22	7	12	6	0	0	32	2
LZTR1	104	36	40	24	2	3	200	12
THAP7	605	105	135	88	13	7	969	76
P2RX6	4	0	0	2	1	0	4	1
SLC7A4	14	0	153	1	0	0	10	0
LRRC74B	0	3	0	0	0	0	0	0
GGT2	1	0	1	1	0	1	2	1
AP000552.4	0	0	0	0	0	0	0	0
RIMBP3B	0	0	0	0	0	0	0	0
HIC2	632	147	156	134	15	4	957	121
TMEM191C	59	28	44	7	3	2	133	16
RIMBP3C	6	0	0	0	0	0	1	1
UBE2L3	1690	808	543	783	93	56	2644	818
YDJC	653	114	197	93	16	4	1088	89
CCDC116	2	0	0	0	0	0	1	1
SDF2L1	1799	379	503	370	46	17	4287	318
PPIL2	294	117	84	94	10	8	449	81
YPEL1	293	140	49	50	12	8	437	102
MAPK1	667	461	198	411	60	19	1314	375
PPM1F	180	40	37	38	5	4	263	51
TOP3B	64	41	22	51	4	2	146	40
IGLVI-70	0	0	0	0	0	0	0	21
IGLV4-69	0	0	0	0	0	0	0	0
IGLVI-68	0	0	0	0	0	0	0	0
IGLV10-54	0	1	0	0	0	0	0	0
IGLV10-67	0	0	0	0	0	0	0	0
IGLVIV-66-1	0	0	0	0	0	0	0	0
IGLVV-66	0	0	0	0	0	0	0	0
IGLVIV-65	0	0	0	0	0	0	0	0
IGLVIV-64	0	0	0	0	0	0	0	0
IGLVI-63	0	0	0	0	0	0	0	0
IGLV1-62	0	0	0	0	0	0	0	0
IGLV8-61	0	0	0	0	0	0	0	0
IGLV4-60	0	0	0	0	0	0	0	0
IGLVIV-59	0	0	0	0	0	0	0	0
IGLVV-58	0	0	0	0	0	0	0	0
IGLV6-57	0	0	0	0	0	0	0	0
IGLVI-56	0	0	0	0	0	0	0	0
IGLV11-55	0	0	0	0	0	0	0	0
IGLVIV-53	0	0	0	0	0	0	0	0
VPREB1	0	0	0	0	0	0	0	0
IGLV5-52	0	1	0	0	0	0	2	0
IGLV1-51	1	0	0	0	0	0	1	0
IGLV1-50	0	0	0	0	0	0	0	0
IGLV9-49	0	0	0	0	0	0	0	0
IGLV5-48	0	0	0	0	0	0	0	0
IGLV1-47	0	0	0	0	0	0	0	0
IGLV7-46	2	0	0	0	0	0	0	0
IGLV5-45	0	0	0	0	0	0	0	0
IGLV1-44	0	0	0	0	0	0	0	0
IGLV7-43	0	0	0	0	0	0	0	0
IGLVI-42	0	0	0	0	0	0	0	0
IGLVVII-41-1	0	0	0	0	0	0	0	0
IGLV1-41	0	0	0	0	0	0	0	0
IGLV1-40	0	0	0	0	0	0	0	0
IGLVI-38	0	0	0	0	0	0	0	0
IGLV5-37	0	0	0	0	0	0	0	0
IGLV1-36	0	0	0	0	0	0	0	0
IGLV7-35	0	0	0	0	0	0	0	0
ZNF280B	14	30	1	28	5	2	10	28
ZNF280A	0	9	0	0	1	0	0	7
PRAME	0	1	0	0	0	0	0	0
IGLV2-34	0	0	0	0	0	0	0	0
IGLV2-33	0	0	0	0	0	0	0	0
IGLV3-32	0	0	0	0	0	0	0	0
IGLV3-31	0	0	0	0	0	0	0	0
IGLV3-30	0	0	0	0	0	0	0	0
GGTLC2	1	0	0	0	0	0	0	0
IGLV3-29	0	0	0	0	0	0	0	0
IGLV2-28	0	0	0	0	0	0	0	0
IGLV3-27	0	0	0	0	0	0	0	0
IGLV3-26	0	0	0	0	0	0	0	0
IGLVVI-25-1	0	0	0	0	0	0	0	0
IGLV3-25	0	0	0	0	0	0	0	0
IGLV3-24	0	0	0	0	0	0	0	0
IGLV2-23	0	0	0	0	0	0	0	0
IGLVVI-22-1	0	0	0	0	0	0	0	0
IGLV3-22	0	0	0	0	0	0	0	0
IGLV3-21	0	0	0	0	0	0	0	0
IGLVI-20	0	0	0	0	0	0	0	0
IGLV3-19	0	0	0	0	0	0	0	0
IGLV2-18	0	0	0	0	0	0	0	0
IGLV3-17	0	0	0	0	0	0	0	0
IGLV3-16	0	0	0	0	0	0	0	0
IGLV3-15	0	0	0	0	0	0	0	0
IGLV2-14	0	0	0	0	1	0	0	0
IGLV3-13	0	0	0	0	0	0	0	0
IGLV3-12	0	0	0	0	0	0	0	0
IGLV2-11	0	0	0	0	0	0	0	0
IGLV3-10	0	0	0	0	0	0	0	0
IGLV3-9	0	0	0	0	0	0	0	0
IGLV2-8	0	0	0	0	0	0	0	0
IGLV3-7	0	0	0	0	0	0	0	0
IGLV3-6	0	0	0	0	0	0	0	0
IGLV2-5	0	0	0	0	0	0	0	0
IGLV3-4	0	0	0	0	0	0	0	0
IGLV4-3	0	0	0	0	0	0	0	0
IGLV3-2	0	0	0	0	0	0	0	0
IGLV3-1	0	0	0	0	0	0	0	0
IGLJ1	0	0	0	0	0	0	0	0
IGLC1	0	1	0	0	0	0	0	0
IGLJ2	0	0	0	0	0	0	0	0
IGLC2	1	0	0	0	1	0	0	39
IGLJ3	0	0	0	0	0	0	0	0
IGLC3	0	0	0	0	0	0	0	95
IGLJ4	0	0	0	0	0	0	0	0
IGLC4	0	0	0	0	0	0	0	0
IGLJ5	0	0	0	0	0	0	0	0
IGLC5	0	0	0	0	0	0	0	0
IGLJ6	0	0	0	0	0	0	0	0
IGLC6	0	0	0	0	0	0	0	0
IGLJ7	0	0	0	0	0	0	0	0
IGLC7	0	0	0	0	0	0	0	0
RSPH14	9	15	5	7	1	1	21	6
GNAZ	34	8	9	2	2	0	49	8
RAB36	24	3	9	7	1	0	25	6
BCR	627	614	98	428	66	22	1012	420
IGLL1	0	2	0	0	0	0	1	0
DRICH1	4	8	2	11	0	1	14	17
RGL4	0	3	0	1	0	0	4	2
ZNF70	15	21	10	10	1	0	40	8
VPREB3	2	2	1	1	0	1	15	1
C22orf15	13	3	3	3	0	0	35	0
CHCHD10	1830	653	215	875	82	24	3588	509
MMP11	1	29	0	24	3	0	0	27
SMARCB1	440	603	117	441	60	31	734	494
DERL3	11	13	2	10	3	2	25	8
SLC2A11	34	49	29	102	6	2	67	52
MIF	6974	7134	1374	7479	944	392	11784	7140
GSTT2B	11	22	4	58	1	4	14	15
DDTL	1	6	0	4	0	0	1	8
DDT	17	982	4	810	89	44	31	878
GSTT4	0	0	0	0	0	0	0	0
CABIN1	446	220	122	193	19	10	834	186
SUSD2	22	8	3	14	2	0	52	11
GGT5	1	0	1	0	0	0	1	0
SPECC1L	207	482	44	394	51	23	286	360
ADORA2A	1	17	0	14	0	2	0	17
UPB1	24	24	0	32	2	3	57	15
GUCD1	382	83	88	85	11	3	665	80
SNRPD3	2199	585	421	420	61	37	3456	458
GGT1	0	1	0	0	0	0	2	3
LRRC75B	243	76	21	59	9	3	564	40
GGT1.1	0	1	1	2	0	0	1	1
PIWIL3	0	0	0	0	0	0	0	0
SGSM1	21	43	8	14	7	4	44	36
TMEM211	0	1	0	0	0	0	0	1
KIAA1671	202	384	44	373	51	19	339	256
CRYBB3	1	1	0	0	0	0	2	2
CRYBB2	96	57	20	34	3	2	173	69
LRP5L	31	37	4	23	1	0	56	35
IGLVIVOR22-1	0	0	0	0	0	0	1	0
GRK3	161	154	40	140	18	3	254	121
MYO18B	6	5	0	58	1	1	2	20
SEZ6L	74	71	2	35	6	3	81	115
ASPHD2	62	12	11	8	1	0	114	15
HPS4	322	130	95	78	4	5	638	67
SRRD	496	151	142	135	16	6	1056	82
TFIP11	197	47	86	59	6	4	347	37
TPST2	461	189	158	136	16	3	739	146
CRYBB1	6	1	21	3	0	0	5	0
CRYBA4	4	0	4	2	0	0	7	1
MN1	66	39	12	16	2	0	81	44
PITPNB	904	441	225	384	55	14	1436	315
TTC28	227	1107	80	798	108	46	314	919
CHEK2	307	150	87	92	12	8	518	167
HSCB	460	146	109	142	7	7	723	104
CCDC117	422	153	99	118	11	4	746	98
XBP1	3901	713	471	573	89	28	5225	659
ZNRF3	288	672	46	515	64	32	529	486
C22orf31	0	1	2	0	0	0	7	3
KREMEN1	40	39	28	29	4	6	57	26
EMID1	530	172	41	96	13	7	730	115
RHBDD3	390	115	112	88	16	10	648	115
EWSR1	1998	519	520	454	55	31	2772	422
GAS2L1	202	38	49	31	3	1	294	38
RASL10A	5	3	6	3	0	0	6	3
AP1B1	366	110	116	103	12	1	475	66
RFPL1	0	0	0	0	0	0	0	1
NEFH	26	6	4	2	0	1	71	3
THOC5	526	157	86	155	19	7	1055	135
NIPSNAP1	2183	571	257	382	62	29	3617	466
NF2	246	94	108	82	15	13	430	89
CABP7	2	1	3	0	1	0	5	1
ZMAT5	392	113	94	95	12	3	734	86
UQCR10	8647	2012	2113	2130	270	100	16307	1637
ASCC2	464	165	151	156	14	9	790	108
MTMR3	122	225	56	214	20	7	241	151
HORMAD2	0	3	0	3	0	0	1	2
LIF	12	4	4	6	1	1	25	2
OSM	0	0	0	0	0	0	0	0
CASTOR1	62	117	15	74	7	5	108	65
TBC1D10A	179	68	74	59	3	2	310	50
SF3A1	721	189	178	98	17	6	1211	104
CCDC157	61	28	30	29	1	2	124	29
RNF215	209	67	40	54	9	1	368	66
SEC14L2	60	59	12	63	1	2	158	28
MTFP1	48	129	14	108	15	7	121	152
SEC14L3	1	1	0	0	0	0	1	0
SEC14L4	6	4	1	2	0	0	9	0
SEC14L6	17	16	7	9	0	0	16	10
GAL3ST1	277	77	7	56	6	3	615	80
PES1	422	93	134	87	16	4	706	66
TCN2	647	207	222	127	21	6	954	190
SLC35E4	44	16	14	15	0	1	74	16
DUSP18	62	14	35	21	1	2	84	25
OSBP2	43	45	10	47	3	5	68	59
MORC2	309	131	71	118	20	2	461	74
SMTN	155	21	49	23	1	0	245	19
SELENOM	432	48	218	54	4	3	655	47
INPP5J	41	7	11	6	0	1	77	0
PLA2G3	18	11	5	7	0	2	56	7
RNF185	142	84	50	95	8	7	205	75
LIMK2	242	113	148	100	13	10	364	98
PIK3IP1	15	4	20	2	2	0	17	1
PATZ1	488	107	109	62	9	5	882	89
DRG1	843	252	235	233	23	16	1358	241
EIF4ENIF1	298	122	75	88	11	2	533	92
SFI1	137	64	37	46	5	4	201	66
PISD	375	183	78	128	19	12	471	150
PRR14L	892	403	171	308	30	16	1335	294
DEPDC5	103	93	33	98	14	4	172	62
YWHAH	2627	606	692	639	56	28	4714	513
SLC5A1	0	0	0	5	0	0	0	0
C22orf42	1	0	1	0	0	0	2	0
RFPL2	11	2	0	4	0	0	3	4
IGLCOR22-1	0	0	0	0	0	0	1	0
SLC5A4	2	4	0	7	0	2	2	4
RFPL3	0	0	0	0	0	0	1	0
IGLCOR22-2	0	0	0	0	0	0	0	0
IGLVIVOR22-2	0	0	0	0	0	0	0	0
RTCB	2277	612	529	586	68	35	3676	494
BPIFC	1	1	0	0	0	0	0	1
FBXO7	759	263	313	203	32	10	1320	152
SYN3	0	70	4	114	2	2	16	56
TIMP3	732	721	255	1144	33	6	1234	186
LARGE1	91	378	64	362	44	15	132	327
ISX	12	5	0	6	0	1	17	3
HMGXB4	1157	329	202	212	24	11	2031	255
TOM1	195	90	81	75	4	1	291	61
HMOX1	787	412	86	334	35	13	1400	265
MCM5	718	116	150	100	10	2	1066	136
RASD2	0	0	1	0	0	0	3	0
MB	57	10	4	3	2	1	62	7
APOL6	18	7	19	4	0	0	37	0
APOL5	0	0	0	0	0	0	0	1
RBFOX2	713	1306	229	913	101	56	1130	1041
APOL3	0	1	0	2	1	0	7	1
APOL4	0	0	5	2	0	0	3	0
APOL2	46	5	66	7	0	1	80	2
APOL1	5	0	9	1	0	0	1	1
MYH9	1058	461	844	397	35	32	1639	271
TXN2	1744	406	493	289	40	21	2696	342
FOXRED2	154	36	30	34	6	1	285	23
EIF3D	3082	847	709	708	62	34	5790	622
CACNG2	0	0	0	0	0	0	0	1
IFT27	646	168	167	177	24	11	1208	150
PVALB	0	0	4	0	0	0	5	0
NCF4	1	0	6	1	0	0	0	0
CSF2RB	0	0	1	0	0	0	0	0
TEX33	0	0	0	0	0	0	0	0
TST	1135	237	207	351	33	13	1707	191
MPST	2287	552	391	457	50	17	4540	431
KCTD17	165	29	31	25	3	0	231	24
TMPRSS6	91	27	0	26	3	0	137	6
IL2RB	7	0	10	1	0	0	3	1
C1QTNF6	140	49	181	46	9	2	189	16
SSTR3	3	0	0	0	0	0	7	0
RAC2	56	13	5	30	2	0	134	9
CYTH4	0	1	0	0	0	0	0	0
ELFN2	4	1	0	2	0	0	4	0
MFNG	71	17	0	5	0	0	63	10
CARD10	147	49	15	19	1	2	200	26
CDC42EP1	276	49	121	51	4	0	318	38
LGALS2	860	232	3	310	27	7	2074	178
GGA1	599	127	167	110	12	6	994	102
SH3BP1	220	52	132	29	2	1	280	64
PDXP	5	96	3	76	8	3	10	69
LGALS1	897	169	393	715	18	12	3640	242
NOL12	155	88	37	100	21	4	289	75
TRIOBP	1186	246	442	250	20	15	1766	247
H1F0	1890	415	394	397	34	21	3347	382
GCAT	606	212	85	119	9	14	1137	122
GALR3	5	2	1	1	0	0	22	2
ANKRD54	251	64	60	41	5	1	376	26
EIF3L	4863	656	1333	538	54	25	8631	484
MICALL1	169	63	150	50	5	5	237	43
C22orf23	2	7	2	3	0	0	13	8
POLR2F	2528	523	775	549	77	20	4579	445
SOX10	20	13	5	7	0	1	40	13
PICK1	309	99	100	72	10	3	570	91
SLC16A8	4	3	0	3	2	0	43	2
BAIAP2L2	44	26	5	26	5	1	102	23
PLA2G6	81	53	11	50	4	0	120	48
MAFF	162	30	131	62	2	1	238	37
TMEM184B	278	159	80	158	13	4	442	115
CSNK1E	1054	372	275	354	34	20	1580	327
KCNJ4	3	3	3	2	0	0	6	3
KDELR3	487	253	101	213	16	7	1051	126
DDX17	4477	1443	777	1113	131	68	7128	993
DMC1	21	17	7	8	3	1	34	10
FAM227A	166	97	41	47	12	4	248	63
CBY1	821	222	238	147	19	7	1345	170
TOMM22	2655	606	643	656	53	29	4810	482
JOSD1	280	140	150	153	12	5	602	68
GTPBP1	209	99	54	81	7	4	302	72
SUN2	225	83	35	52	6	3	363	43
DNAL4	403	85	128	53	5	2	590	73
NPTXR	80	29	1	48	2	0	179	18
CBX6	365	35	201	25	2	0	430	32
APOBEC3A	0	1	1	1	0	0	1	0
APOBEC3B	18	2	24	0	0	0	17	1
APOBEC3C	252	28	166	33	3	2	346	27
APOBEC3D	2	10	2	2	1	1	3	7
APOBEC3F	62	26	38	6	1	0	111	21
APOBEC3G	94	4	32	5	1	4	69	10
APOBEC3H	0	2	11	1	0	0	2	1
CBX7	70	21	7	12	5	1	73	14
PDGFB	33	26	50	23	2	3	73	17
RPL3	65651	19381	15071	16226	1831	879	124258	14113
SYNGR1	501	158	342	76	9	9	860	127
TAB1	186	45	43	47	1	4	288	49
MGAT3	64	26	24	45	2	2	144	24
MIEF1	507	117	88	97	8	6	1021	82
AL022312.1	0	0	0	0	0	0	0	0
ATF4	2020	428	536	409	36	20	3596	370
RPS19BP1	2864	624	775	540	72	27	4742	521
CACNA1I	2	4	1	1	0	0	9	1
ENTHD1	0	2	0	3	0	0	0	1
GRAP2	24	7	0	1	1	0	17	9
Z82206.1	3	0	1	0	0	0	3	0
FAM83F	271	110	48	149	13	3	363	119
TNRC6B	1209	721	422	474	52	39	2006	644
ADSL	285	368	60	273	28	12	465	316
SGSM3	73	112	19	77	12	3	80	121
MRTFA	155	351	60	333	32	17	161	290
MCHR1	1	0	5	2	0	0	3	0
SLC25A17	313	113	108	95	18	8	526	79
ST13	5188	1549	1543	1450	153	90	9858	1173
XPNPEP3	358	224	103	151	28	10	620	156
DNAJB7	4	3	0	2	0	0	7	3
RBX1	6218	1225	1780	985	140	57	10603	952
EP300	863	439	211	387	39	20	1421	364
L3MBTL2	283	57	68	62	5	1	526	69
CHADL	27	5	4	2	1	1	48	6
RANGAP1	424	178	145	83	9	7	648	84
ZC3H7B	235	129	52	107	12	13	419	90
TEF	48	11	4	9	1	1	87	5
TOB2	348	146	101	111	8	4	737	132
PHF5A	1830	415	347	306	53	22	3187	236
ACO2	989	277	307	268	35	12	1455	183
POLR3H	389	107	148	120	13	10	665	102
CSDC2	1	2	7	2	0	0	7	4
PMM1	534	167	169	128	14	4	1044	139
DESI1	643	130	176	193	19	8	1038	103
XRCC6	4582	1229	1058	914	115	45	7074	888
SNU13	4380	963	1520	786	94	45	7160	824
MEI1	1	6	1	5	3	0	0	4
CCDC134	28	56	17	44	6	2	74	45
SREBF2	533	732	118	657	77	29	877	505
SHISA8	3	0	2	0	0	0	3	1
TNFRSF13C	12	0	3	1	0	0	23	2
CENPM	466	108	111	57	7	5	776	82
LINC00634	8	1	1	0	1	0	17	1
SEPTIN3	80	22	15	12	0	1	171	10
WBP2NL	6	2	0	3	0	0	6	3
NAGA	143	41	50	24	4	2	258	36
PHETA2	0	11	0	0	2	3	1	15
SMDT1	1053	449	390	323	51	10	2055	294
NDUFA6	1677	579	367	536	89	32	3082	503
CYP2D6	2	0	0	0	0	0	2	2
TCF20	2	310	1	255	26	20	6	297
NFAM1	1	3	0	0	0	0	3	0
RRP7A	1225	145	425	135	14	8	1142	208
SERHL2	36	21	6	9	1	1	30	18
POLDIP3	474	152	139	113	14	5	715	95
CYB5R3	1519	542	452	652	59	12	3255	342
ATP5MGL	48	2	12	2	0	1	73	3
A4GALT	29	11	75	22	0	0	72	5
ARFGAP3	559	345	146	290	45	10	1112	244
PACSIN2	480	500	155	416	41	22	1000	440
TTLL1	91	39	32	32	2	2	217	32
BIK	93	12	62	4	0	0	140	8
MCAT	234	43	68	26	10	0	440	48
TSPO	378	40	285	41	2	1	494	40
TTLL12	241	46	56	44	5	1	454	28
SCUBE1	6	13	6	7	0	0	23	6
MPPED1	13	11	0	14	0	1	42	7
EFCAB6	7	30	0	18	4	1	9	21
SULT4A1	18	5	6	10	1	0	67	5
PNPLA5	0	1	1	1	0	0	2	1
PNPLA3	659	448	17	412	49	8	1097	367
SAMM50	994	274	314	252	23	16	2088	260
PARVB	477	199	36	216	12	6	1012	183
PARVG	1	0	0	3	0	0	3	12
SHISAL1	3	0	6	0	0	1	3	1
RTL6	179	35	29	30	4	4	288	29
PRR5	494	360	75	322	40	8	1149	260
ARHGAP8	85	284	132	164	28	11	97	189
PHF21B	78	388	15	206	30	21	134	353
NUP50	666	225	135	180	22	12	1167	160
KIAA0930	312	71	87	80	8	1	482	48
UPK3A	277	41	2	56	3	0	404	15
FAM118A	353	199	51	170	16	12	780	155
SMC1B	3	5	0	10	0	0	10	20
RIBC2	81	12	14	6	3	0	86	14
FBLN1	4813	1144	1705	743	121	40	8354	916
ATXN10	2872	1039	547	860	104	68	4616	892
WNT7B	31	8	49	12	0	0	28	12
PPARA	225	160	34	123	8	5	497	128
CDPF1	146	40	37	21	1	2	192	21
PKDREJ	0	0	0	0	0	0	0	0
TTC38	455	179	69	179	16	1	1313	129
GTSE1	843	227	148	144	9	11	1137	130
TRMU	694	226	120	160	20	3	902	153
CELSR1	78	75	40	50	8	8	105	76
GRAMD4	133	65	37	65	7	6	224	70
CERK	337	121	72	80	14	5	626	79
TBC1D22A	241	606	92	598	65	40	523	576
TAFA5	304	227	17	165	31	5	459	263
BRD1	499	234	105	188	19	13	883	159
ZBED4	315	174	66	132	15	8	586	122
ALG12	255	88	75	72	9	3	475	64
CRELD2	1143	206	147	175	28	12	2112	180
PIM3	709	94	305	78	10	2	988	110
IL17REL	0	0	0	0	0	0	0	0
TTLL8	0	1	0	0	0	0	0	1
MLC1	0	1	0	0	0	0	0	0
MOV10L1	1	3	0	1	0	0	14	0
PANX2	52	17	11	11	2	1	98	10
TRABD	726	117	185	87	12	3	1175	103
SELENOO	193	199	48	138	13	11	351	118
TUBGCP6	108	26	25	24	2	2	144	20
HDAC10	145	26	44	29	3	3	236	21
MAPK12	260	43	36	39	5	3	373	36
MAPK11	2	1	7	0	0	0	8	0
PLXNB2	334	65	147	73	5	6	537	64
DENND6B	55	32	15	18	0	0	67	21
PPP6R2	511	532	78	475	48	19	758	319
SBF1	201	34	79	37	2	1	315	30
ADM2	46	17	6	13	1	1	77	12
MIOX	0	0	0	1	0	0	3	1
LMF2	508	118	151	130	16	4	821	94
NCAPH2	322	63	112	46	7	2	544	40
SCO2	736	151	178	154	8	3	1259	119
TYMP	170	33	82	34	5	2	229	22
ODF3B	16	5	16	1	0	0	39	0
KLHDC7B	0	0	0	0	0	0	0	0
SYCE3	19	2	1	0	0	0	20	3
CPT1B	4	6	2	11	1	0	6	6
CHKB	34	168	12	119	17	7	73	187
MAPK8IP2	8	6	29	7	1	0	21	2
ARSA	162	32	139	34	6	2	259	14
SHANK3	47	36	4	10	3	0	61	15
ACR	0	0	0	0	0	0	0	0
RABL2B	232	58	85	53	4	3	348	48
FP565260.4	0	0	0	0	0	0	0	0
FP565260.3	1	0	1	0	0	0	1	0
GATD3B	2	52	0	67	6	3	7	39
FP565260.1	1	0	0	0	1	0	2	1
FP565260.6	10	1	4	3	0	1	32	2
CU639417.1	0	0	0	0	0	0	0	0
SIK1B	8	5	1	2	0	0	16	0
CBSL	1	1	0	2	0	0	1	1
U2AF1L5	65	1	13	19	3	2	97	22
CRYAA2	0	0	0	0	0	0	0	0
SMIM11B	0	2	0	2	0	0	0	2
FAM243B	0	0	0	0	0	0	0	0
SMIM34B	0	1	0	0	0	0	0	0
KCNE1B	0	0	0	1	0	0	0	0
TPTE	0	3	0	3	0	0	2	1
IGHV1OR21-1	0	0	0	0	0	0	0	0
POTED	0	0	0	0	0	0	0	0
LIPI	0	9	1	9	0	4	0	9
RBM11	41	8	23	10	4	1	73	19
HSPA13	403	114	76	96	8	4	807	100
SAMSN1	3	0	3	0	0	0	0	1
NRIP1	558	401	208	437	39	26	760	299
USP25	229	535	105	446	39	31	403	352
CXADR	2062	633	528	538	82	46	3888	486
BTG3	685	259	548	181	19	12	1056	161
C21orf91	253	93	87	91	11	4	387	86
CHODL	26	64	9	171	14	2	36	72
TMPRSS15	9	12	0	0	3	0	1	8
NCAM2	11	106	3	106	15	6	53	22
MRPL39	754	180	177	157	13	11	1170	156
JAM2	42	14	2	6	2	0	58	9
ATP5PF	9548	2143	2148	2246	277	80	18272	1743
GABPA	268	158	38	131	9	10	445	100
APP	3549	1477	1327	946	112	78	5097	1167
CYYR1	471	281	35	154	23	14	496	205
ADAMTS1	421	178	66	176	11	12	922	133
ADAMTS5	19	6	2	4	0	0	23	6
N6AMT1	160	68	46	51	7	3	371	38
LTN1	586	226	142	196	20	11	958	170
RWDD2B	102	28	37	18	4	1	3	2
USP16	828	286	261	245	29	19	1407	203
CCT8	5511	1785	1279	1175	137	76	9340	1109
MAP3K7CL	3	0	1	1	0	0	0	3
BACH1	363	466	146	442	43	20	644	354
GRIK1	0	16	0	11	2	1	4	12
CLDN17	0	0	0	0	0	0	0	0
CLDN8	0	0	1	0	0	0	0	0
KRTAP24-1	0	0	0	0	0	0	0	0
KRTAP25-1	0	0	0	0	0	0	0	0
KRTAP26-1	0	0	0	0	0	0	0	0
KRTAP27-1	0	0	0	0	0	0	0	0
KRTAP23-1	0	0	0	0	0	0	0	0
KRTAP13-2	0	0	0	0	0	0	0	0
KRTAP13-1	0	0	0	0	0	0	0	0
KRTAP13-3	0	0	0	0	0	0	0	0
KRTAP13-4	0	0	0	0	0	0	0	0
KRTAP15-1	0	0	0	0	0	0	0	0
KRTAP19-1	1	0	3	0	0	0	0	0
KRTAP19-2	0	0	0	0	0	0	0	0
KRTAP19-3	0	0	0	0	0	0	0	0
KRTAP19-4	0	0	0	0	0	0	0	0
KRTAP19-5	0	0	0	0	0	0	0	0
KRTAP19-6	0	0	0	0	0	0	0	0
KRTAP19-7	0	0	0	0	0	0	0	0
KRTAP22-2	0	0	0	0	0	0	0	0
KRTAP6-3	0	0	0	0	0	0	0	0
KRTAP6-2	0	0	0	0	0	0	0	0
KRTAP22-1	0	0	0	0	0	0	0	0
KRTAP6-1	0	0	0	0	0	0	0	0
KRTAP20-1	0	0	0	0	0	0	0	0
KRTAP20-4	0	0	0	0	0	0	0	0
KRTAP20-2	0	0	0	0	0	0	0	0
KRTAP20-3	0	0	0	0	0	0	0	0
KRTAP21-3	0	0	0	0	0	0	0	0
KRTAP21-2	0	0	0	0	0	0	0	0
KRTAP21-1	0	0	0	0	0	0	0	0
KRTAP8-1	0	0	0	0	0	0	0	0
KRTAP7-1	0	0	0	0	0	0	0	0
KRTAP11-1	0	0	0	0	0	0	0	0
KRTAP19-8	0	0	0	0	0	0	0	0
TIAM1	249	436	77	388	63	26	421	458
SOD1	6325	1475	1795	1305	135	59	10122	1187
SCAF4	460	304	89	275	39	22	785	248
HUNK	292	285	21	202	34	10	434	162
MIS18A	1317	323	251	196	23	12	2364	231
MRAP	1	2	0	1	0	0	2	7
URB1	134	74	33	55	6	3	265	62
EVA1C	16	21	4	14	1	1	26	14
TCP10L	23	4	5	5	0	0	37	4
CFAP298	1065	368	361	293	35	17	1660	327
SYNJ1	45	42	12	37	7	1	63	46
PAXBP1	399	323	67	230	24	22	707	232
C21orf62	0	4	0	1	2	0	0	3
OLIG2	1	0	1	0	0	0	0	0
OLIG1	3	1	1	0	0	0	4	1
IFNAR2	146	245	29	164	10	7	353	131
IL10RB	9	49	3	42	2	1	17	41
IFNAR1	375	113	124	98	6	6	560	83
IFNGR2	32	306	9	234	28	8	79	214
TMEM50B	141	168	38	126	26	8	417	110
DNAJC28	1	10	0	12	2	3	1	11
GART	522	198	90	140	23	12	943	179
SON	3859	1060	931	992	110	64	6365	952
DONSON	330	72	65	65	9	6	498	87
CRYZL1	362	160	121	113	12	3	711	136
ITSN1	904	803	188	640	67	39	1319	713
ATP5PO	6859	1761	1476	1531	155	90	10486	1523
MRPS6	5118	1048	1266	1040	75	53	8325	993
SLC5A3	828	264	185	257	27	17	1335	229
KCNE2	2	1	0	1	0	0	4	0
SMIM11A	1	0	0	1	0	0	1	1
FAM243A	0	0	0	0	0	0	0	0
SMIM34A	0	0	0	0	0	0	0	0
KCNE1	2	0	2	1	0	0	2	2
RCAN1	243	115	78	128	6	4	508	74
CLIC6	18	7	26	16	3	0	14	2
RUNX1	48	41	71	65	3	0	60	34
SETD4	247	93	53	75	7	1	397	56
CBR1	342	103	137	167	19	2	655	61
CBR3	31	10	20	7	0	0	17	1
DOP1B	137	69	80	51	4	5	169	71
MORC3	356	233	103	184	18	6	617	208
CHAF1B	143	49	46	16	6	1	206	44
CLDN14	3	0	0	0	0	0	19	0
SIM2	0	1	1	0	0	0	2	6
HLCS	206	390	34	294	41	12	392	364
RIPPLY3	670	97	7	36	11	2	693	87
PIGP	932	237	186	146	14	10	1019	113
TTC3	5462	2184	585	1779	201	77	9400	1566
VPS26C	336	142	130	114	7	10	517	95
DYRK1A	345	594	78	515	67	40	571	527
KCNJ6	4	5	0	4	0	0	6	11
KCNJ15	1	3	7	0	1	0	4	2
ERG	0	4	1	6	0	0	15	0
ETS2	840	181	140	153	16	10	952	231
PSMG1	1474	274	345	228	26	16	2202	204
BRWD1	854	622	185	527	60	28	1536	464
HMGN1	11995	2972	2851	2436	286	170	26527	2498
GET1	647	204	152	157	22	10	1255	139
LCA5L	21	14	9	8	1	2	35	7
SH3BGR	1	23	4	22	3	1	5	16
B3GALT5	10	18	3	8	0	1	10	4
IGSF5	0	3	1	0	1	0	4	3
PCP4	20	7	9	6	0	1	43	6
DSCAM	58	451	0	297	59	19	76	1677
BACE2	68	45	86	40	2	2	181	37
FAM3B	144	40	5	40	6	0	384	34
MX2	23	9	27	25	0	1	121	5
MX1	20	7	107	5	0	1	24	1
TMPRSS2	126	78	34	87	3	3	212	68
RIPK4	108	104	28	46	10	4	230	60
PRDM15	58	49	14	33	9	2	86	38
C2CD2	97	60	30	39	3	1	175	63
ZBTB21	131	48	28	42	9	2	167	31
UMODL1	13	6	0	4	0	0	3	10
ABCG1	16	10	10	2	2	0	20	16
TFF3	1040	47	0	59	14	8	332	54
TFF2	56	0	0	6	0	0	55	0
TFF1	336	47	1	53	0	0	321	16
TMPRSS3	17	1	60	0	0	0	19	0
UBASH3A	0	0	0	0	0	0	0	0
RSPH1	23	8	7	5	0	0	26	7
SLC37A1	132	64	136	44	3	2	220	34
PDE9A	374	372	38	177	29	17	596	284
WDR4	222	96	67	43	6	5	259	74
NDUFV3	1655	412	417	404	53	19	2987	318
PKNOX1	320	172	83	198	16	11	552	159
CBS	7	15	0	4	0	0	11	8
U2AF1	7	32	5	7	0	2	99	10
CRYAA	0	0	0	0	0	0	0	0
SIK1	2	1	0	0	0	0	10	1
HSF2BP	10	29	3	18	2	1	29	13
H2BFS	0	0	0	0	0	0	0	0
RRP1B	1039	356	198	279	34	11	1890	238
PDXK	844	325	439	271	34	15	1630	268
CSTB	5929	1223	4778	1942	203	56	13118	1362
RRP1	644	131	167	113	15	9	1132	91
AGPAT3	400	302	88	249	26	11	618	237
TRAPPC10	255	286	105	249	23	19	483	241
PWP2	29	5	7	6	0	1	55	6
GATD3A	46	57	9	13	2	0	82	55
ICOSLG	1	3	0	2	0	0	0	3
DNMT3L	1	0	0	0	0	0	2	0
AIRE	0	0	2	0	0	0	5	0
PFKL	1126	272	301	191	17	13	1837	229
CFAP410	480	83	131	72	13	2	632	100
TRPM2	9	5	2	2	0	0	13	13
LRRC3	125	21	8	23	0	1	138	23
TSPEAR	8	15	4	69	4	0	5	79
KRTAP10-1	0	0	0	0	0	0	0	0
KRTAP10-2	0	0	0	0	0	0	0	0
KRTAP10-3	0	0	0	0	0	0	0	0
KRTAP10-4	0	0	0	9	0	0	0	6
KRTAP10-5	0	0	0	0	0	0	0	0
KRTAP10-6	0	0	0	0	0	0	0	0
KRTAP10-7	0	0	0	1	0	0	0	0
KRTAP10-8	0	0	0	0	0	0	0	0
KRTAP10-9	0	0	0	0	0	0	0	0
KRTAP10-10	0	0	0	0	0	0	0	0
KRTAP10-11	0	0	0	0	0	0	0	0
KRTAP12-4	0	0	0	0	0	0	0	0
KRTAP12-3	0	0	0	0	0	0	0	0
KRTAP12-2	0	0	0	0	0	0	0	0
KRTAP12-1	1	0	1	0	0	0	0	0
KRTAP10-12	0	0	0	0	0	0	0	0
UBE2G2	905	414	185	263	25	15	1511	271
SUMO3	1710	298	333	280	41	15	3266	277
PTTG1IP	2034	633	661	538	63	21	3885	536
ITGB2	8	5	0	1	0	0	17	1
FAM207A	868	229	197	213	25	12	1270	177
ADARB1	104	161	36	114	11	4	168	113
POFUT2	347	127	54	91	5	6	565	83
COL18A1	5325	1747	374	1374	179	76	10136	1451
SLC19A1	183	44	22	53	5	2	270	45
PCBP3	4	28	7	33	6	1	25	30
COL6A1	740	171	197	142	8	11	1108	143
COL6A2	542	70	174	112	13	2	820	80
FTCD	375	312	13	184	29	4	842	126
SPATC1L	0	8	0	147	15	0	5	84
LSS	25	190	0	248	18	4	33	114
MCM3AP	336	162	86	103	16	18	605	116
YBEY	676	141	121	86	6	6	689	116
C21orf58	330	81	64	36	8	6	494	59
PCNT	272	101	61	75	4	3	481	93
AP000471.1	0	0	0	0	0	0	0	0
DIP2A	296	226	68	151	19	7	546	164
S100B	5	8	6	5	0	0	16	6
PRMT2	1040	349	313	299	28	23	2006	289
MT-ND1	33098	12083	12413	10130	1192	628	75048	7456
MT-ND2	25048	7970	5776	7723	900	505	63522	7387
MT-CO1	110866	60269	50252	46965	5586	3404	259127	38980
MT-CO2	219215	59043	62977	59951	6114	3151	359392	46235
MT-ATP8	547	1304	131	1381	136	73	811	1082
MT-ATP6	91803	30511	28750	35026	4007	2391	166465	27463
MT-CO3	184086	56640	52293	48528	4261	3070	242948	32822
MT-ND3	46726	9105	13194	10905	964	629	85257	7243
MT-ND4L	3320	672	711	623	68	37	4148	501
MT-ND4	93468	27012	25515	25347	2300	1439	176227	20981
MT-ND5	22132	6275	4050	4635	661	302	32560	4759
MT-ND6	2242	1077	411	666	78	65	4769	695
MT-CYB	87275	26878	33004	31650	2749	1808	158256	21638
AC133551.1	0	0	0	0	0	0	0	0
AC136612.1	0	0	0	0	0	0	0	0
AC136616.1	0	0	0	0	0	0	0	0
AC136616.3	0	0	0	0	0	0	0	0
AC136616.2	0	0	0	0	0	0	0	0
AC141272.1	0	0	0	0	0	0	0	0
AC136352.3	0	0	0	0	0	0	0	0
AC136352.2	0	0	0	0	0	0	0	0
AC171558.3	0	0	0	0	0	0	0	0
AC171558.1	0	0	0	0	0	0	0	0
BX004987.1	0	0	0	0	0	0	0	0
AC145212.1	0	0	0	0	0	0	0	0
MAFIP	0	0	0	0	0	0	0	0
AC011841.1	0	0	0	0	0	0	0	0
AC011043.1	193	50	41	19	6	1	221	32
AC011043.2	0	0	0	1	0	0	0	0
AL592183.1	0	1	0	36	0	0	0	24
AC007325.1	0	0	0	0	0	0	0	0
AC007325.4	28	11	40	11	0	1	137	3
AC007325.2	15	2	13	8	0	0	0	3
BX072566.1	0	1	0	0	0	0	0	0
AL354822.1	0	0	0	0	0	0	0	0
AC023491.2	0	0	0	0	0	0	0	0
AC004556.3	701	0	1	0	0	0	13	0
AC233755.2	0	0	0	0	0	0	0	0
AC233755.1	0	0	0	0	0	0	0	0
AC240274.1	191	31	12	15	4	2	223	14
AC213203.2	0	0	0	0	0	0	0	0
AC213203.1	0	0	0	0	0	0	0	0
