mesoderm_NA18511	mesoderm_NA18856	mesoderm_NA18858	mesoderm_NA18912	mesoderm_NA19140	mesoderm_NA19159	mesoderm_NA19160	mesoderm_NA19210
OR4F5	0	0	0	0	0	0	0	0
OR4F29	0	0	0	0	0	0	0	0
OR4F16	0	0	0	0	0	0	0	0
SAMD11	118	23	7	67	8	9	272	4
NOC2L	1053	80	108	441	83	47	2204	15
KLHL17	61	5	6	23	2	2	163	4
PLEKHN1	13	2	1	4	0	0	15	0
PERM1	0	0	1	0	0	0	0	0
HES4	493	121	68	201	46	54	1333	11
ISG15	1230	111	101	954	100	73	2630	15
AGRN	271	12	22	75	10	4	523	0
RNF223	0	0	0	0	0	0	1	0
C1orf159	96	50	8	237	40	40	203	11
TTLL10	4	0	0	0	0	0	6	1
TNFRSF18	4	0	0	8	0	1	32	0
TNFRSF4	2	0	0	1	0	0	15	0
SDF4	1267	114	88	546	87	70	2287	28
B3GALT6	621	63	39	198	42	29	1237	8
C1QTNF12	44	3	4	24	0	0	102	0
UBE2J2	1221	118	77	550	123	73	2408	18
SCNN1D	7	0	0	5	1	2	26	0
ACAP3	207	26	11	71	15	9	435	5
PUSL1	446	36	43	179	33	28	835	14
INTS11	962	89	66	334	70	46	1787	20
CPTP	220	14	17	74	11	10	433	5
TAS1R3	0	0	0	1	0	0	2	0
DVL1	291	23	17	80	11	10	505	4
MXRA8	1347	56	54	454	41	42	3206	17
AURKAIP1	5332	614	561	2260	388	266	9091	78
CCNL2	828	68	75	366	53	64	1630	18
MRPL20	4730	380	347	1906	356	256	8331	66
ANKRD65	35	2	3	9	1	0	66	2
TMEM88B	0	0	0	1	0	0	2	0
VWA1	249	12	34	67	12	11	438	0
ATAD3C	4	0	0	8	0	0	23	1
ATAD3B	434	18	31	165	19	20	662	5
ATAD3A	580	46	50	204	28	27	1146	8
TMEM240	107	22	3	56	9	9	260	2
SSU72	4261	352	288	1732	270	210	7666	65
FNDC10	126	13	18	40	6	3	298	1
MIB2	372	36	47	176	21	19	1036	5
MMP23B	1018	46	45	222	26	25	1730	14
CDK11B	460	77	31	354	63	47	1164	15
SLC35E2B	182	37	14	146	21	16	401	4
CDK11A	402	47	23	258	29	42	884	9
SLC35E2A	72	16	10	107	19	13	173	4
NADK	160	30	17	139	36	16	323	9
GNB1	3008	548	194	2754	542	295	5517	111
CALML6	1	0	0	0	0	0	4	0
TMEM52	50	6	8	32	4	5	106	1
CFAP74	3	2	0	6	3	1	11	0
GABRD	1	1	3	1	0	1	4	0
PRKCZ	174	28	25	91	19	10	440	5
FAAP20	2135	258	176	859	181	114	4278	49
SKI	280	51	15	256	50	34	482	13
MORN1	74	31	6	153	16	22	143	8
RER1	2250	196	152	956	116	127	3852	50
PEX10	407	61	20	249	28	28	828	8
PLCH2	0	0	0	2	0	0	0	0
PANK4	7	11	1	30	9	7	18	4
HES5	0	31	0	178	16	32	0	1
TNFRSF14	0	1	0	11	0	0	0	0
PRXL2B	4	12	2	84	10	7	23	0
MMEL1	0	0	0	2	0	0	0	0
TTC34	0	2	0	3	2	0	0	0
ACTRT2	0	0	0	0	0	0	6	0
PRDM16	26	13	1	54	20	8	40	1
ARHGEF16	61	4	14	29	3	3	134	0
MEGF6	104	17	10	81	22	16	215	4
TPRG1L	334	21	29	99	14	14	559	3
WRAP73	329	39	31	129	25	15	700	2
TP73	3	3	1	2	0	0	5	0
CCDC27	0	0	0	4	0	0	2	1
SMIM1	178	7	7	47	10	2	322	0
LRRC47	581	75	74	296	50	33	1098	10
CEP104	233	47	22	219	30	20	507	8
DFFB	78	12	9	57	6	8	120	2
C1orf174	758	84	60	325	58	37	1641	15
AJAP1	8	4	4	65	1	1	26	2
NPHP4	63	33	9	138	21	11	157	7
KCNAB2	33	7	3	30	5	2	85	3
CHD5	2	0	0	2	0	0	3	0
RPL22	4753	3249	388	13069	2197	1681	10339	507
RNF207	74	2	6	19	3	3	115	0
ICMT	611	71	52	255	54	32	1191	17
HES3	0	0	0	0	0	0	2	2
GPR153	51	16	6	18	4	4	100	1
ACOT7	465	97	94	286	65	48	1165	11
HES2	2	1	2	4	1	0	6	0
ESPN	12	3	9	20	2	2	42	1
TNFRSF25	43	7	7	25	4	6	147	1
PLEKHG5	110	32	6	121	15	8	260	1
NOL9	452	86	20	358	53	40	779	8
TAS1R1	1	0	0	0	0	1	1	0
ZBTB48	147	22	8	116	29	12	330	8
KLHL21	68	15	8	87	9	9	189	4
PHF13	219	34	15	155	22	19	479	7
THAP3	342	39	16	147	19	8	702	10
DNAJC11	372	95	41	435	75	59	683	22
CAMTA1	2702	590	216	2442	413	256	5445	94
VAMP3	725	69	32	335	61	54	1327	14
PER3	16	13	4	50	8	7	81	4
UTS2	19	5	0	19	0	0	32	0
TNFRSF9	4	0	1	9	0	0	2	0
PARK7	11696	1338	604	5679	987	744	20764	185
ERRFI1	707	73	26	326	71	91	694	9
SLC45A1	6	1	0	13	2	0	6	0
RERE	1339	1290	74	5483	1065	813	2695	201
ENO1	17811	1702	1254	8351	1509	1124	22532	351
CA6	0	0	0	1	0	0	0	0
SLC2A7	0	1	0	0	0	0	0	0
SLC2A5	1	1	1	2	0	0	4	0
GPR157	38	4	2	12	4	2	28	0
H6PD	165	33	9	116	31	14	338	4
SPSB1	192	37	10	225	44	27	343	7
SLC25A33	410	121	40	429	67	39	810	14
TMEM201	86	11	9	41	9	6	211	1
PIK3CD	8	6	5	15	4	0	14	0
CLSTN1	566	157	33	542	83	73	1381	26
CTNNBIP1	1062	129	67	540	107	88	1873	24
LZIC	773	134	44	530	117	75	1551	17
NMNAT1	119	16	2	94	23	15	247	7
RBP7	30	2	6	3	0	0	22	0
UBE4B	409	159	19	853	155	107	827	45
KIF1B	768	300	58	1379	218	180	1502	42
PGD	1888	202	138	985	173	114	3808	41
CENPS	324	75	27	341	78	53	760	17
CORT	2	6	1	32	9	2	6	3
DFFA	948	117	152	517	83	55	2175	19
PEX14	227	100	15	548	88	54	424	22
CASZ1	15	12	7	29	1	2	38	2
C1orf127	0	0	0	0	0	0	0	0
TARDBP	703	171	75	739	151	98	1546	31
MASP2	0	0	0	10	1	1	0	1
SRM	3748	317	393	1284	245	183	6432	44
EXOSC10	623	75	42	367	74	58	1244	21
MTOR	514	112	29	487	98	62	864	17
ANGPTL7	0	0	0	3	0	2	0	0
UBIAD1	195	19	22	144	22	16	401	4
DISP3	13	7	0	58	3	3	61	0
FBXO2	789	23	128	270	23	62	1479	12
FBXO44	115	1	10	38	12	0	252	5
FBXO6	49	5	5	25	4	0	89	1
MAD2L2	986	166	252	478	94	60	2483	22
DRAXIN	63	19	23	53	3	6	129	3
AGTRAP	757	122	105	543	74	52	1667	13
C1orf167	9	3	1	10	1	0	49	0
MTHFR	190	17	9	106	17	15	363	8
CLCN6	157	41	12	201	26	24	273	2
NPPA	17	10	1	93	2	9	90	1
NPPB	584	3	9	75	2	9	244	0
KIAA2013	538	43	47	187	52	34	1039	11
PLOD1	919	73	65	264	47	43	1735	14
MFN2	226	37	20	183	27	19	469	7
MIIP	598	69	69	316	60	36	1211	10
TNFRSF8	3	1	1	6	1	1	3	0
TNFRSF1B	17	3	1	30	0	3	28	3
VPS13D	127	85	14	612	94	71	283	12
DHRS3	29	17	34	18	4	3	103	0
AADACL4	0	0	0	0	0	0	0	0
AADACL3	0	0	0	0	0	0	0	0
C1orf158	0	0	0	1	0	0	0	0
PRAMEF12	0	0	0	0	0	0	0	0
PRAMEF1	0	0	0	0	0	0	0	0
PRAMEF11	0	0	0	0	0	0	0	0
HNRNPCL1	3	0	0	0	0	0	3	0
PRAMEF2	0	0	0	0	0	0	0	0
PRAMEF4	0	0	0	0	0	0	0	0
PRAMEF10	0	0	0	0	0	0	0	0
PRAMEF7	0	0	0	0	0	0	0	0
PRAMEF6	0	0	0	0	0	0	0	0
PRAMEF27	0	0	0	0	0	0	0	0
HNRNPCL3	0	0	0	0	0	0	0	0
PRAMEF25	0	0	0	0	0	0	0	0
HNRNPCL2	0	0	0	0	0	0	0	0
PRAMEF26	0	0	0	0	0	0	0	0
HNRNPCL4	0	0	0	0	0	0	0	0
PRAMEF9	0	0	0	0	0	0	0	0
PRAMEF13	0	0	0	0	0	0	0	0
PRAMEF18	0	0	0	0	0	0	0	0
PRAMEF5	0	0	0	0	0	0	0	0
PRAMEF8	0	0	0	0	0	0	0	0
PRAMEF33	0	0	0	0	0	0	0	0
PRAMEF15	0	0	0	0	0	0	0	0
PRAMEF14	0	0	0	0	0	0	0	0
PRAMEF19	0	0	0	0	0	0	0	0
PRAMEF17	0	0	0	0	0	0	0	0
PRAMEF20	0	0	0	0	0	0	0	0
LRRC38	7	0	0	3	0	0	10	0
PDPN	2340	24	94	284	98	169	3229	4
PRDM2	538	161	22	723	100	94	1058	28
KAZN	315	825	28	4155	832	255	720	153
TMEM51	384	87	20	671	91	48	699	24
FHAD1	48	9	0	50	13	11	85	3
EFHD2	489	58	29	224	51	30	1016	12
CTRC	0	0	0	0	0	0	0	0
CELA2A	3	1	0	2	0	0	11	0
CELA2B	1	2	0	5	1	0	0	0
CASP9	169	17	15	104	17	4	389	6
DNAJC16	244	62	19	301	39	37	584	11
AGMAT	53	7	2	31	5	7	122	0
DDI2	206	52	25	183	38	29	476	6
RSC1A1	0	0	0	0	0	0	0	0
PLEKHM2	536	62	27	467	53	35	1168	10
SLC25A34	3	2	0	6	0	1	11	1
TMEM82	0	0	0	3	0	0	2	0
FBLIM1	351	71	50	337	68	38	807	12
UQCRHL	144	19	18	98	16	9	334	4
SPEN	823	124	56	546	121	78	1553	21
ZBTB17	231	40	11	131	33	13	453	10
SRARP	40	7	0	28	2	0	114	1
HSPB7	69	1	12	12	0	1	125	0
CLCNKA	5	0	2	5	0	0	12	0
CLCNKB	7	0	3	2	0	0	37	0
FAM131C	2	2	1	8	1	1	12	0
EPHA2	175	15	16	148	10	10	301	5
ARHGEF19	88	14	15	43	11	6	175	2
CPLANE2	36	2	1	11	3	2	93	1
FBXO42	248	76	11	428	72	60	524	18
SZRD1	878	112	84	474	84	76	1629	18
SPATA21	2	7	0	28	4	2	1	0
NECAP2	769	70	35	334	49	48	1462	12
NBPF1	220	38	9	144	44	10	340	8
CROCC	167	74	11	203	33	51	441	7
MFAP2	39	266	4	529	165	88	119	34
ATP13A2	220	36	29	102	15	10	442	6
SDHB	960	138	127	555	89	62	1820	20
PADI2	0	1	0	1	0	0	3	0
PADI1	1	0	0	3	1	0	2	0
PADI3	3	2	0	4	0	0	0	0
PADI4	0	1	0	0	0	1	0	0
PADI6	0	0	0	0	0	0	0	0
RCC2	1030	248	152	817	148	103	2080	26
ARHGEF10L	82	30	18	303	28	16	188	7
ACTL8	0	0	1	0	0	0	7	0
IGSF21	12	3	1	16	1	1	36	0
KLHDC7A	1	0	2	2	0	0	2	0
PAX7	11	11	0	37	1	5	33	0
TAS1R2	0	0	0	0	0	0	0	0
ALDH4A1	93	12	17	61	8	6	169	2
IFFO2	25	4	3	39	4	4	24	1
UBR4	808	138	74	760	102	57	1452	23
EMC1	374	44	31	193	22	28	805	5
MRTO4	1233	185	94	673	121	106	2603	32
AKR7A3	2	0	0	6	0	0	16	0
AKR7A2	1533	200	86	640	149	87	3000	15
SLC66A1	235	21	15	89	14	11	380	1
CAPZB	3491	451	261	2461	394	334	6807	77
MICOS10	2165	371	164	1668	383	217	4243	66
NBL1	140	12	8	39	5	5	262	0
HTR6	1	1	0	1	1	0	3	1
TMCO4	58	3	3	60	2	5	73	3
RNF186	0	0	0	0	0	0	0	0
OTUD3	178	36	14	191	32	17	333	4
PLA2G2E	0	0	0	0	0	0	0	0
PLA2G2A	134	29	46	21	3	2	91	0
PLA2G5	13	0	0	2	0	0	2	0
PLA2G2D	0	0	0	0	0	0	0	0
PLA2G2F	0	0	0	0	0	0	0	0
PLA2G2C	0	0	0	1	0	0	3	0
UBXN10	19	2	0	22	2	1	53	0
VWA5B1	3	0	0	10	1	0	6	2
CAMK2N1	186	37	18	100	14	9	546	3
MUL1	221	30	14	101	25	13	478	2
FAM43B	30	1	9	14	0	0	48	0
CDA	35	20	65	75	4	2	161	1
PINK1	404	28	56	212	31	19	743	9
DDOST	4610	290	255	1411	219	193	8195	50
KIF17	14	6	3	18	4	4	47	3
SH2D5	5	1	0	2	0	0	22	0
HP1BP3	2047	395	69	1699	334	197	4247	75
EIF4G3	1039	674	47	3595	627	427	2282	153
ECE1	889	135	26	659	84	83	1308	18
NBPF3	43	16	0	74	16	9	149	0
ALPL	85	19	35	148	5	14	196	1
RAP1GAP	78	2	4	36	4	4	228	2
USP48	850	164	73	869	164	114	1848	28
LDLRAD2	5	2	2	5	1	1	11	0
HSPG2	289	33	16	192	35	27	484	7
CELA3B	0	1	0	1	0	0	0	0
CELA3A	0	0	0	1	0	0	0	0
CDC42	5534	786	313	3782	555	463	11263	134
WNT4	120	46	5	250	23	4	388	16
ZBTB40	162	43	8	187	34	24	274	12
EPHA8	1	0	2	3	0	0	17	0
C1QA	0	0	0	0	0	0	0	0
C1QC	0	0	0	0	0	0	0	0
C1QB	0	0	0	0	0	0	0	0
EPHB2	398	107	15	417	96	36	692	17
LACTBL1	0	0	0	1	0	0	0	0
TEX46	6	0	0	5	0	0	1	0
KDM1A	1961	526	125	1611	324	266	4355	60
LUZP1	1240	226	48	1394	258	161	2347	46
HTR1D	1	1	4	0	0	0	2	0
HNRNPR	5972	1024	261	4300	898	595	12355	180
ZNF436	30	7	2	19	2	4	60	1
TCEA3	45	8	2	31	5	4	134	2
ASAP3	70	21	9	109	31	17	270	6
E2F2	20	5	1	17	3	5	33	0
ID3	3427	767	439	3327	310	181	10317	95
RPL11	70232	7367	5832	32482	5036	4049	141499	1139
ELOA	565	61	40	349	59	46	1022	13
PITHD1	1044	144	84	568	105	49	2202	23
LYPLA2	497	81	50	374	63	40	925	12
GALE	827	78	59	259	33	30	1452	12
HMGCL	340	49	24	197	26	33	815	4
FUCA1	133	12	19	84	10	8	335	2
CNR2	0	0	0	0	0	0	0	0
PNRC2	1138	250	82	939	160	121	2088	37
SRSF10	3333	551	163	2045	398	311	6479	95
MYOM3	3	1	0	3	0	0	2	0
IL22RA1	0	0	0	1	0	0	0	0
IFNLR1	8	11	5	40	3	0	24	1
GRHL3	4	2	1	23	0	0	4	1
STPG1	111	22	8	86	16	10	237	1
NIPAL3	144	20	12	87	10	9	284	5
RCAN3	225	46	15	164	38	23	474	6
NCMAP	8	1	0	3	0	0	14	0
SRRM1	4092	698	253	2573	496	294	8762	128
CLIC4	770	294	61	1399	252	190	1370	58
RUNX3	3	2	4	10	0	0	21	0
SYF2	1700	166	119	838	125	95	3481	20
RSRP1	1221	87	48	523	83	77	2123	20
RHD	0	7	1	36	4	5	2	1
TMEM50A	2713	326	137	1369	206	170	4558	42
RHCE	9	4	1	10	3	3	20	1
MACO1	605	112	19	637	113	90	998	22
LDLRAP1	149	14	22	65	10	6	215	5
MAN1C1	42	10	11	41	11	6	72	3
SELENON	386	53	37	261	66	44	808	10
MTFR1L	591	59	31	220	37	40	1167	11
AUNIP	120	43	15	125	18	13	275	3
PAQR7	73	5	3	20	9	1	155	1
STMN1	14449	2556	955	7619	1749	1218	35545	409
PAFAH2	86	10	8	52	7	3	161	1
EXTL1	8	0	0	4	1	2	9	0
SLC30A2	2	0	0	0	0	0	3	0
TRIM63	5	1	2	7	1	1	14	1
PDIK1L	42	24	5	56	10	11	131	1
FAM110D	64	11	2	39	9	6	146	0
C1orf232	5	0	0	3	0	0	11	1
AL391650.1	9	2	0	6	0	0	15	0
ZNF593	1396	136	113	652	99	73	2923	33
CNKSR1	108	9	10	86	12	13	258	4
CATSPER4	2	3	0	3	0	0	2	0
CEP85	122	39	7	153	27	25	254	15
SH3BGRL3	7207	767	459	2850	664	537	16329	126
UBXN11	164	28	14	87	23	15	387	2
CD52	37	1	6	13	2	4	112	0
CRYBG2	17	7	8	16	4	3	60	2
ZNF683	0	0	0	2	0	0	1	0
LIN28A	1108	211	225	1056	167	139	1763	24
DHDDS	338	45	25	280	53	43	593	14
HMGN2	1933	1953	66	5301	1288	1002	3769	308
RPS6KA1	220	13	33	108	24	13	444	4
ARID1A	2089	398	89	1957	363	205	3991	63
PIGV	76	14	10	45	9	7	181	4
ZDHHC18	187	23	13	145	26	21	416	1
SFN	18	6	16	24	2	5	56	0
GPN2	410	38	29	205	49	13	695	3
GPATCH3	174	16	13	88	12	15	335	2
NUDC	4012	573	315	2298	412	290	8407	65
NR0B2	0	0	0	0	0	0	0	0
KDF1	12	2	14	9	1	1	37	1
TRNP1	126	8	24	56	10	9	295	1
TENT5B	115	8	72	58	4	6	187	1
SLC9A1	129	16	12	134	25	14	247	2
WDTC1	147	26	18	152	26	19	331	1
TMEM222	335	53	17	209	40	26	738	9
SYTL1	84	17	12	61	5	10	248	3
MAP3K6	38	6	1	25	2	5	114	2
FCN3	0	0	0	1	0	0	1	0
CD164L2	4	0	1	1	0	0	10	0
GPR3	9	2	6	8	0	1	25	1
WASF2	1367	228	96	1037	166	139	2833	38
AHDC1	511	62	27	388	52	34	1023	12
FGR	0	0	0	0	0	0	4	0
IFI6	187	11	15	97	7	14	564	2
FAM76A	211	42	20	164	26	14	464	3
STX12	440	66	17	276	59	41	772	12
PPP1R8	488	86	33	337	57	43	939	11
THEMIS2	15	4	1	15	1	2	47	0
RPA2	872	117	74	431	91	54	1947	15
SMPDL3B	14	4	21	8	3	0	52	0
XKR8	325	17	28	132	21	17	586	6
EYA3	309	131	27	547	99	60	721	9
PTAFR	0	2	0	6	1	1	8	0
DNAJC8	3894	534	258	2152	392	280	8030	76
ATP5IF1	6159	685	596	2922	463	348	13079	93
SESN2	245	23	44	175	22	15	363	5
MED18	112	18	11	46	12	12	230	7
PHACTR4	697	329	50	1410	289	172	1579	58
RCC1	490	112	38	327	53	41	1062	14
TRNAU1AP	840	111	61	564	80	75	2006	26
TAF12	1055	128	56	544	100	81	1952	24
RAB42	100	2	8	28	4	6	169	1
GMEB1	389	70	34	318	51	32	906	12
YTHDF2	2181	290	145	1192	219	155	4167	72
OPRD1	9	2	2	9	2	4	14	1
EPB41	648	321	36	1106	259	176	1270	40
TMEM200B	319	15	10	103	14	15	482	4
SRSF4	2684	510	187	2537	426	313	5474	90
MECR	347	60	17	261	39	35	714	11
PTPRU	44	7	6	78	10	3	164	3
MATN1	10	0	1	6	2	2	15	1
LAPTM5	5	0	0	3	0	0	10	0
SDC3	242	19	12	67	13	6	308	4
PUM1	1725	539	102	2579	409	277	3215	93
NKAIN1	107	38	12	126	41	21	311	7
SNRNP40	1749	292	107	1022	198	144	3540	54
ZCCHC17	1159	239	110	883	148	90	2502	35
FABP3	103	2	44	27	4	5	141	1
SERINC2	119	22	18	89	7	8	436	2
TINAGL1	7	0	6	1	0	0	32	0
HCRTR1	0	0	0	5	1	0	0	1
PEF1	836	84	69	337	58	42	1789	22
COL16A1	84	0	4	18	0	3	156	2
ADGRB2	39	6	3	29	3	2	135	1
SPOCD1	10	0	2	14	0	2	14	0
PTP4A2	2678	326	178	1536	268	192	5443	63
KHDRBS1	5611	944	374	3794	760	484	11951	159
TMEM39B	367	38	19	204	43	23	665	9
KPNA6	873	127	82	515	90	64	1533	20
TXLNA	492	67	20	335	52	36	956	13
CCDC28B	844	74	88	438	87	56	1896	13
IQCC	59	3	3	16	5	5	114	1
DCDC2B	1	2	0	14	4	1	0	1
TMEM234	222	20	19	77	11	12	432	2
EIF3I	3988	458	283	1865	286	232	8131	80
FAM167B	3	0	0	2	0	0	9	0
LCK	2	2	14	4	0	0	7	1
HDAC1	1305	171	172	717	115	85	2569	26
MARCKSL1	12730	1615	823	6668	1220	795	27839	286
TSSK3	7	3	0	18	2	1	10	0
FAM229A	97	6	4	37	9	4	176	2
BSDC1	503	44	36	297	52	42	954	15
ZBTB8B	65	14	3	53	8	6	118	1
ZBTB8A	283	95	19	403	74	50	625	13
ZBTB8OS	1224	193	84	809	135	120	2426	21
RBBP4	2159	433	121	1868	363	258	4882	74
SYNC	365	68	8	204	33	26	848	6
KIAA1522	371	45	26	258	49	29	740	8
YARS	1300	242	128	1141	187	96	2305	32
S100PBP	438	99	31	526	73	55	738	12
FNDC5	219	13	6	95	9	9	355	1
HPCA	6	1	1	8	1	0	20	0
TMEM54	260	53	49	260	40	19	504	2
RNF19B	84	7	11	79	15	9	171	2
AK2	1032	93	119	521	84	81	2313	24
AZIN2	32	8	2	56	13	10	108	2
TRIM62	28	4	3	41	5	7	47	2
ZNF362	297	82	9	354	50	33	538	6
A3GALT2	0	0	0	1	0	1	0	0
PHC2	739	102	32	473	85	54	1798	13
ZSCAN20	30	8	4	33	8	6	53	1
CSMD2	7	17	3	389	22	8	36	2
HMGB4	0	0	0	0	0	0	1	0
C1orf94	2	1	0	18	0	0	12	0
SMIM12	962	95	99	434	69	48	1784	15
GJB5	0	0	0	0	0	0	0	0
GJB4	0	0	0	0	0	0	0	0
GJB3	1	0	1	1	0	0	1	0
GJA4	2	0	0	4	1	0	24	0
DLGAP3	12	4	6	6	1	0	26	0
TMEM35B	1	49	0	306	35	31	3	5
ZMYM6	75	22	4	151	20	13	133	4
ZMYM1	314	124	31	483	78	59	695	21
SFPQ	7312	863	492	3880	824	560	13400	154
ZMYM4	779	314	29	1534	280	178	1644	55
KIAA0319L	492	124	30	695	127	77	812	22
NCDN	137	9	19	44	8	4	225	4
TFAP2E	1	1	0	7	3	0	1	0
PSMB2	5341	620	491	2761	483	317	10172	73
C1orf216	101	9	3	41	8	5	194	2
CLSPN	1618	238	69	777	206	140	3088	59
AGO4	146	130	4	465	97	59	300	12
AGO1	321	50	43	215	42	28	627	10
AGO3	494	211	22	1004	177	133	942	39
TEKT2	22	8	4	11	1	4	59	2
ADPRHL2	576	63	46	255	44	43	1204	13
COL8A2	159	2	1	27	4	5	324	1
TRAPPC3	1138	115	104	479	90	66	2349	17
MAP7D1	1044	92	44	380	57	50	1836	14
THRAP3	3640	600	264	2723	487	355	7122	99
SH3D21	75	4	7	34	9	8	212	2
EVA1B	1831	132	92	469	75	118	3433	22
STK40	223	48	13	155	37	18	449	11
LSM10	1313	131	101	503	95	71	2299	16
OSCP1	161	23	3	67	5	13	282	1
MRPS15	3291	398	265	1511	273	231	6242	63
CSF3R	25	1	2	28	3	1	70	1
GRIK3	2	4	0	5	2	1	2	0
ZC3H12A	48	1	3	10	1	2	71	0
MEAF6	1252	149	87	649	135	61	2611	21
SNIP1	175	48	16	228	42	20	363	6
DNALI1	604	47	25	236	36	31	1497	8
GNL2	883	119	55	558	109	56	1869	19
RSPO1	435	14	5	132	32	27	783	0
C1orf109	355	37	45	181	36	22	710	6
CDCA8	576	134	46	326	91	61	1254	27
EPHA10	1	0	0	3	0	0	4	0
MANEAL	10	5	5	8	0	2	14	0
YRDC	557	59	61	229	19	26	990	9
C1orf122	3096	233	206	1142	188	140	5606	40
MTF1	118	18	10	138	20	11	257	9
INPP5B	83	45	4	213	35	17	205	6
SF3A3	1609	237	140	942	172	129	3291	44
FHL3	809	74	45	512	53	43	1874	10
UTP11	1024	134	104	637	108	78	2170	35
POU3F1	14	1	15	27	3	1	37	0
RRAGC	503	23	54	191	24	27	970	7
MYCBP	444	111	28	478	70	53	858	20
GJA9	0	2	0	7	1	1	0	0
RHBDL2	4	3	0	31	4	1	8	2
AKIRIN1	2065	277	290	1184	172	185	4353	46
NDUFS5	11099	1391	1084	5648	1177	531	27963	267
MACF1	1226	561	94	2271	395	298	2401	89
BMP8A	1	1	1	7	0	0	7	0
PABPC4	1967	228	144	849	138	118	3902	37
HEYL	10	6	2	56	7	2	34	0
NT5C1A	0	0	0	1	0	0	0	0
HPCAL4	1	0	1	2	0	0	4	0
PPIE	658	109	60	389	64	61	1531	18
BMP8B	0	0	0	1	1	0	1	0
OXCT2	1	0	1	0	0	0	0	0
TRIT1	343	91	26	463	65	53	653	20
MYCL	48	16	7	40	5	7	138	1
MFSD2A	21	3	3	24	2	3	73	0
CAP1	2904	309	264	1452	230	171	5696	59
PPT1	1148	143	91	496	83	61	2226	26
RLF	445	179	25	952	162	106	1070	34
TMCO2	0	0	0	0	0	0	0	0
ZMPSTE24	408	72	39	397	60	51	731	17
COL9A2	184	34	16	187	28	4	724	8
SMAP2	305	27	7	200	33	29	545	4
ZFP69B	64	13	13	53	11	11	151	2
ZFP69	32	5	3	35	8	5	64	3
EXO5	84	14	6	50	11	5	191	3
ZNF684	67	26	10	62	10	8	137	2
RIMS3	48	10	5	44	10	6	114	2
NFYC	662	94	45	445	84	78	1294	20
KCNQ4	1	0	0	3	2	0	6	1
CITED4	68	9	25	55	7	4	164	1
CTPS1	792	148	59	560	119	70	1789	18
SLFNL1	1	4	0	57	13	10	3	4
SCMH1	328	395	22	2088	360	251	655	83
FOXO6	3	0	0	2	0	0	17	0
EDN2	0	1	0	0	0	0	0	0
HIVEP3	9	11	0	57	11	3	18	2
AC119676.1	0	0	0	0	0	0	0	0
GUCA2B	0	0	0	0	0	0	0	0
GUCA2A	1	0	1	0	0	0	0	0
FOXJ3	222	279	17	1294	205	138	457	33
RIMKLA	16	5	14	7	2	0	50	1
ZMYND12	6	3	0	6	0	1	16	0
PPCS	905	86	67	446	70	51	1895	16
CCDC30	44	18	0	125	10	7	131	4
PPIH	1267	197	110	825	169	89	2775	44
YBX1	24542	3543	1834	15018	2914	1989	47213	594
CLDN19	29	3	3	22	0	4	111	1
P3H1	826	56	30	302	40	45	1544	10
C1orf50	32	62	2	255	40	23	75	5
TMEM269	7	7	0	9	1	0	10	1
SVBP	1451	170	95	998	126	99	3246	31
ERMAP	59	7	8	66	9	13	117	0
ZNF691	88	13	11	76	13	3	199	2
SLC2A1	4166	127	109	1092	160	293	6348	25
FAM183A	34	25	1	33	1	6	37	0
EBNA1BP2	1528	149	184	692	116	100	2810	33
CFAP57	7	4	2	23	1	0	15	0
TMEM125	21	0	20	5	1	0	31	0
C1orf210	7	1	11	1	0	0	21	0
TIE1	8	0	0	4	0	0	5	0
MPL	0	0	0	5	0	0	0	0
CDC20	1353	240	178	759	166	121	2803	35
ELOVL1	668	47	43	216	30	27	1154	9
MED8	918	63	66	317	62	41	1430	11
SZT2	164	43	8	181	27	15	299	6
HYI	683	48	31	365	74	49	1340	6
PTPRF	653	79	65	387	47	50	1299	14
KDM4A	322	71	36	325	56	38	636	6
ST3GAL3	124	174	6	534	137	87	255	26
ARTN	4	0	12	1	0	0	9	0
IPO13	177	8	16	72	10	9	331	3
DPH2	200	20	32	76	14	13	370	6
ATP6V0B	2985	305	394	1727	239	194	5800	51
B4GALT2	734	60	45	320	37	56	1531	14
CCDC24	58	9	4	50	6	5	98	1
SLC6A9	87	7	3	77	6	5	181	4
KLF17	0	0	0	0	0	0	0	0
KLF18	0	0	0	0	0	0	0	0
DMAP1	637	52	51	301	55	34	1163	8
ERI3	1254	174	88	915	154	112	2687	41
RNF220	434	97	56	640	71	34	838	16
TMEM53	146	21	25	103	18	11	376	4
ARMH1	6	9	0	129	26	13	20	0
KIF2C	524	149	41	378	89	61	1268	18
RPS8	71409	9352	5219	38062	6338	5343	146492	1478
BEST4	21	5	3	17	1	2	62	0
PLK3	69	5	10	22	4	4	114	1
TCTEX1D4	2	1	0	2	0	1	1	0
BTBD19	39	6	2	29	3	2	75	1
PTCH2	62	45	2	73	24	18	97	5
EIF2B3	587	128	40	607	131	71	1168	14
HECTD3	191	12	20	67	7	9	334	3
UROD	2054	158	88	817	140	86	3499	34
ZSWIM5	28	60	1	358	57	16	46	18
HPDL	249	34	29	85	31	22	330	2
MUTYH	105	41	10	186	40	21	241	4
TOE1	243	33	16	119	21	19	592	3
TESK2	53	40	6	271	31	22	97	7
CCDC163	28	3	1	7	3	3	24	0
MMACHC	47	6	2	33	8	3	80	2
PRDX1	18267	2210	2983	10342	1766	1161	31519	401
AKR1A1	1724	311	235	987	188	124	4229	48
NASP	8402	1992	581	6383	1393	986	18337	342
CCDC17	4	2	2	3	0	0	16	0
GPBP1L1	443	180	34	807	120	98	1098	31
TMEM69	400	51	38	240	30	29	811	8
IPP	204	40	11	170	38	30	406	7
MAST2	204	137	17	716	113	58	340	29
PIK3R3	213	220	8	667	137	133	485	55
TSPAN1	5	0	0	0	0	0	2	1
P3R3URF	0	0	0	0	0	0	0	0
POMGNT1	522	42	20	173	35	22	1041	9
LURAP1	46	13	6	36	8	5	80	0
RAD54L	146	38	14	111	20	22	298	7
LRRC41	1278	104	59	601	111	84	2156	21
UQCRH	13849	1527	1395	6927	1122	784	27384	226
NSUN4	169	30	8	163	27	13	360	4
FAAH	57	7	5	24	0	0	109	1
DMBX1	4	0	0	4	0	0	18	0
TMEM275	1	0	0	1	0	0	1	0
KNCN	0	0	0	0	0	0	0	0
MKNK1	221	26	10	140	30	14	435	4
MOB3C	32	1	1	10	0	0	54	1
ATPAF1	624	75	72	372	65	45	1211	20
TEX38	0	0	0	0	0	0	4	0
EFCAB14	421	80	36	352	42	34	776	6
CYP4B1	0	1	0	0	0	0	0	0
CYP4A11	0	0	0	0	0	0	1	0
CYP4X1	33	3	1	28	7	5	59	0
CYP4Z1	0	1	0	8	0	0	0	0
CYP4A22	0	1	0	0	0	0	0	0
PDZK1IP1	0	0	0	0	0	0	1	0
TAL1	5	1	0	9	0	0	26	0
STIL	183	98	18	424	79	44	352	10
CMPK1	902	125	65	534	72	61	1649	24
FOXE3	0	0	0	1	0	0	0	0
FOXD2	3	0	0	3	1	0	4	0
TRABD2B	118	120	3	533	46	43	186	41
SLC5A9	4	0	0	12	3	1	4	0
SPATA6	220	143	23	567	80	56	510	22
AGBL4	18	9	0	1256	12	23	8	3
BEND5	435	11	20	120	26	21	940	5
ELAVL4	36	15	2	42	9	15	65	1
DMRTA2	12	5	0	15	0	5	15	0
FAF1	547	438	38	2158	344	226	1242	58
CDKN2C	4	0	0	0	1	1	18	0
C1orf185	0	0	0	0	0	0	0	0
RNF11	517	51	26	317	43	37	978	13
TTC39A	8	1	6	27	7	0	42	2
EPS15	314	126	21	727	113	77	641	29
OSBPL9	1146	219	66	1286	218	165	2093	42
NRDC	1587	290	93	1380	214	174	3158	57
RAB3B	142	37	86	212	14	12	419	6
TXNDC12	86	242	11	839	148	123	144	37
KTI12	236	16	28	95	13	13	420	7
BTF3L4	1846	326	185	1195	222	153	4033	42
ZFYVE9	247	204	12	827	157	82	474	29
CC2D1B	145	14	8	80	13	6	215	2
ORC1	122	32	19	123	38	11	292	5
PRPF38A	1298	130	87	640	102	61	2335	29
TUT4	1446	364	70	1645	279	188	2730	78
GPX7	1118	108	47	385	56	54	2014	11
SHISAL2A	24	12	1	26	2	0	45	3
COA7	285	38	27	173	27	23	675	12
ZYG11B	466	104	24	537	81	67	887	14
ZYG11A	4	5	4	34	3	5	13	1
ECHDC2	105	15	13	126	29	11	372	2
SCP2	1331	142	114	750	140	76	2548	33
PODN	0	0	0	3	0	0	3	0
SLC1A7	1	0	0	0	0	0	2	0
CPT2	361	39	24	177	25	18	720	2
CZIB	1221	144	98	511	88	90	2642	28
MAGOH	2858	300	190	1414	270	164	5826	50
LRP8	85	41	13	147	27	18	178	3
DMRTB1	0	0	1	0	0	0	1	0
GLIS1	1	10	0	52	2	2	12	2
NDC1	181	103	24	296	68	30	401	18
YIPF1	355	34	30	179	28	18	663	10
DIO1	0	3	0	3	0	2	0	0
HSPB11	1720	203	105	904	134	149	3879	45
LRRC42	1044	69	53	436	96	49	2179	11
LDLRAD1	1	0	0	0	0	0	0	0
TMEM59	2742	280	182	1403	242	201	5448	50
TCEANC2	67	18	9	66	9	9	182	1
CDCP2	0	0	0	0	0	0	1	0
CYB5RL	53	17	5	21	5	7	133	2
MRPL37	1212	113	163	654	112	76	2357	20
SSBP3	1423	300	85	1576	271	180	2988	58
ACOT11	30	9	2	37	4	4	53	3
FAM151A	3	0	0	4	1	0	12	0
MROH7	0	1	1	8	1	1	6	0
TTC4	64	69	7	234	46	31	145	12
PARS2	74	6	14	46	11	7	156	1
TTC22	1	0	0	1	2	0	4	0
LEXM	0	0	0	2	0	0	0	0
DHCR24	904	131	81	560	115	81	1934	20
TMEM61	0	0	0	2	0	0	2	0
BSND	0	0	3	0	0	0	0	0
PCSK9	79	20	8	46	13	13	250	1
USP24	227	164	20	779	137	84	493	40
PLPP3	294	109	27	522	112	59	547	22
PRKAA2	66	51	14	160	25	21	213	3
FYB2	422	16	7	329	35	43	663	0
C8A	0	0	0	0	0	0	1	0
C8B	0	0	0	0	0	0	0	0
DAB1	131	195	9	1249	172	83	378	59
OMA1	212	25	13	91	20	9	398	2
TACSTD2	7	0	26	0	0	0	11	0
MYSM1	332	81	49	448	57	49	760	7
JUN	1018	85	128	773	61	43	2156	9
FGGY	106	129	9	493	84	41	267	15
HOOK1	113	22	35	84	15	10	344	1
CYP2J2	8	0	0	1	0	3	11	0
C1orf87	0	0	0	2	0	0	0	1
NFIA	281	54	15	370	74	23	427	27
TM2D1	665	113	52	420	88	42	1299	15
PATJ	155	98	19	571	87	75	295	13
L1TD1	925	201	711	1279	115	61	1822	29
KANK4	28	10	6	62	9	4	78	0
USP1	1088	171	70	733	135	89	2260	35
DOCK7	644	231	24	1104	234	127	1175	48
ANGPTL3	0	0	0	2	1	0	2	0
ATG4C	212	93	31	298	69	32	459	15
FOXD3	11	7	21	9	2	5	39	1
ALG6	183	42	21	120	34	19	287	4
ITGB3BP	1093	250	66	994	220	116	2834	40
EFCAB7	75	44	4	128	20	11	237	7
PGM1	1233	115	185	796	111	95	2889	26
ROR1	594	577	40	3281	612	398	1198	99
UBE2U	0	0	0	5	0	0	0	1
CACHD1	269	297	30	1833	285	167	632	67
RAVER2	168	68	8	272	66	41	327	12
JAK1	798	136	29	555	103	88	1262	13
AK4	275	44	45	299	53	65	906	13
DNAJC6	92	57	4	327	82	40	139	15
LEPROT	2444	204	93	918	124	164	4110	33
LEPR	306	117	4	492	59	103	575	8
PDE4B	14	14	3	114	21	7	33	5
SGIP1	33	19	1	34	11	11	54	3
TCTEX1D1	23	4	2	9	9	2	72	1
INSL5	0	0	0	0	0	0	0	0
WDR78	53	53	1	122	18	19	128	6
MIER1	864	184	71	860	132	131	1814	33
SLC35D1	110	41	6	238	39	25	184	10
C1orf141	0	0	0	0	0	0	0	0
IL23R	0	0	0	7	0	0	0	0
IL12RB2	2	0	0	22	1	3	5	3
SERBP1	9198	1360	854	6019	1025	752	18578	230
GADD45A	1000	116	116	623	50	38	2543	35
GNG12	620	88	34	404	81	69	1077	9
DIRAS3	23	0	2	22	0	1	40	0
WLS	1473	399	58	2924	302	175	4190	61
RPE65	2	3	0	7	0	0	2	0
DEPDC1	710	132	37	418	106	72	1327	20
LRRC7	62	36	1	559	21	7	120	13
LRRC40	399	101	29	368	89	63	875	17
SRSF11	5544	790	398	3515	585	476	11391	144
ANKRD13C	214	122	16	659	121	79	455	18
HHLA3	189	38	21	195	31	26	619	7
CTH	92	45	19	133	22	12	205	8
PTGER3	12	0	1	7	0	0	48	0
ZRANB2	2078	334	129	1798	300	233	4126	57
NEGR1	3	33	0	102	6	13	13	4
LRRIQ3	9	14	1	22	6	5	28	4
FPGT	94	24	8	85	29	14	101	7
TNNI3K	0	10	0	33	2	6	3	3
LRRC53	0	0	0	0	0	0	1	0
ERICH3	32	0	0	2	4	3	60	0
CRYZ	475	67	22	245	49	26	35	7
TYW3	1021	170	87	636	131	81	38	23
LHX8	218	15	2	96	6	6	224	1
SLC44A5	19	67	4	358	41	11	61	2
ACADM	1104	138	62	621	130	90	2128	17
RABGGTB	1291	88	108	490	66	53	2188	10
MSH4	0	3	0	19	5	6	5	4
ASB17	1	1	0	1	0	0	1	0
ST6GALNAC3	582	955	11	5223	865	932	1576	150
ST6GALNAC5	21	82	1	427	19	13	53	11
PIGK	298	59	25	317	57	41	770	15
AK5	15	4	2	61	5	0	85	2
AC118549.1	383	170	29	1014	143	124	857	29
USP33	774	207	41	996	145	113	1683	38
MIGA1	218	58	7	301	42	46	466	7
NEXN	608	91	58	1111	210	101	1325	12
FUBP1	1926	422	84	1814	311	232	4145	68
DNAJB4	246	29	13	93	16	26	492	3
GIPC2	0	2	0	13	0	2	5	0
PTGFR	41	3	1	6	1	8	102	0
IFI44L	8	0	0	4	0	0	3	0
IFI44	1	0	0	0	0	0	0	0
ADGRL4	12	7	0	18	3	3	24	0
ADGRL2	800	291	41	2922	508	527	1282	57
TTLL7	38	22	2	124	13	9	149	3
PRKACB	259	214	9	1053	144	108	588	33
SAMD13	24	8	0	16	6	1	49	2
DNASE2B	0	0	0	0	0	0	0	0
RPF1	609	89	50	387	63	44	1267	10
GNG5	13007	1238	591	5321	906	662	27207	221
SPATA1	14	10	1	71	6	6	18	0
CTBS	226	32	12	128	22	18	497	4
SSX2IP	383	53	14	362	87	67	787	23
LPAR3	30	8	7	33	1	4	23	1
MCOLN2	4	3	0	3	1	0	27	0
WDR63	50	37	0	143	65	28	55	6
MCOLN3	550	66	20	280	101	59	894	8
SYDE2	334	34	13	311	47	49	484	10
C1orf52	875	110	77	548	78	63	1763	13
BCL10	413	58	33	287	44	33	891	6
DDAH1	241	78	12	251	91	62	402	30
CCN1	1446	61	168	870	117	124	4172	17
ZNHIT6	380	82	32	424	84	60	901	13
COL24A1	7	21	0	41	11	6	28	4
ODF2L	947	147	47	733	126	90	2241	26
CLCA2	0	0	0	1	0	0	0	0
CLCA1	0	0	0	0	0	0	0	0
CLCA4	0	0	0	0	0	0	0	0
SH3GLB1	1307	134	104	851	131	113	2371	29
SELENOF	1901	276	154	1221	183	178	4039	50
HS2ST1	254	229	17	1203	253	125	521	60
LMO4	1096	203	124	892	155	119	2297	36
PKN2	2009	545	48	2970	504	528	2841	94
GTF2B	973	108	63	520	97	69	1895	23
KYAT3	655	122	24	487	111	67	1290	25
RBMXL1	275	33	24	131	20	17	475	4
GBP3	23	0	1	5	2	4	44	0
GBP1	2	2	1	0	2	0	4	0
GBP2	27	1	1	10	0	1	15	0
GBP7	1	0	0	0	0	0	16	0
GBP4	436	26	18	154	18	26	514	6
GBP5	4	2	0	4	0	0	7	0
GBP6	2	0	0	1	0	0	3	1
LRRC8B	62	57	20	96	30	20	191	7
LRRC8C	35	16	3	63	21	14	94	3
LRRC8D	195	135	22	466	103	61	402	24
ZNF326	1433	246	110	1244	214	168	2611	45
BARHL2	1	0	0	3	2	0	1	0
ZNF644	1086	379	60	2166	427	280	2049	53
HFM1	35	78	1	328	77	44	64	7
CDC7	258	126	20	393	98	54	469	17
TGFBR3	1014	232	16	681	80	161	1396	28
BRDT	0	0	0	1	0	0	1	0
EPHX4	6	4	2	3	4	1	17	0
SETSIP	3	0	1	0	0	0	4	0
BTBD8	60	24	3	102	18	13	157	4
C1orf146	0	0	0	0	0	1	0	0
GLMN	563	151	24	628	113	85	1103	30
RPAP2	667	159	39	771	151	113	1410	34
GFI1	2	2	0	3	0	0	3	0
EVI5	602	279	17	1551	211	164	1229	40
RPL5	44642	5563	3480	26767	4025	3053	91226	853
DIPK1A	51	57	3	327	50	27	78	6
MTF2	1478	299	120	1413	287	159	3051	74
TMED5	479	67	35	318	61	35	819	10
CCDC18	373	146	27	441	125	70	830	36
DR1	763	94	62	398	99	54	1513	19
FNBP1L	977	353	80	1620	317	231	2096	59
BCAR3	417	182	7	1084	179	91	599	29
DNTTIP2	1268	157	110	760	128	104	2534	42
GCLM	344	25	35	153	40	30	504	9
ABCA4	9	14	1	85	12	13	29	6
ARHGAP29	1500	232	36	1477	202	255	2491	37
ABCD3	389	105	19	429	93	77	686	18
F3	288	10	20	94	7	26	342	0
SLC44A3	20	12	4	46	4	11	70	0
CNN3	4440	527	173	2246	419	349	8099	75
ALG14	355	52	23	206	38	40	663	6
TLCD4	40	11	4	33	4	8	84	0
RWDD3	31	84	2	446	63	37	70	9
PTBP2	382	602	40	2892	488	324	1010	119
DPYD	5	13	0	107	8	11	11	2
SNX7	752	102	38	551	129	62	1804	18
PLPPR5	150	36	8	271	46	3	355	1
PLPPR4	53	28	4	111	14	9	193	5
PALMD	5	1	0	12	3	0	63	1
FRRS1	34	21	1	96	8	7	75	4
AGL	551	118	45	519	78	54	1100	15
SLC35A3	327	111	20	391	82	56	664	17
MFSD14A	15	110	0	480	66	62	27	19
SASS6	317	86	29	260	75	47	713	13
TRMT13	361	52	21	265	49	43	712	8
LRRC39	4	8	0	24	1	2	6	0
DBT	293	70	25	241	42	34	655	10
RTCA	690	91	51	464	74	61	1500	13
CDC14A	111	137	7	594	126	83	230	27
GPR88	0	0	0	0	0	0	0	0
VCAM1	46	4	1	5	3	7	144	3
EXTL2	913	105	48	516	80	62	2044	25
SLC30A7	284	77	14	368	60	60	550	15
DPH5	584	79	27	306	40	55	1319	13
S1PR1	140	10	11	65	16	7	264	0
OLFM3	15	23	2	104	13	17	57	2
COL11A1	228	55	10	557	63	73	691	12
RNPC3	172	37	5	198	24	28	362	8
AMY2B	7	7	0	17	5	2	9	0
AMY2A	0	1	0	0	0	0	1	0
AMY1A	0	0	0	0	0	0	0	0
AMY1B	0	0	0	0	0	0	0	0
AMY1C	0	0	0	0	0	0	0	0
PRMT6	279	25	28	119	24	10	500	10
NTNG1	6	6	3	46	3	13	27	1
VAV3	19	71	2	163	27	9	71	15
SLC25A24	739	114	12	597	117	70	1558	15
NBPF4	0	0	0	0	0	0	0	0
NBPF6	0	0	0	0	0	0	0	0
FAM102B	63	51	12	230	58	31	163	9
HENMT1	118	8	6	41	8	4	285	1
PRPF38B	1527	170	124	791	137	127	3075	36
FNDC7	0	0	0	2	2	1	0	0
STXBP3	419	77	22	419	56	58	730	14
AKNAD1	7	18	0	70	12	4	8	5
GPSM2	203	90	11	225	43	42	567	14
CLCC1	234	12	18	98	13	19	548	4
WDR47	67	13	3	122	17	11	120	1
TAF13	268	37	20	191	20	16	447	5
TMEM167B	354	34	22	142	24	21	595	7
C1orf194	5	2	0	1	2	1	3	0
KIAA1324	10	10	0	22	2	1	6	0
SARS	1315	149	115	707	118	112	2510	20
CELSR2	59	8	7	56	5	5	134	1
PSRC1	430	104	60	267	62	47	1326	17
MYBPHL	0	0	0	0	0	0	5	1
SORT1	167	30	27	136	24	28	347	7
PSMA5	3564	359	304	1664	277	205	6863	60
SYPL2	0	0	2	1	0	1	1	0
ATXN7L2	33	5	8	16	2	6	74	2
CYB561D1	24	6	4	34	2	3	68	3
AMIGO1	10	0	1	4	0	0	40	0
GPR61	0	0	0	0	0	0	4	0
GNAI3	1859	243	128	1174	213	144	3990	29
GNAT2	1	0	0	0	0	0	1	0
AMPD2	283	17	23	65	13	16	474	2
GSTM4	314	21	19	135	24	8	666	2
GSTM2	52	9	0	25	3	2	119	1
GSTM1	0	4	0	18	6	2	48	0
GSTM5	1	1	0	0	0	9	39	0
GSTM3	1778	134	34	323	146	111	3721	22
EPS8L3	0	0	0	1	1	0	1	0
CSF1	150	6	5	42	6	7	188	0
AHCYL1	2212	275	141	1096	196	156	3848	30
STRIP1	264	37	18	163	33	19	500	8
ALX3	53	10	1	24	13	4	156	3
UBL4B	0	0	0	0	0	0	5	0
SLC6A17	6	1	1	1	1	1	6	0
KCNC4	37	2	4	44	2	2	35	0
RBM15	130	32	13	132	25	16	357	7
SLC16A4	72	32	5	88	10	15	121	3
LAMTOR5	4397	376	375	1983	341	231	8831	83
PROK1	76	3	2	89	6	1	53	0
KCNA10	0	0	0	0	0	0	0	0
KCNA2	1	0	0	2	0	0	2	0
KCNA3	2	0	0	0	0	0	1	0
CD53	8	0	3	2	0	0	13	0
LRIF1	330	67	28	216	37	46	532	17
DRAM2	896	128	40	698	94	67	1826	22
CEPT1	278	67	10	432	54	47	531	12
DENND2D	18	0	1	0	1	0	32	0
CHI3L2	2	1	1	12	1	0	8	0
CHIA	0	0	0	1	0	0	0	0
PIFO	129	10	35	83	6	6	126	4
OVGP1	10	0	1	5	0	1	10	0
WDR77	1027	63	108	256	38	39	1635	8
ATP5PB	3468	419	271	2151	380	249	6772	81
C1orf162	2	0	0	0	1	1	3	0
TMIGD3	0	1	0	1	0	1	0	0
ADORA3	0	0	0	0	0	0	0	0
RAP1A	640	121	57	628	92	83	1316	21
INKA2	29	11	15	50	5	7	55	2
DDX20	332	46	19	202	37	22	682	3
KCND3	26	0	1	49	1	10	22	1
CTTNBP2NL	375	104	18	484	78	52	829	17
WNT2B	90	12	2	115	14	14	203	12
ST7L	171	87	13	432	64	53	396	18
CAPZA1	1830	268	93	1230	202	167	3509	37
MOV10	336	45	16	203	30	22	652	7
RHOC	3797	245	233	1276	171	148	6251	43
PPM1J	19	3	1	60	2	2	74	2
TAFA3	6	0	0	1	0	0	9	0
SLC16A1	1950	314	113	1721	238	140	3464	75
LRIG2	193	54	15	341	47	48	432	12
MAGI3	276	231	20	2179	265	167	637	44
PHTF1	508	126	29	526	87	88	914	25
RSBN1	418	65	21	254	60	39	945	19
PTPN22	0	2	0	3	0	0	0	0
BCL2L15	2	0	0	1	0	2	3	0
AP4B1	84	15	8	45	14	5	138	1
DCLRE1B	114	11	7	40	9	11	275	2
HIPK1	325	71	27	207	45	34	640	11
OLFML3	1737	67	169	627	83	63	2872	26
SYT6	46	10	24	57	10	6	93	2
TRIM33	738	213	59	1001	220	135	1506	35
BCAS2	1571	174	116	817	155	99	3461	36
DENND2C	35	6	9	107	21	8	113	1
AMPD1	0	0	0	0	0	0	0	0
NRAS	634	91	49	387	82	55	1440	18
CSDE1	4893	746	300	2887	557	404	9901	107
SIKE1	703	92	54	425	76	67	1693	17
SYCP1	0	0	0	0	0	0	2	0
TSHB	5	0	0	2	0	1	22	0
TSPAN2	33	24	11	46	5	8	165	0
NGF	41	5	3	101	22	20	80	0
VANGL1	161	21	13	136	29	22	294	2
CASQ2	5	0	1	7	1	0	8	0
NHLH2	32	3	2	38	3	3	69	1
SLC22A15	20	19	2	244	27	25	44	4
MAB21L3	1	0	0	1	0	2	5	0
ATP1A1	2345	147	133	830	116	106	3593	26
CD58	161	36	7	225	36	26	309	9
IGSF3	473	79	21	562	73	42	1046	25
CD2	0	0	0	1	0	0	5	0
PTGFRN	387	60	33	250	56	40	707	14
CD101	12	7	1	22	11	4	18	7
TTF2	620	126	49	384	90	73	1150	11
TRIM45	37	11	2	29	1	1	125	2
VTCN1	1	1	7	3	0	1	7	0
MAN1A2	980	231	32	1152	200	169	1857	40
TENT5C	30	13	0	45	4	11	29	4
GDAP2	180	55	10	297	39	19	377	7
WDR3	335	72	22	243	62	42	691	8
SPAG17	16	20	0	78	19	11	78	4
TBX15	3	1	0	8	2	1	19	1
WARS2	163	75	14	250	43	36	363	12
HAO2	1	0	0	1	0	0	2	0
HSD3B2	1	0	0	0	0	0	1	0
HSD3B1	1	0	0	1	0	0	0	0
ZNF697	119	27	10	151	27	28	160	2
PHGDH	6821	485	335	2604	474	625	10933	96
HMGCS2	4	1	0	4	0	0	7	0
REG4	5	0	0	3	0	2	6	0
ADAM30	0	0	0	0	0	0	0	0
NOTCH2	716	131	23	590	104	119	1177	34
SEC22B	295	86	10	425	59	61	571	8
AC253572.1	0	1	0	3	0	0	0	0
NBPF26	9	14	2	79	8	3	22	5
PPIAL4A	0	0	0	0	0	0	0	0
FCGR1B	0	0	0	0	0	0	0	0
FAM72B	25	4	2	8	2	3	41	0
SRGAP2C	293	82	7	340	67	42	525	11
HIST2H3PS2	0	0	0	14	1	0	2	0
FAM72C	29	2	2	3	1	0	63	0
IGKV1OR1-1	0	0	0	0	0	0	0	0
PPIAL4E	0	0	0	0	0	0	0	0
NBPF15	94	42	0	192	37	13	242	4
PPIAL4F	0	0	0	0	0	0	0	0
SRGAP2B	84	57	3	477	90	40	155	18
FAM72D	38	0	3	13	4	0	65	0
PPIAL4D	0	0	0	0	0	0	0	0
NBPF20	52	4	0	28	6	2	80	2
GPR89A	219	33	9	224	43	20	427	5
PDZK1	3	4	0	44	3	2	14	1
CD160	7	1	1	8	1	1	29	0
RNF115	1272	158	76	1221	238	101	2370	29
POLR3C	429	57	23	444	85	39	1026	10
NUDT17	86	6	4	34	9	5	129	0
PIAS3	352	28	18	161	30	9	728	4
ANKRD35	28	6	3	42	7	2	158	1
ITGA10	5	0	0	5	0	0	9	0
PEX11B	270	15	6	151	27	8	522	1
RBM8A	7419	577	417	3912	661	365	14498	101
LIX1L	523	32	17	285	48	22	1026	4
ANKRD34A	6	1	1	5	0	0	21	0
POLR3GL	750	73	24	354	69	45	1711	3
TXNIP	2143	189	51	1386	177	90	5445	24
HJV	1	1	0	2	0	0	2	0
NBPF10	26	1	0	41	10	2	36	0
NOTCH2NLA	2	7	0	31	8	3	2	0
PPIAL4H	1	0	0	0	0	0	0	0
NBPF12	35	30	0	213	35	13	95	4
PRKAB2	571	61	32	335	77	29	1054	9
FMO5	47	17	4	51	12	6	93	4
CHD1L	915	5	42	32	9	2	1809	2
BCL9	452	153	13	897	187	79	958	16
ACP6	123	19	5	112	21	12	373	2
GJA5	62	1	0	39	1	6	53	0
GJA8	0	0	0	0	0	0	0	0
GPR89B	148	28	7	216	32	14	295	2
NBPF11	108	34	6	252	39	11	161	3
PPIAL4G	0	0	0	0	0	1	0	0
NBPF14	39	9	1	85	21	6	189	2
NOTCH2NLB	2	0	0	1	0	0	1	0
NUDT4B	0	0	0	2	0	0	0	0
PDE4DIP	404	26	13	132	28	16	484	2
NBPF9	34	13	1	97	17	12	92	2
NOTCH2NLC	4	22	0	80	12	2	22	3
NBPF19	0	6	0	32	5	8	0	2
PPIAL4C	0	0	0	0	0	0	0	0
FCGR1A	0	0	0	0	0	0	0	0
HIST2H2BF	29	3	1	24	5	4	83	1
HIST2H3D	2	0	0	1	1	0	6	0
HIST2H4A	6	1	0	2	0	1	10	0
HIST2H3C	0	0	0	0	0	0	0	0
HIST2H2AA3	0	0	0	0	0	0	0	0
HIST2H2AA4	0	13	0	47	28	6	0	2
HIST2H3A	0	0	0	0	0	0	0	0
HIST2H4B	0	3	0	16	1	3	0	0
HIST2H2BE	32	4	1	17	4	2	62	0
HIST2H2AC	471	42	13	157	37	26	927	5
HIST2H2AB	30	4	1	13	6	2	90	1
BOLA1	366	24	20	164	32	11	736	2
SV2A	449	26	20	224	32	24	966	4
SF3B4	1598	115	126	632	120	58	3401	22
MTMR11	111	3	3	24	5	4	209	1
OTUD7B	284	66	19	450	72	33	624	14
VPS45	508	76	13	606	80	52	931	24
PLEKHO1	2423	190	52	1140	215	89	5101	31
ANP32E	3923	497	221	2416	517	294	8535	83
CA14	509	55	33	341	54	17	1240	7
APH1A	2164	136	136	666	126	60	4422	24
C1orf54	416	84	32	473	51	30	1218	17
CIART	74	12	10	61	4	3	253	1
MRPS21	6009	560	321	3039	525	284	12861	85
PRPF3	562	68	35	618	98	45	1138	14
RPRD2	629	197	25	1178	203	94	1225	28
TARS2	391	50	24	270	59	22	827	10
ECM1	91	4	9	20	3	5	146	0
ADAMTSL4	61	6	3	29	3	2	134	1
MCL1	1766	156	95	1175	184	83	3316	34
ENSA	2916	315	302	2253	322	159	5527	50
GOLPH3L	404	47	21	313	60	25	839	5
HORMAD1	0	0	0	1	0	0	1	0
CTSS	5	1	0	12	2	1	13	1
CTSK	148	10	8	125	9	12	413	4
ARNT	394	73	21	568	86	46	817	7
CTXND2	0	2	0	0	0	0	2	0
SETDB1	394	91	15	588	84	45	828	15
CERS2	1152	77	70	466	75	39	2358	5
ANXA9	3	1	1	3	0	1	7	0
MINDY1	54	7	3	39	9	3	103	1
PRUNE1	320	26	11	137	31	12	620	4
BNIPL	4	2	0	16	0	2	15	0
C1orf56	472	35	16	217	43	19	961	2
CDC42SE1	1031	60	53	447	71	43	1982	12
MLLT11	3220	215	124	1355	232	136	5940	22
GABPB2	153	13	4	171	24	17	256	4
SEMA6C	186	12	5	88	16	6	390	2
TNFAIP8L2	0	0	0	0	0	0	0	0
SCNM1	943	63	56	471	80	36	2059	15
LYSMD1	125	6	3	44	5	5	221	2
TMOD4	0	0	0	0	0	0	0	0
VPS72	990	88	60	605	105	37	2362	16
PIP5K1A	704	145	32	1426	226	106	1267	37
PSMD4	4374	343	217	2400	399	179	8584	54
ZNF687	193	13	13	101	11	9	369	3
PI4KB	579	35	27	297	45	26	1002	3
RFX5	235	16	16	94	14	8	486	2
SELENBP1	1106	37	33	374	72	46	2386	9
PSMB4	4562	295	348	2161	329	199	10344	54
POGZ	1513	245	55	1815	291	166	2886	52
CGN	178	8	18	80	18	5	294	1
TUFT1	78	6	4	62	9	3	141	0
SNX27	939	78	49	661	122	61	1705	18
CELF3	7	1	0	12	0	0	11	0
RIIAD1	9	2	0	11	0	0	23	0
MRPL9	1966	173	116	894	155	71	3827	18
OAZ3	63	2	3	16	10	3	70	0
TDRKH	56	10	9	58	9	3	133	2
LINGO4	0	0	0	0	0	0	0	0
RORC	0	1	0	6	0	0	0	0
C2CD4D	3	0	1	2	0	0	1	0
THEM5	0	1	0	0	0	0	0	0
THEM4	680	56	25	275	87	50	1237	6
S100A10	45458	1531	1554	17965	3445	2264	61851	298
S100A11	37813	2942	2095	23171	3247	1275	75104	341
TCHHL1	0	0	0	0	0	0	0	0
TCHH	9	1	1	0	0	2	9	0
RPTN	0	0	0	0	0	0	0	0
HRNR	0	0	0	0	0	0	0	0
FLG	0	0	0	0	0	0	0	0
FLG2	0	0	0	0	0	0	1	0
CRNN	0	0	0	0	0	0	0	0
LCE5A	0	0	0	0	0	0	0	0
CRCT1	0	0	0	0	0	0	1	0
LCE3E	0	0	0	0	0	0	0	0
LCE3D	0	0	0	0	0	0	0	0
LCE3C	0	0	0	0	0	0	0	0
LCE3B	0	0	0	0	0	0	0	0
LCE3A	0	0	0	0	0	0	0	0
LCE2D	0	0	0	0	0	0	0	0
LCE2C	0	0	0	0	0	0	0	0
LCE2B	0	0	0	0	0	0	0	0
LCE2A	0	0	0	0	0	0	0	0
LCE4A	0	0	0	0	0	0	0	0
C1orf68	0	0	0	0	0	0	0	0
KPRP	0	0	0	0	0	0	0	0
LCE1F	0	0	0	0	0	0	0	0
LCE1E	0	0	0	0	0	0	0	0
LCE1D	0	0	0	0	0	0	0	0
LCE1C	0	0	0	0	0	0	0	0
LCE1B	0	0	0	0	0	0	0	0
LCE1A	0	0	0	0	0	0	0	0
LCE6A	0	0	0	0	0	0	0	0
AL162596.1	0	0	0	0	0	0	0	0
SMCP	0	0	0	0	0	0	0	0
IVL	0	0	0	0	0	0	0	0
SPRR5	1	0	0	0	0	0	0	0
SPRR4	0	0	0	0	0	0	0	0
SPRR1A	0	0	0	0	0	0	0	0
SPRR3	2	0	0	0	0	0	3	0
SPRR1B	0	0	2	0	0	0	0	0
SPRR2D	0	0	1	0	0	0	0	0
SPRR2A	0	0	0	0	0	0	0	0
SPRR2B	0	0	0	0	0	0	0	0
SPRR2E	4	0	0	0	0	0	1	0
SPRR2F	137	0	1	1	1	1	37	0
SPRR2G	0	0	0	0	0	0	3	0
LELP1	0	0	1	0	0	0	0	0
PRR9	141	2	1	8	0	1	275	0
LOR	3	0	0	2	0	0	2	0
PGLYRP3	0	0	0	0	0	0	0	0
PGLYRP4	1	0	1	0	0	0	2	0
S100A9	2	0	1	1	0	0	3	0
S100A12	0	0	0	0	0	0	0	0
S100A8	0	0	0	0	0	0	0	0
S100A7A	0	0	0	0	0	0	0	0
S100A7L2	0	0	0	0	0	0	0	0
S100A7	0	0	0	0	0	0	1	0
S100A6	2131	68	211	1234	79	203	4384	8
S100A5	1	1	0	0	0	0	5	0
S100A4	1477	30	89	941	63	72	3059	12
S100A3	10	0	0	15	0	1	17	0
S100A2	18	1	2	5	2	0	26	0
S100A16	263	15	53	127	5	9	412	1
S100A14	7	5	11	18	3	3	40	0
S100A13	5962	411	189	3094	486	251	10993	79
S100A1	28	2	3	44	1	1	148	0
CHTOP	1452	145	93	728	126	74	2786	28
SNAPIN	1353	80	50	473	101	44	2743	10
ILF2	8924	705	392	3855	758	353	17352	107
NPR1	105	1	4	31	1	1	138	0
INTS3	91	49	0	345	57	29	189	9
SLC27A3	296	37	10	249	22	20	507	4
GATAD2B	60	255	6	2025	398	140	112	41
DENND4B	286	23	22	166	31	10	673	4
CRTC2	136	11	6	60	8	5	271	3
SLC39A1	68	136	4	929	132	87	163	26
CREB3L4	300	32	17	182	32	16	679	4
JTB	2607	221	140	1376	269	138	4853	30
RAB13	3547	314	195	2327	412	211	6327	46
RPS27	70988	4398	3441	26924	4081	2626	148180	702
NUP210L	0	3	0	45	1	7	5	3
TPM3	6866	676	393	4132	702	349	14017	107
C1orf189	2	0	0	10	1	0	3	0
C1orf43	2828	260	182	1469	270	127	5932	33
UBAP2L	1608	172	92	949	180	77	3133	27
HAX1	2316	168	132	1220	210	96	5071	26
AQP10	37	0	1	7	0	2	60	0
ATP8B2	194	25	7	123	27	7	308	2
IL6R	263	3	0	40	8	7	347	0
SHE	3	1	0	4	0	0	1	0
TDRD10	0	1	0	5	1	0	1	0
UBE2Q1	1125	48	45	459	74	42	2015	9
CHRNB2	1	0	0	3	0	0	5	0
ADAR	1545	146	86	1046	183	95	3018	18
KCNN3	40	13	0	127	11	4	58	1
PMVK	1046	66	44	421	107	55	1695	10
PBXIP1	389	29	12	213	40	16	828	6
PYGO2	295	24	13	106	25	14	593	6
SHC1	1160	72	66	378	66	42	2182	11
CKS1B	1620	912	71	4009	854	392	3391	148
FLAD1	846	99	66	453	90	46	1793	10
LENEP	0	0	0	1	0	0	2	0
ZBTB7B	63	6	3	28	3	3	108	1
DCST2	7	2	0	10	3	0	12	0
DCST1	2	0	0	3	2	1	1	0
ADAM15	236	15	12	57	14	11	564	1
EFNA4	688	57	35	283	53	31	1654	8
EFNA3	162	10	32	70	12	4	549	2
EFNA1	308	18	10	114	10	7	681	6
SLC50A1	1016	57	43	465	89	38	1870	9
DPM3	669	77	41	338	55	35	1674	11
KRTCAP2	2594	366	121	2649	460	237	5240	70
TRIM46	49	10	3	24	7	1	112	0
MUC1	22	1	1	8	1	2	55	0
THBS3	125	14	7	86	11	6	282	1
MTX1	619	138	35	840	145	79	1151	31
GBA	27	23	2	114	21	12	33	2
FAM189B	6	35	0	221	38	15	9	10
SCAMP3	56	58	4	356	66	25	74	12
CLK2	37	53	2	239	38	18	88	6
HCN3	3	4	0	35	4	1	5	0
PKLR	0	0	0	0	1	0	1	0
FDPS	7224	715	253	4275	944	517	14113	101
RUSC1	808	52	60	368	62	21	1747	12
ASH1L	1404	353	50	3082	539	259	2545	74
MSTO1	167	14	9	117	22	15	299	5
YY1AP1	608	56	39	524	90	40	1057	14
DAP3	1789	177	81	1097	165	96	3167	25
GON4L	1044	141	60	1148	183	77	2128	33
SYT11	38	9	7	83	8	7	111	1
RIT1	598	50	33	386	59	27	1265	9
KHDC4	614	80	25	552	86	33	1241	12
RXFP4	0	0	0	0	0	0	0	0
ARHGEF2	511	39	18	265	35	20	841	8
SSR2	9542	657	337	3773	608	381	19451	117
UBQLN4	238	30	9	185	32	17	418	3
LAMTOR2	2557	186	107	1083	176	105	4969	25
RAB25	121	15	45	66	10	6	334	0
MEX3A	1647	112	45	698	134	82	3637	33
LMNA	2312	116	120	936	187	82	3802	28
SEMA4A	13	1	3	8	3	3	46	0
SLC25A44	191	11	15	117	21	9	295	3
PMF1	3329	324	177	1624	280	160	6808	50
BGLAP	28	25	1	125	23	18	62	3
PAQR6	36	2	15	29	1	1	77	1
SMG5	240	51	15	392	58	25	480	8
TMEM79	56	3	1	33	4	3	97	0
GLMP	1086	38	53	391	48	37	1894	10
VHLL	0	0	0	0	0	0	1	0
CCT3	10666	821	667	5359	963	465	21276	145
TSACC	23	3	13	13	3	2	51	0
RHBG	63	5	0	75	3	8	284	0
C1orf61	189	33	17	412	12	17	779	7
MEF2D	201	11	7	138	15	12	373	1
IQGAP3	93	22	4	142	32	17	272	5
TTC24	0	0	0	0	0	0	0	0
NAXE	2429	158	142	886	150	84	4905	28
GPATCH4	1378	147	133	665	174	66	2935	21
HAPLN2	2	1	0	2	2	0	3	0
BCAN	9	2	5	8	5	1	18	0
NES	1470	191	143	1766	228	103	4096	42
CRABP2	8380	767	390	7227	1078	301	18282	198
ISG20L2	706	57	40	292	51	24	1393	9
RRNAD1	225	24	12	182	17	21	399	5
MRPL24	709	45	19	227	41	30	1226	7
HDGF	4740	448	228	2279	394	235	10018	63
PRCC	1816	145	103	989	187	77	3355	16
SH2D2A	42	4	3	27	8	0	83	2
NTRK1	27	2	4	51	2	0	45	2
INSRR	2	0	0	8	0	0	6	0
PEAR1	162	3	4	36	8	1	358	1
LRRC71	1	0	1	0	0	0	2	0
ARHGEF11	230	115	11	989	139	93	396	33
ETV3L	0	0	0	0	0	0	1	0
ETV3	195	33	7	225	38	15	385	6
FCRL5	0	0	0	0	0	0	0	0
FCRL4	0	0	0	0	0	0	0	0
FCRL3	0	0	0	0	0	0	0	0
FCRL2	0	0	0	0	0	0	1	0
FCRL1	0	0	0	0	0	0	0	0
CD5L	0	0	0	0	0	0	0	0
KIRREL1	301	94	11	783	144	84	543	22
AL138899.3	0	0	0	0	0	0	0	0
CD1D	98	10	13	188	12	2	257	4
CD1A	0	0	0	0	0	0	0	0
CD1C	0	0	0	0	0	0	0	0
CD1B	0	0	0	0	0	0	0	0
CD1E	0	0	0	0	0	0	0	0
OR10T2	0	0	0	0	0	0	0	0
OR10K2	0	0	0	0	0	0	0	0
OR10K1	0	0	0	1	2	1	0	0
OR10R2	0	0	0	0	0	0	0	0
OR6Y1	0	0	0	0	0	0	0	0
OR6P1	0	0	0	0	0	0	0	0
OR10X1	0	0	0	0	0	0	0	0
OR10Z1	0	0	0	0	0	0	0	0
SPTA1	1	0	0	0	0	0	0	0
OR6K2	0	0	0	0	0	0	0	0
OR6K3	0	0	0	0	0	0	0	0
OR6N1	1	0	0	0	0	0	0	0
OR6K6	0	0	0	0	0	0	0	0
OR6N2	0	0	0	0	0	0	0	0
MNDA	2	0	0	0	0	0	0	0
PYHIN1	0	0	0	1	1	0	0	0
IFI16	925	91	46	837	63	25	848	22
AIM2	19	14	7	71	24	11	38	3
CADM3	159	5	3	32	7	2	315	0
ACKR1	17	1	1	3	0	0	29	0
FCER1A	0	0	0	0	0	0	3	0
OR10J1	0	0	0	0	0	0	1	0
OR10J5	0	0	0	0	0	0	0	0
APCS	0	0	0	0	0	0	0	0
CRP	0	0	0	0	0	0	0	0
DUSP23	3048	73	63	548	104	112	3886	9
FCRL6	1	0	0	1	0	0	1	0
SLAMF8	0	0	0	0	0	0	1	0
AL590560.2	0	0	0	0	0	0	1	0
VSIG8	1	0	0	0	0	0	3	0
CFAP45	4	1	0	5	1	0	7	0
TAGLN2	1708	70	144	1119	86	106	1932	19
IGSF9	91	22	8	57	22	10	240	3
SLAMF9	1	0	0	0	0	0	1	0
KCNJ10	0	0	1	1	0	1	4	0
PIGM	226	10	9	63	13	9	480	0
KCNJ9	0	0	0	0	0	0	0	0
IGSF8	217	12	39	98	12	5	556	2
ATP1A2	137	19	7	152	11	2	321	8
ATP1A4	36	0	2	2	1	0	54	0
CASQ1	2	1	3	2	1	0	5	0
PEA15	776	38	64	281	44	25	1201	7
DCAF8	541	118	28	782	137	73	1150	27
PEX19	853	67	62	373	67	25	1740	11
COPA	2677	221	109	1808	228	178	4441	47
NCSTN	1009	49	46	384	57	38	1936	12
NHLH1	14	7	1	13	7	8	30	1
VANGL2	454	46	23	301	43	25	906	6
SLAMF6	0	0	0	0	0	0	0	0
CD84	0	0	0	0	0	0	0	0
SLAMF1	2	0	0	16	2	0	3	0
CD48	29	2	2	4	0	1	61	0
SLAMF7	0	0	0	0	0	0	1	0
LY9	0	0	0	2	1	0	0	0
CD244	94	10	0	60	42	7	109	2
ITLN1	22	2	0	21	8	1	32	0
ITLN2	110	4	9	45	6	7	125	0
F11R	265	43	37	226	25	25	419	8
TSTD1	966	134	169	626	81	60	3107	20
USF1	212	18	6	70	42	15	738	4
ARHGAP30	0	1	0	8	1	2	0	1
NECTIN4	6	0	2	6	0	0	7	1
KLHDC9	129	17	5	74	20	3	290	2
PFDN2	5569	440	343	2640	455	232	11084	59
NIT1	986	63	62	355	65	22	1903	9
DEDD	370	29	28	288	47	9	772	9
UFC1	4695	375	176	2335	403	191	7255	51
USP21	108	9	7	70	16	5	236	3
PPOX	316	21	29	182	23	12	720	7
B4GALT3	898	38	43	294	40	37	1591	6
ADAMTS4	119	4	2	45	4	3	231	3
NDUFS2	3002	265	139	1576	284	131	5936	30
FCER1G	5	0	1	4	1	0	15	0
APOA2	122	46	10	214	25	12	232	7
TOMM40L	131	4	9	53	9	3	211	1
NR1I3	3	1	0	10	0	0	8	0
PCP4L1	2	1	1	12	0	1	5	0
MPZ	22	2	6	22	1	2	51	0
SDHC	2305	282	126	1941	306	184	4898	53
CFAP126	10	1	0	8	0	0	10	0
FCGR2A	5	0	0	6	1	1	18	0
HSPA6	2	0	0	0	1	0	87	0
FCGR3A	0	0	0	0	0	0	0	0
FCGR3B	0	0	0	0	0	0	4	0
FCGR2B	0	0	0	0	0	0	0	0
FCRLA	0	0	0	0	0	0	0	0
FCRLB	24	1	0	8	3	1	33	0
DUSP12	994	80	40	409	79	44	2061	11
ATF6	725	118	16	836	130	65	1425	28
OLFML2B	31	4	0	18	7	3	71	1
NOS1AP	304	137	9	1118	143	104	497	21
SPATA46	1	0	0	0	0	0	1	0
C1orf226	124	3	3	47	4	5	195	1
SH2D1B	1	0	0	0	0	0	1	0
UHMK1	338	62	17	440	70	26	796	7
UAP1	1033	92	25	557	83	41	1893	18
DDR2	1796	182	26	1806	377	215	3025	45
HSD17B7	818	102	25	591	106	43	1519	10
CCDC190	1	0	0	0	0	0	2	0
RGS4	3247	69	45	1149	157	90	4675	13
RGS5	8460	303	135	3104	734	184	14556	70
NUF2	1395	186	62	944	207	106	2975	21
PBX1	2824	682	120	6417	965	442	5271	151
LMX1A	6	45	0	100	13	2	24	4
RXRG	42	6	1	100	7	4	117	5
LRRC52	0	0	0	0	0	0	0	0
MGST3	19001	1007	498	5902	837	567	24973	94
ALDH9A1	2323	161	92	902	158	67	3649	25
TMCO1	3226	233	111	1714	256	138	6178	50
UCK2	675	153	47	774	150	84	1321	22
FAM78B	66	6	1	181	34	1	171	2
POGK	673	67	30	386	56	34	1457	4
TADA1	215	44	9	213	41	20	457	5
ILDR2	15	6	1	42	4	3	36	1
MAEL	0	0	0	3	0	0	7	0
GPA33	12	5	0	96	6	9	18	2
DUSP27	37	1	3	43	6	0	99	0
POU2F1	595	367	41	2435	427	195	1313	93
CD247	11	1	0	7	1	0	14	0
CREG1	844	86	60	875	71	21	2777	15
RCSD1	272	33	12	328	44	6	730	1
MPZL1	2869	440	86	4102	545	368	4794	50
ADCY10	2	14	0	213	15	22	8	0
MPC2	3001	222	146	1596	259	130	5389	22
DCAF6	538	205	28	2147	237	219	1021	30
GPR161	626	67	21	434	85	39	1311	11
TIPRL	1790	169	77	1158	217	127	3577	29
SFT2D2	466	54	21	342	58	34	935	13
TBX19	24	3	2	41	1	1	61	0
XCL2	2	0	0	0	1	1	2	0
XCL1	44	0	1	7	4	1	28	0
DPT	23	1	0	1	0	0	8	0
ATP1B1	5369	256	123	1890	308	315	8015	36
NME7	930	180	26	1189	215	111	1856	21
BLZF1	408	55	16	383	60	40	736	7
CCDC181	77	14	6	59	9	6	319	1
SLC19A2	102	41	6	168	28	11	158	4
F5	2	1	0	4	0	1	0	0
SELP	0	0	0	1	1	0	1	0
C1orf112	396	50	23	311	57	23	613	13
SELL	1	0	0	1	0	0	2	0
SELE	0	1	0	1	1	1	0	0
METTL18	201	28	13	142	25	16	668	3
SCYL3	137	23	9	156	27	10	370	3
KIFAP3	1080	132	55	1432	176	72	2081	23
METTL11B	3	5	0	48	4	1	6	0
GORAB	250	34	13	239	37	17	468	4
PRRX1	3094	699	25	4569	1149	347	8988	140
MROH9	0	11	0	80	17	33	1	1
FMO3	1	0	0	15	1	3	2	0
FMO2	0	1	0	7	0	1	1	0
FMO1	425	1	2	70	10	15	584	0
FMO4	104	20	1	135	18	20	152	1
PRRC2C	11918	1035	440	6981	1193	829	21385	130
MYOCOS	2	1	0	29	5	0	6	3
MYOC	0	0	0	0	0	0	0	0
VAMP4	218	22	13	134	20	15	377	3
EEF1AKNMT	542	53	34	210	41	17	1038	4
DNM3	71	31	0	288	59	51	106	3
PIGC	958	59	45	500	77	43	1880	13
C1orf105	4	1	0	7	8	2	11	0
SUCO	1484	221	50	1665	220	141	2951	22
FASLG	1	0	0	0	0	0	0	0
TNFSF18	0	0	0	0	0	0	0	0
TNFSF4	51	1	1	31	5	3	164	0
PRDX6	19234	1135	1297	8676	1689	812	38908	206
SLC9C2	8	1	0	12	5	1	3	0
ANKRD45	26	4	3	32	7	3	77	1
TEX50	0	0	0	0	0	0	0	0
KLHL20	405	95	11	752	126	42	764	19
CENPL	507	56	23	253	56	23	965	5
DARS2	297	63	27	195	36	20	580	3
ZBTB37	216	36	9	138	33	17	416	6
SERPINC1	0	2	0	2	1	0	2	0
RC3H1	300	198	16	1436	221	109	622	35
RABGAP1L	170	277	19	2206	425	174	430	67
GPR52	0	1	2	2	0	0	3	0
CACYBP	4196	401	301	2443	474	200	8729	55
MRPS14	1683	129	71	852	139	72	2959	25
TNN	1	3	0	1	1	0	2	0
KIAA0040	61	2	6	26	4	4	74	0
TNR	0	3	0	8	0	0	0	0
COP1	597	401	31	2908	485	229	1213	71
PAPPA2	8	5	5	96	0	1	28	0
ASTN1	16	24	0	116	14	11	19	2
BRINP2	23	1	0	13	2	3	7	0
SEC16B	12	0	1	25	5	1	22	0
RASAL2	242	253	29	1636	249	160	494	35
CLEC20A	0	0	0	1	0	0	0	0
TEX35	6	0	0	0	0	0	11	0
RALGPS2	1085	243	32	2054	374	228	2072	76
ANGPTL1	13	25	0	255	47	24	20	3
FAM20B	376	60	10	306	50	39	707	11
TOR3A	536	53	47	262	39	15	1279	3
ABL2	533	160	25	986	178	90	1092	25
SOAT1	239	69	10	307	57	33	479	4
AXDND1	3	5	0	24	3	3	2	0
NPHS2	0	0	0	0	0	0	0	0
TDRD5	0	0	0	4	1	0	0	0
FAM163A	23	7	0	89	6	5	28	20
TOR1AIP2	1507	116	57	732	137	83	2840	18
TOR1AIP1	435	43	26	376	54	32	876	6
CEP350	1355	267	50	1761	350	163	2797	45
QSOX1	412	23	39	185	29	17	967	5
LHX4	8	3	0	17	3	2	20	0
ACBD6	1938	289	106	1897	332	141	3995	51
XPR1	267	146	15	972	171	93	558	27
KIAA1614	46	5	0	65	11	3	164	2
STX6	380	62	20	434	87	29	896	8
MR1	11	0	0	7	1	0	17	0
IER5	939	43	21	378	54	17	2440	7
CACNA1E	0	9	0	24	4	0	1	1
ZNF648	0	0	0	0	0	0	2	0
GLUL	3998	250	108	1732	260	161	7114	47
TEDDM1	0	0	0	0	0	0	0	0
RGSL1	0	0	0	1	0	0	0	1
RNASEL	101	2	3	43	11	5	254	0
RGS16	1178	46	56	270	12	25	1116	2
RGS8	2	0	1	4	0	0	2	0
NPL	168	13	4	121	20	11	329	3
DHX9	2713	459	167	2749	543	267	5392	76
SHCBP1L	0	0	0	1	0	0	0	0
LAMC1	1796	193	51	1290	194	115	2733	29
LAMC2	20	16	6	52	4	1	51	0
NMNAT2	45	9	3	69	8	6	29	1
SMG7	485	148	19	998	152	72	941	28
NCF2	0	2	1	21	4	0	0	2
ARPC5	3867	333	209	2469	394	210	7131	73
RGL1	446	159	11	1227	210	89	706	18
APOBEC4	0	0	0	4	0	0	0	0
COLGALT2	88	10	5	85	24	9	137	5
TSEN15	870	120	46	661	124	49	1417	14
C1orf21	1026	216	30	1342	318	100	1459	29
EDEM3	434	51	17	382	56	36	686	11
NIBAN1	32	0	11	43	9	13	113	1
RNF2	926	145	41	1032	210	118	1805	30
TRMT1L	489	59	18	353	70	37	942	6
SWT1	135	28	6	303	51	24	232	8
IVNS1ABP	1250	210	57	1323	173	112	2695	33
HMCN1	153	189	8	989	275	117	265	38
PRG4	1	0	0	1	0	0	2	0
TPR	5524	478	169	3258	572	301	11673	109
ODR4	778	122	26	834	144	76	1530	22
OCLM	1	0	0	0	0	0	2	0
PDC	0	0	0	5	0	0	1	0
PTGS2	2	0	0	1	0	0	7	0
PLA2G4A	15	2	0	22	2	1	31	0
BRINP3	3	1	0	17	5	3	13	0
RGS18	0	0	0	0	0	0	0	0
RGS21	0	0	0	1	1	1	0	0
RGS1	429	14	4	40	15	11	507	1
RGS13	4859	370	47	1567	485	79	8071	42
AL136454.1	119	11	10	58	8	8	282	2
RGS2	1010	85	19	352	67	36	1705	9
UCHL5	1025	145	37	759	144	71	1882	22
RO60	1816	221	72	1428	252	132	4037	47
GLRX2	898	54	31	352	71	35	1429	9
CDC73	1087	215	54	1467	228	124	2111	35
B3GALT2	4	0	0	1	0	1	6	0
KCNT2	39	171	1	1290	258	99	123	17
CFH	0	0	0	1	0	0	3	0
CFHR3	0	1	0	27	2	0	20	0
CFHR1	0	0	0	2	0	0	25	0
CFHR4	0	0	0	0	0	0	1	0
CFHR2	0	0	0	0	0	0	0	0
CFHR5	0	0	0	0	0	0	0	0
F13B	0	0	0	0	0	0	0	0
ASPM	2672	368	101	1923	420	200	5293	80
ZBTB41	156	23	4	142	30	10	342	3
CRB1	10	2	1	22	5	4	33	0
DENND1B	153	68	7	585	94	51	372	13
C1orf53	244	2	11	51	15	7	426	2
LHX9	10	5	0	6	0	3	152	0
NEK7	258	139	18	920	173	89	516	28
ATP6V1G3	1	0	1	0	0	0	2	0
PTPRC	1	0	0	0	0	0	1	0
NR5A2	5	3	1	20	3	1	10	1
ZNF281	979	85	73	529	88	54	1987	8
KIF14	586	148	26	721	186	78	1182	23
DDX59	398	59	19	408	95	52	780	11
CAMSAP2	698	215	19	1548	324	129	1260	36
GPR25	0	0	0	0	0	0	0	0
INAVA	134	30	4	206	69	17	314	8
KIF21B	93	7	2	68	14	6	148	2
CACNA1S	0	1	0	3	0	0	1	0
ASCL5	1	0	0	1	0	0	3	0
TMEM9	1928	128	106	664	115	85	4354	24
IGFN1	2	0	0	1	2	0	18	1
PKP1	7	0	0	0	0	0	1	0
TNNT2	2151	45	136	1500	91	70	3531	15
LAD1	11	0	8	22	1	0	36	0
TNNI1	5095	127	315	3170	168	56	15286	78
PHLDA3	1143	37	89	330	36	31	1301	15
CSRP1	1485	74	112	879	114	54	2054	9
NAV1	968	173	45	1493	251	112	1718	25
IPO9	1469	185	59	1263	282	109	2881	22
SHISA4	201	13	8	78	11	4	401	1
LMOD1	52	11	2	151	9	7	119	4
TIMM17A	2294	133	141	1066	170	109	4119	28
RNPEP	1325	81	45	643	149	52	2337	18
ELF3	172	2	24	76	6	8	270	1
GPR37L1	2	0	0	2	0	0	0	0
ARL8A	1184	43	79	392	61	32	1895	10
PTPN7	5	2	0	15	1	0	24	0
LGR6	8	0	0	11	3	0	15	0
UBE2T	796	269	191	1360	293	106	4944	45
PPP1R12B	193	126	12	769	152	85	529	26
SYT2	15	6	2	20	5	5	33	1
KDM5B	4561	526	191	3541	519	299	9534	87
RABIF	500	35	35	192	30	20	811	6
KLHL12	253	34	20	213	47	17	609	5
ADIPOR1	1120	65	87	614	83	35	1931	16
CYB5R1	452	26	24	204	32	17	743	5
TMEM183A	867	175	60	1165	216	102	1719	29
PPFIA4	53	8	6	111	12	8	150	1
MYOG	1	0	0	0	1	0	1	0
ADORA1	49	2	4	57	5	7	56	2
MYBPH	27	0	1	11	0	0	17	0
CHI3L1	68	0	0	23	0	1	57	0
CHIT1	0	0	0	4	0	0	0	0
BTG2	378	53	16	347	24	6	685	7
FMOD	395	5	16	132	11	6	842	11
PRELP	16	6	1	28	7	2	117	0
OPTC	1	1	0	4	0	0	9	0
ATP2B4	745	159	20	1178	192	84	1529	24
LAX1	0	0	0	1	0	0	1	0
ZC3H11A	14	3	0	18	3	1	39	0
ZBED6	32	0	0	24	5	1	50	0
SNRPE	8409	975	336	5147	1064	489	17486	142
SOX13	116	19	7	163	54	16	233	3
ETNK2	160	16	10	79	17	3	377	3
REN	271	0	1	124	6	1	167	1
KISS1	114	0	2	72	2	0	191	0
GOLT1A	5	0	3	4	0	0	15	0
PLEKHA6	229	78	11	1031	120	12	468	18
PPP1R15B	376	28	29	258	32	20	694	10
PIK3C2B	222	44	7	377	86	31	537	13
MDM4	1141	148	50	972	164	93	2354	21
LRRN2	546	20	7	215	52	31	901	2
NFASC	13	1	5	28	4	0	27	1
CNTN2	12	2	1	11	1	0	14	1
TMEM81	22	1	0	7	1	1	39	0
RBBP5	386	55	17	412	66	34	848	12
DSTYK	439	57	20	368	65	33	975	6
TMCC2	32	1	1	29	7	2	91	0
NUAK2	104	23	7	281	22	12	192	2
KLHDC8A	25	8	0	33	6	5	26	1
LEMD1	14	16	0	39	1	1	47	2
BLACAT1	10	15	0	27	1	2	21	0
CDK18	183	22	10	186	31	4	372	2
MFSD4A	12	4	1	9	2	5	13	1
ELK4	214	41	16	208	42	20	414	9
SLC45A3	61	3	3	21	5	1	105	1
NUCKS1	19245	2065	781	12054	2204	1072	43212	373
RAB29	216	3	29	63	7	7	485	1
SLC41A1	303	23	13	216	27	11	666	3
PM20D1	2	0	0	1	0	0	0	1
SLC26A9	0	0	0	0	0	0	0	0
RAB7B	11	0	0	5	0	0	24	0
CTSE	1	0	0	1	0	0	3	0
RHEX	1	0	0	0	0	0	6	0
AVPR1B	0	0	0	0	0	0	0	0
FAM72A	11	1	2	14	2	4	20	0
SRGAP2	662	154	19	1271	164	115	1036	28
IKBKE	165	6	3	78	11	6	269	1
RASSF5	10	1	1	9	2	0	40	2
EIF2D	675	62	47	311	59	41	1424	6
DYRK3	215	15	1	175	22	6	443	2
MAPKAPK2	422	57	40	437	63	38	1155	12
IL10	0	0	0	0	0	0	0	0
IL19	0	0	0	3	2	1	1	0
IL20	0	0	0	0	0	0	0	0
IL24	0	0	0	0	0	0	0	0
FCMR	0	0	2	2	0	0	0	0
PIGR	0	0	0	2	1	0	0	0
FCAMR	0	0	0	0	0	0	0	0
C1orf116	3	0	1	1	0	0	2	0
PFKFB2	48	6	2	35	8	2	122	0
YOD1	185	15	10	91	20	5	307	2
C4BPB	47	0	0	19	2	2	66	0
C4BPA	0	0	0	1	0	0	0	0
CD55	309	20	14	129	21	13	538	3
CR2	0	0	3	0	0	0	0	0
CR1	0	0	1	2	1	0	1	0
CR1L	32	28	30	417	28	7	69	6
CD46	1203	191	59	1057	159	103	2499	23
CD34	5	0	0	1	0	1	7	0
PLXNA2	1197	309	23	4478	458	180	2507	81
CAMK1G	18	5	2	26	2	1	77	0
LAMB3	0	1	0	3	0	0	0	0
G0S2	31	6	5	34	10	2	104	0
HSD11B1	0	0	0	5	2	0	0	1
TRAF3IP3	21	4	1	7	0	2	29	2
C1orf74	75	5	12	34	2	0	194	1
IRF6	8	0	5	11	2	2	35	0
UTP25	227	27	21	185	31	14	463	5
SYT14	33	25	17	127	54	19	119	2
SERTAD4	217	15	7	56	28	16	481	3
HHAT	94	64	2	388	100	42	225	17
KCNH1	66	54	0	1173	130	14	148	23
RCOR3	599	111	27	968	150	81	1188	30
TRAF5	218	43	17	390	61	18	563	6
RD3	2	1	0	7	1	2	13	0
SLC30A1	129	16	5	69	13	5	184	1
NEK2	512	62	18	323	68	34	1238	14
LPGAT1	692	152	19	1039	185	90	1396	28
INTS7	240	84	10	633	137	57	536	14
DTL	574	154	30	1030	249	94	1088	37
PPP2R5A	461	106	36	538	152	47	1005	16
PACC1	268	56	20	244	56	16	739	8
NENF	1172	85	67	517	123	59	2783	9
ATF3	1386	71	33	843	195	135	1953	6
FAM71A	2	0	0	2	0	0	3	0
BATF3	40	0	7	8	1	2	58	0
NSL1	1773	175	89	1107	183	93	3561	31
TATDN3	351	65	12	291	36	30	747	5
SPATA45	1	0	0	5	1	1	4	0
FLVCR1	419	79	42	505	88	49	943	18
VASH2	181	62	58	276	53	32	488	12
ANGEL2	424	78	16	395	75	59	960	14
RPS6KC1	344	190	18	1267	240	117	681	22
PROX1	194	33	12	240	23	10	440	16
SMYD2	673	82	23	484	76	50	1487	13
PTPN14	546	223	34	1700	257	102	1112	43
CENPF	6409	1307	343	5443	1188	599	15687	203
KCNK2	2	0	0	4	0	1	3	0
KCTD3	631	98	29	746	132	60	1291	15
USH2A	1	4	0	15	1	1	4	0
ESRRG	81	121	2	335	75	24	129	61
GPATCH2	1077	163	42	1202	199	116	2114	26
SPATA17	85	42	4	311	23	12	209	6
RRP15	1321	121	60	631	66	55	2274	23
TGFB2	348	113	19	311	28	31	761	29
LYPLAL1	704	137	45	882	90	79	2101	21
ZC3H11B	2	1	0	6	2	0	5	0
SLC30A10	0	1	0	4	1	0	5	0
EPRS	2185	278	133	1514	203	140	4548	37
BPNT1	529	33	17	251	25	25	1031	3
IARS2	1322	83	69	769	110	63	2611	20
RAB3GAP2	714	136	43	1051	113	84	1472	20
MARK1	171	159	10	762	148	111	428	16
C1orf115	15	2	5	10	1	0	42	0
MARC2	48	13	2	30	8	2	157	1
MARC1	138	41	30	176	26	27	372	6
HLX	248	16	3	95	26	18	614	2
DUSP10	112	20	10	206	24	6	277	4
HHIPL2	11	5	1	68	3	0	45	1
TAF1A	206	41	8	181	31	8	595	9
MIA3	1151	143	55	914	112	86	2744	26
AIDA	290	115	11	814	77	62	536	17
BROX	689	64	26	410	39	40	1233	13
FAM177B	0	0	0	0	1	0	0	0
DISP1	262	131	12	799	94	79	599	26
TLR5	10	5	0	4	3	0	54	1
SUSD4	63	28	5	45	6	7	149	1
CCDC185	0	0	0	0	0	0	0	0
CAPN8	1	1	0	0	0	0	2	0
CAPN2	1990	115	52	783	109	75	3100	17
TP53BP2	893	115	37	774	101	64	1792	25
FBXO28	359	99	21	875	95	68	741	17
DEGS1	1882	104	74	695	77	80	3216	12
NVL	490	112	30	824	106	70	1012	19
CNIH4	3056	277	311	1773	225	163	6884	47
WDR26	673	100	24	896	93	84	1151	19
CNIH3	267	48	3	359	41	72	325	9
DNAH14	335	276	23	2892	471	310	886	37
LBR	1718	239	65	1299	229	152	3114	38
ENAH	4657	891	243	5309	681	512	9428	140
SRP9	7908	989	377	4992	746	509	17047	124
EPHX1	444	34	69	306	28	19	1004	8
TMEM63A	107	24	10	81	13	4	204	2
LEFTY1	25	0	60	13	0	1	48	0
PYCR2	664	38	67	243	28	23	1146	7
LEFTY2	46	0	286	107	0	2	148	1
SDE2	318	32	11	267	28	21	648	6
H3F3A	966	4743	100	30857	3595	2557	3446	854
ACBD3	1724	199	89	1680	181	173	3434	22
MIXL1	1044	111	58	1804	43	38	2637	67
LIN9	221	97	5	576	65	51	510	18
PARP1	4289	506	438	2572	363	244	8840	70
STUM	1	1	0	9	1	0	3	0
ITPKB	43	8	2	49	1	6	84	2
PSEN2	154	8	8	88	11	4	388	1
COQ8A	203	28	16	153	10	14	469	6
CDC42BPA	597	280	19	2253	294	208	1341	68
ZNF678	266	85	10	379	55	47	361	10
SNAP47	853	51	45	341	27	29	1723	8
JMJD4	390	30	27	163	9	16	765	1
PRSS38	0	0	0	2	0	0	0	0
WNT9A	10	5	1	47	6	4	20	0
WNT3A	8	8	1	46	0	1	34	1
ARF1	7146	498	392	2981	312	304	13547	90
C1orf35	1291	116	83	674	81	56	2909	23
MRPL55	2257	173	120	1167	140	89	5149	32
GUK1	6685	411	298	2706	334	236	13369	67
GJC2	4	0	0	8	3	0	23	0
IBA57	136	8	8	71	11	4	273	1
OBSCN	247	59	13	520	48	16	714	10
TRIM11	311	28	22	143	17	12	666	1
TRIM17	45	7	0	20	6	0	98	2
HIST3H3	0	0	0	0	0	0	0	0
HIST3H2A	153	41	10	111	7	11	429	0
HIST3H2BB	5	5	0	14	0	0	10	0
RNF187	2175	112	128	857	90	48	4423	31
RHOU	1379	110	27	617	97	60	2453	18
RAB4A	1847	170	91	1027	122	94	4086	20
SPHAR	0	0	0	0	0	0	0	0
CCSAP	163	29	7	115	16	14	354	3
ACTA1	13	3	26	10	0	0	24	1
NUP133	566	108	21	650	77	46	1047	14
ABCB10	179	45	7	227	39	19	328	7
TAF5L	219	41	7	191	26	11	434	7
URB2	105	26	9	110	11	8	274	1
GALNT2	779	129	39	716	98	65	1260	19
PGBD5	11	5	7	42	5	7	35	1
COG2	596	87	21	504	57	44	1413	16
AGT	11	1	0	3	0	0	55	2
CAPN9	4	1	0	21	2	2	16	0
C1orf198	304	33	9	140	22	20	707	8
TTC13	78	18	3	79	9	9	148	0
ARV1	354	46	17	238	33	15	878	5
FAM89A	4051	438	94	4866	372	116	9408	94
TRIM67	0	0	0	2	0	0	0	0
AL109810.2	0	0	0	0	0	0	0	0
C1orf131	836	63	42	491	50	50	1713	9
GNPAT	806	71	44	528	65	40	1645	10
EXOC8	105	8	3	54	8	8	201	2
SPRTN	395	52	19	291	39	30	822	13
EGLN1	68	84	2	493	73	49	201	11
TSNAX	1363	142	67	998	116	92	2860	27
DISC1	77	70	6	668	67	59	165	9
SIPA1L2	4494	611	68	6485	667	418	6896	121
MAP10	186	18	1	94	8	6	219	3
NTPCR	3178	323	146	1784	175	138	4759	46
PCNX2	222	59	20	639	62	59	292	21
MAP3K21	61	8	2	75	6	7	74	1
KCNK1	162	26	27	113	16	19	194	4
SLC35F3	49	31	2	406	27	21	157	7
COA6	2061	145	118	1190	105	96	3621	14
TARBP1	279	82	10	453	49	37	557	9
IRF2BP2	1048	72	41	429	43	48	1958	13
TOMM20	6261	831	335	4891	542	436	13291	152
RBM34	84	8	1	43	8	3	194	0
ARID4B	2806	468	103	3277	411	284	5516	87
GGPS1	917	76	44	399	41	31	1718	17
TBCE	174	15	6	106	12	16	362	2
TBCE.1	157	10	5	81	7	8	261	3
B3GALNT2	474	186	23	679	74	44	1130	20
GNG4	32	59	15	223	18	15	236	4
LYST	122	24	2	301	22	16	266	6
NID1	536	61	26	324	74	41	960	13
GPR137B	87	37	8	111	19	8	222	5
ERO1B	43	10	3	70	11	2	93	2
EDARADD	64	28	3	119	21	18	143	4
LGALS8	253	13	20	113	20	12	602	3
HEATR1	584	126	41	674	83	70	1253	10
ACTN2	20	9	12	88	4	6	51	4
MTR	741	140	37	953	117	87	1855	15
MT1HL1	1	0	0	0	0	0	0	0
RYR2	32	41	3	607	57	17	50	12
ZP4	0	0	0	0	0	0	0	0
MTRNR2L11	1	0	0	0	1	0	0	0
CHRM3	82	65	3	1145	133	28	190	13
FMN2	102	14	4	184	19	15	29	3
GREM2	278	40	5	263	22	25	353	8
RGS7	8	245	2	2880	50	5	30	8
FH	1747	141	76	946	130	65	3424	34
KMO	2	2	0	6	1	1	3	0
OPN3	469	43	13	304	42	19	1113	10
CHML	283	33	21	236	19	19	721	5
WDR64	2	1	0	16	2	0	0	0
EXO1	239	43	8	402	44	23	517	12
BECN2	0	0	0	0	0	0	0	0
MAP1LC3C	3	1	0	4	0	0	3	0
PLD5	4	12	1	128	0	3	32	1
CEP170	414	289	8	1662	232	171	923	57
SDCCAG8	293	163	13	1225	157	116	588	33
AKT3	75	216	3	1845	210	162	157	36
ZBTB18	69	9	6	130	14	5	180	2
C1orf100	0	1	0	1	0	0	0	0
ADSS	1330	98	77	888	129	69	2351	24
CATSPERE	8	21	0	133	8	22	10	2
DESI2	1525	167	92	1223	163	108	2093	35
AL451007.3	8	1	0	4	1	1	33	0
COX20	1484	125	143	664	115	87	3624	22
HNRNPU	9926	1219	556	6496	1024	766	20326	191
EFCAB2	800	204	38	1415	194	136	1561	29
KIF26B	48	1392	0	12532	1464	912	123	266
SMYD3	726	762	30	5620	700	453	1795	131
TFB2M	396	47	24	378	45	27	750	10
CNST	254	61	12	435	55	34	460	10
SCCPDH	1441	102	52	577	97	71	3348	14
AHCTF1	674	147	36	1083	149	96	1307	27
ZNF695	128	64	10	264	37	20	289	13
ZNF670	231	86	7	514	61	39	474	21
ZNF669	230	28	8	147	18	8	527	2
ZNF124	558	150	31	1237	160	120	1394	20
ZNF496	411	37	17	425	56	28	781	10
NLRP3	2	0	0	2	0	0	7	0
OR2B11	0	0	0	0	0	0	0	0
GCSAML	0	0	0	1	0	0	0	0
OR2C3	0	0	0	0	0	0	0	0
GCSAML-AS1	0	0	0	0	0	0	0	0
OR2G2	0	0	0	0	0	0	0	0
OR2G3	0	0	0	0	0	0	0	0
OR13G1	0	0	0	0	0	0	0	0
OR6F1	0	0	0	0	0	0	2	0
OR14A2	0	0	0	0	0	0	0	0
OR14K1	0	0	0	0	0	0	1	0
OR1C1	1	0	0	0	0	0	2	0
OR14A16	1	0	0	0	0	0	0	0
OR11L1	0	0	0	0	0	0	0	0
TRIM58	111	1	6	17	2	4	107	0
OR2W3	0	0	0	0	0	0	0	0
OR2T8	2	0	0	0	0	0	0	0
OR2AJ1	0	0	0	0	0	0	1	0
OR2L8	0	0	0	0	0	0	0	0
OR2AK2	1	0	0	0	0	0	2	0
OR2L5	1	0	0	0	0	0	0	0
OR2L2	1	1	0	3	0	0	8	0
OR2L3	1	1	0	1	0	0	1	0
OR2L13	2	0	0	1	0	0	2	0
OR2M5	0	0	0	0	0	0	0	0
OR2M2	0	0	0	0	0	0	0	0
OR2M3	0	0	0	0	0	0	2	0
OR2M4	0	0	0	0	0	0	3	0
OR2T33	0	1	0	0	0	0	0	0
OR2T12	0	0	0	0	0	0	0	0
OR2M7	0	0	0	0	0	0	0	0
OR14C36	0	0	0	0	0	0	0	0
OR2T4	0	0	0	0	0	0	0	0
OR2T6	0	0	0	0	0	0	0	0
OR2T1	0	0	0	0	0	0	0	0
OR2T2	0	0	0	0	0	0	0	0
OR2T3	0	0	0	0	0	0	0	0
OR2T5	0	0	0	0	0	0	0	0
OR2G6	1	0	0	0	0	0	0	0
OR2T29	0	0	0	0	0	0	0	0
OR2T34	0	0	0	0	0	0	0	0
OR2T10	0	0	0	0	0	0	0	0
OR2T11	0	0	0	0	0	0	0	0
OR2T35	0	0	0	0	0	0	0	0
OR2T27	0	0	0	0	0	0	0	0
OR14I1	0	0	0	0	0	0	0	0
LYPD8	0	0	0	0	0	0	0	0
SH3BP5L	170	12	5	81	7	4	297	3
ZNF672	445	24	20	165	20	24	818	3
ZNF692	182	29	8	94	8	9	430	5
PGBD2	121	11	2	69	10	10	217	3
FAM110C	2	0	3	2	0	0	4	0
SH3YL1	180	34	25	157	30	27	411	5
ACP1	3088	383	228	1673	322	216	6198	56
ALKAL2	9	1	5	16	2	0	42	2
TMEM18	871	93	50	488	58	50	1851	18
SNTG2	4	46	5	89	11	7	2	11
TPO	0	0	0	1	0	0	0	0
PXDN	1982	145	87	752	125	126	3299	27
MYT1L	0	0	0	4	0	1	4	0
EIPR1	305	57	30	356	52	44	712	13
TRAPPC12	168	97	11	476	53	53	263	6
ADI1	231	145	3	950	136	90	275	24
RNASEH1	432	117	55	426	77	66	1093	17
RPS7	52576	6587	4198	30244	4772	3560	103998	1003
COLEC11	260	8	12	54	7	15	744	6
ALLC	0	2	0	1	0	0	3	0
DCDC2C	0	0	0	0	0	0	0	0
SOX11	1147	199	63	559	154	119	3444	53
CMPK2	11	2	1	5	0	1	23	2
RSAD2	4	0	0	12	0	0	7	0
RNF144A	56	63	1	239	65	28	183	4
ID2	2607	302	162	2185	436	216	7761	90
KIDINS220	742	150	38	802	156	104	1503	21
MBOAT2	320	185	16	570	120	76	752	34
ASAP2	167	106	11	259	80	80	367	14
ITGB1BP1	1389	127	79	734	149	73	2729	18
CPSF3	949	135	55	543	107	91	1937	21
IAH1	79	130	58	466	111	93	3182	16
ADAM17	644	141	29	556	80	75	1199	13
YWHAQ	5946	958	289	3802	794	530	9936	187
TAF1B	450	135	28	579	129	103	1132	23
GRHL1	10	5	3	7	2	4	17	3
KLF11	145	24	5	128	19	13	408	9
CYS1	9	0	1	6	1	1	12	1
RRM2	997	281	59	888	226	141	2136	69
HPCAL1	132	21	10	122	34	19	255	4
ODC1	3430	504	115	1211	262	310	6425	58
NOL10	565	145	45	764	93	77	1181	29
ATP6V1C2	24	7	0	20	3	5	28	1
PDIA6	9469	1088	550	4622	797	594	18473	211
KCNF1	11	0	1	6	0	0	38	0
C2orf50	2	3	0	1	0	0	3	0
SLC66A3	143	9	12	65	6	10	237	5
ROCK2	1109	358	61	1610	289	209	2143	43
E2F6	198	44	11	201	34	21	430	5
GREB1	400	251	16	1081	306	116	647	53
NTSR2	0	0	0	1	0	0	0	0
LPIN1	379	66	18	320	70	49	811	14
TRIB2	245	74	14	214	27	14	727	9
LRATD1	10	6	0	28	1	2	116	2
NBAS	530	280	33	1373	240	178	1099	41
DDX1	1638	200	97	1008	185	130	3231	30
MYCN	340	92	32	287	63	59	1149	14
FAM49A	48	13	1	59	5	9	68	1
RAD51AP2	2	0	0	1	0	1	8	0
VSNL1	56	13	28	42	4	1	138	0
SMC6	1044	304	87	1239	254	158	2386	46
GEN1	221	72	8	388	97	56	352	15
MSGN1	18	24	9	282	35	10	299	1
KCNS3	56	15	16	31	15	9	72	2
RDH14	746	77	60	353	59	55	1402	18
NT5C1B	0	0	0	1	0	0	0	0
OSR1	246	5	0	32	22	17	377	2
TTC32	148	22	18	110	23	16	317	9
WDR35	92	90	6	291	42	44	167	12
MATN3	104	8	11	36	14	20	142	3
LAPTM4A	6326	612	410	2539	418	314	12503	86
SDC1	275	43	15	98	25	13	666	3
PUM2	416	454	26	2323	366	256	927	80
RHOB	1013	120	77	605	88	50	1699	14
HS1BP3	200	26	14	119	8	8	375	6
GDF7	177	12	2	53	11	21	367	4
LDAH	371	151	16	621	93	62	684	20
APOB	32	2	0	18	3	8	52	1
TDRD15	0	0	0	1	0	0	0	0
KLHL29	89	62	3	452	100	47	202	17
ATAD2B	299	217	13	930	176	138	670	33
UBXN2A	817	182	41	741	156	113	1506	30
MFSD2B	14	12	2	31	4	3	21	0
WDCP	138	26	5	88	27	18	283	7
FKBP1B	493	64	105	308	51	36	1200	6
SF3B6	5924	610	481	2780	474	363	11826	73
FAM228B	178	44	11	203	51	31	442	4
TP53I3	1937	110	60	796	134	122	3815	27
PFN4	25	1	0	17	0	4	17	1
FAM228A	3	1	0	9	1	0	9	0
ITSN2	252	60	36	373	49	59	465	10
NCOA1	496	282	31	2243	245	181	937	62
PTRHD1	1618	137	126	718	144	91	3130	26
CENPO	216	90	13	262	59	43	447	10
ADCY3	150	53	6	240	42	29	191	3
DNAJC27	75	35	4	133	16	18	167	5
EFR3B	47	42	4	141	33	20	153	5
POMC	23	3	11	26	1	2	106	3
DNMT3A	720	101	71	502	93	51	1621	14
DTNB	133	195	10	754	187	94	310	31
ASXL2	245	98	24	596	91	50	517	21
KIF3C	171	37	22	181	30	27	426	9
RAB10	1287	335	125	1659	296	203	2696	47
GAREM2	123	22	11	55	9	13	281	2
HADHA	2052	311	130	1421	268	178	4471	61
HADHB	1327	142	62	673	116	100	2505	33
ADGRF3	0	4	0	9	3	2	2	1
SELENOI	211	97	17	392	63	47	380	14
DRC1	0	3	0	6	0	0	6	1
OTOF	0	0	0	4	0	0	6	0
FAM166C	0	0	0	0	0	0	0	0
CIB4	0	1	0	6	0	0	1	0
KCNK3	20	1	1	18	0	0	14	0
SLC35F6	377	21	15	195	21	21	722	4
CENPA	583	155	50	397	81	56	1195	21
DPYSL5	36	42	0	67	16	16	81	1
MAPRE3	207	13	7	87	11	8	267	1
TMEM214	508	28	29	130	17	14	844	2
AGBL5	344	55	23	257	48	36	766	9
OST4	8845	736	532	3464	551	520	15621	117
EMILIN1	1046	27	29	187	36	33	2155	7
KHK	69	10	18	31	8	2	153	2
CGREF1	27	3	0	3	2	1	24	0
ABHD1	3	0	1	0	0	0	12	0
PREB	403	27	54	160	21	11	754	2
PRR30	0	0	0	0	0	0	0	0
TCF23	0	0	1	0	0	0	0	0
SLC5A6	464	40	45	184	26	17	895	10
ATRAID	2569	274	223	1214	218	176	5756	47
CAD	396	59	26	195	29	31	791	3
SLC30A3	28	4	10	41	3	1	110	1
DNAJC5G	0	0	0	5	0	0	0	1
TRIM54	5	1	1	5	0	0	10	0
UCN	15	2	1	0	1	0	23	0
MPV17	1160	124	65	487	97	76	2361	19
GTF3C2	509	116	45	492	99	53	1057	16
EIF2B4	545	60	49	235	50	40	1011	6
SNX17	1561	103	79	571	133	68	2723	17
ZNF513	180	8	11	66	8	8	316	0
PPM1G	3526	530	309	1967	359	243	7362	81
NRBP1	2988	174	156	1073	156	122	4864	34
KRTCAP3	148	25	37	94	19	6	449	3
IFT172	105	49	6	169	33	10	226	11
FNDC4	235	15	12	110	16	5	687	9
GCKR	1	0	0	1	0	0	3	0
C2orf16	1	0	0	0	0	0	5	0
ZNF512	260	88	18	311	48	47	570	12
CCDC121	83	5	1	38	11	9	150	1
GPN1	750	79	49	357	74	53	1569	19
SUPT7L	492	51	44	243	41	20	882	5
SLC4A1AP	563	93	34	417	77	37	1256	16
MRPL33	1917	182	120	931	160	109	3673	27
RBKS	118	11	4	99	19	10	244	2
BABAM2	520	195	34	1034	155	111	974	35
FOSL2	942	63	11	446	65	57	1332	11
PLB1	64	10	0	80	9	9	75	0
PPP1CB	2371	367	127	1773	343	224	4455	65
SPDYA	5	11	0	74	24	3	7	9
TRMT61B	346	72	17	368	66	35	519	14
WDR43	902	208	93	1007	154	118	1728	37
TOGARAM2	35	2	7	71	5	7	82	3
PCARE	5	0	0	3	0	0	8	0
CLIP4	183	41	2	321	41	47	276	7
ALK	11	27	0	502	89	46	45	36
YPEL5	1065	89	38	653	85	61	1996	26
LBH	1484	135	63	780	150	151	2298	34
LCLAT1	249	242	11	951	170	208	521	35
CAPN13	0	1	1	18	0	0	2	0
GALNT14	54	17	4	140	48	11	111	1
CAPN14	2	2	0	9	0	0	3	0
EHD3	96	7	9	115	10	4	213	5
XDH	9	18	0	72	12	1	13	1
SRD5A2	0	0	0	0	0	0	0	0
MEMO1	164	9	6	67	11	10	343	3
DPY30	2414	341	226	1383	243	191	5266	56
SPAST	248	89	20	344	72	47	531	12
SLC30A6	214	74	19	450	51	42	369	13
NLRC4	0	3	0	20	1	1	2	0
YIPF4	867	130	49	599	91	68	1729	16
BIRC6	810	433	43	2553	407	295	1505	83
TTC27	207	70	21	385	57	49	391	15
LTBP1	471	382	40	844	201	145	818	57
RASGRP3	52	19	5	212	36	3	96	6
FAM98A	661	81	64	450	72	71	1117	14
CRIM1	132	127	21	759	110	68	274	29
FEZ2	1033	191	67	767	173	95	2401	22
VIT	41	6	0	55	7	6	101	0
STRN	414	128	26	585	83	63	775	34
HEATR5B	78	49	4	309	49	38	188	11
GPATCH11	291	37	14	183	35	24	582	5
EIF2AK2	993	131	62	720	85	81	1918	25
SULT6B1	0	1	0	0	0	0	0	0
CEBPZOS	389	94	96	404	67	51	660	7
CEBPZ	1327	180	197	873	157	105	2508	25
NDUFAF7	322	42	33	219	35	26	560	6
PRKD3	495	184	41	834	145	90	918	28
QPCT	132	17	48	124	3	6	28	0
CDC42EP3	312	37	31	497	50	52	576	7
RMDN2	60	26	2	128	20	10	116	5
CYP1B1	79	24	9	70	4	26	304	14
ATL2	335	145	29	676	109	56	733	36
HNRNPLL	546	144	42	779	113	83	1093	29
GALM	350	55	24	257	46	48	777	7
SRSF7	6754	952	331	3926	771	523	14153	201
GEMIN6	605	71	47	307	55	39	1206	8
DHX57	374	94	19	500	110	60	699	19
MORN2	1144	91	43	498	74	51	2145	8
ARHGEF33	16	6	0	11	6	0	49	0
SOS1	444	290	18	1505	248	164	851	50
CDKL4	1	4	0	16	2	2	1	1
MAP4K3	280	230	15	1257	213	151	546	38
TMEM178A	16	13	2	20	7	6	51	1
THUMPD2	360	112	30	432	94	72	801	14
SLC8A1	33	22	7	144	34	20	68	10
C2orf91	74	8	0	26	3	3	137	0
PKDCC	2520	235	34	640	107	75	5080	32
EML4	1239	618	72	2480	517	311	3235	107
COX7A2L	3241	427	259	1735	318	202	7295	81
KCNG3	3	5	1	44	2	1	3	3
MTA3	1124	277	148	1411	215	153	2371	44
OXER1	20	1	2	2	0	0	31	1
HAAO	68	17	5	91	19	12	110	4
ZFP36L2	1384	202	104	483	81	98	2681	31
THADA	278	167	16	704	126	101	530	26
PLEKHH2	66	19	3	50	6	9	137	1
C1GALT1C1L	8	0	1	5	1	1	9	0
DYNC2LI1	410	79	14	287	49	35	941	6
ABCG5	3	2	0	2	1	0	0	0
ABCG8	7	0	0	2	4	0	7	0
LRPPRC	1096	274	115	1332	247	164	2203	39
PPM1B	197	106	64	465	93	52	424	14
SLC3A1	5	2	0	26	3	2	8	0
PREPL	372	101	20	371	74	52	803	13
CAMKMT	139	228	12	926	203	155	368	42
SIX3	42	6	12	16	2	2	48	1
SIX2	7	2	0	9	0	0	18	0
SRBD1	341	150	20	707	121	110	647	30
PRKCE	232	640	4	1620	526	184	435	93
EPAS1	365	13	23	192	12	24	461	6
TMEM247	0	0	0	0	0	0	0	0
ATP6V1E2	50	13	3	66	10	11	121	1
RHOQ	411	49	41	284	53	40	674	14
PIGF	567	99	37	451	78	62	1359	14
CRIPT	970	108	68	527	92	78	1823	18
SOCS5	161	13	8	101	23	12	268	1
MCFD2	1138	131	90	616	94	79	2036	23
TTC7A	56	30	7	205	34	15	117	7
STPG4	0	4	0	31	7	0	0	4
CALM2	13522	1617	986	7020	1500	813	25879	217
EPCAM	222	141	392	269	25	43	684	9
MSH2	913	260	76	1099	174	119	1996	51
KCNK12	49	18	21	94	9	2	142	4
MSH6	1512	323	126	1296	231	218	3444	59
FBXO11	684	342	35	1847	301	240	1325	65
FOXN2	92	63	8	226	39	12	225	10
PPP1R21	161	53	18	280	39	36	323	6
STON1	376	15	12	148	24	29	624	5
STON1-GTF2A1L	4	3	0	11	10	8	6	2
GTF2A1L	2	0	0	0	0	0	1	0
LHCGR	2	5	1	30	3	1	6	0
FSHR	42	37	2	438	18	90	88	16
NRXN1	108	31	5	179	22	39	177	9
ASB3	507	179	24	930	178	110	1174	39
CHAC2	156	23	13	94	23	14	313	4
ERLEC1	1004	116	52	528	85	77	1860	22
GPR75	3	0	1	1	1	0	7	0
PSME4	564	229	44	1140	193	133	1032	32
ACYP2	170	138	9	622	101	74	412	20
TSPYL6	1	0	0	0	0	0	0	0
C2orf73	2	1	0	0	0	0	1	0
SPTBN1	1402	311	100	1248	169	131	2906	42
EML6	3	12	2	56	4	2	5	2
RTN4	5836	705	375	3403	533	458	12402	139
CLHC1	118	42	6	218	31	29	286	17
RPS27A	82978	8639	6258	40025	6039	4670	164566	1365
MTIF2	535	93	48	415	79	52	1011	21
CCDC88A	1936	387	66	1510	310	221	4032	64
CFAP36	1061	156	48	570	87	81	2220	22
PPP4R3B	618	121	51	744	116	67	1283	25
PNPT1	577	151	40	533	92	53	1169	14
EFEMP1	27	4	3	27	3	2	68	2
CCDC85A	21	25	0	188	60	7	33	14
VRK2	438	84	13	623	84	115	740	23
FANCL	627	189	52	726	137	105	1218	39
BCL11A	444	41	40	260	28	28	827	10
PAPOLG	175	44	13	240	31	35	317	10
REL	355	35	19	193	48	25	654	5
PUS10	134	15	2	72	9	7	167	3
PEX13	385	69	21	283	61	52	806	13
KIAA1841	277	90	10	422	83	47	603	17
C2orf74	421	52	16	277	31	24	614	7
USP34	1087	395	53	2371	401	269	2081	103
XPO1	2084	594	148	2634	481	340	4014	86
FAM161A	623	105	40	336	70	44	769	20
CCT4	4813	711	442	3140	529	382	9869	102
COMMD1	1654	282	80	1920	306	223	3406	37
B3GNT2	187	18	23	193	31	19	302	3
TMEM17	66	7	2	24	3	2	79	0
EHBP1	314	259	9	1549	295	176	667	49
OTX1	20	5	6	18	3	0	50	1
WDPCP	78	178	9	877	158	130	182	24
MDH1	3849	369	316	1842	349	232	7648	68
UGP2	1589	163	389	1009	129	154	2906	20
VPS54	216	236	14	1272	184	171	439	30
PELI1	271	169	27	618	116	87	690	36
LGALSL	237	49	49	138	33	13	630	7
AFTPH	168	50	19	221	37	25	353	10
SERTAD2	189	50	8	227	40	35	367	10
SLC1A4	11	6	1	27	10	6	49	1
CEP68	264	55	18	270	41	44	491	8
RAB1A	2118	247	152	1361	241	173	4368	38
ACTR2	2335	413	119	1709	279	249	4221	59
SPRED2	207	132	13	902	161	92	360	21
MEIS1	306	208	11	1633	195	150	549	61
ETAA1	224	43	14	172	44	34	419	8
C1D	1268	145	107	832	154	91	2618	32
WDR92	224	74	20	265	48	24	482	9
PNO1	733	114	87	553	90	75	1600	15
PPP3R1	311	196	15	1091	176	106	617	47
CNRIP1	32	2	1	14	2	2	116	0
PLEK	2	0	0	1	0	0	6	0
FBXO48	40	6	2	23	2	0	64	1
APLF	119	81	10	547	106	53	236	20
PROKR1	4	0	1	2	1	0	5	0
ARHGAP25	23	27	1	214	25	16	31	4
BMP10	10	1	2	4	1	2	44	1
GKN2	1	0	0	4	0	0	7	0
GKN1	0	0	1	1	0	0	8	0
ANTXR1	504	250	24	961	230	163	862	27
GFPT1	681	179	56	886	126	111	1424	29
NFU1	1133	125	76	497	106	78	2107	17
AAK1	521	95	38	569	97	76	1037	15
ANXA4	390	42	33	297	53	33	622	6
GMCL1	483	119	40	427	87	53	999	19
SNRNP27	740	80	38	383	60	45	1505	8
MXD1	50	20	2	98	19	12	88	5
ASPRV1	2	0	0	1	0	0	13	1
PCBP1	4971	434	551	2135	357	277	9619	99
C2orf42	67	18	3	130	15	8	127	5
TIA1	967	131	58	630	109	80	2016	31
PCYOX1	1048	62	44	381	85	57	2091	6
SNRPG	4795	687	449	2920	529	431	9168	112
FAM136A	1347	194	166	664	113	99	2882	24
TGFA	0	15	1	59	1	2	10	0
ADD2	64	32	45	143	29	12	190	2
FIGLA	0	0	1	0	0	0	0	0
CLEC4F	0	0	0	0	0	0	3	0
CD207	0	0	0	0	0	0	0	0
VAX2	1	1	0	5	1	0	2	0
ATP6V1B1	1	0	0	1	0	0	1	0
ANKRD53	14	2	3	18	1	2	49	1
TEX261	185	16	19	78	15	15	382	4
NAGK	506	46	55	353	43	36	1188	12
MCEE	170	40	16	169	26	19	391	4
MPHOSPH10	1206	167	87	736	150	93	2676	26
PAIP2B	87	16	20	98	8	14	169	2
ZNF638	1621	420	98	2349	450	264	3326	75
DYSF	21	12	4	75	14	4	32	3
CYP26B1	1	1	0	12	1	0	11	0
EXOC6B	228	475	10	2733	505	292	440	69
SPR	98	6	15	65	15	4	270	6
EMX1	10	3	0	11	2	3	8	0
SFXN5	181	51	14	209	32	26	298	6
RAB11FIP5	68	4	4	42	10	6	148	0
NOTO	0	1	0	1	0	0	0	0
SMYD5	123	17	16	67	8	14	325	1
PRADC1	441	38	35	173	27	17	764	6
CCT7	4506	485	345	2242	385	261	9118	102
FBXO41	29	1	1	25	4	0	41	0
EGR4	5	0	0	3	0	0	4	0
ALMS1	301	144	17	865	175	94	670	29
NAT8	0	0	0	0	0	0	0	0
TPRKB	1972	234	109	1046	202	99	4314	42
DUSP11	551	52	34	275	41	29	1029	6
C2orf78	0	0	0	0	0	0	0	0
STAMBP	497	96	35	435	73	60	1169	20
ACTG2	105	2	3	38	2	2	198	1
DGUOK	2828	404	204	1650	310	198	5865	46
TET3	118	128	3	387	92	66	237	14
BOLA3	1474	169	219	799	123	85	2776	25
MOB1A	1110	162	80	652	120	91	1984	25
MTHFD2	736	162	130	746	124	76	1503	26
SLC4A5	13	13	1	123	15	9	29	3
DCTN1	798	113	56	400	99	73	1623	17
C2orf81	15	16	2	24	7	2	33	1
WDR54	803	127	72	383	97	87	2318	24
RTKN	322	33	40	216	27	32	656	9
INO80B	20	14	0	77	11	12	34	5
WBP1	16	131	2	495	97	77	42	25
MOGS	376	45	28	216	40	15	704	8
MRPL53	75	2	6	18	2	0	149	0
CCDC142	130	10	9	37	4	6	211	1
TTC31	224	24	13	120	22	13	470	5
LBX2	20	12	2	5	5	4	89	2
PCGF1	109	12	4	55	4	9	267	4
TLX2	1	2	3	2	0	1	7	0
DQX1	2	0	3	2	1	0	3	0
AUP1	1479	98	168	521	77	66	2676	21
HTRA2	550	46	39	222	36	19	1145	6
LOXL3	52	10	7	69	16	18	188	2
DOK1	114	14	10	35	5	6	235	0
M1AP	9	3	2	36	15	1	22	1
SEMA4F	34	8	0	14	3	1	67	1
HK2	182	48	16	183	34	19	541	5
POLE4	1745	188	53	645	111	108	3257	19
TACR1	26	19	0	82	6	4	29	5
EVA1A	157	33	2	43	8	13	216	5
MRPL19	1527	186	96	735	171	103	2926	37
GCFC2	321	102	13	357	67	77	777	26
LRRTM4	55	353	9	2139	328	146	187	104
REG3G	0	0	0	0	0	0	0	0
REG1B	0	0	0	0	0	0	0	0
REG1A	50	1	0	1	3	0	11	0
REG3A	3	0	0	1	0	0	0	0
CTNNA2	13	85	4	530	68	55	48	31
LRRTM1	123	12	5	79	8	2	224	9
SUCLG1	2464	204	145	1079	218	146	4134	28
DNAH6	16	28	0	131	29	9	41	3
TRABD2A	12	2	1	9	0	1	18	0
TMSB10	49648	5351	2118	24648	4223	3349	107526	907
KCMF1	1149	216	87	1135	169	110	2188	52
TCF7L1	866	245	90	1115	216	173	1527	57
TGOLN2	773	90	50	411	68	47	1556	23
RETSAT	85	5	11	34	3	3	182	0
ELMOD3	226	37	7	130	34	21	317	5
CAPG	789	73	106	501	69	52	1593	15
SH2D6	1	0	1	1	0	0	4	0
MAT2A	856	150	86	635	134	89	1734	23
GGCX	513	57	45	258	33	39	1065	7
VAMP8	848	134	111	1059	97	55	1891	32
VAMP5	585	56	43	470	66	44	691	18
RNF181	2488	305	211	1269	199	137	5484	55
TMEM150A	297	28	29	150	26	13	682	1
USP39	560	109	60	459	71	57	1205	23
C2orf68	417	58	45	191	29	25	864	11
SFTPB	1	0	0	1	0	0	0	0
GNLY	0	0	0	0	0	0	4	0
ATOH8	25	3	0	25	1	1	95	3
ST3GAL5	317	49	7	292	48	41	545	5
POLR1A	208	70	17	237	41	35	448	7
PTCD3	900	135	69	623	112	81	1889	28
IMMT	1609	242	113	1039	198	129	3204	43
MRPL35	743	77	56	306	70	45	1551	11
REEP1	72	5	0	40	6	2	104	1
KDM3A	254	65	15	444	79	47	600	11
CHMP3	518	105	29	592	120	73	1238	14
RNF103	141	17	8	132	23	20	263	1
RMND5A	372	70	36	300	51	40	753	13
CD8A	2	1	0	1	0	0	7	0
CD8B	0	2	1	0	0	0	5	0
RGPD1	0	0	0	11	1	0	0	0
PLGLB1	0	1	0	6	1	0	0	1
IGKV3OR2-268	0	0	0	0	0	0	0	0
PLGLB2	0	1	0	11	2	0	1	0
RGPD2	0	0	0	76	0	0	0	1
KRCC1	601	86	33	385	79	59	1164	17
SMYD1	0	1	7	8	0	0	2	0
FABP1	11	4	1	15	3	1	17	0
THNSL2	259	17	12	181	26	16	659	4
FOXI3	6	1	3	3	1	1	9	0
TEX37	0	0	0	0	0	0	2	0
EIF2AK3	86	54	9	221	33	23	162	6
RPIA	372	54	26	236	60	27	758	9
IGKC	2	0	0	0	0	0	84	0
IGKJ5	0	0	0	0	0	0	0	0
IGKJ4	0	0	0	0	0	0	0	0
IGKJ3	0	0	0	0	0	0	0	0
IGKJ2	0	0	0	0	0	0	0	0
IGKJ1	0	0	0	0	0	0	0	0
IGKV4-1	0	0	0	0	0	0	0	0
IGKV5-2	0	0	0	0	0	0	0	0
IGKV7-3	0	0	0	0	0	0	0	0
IGKV2-4	0	0	0	0	0	0	0	0
IGKV1-5	0	0	0	0	0	0	0	0
IGKV1-6	0	0	0	0	0	0	0	0
IGKV3-7	0	0	0	0	0	0	0	0
IGKV1-8	0	0	0	0	0	0	0	0
IGKV1-9	0	0	0	0	0	0	0	0
IGKV2-10	0	0	0	0	0	0	0	0
IGKV3-11	0	0	0	0	0	0	0	0
IGKV1-12	0	0	0	0	0	0	0	0
IGKV1-13	0	0	0	0	0	0	0	0
IGKV2-14	0	0	0	0	0	0	0	0
IGKV3-15	0	0	0	0	0	0	0	0
IGKV1-16	0	0	0	0	0	0	0	0
IGKV1-17	0	0	0	0	0	0	0	0
IGKV2-18	0	0	0	0	0	0	0	0
IGKV2-19	0	0	0	0	0	0	0	0
IGKV3-20	0	0	0	0	0	0	0	0
IGKV6-21	0	0	0	0	0	0	0	0
IGKV1-22	0	0	0	0	0	0	0	0
IGKV2-23	0	0	0	0	0	0	0	0
IGKV2-24	0	0	0	0	0	0	0	0
IGKV3-25	0	0	0	0	0	0	0	0
IGKV2-26	0	0	0	0	0	0	0	0
IGKV1-27	0	0	0	0	0	0	0	0
IGKV2-28	0	0	0	0	0	0	0	0
IGKV2-29	0	0	0	0	0	0	0	0
IGKV2-30	0	0	0	0	0	0	0	0
IGKV3-31	0	0	0	0	0	0	0	0
IGKV1-32	0	0	0	0	0	0	0	0
IGKV1-33	0	0	0	0	0	0	0	0
IGKV3-34	0	0	0	0	0	0	0	0
IGKV1-35	0	0	0	0	0	0	0	0
IGKV2-36	0	0	0	0	0	0	0	0
IGKV1-37	0	0	0	0	0	0	0	0
IGKV2-38	0	0	0	0	0	0	0	0
IGKV1-39	0	0	0	0	0	0	0	0
IGKV2-40	0	0	0	0	0	0	0	0
IGKV2D-40	0	0	0	0	0	0	0	0
IGKV1D-39	0	0	0	0	0	0	0	0
IGKV2D-38	0	0	0	0	0	0	0	0
IGKV1D-37	0	0	0	0	0	0	0	0
IGKV2D-36	0	0	0	0	0	0	0	0
IGKV1D-35	0	0	0	0	0	0	0	0
IGKV3D-34	0	0	0	0	0	0	0	0
IGKV1D-33	0	0	0	0	0	0	0	0
IGKV1D-32	0	0	0	0	0	0	0	0
IGKV3D-31	0	0	0	0	0	0	0	0
IGKV2D-30	0	0	0	0	0	0	0	0
IGKV2D-29	0	0	0	0	0	0	0	0
IGKV2D-28	0	0	0	0	0	0	0	0
IGKV1D-27	0	0	0	0	0	0	0	0
IGKV2D-26	0	0	0	0	0	0	0	0
IGKV3D-25	0	0	0	0	0	0	0	0
IGKV2D-24	0	0	0	0	0	0	0	0
IGKV2D-23	0	0	0	0	0	0	0	0
IGKV1D-22	0	0	0	0	0	0	0	0
IGKV6D-21	0	0	0	0	0	0	0	0
IGKV3D-20	0	0	0	0	0	0	0	0
IGKV2D-19	0	0	0	0	0	0	0	0
IGKV2D-18	0	0	0	0	0	0	0	0
IGKV6D-41	0	0	0	0	0	0	0	0
IGKV1D-17	0	0	0	0	0	0	0	0
IGKV1D-16	0	0	0	0	0	0	0	0
IGKV3D-15	0	0	0	0	0	0	0	0
IGKV2D-14	0	0	0	0	0	0	0	0
IGKV1D-13	0	0	0	0	0	0	0	0
IGKV1D-12	0	0	0	0	0	0	0	0
IGKV3D-11	0	0	0	0	0	0	0	0
IGKV2D-10	0	0	0	0	0	0	0	0
IGKV1D-42	0	0	0	0	0	0	0	0
IGKV1D-43	0	0	0	0	0	0	0	0
IGKV1D-8	0	0	0	0	0	0	0	0
IGKV3D-7	0	0	0	0	0	0	0	0
IGKV1OR2-118	0	0	0	0	0	0	0	0
IGKV1OR2-1	0	0	0	0	0	0	0	0
AL845331.2	0	0	0	0	0	0	0	0
TEKT4	0	0	0	0	0	0	2	0
MAL	0	1	0	5	0	0	7	0
MRPS5	1078	138	118	765	125	88	2353	37
ZNF514	145	22	7	89	9	16	301	3
ZNF2	35	14	0	62	9	12	107	3
AC092835.1	31	26	3	167	26	17	84	3
PROM2	6	2	0	4	0	1	4	0
KCNIP3	6	1	0	15	2	2	17	1
FAHD2A	203	60	19	216	35	28	399	6
TRIM43B	0	0	0	0	0	0	0	0
TRIM43	0	0	0	0	0	0	0	0
ANKRD36C	178	55	5	190	47	32	429	6
GPAT2	3	0	2	0	0	0	24	0
ADRA2B	1	0	0	0	0	0	6	0
ASTL	0	0	0	2	0	0	0	0
DUSP2	42	4	6	65	7	2	183	0
STARD7	959	139	90	572	110	90	1826	26
TMEM127	248	21	19	117	20	13	450	5
CIAO1	1098	141	69	636	103	69	2379	24
SNRNP200	1491	217	91	833	133	116	2911	30
ITPRIPL1	94	9	6	35	13	7	189	8
NCAPH	395	75	23	276	83	37	698	15
NEURL3	1	1	0	2	0	0	0	0
ARID5A	55	0	5	19	5	1	92	1
KANSL3	148	49	18	238	34	29	259	3
FER1L5	1	1	0	28	2	0	9	0
LMAN2L	334	49	23	233	40	27	643	7
CNNM4	37	26	3	67	12	6	68	7
CNNM3	133	24	10	80	17	12	300	3
ANKRD23	6	15	0	64	10	13	11	2
ANKRD39	301	18	25	104	22	26	586	4
SEMA4C	520	32	26	163	19	17	941	6
FAM178B	10	6	0	11	4	2	43	0
IGKV2OR2-1	0	0	0	0	0	0	0	0
IGKV2OR2-2	0	0	0	0	0	0	0	0
IGKV1OR2-3	0	0	0	0	0	0	0	0
FAHD2B	212	32	24	139	19	15	537	6
ANKRD36	115	88	6	294	59	41	353	14
IGKV1OR2-9	0	0	0	0	0	0	0	0
IGKV2OR2-10	0	0	0	0	0	0	0	0
IGKV2OR2-7D	0	0	0	0	0	0	0	0
IGKV3OR2-5	0	0	0	0	0	0	0	0
IGKV1OR2-6	0	0	0	0	0	0	0	0
IGKV2OR2-7	0	0	0	0	0	0	0	0
IGKV2OR2-8	0	0	0	0	0	0	0	0
IGKV1OR2-11	0	0	0	0	0	0	0	0
ANKRD36B	171	76	8	127	41	30	253	10
COX5B	7632	749	787	3545	581	422	14849	132
ACTR1B	711	71	27	282	47	38	1403	10
C2orf92	29	15	5	102	16	10	42	5
ZAP70	288	27	3	264	17	7	456	4
TMEM131	588	211	32	1429	230	140	961	42
VWA3B	0	2	0	5	1	0	1	0
CNGA3	0	0	0	3	2	0	0	0
INPP4A	229	105	16	759	86	52	445	17
COA5	844	125	62	437	76	64	1602	10
UNC50	987	108	52	503	72	69	1910	14
MGAT4A	18	13	4	24	2	2	40	4
KIAA1211L	4	2	1	15	1	1	16	0
TSGA10	71	22	11	158	31	13	199	3
C2orf15	16	2	2	10	1	0	28	1
AC079447.1	2	38	0	226	30	19	2	9
LIPT1	97	12	4	51	11	5	208	1
MITD1	862	96	67	453	61	48	1895	13
MRPL30	349	45	25	186	46	20	767	6
LYG2	17	3	1	14	0	0	35	0
LYG1	9	0	0	21	4	2	20	1
TXNDC9	1048	160	68	703	129	84	2137	24
EIF5B	2988	394	220	1674	301	218	6215	53
REV1	503	111	29	445	89	61	1053	21
AFF3	171	444	2	1187	489	343	429	38
LONRF2	7	1	0	4	1	0	9	0
CHST10	204	17	14	86	14	5	400	1
NMS	0	0	0	0	0	0	0	0
PDCL3	655	88	76	441	56	61	1513	15
NPAS2	17	3	2	29	2	2	22	0
RPL31	12002	1491	888	6427	1012	874	26338	240
TBC1D8	19	21	1	99	10	13	31	1
CNOT11	527	84	64	297	46	38	952	12
RNF149	214	92	19	319	59	45	458	13
CREG2	0	0	0	0	0	0	2	0
RFX8	3	1	1	5	0	0	2	1
MAP4K4	2483	598	139	2591	519	355	4726	125
IL1R2	2	0	2	0	0	0	1	0
IL1R1	42	4	0	37	4	3	70	0
IL1RL2	0	1	0	0	0	0	0	0
IL1RL1	0	2	0	2	1	0	7	0
IL18R1	14	9	0	18	4	0	35	0
IL18RAP	0	0	0	3	0	0	0	0
SLC9A4	0	0	0	1	0	0	0	0
SLC9A2	0	2	0	2	0	0	2	0
MFSD9	93	20	7	62	12	4	153	1
TMEM182	47	29	4	134	24	21	100	9
POU3F3	6	2	1	17	1	3	9	0
MRPS9	1196	178	94	746	112	113	2401	29
GPR45	0	0	0	0	0	0	0	0
TGFBRAP1	182	22	6	120	30	17	355	3
C2orf49	407	49	32	257	31	30	787	8
FHL2	137	114	30	531	120	46	459	13
NCK2	622	114	48	564	108	71	1354	20
ECRG4	163	4	7	186	17	9	295	6
UXS1	641	130	39	370	71	53	1247	15
RGPD3	0	2	0	4	0	0	0	0
CD8B2	0	0	0	0	0	0	0	0
ST6GAL2	33	49	3	166	20	16	100	4
RGPD4	0	0	0	4	1	0	0	0
SLC5A7	13	4	0	24	5	5	2	0
SULT1C3	0	0	0	0	0	0	0	0
SULT1C2	12	11	1	21	4	0	34	0
SULT1C4	469	61	7	178	17	25	869	6
GCC2	1781	241	82	1159	222	164	3178	43
LIMS1	2129	350	72	1423	318	333	3746	54
RANBP2	831	170	65	909	153	93	1679	33
CCDC138	398	258	14	1093	254	158	846	49
EDAR	2	7	1	20	4	1	3	0
SH3RF3	30	78	0	127	33	17	42	7
SEPTIN10	1498	332	77	1241	259	208	2870	35
SOWAHC	224	21	13	92	18	14	481	3
RGPD5	0	10	0	61	8	7	0	1
LIMS3	0	1	0	0	0	1	0	0
MALL	1	4	0	12	3	3	2	0
NPHP1	191	29	7	147	34	16	405	7
MTLN	250	51	25	263	22	23	1006	6
LIMS4	0	0	0	1	0	0	0	0
RGPD6	0	0	0	1	0	0	0	0
BUB1	536	166	36	588	115	66	1122	17
ACOXL	1	3	6	33	15	5	3	1
BCL2L11	77	27	17	45	16	12	165	3
ANAPC1	211	92	15	344	58	48	453	11
MERTK	178	49	10	568	115	83	247	6
TMEM87B	126	41	11	111	33	23	231	2
FBLN7	64	51	5	60	18	26	126	8
ZC3H8	417	70	21	382	65	24	927	13
ZC3H6	262	63	14	306	47	37	618	11
RGPD8	6	13	0	27	6	2	7	0
TTL	316	80	19	261	53	47	647	17
POLR1B	101	31	22	142	25	24	247	2
CHCHD5	1435	186	102	554	111	92	2675	25
SLC20A1	393	60	45	295	68	34	801	16
NT5DC4	0	1	1	1	0	0	0	0
CKAP2L	441	79	26	249	68	49	899	12
IL1A	1	3	0	3	0	2	2	0
IL1B	4	0	0	3	1	0	18	0
IL37	0	2	0	2	0	0	2	0
IL36G	1	0	0	1	0	0	1	0
IL36A	0	0	0	0	0	0	0	0
IL36B	0	0	0	0	0	0	0	0
IL36RN	0	0	0	0	0	0	0	0
IL1F10	0	0	0	0	0	0	0	0
IL1RN	0	0	0	0	0	0	1	0
PSD4	14	2	3	15	0	0	46	0
PAX8	2	14	0	7	0	1	14	0
IGKV1OR2-108	0	0	0	0	0	0	0	0
CBWD2	195	44	15	177	39	15	370	7
FOXD4L1	1	0	0	0	0	0	2	0
RABL2A	103	16	2	106	18	6	306	2
SLC35F5	370	84	21	463	67	73	744	8
ACTR3	2159	267	153	1785	281	224	3902	54
DPP10	52	133	5	862	137	89	129	18
DDX18	1938	344	146	1256	198	136	3963	56
CCDC93	286	57	22	225	32	35	599	3
INSIG2	275	51	24	166	18	27	752	13
EN1	18	5	0	6	4	3	61	0
MARCO	0	0	1	1	0	0	0	0
C1QL2	0	0	1	0	0	0	0	0
STEAP3	7	3	3	13	1	0	21	0
C2orf76	206	39	9	199	41	20	487	8
DBI	6162	771	412	3216	707	462	11604	113
TMEM37	246	15	9	48	16	12	351	2
SCTR	0	0	0	4	2	0	6	0
CFAP221	31	14	0	60	9	3	71	4
TMEM177	406	48	26	198	36	24	793	4
PTPN4	371	192	19	1061	176	133	701	37
EPB41L5	535	254	26	1331	204	196	966	47
TMEM185B	245	21	7	91	11	5	441	2
RALB	437	59	17	241	45	38	835	14
INHBB	2	0	0	12	0	0	2	0
GLI2	243	141	23	719	187	114	472	22
TFCP2L1	0	0	2	0	1	0	0	0
CLASP1	241	351	23	1532	303	182	588	58
NIFK	1739	242	156	1208	195	140	3424	32
TSN	1107	113	75	517	100	71	2186	22
CNTNAP5	17	15	1	53	25	12	20	24
GYPC	2702	334	193	2329	282	136	5211	56
TEX51	0	0	0	0	0	0	0	0
BIN1	1778	194	45	764	134	63	4117	25
CYP27C1	115	42	5	152	34	23	289	8
ERCC3	308	56	15	352	59	32	584	11
MAP3K2	469	132	31	694	111	83	864	20
PROC	0	0	2	3	0	0	2	0
IWS1	1257	245	94	1071	203	125	2512	32
MYO7B	0	1	0	1	0	0	0	0
LIMS2	30	0	1	16	2	1	61	3
GPR17	1	0	0	0	1	0	2	0
WDR33	1109	247	106	1243	231	164	2432	61
SFT2D3	279	22	10	138	17	12	567	3
POLR2D	529	74	54	278	53	39	1111	11
AMMECR1L	137	27	11	126	23	19	242	6
SAP130	233	75	20	468	69	56	494	10
UGGT1	364	82	38	381	78	57	682	12
HS6ST1	171	37	5	151	29	38	316	14
RAB6C	0	0	0	0	0	0	1	0
POTEF	0	6	0	177	0	4	19	2
CCDC74B	83	12	8	59	15	9	233	0
SMPD4	55	57	6	271	66	36	116	18
MZT2B	7228	663	339	2582	498	426	15654	132
TUBA3E	0	0	0	0	0	0	1	0
CCDC115	420	35	40	166	38	20	1139	8
IMP4	859	102	94	358	73	48	1718	11
PTPN18	140	35	10	78	26	15	378	5
POTEI	0	1	0	12	0	0	0	2
CFC1B	0	3	2	37	2	0	43	0
CFC1	196	23	17	205	37	1	578	13
POTEJ	0	1	0	2	0	0	0	0
GPR148	0	0	0	0	0	0	0	0
AMER3	5	1	0	13	1	0	12	2
ARHGEF4	69	18	2	49	8	7	129	4
SMIM39	0	0	0	0	0	0	0	0
FAM168B	427	162	35	713	99	93	861	20
PLEKHB2	558	86	80	340	40	31	1114	24
POTEE	0	0	1	2	0	0	1	0
RAB6D	0	0	0	1	0	0	1	0
MZT2A	2131	260	149	1084	256	138	4059	49
TUBA3D	0	0	0	1	1	0	1	0
CCDC74A	159	29	8	72	14	9	322	4
ANKRD30BL	1	7	0	1	7	10	4	1
GPR39	19	4	0	66	7	12	30	0
LYPD1	37	10	15	24	1	4	121	0
NCKAP5	67	89	0	405	87	24	164	14
MGAT5	235	211	12	893	125	106	472	35
TMEM163	15	5	2	78	4	4	23	1
ACMSD	1	7	0	25	5	6	0	0
CCNT2	427	116	41	592	101	81	827	24
MAP3K19	0	1	0	1	2	1	3	0
RAB3GAP1	450	188	33	997	153	105	922	30
ZRANB3	117	270	9	1075	244	131	393	28
R3HDM1	589	414	29	1856	341	237	1195	73
UBXN4	3126	473	244	2183	375	296	6628	81
LCT	0	0	0	2	0	0	0	1
MCM6	828	172	52	623	148	80	1721	25
DARS	2274	323	189	1504	263	198	4842	60
CXCR4	193	26	6	113	21	11	582	8
THSD7B	5	25	2	147	52	13	11	4
HNMT	92	9	8	115	21	10	190	3
SPOPL	199	93	11	663	79	49	362	24
NXPH2	155	63	0	912	192	87	289	13
LRP1B	350	164	15	1792	293	173	578	104
KYNU	529	34	2	138	15	44	461	0
ARHGAP15	44	5	1	25	0	6	33	0
GTDC1	129	129	6	611	111	81	280	29
ZEB2	1262	327	40	2041	234	246	2059	70
ACVR2A	280	105	9	606	106	85	576	32
ORC4	615	125	54	640	114	79	1320	26
MBD5	435	579	15	3538	585	397	892	127
EPC2	318	176	22	1056	180	121	643	31
KIF5C	215	111	63	674	113	39	641	28
LYPD6B	256	168	13	853	188	122	640	15
LYPD6	335	238	10	1619	354	206	680	37
MMADHC	2159	267	175	1253	219	170	4281	40
RND3	784	156	40	699	172	159	2654	22
RBM43	143	18	5	88	10	12	276	3
NMI	169	17	20	81	10	7	360	1
TNFAIP6	4	1	10	0	0	0	12	0
RIF1	1247	296	120	1258	227	187	2259	45
NEB	3	4	2	53	5	3	22	1
ARL5A	396	271	25	1158	187	192	797	38
CACNB4	54	36	3	98	27	28	157	4
STAM2	186	55	10	268	59	29	366	10
FMNL2	240	321	25	1192	244	180	548	47
PRPF40A	4078	613	311	2819	480	344	8235	108
ARL6IP6	713	162	48	586	139	100	1476	29
RPRM	228	25	55	78	26	26	359	1
GALNT13	35	144	3	1235	208	53	133	19
KCNJ3	92	15	4	1029	35	13	298	48
NR4A2	8	6	0	10	1	0	21	0
GPD2	138	89	6	362	75	50	277	15
GALNT5	25	1	0	18	2	0	67	1
ERMN	3	0	0	0	0	1	0	0
CYTIP	3	2	0	16	5	0	6	0
ACVR1C	6	4	2	19	1	0	23	1
ACVR1	204	108	8	339	65	33	457	14
UPP2	0	6	0	12	4	5	2	1
CCDC148	18	27	0	89	17	9	60	10
PKP4	349	317	33	1207	248	151	722	58
DAPL1	1	1	0	14	7	5	2	0
TANC1	213	362	8	2135	303	155	633	63
WDSUB1	149	31	10	207	29	15	338	4
BAZ2B	958	357	49	2390	351	248	2089	66
MARCH7	1089	298	72	1549	253	198	2281	68
CD302	13	10	1	67	12	6	75	8
LY75	2	0	0	2	0	0	4	1
PLA2R1	19	8	1	32	6	2	43	1
ITGB6	2	0	3	1	0	0	2	0
RBMS1	2264	505	74	2363	444	393	4050	88
TANK	474	98	18	556	79	57	982	15
PSMD14	2496	398	156	1627	282	220	4362	58
TBR1	20	0	1	3	0	0	25	0
SLC4A10	3	7	0	20	6	3	10	1
DPP4	137	4	4	11	11	7	253	0
GCG	1	0	0	0	0	0	0	0
FAP	20	7	1	2	8	3	61	2
IFIH1	37	0	1	19	7	3	84	0
GCA	454	27	40	184	34	47	1078	7
KCNH7	1	8	1	145	15	51	6	6
FIGN	445	255	21	1140	233	158	913	48
GRB14	21	23	4	148	18	4	72	2
COBLL1	2366	486	20	2836	445	622	3717	110
SLC38A11	2	0	0	1	1	0	21	0
SCN3A	11	2	0	34	3	3	4	0
SCN2A	3	2	1	10	0	0	8	0
CSRNP3	117	139	13	752	104	91	409	28
GALNT3	10	5	16	15	1	1	20	0
TTC21B	184	78	13	419	82	62	376	20
SCN1A	0	0	0	4	1	1	0	0
SCN9A	2	1	1	5	1	0	6	0
SCN7A	3	4	0	45	3	2	9	0
XIRP2	1	0	0	6	1	0	2	0
B3GALT1	36	6	11	10	0	2	35	1
STK39	247	121	16	589	122	91	624	24
CERS6	863	552	39	2628	514	313	1642	72
NOSTRIN	5	9	0	51	10	12	9	8
SPC25	405	165	25	550	123	65	762	31
G6PC2	0	0	0	0	0	0	0	0
ABCB11	1	0	0	14	0	0	1	2
DHRS9	3	2	0	2	0	0	2	0
LRP2	195	48	18	511	47	18	312	8
BBS5	60	14	2	61	13	13	133	2
KLHL41	76	0	1	47	3	6	92	1
FASTKD1	181	92	22	433	64	54	382	14
PPIG	3478	505	267	2067	404	296	7315	83
CCDC173	20	27	1	57	11	14	40	6
PHOSPHO2	97	16	12	65	11	2	230	3
KLHL23	775	238	63	868	181	132	2150	45
SSB	6785	899	617	4275	733	556	13453	141
METTL5	2061	336	197	1133	253	156	4346	48
UBR3	274	195	10	1259	227	159	415	42
MYO3B	12	15	0	108	8	1	32	5
SP5	388	113	9	336	30	26	1358	23
ERICH2	142	29	5	98	11	5	277	5
GAD1	160	77	20	278	27	11	345	13
GORASP2	1222	165	92	710	119	91	2282	27
TLK1	846	287	53	1311	226	196	1469	46
METTL8	275	66	35	319	60	59	449	7
DCAF17	137	41	18	165	32	17	224	7
CYBRD1	116	14	7	65	19	16	237	2
DYNC1I2	1037	346	55	1411	206	171	2253	50
SLC25A12	112	68	8	213	62	40	257	13
HAT1	1391	174	96	905	154	105	2611	37
METAP1D	127	63	3	159	43	25	249	5
DLX1	2	0	0	1	0	1	6	0
DLX2	9	0	1	7	2	0	14	0
ITGA6	647	39	47	236	61	56	886	5
PDK1	828	151	52	757	138	68	1967	30
RAPGEF4	10	77	2	335	44	24	11	12
MAP3K20	505	136	20	452	138	100	944	21
CDCA7	900	168	54	479	103	80	1583	20
SP3	805	192	33	1015	197	125	1579	40
OLA1	2454	457	157	1972	306	257	5116	75
SP9	20	1	0	4	1	0	37	0
CIR1	1453	164	77	1017	133	111	2824	46
SCRN3	268	66	18	309	44	35	578	11
GPR155	258	26	4	664	23	6	461	1
WIPF1	867	177	11	1461	228	164	1266	35
CHRNA1	1	0	0	0	1	0	0	0
CHN1	1575	290	26	1327	284	309	2848	33
ATF2	473	180	30	790	138	106	857	29
ATP5MC3	13762	1278	1509	6109	1056	743	26236	243
LNPK	348	120	11	412	82	66	825	12
EVX2	2	0	1	2	0	0	4	0
HOXD13	5	2	0	4	0	0	8	0
HOXD12	0	0	0	1	0	0	0	0
HOXD11	25	5	1	9	3	5	59	0
HOXD10	6	3	1	10	0	4	14	1
HOXD9	19	15	0	11	11	6	111	3
HOXD8	11	4	0	3	6	9	41	0
HOXD3	3	66	0	102	36	45	28	5
HOXD4	4	12	0	8	2	5	25	0
HOXD1	2	12	0	6	0	12	5	0
MTX2	1200	223	93	958	150	125	2403	49
HNRNPA3	5141	1343	381	5832	972	820	10619	240
NFE2L2	516	105	51	491	59	54	1031	27
AGPS	495	156	22	725	128	101	955	23
TTC30B	111	8	3	47	14	7	165	1
TTC30A	101	11	4	50	5	5	148	4
PDE11A	7	13	0	13	0	1	15	2
RBM45	196	42	13	108	21	20	463	3
OSBPL6	80	34	5	210	42	20	137	10
PRKRA	984	179	62	795	136	117	2137	33
PJVK	28	24	1	50	16	11	69	2
FKBP7	992	69	26	322	51	47	2042	14
PLEKHA3	549	58	46	310	47	37	994	7
TTN	301	37	91	393	30	12	636	24
CCDC141	82	20	7	348	31	16	284	19
SESTD1	1027	226	30	782	155	174	1781	31
ZNF385B	3	8	0	50	2	2	7	0
CWC22	607	84	49	462	80	51	1169	15
UBE2E3	8747	745	227	3891	666	932	14237	132
ITGA4	13	0	3	22	5	0	35	2
CERKL	0	2	0	7	0	0	0	0
NEUROD1	4	6	0	17	5	4	16	0
ITPRID2	285	52	15	203	51	32	515	6
PPP1R1C	68	17	6	78	10	9	73	0
PDE1A	9	0	1	14	2	5	10	0
DNAJC10	934	149	72	619	99	103	1729	27
FRZB	7940	114	55	769	175	237	14964	43
NCKAP1	1140	232	68	1224	190	155	1986	27
DUSP19	33	2	2	26	9	10	115	1
NUP35	242	83	31	272	39	30	589	14
ZNF804A	157	325	0	1389	174	68	239	35
FSIP2	177	53	2	457	90	63	483	11
ZC3H15	2761	414	222	1623	322	220	5321	58
ITGAV	630	200	49	965	119	109	1134	34
FAM171B	96	15	15	117	21	20	235	7
ZSWIM2	0	0	0	0	0	0	0	0
CALCRL	14	23	0	74	9	8	72	3
TFPI	2051	166	84	757	112	118	1907	22
GULP1	1433	491	87	2849	639	664	2359	88
DIRC1	2	0	0	3	0	0	7	0
COL3A1	34244	981	781	6226	977	1696	55983	209
COL5A2	2858	400	94	2568	283	394	5448	48
WDR75	590	136	45	530	98	68	1084	16
SLC40A1	2266	79	31	934	56	152	2854	12
ASNSD1	784	75	38	331	68	47	1452	10
ASDURF	1	0	0	0	0	0	0	0
ANKAR	55	32	2	220	37	29	138	9
OSGEPL1	166	47	7	129	31	14	386	7
ORMDL1	1278	214	106	913	172	113	3008	37
PMS1	390	147	35	516	100	74	855	26
C2orf88	12	10	1	76	6	16	24	3
MSTN	0	0	0	1	0	0	0	0
HIBCH	643	236	48	913	194	128	1517	28
INPP1	198	22	16	78	17	8	330	2
MFSD6	3	8	1	20	2	2	5	0
NEMP2	77	20	1	63	10	12	159	1
NAB1	135	28	9	82	22	17	278	7
GLS	531	177	39	792	152	103	937	30
STAT1	424	55	32	300	38	32	856	7
STAT4	7	10	0	46	9	9	15	1
MYO1B	1121	387	46	1601	331	248	2036	50
NABP1	99	7	7	62	10	5	217	4
CAVIN2	124	8	0	10	1	1	62	0
TMEFF2	5	3	7	29	3	1	10	2
SLC39A10	829	229	74	863	145	96	1913	26
DNAH7	6	11	2	88	5	13	26	0
STK17B	222	85	9	269	30	22	334	7
HECW2	170	292	1	2140	336	96	391	68
CCDC150	200	111	10	350	90	50	420	12
GTF3C3	449	90	25	334	50	47	920	10
C2orf66	2	0	0	5	0	0	8	0
PGAP1	290	165	19	573	101	76	550	24
ANKRD44	77	44	3	343	41	26	168	9
SF3B1	3298	551	169	2476	384	251	6425	78
COQ10B	374	33	41	233	34	37	686	11
HSPD1	11261	2028	1073	7520	1415	1045	21325	316
HSPE1	11126	1397	1214	5819	1045	682	22289	194
MOB4	1194	235	82	1038	167	117	2363	36
RFTN2	61	44	2	242	34	42	295	6
MARS2	39	6	7	20	2	5	91	0
BOLL	0	2	0	2	0	0	1	0
PLCL1	17	11	0	167	20	4	28	8
SATB2	93	143	2	370	82	41	175	14
FTCDNL1	21	7	2	25	5	4	54	1
C2orf69	259	35	20	136	20	12	487	2
TYW5	267	49	28	224	40	23	554	6
MAIP1	556	45	62	249	46	27	971	10
SPATS2L	1727	149	162	1109	160	166	2717	42
KCTD18	84	15	5	68	12	10	218	2
SGO2	1054	245	54	676	147	106	2255	47
AOX1	6	0	1	10	0	2	10	0
BZW1	2356	563	119	2384	412	334	4457	127
CLK1	258	46	15	271	39	25	432	13
PPIL3	514	58	37	218	39	34	1136	8
NIF3L1	490	94	42	325	59	48	948	13
ORC2	299	163	25	725	128	109	605	34
FAM126B	176	52	8	295	50	46	353	11
NDUFB3	3186	259	184	1285	245	160	5790	51
CFLAR	602	76	33	257	46	29	925	18
CASP10	22	8	3	47	0	3	29	1
CASP8	92	7	7	98	3	2	122	2
FLACC1	1	4	0	16	3	4	2	0
TRAK2	158	44	15	187	33	32	237	7
STRADB	510	58	33	262	44	25	903	11
C2CD6	0	0	0	6	0	0	9	0
TMEM237	710	101	41	362	81	58	1544	15
MPP4	1	0	0	2	0	0	5	0
ALS2	202	58	8	397	41	39	432	8
CDK15	11	5	1	17	2	1	22	2
FZD7	618	63	65	466	34	29	1553	20
KIAA2012	7	3	0	31	2	2	24	1
SUMO1	4927	619	370	2900	533	374	10146	114
NOP58	1549	342	121	1444	253	199	2987	57
BMPR2	489	491	27	2561	420	232	1016	89
FAM117B	198	171	6	648	149	91	406	36
ICA1L	142	30	12	181	38	27	432	12
WDR12	555	125	58	450	79	47	1012	18
CARF	78	26	3	163	31	12	155	7
NBEAL1	335	140	30	809	117	106	723	23
CYP20A1	392	130	27	571	96	76	841	25
ABI2	1392	327	77	1323	237	187	2984	63
RAPH1	158	112	8	595	78	79	275	18
CD28	1	1	0	3	0	1	2	0
CTLA4	0	0	0	0	1	0	0	0
ICOS	0	0	0	0	0	0	0	0
PARD3B	60	111	2	846	140	109	115	37
NRP2	1333	308	120	1171	192	190	2678	31
INO80D	208	90	18	404	67	52	456	24
NDUFS1	898	137	56	739	130	82	1779	27
EEF1B2	21154	2498	1686	10198	1937	1380	41353	392
GPR1	1	1	0	7	7	3	5	1
ZDBF2	157	42	1	297	58	32	355	11
ADAM23	64	61	2	189	74	25	125	10
FAM237A	0	0	0	0	0	0	0	0
DYTN	0	0	0	0	0	0	0	0
MDH1B	23	3	1	22	5	4	77	2
FASTKD2	493	85	38	438	85	67	1022	9
CPO	4	0	0	10	0	1	0	0
KLF7	77	59	18	356	44	32	186	8
CREB1	687	247	37	1112	151	127	1550	49
METTL21A	503	93	75	261	68	39	1072	11
CCNYL1	121	46	18	137	25	24	258	8
FZD5	28	2	30	21	0	0	62	0
PLEKHM3	79	40	8	219	42	22	143	11
CRYGD	26	2	7	45	4	6	149	0
CRYGC	1	0	0	2	0	0	3	0
CRYGB	0	0	1	1	0	0	1	0
CRYGA	0	0	0	0	0	0	0	0
C2orf80	0	0	0	3	0	1	0	0
IDH1	1607	213	104	1110	200	128	3000	45
PIKFYVE	226	98	11	505	71	66	464	23
PTH2R	4	2	4	14	1	1	3	0
MAP2	35	37	1	229	34	25	69	2
UNC80	0	0	0	6	6	0	6	1
RPE	467	65	55	309	47	46	876	4
KANSL1L	194	126	9	764	87	91	443	35
ACADL	1	1	0	3	0	0	6	0
MYL1	7	0	0	1	0	0	3	0
LANCL1	201	67	6	261	53	40	439	10
CPS1	89	24	6	88	9	18	140	3
ERBB4	500	245	8	1878	251	341	1159	124
IKZF2	23	31	1	123	6	12	55	6
SPAG16	773	267	43	1195	218	165	1827	77
VWC2L	3	26	0	87	15	5	2	11
BARD1	453	174	40	593	134	85	1139	35
ABCA12	0	0	0	4	1	0	2	0
ATIC	1586	198	106	880	171	95	3098	30
FN1	10344	930	287	2546	385	614	10700	280
MREG	54	10	9	81	17	6	134	4
PECR	170	24	11	135	28	14	328	6
TMEM169	49	11	0	42	5	8	112	1
XRCC5	7676	1527	472	5558	1131	775	15353	257
MARCH4	0	2	1	7	1	1	2	0
SMARCAL1	279	49	15	214	47	39	514	8
RPL37A	51207	3772	3827	15804	2584	2208	101385	486
IGFBP2	2120	531	618	2164	308	199	7862	55
IGFBP5	1461	118	52	542	108	192	3593	41
TNP1	8	5	0	18	0	0	113	0
TNS1	260	34	4	203	43	22	429	7
RUFY4	0	0	0	1	1	0	0	0
CXCR2	0	0	0	0	0	0	1	1
CXCR1	0	0	0	0	0	0	0	0
ARPC2	9991	925	570	4553	874	528	18997	131
GPBAR1	223	15	0	27	6	4	373	2
AAMP	1293	127	134	472	74	60	2507	18
PNKD	1402	136	115	608	109	99	2801	26
TMBIM1	242	10	13	61	3	13	458	1
CATIP	1	2	0	7	1	0	7	0
SLC11A1	10	2	0	8	1	0	15	0
CTDSP1	558	51	33	233	37	37	1001	10
VIL1	3	6	3	7	3	4	20	0
USP37	251	101	10	559	103	59	449	19
CNOT9	615	96	46	451	123	65	1276	20
PLCD4	4	1	0	9	1	2	15	1
ZNF142	94	25	4	76	17	10	150	2
BCS1L	345	46	32	129	25	12	634	3
RNF25	227	30	20	136	14	12	426	6
STK36	132	8	10	73	13	8	253	2
TTLL4	291	65	15	258	48	32	678	7
CYP27A1	755	154	18	784	151	52	1423	26
PRKAG3	0	0	0	1	0	0	1	0
WNT6	4	0	4	5	0	0	5	0
WNT10A	0	0	0	0	0	0	0	0
CDK5R2	1	0	0	2	0	0	2	0
FEV	1	0	0	1	0	0	3	0
CRYBA2	0	0	0	0	1	0	2	0
CFAP65	6	0	0	13	0	0	9	0
IHH	2	3	0	3	0	0	4	0
NHEJ1	3	30	0	144	23	21	3	6
SLC23A3	1	0	1	0	0	1	2	0
CNPPD1	165	20	16	73	17	8	351	7
RETREG2	611	56	40	223	34	17	1216	14
ZFAND2B	399	28	24	155	19	13	716	6
ABCB6	4	23	0	85	16	5	20	2
ATG9A	7	22	0	104	15	16	12	1
ANKZF1	391	38	29	197	41	27	1113	7
GLB1L	56	7	5	12	7	2	152	2
STK16	556	50	35	248	33	29	1085	13
TUBA4A	16	3	36	24	0	2	36	0
TUBA4B	0	1	0	0	0	0	0	0
DNAJB2	307	29	35	117	12	7	691	6
PTPRN	25	1	39	10	0	0	33	0
RESP18	0	0	1	0	0	0	0	0
DNPEP	751	36	70	316	44	37	1459	11
DES	256	1	10	236	1	3	604	2
SPEG	355	20	19	82	16	10	743	7
SPEGNB	2	1	0	1	1	0	4	1
GMPPA	385	29	37	118	23	19	699	7
ASIC4	17	0	2	4	0	0	32	0
CHPF	724	28	71	217	27	23	1105	8
TMEM198	40	2	11	16	1	2	89	1
OBSL1	778	67	67	314	42	38	1649	5
INHA	16	0	1	3	0	0	56	0
STK11IP	77	11	9	38	5	3	196	1
SLC4A3	53	4	2	29	4	1	105	1
EPHA4	197	196	14	1103	99	64	582	45
PAX3	8	170	1	326	9	38	71	3
CCDC140	3	5	0	16	0	0	8	0
SGPP2	8	9	2	11	3	2	18	2
FARSB	537	79	48	362	88	56	1078	18
MOGAT1	0	1	0	3	0	0	0	0
ACSL3	1162	256	58	1229	222	161	2251	49
KCNE4	153	1	2	34	8	3	207	0
SCG2	2	0	0	2	0	0	2	0
AP1S3	21	5	5	25	2	3	36	1
WDFY1	328	95	34	415	60	43	687	13
MRPL44	865	109	82	501	80	62	1921	23
SERPINE2	2132	485	355	3625	207	107	5920	167
FAM124B	1	0	1	1	0	0	1	0
CUL3	1314	437	91	2009	340	262	2598	69
CCDC195	0	1	0	0	0	0	0	0
DOCK10	4	11	0	28	4	4	13	2
NYAP2	3	0	0	1	0	2	2	0
IRS1	496	135	18	664	123	62	1027	21
RHBDD1	107	111	7	424	75	58	211	13
COL4A4	8	5	0	18	3	3	32	3
COL4A3	0	3	0	8	2	0	0	0
MFF	1461	215	99	1007	171	113	2969	23
TM4SF20	0	0	0	1	0	0	2	0
SCYGR1	0	0	0	0	0	0	0	0
AGFG1	665	158	37	718	103	122	1057	28
SCYGR2	0	0	0	0	0	0	0	0
C2orf83	3	1	0	2	0	1	1	0
SCYGR3	0	0	0	0	0	0	0	0
SCYGR4	0	0	0	0	0	0	0	0
SCYGR5	0	0	0	0	0	0	0	0
SLC19A3	10	1	6	6	1	0	11	0
SCYGR6	0	0	0	0	0	0	0	0
SCYGR7	0	0	0	0	0	0	0	0
SCYGR8	0	0	0	0	0	0	0	0
CCL20	0	0	0	0	0	0	0	0
DAW1	5	2	0	5	0	4	6	1
SPHKAP	4	2	0	7	2	1	12	1
PID1	112	80	5	234	64	33	260	12
DNER	3	5	1	25	5	2	7	0
TRIP12	837	252	49	1357	203	165	1636	42
FBXO36	71	44	7	170	23	19	253	8
SLC16A14	7	13	1	22	7	3	28	0
SP110	113	2	5	97	11	6	231	1
SP140	0	3	1	4	1	0	1	0
SP140L	173	2	4	102	51	2	125	0
SP100	23	2	2	33	6	3	46	0
CAB39	306	125	23	578	99	77	633	13
ITM2C	6957	436	475	2756	364	257	14482	85
GPR55	17	8	0	80	8	1	7	2
SPATA3	0	0	0	0	0	0	0	0
C2orf72	104	6	1	27	5	6	195	1
PSMD1	3850	410	227	1973	439	248	6739	65
HTR2B	51	1	0	11	4	8	83	0
ARMC9	698	120	14	656	144	107	1196	23
B3GNT7	46	3	33	23	2	2	72	0
NCL	14598	2318	1401	8549	1695	1322	31491	297
NMUR1	5	1	1	0	0	0	8	0
TEX44	0	0	0	0	0	0	0	0
PTMA	38770	9130	3212	29857	6442	4541	87243	1498
PDE6D	270	54	20	221	43	33	589	11
COPS7B	594	77	52	270	58	25	1173	8
NPPC	0	2	3	5	0	0	4	0
DIS3L2	282	165	12	815	129	96	521	23
ALPP	0	0	0	0	0	0	1	0
ALPG	2	0	29	1	0	0	3	0
ALPI	0	0	0	0	0	0	0	0
ECEL1	10	5	9	9	2	1	27	0
PRSS56	4	1	0	20	1	3	32	0
CHRND	1	2	0	1	2	0	0	0
CHRNG	1	1	1	6	1	0	11	0
TIGD1	56	8	3	47	5	10	147	3
EIF4E2	2371	269	189	1023	189	135	4634	54
EFHD1	618	72	5	212	97	60	1463	11
GIGYF2	1011	260	73	1160	191	139	1977	35
KCNJ13	15	5	0	19	3	1	22	0
SNORC	6	8	3	21	10	7	15	1
NGEF	10	5	1	14	1	1	21	2
NEU2	0	0	0	0	0	0	0	0
INPP5D	23	6	4	33	1	1	44	0
ATG16L1	138	23	9	133	25	13	294	6
SAG	1	0	0	1	1	1	1	0
DGKD	281	80	20	441	77	57	561	12
USP40	146	36	5	176	36	33	334	8
UGT1A8	0	0	0	3	0	0	0	0
UGT1A10	0	0	0	0	0	0	0	0
UGT1A9	0	0	0	0	0	0	0	0
UGT1A7	0	0	1	0	0	0	0	0
UGT1A6	0	0	0	0	0	0	0	0
UGT1A5	0	0	0	0	0	0	0	0
UGT1A4	0	0	0	0	0	0	0	0
UGT1A3	0	0	0	0	0	0	0	0
UGT1A1	0	0	0	0	0	0	0	0
MROH2A	0	0	0	0	0	0	0	0
HJURP	343	83	39	237	46	28	771	11
TRPM8	0	0	0	0	0	0	0	0
SPP2	0	0	0	0	0	0	0	0
ARL4C	1095	189	29	1009	153	114	2516	24
SH3BP4	312	118	14	616	148	55	654	17
AGAP1	204	448	17	1987	411	204	517	70
GBX2	12	6	1	19	2	2	30	1
ASB18	2	3	0	8	3	1	1	4
IQCA1	239	31	8	354	22	42	580	6
ACKR3	625	57	6	252	73	45	830	12
COPS8	1904	242	94	866	148	136	3512	21
COL6A3	4578	267	99	1202	247	265	7102	54
MLPH	8	1	1	16	0	1	36	0
PRLH	0	0	0	1	0	0	0	0
RAB17	22	4	16	28	1	0	28	0
LRRFIP1	1359	286	91	1384	237	154	2279	53
RBM44	4	0	0	6	1	0	8	0
RAMP1	759	15	16	202	29	60	1113	6
UBE2F	690	127	62	596	110	72	1353	24
SCLY	124	118	14	345	79	34	247	9
ESPNL	9	1	0	3	0	0	39	0
KLHL30	2	0	0	1	0	0	5	0
ERFE	18	1	0	1	0	0	11	1
ILKAP	678	109	55	443	76	47	1306	14
HES6	236	130	60	194	51	35	846	16
PER2	70	14	1	95	15	6	152	5
TRAF3IP1	388	72	31	374	71	47	865	16
ASB1	275	31	30	131	23	20	517	4
TWIST2	119	0	4	55	26	23	323	3
HDAC4	149	143	11	664	144	142	273	19
NDUFA10	1842	197	123	987	178	126	3076	30
OR6B2	0	0	0	0	0	0	0	0
OR6B3	0	0	0	0	0	0	0	0
COPS9	3279	341	220	1505	239	197	6638	61
OTOS	6	0	0	1	0	0	5	0
GPC1	420	33	15	134	25	25	803	10
ANKMY1	30	24	1	172	37	14	55	5
DUSP28	97	7	5	40	3	4	203	1
RNPEPL1	375	40	26	143	23	12	761	8
CAPN10	192	16	27	70	12	9	433	1
GPR35	1	2	1	0	1	0	6	0
AQP12B	0	0	0	0	0	0	0	0
AQP12A	0	0	0	0	0	0	0	0
KIF1A	35	14	62	50	5	5	84	0
AGXT	2	0	0	0	0	0	0	0
MAB21L4	0	0	2	0	0	0	0	0
CROCC2	1	0	0	2	1	0	1	0
SNED1	6	13	0	40	8	2	10	3
MTERF4	741	83	41	445	63	43	1452	17
PASK	81	31	9	53	11	5	237	7
PPP1R7	1632	173	107	845	166	104	3102	26
ANO7	29	14	8	27	4	6	78	3
HDLBP	3688	312	205	1620	230	234	5994	54
SEPTIN2	3843	502	229	2201	440	354	7165	97
FARP2	154	77	7	426	55	73	286	14
STK25	1161	159	111	541	81	83	2660	30
BOK	306	29	19	118	17	18	543	8
THAP4	539	65	44	246	33	32	1022	7
ATG4B	493	97	54	387	51	44	998	20
DTYMK	1917	312	143	1026	204	167	3961	61
ING5	422	81	18	312	44	61	819	13
D2HGDH	119	27	9	117	21	24	235	5
GAL3ST2	0	1	0	3	0	2	0	0
NEU4	0	3	0	5	0	0	0	0
PDCD1	0	0	0	0	0	0	0	0
RTP5	0	0	0	0	0	0	0	0
FAM240C	1	1	0	1	0	0	0	0
CHL1	17	2	5	8	16	11	112	2
CNTN6	23	2	0	4	11	23	96	10
CNTN4	475	223	2	485	329	300	689	33
IL5RA	2	2	0	3	1	2	3	0
TRNT1	491	101	32	491	73	51	879	18
CRBN	994	148	63	619	126	82	2158	27
SUMF1	188	218	14	1389	188	101	308	34
LRRN1	271	129	43	117	90	43	646	25
SETMAR	226	43	12	153	36	24	494	5
ITPR1	267	260	5	737	170	43	675	33
BHLHE40	39	5	11	49	4	3	103	0
ARL8B	413	96	36	510	94	84	686	19
EDEM1	148	20	10	70	17	15	261	7
GRM7	38	51	0	127	89	96	65	14
LMCD1	1312	61	31	839	67	191	2293	17
SSUH2	2	0	1	22	2	0	6	1
CAV3	0	15	0	35	10	0	0	4
OXTR	12	3	1	5	1	2	34	0
RAD18	241	96	18	343	76	47	494	20
SRGAP3	127	94	7	315	63	36	376	26
THUMPD3	689	106	59	449	109	66	1520	12
SETD5	1313	460	81	2315	384	262	2835	69
LHFPL4	10	1	3	17	3	1	24	0
MTMR14	431	58	57	237	34	20	837	7
CPNE9	3	3	4	5	2	0	9	0
BRPF1	141	23	9	79	17	11	258	2
OGG1	318	46	18	198	41	35	753	7
CAMK1	155	15	4	84	16	16	306	2
TADA3	1318	140	78	600	116	75	2647	20
ARPC4	2116	200	166	833	131	115	3846	30
TTLL3	75	30	5	106	18	11	194	3
RPUSD3	792	81	66	398	59	44	1374	16
CIDEC	4	0	0	5	1	0	4	0
JAGN1	1443	116	85	661	91	71	2523	22
IL17RE	86	7	4	22	7	4	172	1
IL17RC	208	9	19	91	7	8	380	1
CRELD1	304	25	15	95	10	17	684	4
PRRT3	90	11	9	36	6	3	185	2
EMC3	967	128	64	650	128	90	1962	18
FANCD2	476	105	37	399	103	49	912	24
FANCD2OS	0	10	0	27	6	2	1	2
BRK1	6032	477	402	2511	397	273	11200	95
VHL	359	63	20	262	51	51	754	8
IRAK2	26	7	0	74	2	2	30	0
TATDN2	124	13	5	102	15	15	247	2
GHRL	12	1	1	14	6	3	39	1
SEC13	1812	183	127	895	154	123	3474	40
ATP2B2	2	3	0	11	0	1	3	1
SLC6A11	2	1	1	1	2	0	4	0
SLC6A1	2	1	0	6	0	0	6	0
HRH1	0	1	0	6	1	1	5	0
ATG7	146	107	10	563	116	75	285	32
VGLL4	1198	249	66	1041	200	168	2850	54
TAMM41	349	91	23	318	44	34	742	13
SYN2	26	31	3	190	30	17	43	0
TIMP4	17	2	38	11	0	1	22	0
PPARG	10	2	1	46	0	4	15	2
TSEN2	173	86	11	257	59	38	334	9
MKRN2OS	0	17	0	57	9	4	3	0
MKRN2	394	55	27	216	40	32	780	6
RAF1	823	140	55	801	110	111	1571	28
TMEM40	2	0	1	1	0	0	2	0
CAND2	91	15	5	36	21	7	185	3
RPL32	65818	6782	5237	29382	4759	3838	138840	1066
IQSEC1	166	29	12	175	34	23	291	4
NUP210	27	14	13	24	6	2	49	2
HDAC11	82	7	7	29	3	6	182	1
FBLN2	315	51	44	101	15	17	748	9
WNT7A	1	1	0	3	0	0	1	0
CHCHD4	264	41	35	134	19	24	528	3
TMEM43	357	26	24	148	14	19	549	9
XPC	735	128	44	556	72	76	1428	26
LSM3	5292	565	404	2344	453	310	10228	100
SLC6A6	271	64	31	217	62	57	566	5
GRIP2	31	5	4	40	1	1	79	3
CCDC174	525	65	32	330	56	36	1038	11
C3orf20	1	0	0	5	0	6	1	0
FGD5	11	6	5	30	5	0	29	0
NR2C2	165	115	16	639	119	72	322	14
MRPS25	875	112	111	486	73	65	1713	11
RBSN	230	52	29	235	30	27	525	4
CAPN7	329	84	15	500	102	56	607	15
SH3BP5	1012	94	36	478	83	71	1683	11
METTL6	288	72	20	327	52	35	628	14
EAF1	168	22	12	139	16	11	343	3
COLQ	25	31	3	208	23	14	73	6
HACL1	326	79	24	313	60	44	565	11
BTD	241	76	21	362	45	48	523	11
ANKRD28	165	141	20	463	94	83	423	17
GALNT15	21	0	0	5	3	4	44	0
DPH3	1542	188	129	823	154	141	3100	36
OXNAD1	164	79	19	285	38	35	405	3
RFTN1	121	21	4	273	29	14	281	10
DAZL	3	0	3	6	0	0	0	1
PLCL2	185	82	4	716	113	114	264	14
TBC1D5	409	719	15	4496	722	425	1064	147
SATB1	233	35	17	100	20	22	565	6
KCNH8	1	11	2	131	12	6	15	2
EFHB	13	5	1	19	1	1	14	1
RAB5A	803	99	79	588	106	79	1473	22
PP2D1	0	2	0	9	2	1	0	1
KAT2B	73	41	3	288	52	32	125	3
SGO1	745	100	66	457	102	59	1488	25
ZNF385D	38	35	1	268	95	69	173	3
UBE2E2	894	583	46	3319	504	330	2034	100
UBE2E1	1563	403	91	1613	311	206	3011	57
NKIRAS1	193	59	11	218	42	29	388	11
RPL15	45232	7247	3480	33758	5173	3974	90419	1205
NR1D2	126	96	8	380	65	43	266	11
THRB	5	10	3	36	8	5	8	2
RARB	38	28	1	118	24	24	45	3
TOP2B	1473	273	69	1377	262	176	2889	48
NGLY1	447	84	35	373	60	56	838	18
OXSM	184	17	6	74	16	8	324	2
LRRC3B	13	2	0	48	1	5	44	0
NEK10	8	8	1	155	16	13	18	2
SLC4A7	385	293	36	823	185	99	874	52
EOMES	266	33	30	271	16	10	703	16
CMC1	814	149	77	598	87	78	1861	8
AZI2	729	119	43	391	100	81	1622	16
ZCWPW2	16	37	1	151	25	18	33	2
RBMS3	315	457	9	1385	327	304	514	37
TGFBR2	102	61	11	221	37	29	162	5
GADL1	19	1	1	49	5	0	30	0
STT3B	1341	358	62	1726	284	204	2734	59
OSBPL10	299	81	47	512	106	180	468	10
ZNF860	5	2	5	5	1	1	12	0
GPD1L	13	7	1	16	3	2	26	0
CMTM8	333	93	42	583	65	44	389	14
CMTM7	525	126	35	620	108	39	1390	28
CMTM6	1849	222	123	975	153	140	3768	39
DYNC1LI1	1293	219	87	1056	208	134	2940	38
CNOT10	333	120	23	625	101	73	796	25
TRIM71	396	159	64	685	111	76	810	16
CCR4	0	0	0	1	0	0	0	0
GLB1	714	58	60	525	68	40	1584	10
TMPPE	5	2	1	11	0	0	12	0
CRTAP	2020	144	117	802	146	105	3500	9
SUSD5	63	2	7	85	11	2	88	0
FBXL2	154	60	7	570	81	76	354	14
UBP1	335	95	21	421	73	47	587	14
CLASP2	286	355	13	1808	332	209	574	62
PDCD6IP	819	174	71	846	147	93	1547	21
ARPP21	9	2	0	43	2	0	11	1
STAC	28	36	2	315	18	11	43	3
DCLK3	32	4	5	56	1	0	63	1
TRANK1	341	45	10	521	84	74	542	9
EPM2AIP1	467	52	25	249	45	36	876	15
MLH1	456	80	27	327	66	47	984	12
LRRFIP2	717	207	43	866	149	102	1381	27
GOLGA4	2493	382	162	1835	313	231	4909	64
ITGA9	100	162	4	913	130	53	285	38
CTDSPL	1010	291	53	927	208	136	1916	50
VILL	56	5	5	24	3	2	157	2
PLCD1	130	19	7	52	11	7	246	3
DLEC1	3	0	0	10	2	0	2	1
ACAA1	560	37	38	190	40	33	986	3
MYD88	172	15	14	71	20	16	393	6
OXSR1	385	116	31	459	84	60	784	16
SLC22A13	1	0	0	1	1	0	6	0
SLC22A14	0	3	0	2	0	0	1	0
XYLB	33	33	2	135	28	21	72	3
ACVR2B	985	178	71	631	121	79	2191	23
EXOG	275	52	18	197	49	28	554	10
SCN5A	9	9	1	57	6	2	37	2
SCN10A	0	0	0	0	0	0	0	0
SCN11A	4	18	2	70	12	9	36	2
WDR48	410	122	31	462	86	71	879	16
GORASP1	157	13	11	79	6	6	249	4
TTC21A	20	5	1	38	4	4	65	3
CSRNP1	252	8	13	83	16	9	402	2
XIRP1	2	0	3	4	0	0	14	0
CX3CR1	0	0	0	0	0	0	3	0
CCR8	0	0	0	0	0	0	0	0
SLC25A38	347	45	40	211	35	27	649	7
RPSA	43865	5735	4815	24918	4228	3342	95559	1072
MOBP	0	0	0	1	0	0	2	0
MYRIP	1	5	1	24	3	1	1	0
EIF1B	3384	368	239	1734	284	180	7173	62
ENTPD3	230	7	1	64	8	18	188	1
RPL14	50392	5913	2989	23028	4554	3674	85121	987
ZNF619	10	6	2	3	3	5	15	2
ZNF620	247	37	21	118	38	28	492	4
ZNF621	257	45	13	184	40	31	441	9
CTNNB1	3875	560	153	3002	421	332	7983	97
ULK4	78	105	3	552	112	60	165	16
TRAK1	216	79	11	335	58	63	429	10
CCK	8	0	4	20	1	0	42	1
LYZL4	0	0	0	0	1	0	5	0
VIPR1	11	1	1	11	2	0	28	0
SEC22C	438	73	42	141	51	27	920	9
SS18L2	1149	185	98	700	105	86	2575	18
NKTR	1858	332	112	1274	249	161	3890	60
ZBTB47	79	6	4	35	4	7	152	1
KLHL40	1	0	0	0	0	0	1	0
HHATL	0	0	0	0	0	0	0	0
CCDC13	1	0	0	8	1	0	4	1
HIGD1A	1278	174	143	726	136	96	2782	26
ACKR2	1	1	0	6	1	0	6	0
KRBOX1	1	0	0	0	0	0	4	1
CYP8B1	0	0	0	0	0	0	0	0
ZNF662	5	0	2	0	0	0	42	0
GASK1A	3	3	0	8	0	2	7	0
POMGNT2	176	9	16	63	20	10	359	1
SNRK	129	46	4	311	34	32	270	6
ANO10	288	220	29	998	183	128	564	29
ABHD5	233	28	20	152	27	14	463	6
TOPAZ1	0	0	0	0	0	1	0	0
TCAIM	263	99	21	347	63	49	534	14
ZNF445	333	80	24	339	48	56	718	7
ZNF852	42	15	3	69	7	12	74	1
ZKSCAN7	47	24	2	39	18	10	113	2
ZNF660	226	37	14	162	36	24	487	4
ZNF197	211	74	5	331	73	53	369	13
ZNF35	265	49	16	198	26	29	500	6
ZNF502	50	8	3	27	6	3	63	1
ZNF501	56	14	5	45	3	7	89	2
KIAA1143	449	105	33	403	64	57	903	7
KIF15	455	145	18	429	114	87	971	19
TMEM42	294	36	24	148	21	15	661	5
TGM4	2	0	0	3	1	0	0	0
ZDHHC3	725	97	62	458	85	52	1273	17
EXOSC7	1490	254	141	881	168	129	3390	34
CLEC3B	1	0	0	0	0	0	1	0
CDCP1	77	0	10	11	2	2	38	0
TMEM158	554	18	34	74	25	15	320	4
LARS2	158	83	27	450	83	58	340	22
LIMD1	105	36	5	182	47	24	198	3
SACM1L	382	83	34	497	78	51	835	13
SLC6A20	8	1	1	4	0	1	15	0
LZTFL1	194	37	12	123	19	13	432	5
CCR9	0	0	0	1	0	0	0	0
FYCO1	35	10	4	42	3	3	104	1
CXCR6	1	0	0	0	0	0	0	0
XCR1	0	0	0	0	0	0	0	0
CCR3	0	0	0	1	1	0	0	0
CCR1	0	0	0	0	0	0	0	0
CCR2	0	0	0	0	0	0	0	0
CCR5	1	0	0	0	0	0	0	0
CCRL2	0	0	0	1	0	0	0	0
LTF	1	1	0	1	0	0	1	0
RTP3	1	0	0	0	0	0	0	0
LRRC2	132	17	10	163	34	13	192	6
TDGF1	232	36	396	348	17	17	489	5
FAM240A	1	0	0	0	0	0	0	0
ALS2CL	12	1	1	7	3	0	15	0
TMIE	3	1	2	5	1	2	35	0
PRSS45P	6	1	0	6	4	0	9	0
MYL3	60	6	6	58	7	8	133	3
PTH1R	674	52	28	551	61	16	1372	14
CCDC12	1460	217	102	831	163	105	2779	25
NBEAL2	36	5	13	17	1	2	71	0
SETD2	925	330	53	1660	283	220	1839	58
KIF9	148	44	15	128	22	13	334	5
KLHL18	181	30	9	180	40	30	266	9
PTPN23	337	22	24	131	23	14	527	1
SCAP	438	66	35	318	50	43	883	5
ELP6	934	150	70	520	114	84	1861	21
CSPG5	17	2	3	14	3	1	18	1
SMARCC1	3409	844	212	3840	723	507	7518	148
DHX30	884	160	63	500	100	82	1754	23
MAP4	2091	514	110	3391	484	415	3658	72
CDC25A	278	60	22	177	34	24	486	11
CAMP	0	0	0	0	0	0	0	0
ZNF589	108	52	25	162	47	36	223	9
NME6	613	87	51	281	48	43	1253	8
SPINK8	0	3	0	12	0	1	0	0
FBXW12	0	3	0	16	0	1	3	0
PLXNB1	146	23	12	72	12	13	300	0
CCDC51	464	44	29	189	29	22	866	5
TMA7	8104	974	592	4168	753	547	15609	136
ATRIP	142	32	13	110	18	15	278	5
TREX1	0	0	0	0	0	0	0	0
SHISA5	845	68	141	277	45	49	1534	7
PFKFB4	162	35	3	177	26	22	450	3
UCN2	0	0	0	0	0	1	3	0
COL7A1	30	3	11	21	0	0	86	0
UQCRC1	1985	222	225	935	178	107	4109	31
TMEM89	0	0	0	0	0	0	2	0
SLC26A6	167	19	14	51	6	5	334	5
CELSR3	26	5	11	15	9	4	73	1
NCKIPSD	141	15	14	75	16	7	371	4
IP6K2	1443	268	92	1315	197	184	2836	41
PRKAR2A	891	111	84	500	85	65	1643	24
SLC25A20	93	8	1	70	6	6	160	1
ARIH2OS	33	5	1	20	4	1	99	1
ARIH2	890	142	135	677	131	93	1634	33
P4HTM	192	24	11	70	17	11	472	4
WDR6	785	74	63	299	60	51	1649	13
DALRD3	639	62	45	227	30	33	1166	7
NDUFAF3	1844	178	143	669	79	111	3769	24
IMPDH2	4156	395	249	1570	255	183	7877	44
QRICH1	602	132	38	734	136	79	1105	28
QARS	1389	113	123	557	82	59	2882	17
USP19	206	21	17	110	13	9	441	2
LAMB2	386	16	33	169	15	16	790	1
CCDC71	164	18	12	68	10	9	267	2
KLHDC8B	709	48	26	259	36	23	1289	8
C3orf84	0	0	0	0	0	0	0	0
CCDC36	2	3	0	1	1	0	0	1
C3orf62	62	7	4	41	9	7	150	1
USP4	301	82	37	332	59	36	645	6
RHOA	6188	770	573	3658	566	431	12149	125
TCTA	104	17	11	80	11	11	172	0
AMT	21	54	3	176	40	20	28	8
NICN1	0	6	0	35	8	5	0	1
DAG1	865	84	43	492	67	55	1240	17
BSN	3	2	0	12	1	0	10	1
APEH	578	53	68	305	60	43	1211	10
MST1	178	10	7	25	4	5	282	1
RNF123	113	17	10	70	12	6	264	2
AMIGO3	0	0	0	1	0	0	0	0
GMPPB	373	33	35	131	32	14	644	7
IP6K1	399	138	31	811	142	111	884	28
CDHR4	1	0	0	0	0	0	2	0
INKA1	314	10	11	57	16	7	633	1
UBA7	56	2	3	33	0	1	150	0
TRAIP	137	34	11	100	19	15	348	5
CAMKV	7	0	12	4	1	0	17	0
MST1R	3	3	0	8	2	1	3	0
MON1A	87	9	7	45	13	3	177	1
RBM6	1111	349	73	1792	299	213	2446	65
RBM5	926	101	45	497	94	68	1793	20
SEMA3F	67	18	4	88	16	6	201	1
GNAT1	0	0	0	0	0	0	2	0
SLC38A3	9	1	0	3	0	1	12	0
GNAI2	3563	434	338	1701	281	229	7777	78
SEMA3B	41	1	5	22	1	3	70	2
LSMEM2	2	0	0	8	0	0	1	2
IFRD2	791	69	69	266	50	41	1425	16
HYAL3	46	0	1	36	6	1	128	2
NAA80	105	10	14	39	5	2	234	1
HYAL1	19	0	2	27	4	3	64	1
HYAL2	1453	157	78	666	80	75	3324	29
TUSC2	800	87	103	350	44	42	1634	12
RASSF1	173	32	22	90	17	17	442	2
ZMYND10	10	1	1	1	2	1	22	0
NPRL2	268	27	21	111	15	13	598	3
CYB561D2	370	31	24	144	25	14	605	2
TMEM115	620	50	45	242	23	32	1166	7
CACNA2D2	47	8	5	39	4	6	127	1
C3orf18	67	3	7	20	4	0	110	0
HEMK1	186	24	15	75	12	9	361	4
CISH	76	2	6	19	3	2	133	0
MAPKAPK3	264	34	34	120	18	17	566	3
DOCK3	5	55	5	162	17	20	10	4
MANF	2971	249	242	1250	208	139	6008	49
RBM15B	951	98	52	358	51	50	1976	20
DCAF1	183	95	21	349	68	48	281	15
RAD54L2	353	108	19	480	77	50	676	21
TEX264	661	53	31	275	36	46	1246	15
GRM2	6	0	0	2	0	0	17	2
IQCF6	0	0	0	0	0	0	0	0
IQCF3	0	0	0	0	0	0	0	0
IQCF2	0	0	0	0	0	0	0	0
IQCF5	0	0	0	0	0	0	0	0
IQCF1	1	0	0	0	0	0	0	0
RRP9	504	49	70	285	46	30	983	13
PARP3	28	0	2	10	1	1	64	0
GPR62	8	0	1	2	0	1	20	0
PCBP4	379	49	18	206	43	27	888	14
ABHD14B	116	6	10	33	6	4	217	0
ABHD14A	560	48	22	179	35	40	1302	5
ACY1	7	29	0	113	29	16	15	14
RPL29	46731	6280	3504	27676	3320	3112	108763	987
DUSP7	163	14	7	47	13	10	358	3
POC1A	321	60	34	211	51	27	739	10
ALAS1	376	31	29	210	38	25	879	4
TLR9	0	0	0	0	0	0	0	0
TWF2	708	58	58	258	34	41	1309	11
PPM1M	73	2	7	22	6	3	154	3
WDR82	650	83	64	359	76	58	1362	15
GLYCTK	58	3	6	24	7	7	129	0
DNAH1	7	10	0	14	1	2	11	0
BAP1	372	30	19	126	18	14	727	4
PHF7	53	21	13	44	14	5	158	4
SEMA3G	3	1	2	6	1	0	9	0
TNNC1	233	22	61	171	10	10	571	5
NISCH	567	69	32	261	44	42	987	14
STAB1	2	1	2	1	0	1	4	0
NT5DC2	4239	463	235	1658	409	252	8312	52
SMIM4	399	54	46	289	49	27	934	8
PBRM1	1413	336	76	1650	345	237	2836	66
GNL3	1516	254	156	871	151	117	2983	38
GLT8D1	1088	101	46	377	56	52	2079	17
SPCS1	5577	531	412	2261	356	261	11035	70
NEK4	212	67	13	260	51	31	414	14
ITIH1	0	0	0	1	0	0	0	0
ITIH3	1	0	0	1	0	0	1	0
ITIH4	9	2	0	6	2	1	16	0
MUSTN1	0	10	0	24	2	7	0	1
STIMATE	39	34	8	120	15	7	87	5
SFMBT1	117	73	5	184	55	23	211	10
RFT1	419	50	16	215	31	33	770	14
PRKCD	93	5	12	59	7	4	166	1
TKT	6965	813	870	3861	727	407	13051	148
DCP1A	672	122	29	684	123	80	1257	23
CACNA1D	64	42	9	459	52	13	78	31
CHDH	56	10	5	35	3	2	133	3
IL17RB	11	7	3	7	3	1	45	4
ACTR8	285	22	19	172	24	10	499	7
SELENOK	2502	280	221	975	153	139	4940	45
CACNA2D3	4	18	4	419	29	8	15	29
LRTM1	7	0	0	16	2	1	8	1
WNT5A	1304	286	25	1310	263	153	2590	44
ERC2	64	152	4	818	151	65	141	38
CCDC66	576	131	33	617	90	63	1334	23
TASOR	549	103	20	510	90	74	1214	20
ARHGEF3	191	68	2	364	42	46	270	7
SPATA12	0	2	0	7	0	0	2	1
IL17RD	79	83	18	333	30	20	206	8
HESX1	27	6	43	31	0	6	67	0
APPL1	895	119	103	490	95	61	1623	28
ASB14	0	0	0	6	2	0	1	0
DNAH12	2	7	0	8	5	1	2	1
PDE12	204	37	20	124	34	13	461	3
ARF4	3361	374	214	2172	312	284	6261	82
DENND6A	127	78	8	347	61	36	317	13
SLMAP	373	187	26	888	169	121	603	30
FLNB	394	82	50	394	44	75	713	20
DNASE1L3	8	0	0	1	1	0	56	0
ABHD6	59	28	8	132	12	9	157	3
RPP14	248	29	19	110	26	16	402	3
HTD2	1	0	0	0	0	0	2	0
PXK	513	38	16	303	40	47	768	9
PDHB	1986	196	202	921	153	106	3895	31
KCTD6	449	63	34	232	28	22	1023	16
ACOX2	41	0	3	17	1	2	80	0
FAM107A	9	1	0	4	0	0	9	0
FAM3D	2	0	0	5	0	0	8	0
C3orf67	114	88	11	613	124	36	199	24
FHIT	121	368	4	1760	351	218	290	95
PTPRG	603	1510	42	7497	1164	828	1172	282
C3orf14	340	69	46	183	45	21	802	11
FEZF2	31	6	5	35	3	4	37	0
CADPS	113	80	14	444	61	24	163	9
SYNPR	4	18	2	99	4	7	3	2
SNTN	2	1	1	4	0	0	3	0
C3orf49	0	1	0	8	1	1	2	0
THOC7	2729	267	149	1417	270	139	5117	34
ATXN7	15	70	2	367	64	50	35	14
PSMD6	2136	195	176	1008	168	124	3726	34
PRICKLE2	66	157	4	506	161	124	142	37
ADAMTS9	2409	447	35	3092	318	416	3102	114
MAGI1	216	457	21	2069	403	275	531	87
SLC25A26	574	130	59	592	102	90	1190	15
LRIG1	124	55	13	238	38	28	206	13
KBTBD8	31	3	5	10	4	3	51	0
SUCLG2	791	177	36	715	130	119	1560	34
TAFA1	1	5	0	40	12	3	1	3
TAFA4	8	9	6	43	7	5	25	1
EOGT	141	38	4	191	36	18	300	8
TMF1	1020	116	47	631	87	63	1790	20
UBA3	752	120	57	678	113	73	1401	19
ARL6IP5	2010	164	80	991	147	115	3731	20
LMOD3	6	0	0	6	0	1	8	0
FRMD4B	655	177	26	1111	183	155	1050	24
MITF	228	52	4	272	27	79	433	4
MDFIC2	0	0	0	2	0	0	0	0
FOXP1	645	346	36	1300	198	203	1241	57
EIF4E3	35	14	4	63	18	4	50	0
GPR27	63	8	6	41	19	1	133	1
PROK2	0	0	0	0	0	0	0	0
RYBP	806	203	51	1286	206	113	1584	36
SHQ1	202	51	8	306	50	28	484	8
GXYLT2	199	101	5	253	47	54	467	9
PPP4R2	1441	318	88	1459	302	172	3066	50
EBLN2	101	6	6	45	4	4	187	2
PDZRN3	660	540	7	4609	912	683	1257	163
CNTN3	3	1	0	9	1	1	6	1
FRG2C	0	0	0	0	0	0	0	0
ZNF717	41	20	7	149	57	15	8	3
ROBO2	323	449	10	1828	332	248	686	132
ROBO1	371	444	33	2174	502	285	775	85
GBE1	224	84	14	466	85	76	556	24
CADM2	12	24	5	139	29	7	93	2
VGLL3	8	2	4	20	1	2	16	0
CHMP2B	732	91	97	509	81	58	1713	15
POU1F1	0	0	0	0	0	0	0	0
HTR1F	0	0	0	1	0	0	4	0
CGGBP1	1068	218	68	963	163	113	2066	29
ZNF654	165	92	9	518	87	54	332	16
C3orf38	407	88	23	358	68	51	971	11
CSNKA2IP	0	0	0	1	0	0	0	0
EPHA3	72	22	2	214	13	42	134	4
PROS1	159	40	4	105	23	36	300	8
ARL13B	304	92	16	215	62	57	571	25
STX19	1	2	0	8	2	1	1	0
DHFR2	54	3	4	30	6	4	117	0
NSUN3	136	72	5	126	47	32	314	7
MTRNR2L12	134	351	25	1999	211	216	352	77
EPHA6	42	56	0	580	97	214	59	18
ARL6	86	21	9	143	28	36	154	8
CRYBG3	183	39	7	233	43	32	406	6
RIOX2	410	38	19	165	36	24	677	12
GABRR3	0	0	0	0	0	0	0	0
OR5AC2	0	0	0	0	0	0	0	0
OR5H1	0	0	0	0	0	0	0	0
OR5H14	0	0	0	1	0	0	0	0
OR5H15	0	0	0	0	0	0	0	0
OR5H6	0	0	0	0	0	0	0	0
OR5H2	0	0	0	0	0	0	0	0
OR5K4	0	0	0	0	0	0	0	0
OR5K3	0	0	0	0	0	0	0	0
OR5K1	0	0	0	0	0	0	0	0
OR5K2	0	0	0	0	0	0	0	0
CLDND1	1062	98	64	532	84	85	1738	21
GPR15	0	0	0	0	0	0	0	0
CPOX	347	28	19	125	22	29	695	7
ST3GAL6	658	201	18	1525	229	148	1185	40
DCBLD2	935	230	44	1374	276	206	2020	55
COL8A1	1	0	0	3	0	0	0	0
CMSS1	1334	379	102	1849	334	264	2801	58
FILIP1L	202	137	10	647	101	87	367	16
TBC1D23	409	80	29	482	77	57	686	17
NIT2	1015	95	107	411	83	52	1796	15
TOMM70	537	97	43	471	66	56	984	13
LNP1	106	30	1	84	29	12	150	3
TMEM45A	629	54	25	287	52	65	1403	6
ADGRG7	0	0	0	0	0	0	0	0
TFG	2407	237	132	1093	158	164	4620	31
ABI3BP	7	4	0	13	6	6	16	1
IMPG2	8	7	0	20	4	4	20	3
SENP7	299	174	10	611	118	81	646	30
TRMT10C	1422	180	129	755	139	103	2711	27
PCNP	2132	300	176	1315	221	184	4198	56
ZBTB11	214	51	13	171	28	29	362	5
RPL24	49086	5242	4192	22801	3699	2714	100084	808
CEP97	194	73	11	221	46	27	450	11
NXPE3	140	17	8	98	21	10	267	6
NFKBIZ	98	9	12	59	5	10	169	3
ZPLD1	0	0	0	2	0	0	0	0
ALCAM	916	243	31	1657	197	298	1028	38
CBLB	292	373	12	1536	138	158	624	45
CCDC54	0	0	0	0	0	0	0	0
BBX	1729	561	121	2322	237	292	3675	92
CD47	634	64	15	262	49	48	1174	8
IFT57	1783	228	58	883	152	165	3684	40
HHLA2	0	0	0	0	0	0	1	0
MYH15	26	1	0	25	6	7	40	1
CIP2A	571	125	21	416	91	73	1018	18
DZIP3	545	132	31	528	86	85	1151	27
RETNLB	0	0	0	1	0	0	0	0
TRAT1	0	0	0	0	0	0	0	0
GUCA1C	0	0	0	0	0	0	0	0
MORC1	0	1	1	0	0	0	0	0
C3orf85	0	0	0	1	0	0	0	0
DPPA2	16	2	19	9	1	3	35	1
DPPA4	854	130	353	614	91	82	1805	19
NECTIN3	852	213	43	920	207	185	1686	25
CD96	1	15	0	31	3	3	7	5
ZBED2	0	0	0	0	0	0	1	0
PLCXD2	7	6	1	28	5	8	21	0
PHLDB2	722	231	27	990	181	96	1413	22
ABHD10	293	54	14	203	27	27	563	8
TAGLN3	53	34	3	88	19	8	144	4
TMPRSS7	0	0	0	1	0	1	0	0
C3orf52	106	49	13	205	22	9	194	8
GCSAM	0	0	0	1	0	0	0	0
SLC9C1	2	15	0	51	5	2	5	3
CD200	133	37	37	112	28	12	318	8
BTLA	0	0	0	1	0	0	1	0
ATG3	826	108	104	462	80	63	1657	20
SLC35A5	170	28	8	176	24	25	343	3
CCDC80	1166	66	81	371	50	60	1571	15
CD200R1L	0	1	0	0	0	0	0	1
CD200R1	3	0	0	3	0	0	4	0
GTPBP8	560	68	35	355	55	54	1015	16
NEPRO	471	69	29	347	65	39	896	22
BOC	466	124	7	513	89	43	971	15
CFAP44	43	17	2	241	26	17	78	8
SPICE1	141	91	13	291	56	33	349	15
SIDT1	0	2	0	3	0	0	0	0
USF3	146	35	5	186	31	18	322	5
NAA50	797	223	95	717	146	111	1652	28
ATP6V1A	439	79	47	400	53	54	791	10
GRAMD1C	30	14	3	36	14	5	57	2
ZDHHC23	9	1	5	9	0	2	15	0
CCDC191	86	42	3	166	19	23	210	6
QTRT2	210	52	27	202	28	20	450	6
DRD3	0	0	0	1	0	0	0	0
ZNF80	2	0	0	0	0	0	0	0
TIGIT	0	0	2	2	0	0	1	0
ZBTB20	190	225	11	1223	170	157	378	44
GAP43	151	32	52	176	19	18	448	4
LSAMP	550	701	14	4859	1061	630	1098	305
IGSF11	11	6	4	50	20	6	12	1
TEX55	0	0	0	1	1	0	0	0
UPK1B	1	1	1	5	1	0	2	0
B4GALT4	677	70	60	407	65	53	1229	14
ARHGAP31	79	46	3	315	23	14	134	3
TMEM39A	346	63	23	359	50	35	736	16
POGLUT1	276	49	14	181	36	21	623	8
TIMMDC1	1463	157	113	736	126	98	2790	30
CD80	0	1	0	4	0	0	0	0
ADPRH	21	1	3	1	2	0	20	0
PLA1A	0	0	0	2	0	2	2	1
POPDC2	10	3	14	42	5	5	41	2
COX17	1291	239	177	959	128	105	2639	42
MAATS1	6	14	0	21	3	9	15	2
NR1I2	1	4	0	5	0	0	1	0
GSK3B	607	338	45	1694	312	197	1173	53
GPR156	4	20	0	115	27	9	14	2
LRRC58	579	68	37	294	50	38	1024	4
FSTL1	2115	274	122	1318	209	138	4929	43
NDUFB4	3638	559	287	2375	371	276	8376	95
HGD	1	0	0	3	0	0	5	0
RABL3	203	56	16	241	45	39	359	7
GTF2E1	230	54	26	143	23	15	508	9
STXBP5L	0	5	1	120	4	4	12	0
POLQ	145	112	11	424	99	67	263	18
ARGFX	0	0	0	0	0	1	3	0
FBXO40	0	0	1	1	0	0	0	0
HCLS1	10	1	5	8	0	1	17	1
GOLGB1	2680	321	123	1722	247	220	5262	60
IQCB1	357	164	33	674	112	87	862	25
EAF2	64	4	10	47	9	1	114	2
SLC15A2	5	0	0	3	1	0	8	0
ILDR1	0	0	1	3	0	0	0	0
CD86	0	1	0	4	0	0	0	0
CASR	1	1	1	1	0	0	2	0
CSTA	0	1	0	0	0	0	0	0
CCDC58	524	105	87	396	73	70	1081	11
FAM162A	2420	245	293	1271	221	145	6562	32
WDR5B	57	8	2	20	1	4	116	1
KPNA1	508	184	22	879	153	124	950	22
PARP9	47	5	0	33	1	4	76	1
DTX3L	47	5	2	30	3	5	76	0
PARP15	0	0	0	3	1	0	4	0
PARP14	416	30	15	287	43	40	724	2
HSPBAP1	112	44	4	150	21	24	228	1
SLC49A4	176	74	10	307	70	36	333	9
SEMA5B	13	14	3	40	17	7	44	1
PDIA5	150	31	13	152	23	21	281	10
SEC22A	165	75	10	433	79	55	396	17
ADCY5	9	8	3	54	2	0	23	1
HACD2	275	98	27	393	50	38	556	20
MYLK	42	19	8	130	20	6	95	3
CCDC14	791	230	50	777	192	123	1656	44
ROPN1	1	0	0	2	0	0	5	0
KALRN	308	451	6	2100	330	183	552	76
UMPS	713	109	60	457	90	62	1368	12
ITGB5	1166	198	121	954	161	107	1937	23
MUC13	0	2	0	0	1	0	0	0
HEG1	219	40	9	304	47	21	295	5
SLC12A8	23	19	8	59	11	9	30	3
ZNF148	684	343	42	1815	285	209	1555	61
SNX4	662	142	33	712	119	90	1194	22
OSBPL11	349	79	13	311	55	46	716	16
ALG1L	29	1	2	10	6	1	93	0
ROPN1B	0	0	0	1	0	0	2	0
SLC41A3	252	37	23	178	28	20	534	3
ALDH1L1	2	4	1	7	2	0	9	0
KLF15	51	15	6	19	4	1	89	1
CFAP100	0	2	1	11	1	1	5	0
ZXDC	126	63	12	294	54	27	291	10
UROC1	0	0	0	0	0	0	0	0
CHST13	1	2	0	1	0	0	8	0
C3orf22	1	0	0	2	1	0	0	0
AC024558.2	0	3	0	67	14	4	0	5
TXNRD3	60	14	3	88	5	5	113	2
CHCHD6	448	104	42	401	77	53	1092	17
PLXNA1	243	26	14	107	21	15	460	3
C3orf56	0	0	0	0	0	0	0	0
PRR20G	0	0	1	0	0	0	0	0
TPRA1	245	21	15	125	10	9	385	1
MCM2	402	95	27	204	59	40	876	10
PODXL2	131	26	19	76	23	14	508	4
ABTB1	87	5	4	38	5	2	160	1
MGLL	7	9	2	35	7	7	17	0
KBTBD12	1	0	0	4	0	0	1	0
SEC61A1	1063	55	64	436	68	52	1788	10
RUVBL1	1761	273	158	1168	242	135	3841	42
EEFSEC	282	79	18	334	60	57	527	13
DNAJB8	0	0	0	0	0	0	0	0
GATA2	189	26	12	53	8	3	246	3
RPN1	1221	128	87	570	93	58	2356	19
RAB7A	1518	303	198	1535	205	177	2813	49
ACAD9	338	45	20	210	35	28	724	7
KIAA1257	8	22	0	54	11	2	22	2
EFCC1	2	4	0	7	0	0	5	0
GP9	0	0	0	0	0	0	0	0
RAB43	3	10	0	76	5	4	1	1
ISY1	390	79	27	418	58	48	906	12
CNBP	4768	673	400	2412	440	334	10297	116
COPG1	708	61	32	326	49	49	1391	9
HMCES	586	62	45	272	55	35	1068	11
H1FX	5398	837	251	2700	545	383	13967	102
EFCAB12	8	3	0	6	1	2	19	0
MBD4	910	98	88	473	89	62	1804	18
IFT122	201	42	11	158	23	19	316	6
RHO	0	0	0	0	0	0	0	0
H1FOO	0	0	0	0	0	0	0	0
PLXND1	264	16	16	111	18	16	573	9
TMCC1	237	259	18	1174	214	167	474	41
TRH	15	3	8	36	6	2	92	3
ALG1L2	17	10	2	59	11	5	61	5
COL6A5	2	1	0	4	0	0	3	0
COL6A6	35	6	1	90	22	11	79	3
PIK3R4	162	64	7	269	54	29	285	7
ATP2C1	403	153	31	554	110	96	829	18
ASTE1	102	17	14	75	14	9	192	1
NEK11	108	35	3	217	25	25	203	7
NUDT16	555	72	49	209	40	41	943	9
MRPL3	2411	315	216	1409	227	174	4413	49
CPNE4	78	183	3	2072	69	113	216	76
ACPP	167	41	10	145	31	24	365	9
DNAJC13	283	103	16	385	80	72	534	11
ACAD11	8	33	2	173	30	27	34	11
ACKR4	1	2	0	10	4	1	2	1
UBA5	702	102	47	436	75	79	1413	17
NPHP3	255	57	11	290	40	47	499	7
TMEM108	84	85	7	409	44	51	147	8
BFSP2	0	2	0	2	2	1	0	0
CDV3	2070	295	157	956	180	172	4051	31
TOPBP1	686	151	33	795	154	89	1273	31
TF	8	0	0	5	1	0	18	0
SRPRB	613	51	43	274	49	44	1143	4
RAB6B	78	8	17	39	4	4	118	1
SLCO2A1	48	26	5	206	20	3	114	12
RYK	1379	241	49	1305	212	236	2484	39
AMOTL2	540	55	14	383	58	43	1073	12
ANAPC13	1049	157	76	473	123	98	2888	23
CEP63	529	116	25	585	79	58	1120	14
EPHB1	25	37	5	383	37	12	92	7
KY	2	0	0	8	0	1	6	0
PPP2R3A	891	262	27	1976	283	323	1436	47
MSL2	90	57	9	306	60	47	239	10
PCCB	376	81	33	356	67	31	875	15
STAG1	670	656	31	3580	654	435	1193	107
SLC35G2	54	14	7	64	7	9	74	0
NCK1	919	145	26	614	130	93	1566	13
IL20RB	14	8	3	90	23	9	29	2
SOX14	0	0	0	2	0	0	0	0
CLDN18	0	2	0	10	1	1	2	0
DZIP1L	108	29	1	161	39	28	311	6
A4GNT	0	0	0	0	0	0	1	0
DBR1	250	34	18	120	24	12	477	9
ARMC8	408	103	28	685	114	85	875	25
NME9	4	4	0	54	15	6	7	2
MRAS	234	29	8	156	35	16	487	9
ESYT3	4	3	0	5	0	0	12	1
CEP70	300	106	8	375	79	33	678	21
FAIM	389	45	25	348	48	29	807	5
PIK3CB	93	98	14	414	94	45	172	20
FOXL2	3	1	1	11	0	1	20	0
FOXL2NB	2	0	1	2	0	0	4	0
PRR23A	0	0	0	0	0	0	0	0
MRPS22	1140	126	81	577	108	83	2161	22
PRR23B	0	0	0	0	0	0	0	0
PRR23C	0	0	0	0	0	0	0	0
COPB2	2713	284	136	1774	269	198	4693	45
RBP2	3	2	0	6	0	0	3	0
RBP1	6409	462	157	2673	419	207	12334	70
NMNAT3	14	6	0	47	3	3	41	1
CLSTN2	58	211	1	671	123	8	141	15
TRIM42	0	0	0	0	0	0	0	0
SLC25A36	979	208	87	806	126	113	2294	41
SPSB4	262	79	6	731	68	30	488	15
PXYLP1	100	56	9	162	29	15	238	8
ZBTB38	341	63	14	447	40	40	706	11
RASA2	258	156	12	700	129	83	549	24
RNF7	4480	469	367	2477	473	306	8976	78
GRK7	0	0	0	6	3	3	1	0
ATP1B3	3659	493	258	2696	414	258	6659	88
TFDP2	977	373	81	1409	330	178	2502	66
GK5	167	39	8	147	27	14	321	4
XRN1	371	203	21	1020	189	160	777	23
ATR	266	145	8	531	105	62	570	25
PLS1	48	29	9	89	24	10	132	2
TRPC1	97	146	6	756	130	102	194	26
PCOLCE2	254	66	12	229	44	40	453	7
PAQR9	8	3	1	4	2	0	24	0
U2SURP	2865	446	167	1975	385	275	5844	77
CHST2	643	5	26	46	7	23	866	2
SLC9A9	84	39	4	230	50	41	113	25
DIPK2A	308	78	24	486	64	44	605	21
PLOD2	1224	139	88	650	97	115	2556	17
PLSCR4	72	36	1	162	15	17	116	7
PLSCR2	420	46	0	49	3	0	1211	29
PLSCR1	670	114	68	332	56	14	549	9
PLSCR5	129	23	28	68	10	3	271	3
ZIC4	16	8	0	23	1	1	45	0
ZIC1	60	41	9	92	12	9	121	2
AGTR1	96	0	0	8	6	4	185	0
CPB1	0	0	0	1	0	0	1	0
CPA3	0	0	0	0	0	0	0	0
GYG1	459	37	57	200	34	26	711	9
HLTF	810	213	59	859	161	88	1862	44
HPS3	317	62	14	397	56	37	594	5
CP	9	3	0	14	2	0	11	0
TM4SF18	20	1	0	10	0	0	20	0
TM4SF1	61	3	0	2	1	3	69	0
TM4SF4	0	0	0	0	0	0	0	0
WWTR1	506	127	19	894	142	84	1064	23
COMMD2	1199	203	78	633	136	102	2509	28
ANKUB1	0	66	0	460	81	46	1	27
RNF13	417	99	31	537	86	67	893	14
PFN2	2363	361	143	1435	221	129	5405	63
TSC22D2	490	120	19	859	105	115	843	28
SERP1	3622	403	276	1887	301	260	6604	60
EIF2A	1316	189	109	849	125	119	2600	23
SELENOT	1289	129	93	672	103	99	2316	19
ERICH6	1	2	0	8	2	1	4	1
SIAH2	339	32	28	136	19	22	612	4
MINDY4B	0	0	0	0	0	0	0	0
CLRN1	2	1	0	0	1	0	2	0
MED12L	84	135	8	567	140	90	128	27
GPR171	7	3	0	12	2	1	10	0
P2RY14	2	31	0	107	21	23	1	5
GPR87	1	0	0	9	1	1	7	1
P2RY13	1	0	0	1	0	0	2	0
P2RY12	0	1	0	11	3	2	0	1
IGSF10	263	24	3	189	17	23	361	9
AADACL2	0	0	0	1	0	0	0	0
AADAC	1	0	0	0	0	0	2	0
SUCNR1	89	12	4	22	1	2	121	0
MBNL1	192	174	9	571	133	136	408	35
P2RY1	63	3	4	22	3	7	90	0
RAP2B	445	64	54	355	55	35	948	23
ARHGEF26	8	77	2	208	49	30	9	12
DHX36	2151	330	129	1506	243	205	4073	52
GPR149	1	1	0	2	0	2	2	0
MME	633	65	13	246	110	135	496	11
STRIT1	0	0	0	0	0	0	0	0
PLCH1	31	80	16	286	37	26	85	8
C3orf33	51	26	6	102	27	11	128	2
SLC33A1	124	44	10	202	34	32	279	8
GMPS	1460	356	81	1570	318	182	3068	50
KCNAB1	4	0	0	7	1	0	12	0
SSR3	4009	465	289	1867	307	327	7228	75
TIPARP	108	34	7	107	14	15	251	2
LEKR1	7	16	0	35	6	3	15	2
CCNL1	854	109	67	613	90	48	1765	19
VEPH1	36	5	4	65	7	2	30	0
PTX3	331	1	2	49	4	9	504	1
SLC66A1L	9	1	1	18	4	1	42	2
SHOX2	20	3	0	10	1	3	38	0
RSRC1	982	279	52	1400	240	193	1838	79
MLF1	491	89	43	584	66	28	1493	21
GFM1	379	55	27	307	36	26	705	10
LXN	267	29	17	111	31	17	632	8
RARRES1	13	11	0	44	5	1	58	0
MFSD1	188	15	13	121	17	15	367	3
IQCJ-SCHIP1	9	55	1	276	60	19	16	4
IQCJ	0	0	0	0	0	0	0	0
SCHIP1	14	5	1	9	3	4	40	1
IL12A	0	0	0	1	0	0	6	0
C3orf80	3	1	0	2	0	0	5	0
IFT80	169	79	12	463	76	57	428	26
SMC4	2493	494	124	1903	422	276	4686	96
TRIM59	255	116	17	389	74	70	457	9
KPNA4	884	230	60	1118	163	130	1752	47
ARL14	3	0	0	0	0	0	4	0
PPM1L	174	205	3	867	115	127	359	49
B3GALNT1	507	29	14	175	35	42	903	7
NMD3	551	80	27	640	111	125	936	13
SPTSSB	1	0	5	2	0	0	2	0
OTOL1	15	0	0	5	0	11	13	0
SI	0	1	0	0	0	0	0	0
SLITRK3	16	1	4	14	2	0	57	1
BCHE	31	10	0	63	6	1	170	1
ZBBX	11	6	0	38	5	2	29	3
SERPINI2	1	0	0	7	0	2	0	0
WDR49	6	3	0	17	0	5	3	0
PDCD10	1298	187	100	896	118	109	2562	30
SERPINI1	67	11	2	40	4	10	172	0
GOLIM4	951	159	43	619	111	88	1877	21
MECOM	53	388	11	688	146	81	182	73
ACTRT3	57	7	7	27	9	2	142	1
MYNN	236	39	14	213	26	23	472	3
LRRC34	113	32	7	115	20	9	278	4
LRRIQ4	0	0	0	0	0	0	0	1
LRRC31	0	0	0	1	1	0	0	0
SAMD7	0	0	0	2	0	0	0	0
SEC62	2738	384	155	1902	295	264	5334	67
GPR160	26	6	25	61	4	2	60	1
PHC3	193	159	10	688	104	74	388	21
PRKCI	457	107	42	604	92	80	835	29
SKIL	807	170	131	978	120	81	1527	28
CLDN11	135	17	6	74	3	2	173	15
SLC7A14	3	2	0	1	0	0	1	0
RPL22L1	4845	786	574	3518	457	328	9189	77
EIF5A2	96	14	5	118	12	6	197	2
SLC2A2	0	1	0	1	0	0	0	0
TNIK	378	255	15	1339	259	137	673	47
PLD1	128	58	4	386	31	52	201	8
TMEM212	0	0	0	0	0	0	0	0
FNDC3B	880	721	52	4014	502	594	1346	114
GHSR	0	0	0	0	0	0	0	0
TNFSF10	0	0	0	1	0	0	1	0
NCEH1	21	18	3	67	6	5	32	2
ECT2	599	209	44	727	153	115	1235	38
SPATA16	3	4	3	9	2	2	11	1
NLGN1	96	302	3	920	161	280	156	47
NAALADL2	14	150	2	526	102	71	31	22
TBL1XR1	1048	570	69	2842	496	366	2522	138
KCNMB2	0	12	0	238	21	9	0	4
ZMAT3	312	31	31	247	16	28	592	12
PIK3CA	166	104	13	462	71	53	360	25
KCNMB3	27	7	4	107	19	9	61	4
ZNF639	424	61	39	268	45	26	928	13
MFN1	421	82	20	412	67	49	773	16
GNB4	703	93	31	531	88	83	1201	13
ACTL6A	1173	189	97	752	164	114	2477	32
MRPL47	2586	303	236	1365	264	199	5505	57
NDUFB5	2800	283	263	1297	199	164	6035	57
USP13	402	85	14	378	87	68	708	19
PEX5L	6	5	0	13	4	3	3	3
TTC14	625	84	56	362	60	36	1231	15
CCDC39	1	1	2	6	1	2	4	0
FXR1	3529	575	227	2945	438	359	7467	98
DNAJC19	1416	208	161	878	133	100	2909	28
SOX2	225	99	202	206	16	30	298	2
ATP11B	238	133	14	584	88	68	495	18
DCUN1D1	489	116	33	760	99	77	787	16
MCCC1	243	61	12	319	41	34	484	9
LAMP3	0	0	0	2	1	0	1	1
MCF2L2	139	235	5	790	120	65	298	41
B3GNT5	106	33	4	134	27	17	231	8
KLHL6	6	2	1	9	0	0	14	0
KLHL24	258	88	18	502	67	43	629	18
YEATS2	323	219	19	1003	204	124	699	29
MAP6D1	0	2	0	20	3	5	0	1
PARL	1231	177	108	867	135	99	2465	25
ABCC5	351	85	25	429	74	44	696	22
HTR3D	0	0	0	0	0	0	0	0
HTR3C	0	0	0	0	1	0	0	0
HTR3E	1	0	0	4	0	0	0	0
EIF2B5	440	55	28	230	39	30	825	12
DVL3	721	49	53	333	49	38	1374	12
AP2M1	5780	464	349	2272	370	259	10716	74
ABCF3	345	23	21	105	17	12	635	2
VWA5B2	0	0	0	0	0	0	0	0
ALG3	720	78	77	354	56	46	1434	14
EEF1AKMT4	228	29	34	137	27	12	512	6
CAMK2N2	18	4	11	10	0	1	21	0
ECE2	0	0	0	2	0	0	0	0
PSMD2	3888	398	233	1521	272	194	7928	61
EIF4G1	2148	187	179	844	138	102	3579	33
FAM131A	138	24	13	82	18	8	280	1
CLCN2	43	9	5	37	4	3	120	0
POLR2H	1899	269	154	921	171	134	4160	40
THPO	12	1	1	17	4	0	30	1
CHRD	11	0	1	5	0	0	15	0
EPHB3	363	27	4	114	16	20	619	7
MAGEF1	1349	143	68	574	106	68	2742	25
VPS8	227	119	11	569	102	67	474	21
C3orf70	44	2	0	51	10	3	86	0
EHHADH	117	19	4	123	18	16	140	7
MAP3K13	509	96	39	702	75	100	935	28
TMEM41A	391	45	44	147	29	28	816	10
LIPH	1	0	0	5	0	0	1	0
SENP2	298	72	40	403	53	50	739	13
IGF2BP2	2364	892	117	3975	703	533	4861	168
TRA2B	3245	333	171	1468	293	186	6928	87
ETV5	253	117	19	373	62	43	568	11
DGKG	6	7	1	251	20	2	12	1
CRYGS	2	1	1	13	3	1	9	2
TBCCD1	58	19	7	72	9	3	110	2
DNAJB11	1270	145	97	725	136	88	2265	31
AHSG	14	5	3	14	2	3	17	2
FETUB	0	0	0	0	0	0	0	0
HRG	0	0	0	0	0	0	0	0
KNG1	1	0	0	1	0	0	0	0
EIF4A2	4288	472	370	1969	353	254	10398	79
RFC4	1111	192	86	676	111	79	2407	40
ADIPOQ	0	0	0	0	0	0	0	0
ST6GAL1	179	181	31	636	105	56	349	31
RPL39L	1521	122	126	909	171	105	3715	26
RTP1	1	0	2	2	0	0	3	0
MASP1	72	18	7	55	2	10	106	1
RTP4	0	0	0	1	0	0	0	0
SST	109	38	7	118	13	30	203	4
RTP2	0	0	0	0	0	0	0	0
BCL6	22	10	2	51	12	5	43	3
AC072022.2	0	0	0	3	1	0	0	0
LPP	783	567	49	3683	542	345	1486	88
TPRG1	5	17	0	231	26	10	14	3
TP63	0	7	1	9	1	0	3	0
P3H2	449	528	40	1915	281	69	1256	127
CLDN1	8	6	1	11	3	0	14	0
CLDN16	4	0	1	3	0	0	5	0
TMEM207	0	1	0	1	0	0	0	0
IL1RAP	17	12	0	43	4	1	17	0
GMNC	0	2	0	7	0	2	3	0
OSTN	11	0	0	4	4	2	18	0
UTS2B	2	2	0	3	0	1	4	0
CCDC50	823	126	46	565	87	72	1656	16
PYDC2	0	0	0	0	0	0	0	0
FGF12	51	78	3	213	47	20	125	8
MB21D2	96	58	7	230	34	27	232	13
PLAAT1	81	14	5	88	17	9	227	2
ATP13A5	0	0	0	0	0	1	0	0
ATP13A4	2	0	0	3	1	0	2	0
OPA1	447	154	29	776	128	81	855	25
HES1	3350	213	123	2426	358	243	7871	33
CPN2	0	1	0	0	2	0	2	0
LRRC15	0	0	0	0	0	0	1	0
GP5	0	0	0	0	0	0	2	0
ATP13A3	312	147	41	559	142	75	591	23
TMEM44	179	39	9	141	27	20	339	4
LSG1	356	58	39	276	37	37	708	11
FAM43A	251	9	8	127	24	5	512	3
XXYLT1	611	114	30	693	103	91	1107	25
ACAP2	668	262	50	1221	221	141	1384	36
PPP1R2	849	125	61	613	104	76	1868	16
APOD	3	0	0	3	2	0	5	0
MUC20	0	2	0	1	2	1	3	0
MUC4	0	0	0	7	0	0	0	0
TNK2	91	15	8	53	15	12	154	2
TFRC	270	51	25	198	29	21	505	9
ZDHHC19	2	0	1	9	0	1	20	0
SLC51A	13	4	0	23	3	0	33	1
PCYT1A	301	47	22	245	37	27	512	8
TCTEX1D2	929	202	37	853	163	114	2023	31
TM4SF19	0	0	0	2	1	0	1	0
UBXN7	670	148	44	687	118	93	1349	21
RNF168	432	99	35	427	75	54	815	9
SMCO1	0	0	0	0	0	0	0	0
WDR53	108	36	7	123	25	14	252	3
FBXO45	260	41	20	197	25	28	626	11
NRROS	4	0	2	3	0	1	13	0
PIGX	679	74	46	332	62	48	1043	10
CEP19	191	11	6	98	17	7	321	3
PAK2	1678	364	86	1412	252	222	3474	60
SENP5	435	163	27	916	126	127	859	24
NCBP2	1556	194	100	683	125	137	3520	33
NCBP2AS2	1000	132	91	454	73	70	2246	14
PIGZ	15	2	0	12	1	0	14	0
MELTF	77	12	8	47	8	8	130	0
DLG1	1533	898	57	3783	732	549	2478	113
BDH1	5	15	0	46	5	13	6	2
RUBCN	64	15	4	72	25	7	136	4
FYTTD1	691	81	25	444	62	80	1181	13
LRCH3	397	199	21	981	157	135	889	34
IQCG	109	40	5	235	44	28	321	13
RPL35A	47791	4822	3780	20345	3146	2537	95757	727
LMLN	52	9	6	73	9	12	170	4
ZNF595	80	28	15	69	9	20	255	2
ZNF718	135	105	3	453	85	56	160	16
ZNF732	4	30	8	150	12	28	102	5
ZNF141	270	69	18	347	72	50	489	18
ZNF721	545	265	33	927	198	131	1007	38
PIGG	183	38	10	205	36	27	317	4
TMEM271	0	0	0	0	0	0	2	0
PDE6B	155	18	11	88	20	15	338	2
ATP5ME	4958	504	480	1809	310	249	10002	64
MYL5	71	7	7	41	3	4	158	0
SLC49A3	49	2	8	20	5	1	108	0
PCGF3	389	68	29	336	45	32	850	9
CPLX1	3	3	1	2	1	0	14	0
GAK	329	46	21	252	47	33	634	6
TMEM175	115	13	3	57	8	5	240	0
DGKQ	83	16	5	27	8	3	133	1
SLC26A1	5	0	1	4	1	1	14	0
IDUA	45	0	8	12	2	1	115	4
FGFRL1	281	26	17	55	21	16	518	3
RNF212	26	5	6	9	2	1	127	0
SPON2	1400	11	7	81	11	24	1735	0
CTBP1	905	88	75	384	65	52	1600	9
MAEA	793	79	71	460	75	45	1678	17
UVSSA	108	29	7	97	20	8	210	0
CRIPAK	51	6	5	17	2	4	115	2
NKX1-1	0	0	0	0	0	0	0	0
FAM53A	21	7	0	28	7	2	26	2
SLBP	2675	235	95	1265	264	177	5048	46
TACC3	828	142	77	522	99	65	1685	22
TMEM129	194	28	30	43	7	8	402	3
FGFR3	306	18	12	132	14	15	657	2
LETM1	545	60	21	203	40	24	972	6
NSD2	723	326	43	1235	266	199	1545	50
NELFA	582	92	56	385	75	42	1076	23
C4orf48	4066	436	185	1735	314	245	8725	71
NAT8L	23	4	3	7	0	0	30	0
POLN	18	2	2	9	0	1	33	0
HAUS3	191	26	11	133	25	15	450	8
MXD4	2792	179	104	1115	139	122	4410	31
ZFYVE28	4	1	1	8	1	1	4	0
CFAP99	0	1	0	0	0	0	0	0
RNF4	313	109	33	399	63	37	765	27
FAM193A	414	171	16	974	198	114	843	28
TNIP2	601	34	32	276	51	28	1010	10
SH3BP2	179	21	12	106	18	7	411	5
ADD1	1430	229	77	1269	188	139	2721	38
MFSD10	1247	108	76	562	79	80	2478	20
NOP14	485	68	41	361	51	48	1007	9
GRK4	101	36	6	139	24	33	233	8
HTT	414	176	37	729	119	74	753	32
MSANTD1	0	0	0	7	2	1	4	1
RGS12	340	115	6	532	92	72	679	17
HGFAC	6	0	0	2	0	0	3	1
DOK7	1	0	1	0	0	0	7	0
LRPAP1	1890	193	142	1077	127	119	3641	49
ADRA2C	191	36	19	226	17	2	465	18
OTOP1	0	0	0	0	0	0	0	0
TMEM128	389	70	19	238	36	33	707	5
LYAR	1135	129	118	560	91	51	1888	18
ZBTB49	55	7	4	41	7	6	107	2
NSG1	875	34	31	142	51	40	1747	9
STX18	1704	140	36	787	155	153	2371	22
MSX1	6042	515	115	2212	282	255	14289	105
CYTL1	308	12	21	49	19	15	972	5
STK32B	22	19	3	48	27	5	33	5
EVC2	109	36	6	178	26	21	200	5
EVC	25	19	1	158	25	18	70	7
CRMP1	136	33	39	179	54	25	262	7
C4orf50	2	1	0	14	0	1	6	0
JAKMIP1	36	3	3	22	1	0	85	1
AC092442.1	0	0	0	0	0	0	0	0
WFS1	158	11	14	64	10	7	297	1
PPP2R2C	4	2	2	7	0	0	7	0
MAN2B2	111	14	8	47	5	12	245	0
MRFAP1	4464	397	264	1812	337	262	9173	71
AC093323.1	197	20	14	109	12	21	442	9
S100P	1	1	2	0	0	1	6	0
MRFAP1L1	623	91	41	358	59	45	1229	15
BLOC1S4	1082	97	44	438	78	47	2133	7
KIAA0232	467	197	37	772	163	97	1028	30
TBC1D14	210	55	23	244	47	26	434	12
CCDC96	43	3	1	15	4	3	69	0
TADA2B	172	19	9	68	17	10	278	0
GRPEL1	885	119	74	447	79	60	1844	10
SORCS2	1	13	0	109	18	5	28	6
PSAPL1	8	0	0	2	0	0	14	1
AFAP1	169	77	15	333	44	33	331	11
ABLIM2	2	3	0	12	2	1	4	0
SH3TC1	32	1	2	6	4	2	58	0
HTRA3	114	9	3	14	3	5	219	2
ACOX3	208	30	8	188	22	27	451	8
TRMT44	112	27	9	132	14	20	268	4
GPR78	5	1	0	19	0	3	9	1
CPZ	21	1	0	6	1	7	20	0
HMX1	60	16	2	29	4	1	43	7
FAM90A26	0	0	0	0	0	0	0	0
USP17L10	0	0	0	0	0	0	0	0
USP17L11	0	0	0	0	0	0	0	0
USP17L12	0	0	0	0	0	0	0	0
USP17L13	0	0	0	0	0	0	0	0
USP17L15	0	0	0	0	0	0	0	0
USP17L17	0	0	0	0	0	0	0	0
USP17L18	0	0	0	0	0	0	0	0
USP17L19	0	0	0	0	0	0	0	0
USP17L20	0	0	0	0	0	0	0	0
USP17L21	0	0	0	0	0	0	0	0
USP17L22	0	0	0	0	0	0	0	0
USP17L23	0	0	0	0	0	0	0	0
USP17L24	0	0	0	0	0	0	0	0
USP17L25	0	0	0	0	0	0	0	0
USP17L26	0	0	0	0	0	0	0	0
USP17L5	0	0	0	0	0	0	0	0
USP17L27	0	0	0	0	0	0	0	0
USP17L28	0	0	0	0	0	0	0	0
USP17L29	0	0	0	0	0	0	0	0
USP17L30	0	0	0	0	0	0	0	0
DEFB131A	0	0	0	0	0	0	0	0
SLC2A9	3	0	0	10	0	0	6	0
DRD5	0	0	0	0	0	0	3	0
WDR1	1580	128	203	997	133	96	2989	37
ZNF518B	326	48	9	270	50	41	651	8
CLNK	0	6	0	15	0	0	4	0
HS3ST1	511	33	5	386	23	48	617	4
RAB28	475	187	33	820	150	115	1026	29
NKX3-2	6	0	1	0	1	0	15	1
BOD1L1	1755	226	107	1189	193	141	3904	43
CPEB2	24	10	2	65	13	3	66	1
C1QTNF7	26	26	0	10	6	6	85	13
CC2D2A	346	57	13	322	56	39	581	16
FBXL5	525	286	28	1067	180	135	897	34
FAM200B	825	107	50	392	65	77	1452	9
BST1	56	4	6	21	2	1	132	3
CD38	3	2	0	2	2	0	2	0
FGFBP1	3	2	0	5	0	0	14	0
FGFBP2	8	0	0	1	4	0	11	0
PROM1	537	195	9	385	101	77	829	14
TAPT1	104	37	5	146	27	27	215	5
LDB2	912	427	40	1861	434	464	1349	57
QDPR	1276	145	110	606	105	103	2656	30
CLRN2	0	0	0	0	0	0	0	0
LAP3	777	109	90	366	73	62	1538	12
MED28	2218	220	126	956	154	127	4333	32
FAM184B	140	13	4	72	3	4	37	4
DCAF16	281	77	27	246	49	45	571	7
NCAPG	999	215	58	597	214	114	1851	48
LCORL	552	336	29	1432	297	226	1315	60
SLIT2	1358	1189	17	10032	943	1168	2029	137
PACRGL	168	63	12	245	51	33	410	16
KCNIP4	75	309	3	351	99	107	263	166
ADGRA3	304	228	28	982	184	148	646	39
PPARGC1A	6	5	5	27	0	1	11	0
DHX15	1281	251	112	1095	212	168	2568	39
SOD3	252	8	27	161	3	9	519	5
CCDC149	74	23	2	100	10	2	148	0
LGI2	39	14	4	43	5	6	100	9
SEPSECS	60	17	6	90	22	9	147	4
PI4K2B	132	40	3	141	41	14	258	4
ZCCHC4	96	40	6	145	27	16	237	8
ANAPC4	203	29	19	197	34	30	465	7
SLC34A2	169	2	0	23	6	3	620	0
SEL1L3	14	10	4	32	1	1	42	1
SMIM20	1033	147	97	538	83	85	2316	23
RBPJ	1331	348	151	1481	273	183	2983	60
CCKAR	0	1	0	6	4	0	1	1
TBC1D19	119	87	5	472	77	58	270	18
STIM2	398	192	29	785	179	98	1011	30
PCDH7	1405	824	47	2859	647	447	2210	164
ARAP2	9	2	0	13	3	1	34	0
DTHD1	0	0	0	0	1	0	1	0
NWD2	11	8	0	31	5	1	19	12
C4orf19	5	3	1	24	4	5	18	0
RELL1	84	23	7	135	27	26	196	12
PGM2	352	53	21	164	41	27	871	5
TBC1D1	546	124	45	384	86	70	1030	21
PTTG2	7	0	0	0	0	0	15	0
KLF3	542	141	44	388	67	57	1202	22
TLR10	0	0	0	0	0	0	0	0
TLR1	0	0	0	3	2	0	3	0
TLR6	9	0	0	2	0	0	8	0
FAM114A1	1456	139	68	807	96	137	2962	17
TMEM156	0	0	0	1	0	0	1	0
KLHL5	363	142	24	798	147	82	635	21
WDR19	153	55	10	285	38	32	359	10
RFC1	1539	287	97	1244	222	188	3406	32
KLB	3	1	1	1	0	0	4	1
RPL9	46238	5375	3104	24730	3900	3043	112923	905
LIAS	250	32	30	199	30	19	726	9
UGDH	1194	145	49	624	123	96	2210	20
SMIM14	581	105	88	445	79	79	1140	13
UBE2K	1789	455	163	2117	392	269	3569	75
PDS5A	747	370	49	1559	348	230	1353	74
N4BP2	1019	261	66	1061	209	167	1958	40
RHOH	37	14	1	70	6	1	68	0
CHRNA9	5	5	0	19	3	4	15	0
RBM47	296	47	62	251	54	60	511	2
NSUN7	102	50	12	214	33	20	234	4
APBB2	160	201	14	896	184	134	348	44
UCHL1	2578	330	596	898	203	158	4675	52
LIMCH1	238	70	16	326	59	41	659	12
PHOX2B	0	0	0	0	0	0	0	0
TMEM33	596	103	54	355	59	60	1073	16
DCAF4L1	2	0	2	1	0	0	4	1
SLC30A9	503	193	37	785	136	117	1005	35
BEND4	4	2	11	8	2	0	12	0
SHISA3	24	3	1	19	1	2	140	4
ATP8A1	16	34	5	71	23	14	35	4
GRXCR1	0	0	0	0	0	0	1	0
KCTD8	50	123	1	179	27	20	77	27
YIPF7	1	0	0	13	0	2	6	0
GUF1	381	70	27	322	46	40	843	10
GNPDA2	224	43	7	61	31	14	395	6
GABRG1	0	0	0	0	0	0	0	0
GABRA2	113	46	1	2	19	12	205	8
COX7B2	0	0	0	2	0	0	0	0
GABRA4	0	2	0	0	0	2	1	0
GABRB1	2	3	0	1	0	2	8	4
COMMD8	712	78	26	78	48	42	1300	13
ATP10D	131	23	6	8	15	12	268	5
CORIN	6	4	0	15	1	1	6	1
NFXL1	194	78	18	280	46	38	438	9
NIPAL1	76	9	2	87	8	10	167	2
CNGA1	12	1	1	11	1	1	16	0
TXK	0	1	0	10	2	2	1	0
TEC	11	1	3	40	4	4	21	0
SLAIN2	390	102	29	488	80	63	797	19
SLC10A4	12	1	0	8	2	1	15	0
ZAR1	2	1	0	0	0	0	1	0
FRYL	361	322	16	1246	250	140	753	63
OCIAD1	2961	423	190	1710	334	264	5581	67
OCIAD2	991	79	220	663	115	55	2970	20
CWH43	1	0	0	0	0	0	0	0
DCUN1D4	247	80	12	471	76	80	479	18
LRRC66	1	1	0	8	0	0	1	1
SGCB	632	51	34	380	52	48	1258	10
SPATA18	21	6	4	36	3	1	40	4
USP46	590	145	38	455	81	67	1140	16
ERVMER34-1	81	10	3	19	5	9	132	2
RASL11B	202	2	21	9	5	1	431	0
SCFD2	115	125	4	445	98	94	249	17
FIP1L1	1043	188	68	795	170	123	2352	35
LNX1	27	17	2	32	3	2	65	1
CHIC2	476	127	25	633	104	66	1088	19
GSX2	1	0	1	0	0	0	1	0
PDGFRA	729	321	36	1523	257	110	1778	38
KIT	10	26	3	35	7	4	43	2
KDR	1089	172	48	777	73	43	1794	10
SRD5A3	565	84	48	251	71	31	1039	16
TMEM165	1805	285	114	1420	219	170	3374	51
CLOCK	356	153	20	801	155	106	732	25
PDCL2	0	0	0	5	0	0	5	0
NMU	143	43	19	224	27	2	559	6
EXOC1L	28	7	0	16	0	0	78	2
EXOC1	477	67	19	383	56	55	955	11
CEP135	442	109	21	450	100	68	855	12
KIAA1211	63	430	8	1541	369	139	154	64
AASDH	313	80	30	297	68	45	781	6
PPAT	512	154	69	635	130	88	1213	33
PAICS	3100	526	305	1985	423	288	6160	95
SRP72	2741	324	159	1373	280	203	5113	71
ARL9	57	18	0	57	31	10	136	4
THEGL	7	1	0	30	14	4	8	0
HOPX	1166	122	7	423	158	63	1312	12
SPINK2	33	2	4	8	7	0	42	0
REST	1463	199	89	1096	192	127	2918	42
NOA1	346	50	34	216	35	22	958	7
POLR2B	1110	208	56	910	159	109	2115	39
IGFBP7	977	118	57	153	26	14	2330	12
ADGRL3	65	367	6	918	197	109	197	33
TECRL	1102	269	42	415	93	127	2585	113
EPHA5	1	5	0	24	0	1	3	0
CENPC	545	131	32	590	114	81	1134	32
STAP1	0	2	0	2	0	0	0	2
UBA6	418	160	31	683	139	95	987	23
GNRHR	0	1	0	7	0	0	1	0
TMPRSS11D	0	2	0	10	4	1	0	0
TMPRSS11A	0	2	0	8	4	0	1	1
TMPRSS11F	0	0	0	0	0	0	0	0
TMPRSS11B	1	0	0	0	0	1	5	0
YTHDC1	326	237	17	1341	210	162	626	39
TMPRSS11E	10	8	0	57	9	4	17	5
UGT2B17	1	0	0	0	1	0	0	0
UGT2B15	0	0	0	0	0	0	0	0
UGT2B10	0	0	0	0	0	0	0	0
UGT2A3	0	0	0	0	0	0	0	0
UGT2B7	4	10	0	42	0	2	14	0
UGT2B11	8	7	2	85	17	2	500	1
UGT2B28	0	0	0	0	0	0	0	0
UGT2B4	0	0	0	2	0	0	0	0
UGT2A1	0	0	0	0	0	0	1	0
UGT2A2	0	0	0	0	0	0	0	0
SULT1B1	2	1	0	2	1	2	2	0
SULT1E1	0	0	0	1	0	0	0	0
CSN1S1	0	0	0	0	0	0	0	0
CSN2	0	0	0	0	0	0	0	0
STATH	0	0	0	0	0	0	0	0
HTN3	3	0	3	0	0	0	6	0
HTN1	2	0	10	1	0	0	0	0
PRR27	0	1	0	0	0	0	0	0
ODAM	461	31	14	150	24	35	658	2
FDCSP	1	0	0	0	0	0	0	0
CSN3	1	0	0	0	0	0	1	0
CABS1	0	0	0	3	0	0	5	0
SMR3A	0	0	0	0	0	0	0	0
SMR3B	0	0	0	0	0	0	0	0
OPRPN	0	0	0	0	0	0	0	0
MUC7	0	0	0	0	0	0	0	0
AMTN	1	0	0	0	0	0	0	0
AMBN	0	8	0	10	2	4	3	0
ENAM	1	0	0	0	0	0	0	0
JCHAIN	0	1	0	0	0	0	2	0
UTP3	638	63	50	307	59	36	1233	5
RUFY3	601	178	42	792	109	87	1264	27
GRSF1	1433	165	132	898	146	117	2692	43
MOB1B	188	157	12	695	87	66	334	22
DCK	327	37	22	161	25	22	579	6
SLC4A4	60	33	6	184	32	16	76	6
GC	0	0	0	0	0	0	1	0
NPFFR2	32	6	2	118	6	2	22	0
ADAMTS3	62	90	5	458	63	37	146	13
COX18	168	40	6	126	21	18	299	7
ANKRD17	1214	551	72	3070	520	336	2286	105
ALB	4	0	0	2	0	1	12	0
AFP	134	19	8	105	6	9	213	3
AFM	3	1	0	1	1	0	6	0
RASSF6	11	2	0	13	0	0	35	0
CXCL8	0	0	0	0	0	0	0	0
CXCL6	2	0	2	3	0	1	5	0
PF4V1	1	0	0	1	0	0	4	0
CXCL1	6	0	0	2	0	0	43	0
PF4	5	1	17	0	0	1	5	0
PPBP	0	0	0	1	0	0	5	0
CXCL5	21	4	6	8	0	1	31	1
CXCL3	22	4	4	5	0	0	44	0
CXCL2	8	0	1	2	0	0	15	0
MTHFD2L	290	65	17	296	57	32	499	12
EPGN	0	1	0	1	0	0	2	0
EREG	1	0	0	0	0	0	1	0
AREG	162	0	1	14	0	7	101	0
BTC	2	0	0	2	0	0	1	0
PARM1	230	23	3	156	18	35	326	2
RCHY1	468	63	31	317	54	52	870	11
THAP6	150	31	5	149	29	27	319	7
ODAPH	8	1	1	0	0	0	12	0
CDKL2	30	2	2	15	2	1	53	1
G3BP2	2818	440	177	2431	351	251	5096	66
USO1	948	159	104	782	131	107	1831	11
PPEF2	0	0	0	0	1	0	0	0
NAAA	50	12	5	28	6	2	69	3
SDAD1	875	141	60	702	128	76	1682	25
CXCL9	0	0	0	0	0	0	0	0
ART3	0	0	0	4	0	0	0	0
CXCL10	4	0	0	0	0	0	0	0
CXCL11	0	0	0	0	0	0	0	0
NUP54	694	199	66	1067	152	96	1429	39
SCARB2	684	109	45	430	84	59	1601	18
FAM47E	5	6	0	10	1	0	17	0
STBD1	2	3	0	28	6	5	9	1
CCDC158	0	0	0	3	0	0	1	0
SHROOM3	242	140	17	370	113	134	481	44
SOWAHB	2	0	0	2	0	0	7	0
SEPTIN11	4714	756	148	2467	534	378	8118	93
CCNI	10964	1254	656	6319	942	674	23991	213
CCNG2	459	73	18	254	46	46	1006	13
CXCL13	3	0	0	8	4	0	6	1
CNOT6L	245	32	9	173	31	27	350	10
MRPL1	892	164	66	639	135	89	1765	39
FRAS1	336	437	18	1871	406	202	505	64
ANXA3	586	21	63	325	35	71	816	2
BMP2K	211	86	22	537	100	70	338	19
PAQR3	150	50	19	222	41	24	277	8
NAA11	0	0	0	1	0	1	0	0
GK2	0	0	0	0	0	0	0	0
ANTXR2	311	108	11	395	79	50	640	14
PRDM8	6	4	1	8	0	0	11	0
FGF5	1	0	0	0	0	0	5	1
CFAP299	1	5	0	13	1	8	3	1
BMP3	2	3	0	2	0	0	6	0
PRKG2	9	10	0	43	7	3	18	1
RASGEF1B	71	26	9	218	34	15	155	9
HNRNPD	7288	1237	554	4761	1013	693	15611	225
HNRNPDL	11339	987	627	4887	982	614	22487	229
ENOPH1	692	84	111	372	75	61	1406	13
TMEM150C	61	15	7	88	14	7	237	2
SCD5	113	77	4	147	36	17	365	14
SEC31A	2205	400	84	2211	309	272	3931	45
THAP9	81	36	3	89	18	8	168	6
LIN54	110	65	6	298	65	40	204	15
COPS4	1255	162	85	716	138	88	2567	24
PLAC8	13	2	1	12	2	2	41	0
COQ2	303	45	20	227	44	34	656	13
HPSE	1	1	0	4	3	0	12	0
HELQ	294	38	23	203	49	23	650	12
MRPS18C	2244	260	214	1050	178	136	4220	42
ABRAXAS1	470	106	28	342	65	42	1315	7
GPAT3	2	0	1	5	0	0	5	0
NKX6-1	0	0	0	0	0	0	2	0
CDS1	59	17	9	51	6	5	112	3
WDFY3	286	336	23	1771	289	204	520	58
ARHGAP24	255	133	4	734	132	133	633	24
MAPK10	368	294	12	2438	267	173	629	59
PTPN13	1402	604	44	3357	626	376	2457	83
SLC10A6	0	0	0	0	0	0	1	0
C4orf36	1	5	0	9	4	0	2	2
AFF1	284	292	39	1113	195	115	586	44
KLHL8	181	91	4	279	59	47	390	12
HSD17B13	1	2	1	3	0	1	0	0
HSD17B11	486	83	17	280	43	40	1015	12
NUDT9	547	72	60	294	70	37	942	11
SPARCL1	21	7	1	31	2	3	38	5
DSPP	2	0	0	0	0	0	4	0
DMP1	0	0	0	1	0	0	0	0
IBSP	0	0	0	0	0	0	0	0
MEPE	0	0	1	0	0	0	0	0
SPP1	128	5	363	20	4	15	163	0
PKD2	310	258	24	854	165	130	618	34
ABCG2	17	20	5	63	21	19	49	4
PPM1K	374	57	30	211	26	39	672	7
HERC6	28	4	3	28	4	4	40	2
HERC5	37	8	27	49	12	1	71	0
PYURF	1499	157	97	743	119	82	2867	22
PIGY	0	0	0	0	0	0	0	0
HERC3	5	13	0	103	17	9	13	4
NAP1L5	135	13	6	86	8	8	306	0
FAM13A	463	340	25	2039	354	197	985	42
TIGD2	97	4	4	47	10	4	170	0
GPRIN3	9	5	3	20	1	1	55	2
SNCA	228	29	30	173	23	26	578	12
MMRN1	10	2	0	24	2	2	11	1
CCSER1	5	44	1	332	24	12	12	6
GRID2	50	144	37	1150	140	142	164	77
ATOH1	0	5	0	0	0	0	0	0
SMARCAD1	689	180	33	958	173	128	1321	41
HPGDS	5	0	0	3	2	3	21	0
PDLIM5	416	131	44	968	141	121	725	20
BMPR1B	13	89	0	95	26	31	45	9
UNC5C	346	867	12	4968	890	533	947	173
PDHA2	0	0	0	0	0	0	0	0
STPG2	2	35	2	201	25	15	15	4
RAP1GDS1	551	167	28	1025	208	154	1086	31
TSPAN5	2434	422	50	3127	341	449	3782	65
EIF4E	761	273	55	1288	232	171	1446	48
METAP1	548	116	45	454	66	57	1087	19
ADH5	4526	561	291	2542	482	321	9942	86
ADH4	0	1	0	9	1	1	1	0
ADH6	0	0	0	5	2	0	1	0
ADH1A	0	0	0	2	0	0	0	0
ADH1B	0	0	0	1	0	0	0	0
ADH1C	0	0	0	0	0	0	0	0
ADH7	0	0	0	0	0	0	0	0
C4orf17	0	0	0	1	0	0	1	0
TRMT10A	193	34	12	126	12	21	384	3
MTTP	2	2	0	10	3	1	21	0
C4orf54	1	1	0	0	0	0	0	0
DAPP1	0	0	0	0	0	0	0	0
LAMTOR3	720	71	44	373	62	54	1350	8
DNAJB14	791	195	37	928	153	145	1548	25
H2AFZ	27191	3643	1946	13906	2752	1919	55043	604
DDIT4L	4	0	1	11	0	1	21	1
EMCN	0	0	0	13	0	1	0	0
PPP3CA	1018	327	57	1711	318	242	1675	56
BANK1	59	10	1	31	6	10	83	0
SLC39A8	192	63	29	214	20	32	357	13
NFKB1	225	39	6	270	37	31	361	1
MANBA	164	55	17	252	43	38	312	8
UBE2D3	3727	580	286	2535	447	351	7143	85
CISD2	1084	198	93	744	134	119	2174	32
SLC9B1	20	19	1	44	6	5	23	1
SLC9B2	91	25	4	121	22	15	168	8
BDH2	1172	123	62	547	108	57	2257	21
CENPE	1269	364	63	1199	276	186	2683	72
TACR3	2	11	1	89	8	1	11	11
CXXC4	75	36	6	116	16	9	221	8
TET2	158	104	5	588	86	84	373	15
PPA2	995	216	53	900	192	118	2530	32
ARHGEF38	0	8	0	24	7	2	1	0
INTS12	381	85	18	448	65	42	787	10
GSTCD	284	141	7	667	122	94	513	24
NPNT	840	87	10	538	26	49	1280	53
TBCK	317	208	16	1291	214	145	570	51
AIMP1	1907	252	119	943	150	131	3361	27
GIMD1	0	0	0	0	0	0	1	0
DKK2	472	40	7	173	76	160	414	5
PAPSS1	5149	546	123	3458	661	406	8065	75
SGMS2	22	1	0	27	2	3	19	1
CYP2U1	60	6	8	33	10	7	113	0
HADH	876	135	39	576	110	71	2167	20
LEF1	1381	827	13	4695	860	382	3129	119
RPL34	43202	4100	2723	20411	3015	2445	86992	683
OSTC	7591	734	465	3388	554	486	15324	117
ETNPPL	4	0	0	6	0	0	7	0
COL25A1	44	32	3	435	78	33	113	17
SEC24B	281	210	8	1180	185	136	506	28
MCUB	293	20	24	162	36	19	555	6
CASP6	1170	127	79	634	98	77	2163	24
PLA2G12A	245	112	18	482	60	55	463	10
CFI	0	0	0	2	0	0	0	0
GAR1	842	119	84	551	87	82	1884	20
RRH	3	0	0	8	0	1	9	0
LRIT3	3	0	0	1	0	0	3	0
EGF	7	15	4	71	17	5	21	0
ELOVL6	745	231	53	1003	214	155	1386	43
ENPEP	33	29	3	196	23	12	66	2
PITX2	4083	182	102	1019	227	236	6337	31
FAM241A	23	4	3	21	4	5	38	0
AP1AR	248	57	20	239	50	35	493	10
TIFA	120	25	2	76	18	10	314	1
ALPK1	12	3	0	23	3	4	27	1
NEUROG2	0	3	0	6	2	3	2	0
ZGRF1	188	88	13	308	62	49	384	16
LARP7	1729	239	95	1153	197	137	3355	51
ANK2	93	206	11	1812	166	140	171	65
CAMK2D	465	242	41	1285	192	147	907	48
ARSJ	13	2	2	28	5	0	34	0
UGT8	13	29	6	54	3	4	31	2
NDST4	5	6	0	61	11	4	9	0
MTRNR2L13	0	0	0	0	0	0	0	0
TRAM1L1	47	5	1	15	4	3	86	2
NDST3	39	8	1	131	15	17	77	1
PRSS12	38	7	6	27	1	4	69	2
METTL14	358	74	24	376	62	44	720	12
SEC24D	589	107	24	587	81	97	906	28
SYNPO2	51	9	1	11	3	13	68	3
MYOZ2	1	0	6	1	0	0	2	0
USP53	184	80	20	355	68	36	384	22
C4orf3	4424	410	342	2363	330	280	9147	73
FABP2	1	0	0	3	0	0	0	0
PDE5A	191	195	7	395	115	94	472	37
MAD2L1	2705	409	181	1351	299	243	5624	90
PRDM5	156	148	13	739	126	115	358	25
NDNF	290	51	2	233	59	57	770	11
TNIP3	0	1	2	1	0	0	1	0
QRFPR	3	5	0	17	3	0	3	1
ANXA5	5075	471	465	2413	339	298	8520	57
TMEM155	0	1	1	1	0	0	4	0
EXOSC9	911	114	74	595	129	76	2010	21
CCNA2	1099	194	115	625	136	106	2128	17
BBS7	474	91	36	365	82	44	948	14
TRPC3	10	4	0	4	1	2	16	1
KIAA1109	434	153	21	836	168	98	843	26
ADAD1	1	0	0	4	1	0	0	0
IL2	0	0	0	0	0	0	0	0
IL21	0	0	0	0	0	0	0	0
BBS12	147	8	3	54	16	7	218	4
FGF2	182	90	57	292	82	49	402	7
NUDT6	210	30	9	106	13	24	385	2
SPATA5	148	230	18	1063	222	165	302	50
SPRY1	486	37	35	166	32	27	643	3
ANKRD50	223	45	12	308	51	37	475	5
FAT4	150	76	2	355	45	50	293	14
INTU	265	82	16	338	75	45	582	11
SLC25A31	0	0	1	2	0	0	1	0
HSPA4L	30	17	1	27	8	5	78	4
PLK4	154	59	13	181	45	31	343	5
MFSD8	200	63	16	261	57	27	386	7
ABHD18	141	70	11	384	80	46	269	14
LARP1B	245	118	25	466	91	53	575	15
PGRMC2	1187	122	70	682	109	96	2244	17
JADE1	781	119	129	690	104	81	1603	31
SCLT1	370	274	17	1278	270	198	842	29
C4orf33	131	25	10	83	14	8	331	6
PCDH10	478	49	28	334	25	45	915	7
PABPC4L	198	14	11	62	9	19	316	2
PCDH18	693	68	13	293	47	44	1314	20
SLC7A11	30	17	22	116	14	23	79	2
NOCT	29	33	7	152	26	29	83	6
ELF2	640	315	45	1410	220	135	1288	62
MGARP	47	5	5	15	6	0	127	4
NDUFC1	2510	258	169	1093	181	125	5244	32
NAA15	838	177	83	873	158	109	1764	37
RAB33B	70	22	11	69	14	10	200	1
SETD7	271	76	6	390	70	59	438	6
MGST2	1084	117	53	643	58	87	1605	14
MAML3	285	1340	8	3919	792	584	568	181
SCOC	1723	179	87	664	117	122	2984	39
CLGN	304	57	15	296	52	16	857	13
MGAT4D	0	0	0	0	0	0	0	0
ELMOD2	382	114	21	306	55	47	834	7
UCP1	3	1	1	0	0	0	5	1
TBC1D9	167	75	1	310	81	45	226	13
RNF150	223	216	3	679	201	101	519	76
ZNF330	492	68	40	283	48	40	1067	14
IL15	9	13	8	41	2	1	16	0
INPP4B	23	27	0	219	44	19	46	5
USP38	166	29	7	173	27	22	351	4
GAB1	161	126	9	657	111	75	313	30
SMARCA5	2982	552	193	2254	407	333	6118	81
FREM3	1	1	0	12	0	1	5	0
GYPE	122	13	4	114	5	8	381	15
GYPB	237	7	10	147	7	5	1294	18
GYPA	40	0	0	16	0	0	86	0
HHIP	266	135	7	51	27	11	846	27
ANAPC10	648	162	52	824	134	95	1396	32
ABCE1	1210	227	87	858	151	136	2332	34
OTUD4	295	66	27	245	28	33	579	10
SMAD1	329	110	22	452	77	61	799	14
MMAA	34	6	3	36	2	3	65	2
C4orf51	1	4	0	37	2	2	2	0
ZNF827	343	158	22	774	150	104	757	36
LSM6	2144	311	144	1302	219	157	4093	55
REELD1	0	0	0	1	0	0	1	0
SLC10A7	47	40	1	205	30	32	92	2
POU4F2	0	1	0	0	0	0	2	0
TTC29	6	31	0	95	2	13	14	1
EDNRA	140	46	2	143	50	59	204	6
TMEM184C	183	66	16	258	37	36	358	6
PRMT9	163	50	6	202	42	22	311	3
ARHGAP10	617	260	16	1039	242	227	999	21
NR3C2	5	14	3	77	10	2	3	4
IQCM	2	10	1	62	7	0	1	2
DCLK2	39	22	1	83	22	18	77	5
LRBA	755	477	35	3477	455	454	1462	126
MAB21L2	658	29	15	261	14	37	1428	9
RPS3A	51250	9243	4314	36607	6647	4882	122273	1387
SH3D19	203	291	18	1329	246	144	456	39
PRSS48	1	15	0	50	4	4	2	2
FAM160A1	14	53	4	151	22	14	34	2
GATB	223	43	22	230	40	29	508	15
FBXW7	354	244	21	1134	169	135	678	45
TMEM154	30	17	3	102	20	7	37	1
TIGD4	12	10	2	24	6	0	36	0
ARFIP1	417	174	24	807	148	109	838	20
FHDC1	10	21	9	30	4	4	23	1
TRIM2	203	139	24	518	93	67	414	15
MND1	621	166	41	486	117	93	1346	28
TMEM131L	117	115	11	349	81	50	217	10
TLR2	4	1	2	4	1	0	9	0
RNF175	136	54	9	280	55	30	355	9
SFRP2	250	78	277	289	33	41	862	11
DCHS2	3	0	0	18	0	0	3	2
PLRG1	996	116	69	595	114	61	2093	23
FGB	11	2	0	10	2	1	19	0
FGA	1	1	0	6	0	2	11	0
FGG	4	2	0	5	0	1	14	0
LRAT	6	12	16	85	3	7	26	1
RBM46	20	1	6	3	0	0	216	0
NPY2R	0	0	2	2	2	0	0	0
MAP9	777	71	34	363	66	38	1548	13
GUCY1A1	742	247	42	1535	170	92	1817	23
GUCY1B1	85	14	5	65	11	7	202	8
ASIC5	0	0	0	0	0	0	0	0
TDO2	3	4	0	7	5	5	5	1
CTSO	3	9	0	70	9	7	8	1
PDGFC	237	206	4	217	140	117	603	32
GLRB	10	9	2	15	6	1	30	2
GRIA2	9	0	0	5	1	2	44	0
GASK1B	13	22	3	17	0	13	32	0
TMEM144	15	17	2	17	3	4	52	1
RXFP1	0	0	0	2	0	0	0	0
C4orf46	226	44	21	152	24	29	490	9
ETFDH	171	36	12	132	17	21	291	7
PPID	1037	182	82	739	164	97	2225	18
FNIP2	758	107	35	823	140	77	1174	19
C4orf45	0	4	0	45	8	4	8	0
RAPGEF2	332	221	15	978	195	128	615	30
FSTL5	1	7	0	40	20	6	11	0
NAF1	389	97	23	364	89	58	783	12
NPY1R	375	33	17	102	36	24	683	5
NPY5R	19	4	3	4	1	0	31	0
TKTL2	0	0	0	0	0	0	0	0
TMA16	758	154	70	577	99	109	1902	34
MARCH1	24	41	2	265	36	16	44	11
SMIM31	0	0	0	1	0	0	1	0
APELA	36	17	12	60	2	7	159	1
TRIM61	38	12	6	5	18	9	0	0
FAM218A	27	6	1	23	2	5	26	0
TRIM60	1	0	0	0	0	0	8	0
TRIM75P	0	0	0	0	0	0	0	0
TMEM192	304	47	20	193	25	19	646	8
KLHL2	44	37	6	132	31	24	137	6
GK3P	0	0	0	0	0	0	2	0
MSMO1	2482	328	95	1771	240	217	4229	53
CPE	1002	74	42	863	54	79	2319	30
TLL1	4	2	0	1	9	2	11	2
SPOCK3	34	15	0	26	2	1	59	4
ANXA10	0	0	0	2	0	0	0	0
DDX60	21	5	1	30	3	3	61	1
DDX60L	48	3	1	46	7	2	83	0
PALLD	1188	389	52	2582	384	397	2304	71
CBR4	556	214	42	670	118	102	1009	30
SH3RF1	126	133	14	538	112	85	233	26
NEK1	345	147	24	743	108	82	815	27
CLCN3	380	136	32	514	74	79	940	11
HPF1	1503	239	72	909	166	132	3781	36
MFAP3L	21	4	13	35	2	2	25	1
AADAT	191	39	3	136	41	20	417	7
GALNTL6	1	6	0	48	0	1	15	1
GALNT7	541	185	48	791	154	117	1001	28
HMGB2	7126	1297	393	3531	773	567	15626	200
SAP30	840	95	85	494	107	54	2012	13
SCRG1	101	8	6	48	15	3	236	5
HAND2	1888	33	32	310	125	74	3341	18
FBXO8	255	28	9	141	21	25	373	3
CEP44	372	84	18	309	60	39	695	15
HPGD	76	17	29	101	5	3	53	3
GLRA3	0	3	0	4	0	0	3	0
ADAM29	1	2	0	2	1	0	1	0
GPM6A	15	57	0	195	19	22	38	6
WDR17	11	21	2	64	12	4	44	4
SPATA4	3	2	0	2	0	1	6	0
ASB5	5	4	0	0	0	0	10	0
SPCS3	1785	231	105	819	158	158	3028	41
VEGFC	783	135	8	522	137	153	1109	13
NEIL3	133	50	3	124	41	17	111	5
AGA	94	10	4	58	8	10	236	3
TENM3	479	1160	34	3199	865	651	1142	212
DCTD	871	92	48	340	59	60	1711	18
WWC2	458	201	45	1059	202	146	833	46
CLDN22	0	0	0	1	0	0	1	0
CLDN24	0	0	0	0	0	0	0	0
CDKN2AIP	327	43	22	242	40	28	732	15
ING2	617	74	52	299	55	50	1493	13
RWDD4	413	105	35	437	70	56	989	14
TRAPPC11	364	104	26	318	73	41	649	12
STOX2	109	61	9	180	54	42	219	9
ENPP6	2	1	0	4	0	1	2	0
IRF2	170	29	11	141	26	25	299	7
CASP3	620	87	67	390	85	55	1147	23
PRIMPOL	150	56	5	194	32	38	299	12
CENPU	854	284	40	631	106	87	2001	41
ACSL1	31	0	5	18	1	0	29	0
HELT	0	0	0	3	0	0	0	0
SLC25A4	807	86	219	446	81	51	1855	14
CFAP97	835	125	32	301	86	66	1621	25
SNX25	122	138	7	645	110	71	234	13
LRP2BP	18	8	0	57	8	4	36	1
ANKRD37	100	32	8	66	11	10	556	3
UFSP2	624	54	38	377	59	49	1357	12
C4orf47	35	19	0	114	15	19	132	3
CCDC110	12	3	1	4	1	0	33	0
PDLIM3	81	29	12	93	6	5	166	10
SORBS2	97	48	18	186	28	23	357	12
TLR3	2	0	0	7	1	1	14	0
FAM149A	12	6	3	39	12	2	39	1
CYP4V2	10	7	2	61	6	4	27	1
KLKB1	38	4	6	167	0	2	30	5
F11	0	0	0	4	0	0	1	0
MTNR1A	0	0	0	4	0	0	0	0
FAT1	389	126	16	424	111	80	1008	11
ZFP42	459	23	58	347	71	41	940	4
TRIML2	22	2	30	15	0	3	31	1
TRIML1	0	0	0	1	0	0	0	0
FRG1	840	166	56	669	120	89	1733	27
FRG2	0	0	0	0	0	0	0	0
DUX4	0	0	0	0	0	0	0	0
PLEKHG4B	173	105	18	297	95	66	578	20
LRRC14B	0	0	0	1	0	0	1	0
CCDC127	525	73	26	238	49	28	1052	14
SDHA	535	101	33	334	85	57	1267	16
PDCD6	88	252	7	1326	197	148	186	51
AHRR	2	6	0	53	3	3	22	5
EXOC3	385	28	24	169	36	19	603	5
SLC9A3	99	0	7	4	0	0	236	0
CEP72	78	27	6	81	17	8	171	7
TPPP	8	1	0	5	0	0	10	0
ZDHHC11B	1	2	0	3	0	1	9	1
AC026740.3	0	0	0	0	0	0	1	0
ZDHHC11	22	9	3	72	9	5	37	2
BRD9	566	99	34	334	70	44	1200	14
TRIP13	321	37	31	133	33	27	636	11
NKD2	1	9	0	12	6	2	1	2
SLC12A7	4	26	0	82	17	27	6	4
SLC6A19	2	0	0	4	0	0	7	0
SLC6A18	0	1	0	0	0	0	0	0
TERT	10	10	4	8	1	3	19	0
CLPTM1L	1118	102	73	421	68	56	1956	20
SLC6A3	0	1	0	3	0	1	0	0
LPCAT1	38	63	5	165	34	15	60	5
MRPL36	1382	170	147	669	105	87	2782	19
NDUFS6	5802	718	517	2789	537	401	11461	125
IRX4	5	2	0	5	0	0	8	0
IRX2	16	116	16	325	37	14	913	25
C5orf38	2	27	3	110	12	4	311	6
IRX1	8	34	3	69	5	1	200	2
ADAMTS16	3	6	10	17	1	2	10	0
ICE1	637	137	53	680	110	93	1292	16
MED10	1118	128	94	519	81	64	2283	20
UBE2QL1	5	4	4	11	2	1	18	0
NSUN2	267	78	34	278	55	34	507	13
SRD5A1	247	52	10	218	40	24	522	10
TENT4A	134	80	10	297	57	33	307	11
ADCY2	30	46	8	557	26	6	62	18
C5orf49	30	1	1	8	0	1	47	0
MTRR	139	37	8	147	24	18	243	3
FASTKD3	80	13	7	50	8	8	184	2
SEMA5A	728	688	16	2392	508	323	1293	69
TAS2R1	2	0	0	1	1	0	1	0
ATPSCKMT	187	49	14	174	41	20	345	4
CCT5	5642	802	473	3180	638	408	11643	119
CMBL	409	62	13	327	54	32	771	14
MARCH6	795	246	42	1119	232	172	1789	44
ROPN1L	6	0	0	7	2	1	8	0
ANKRD33B	41	45	6	212	39	40	60	3
DAP	842	125	45	543	96	67	1588	24
CTNND2	141	213	3	1882	161	277	278	45
DNAH5	2	1	0	5	2	3	7	0
TRIO	291	382	17	1913	315	194	625	78
OTULINL	111	21	12	44	10	14	193	3
OTULIN	249	52	30	234	35	31	573	9
ANKH	184	53	7	322	44	20	258	5
FBXL7	119	462	15	2203	439	370	234	116
MARCH11	12	3	1	16	1	0	13	0
ZNF622	690	67	66	380	65	47	1328	9
RETREG1	44	5	3	31	5	2	77	1
MYO10	760	375	102	1832	294	185	1328	64
BASP1	4337	386	183	2208	382	320	10022	80
LINC02218	0	0	0	0	0	0	0	0
AC106774.4	0	0	1	0	0	0	0	0
TAF11L2	0	0	0	0	0	0	0	0
TAF11L3	0	0	0	0	0	0	0	0
TAF11L4	0	0	0	0	0	0	0	0
TAF11L5	0	0	0	0	0	0	0	0
TAF11L6	0	0	0	0	0	0	0	0
TAF11L7	0	0	0	0	0	0	0	0
TAF11L8	0	0	0	0	0	0	0	0
TAF11L9	0	0	0	0	0	0	0	0
TAF11L10	0	0	0	0	0	0	0	0
TAF11L11	0	0	0	0	0	0	0	0
TAF11L12	0	0	0	0	0	0	0	0
TAF11L13	0	0	0	0	0	0	0	0
TAF11L14	0	0	0	0	0	0	0	0
H3.Y	1	0	24	0	0	0	3	0
CDH18	7	13	0	108	1	4	26	1
CDH12	47	11	0	37	34	27	77	8
PRDM9	1	1	0	0	0	0	0	1
CDH10	188	63	2	372	80	45	188	5
CDH9	2	2	0	16	0	1	3	0
CDH6	53	109	6	333	38	26	141	2
DROSHA	380	108	35	457	71	40	795	10
C5orf22	127	60	16	193	27	28	307	5
PDZD2	27	137	5	446	106	44	98	15
GOLPH3	536	160	49	794	102	89	1041	23
MTMR12	134	59	12	202	49	32	251	7
ZFR	1148	344	93	1565	254	185	2321	52
SUB1	11395	1174	770	5834	967	693	21729	149
NPR3	29	4	4	18	2	1	89	9
TARS	1206	208	165	916	161	161	2305	22
ADAMTS12	344	222	6	1629	368	271	532	38
RXFP3	0	0	0	0	0	0	0	0
SLC45A2	4	2	0	4	3	1	14	2
AMACR	21	19	0	76	13	13	41	4
C1QTNF3	61	6	2	40	9	7	123	4
RAI14	437	158	57	654	142	115	891	26
TTC23L	0	3	0	30	4	4	3	1
RAD1	561	74	38	244	52	29	1143	15
BRIX1	1392	161	144	692	105	75	2630	25
DNAJC21	1479	168	111	831	119	128	2692	32
AGXT2	0	6	1	0	0	0	0	0
PRLR	10	10	6	34	3	2	27	1
SPEF2	60	14	0	113	17	14	179	6
IL7R	3	0	0	2	0	0	8	0
CAPSL	0	1	0	1	0	1	4	0
UGT3A1	43	8	3	60	11	7	132	2
UGT3A2	146	34	20	102	12	11	330	2
LMBRD2	74	12	3	95	12	9	177	3
SKP2	975	119	53	492	82	101	1912	12
NADK2	226	53	8	168	33	24	485	6
RANBP3L	6	3	0	16	0	1	13	2
SLC1A3	216	66	18	614	69	78	416	17
NIPBL	1665	472	75	2475	457	284	3385	85
CPLANE1	356	152	22	759	139	78	721	20
NUP155	409	97	32	417	90	61	869	16
WDR70	465	287	30	1355	245	164	1080	34
GDNF	77	28	0	52	1	4	151	1
EGFLAM	482	74	20	656	88	88	477	23
LIFR	1158	210	35	1406	173	179	1405	45
OSMR	23	2	0	21	1	0	31	0
RICTOR	361	112	15	614	127	88	631	17
FYB1	40	0	0	12	1	3	31	0
C9	0	2	0	14	2	1	2	1
DAB2	1222	89	14	473	61	72	2162	12
TTC33	229	25	9	211	38	35	445	11
PTGER4	12	0	0	4	1	2	23	0
PRKAA1	246	59	13	289	59	29	503	12
RPL37	44915	3557	2968	17264	2621	2208	90286	575
CARD6	27	1	3	20	1	1	31	0
C7	32	0	0	14	0	3	86	0
MROH2B	0	0	0	0	0	0	0	0
C6	0	0	0	1	2	0	0	0
PLCXD3	13	20	0	15	1	1	22	0
OXCT1	334	101	21	311	71	41	653	16
C5orf51	317	40	26	292	47	37	563	11
FBXO4	138	18	3	90	20	8	272	2
GHR	117	77	1	558	102	153	217	11
CCDC152	91	35	26	124	3	21	390	19
SELENOP	1692	99	33	393	53	66	3207	12
ANXA2R	37	4	5	16	7	0	55	2
ZNF131	671	187	37	873	170	110	1473	30
NIM1K	1	2	0	6	3	1	2	0
HMGCS1	1523	333	63	1510	266	279	3004	59
CCL28	22	2	3	8	4	1	70	2
TMEM267	104	58	10	186	33	26	215	10
C5orf34	93	34	8	98	18	15	207	4
PAIP1	918	295	42	1275	230	156	1820	43
NNT	454	87	19	327	66	72	806	13
FGF10	176	54	24	156	29	42	227	9
MRPS30	650	92	77	401	79	50	1495	15
HCN1	21	25	2	151	30	19	35	14
EMB	117	23	14	110	24	11	248	3
PARP8	159	145	10	628	88	99	304	19
ISL1	261	116	27	103	62	37	678	24
ITGA1	272	20	12	106	10	28	251	0
PELO	456	37	25	195	39	21	655	7
ITGA2	36	3	3	22	2	4	25	0
MOCS2	839	89	32	389	60	58	1648	15
FST	3412	173	125	1341	58	161	5550	81
NDUFS4	2643	364	174	1460	248	204	5218	55
ARL15	117	380	9	2109	366	250	203	67
HSPB3	3	0	0	0	0	0	0	0
SNX18	174	16	16	195	26	17	426	4
ESM1	113	13	2	41	10	14	236	3
GZMK	6	1	0	11	0	0	13	0
GZMA	7	0	0	9	0	0	21	0
CDC20B	27	3	1	40	2	15	28	0
GPX8	2393	234	76	939	159	199	5351	27
MCIDAS	0	0	0	0	0	0	1	0
CCNO	7	0	1	4	1	2	27	1
DHX29	1510	178	98	885	152	115	2789	29
MTREX	548	194	42	951	185	123	1155	26
PLPP1	223	129	69	755	103	83	397	20
SLC38A9	151	93	14	424	77	50	339	16
DDX4	1	1	0	0	0	0	0	0
IL31RA	0	0	0	1	0	0	4	0
IL6ST	2010	243	56	1533	221	270	3001	47
ANKRD55	15	7	0	66	6	10	17	3
C5orf67	0	0	0	0	0	0	0	0
MAP3K1	343	137	12	529	123	48	815	18
SETD9	231	17	6	92	28	11	161	7
MIER3	201	59	7	273	36	33	407	8
GPBP1	1663	341	102	1691	270	208	3581	64
ACTBL2	0	0	0	0	0	0	2	0
PLK2	543	34	36	259	18	26	1274	17
GAPT	2	0	0	0	0	0	3	0
RAB3C	117	20	3	131	21	8	307	4
PDE4D	43	238	5	1048	205	168	119	64
DEPDC1B	357	168	34	542	145	82	738	35
ELOVL7	12	12	3	17	4	1	10	0
ERCC8	202	148	13	616	126	75	454	16
NDUFAF2	774	190	65	993	141	121	1570	31
SMIM15	895	116	49	444	78	52	1748	20
ZSWIM6	301	473	15	2144	359	186	566	98
KIF2A	1286	387	70	1553	263	190	2622	59
DIMT1	706	103	54	442	85	55	1377	19
IPO11	189	68	14	380	63	51	396	13
LRRC70	0	0	0	2	0	0	1	0
HTR1A	0	0	0	0	0	0	0	0
RNF180	67	25	4	243	33	22	153	8
RGS7BP	2	2	0	9	1	0	4	0
SHISAL2B	301	90	44	663	65	12	802	20
SREK1IP1	974	195	71	666	166	104	2314	37
CWC27	1178	296	98	1331	255	176	2812	55
ADAMTS6	300	141	28	1990	265	176	591	34
CENPK	848	294	59	839	177	123	1695	53
PPWD1	466	96	29	468	80	57	865	14
TRIM23	238	54	15	233	31	17	502	1
SHLD3	51	5	3	22	4	4	91	2
TRAPPC13	175	53	8	238	28	30	371	11
SGTB	292	35	18	173	44	22	447	4
NLN	507	195	62	674	133	92	1101	26
ERBIN	605	295	24	1583	317	215	1257	60
SREK1	1790	269	108	1188	244	172	3592	37
MAST4	187	109	8	947	154	65	282	18
CD180	0	0	0	2	0	0	0	0
PIK3R1	700	148	19	552	87	90	1308	25
SLC30A5	494	91	33	428	77	65	941	13
CCNB1	2696	522	225	1630	343	307	5175	84
CENPH	1043	249	93	769	186	128	2522	36
MRPS36	1135	200	108	878	141	106	2369	36
CDK7	285	64	31	334	62	37	531	12
CCDC125	33	10	2	23	36	10	90	7
AK6	53	99	7	433	87	56	69	17
TAF9	5	247	1	993	164	124	9	33
RAD17	140	83	9	409	68	45	324	12
MARVELD2	4	9	6	29	2	2	15	0
OCLN	2	4	2	45	5	6	4	2
GTF2H2C	45	25	4	127	24	14	107	2
SERF1B	0	1	0	8	0	0	0	1
SMN2	1	3	0	27	7	2	0	0
SERF1A	0	4	0	15	1	3	0	0
SMN1	47	15	4	66	23	9	108	1
NAIP	0	17	0	45	11	14	1	10
GTF2H2	109	41	4	190	47	20	217	10
BDP1	508	202	34	975	199	156	1001	33
MCCC2	330	70	35	263	46	40	615	9
CARTPT	0	0	0	0	0	0	0	0
MAP1B	6401	894	311	3974	746	457	13887	104
MRPS27	627	155	53	591	114	75	1490	26
PTCD2	146	30	6	101	13	10	274	2
ZNF366	19	14	0	21	7	4	16	1
TNPO1	2316	631	105	3251	502	282	4442	79
FCHO2	218	100	5	471	76	53	412	21
TMEM171	12	2	0	10	0	0	16	0
TMEM174	0	0	0	0	0	0	0	0
FOXD1	43	15	11	28	3	4	67	0
BTF3	20036	2156	1545	9961	1734	1280	38696	356
ANKRA2	248	29	15	143	32	17	476	3
UTP15	209	29	23	112	20	15	359	5
ARHGEF28	1	3	0	17	2	2	3	0
ENC1	528	100	41	604	91	69	1218	11
HEXB	703	42	79	216	44	35	1076	7
GFM2	293	60	18	254	37	29	514	10
NSA2	3293	421	290	2306	335	302	8287	100
FAM169A	114	94	27	428	63	31	228	9
GCNT4	15	7	1	45	2	4	51	0
ANKRD31	10	1	0	24	2	3	19	0
HMGCR	1144	261	69	1042	222	178	2205	36
CERT1	764	183	69	840	122	110	1379	26
POLK	384	103	22	439	84	64	798	11
ANKDD1B	13	13	0	35	5	12	12	3
POC5	130	49	16	181	31	21	298	6
SV2C	0	13	0	46	5	2	8	1
IQGAP2	210	95	41	398	75	57	541	14
F2RL2	2	0	0	1	0	0	5	0
F2R	203	36	19	100	15	12	438	6
F2RL1	43	5	17	29	2	3	53	0
S100Z	2	2	0	59	0	2	15	2
CRHBP	440	1	38	69	2	10	161	12
AGGF1	143	97	11	353	64	61	405	21
ZBED3	197	16	14	89	21	19	476	5
PDE8B	5	24	0	71	12	7	27	0
WDR41	604	131	19	634	87	82	1704	12
OTP	0	0	0	1	0	0	0	0
TBCA	6312	782	464	3824	657	412	11943	116
AP3B1	987	339	29	2048	395	227	1862	65
SCAMP1	416	116	23	581	98	50	982	15
LHFPL2	654	374	23	2709	546	174	1246	70
ARSB	159	82	5	392	86	43	277	7
DMGDH	5	13	1	25	5	4	10	2
BHMT2	1	0	0	1	0	1	10	0
BHMT	6	0	1	3	0	0	20	0
JMY	150	37	19	183	17	15	301	2
HOMER1	295	189	37	644	122	111	635	22
TENT2	312	192	26	999	159	129	621	38
CMYA5	58	10	10	59	7	4	143	2
MTX3	149	45	22	136	19	24	319	7
THBS4	10	24	2	94	6	13	28	2
SERINC5	1408	613	79	3532	743	556	2275	65
SPZ1	0	0	0	0	0	0	1	0
ZFYVE16	956	204	34	985	212	178	1948	34
FAM151B	19	11	1	46	16	15	43	5
ANKRD34B	0	1	1	4	0	1	1	0
DHFR	272	178	15	670	148	130	549	33
MSH3	453	177	23	710	144	90	780	26
RASGRF2	13	9	5	71	23	29	12	7
CKMT2	3	11	2	32	6	8	3	1
ZCCHC9	757	107	35	447	80	65	1556	16
ACOT12	1	1	0	3	1	1	0	0
SSBP2	947	464	36	2664	393	363	1774	102
ATG10	422	148	29	926	135	101	835	26
RPS23	85840	9959	6151	42601	6976	6405	166647	1568
ATP6AP1L	110	21	3	84	17	11	206	1
TMEM167A	2748	301	221	1573	232	242	4606	43
XRCC4	354	123	26	687	93	62	706	19
VCAN	6199	625	409	2731	488	749	8760	125
HAPLN1	15066	2166	443	9983	1684	849	25256	449
EDIL3	953	210	11	1616	361	324	1377	39
COX7C	13237	1179	1323	5147	876	736	26702	185
RASA1	267	174	21	815	141	105	566	39
CCNH	448	150	58	682	100	87	932	22
TMEM161B	145	64	10	264	60	28	311	15
MEF2C	14	4	14	34	14	5	66	1
CETN3	515	70	44	256	43	45	1020	10
MBLAC2	63	7	6	27	6	13	133	1
POLR3G	132	28	39	141	28	11	266	1
LYSMD3	167	43	12	177	17	8	318	7
ADGRV1	134	145	14	578	111	61	351	23
ARRDC3	358	138	7	345	37	53	837	18
NR2F1	89	41	8	201	30	31	339	4
FAM172A	246	222	6	1101	181	140	555	49
POU5F2	31	0	3	18	2	2	90	0
KIAA0825	49	40	3	206	40	50	67	7
SLF1	443	123	37	468	99	69	983	22
MCTP1	3	3	3	13	6	2	11	1
FAM81B	2	1	0	5	0	0	2	0
TTC37	1020	231	42	1037	130	141	2128	22
ARSK	260	35	13	199	36	30	532	7
GPR150	1	0	0	0	0	1	2	0
RFESD	84	13	5	55	11	6	199	0
SPATA9	13	6	0	25	3	2	29	3
RHOBTB3	5036	507	204	2920	561	310	12508	143
GLRX	1252	88	68	560	111	114	2009	19
ELL2	43	49	3	519	46	35	178	4
PCSK1	4	3	0	10	0	0	13	0
CAST	1799	213	64	1166	194	241	3679	48
ERAP1	115	10	0	98	19	15	190	2
ERAP2	9	2	0	12	5	0	60	3
LNPEP	427	81	9	304	39	75	677	19
LIX1	4137	580	80	3153	781	421	8174	135
RIOK2	599	86	37	437	67	52	1214	13
RGMB	102	37	12	96	9	8	193	5
CHD1	1143	277	60	1137	207	133	2141	53
FAM174A	199	21	16	115	17	16	439	4
ST8SIA4	16	8	1	27	3	8	40	2
SLCO4C1	18	8	1	32	6	7	26	1
SLCO6A1	6	32	0	395	67	5	30	3
PAM	366	273	15	1963	223	163	529	34
GIN1	97	22	5	94	10	8	177	2
PPIP5K2	581	148	27	600	146	86	1029	31
C5orf30	124	16	17	78	15	15	269	2
NUDT12	154	26	14	149	21	23	232	8
EFNA5	284	451	20	1806	375	288	761	87
FBXL17	198	270	10	1702	328	250	352	42
FER	353	342	15	1888	304	254	708	70
PJA2	1105	247	59	1077	173	134	2300	30
MAN2A1	518	224	32	1010	137	97	1102	31
TMEM232	25	40	1	278	32	27	52	4
SLC25A46	377	80	27	263	54	44	645	8
TSLP	588	27	0	74	19	18	521	0
WDR36	489	102	29	441	78	87	869	16
CAMK4	45	29	2	67	31	9	159	1
STARD4	434	55	18	256	54	50	706	8
NREP	2885	393	102	1498	286	266	7050	86
EPB41L4A	111	88	3	424	50	45	160	18
APC	526	177	30	744	161	105	1031	36
SRP19	1789	300	157	1509	242	195	3640	41
REEP5	1909	186	151	1010	179	115	3046	27
DCP2	1223	232	87	989	172	162	2295	50
MCC	450	313	8	1680	266	222	761	71
TSSK1B	0	0	0	0	0	0	2	0
YTHDC2	468	144	18	577	104	69	725	23
KCNN2	727	220	21	1880	328	377	1026	126
TRIM36	32	25	2	91	8	11	120	7
PGGT1B	357	63	19	342	55	45	707	7
CCDC112	227	56	30	214	39	40	593	9
FEM1C	102	24	9	107	24	10	203	4
TICAM2	2	8	0	37	10	9	4	1
TMED7	738	79	49	404	63	58	1346	9
CDO1	177	38	15	123	25	15	646	10
ATG12	1304	150	75	868	141	100	2795	32
AP3S1	1630	191	86	877	137	113	2794	19
LVRN	2	0	1	3	0	0	1	0
ARL14EPL	0	0	0	0	0	0	0	0
COMMD10	567	305	40	1569	280	245	1429	71
SEMA6A	606	257	269	1106	180	113	1225	27
DTWD2	86	39	16	270	42	29	184	7
DMXL1	185	93	11	564	96	53	377	12
TNFAIP8	969	154	29	780	204	110	1856	25
HSD17B4	1081	166	124	833	148	112	2469	34
FAM170A	0	0	0	0	0	0	0	0
PRR16	122	29	2	458	13	64	269	7
FTMT	0	0	0	0	0	0	0	0
SRFBP1	676	153	47	579	127	66	1320	25
LOX	549	27	4	125	15	8	681	4
ZNF474	7	1	0	4	1	0	18	0
AC010255.3	0	0	0	7	0	1	0	0
SNCAIP	222	65	9	521	83	37	360	10
SNX2	1994	218	131	1191	162	167	4024	39
SNX24	448	84	22	517	77	68	769	18
PPIC	3962	177	140	906	148	180	6500	36
PRDM6	639	205	13	1402	281	217	1127	65
CEP120	134	45	6	247	50	27	250	9
CSNK1G3	538	173	24	680	119	97	1142	15
ZNF608	552	438	30	2211	398	186	999	73
GRAMD2B	30	8	4	44	7	11	65	0
ALDH7A1	1520	304	129	1131	256	177	3787	52
PHAX	1340	191	94	786	144	85	2702	25
TEX43	0	0	0	1	0	0	0	0
LMNB1	1542	402	127	1236	317	221	3745	71
MARCH3	155	33	13	338	25	20	191	8
C5orf63	91	18	5	11	13	9	104	0
MEGF10	86	26	6	227	40	6	123	9
PRRC1	480	71	36	371	44	31	812	8
CTXN3	1	0	0	0	0	0	2	0
CCDC192	2	7	0	57	9	1	3	1
SLC12A2	381	126	23	390	92	78	619	6
FBN2	838	765	29	3036	402	229	1749	189
SLC27A6	8	23	5	136	9	15	38	2
ISOC1	757	84	22	251	44	54	1597	11
ADAMTS19	313	237	9	1203	233	174	688	68
MINAR2	11	2	1	18	11	2	13	5
CHSY3	33	44	2	187	41	53	57	9
HINT1	16597	1842	1355	8045	1434	1059	32589	310
LYRM7	337	47	23	165	34	20	680	5
CDC42SE2	365	156	29	710	143	93	760	24
RAPGEF6	83	182	6	715	141	106	173	20
FNIP1	449	195	28	1162	171	115	828	40
MEIKIN	0	0	0	5	0	0	0	0
ACSL6	6	0	0	20	0	0	19	0
IL3	0	0	0	0	0	0	0	0
CSF2	0	0	0	1	0	0	0	0
P4HA2	600	42	27	281	38	48	1339	12
PDLIM4	812	72	30	289	62	56	1727	20
SLC22A4	3	4	0	15	2	1	9	0
SLC22A5	73	12	1	51	11	8	109	0
IRF1	281	13	7	217	15	8	608	4
IL5	0	0	0	0	0	0	0	0
RAD50	123	240	7	993	176	144	210	33
IL13	0	0	0	0	0	0	2	0
IL4	0	0	0	0	0	1	0	0
KIF3A	497	92	52	386	61	45	1088	22
CCNI2	0	0	0	0	0	0	1	0
SEPTIN8	270	30	14	112	28	19	518	7
SOWAHA	0	0	1	0	0	0	1	0
SHROOM1	100	5	5	51	11	10	204	0
GDF9	2	1	0	3	1	1	0	0
UQCRQ	3550	319	280	1129	250	169	7067	64
LEAP2	87	10	4	43	2	4	175	2
AFF4	817	267	57	1466	172	166	1643	50
ZCCHC10	647	91	35	553	75	64	1130	21
HSPA4	2392	370	257	1605	288	208	4524	54
FSTL4	5	6	0	208	20	8	5	3
C5orf15	1052	118	55	442	68	56	1941	11
VDAC1	4549	621	316	2518	487	326	8449	108
TCF7	205	25	18	185	19	21	398	10
SKP1	9686	1052	640	5496	824	628	19852	180
PPP2CA	1918	301	132	1308	250	190	3744	47
CDKL3	65	60	5	252	28	21	161	10
UBE2B	1370	269	106	1108	186	137	2903	27
CDKN2AIPNL	787	118	85	476	85	71	1950	8
JADE2	86	7	44	41	5	3	143	0
SAR1B	730	83	54	416	73	58	1416	19
SEC24A	254	60	18	402	48	40	534	16
CAMLG	1705	220	120	974	157	120	3761	37
DDX46	3312	526	254	2413	390	266	7301	89
C5orf24	1127	114	35	365	66	71	2364	25
TXNDC15	650	64	33	332	62	52	1188	13
PCBD2	259	71	21	341	74	64	388	12
CATSPER3	2	2	1	3	0	0	9	0
PITX1	9128	261	58	1756	543	573	13245	62
H2AFY	5217	508	241	3051	487	252	9521	100
DCANP1	0	0	0	0	0	0	0	0
TIFAB	0	0	0	0	0	0	0	0
NEUROG1	4	4	0	11	4	2	18	0
CXCL14	864	24	11	198	9	56	2040	18
SLC25A48	6	10	2	56	8	3	13	4
IL9	0	0	0	1	0	0	2	0
LECT2	0	2	0	0	1	0	0	0
TGFBI	1024	123	43	332	43	21	2543	8
SMAD5	1088	233	60	1032	176	118	2291	37
SMIM32	0	0	0	2	0	0	10	0
TRPC7	0	0	0	12	1	0	0	0
SPOCK1	423	140	3	441	124	43	1197	37
KLHL3	22	27	4	91	16	7	99	3
HNRNPA0	5078	559	329	2301	492	355	11490	102
MYOT	0	1	0	5	2	0	0	0
PKD2L2	6	5	0	21	3	3	8	3
FAM13B	254	178	14	944	147	97	447	28
WNT8A	7	16	0	178	7	3	36	3
NME5	122	15	5	121	16	8	356	5
BRD8	674	104	38	431	83	54	1381	13
KIF20A	343	67	23	166	57	29	728	9
CDC23	449	71	25	299	60	39	944	18
GFRA3	97	1	4	29	5	5	146	0
CDC25C	289	133	28	403	96	47	657	31
FAM53C	442	52	32	326	60	33	830	14
KDM3B	681	245	50	1079	197	127	1317	36
REEP2	39	12	14	46	1	4	154	1
EGR1	1321	55	40	781	56	56	2239	5
ETF1	1061	196	74	857	145	116	1898	39
HSPA9	2691	282	346	1486	240	186	5123	72
CTNNA1	1638	398	121	1656	297	193	3423	54
LRRTM2	7	0	0	6	2	0	16	0
SIL1	367	90	20	391	72	53	685	13
MATR3	2	4	1	18	0	4	15	0
MATR3.1	142	38	7	141	39	20	262	3
PAIP2	2583	403	188	1729	282	223	5196	66
SLC23A1	0	0	0	4	1	1	3	0
MZB1	0	0	0	3	0	0	2	0
PROB1	13	0	2	6	1	0	21	2
SPATA24	121	17	7	72	16	3	230	4
DNAJC18	276	45	15	211	47	28	660	9
ECSCR	5	1	3	10	0	0	22	0
SMIM33	0	0	0	1	0	0	0	0
TMEM173	7	0	0	1	0	0	17	0
UBE2D2	3604	541	338	2536	452	305	7280	91
CXXC5	1302	205	116	1086	123	62	2691	40
PSD2	0	2	0	2	0	1	1	0
NRG2	374	216	8	1199	171	68	585	41
PURA	741	65	31	317	53	41	1259	14
IGIP	19	0	1	4	0	0	27	1
CYSTM1	807	157	118	743	121	63	2033	29
PFDN1	1448	187	94	905	177	117	3130	31
HBEGF	12	4	5	12	1	0	30	0
SLC4A9	2	0	0	1	1	3	0	0
ANKHD1	160	303	22	1088	223	158	281	50
SRA1	1206	160	102	585	109	84	2064	32
EIF4EBP3	3	11	0	80	5	9	10	2
APBB3	85	4	3	26	4	3	154	0
SLC35A4	636	45	41	190	40	21	1164	5
CD14	3	2	1	12	3	0	3	0
NDUFA2	3416	372	232	1477	261	204	6602	58
TMCO6	87	22	7	49	22	8	215	3
IK	2206	297	124	1266	198	167	4529	50
WDR55	301	23	29	148	34	18	564	6
DND1	6	0	2	2	1	2	10	1
HARS	1099	110	74	483	83	63	2132	15
HARS2	210	36	19	151	22	16	502	4
ZMAT2	1411	204	121	884	182	102	2859	43
PCDHA1	0	1	2	3	0	0	2	0
PCDHA2	13	0	0	9	1	0	7	0
PCDHA3	4	2	0	8	0	0	7	0
PCDHA4	52	1	1	28	6	4	107	2
PCDHA5	14	4	0	18	3	1	16	0
PCDHA6	11	0	0	13	1	0	5	0
PCDHA7	20	1	0	1	2	0	50	0
PCDHA8	2	0	0	3	0	0	1	0
PCDHA9	26	9	2	31	5	1	85	0
PCDHA10	77	19	9	120	15	7	171	6
PCDHA11	12	3	0	5	3	0	17	1
PCDHA12	140	18	6	81	8	8	324	4
PCDHA13	5	2	0	4	3	1	13	1
PCDHAC1	10	0	3	10	0	3	20	0
PCDHAC2	23	1	0	2	1	0	27	0
PCDHB1	0	0	0	0	0	0	2	0
PCDHB2	275	19	8	111	21	9	567	5
PCDHB3	9	0	2	7	0	2	25	1
PCDHB4	14	4	3	11	2	1	29	0
PCDHB5	106	10	15	180	2	4	158	6
PCDHB6	0	0	1	3	0	0	4	0
PCDHB7	7	0	0	2	2	0	4	0
PCDHB8	2	0	0	6	0	0	4	0
PCDHB16	53	5	0	28	10	2	131	6
PCDHB9	32	3	0	7	1	0	62	0
PCDHB10	34	1	2	6	2	1	103	1
PCDHB11	15	4	0	7	1	1	42	1
PCDHB12	8	2	1	7	0	2	22	0
PCDHB13	41	3	1	14	4	0	83	1
PCDHB14	69	8	6	20	2	6	143	3
PCDHB15	111	9	9	49	2	3	206	0
TAF7	2226	218	123	1143	162	150	4366	40
SLC25A2	0	0	0	0	0	0	0	0
PCDHGA1	6	3	0	25	1	0	20	0
PCDHGA2	5	0	0	4	0	0	2	0
PCDHGA3	3	0	0	4	0	0	6	1
PCDHGB1	1	0	0	0	0	0	5	0
PCDHGA4	0	0	0	2	1	0	1	0
PCDHGB2	1	1	0	1	0	0	4	0
PCDHGA5	2	1	0	8	0	0	12	0
PCDHGB3	0	0	0	1	0	1	0	0
PCDHGA6	9	1	1	8	0	2	22	0
PCDHGA7	3	0	0	0	0	0	1	0
PCDHGB4	5	2	0	12	0	0	3	0
PCDHGA8	11	0	0	15	0	2	18	1
PCDHGB5	1	0	1	7	0	0	4	1
PCDHGA9	2	1	0	6	0	1	8	0
PCDHGB6	108	23	2	55	18	17	292	6
PCDHGA10	135	21	13	145	26	24	394	4
PCDHGB7	145	5	2	68	3	6	180	0
PCDHGA11	11	1	0	10	1	1	16	0
PCDHGA12	7	0	0	13	4	2	23	0
PCDHGC3	14	8	0	54	10	4	128	3
PCDHGC4	2	2	0	1	2	0	3	0
PCDHGC5	2	1	0	4	0	0	0	0
DIAPH1	428	140	63	562	112	71	984	20
HDAC3	1071	149	70	557	107	57	2299	16
RELL2	23	0	8	6	0	0	46	0
FCHSD1	41	5	7	19	3	2	98	1
ARAP3	65	26	9	60	8	5	137	2
PCDH1	14	0	22	11	1	3	19	0
DELE1	346	49	31	205	46	30	664	10
PCDH12	1	1	0	2	0	1	1	0
RNF14	240	43	22	157	26	28	458	12
GNPDA1	1323	166	113	615	144	93	2592	35
NDFIP1	1757	208	101	1185	166	176	2956	33
SPRY4	104	38	18	237	27	11	249	6
FGF1	1	5	2	20	2	0	2	3
ARHGAP26	79	72	17	425	53	27	161	19
NR3C1	269	59	12	279	32	30	708	23
HMHB1	0	0	0	0	0	0	0	0
YIPF5	1291	141	80	559	91	86	2386	12
KCTD16	71	25	1	346	21	71	78	11
PRELID2	199	105	11	755	115	68	474	28
GRXCR2	0	1	0	1	0	0	0	0
SH3RF2	361	97	6	1301	227	199	434	28
PLAC8L1	5	1	0	11	5	1	13	1
LARS	1701	335	133	1414	266	177	3619	54
RBM27	267	181	31	752	135	91	507	32
POU4F3	1	0	0	1	0	0	2	0
TCERG1	1676	353	143	1415	274	165	3494	63
GPR151	0	0	0	0	1	0	0	0
PPP2R2B	39	40	26	99	29	40	129	5
STK32A	9	4	0	12	3	0	26	0
DPYSL3	670	194	91	479	93	76	1217	13
JAKMIP2	150	80	5	408	89	68	429	15
SPINK1	3	0	1	11	0	1	16	0
SCGB3A2	54	18	106	76	8	11	120	2
C5orf46	0	0	0	1	0	0	2	0
SPINK5	69	54	23	379	19	34	143	3
SPINK14	0	0	0	1	0	0	0	0
SPINK6	0	0	0	1	0	0	1	0
MARCOL	0	0	0	3	0	0	0	0
SPINK13	1	0	0	0	0	0	2	0
SPINK7	0	0	0	0	0	0	0	0
SPINK9	0	1	0	3	0	0	0	0
FBXO38	210	78	14	340	55	47	352	6
HTR4	1	2	0	15	0	0	5	0
ADRB2	11	2	0	9	0	0	24	2
SH3TC2	6	0	1	12	2	0	14	0
ABLIM3	3	1	0	7	4	1	6	0
AFAP1L1	32	1	6	42	1	2	101	3
GRPEL2	94	17	19	97	16	12	223	3
PCYOX1L	113	16	3	27	4	6	202	4
IL17B	24	2	3	14	3	0	47	0
CSNK1A1	2831	514	189	2394	413	346	5942	87
ARHGEF37	12	6	1	20	1	0	23	0
PPARGC1B	49	10	14	76	11	6	74	0
PDE6A	3	0	1	6	2	1	23	1
SLC26A2	357	58	16	214	25	15	692	12
TIGD6	57	6	1	26	4	4	123	0
HMGXB3	422	62	40	322	61	31	856	9
CSF1R	3	0	0	4	1	0	6	0
PDGFRB	788	45	19	266	43	35	1602	10
CDX1	42	16	2	174	27	5	134	0
SLC6A7	1	0	0	1	1	0	0	0
CAMK2A	67	11	8	42	4	8	135	0
ARSI	366	6	3	40	9	12	421	2
TCOF1	1275	157	132	657	101	88	2395	17
CD74	324	33	40	222	27	20	982	8
RPS14	68166	8156	6037	33059	5780	4282	144759	1303
NDST1	242	47	20	275	41	40	454	11
SYNPO	108	6	4	41	7	6	138	0
MYOZ3	246	16	12	68	14	16	545	5
RBM22	871	93	46	484	103	51	1801	24
DCTN4	344	94	25	564	102	66	620	11
SMIM3	354	13	16	64	9	10	547	2
IRGM	0	2	0	3	2	1	1	0
ZNF300	16	29	9	101	20	13	7	3
GPX3	101	16	31	48	12	7	218	4
TNIP1	421	38	36	190	24	20	892	6
ANXA6	2912	220	163	1651	166	110	7066	59
CCDC69	17	9	4	29	1	1	72	0
GM2A	152	21	24	91	7	9	378	1
SLC36A3	0	0	0	0	0	1	0	0
SLC36A2	4	0	0	8	0	0	3	0
SLC36A1	60	17	8	127	23	16	153	2
FAT2	0	0	0	5	1	1	0	0
SPARC	17829	555	587	4615	614	795	28465	109
ATOX1	3991	313	181	1657	288	233	6938	59
G3BP1	2323	464	261	2446	403	312	4973	84
GLRA1	0	2	0	8	4	0	1	1
NMUR2	1	1	0	2	0	0	1	0
GRIA1	9	8	2	109	15	23	9	1
FAM114A2	355	48	8	211	36	25	737	6
MFAP3	49	39	1	196	25	22	90	6
GALNT10	884	164	19	827	131	180	1330	24
SAP30L	569	58	30	287	41	40	962	9
HAND1	16108	1453	284	9657	1309	727	33290	244
LARP1	1528	201	171	919	183	134	2898	31
FAXDC2	92	47	7	206	43	16	246	7
CNOT8	421	84	35	334	46	52	946	13
GEMIN5	304	45	22	222	49	40	625	9
MRPL22	2149	229	193	1087	184	141	4462	34
KIF4B	1	0	1	0	0	0	4	1
SGCD	6	24	2	33	30	11	33	8
PPP1R2B	0	0	0	0	0	0	1	0
TIMD4	1	1	0	2	0	0	2	0
HAVCR1	1	0	0	6	0	0	1	1
HAVCR2	0	6	1	22	4	3	3	2
MED7	464	55	31	255	54	32	1071	9
ITK	0	0	0	0	0	0	0	0
FAM71B	0	0	0	0	0	0	0	0
CYFIP2	124	35	27	152	32	18	238	2
FNDC9	0	0	0	0	0	0	0	0
ADAM19	621	222	32	1452	242	86	1453	30
NIPAL4	0	0	0	4	0	0	0	0
SOX30	8	10	0	27	16	3	13	0
C5orf52	0	4	0	2	0	0	1	0
THG1L	525	69	27	226	53	42	930	11
LSM11	64	10	3	58	7	2	170	6
CLINT1	1180	256	78	1127	186	163	2274	43
EBF1	23	23	0	110	22	10	34	1
RNF145	541	158	30	586	110	78	1065	29
UBLCP1	813	108	50	476	100	64	869	21
IL12B	0	0	0	0	0	0	0	0
ADRA1B	12	1	2	12	2	0	4	2
TTC1	1114	168	115	818	140	107	2353	34
PWWP2A	517	95	43	597	90	67	951	20
FABP6	12	3	2	11	1	0	23	0
CCNJL	157	48	13	176	44	16	393	11
C1QTNF2	36	0	4	5	0	0	69	0
ZBED8	47	6	4	25	11	3	106	1
SLU7	645	96	50	464	58	45	1359	11
PTTG1	5620	939	397	2808	535	508	11348	119
ATP10B	0	1	0	4	2	0	4	1
GABRB2	69	22	0	133	15	21	142	4
GABRA6	0	1	0	2	0	0	0	0
GABRA1	8	0	0	2	0	1	21	1
GABRG2	4	3	2	68	14	3	33	1
CCNG1	3028	319	257	1532	194	188	5528	54
NUDCD2	1376	202	137	666	136	85	2832	18
HMMR	985	257	74	828	193	150	1922	34
MAT2B	383	106	36	225	60	39	787	5
TENM2	44	138	0	585	111	124	161	41
WWC1	68	52	9	224	35	20	102	8
RARS	1821	234	103	1238	192	154	3075	35
FBLL1	9	1	2	4	0	0	12	0
PANK3	704	140	48	645	96	116	1432	43
SLIT3	827	459	17	2981	406	349	1639	87
SPDL1	723	114	45	557	104	81	1424	8
DOCK2	14	2	3	75	2	0	15	1
INSYN2B	4	0	0	61	6	2	5	0
FOXI1	0	0	0	0	0	0	0	0
C5orf58	28	1	3	2	0	0	18	0
LCP2	1	0	1	3	0	1	13	0
KCNIP1	61	7	1	224	31	34	113	1
KCNMB1	18	0	2	5	2	0	13	0
GABRP	24	1	10	39	0	0	41	1
RANBP17	241	237	18	1527	251	177	521	50
TLX3	2	2	1	9	2	1	6	0
NPM1	28542	5234	2308	21424	3639	2694	59415	764
FGF18	19	3	0	9	1	2	62	4
SMIM23	0	0	0	0	0	0	0	0
FBXW11	513	222	26	1004	171	134	998	41
STK10	161	43	9	129	26	34	243	2
EFCAB9	3	1	1	1	1	1	4	0
UBTD2	408	185	19	834	179	139	859	34
SH3PXD2B	363	104	25	579	92	59	710	21
NEURL1B	122	36	5	128	19	11	209	4
DUSP1	399	24	46	169	25	15	937	1
ERGIC1	617	89	48	488	90	65	1244	18
RPL26L1	1919	252	128	1063	180	133	3783	38
ATP6V0E1	4550	354	360	1853	270	229	6806	51
CREBRF	282	53	16	259	17	33	514	5
BNIP1	267	42	18	116	17	15	501	6
NKX2-5	50	12	32	19	2	1	51	0
STC2	92	6	42	84	9	8	164	1
BOD1	2529	296	208	1193	245	187	4934	53
CPEB4	179	39	8	226	22	25	357	2
C5orf47	1	0	0	3	0	0	0	1
NSG2	1	1	1	4	4	0	7	0
MSX2	996	189	48	880	127	42	2742	37
DRD1	10	0	0	1	0	0	7	0
SFXN1	976	206	54	929	178	126	2016	45
HRH2	46	6	14	25	5	0	43	3
CPLX2	2	5	0	19	1	0	5	2
THOC3	442	147	33	387	65	56	341	22
FAM153B	0	0	0	4	1	1	2	0
SIMC1	223	131	6	510	125	86	449	17
KIAA1191	681	86	49	297	49	43	1390	11
ARL10	157	16	5	112	13	7	332	2
NOP16	485	48	105	264	37	38	916	9
HIGD2A	3573	333	302	1446	236	185	7325	59
CLTB	1534	117	106	550	77	70	2469	17
FAF2	1052	161	48	847	131	105	2020	33
RNF44	330	39	22	171	22	15	701	7
CDHR2	0	1	0	2	0	1	2	0
GPRIN1	28	5	3	16	4	5	58	0
SNCB	4	4	4	28	2	0	20	1
EIF4E1B	0	0	0	2	0	0	0	0
TSPAN17	267	24	16	106	22	13	603	6
UNC5A	17	1	0	0	2	3	20	0
HK3	0	0	0	3	0	0	0	1
UIMC1	435	143	32	741	115	87	860	26
ZNF346	240	57	13	275	48	31	589	4
FGFR4	57	11	17	63	4	2	115	1
NSD1	1689	407	93	1952	387	264	3314	70
RAB24	66	1	1	22	7	5	112	0
MXD3	333	45	17	105	29	21	745	6
PRELID1	6147	742	594	2950	579	434	11245	112
LMAN2	2630	243	222	1098	164	148	4761	49
RGS14	121	15	22	40	15	5	604	2
SLC34A1	0	0	0	0	0	0	0	0
PFN3	0	0	0	0	0	0	0	0
F12	57	12	3	26	7	4	192	1
GRK6	410	55	46	150	32	23	884	4
PRR7	174	27	21	80	16	14	486	5
DBN1	2699	284	169	1064	219	149	6323	43
PDLIM7	2076	173	159	991	186	138	4664	47
DOK3	11	0	1	17	1	2	25	4
DDX41	514	38	37	161	50	27	1212	7
FAM193B	263	57	14	238	46	30	588	5
TMED9	4414	370	352	1510	239	225	8308	43
B4GALT7	599	55	51	214	43	36	1154	6
FAM153A	0	0	0	4	0	0	9	0
PROP1	0	0	0	0	0	0	0	1
N4BP3	48	6	31	25	5	0	97	1
RMND5B	372	53	57	232	37	29	744	6
NHP2	3642	442	323	1687	330	246	7507	70
GMCL2	0	0	0	0	0	0	0	0
HNRNPAB	4622	845	427	3246	616	477	10232	162
PHYKPL	484	115	26	543	72	80	840	24
COL23A1	428	240	14	1092	266	186	795	42
CLK4	229	29	12	194	37	26	393	6
AC113348.1	0	0	0	0	0	0	0	0
ZNF354A	257	62	13	208	41	28	555	5
ZNF354B	66	17	3	69	11	3	153	2
ZFP2	17	16	1	45	6	10	63	1
ZNF454	91	0	5	67	1	1	91	0
GRM6	11	0	0	4	0	1	3	0
ZNF879	37	4	2	13	4	2	75	0
ZNF354C	109	37	3	111	24	5	218	3
ADAMTS2	105	56	12	165	31	22	237	9
RUFY1	505	101	21	548	93	69	1127	11
HNRNPH1	4379	498	270	1972	375	295	8927	81
CBY3	0	3	0	0	0	0	1	0
CANX	2928	389	294	1602	277	250	5743	53
MAML1	360	81	31	376	63	36	744	12
LTC4S	26	6	5	13	1	2	110	0
MGAT4B	1150	75	102	250	54	47	2123	14
SQSTM1	1263	108	222	684	94	84	2148	33
MRNIP	256	56	24	224	41	24	681	7
TBC1D9B	422	50	37	223	44	31	998	8
RNF130	737	313	64	1296	262	200	1776	71
RASGEF1C	4	14	1	32	5	2	13	2
MAPK9	456	85	46	408	82	40	889	14
GFPT2	430	75	38	1005	137	45	580	21
CNOT6	348	148	18	734	137	89	652	34
SCGB3A1	6	1	0	1	1	0	23	0
FLT4	13	4	0	17	5	0	45	1
OR2Y1	0	0	0	0	0	0	0	0
MGAT1	733	56	48	238	28	29	1191	10
ZFP62	186	43	10	97	14	11	394	2
BTNL8	4	1	0	6	0	0	0	0
BTNL3	0	0	0	0	0	0	0	0
BTNL9	4	0	1	1	0	0	5	0
OR2V1	0	0	0	0	0	0	0	0
OR2V2	0	0	0	1	0	0	0	0
TRIM7	0	0	1	0	0	0	2	0
TRIM41	164	18	12	48	17	12	325	6
RACK1	45779	4274	3740	19943	3205	2485	92329	715
TRIM52	114	14	12	74	13	6	263	4
OR4F3	0	0	0	0	0	0	0	0
DUSP22	198	30	23	122	19	22	407	6
IRF4	4	0	1	4	0	0	3	0
EXOC2	218	116	24	497	93	58	440	22
HUS1B	2	0	0	5	0	1	7	0
FOXQ1	5	5	0	19	0	0	16	0
FOXF2	326	34	7	52	26	5	785	7
FOXC1	256	35	15	158	20	8	608	19
GMDS	276	162	33	655	132	77	511	29
MYLK4	4	0	0	21	0	3	19	0
WRNIP1	400	60	28	321	58	50	801	9
SERPINB1	397	37	25	371	67	14	855	4
SERPINB9	2468	205	330	1933	164	182	4287	33
SERPINB6	2440	151	99	677	128	156	3802	27
NQO2	1051	138	197	537	94	94	2183	34
RIPK1	222	42	8	235	42	39	374	11
BPHL	679	100	31	386	76	55	1334	22
TUBB2A	1447	221	324	1360	119	67	4037	72
TUBB2B	2086	515	727	3155	286	163	7503	123
PSMG4	335	70	55	313	53	33	740	15
SLC22A23	17	28	6	135	16	8	48	8
PXDC1	329	27	12	102	18	26	615	7
FAM50B	92	4	14	37	7	6	295	2
PRPF4B	1458	235	81	1215	227	154	2808	43
FAM217A	0	10	0	24	2	3	0	1
C6orf201	1	1	0	0	0	2	2	0
ECI2	2056	206	85	930	157	124	4124	27
CDYL	833	315	33	1441	226	146	1739	67
RPP40	300	30	16	114	21	15	548	3
PPP1R3G	16	0	0	1	0	0	22	0
LYRM4	1196	247	119	844	162	122	2932	34
FARS2	318	210	12	977	180	139	498	45
NRN1	4	7	1	38	3	4	179	0
F13A1	13	0	0	11	0	0	19	5
LY86	0	0	0	1	0	0	9	0
RREB1	473	167	25	1262	167	112	948	24
SSR1	1298	147	98	598	91	87	2328	26
CAGE1	0	3	0	2	0	1	4	0
RIOK1	640	99	47	386	75	62	1185	11
DSP	4254	673	100	2568	383	431	7621	103
SNRNP48	343	85	25	295	55	35	921	9
BMP6	9	14	0	27	4	9	29	0
TXNDC5	24	98	0	563	87	68	47	15
BLOC1S5	292	75	28	278	63	28	596	10
EEF1E1	1621	262	181	948	168	137	3217	29
SLC35B3	298	60	13	282	45	39	720	4
TFAP2A	51	17	10	68	7	7	60	0
GCNT2	383	105	27	971	170	87	799	25
C6orf52	36	7	1	29	3	6	112	0
PAK1IP1	656	122	94	519	81	59	1230	17
TMEM14C	5270	586	387	2761	403	281	9610	88
TMEM14B	5936	719	307	2722	519	396	10051	107
MAK	10	72	0	225	38	38	13	6
GCM2	0	0	0	1	0	1	0	0
SYCP2L	24	56	3	37	26	35	41	6
ELOVL2	24	6	6	30	7	6	39	1
SMIM13	230	32	18	139	31	20	401	8
ERVFRD-1	1	0	0	0	0	1	2	0
NEDD9	325	81	10	447	59	65	565	18
TMEM170B	26	9	3	39	2	2	55	1
ADTRP	18	1	1	10	0	1	25	0
HIVEP1	214	125	13	711	117	87	419	24
EDN1	33	8	11	31	2	12	94	1
PHACTR1	50	117	7	462	56	53	165	18
TBC1D7	513	93	40	324	59	38	1198	9
GFOD1	71	47	10	141	29	8	193	6
SIRT5	143	31	13	125	22	16	301	6
NOL7	2898	385	226	1620	289	223	5978	49
RANBP9	657	217	35	801	200	184	1238	36
MCUR1	1486	174	135	889	134	102	2777	26
RNF182	26	13	0	48	8	9	55	0
CD83	201	9	4	88	7	12	344	2
JARID2	811	402	149	1838	281	171	1679	50
DTNBP1	369	77	22	358	53	49	826	11
MYLIP	994	198	31	617	122	88	1743	16
GMPR	121	32	15	139	15	2	190	9
ATXN1	171	156	7	1097	202	150	384	53
STMND1	16	3	2	8	5	2	39	0
RBM24	85	17	10	76	11	4	132	2
CAP2	932	223	45	1614	183	134	1536	53
FAM8A1	163	26	10	113	18	18	334	3
NUP153	371	161	33	721	127	94	720	25
KIF13A	237	164	18	885	193	85	469	41
NHLRC1	12	0	0	0	0	0	21	0
TPMT	402	65	20	275	30	27	788	6
KDM1B	79	18	5	90	17	15	169	6
DEK	4321	774	338	2661	663	426	9539	153
RNF144B	1	3	2	4	1	1	8	0
ID4	228	101	50	489	49	78	429	6
MBOAT1	30	15	4	31	18	6	86	4
E2F3	372	142	19	784	145	116	800	27
CDKAL1	276	388	13	1880	393	222	571	60
SOX4	5254	737	522	3012	466	306	12458	177
PRL	2	0	0	3	0	2	12	0
HDGFL1	0	0	0	0	0	0	1	0
NRSN1	1	0	0	2	0	0	6	0
DCDC2	7	18	2	10	1	2	9	0
KAAG1	0	0	0	0	0	0	0	0
MRS2	678	90	149	314	56	43	1240	9
GPLD1	41	9	5	34	6	7	89	0
ALDH5A1	69	15	3	65	19	10	171	3
KIAA0319	1	0	0	6	1	0	4	1
TDP2	413	97	45	308	58	30	675	12
ACOT13	1584	175	158	834	166	104	2971	33
C6orf62	650	90	57	415	63	48	1261	18
GMNN	1584	318	136	1106	233	145	3359	43
ARMH2	0	0	0	2	1	0	0	0
RIPOR2	484	136	14	620	156	43	887	26
CARMIL1	474	142	26	913	152	194	795	55
SCGN	0	1	1	8	0	0	6	0
HIST1H2AA	0	0	0	0	0	0	0	0
HIST1H2BA	0	0	0	0	0	0	0	0
SLC17A4	7	0	0	2	0	0	5	0
SLC17A1	0	0	0	0	0	0	0	0
SLC17A3	0	2	0	7	1	1	0	0
SLC17A2	0	0	0	1	0	0	0	0
TRIM38	95	10	10	91	11	9	132	1
HIST1H1A	9	104	41	93	23	31	222	19
HIST1H3A	0	2	1	7	2	2	22	0
HIST1H4A	1	1	0	6	3	0	20	0
HIST1H4B	2	4	0	7	0	1	16	0
HIST1H3B	136	32	6	114	32	30	321	7
HIST1H2AB	29	3	0	9	2	3	64	0
HIST1H2BB	0	2	0	7	0	0	0	0
HIST1H3C	0	2	0	7	4	0	0	0
HIST1H1C	903	130	32	486	94	58	1817	15
HFE	16	0	2	11	3	1	38	0
HIST1H4C	12923	867	885	2818	719	412	29146	161
HIST1H1T	2	2	0	0	0	0	0	0
HIST1H2BC	82	16	3	80	10	8	112	5
HIST1H2AC	149	96	15	138	24	13	366	6
HIST1H1E	417	112	18	324	61	45	920	15
HIST1H2BD	65	12	0	59	5	5	125	0
HIST1H2BE	16	4	0	13	4	3	40	4
HIST1H4D	24	5	2	16	3	0	38	0
HIST1H3D	0	29	0	62	16	11	0	1
HIST1H2AD	0	2	0	15	1	2	1	0
HIST1H2BF	27	6	1	35	10	3	65	2
HIST1H4E	72	12	2	36	3	4	134	0
HIST1H2BG	43	13	2	39	10	1	107	1
HIST1H2AE	26	14	1	25	5	2	89	0
HIST1H3E	21	12	2	32	4	0	51	3
HIST1H1D	973	340	37	1052	187	113	1285	54
HIST1H4F	10	3	0	5	2	3	0	0
HIST1H4G	0	0	0	0	0	0	0	0
HIST1H3F	33	8	2	32	4	7	85	2
HIST1H2BH	171	35	2	83	10	10	272	8
HIST1H3G	76	30	7	71	17	13	185	6
HIST1H2BI	12	1	1	6	1	1	25	0
HIST1H4H	50	24	1	74	13	11	121	2
BTN3A2	60	9	1	18	3	1	169	1
BTN2A2	81	16	6	74	7	7	185	1
BTN3A1	18	7	1	14	6	4	75	0
BTN3A3	6	1	0	12	2	0	12	0
BTN2A1	238	37	8	193	34	41	461	4
BTN1A1	1	1	0	1	0	0	8	0
HMGN4	837	104	60	459	77	59	1535	7
ABT1	973	100	75	430	76	60	1785	15
ZNF322	359	96	17	482	65	70	459	16
HIST1H2BJ	40	8	3	35	9	4	50	2
HIST1H2AG	99	29	4	71	13	15	249	3
HIST1H4I	13	8	0	17	3	3	45	2
HIST1H2BK	21	4	1	8	0	3	35	0
HIST1H2AH	134	37	4	134	21	30	279	4
PRSS16	65	2	5	18	12	9	59	1
POM121L2	1	0	0	1	0	0	2	0
ZNF391	70	9	5	46	9	6	78	2
ZNF184	105	15	4	65	12	6	231	3
HIST1H2BL	18	3	0	4	5	2	28	2
HIST1H2AI	10	6	0	60	14	2	14	0
HIST1H3H	21	11	2	33	5	7	80	1
HIST1H2AJ	17	4	0	20	7	0	29	0
HIST1H2BM	7	1	1	8	5	3	10	0
HIST1H4J	6	1	0	9	2	4	8	0
HIST1H4K	0	0	0	0	0	1	0	0
HIST1H2BN	76	28	2	110	12	10	184	2
HIST1H2AK	43	6	0	15	1	0	60	1
HIST1H2AL	46	5	2	44	1	2	69	1
HIST1H1B	847	136	18	451	81	40	1202	20
HIST1H3I	13	9	0	13	3	3	3	0
HIST1H4L	0	3	0	5	0	4	0	0
HIST1H3J	12	28	1	105	22	7	30	1
HIST1H2AM	19	2	2	8	0	3	49	0
HIST1H2BO	5	1	0	7	0	0	13	0
OR2B2	0	0	0	0	0	0	0	0
OR2B6	3	3	1	2	0	0	7	0
ZNF165	14	2	15	16	2	0	32	0
ZSCAN16	70	15	12	58	5	3	152	2
ZKSCAN8	163	38	10	224	38	35	336	2
ZSCAN9	177	26	10	153	24	24	387	7
ZKSCAN4	100	14	4	62	13	6	235	2
NKAPL	6	1	11	2	0	1	17	0
ZSCAN26	201	29	8	193	22	30	398	4
PGBD1	229	45	13	230	47	32	492	9
ZSCAN31	25	7	3	28	9	5	80	0
ZKSCAN3	78	9	3	50	11	6	128	0
ZSCAN12	68	42	5	109	21	16	147	6
ZSCAN23	16	46	0	80	13	10	33	6
GPX6	0	0	0	1	0	0	0	0
GPX5	0	0	0	0	0	0	0	0
ZBED9	8	19	0	60	8	8	18	0
TRIM27	10	85	1	359	75	49	32	16
ZNF311	3	10	0	3	3	5	19	0
OR2W1	0	0	0	0	0	0	0	0
OR2B3	0	0	0	0	0	0	0	0
OR2J1	0	0	0	0	0	0	0	0
OR2J3	0	0	0	0	0	0	0	0
OR2J2	0	0	0	2	0	0	0	0
OR14J1	0	0	0	1	0	0	0	0
OR5V1	0	0	0	0	0	0	0	0
OR12D3	0	0	0	0	0	0	0	0
OR12D2	0	0	0	0	0	0	0	0
OR11A1	0	0	0	0	0	0	0	0
OR10C1	0	0	0	0	0	0	0	0
OR2H1	0	0	0	0	0	0	0	0
MAS1L	0	0	0	0	0	0	0	0
OR2I1P	0	0	0	0	0	0	0	0
UBD	0	0	0	0	0	0	0	0
GABBR1	12	49	0	525	62	23	18	12
OR2H2	0	2	0	8	0	3	0	1
MOG	0	0	0	4	0	0	0	0
ZFP57	0	0	0	0	2	0	0	0
HLA-F	0	0	0	5	0	1	1	0
HLA-G	0	0	0	7	0	0	0	0
HLA-A	142	146	23	1041	275	148	276	56
ZNRD1	829	156	64	414	109	49	1219	35
PPP1R11	11	71	1	286	55	46	21	12
RNF39	0	1	0	0	0	0	0	0
TRIM31	0	0	0	0	0	0	0	0
TRIM40	0	0	0	0	0	0	0	0
TRIM10	0	0	0	0	0	0	0	0
TRIM15	0	1	0	2	0	0	0	0
TRIM26	15	84	2	285	69	42	56	9
TRIM39	1	12	0	69	8	5	1	2
RPP21	83	156	5	670	105	99	201	25
HLA-E	14	28	0	143	23	13	44	4
GNL1	158	72	15	343	47	29	278	16
PRR3	2	61	0	177	28	22	6	5
ABCF1	1241	276	90	1146	221	156	2438	43
PPP1R10	431	137	27	861	135	109	831	34
MRPS18B	10	105	3	398	68	58	24	14
ATAT1	65	58	5	227	41	24	153	5
C6orf136	44	14	13	52	11	11	85	7
DHX16	219	49	14	220	39	30	413	7
PPP1R18	0	31	0	96	26	12	1	7
NRM	3	44	0	145	35	19	0	9
MDC1	40	96	3	327	63	51	103	6
TUBB	170	3199	4	12785	2493	1793	330	607
FLOT1	341	144	33	696	123	91	781	25
IER3	14	62	3	467	31	20	34	31
DDR1	1	19	0	83	12	9	4	2
GTF2H4	262	57	19	232	34	24	593	3
VARS2	14	10	0	20	5	5	45	0
SFTA2	0	1	0	1	0	0	1	0
MUCL3	0	1	0	0	0	0	0	0
MUC21	0	0	0	2	0	0	0	0
MUC22	0	0	0	2	0	0	0	0
C6orf15	0	0	0	0	0	0	0	0
PSORS1C1	0	0	0	11	0	0	2	0
CDSN	0	0	0	7	0	0	0	0
PSORS1C2	0	0	0	0	0	0	0	0
CCHCR1	126	41	13	204	29	18	297	7
TCF19	0	11	0	44	11	6	0	2
POU5F1	15	181	48	1008	91	37	59	22
HLA-C	17	98	11	427	84	45	44	6
HLA-B	18	31	3	179	16	8	19	2
MICA	41	9	5	32	8	6	92	1
MICB	0	0	1	0	3	4	2	0
MCCD1	0	0	0	0	0	0	0	0
DDX39B	19	465	0	2069	396	307	44	95
ATP6V1G2	0	2	0	15	1	3	1	1
NFKBIL1	2	43	1	232	28	25	8	5
LTA	0	0	0	0	0	0	0	0
TNF	0	0	0	1	0	0	0	0
LTB	0	2	0	3	0	1	0	0
LST1	1	1	0	3	0	0	3	0
NCR3	0	0	0	1	0	0	0	0
AIF1	25	2	8	45	3	1	82	0
PRRC2A	373	105	40	481	79	67	783	28
BAG6	686	101	75	402	77	57	1507	26
APOM	72	6	10	47	10	8	189	2
C6orf47	0	10	0	70	18	12	0	7
GPANK1	69	61	3	221	52	31	154	12
CSNK2B	1812	303	141	1490	225	181	3608	54
LY6G5B	0	7	0	16	2	1	0	0
LY6G5C	0	0	0	4	1	1	2	0
ABHD16A	2	55	0	242	42	49	3	7
LY6G6F	0	0	0	0	0	0	0	0
LY6G6E	0	1	0	0	0	0	0	0
LY6G6D	2	39	0	143	10	6	4	1
MPIG6B	0	2	0	3	0	0	0	1
LY6G6C	0	0	0	0	0	0	0	0
DDAH2	864	364	43	1170	260	160	2313	77
CLIC1	600	621	63	3093	466	380	1236	99
MSH5	2	34	0	165	28	17	6	8
SAPCD1	0	2	0	5	3	1	0	1
VWA7	1	0	0	0	0	0	0	0
VARS	244	65	13	280	56	44	489	11
LSM2	73	476	10	1750	329	241	201	66
HSPA1L	0	2	0	4	0	1	0	0
HSPA1A	0	83	0	332	50	34	2	15
HSPA1B	0	36	0	96	14	12	0	1
NEU1	9	61	0	303	45	34	6	8
SLC44A4	0	2	0	2	1	0	0	0
EHMT2	394	152	23	470	109	67	1002	15
C2	0	4	0	20	3	9	0	0
ZBTB12	0	8	0	26	8	5	1	3
CFB	0	0	0	1	0	0	0	0
NELFE	1418	197	107	734	122	89	3019	40
SKIV2L	85	14	5	86	12	6	199	3
DXO	160	30	11	88	16	12	298	1
STK19	33	36	2	262	40	21	63	10
C4A	0	0	0	0	0	0	0	0
C4B	0	0	0	0	0	0	1	0
CYP21A2	0	0	0	1	0	0	0	0
TNXB	2	8	0	18	3	2	10	0
ATF6B	16	35	0	164	18	21	45	6
FKBPL	0	26	0	98	13	13	1	3
PRRT1	0	2	0	4	1	1	0	0
PPT2	0	20	0	95	24	14	0	7
EGFL8	0	7	0	40	7	1	0	0
AGPAT1	15	83	1	367	59	40	19	11
RNF5	12	188	2	617	106	81	21	24
AGER	21	4	1	4	1	2	31	1
PBX2	44	65	1	284	53	50	94	10
GPSM3	1	42	0	181	44	34	10	6
NOTCH4	0	7	0	17	1	3	0	0
TSBP1	0	3	0	44	1	2	0	0
BTNL2	0	0	0	0	0	0	0	1
HLA-DRA	0	3	1	9	1	0	1	0
HLA-DRB5	0	20	0	0	35	0	0	0
HLA-DRB1	16	21	1	23	20	0	23	0
HLA-DQA1	0	0	0	0	0	0	13	0
HLA-DQB1	106	8	0	7	3	0	593	1
HLA-DQA2	0	0	0	0	0	0	0	0
HLA-DQB2	0	0	0	0	0	0	0	0
HLA-DOB	0	0	0	1	0	0	0	0
TAP2	0	5	0	33	3	2	0	0
PSMB8	12	0	10	45	5	1	50	0
PSMB9	4	1	8	21	1	0	15	0
TAP1	1	2	0	16	1	0	0	0
HLA-DMB	0	1	0	10	2	0	3	0
HLA-DMA	30	9	4	168	14	2	78	0
BRD2	235	123	17	576	116	67	550	25
HLA-DOA	0	0	0	6	1	0	1	1
HLA-DPA1	4	0	0	15	5	0	6	0
HLA-DPB1	84	15	7	94	14	7	157	5
COL11A2	0	1	0	5	0	0	1	1
RXRB	8	9	0	67	11	7	13	5
SLC39A7	426	141	36	590	95	90	828	31
HSD17B8	60	19	4	23	1	10	151	1
RING1	40	40	2	173	36	24	94	8
VPS52	12	31	0	118	22	16	19	4
RPS18	95357	10411	7168	44994	7135	5754	196757	1575
B3GALT4	0	4	0	32	0	4	0	1
WDR46	571	62	43	328	78	44	1084	13
PFDN6	979	142	109	591	101	87	2020	18
RGL2	6	23	0	101	10	14	6	4
TAPBP	14	27	1	258	19	13	14	6
ZBTB22	0	13	0	52	7	13	0	2
DAXX	318	94	41	351	73	36	602	17
SMIM40	0	0	0	0	0	0	0	0
KIFC1	276	119	24	357	80	57	695	32
PHF1	26	27	0	127	20	19	46	7
CUTA	3603	582	305	2369	440	323	7978	103
SYNGAP1	23	45	0	170	21	21	50	3
ZBTB9	0	11	0	50	6	5	0	2
BAK1	193	26	9	102	15	13	216	4
ITPR3	3	4	5	12	1	1	17	1
UQCC2	3567	528	201	1929	338	268	7475	64
IP6K3	45	3	0	33	8	6	93	2
LEMD2	266	27	30	120	25	16	491	8
MLN	7	1	1	2	0	3	37	0
GRM4	9	5	5	14	1	1	14	1
HMGA1	13160	1525	1803	6283	1211	733	25872	248
SMIM29	179	10	20	39	15	12	340	2
NUDT3	578	60	36	203	33	37	1151	5
RPS10-NUDT3	28	34	3	110	15	14	41	6
RPS10	8161	1009	457	4087	567	465	16343	166
PACSIN1	21	3	5	37	1	0	58	1
SPDEF	4	0	0	1	0	0	10	1
ILRUN	239	83	44	435	91	58	454	16
SNRPC	3753	470	373	1776	332	227	8019	64
UHRF1BP1	69	50	6	185	28	10	156	10
TAF11	1235	157	119	592	102	75	2264	20
ANKS1A	949	662	28	3947	1027	525	1354	53
TCP11	0	0	0	0	0	1	8	0
SCUBE3	386	52	6	196	36	41	813	6
ZNF76	157	26	14	109	20	18	331	3
DEF6	28	2	3	12	4	2	100	4
PPARD	110	46	7	169	39	29	219	7
FANCE	125	15	11	62	15	3	241	1
RPL10A	45084	4847	3333	20039	3341	2513	91638	754
TEAD3	354	30	24	220	35	20	713	10
TULP1	4	3	5	5	2	0	43	0
FKBP5	138	78	6	370	55	32	498	14
ARMC12	8	1	1	8	1	2	40	0
CLPSL2	3	2	0	5	0	0	18	0
CLPSL1	3	0	0	2	2	0	6	0
CLPS	0	0	0	0	0	0	1	0
LHFPL5	11	22	0	99	19	7	22	2
SRPK1	1748	411	124	1585	328	236	3545	47
SLC26A8	5	1	2	8	0	0	6	0
MAPK14	442	132	25	661	126	103	755	20
MAPK13	47	3	14	28	2	5	131	1
BRPF3	206	31	14	199	38	20	403	4
PNPLA1	0	1	0	11	1	0	4	0
BNIP5	0	0	0	0	0	0	1	0
ETV7	8	1	0	1	0	0	6	0
PXT1	1	0	0	3	1	0	0	0
KCTD20	585	90	19	418	88	55	1173	24
STK38	358	84	11	475	76	71	654	18
SRSF3	10260	1437	528	6449	1128	831	20275	273
CDKN1A	239	14	28	78	4	7	256	10
RAB44	0	0	0	1	0	0	0	0
CPNE5	16	3	1	12	1	0	17	0
PPIL1	1163	160	82	503	98	83	2537	30
C6orf89	398	60	18	267	38	40	859	6
PI16	0	0	0	1	0	0	0	0
MTCH1	3136	334	311	1323	218	164	5965	61
FGD2	0	0	0	0	0	0	0	0
PIM1	281	42	51	181	37	28	762	7
TMEM217	9	0	2	4	1	1	16	0
AL353579.1	0	0	0	0	0	0	0	0
TBC1D22B	78	34	12	115	27	19	134	5
RNF8	812	107	49	468	81	58	1582	25
CMTR1	201	35	18	175	22	15	412	8
CCDC167	1235	241	60	912	136	116	2868	37
MDGA1	8	4	1	26	8	0	28	2
ZFAND3	581	539	37	3126	443	347	1127	101
BTBD9	38	131	0	832	179	115	95	21
GLO1	3224	449	212	1682	311	266	6158	56
DNAH8	3	2	0	11	1	2	4	0
GLP1R	0	0	0	2	0	0	0	0
SAYSD1	229	29	19	127	28	11	491	3
KCNK5	26	6	5	33	4	3	73	0
KCNK17	12	5	1	211	8	1	70	4
KCNK16	0	0	0	1	0	0	0	0
KIF6	27	10	1	78	10	6	66	2
DAAM2	64	8	2	79	20	11	126	2
MOCS1	68	9	13	56	10	6	150	0
LRFN2	1	2	0	40	0	2	6	0
UNC5CL	6	2	0	10	4	2	17	0
OARD1	770	144	56	515	92	89	1679	26
TSPO2	0	0	0	0	0	0	0	0
APOBEC2	23	1	0	39	0	0	65	0
NFYA	249	46	16	274	35	28	450	4
TREML1	0	0	0	0	0	0	3	0
TREM2	2	0	0	0	0	0	1	0
TREML2	0	0	0	0	1	0	0	0
TREML4	0	0	0	0	0	0	0	0
TREM1	0	0	0	1	0	0	2	0
NCR2	0	0	0	0	0	0	0	0
FOXP4	400	49	15	131	21	18	710	7
MDFI	2147	143	49	710	114	86	4027	21
TFEB	44	2	4	41	1	1	77	1
PGC	1	0	0	0	0	0	3	0
FRS3	50	6	1	20	3	3	97	2
PRICKLE4	0	0	0	5	0	0	0	0
TOMM6	0	715	0	2838	470	366	0	100
USP49	156	93	7	318	69	43	326	12
MED20	253	36	15	131	26	13	478	4
BYSL	458	35	41	193	38	34	899	3
CCND3	614	24	38	248	36	22	1123	6
TAF8	344	57	21	248	57	51	664	10
C6orf132	161	21	21	120	21	13	274	6
AL096814.2	3	0	1	2	0	0	9	0
GUCA1A	0	0	0	0	0	0	0	0
AL096814.1	0	0	0	0	0	0	0	0
GUCA1B	10	6	2	14	1	3	23	0
MRPS10	1047	124	91	625	104	81	1990	22
TRERF1	132	110	7	474	88	73	259	22
UBR2	367	133	27	673	101	86	620	24
PRPH2	15	1	1	7	1	1	33	0
TBCC	462	35	33	198	41	22	1035	8
BICRAL	53	76	6	344	86	42	94	11
RPL7L1	1457	229	125	1133	183	151	2373	43
C6orf226	220	18	11	91	15	9	457	2
PTCRA	0	0	0	0	0	0	0	0
CNPY3	982	136	100	452	98	70	2021	28
GNMT	2	0	0	0	0	0	1	0
PEX6	306	37	13	169	25	17	582	4
PPP2R5D	377	47	20	187	38	15	650	10
MEA1	1624	185	127	731	121	99	3160	21
KLHDC3	1398	110	119	540	80	52	2740	25
RRP36	1793	190	109	856	145	121	3153	26
CUL7	253	24	15	126	18	18	552	7
KLC4	163	25	10	123	18	14	346	9
MRPL2	860	109	75	410	62	45	1910	22
PTK7	1241	262	80	1579	198	109	2776	32
SRF	249	35	20	222	42	32	521	5
CUL9	82	13	2	81	13	5	141	2
DNPH1	1192	183	78	618	134	70	2820	32
TTBK1	1	0	0	4	0	0	5	0
SLC22A7	0	0	0	0	0	0	1	0
CRIP3	8	8	10	16	5	3	70	0
ZNF318	375	44	23	252	42	21	632	9
ABCC10	143	16	7	105	15	19	281	4
DLK2	133	8	14	35	8	10	259	1
TJAP1	241	27	13	182	32	16	515	4
LRRC73	43	4	4	20	2	0	107	1
POLR1C	347	71	34	312	68	33	762	10
YIPF3	1947	157	103	717	109	115	3938	43
XPO5	315	79	27	253	40	27	662	9
POLH	70	31	5	126	11	7	112	3
GTPBP2	157	15	12	93	15	10	322	1
MAD2L1BP	368	37	31	173	25	19	860	5
RSPH9	97	4	3	43	4	3	106	4
MRPS18A	870	105	90	442	80	53	1718	16
VEGFA	812	65	30	337	87	40	1499	9
C6orf223	2	0	0	8	1	0	12	0
MRPL14	3769	458	259	1980	403	268	7781	80
TMEM63B	339	38	35	251	39	30	609	6
CAPN11	1	1	1	0	0	0	6	1
MYMX	15	3	1	6	0	2	13	0
SLC29A1	197	29	47	97	5	20	367	5
HSP90AB1	37199	5553	2816	21265	3792	2911	75524	901
SLC35B2	481	42	35	153	27	21	815	4
NFKBIE	100	14	8	34	4	3	184	3
TMEM151B	4	0	7	7	0	3	7	0
TCTE1	1	0	0	5	0	0	1	1
AARS2	190	28	14	89	18	11	335	5
SPATS1	0	0	0	2	0	0	0	0
CDC5L	1579	246	115	1156	190	143	3594	42
SUPT3H	411	336	28	1914	299	193	964	66
RUNX2	34	33	2	151	17	8	63	13
CLIC5	1	1	0	3	0	0	4	0
ENPP4	17	2	3	18	2	0	32	0
ENPP5	11	2	4	16	1	0	30	0
RCAN2	16	5	4	142	5	4	39	2
CYP39A1	7	11	2	73	9	9	62	3
SLC25A27	11	8	2	120	12	4	28	0
TDRD6	1	0	0	3	0	0	2	0
PLA2G7	6	4	2	6	1	0	18	0
ANKRD66	0	0	0	0	0	0	0	0
MEP1A	0	0	0	0	0	0	1	0
ADGRF5	0	1	0	0	0	0	2	0
ADGRF1	0	0	0	1	0	0	0	0
TNFRSF21	139	74	22	286	33	36	249	4
CD2AP	562	234	58	986	180	115	1116	26
ADGRF2	28	8	3	52	6	1	81	1
ADGRF4	9	2	0	5	0	1	6	0
OPN5	2	0	0	0	1	1	1	0
PTCHD4	38	31	1	762	20	34	41	37
MMUT	410	57	18	172	23	15	740	8
CENPQ	287	79	15	273	52	36	524	7
GLYATL3	0	0	0	1	0	0	0	1
C6orf141	178	16	7	37	11	7	271	2
RHAG	3	1	0	5	0	0	1	0
CRISP2	3	1	1	1	0	0	8	0
CRISP3	1	0	0	0	0	0	2	0
PGK2	0	0	0	0	1	0	0	0
CRISP1	0	0	0	0	0	0	0	0
DEFB133	0	2	0	0	0	0	0	0
DEFB114	0	0	0	0	0	0	0	0
DEFB113	0	0	0	0	0	0	0	0
DEFB110	0	0	0	0	0	0	0	0
DEFB112	0	0	0	0	0	0	0	0
TFAP2D	0	0	0	2	0	0	1	2
TFAP2B	11	12	2	67	11	7	82	1
PKHD1	7	4	0	24	9	3	4	1
IL17A	0	0	0	0	0	0	0	0
IL17F	0	1	0	1	0	0	0	0
MCM3	1620	287	167	1062	215	135	3442	47
PAQR8	408	21	19	120	23	13	788	4
EFHC1	194	53	15	224	36	37	632	12
TRAM2	226	31	21	207	44	28	334	14
TMEM14A	475	34	34	196	55	41	1025	10
GSTA2	44	5	1	28	6	2	55	0
GSTA1	12	2	1	10	0	0	60	0
GSTA5	0	0	0	0	0	0	0	0
GSTA3	0	0	1	0	0	0	0	0
GSTA4	841	103	32	362	91	50	2179	11
ICK	288	43	12	212	43	32	592	14
FBXO9	610	69	53	435	65	49	1283	14
GCM1	0	0	0	0	0	0	1	0
ELOVL5	795	161	61	692	170	109	1617	28
GCLC	166	59	24	221	42	17	349	6
KLHL31	7	1	0	4	0	4	20	2
LRRC1	332	56	11	144	29	44	568	12
MLIP	3	0	0	4	0	0	2	0
TINAG	0	0	0	1	0	0	0	0
FAM83B	271	46	1	203	36	45	291	2
HCRTR2	30	1	2	17	4	1	67	0
GFRAL	0	1	0	0	0	4	0	1
HMGCLL1	104	16	3	172	26	24	208	7
BMP5	1030	440	25	2425	476	344	2131	159
COL21A1	663	47	9	571	51	150	1416	15
DST	604	254	76	872	234	166	1335	38
BEND6	82	2	1	50	10	13	73	3
KIAA1586	489	103	20	375	76	55	1005	7
ZNF451	557	149	20	728	121	93	1074	19
BAG2	1332	76	31	441	92	103	1705	9
RAB23	490	60	16	292	73	105	790	8
PRIM2	478	297	29	1364	269	184	1037	57
KHDRBS2	19	86	1	529	81	40	55	15
FKBP1C	27	0	4	3	0	0	37	0
LGSN	3	0	0	0	0	0	0	0
PTP4A1	0	1	0	0	0	0	0	0
AL135905.2	5	2	0	10	1	1	8	0
PHF3	1479	264	101	1393	255	157	2851	52
EYS	1	31	0	46	101	26	48	74
ADGRB3	3	33	1	307	43	22	26	2
LMBRD1	299	78	28	387	65	51	620	15
COL19A1	7	8	0	25	14	5	7	0
COL9A1	34	6	9	23	5	4	101	0
FAM135A	174	148	13	589	137	79	320	26
SDHAF4	166	52	9	137	27	21	344	9
SMAP1	1191	165	86	922	148	117	2536	45
B3GAT2	47	5	2	49	6	6	115	1
OGFRL1	318	27	15	145	24	26	527	5
RIMS1	24	21	0	111	16	20	45	0
KCNQ5	79	315	4	2899	390	239	163	102
KHDC1L	0	1	0	1	1	1	4	0
KHDC1	79	76	10	343	44	32	508	9
DPPA5	13	1	22	11	1	4	6	0
KHDC3L	3	0	4	1	0	0	4	0
OOEP	0	35	0	210	16	9	2	6
DDX43	1	1	0	1	0	0	9	0
CGAS	17	10	4	23	3	3	43	3
MTO1	176	32	21	129	35	18	329	6
EEF1A1	15425	12222	1391	57128	9069	8209	32612	2120
SLC17A5	123	19	21	73	13	16	233	1
CD109	42	16	1	52	12	7	49	1
COL12A1	8	0	4	3	0	0	19	0
COX7A2	7641	805	803	3456	698	469	15285	137
TMEM30A	501	100	53	365	77	61	1113	11
FILIP1	256	52	32	81	23	18	710	13
SENP6	1136	399	83	2137	367	279	2242	77
MYO6	1223	244	52	944	183	145	2139	34
IMPG1	1	2	0	4	0	0	4	0
HTR1B	1	0	0	1	0	0	0	0
MEI4	8	4	0	54	16	10	15	2
IRAK1BP1	211	97	3	412	85	65	381	25
PHIP	2745	489	130	2135	393	301	5017	82
HMGN3	8168	884	518	3744	715	532	16471	134
LCA5	192	49	9	130	21	16	361	11
SH3BGRL2	86	31	7	103	23	19	177	5
ELOVL4	148	18	20	113	22	9	283	4
TTK	608	144	33	430	115	70	1276	23
BCKDHB	343	265	26	1064	191	146	796	33
TENT5A	440	20	19	142	12	13	677	7
IBTK	582	140	39	528	101	87	988	14
TPBG	518	104	33	391	46	32	1373	12
UBE3D	230	163	16	675	122	70	510	32
DOP1A	84	43	5	283	62	44	159	8
PGM3	1115	133	50	681	104	107	2010	17
RWDD2A	130	11	13	48	9	7	275	2
ME1	210	39	8	393	62	77	306	6
PRSS35	986	27	9	380	41	96	1789	5
SNAP91	2	3	1	46	2	4	15	1
RIPPLY2	18	1	6	25	2	0	41	3
CYB5R4	198	52	10	253	49	33	363	12
MRAP2	70	11	8	67	12	3	67	1
CEP162	394	106	13	535	102	54	892	15
TBX18	1	8	0	11	2	2	11	1
NT5E	6	0	0	1	0	0	7	0
SNX14	478	127	27	615	111	78	925	18
SYNCRIP	2424	460	172	1765	391	280	4194	82
HTR1E	261	157	8	4	185	273	361	12
CGA	0	9	0	3	0	0	2	0
ZNF292	1715	513	85	2327	485	342	3916	101
GJB7	9	8	5	93	6	3	22	1
SMIM8	624	118	31	556	115	77	1168	26
C6orf163	40	6	0	18	4	3	58	0
CFAP206	5	1	0	20	0	4	10	1
SLC35A1	258	43	16	175	45	21	392	7
RARS2	933	208	64	967	150	133	2013	26
ORC3	673	159	38	714	122	77	1313	19
AKIRIN2	1229	154	83	755	118	83	2711	35
SPACA1	0	0	0	1	0	0	0	0
CNR1	34	4	0	37	7	6	80	0
RNGTT	303	251	21	1239	211	145	672	43
PNRC1	1938	177	100	1090	147	113	4177	38
SRSF12	217	71	6	262	42	26	453	10
PM20D2	127	31	9	86	15	24	352	4
GABRR1	2	1	0	2	0	1	0	0
GABRR2	3	2	0	11	1	0	3	2
UBE2J1	598	98	30	452	68	74	1124	17
RRAGD	30	14	18	35	8	8	124	2
ANKRD6	106	93	14	521	106	60	226	21
LYRM2	983	161	51	594	103	82	1999	20
MDN1	562	167	84	701	132	108	1108	23
CASP8AP2	601	124	31	455	83	67	1207	15
GJA10	0	0	0	0	0	0	0	0
BACH2	165	227	7	1226	260	168	266	49
MAP3K7	463	121	42	528	82	70	1030	21
EPHA7	794	252	12	1486	225	289	975	16
MANEA	158	32	19	129	18	30	282	10
FUT9	5	6	1	30	5	7	3	0
UFL1	763	111	43	543	75	81	1535	17
FHL5	0	0	0	0	0	0	0	0
GPR63	48	20	6	101	23	17	99	3
NDUFAF4	842	112	129	499	93	40	1747	13
KLHL32	5	3	0	6	1	4	4	0
MMS22L	619	223	23	986	210	213	1121	49
POU3F2	61	33	2	56	16	15	357	2
FBXL4	285	115	9	531	124	94	524	19
FAXC	29	25	13	54	22	14	112	2
COQ3	180	53	34	115	31	22	501	3
PNISR	5740	680	460	2898	488	351	12311	104
USP45	173	78	7	310	56	37	317	16
TSTD3	169	100	5	336	45	33	317	6
CCNC	1458	202	160	973	155	127	2790	33
PRDM13	1	0	1	0	0	1	0	0
MCHR2	0	0	0	3	2	0	0	0
SIM1	1	1	0	1	0	0	1	0
ASCC3	851	326	61	1838	212	214	1433	74
GRIK2	10	89	3	250	37	32	32	20
HACE1	125	94	8	392	50	56	216	10
LIN28B	1470	620	59	2798	515	403	2528	102
BVES	77	31	4	76	17	13	244	7
POPDC3	173	17	9	46	11	1	324	7
PREP	360	106	16	405	92	63	837	24
PRDM1	15	50	4	18	7	6	46	10
ATG5	656	168	38	711	121	76	1342	26
CRYBG1	3	7	6	10	2	0	4	1
RTN4IP1	171	33	14	128	21	18	280	9
QRSL1	358	73	37	314	66	45	742	9
CD24	8097	1140	678	5033	881	561	17421	123
MTRES1	501	57	31	267	44	26	940	13
BEND3	64	29	4	90	25	21	140	4
PDSS2	157	184	17	823	146	112	323	21
SOBP	282	145	5	348	99	102	538	28
SCML4	1	1	0	0	0	0	7	0
SEC63	1443	216	75	1161	202	160	2583	48
OSTM1	270	46	22	257	31	23	470	7
NR2E1	1	2	0	4	0	2	3	0
SNX3	5540	508	331	2187	373	313	10628	76
AFG1L	57	49	6	270	46	28	156	3
FOXO3	395	136	28	568	84	65	631	19
ARMC2	40	48	0	180	33	35	93	4
SESN1	159	60	21	369	41	34	349	15
CEP57L1	442	111	6	371	61	72	919	16
CD164	2090	201	102	1159	159	149	3863	15
PPIL6	49	23	2	103	20	14	107	5
SMPD2	132	11	10	57	14	12	214	1
MICAL1	338	19	16	96	19	22	620	3
ZBTB24	371	39	27	207	42	43	679	10
AK9	46	25	6	104	20	10	153	4
FIG4	133	28	8	163	24	16	245	4
GPR6	0	0	0	0	0	0	0	0
WASF1	716	147	34	757	184	124	1373	33
CDC40	848	140	51	584	94	70	1873	27
METTL24	38	68	0	323	66	54	107	25
DDO	0	0	1	0	0	0	2	0
SLC22A16	1	0	1	4	0	0	15	0
CDK19	217	261	8	1088	198	129	475	38
AMD1	1075	215	110	795	118	89	2275	36
GTF3C6	3965	353	275	1641	318	229	7355	55
RPF2	732	124	76	562	86	77	1547	18
SLC16A10	36	21	27	84	20	14	119	2
MFSD4B	297	101	19	468	87	51	609	20
REV3L	284	269	16	1092	179	139	767	38
TRAF3IP2	103	13	11	87	15	5	175	4
FYN	765	284	46	1219	217	125	1421	35
CCN6	0	0	0	0	0	0	1	0
TUBE1	138	36	11	101	25	13	345	3
FAM229B	438	61	15	216	36	41	1223	9
LAMA4	19	4	0	18	8	1	60	0
RFPL4B	0	0	0	0	0	0	0	0
MARCKS	8412	1435	247	5370	1042	756	19364	240
HDAC2	4202	695	324	3428	672	421	8676	144
HS3ST5	9	4	3	171	9	3	18	5
FRK	3	1	0	9	1	3	2	2
NT5DC1	604	121	33	691	133	84	1136	28
COL10A1	1	2	1	17	3	2	0	1
TSPYL4	290	52	10	266	42	35	654	4
DSE	646	134	24	621	112	117	1112	26
TSPYL1	791	55	47	289	48	29	1505	5
CALHM6	12	9	0	25	9	0	29	1
TRAPPC3L	1	0	0	0	0	0	3	0
CALHM5	5	0	2	1	0	1	6	0
CALHM4	0	0	0	0	0	0	1	0
RWDD1	2883	361	222	1529	232	198	5698	65
RSPH4A	4	1	0	6	1	1	15	0
ZUP1	240	29	12	199	21	23	508	3
KPNA5	164	66	15	311	44	35	341	11
FAM162B	15	4	2	31	0	3	54	0
GPRC6A	0	0	0	3	0	0	1	0
RFX6	1	0	0	5	0	0	2	0
VGLL2	1	0	0	3	0	0	1	0
ROS1	0	0	0	1	0	1	0	0
DCBLD1	94	12	11	118	15	13	284	10
GOPC	629	117	79	328	90	85	995	21
NUS1	220	106	22	595	86	55	402	14
SLC35F1	37	172	2	794	861	372	116	25
CEP85L	532	231	12	1287	171	104	805	33
PLN	5	4	8	31	1	0	4	0
MCM9	61	67	3	308	61	42	125	22
ASF1A	671	84	86	398	54	46	1408	19
FAM184A	85	57	17	141	12	11	161	6
MAN1A1	554	145	16	1036	119	169	998	35
TBC1D32	69	114	4	690	116	89	188	33
GJA1	1831	239	218	1721	188	141	4556	44
HSF2	376	73	22	342	72	42	878	14
SERINC1	872	137	51	658	95	94	1780	18
PKIB	489	382	74	198	18	136	1199	50
FABP7	556	105	20	696	59	46	1653	17
SMPDL3A	335	16	7	87	23	15	471	4
CLVS2	0	4	1	24	3	1	10	0
TRDN	295	34	54	372	18	9	707	33
NKAIN2	8	40	1	267	13	5	32	24
RNF217	370	112	24	542	103	156	806	17
TPD52L1	231	37	9	108	29	29	552	3
HDDC2	2799	361	166	1353	262	192	6020	47
HEY2	225	47	49	305	56	30	647	7
NCOA7	63	41	9	139	27	9	207	5
HINT3	190	37	17	87	19	12	442	3
TRMT11	538	182	33	881	132	106	1230	40
CENPW	2781	275	203	1241	243	239	5188	52
RSPO3	3206	107	54	1792	185	136	3682	60
RNF146	456	60	22	344	61	53	993	8
ECHDC1	1514	271	104	1195	297	151	2810	32
KIAA0408	2	4	0	15	1	3	8	1
SOGA3	1	4	0	31	4	5	0	2
C6orf58	7	3	0	19	1	3	3	1
THEMIS	0	0	0	4	1	0	0	0
PTPRK	100	539	4	3170	690	338	181	175
LAMA2	35	15	4	189	9	4	68	0
ARHGAP18	63	9	9	41	5	5	121	3
TMEM244	0	0	0	0	1	0	0	0
L3MBTL3	279	61	12	284	56	33	556	12
SAMD3	162	84	4	473	100	156	219	40
TMEM200A	388	36	2	249	75	91	631	6
SMLR1	63	0	0	1	1	0	60	0
EPB41L2	1212	442	73	1968	421	337	2663	88
AKAP7	270	45	32	244	52	30	631	7
ARG1	1	0	0	7	1	0	2	2
MED23	229	71	6	352	56	51	502	13
ENPP3	2	3	0	16	3	0	8	0
OR2A4	0	0	0	0	0	0	0	0
CTAGE9	0	0	0	0	0	0	0	0
ENPP1	192	30	42	217	36	26	385	9
CCN2	996	55	72	416	54	69	2653	8
MOXD1	42	3	0	34	26	11	100	0
STX7	480	52	28	354	54	37	934	10
TAAR9	0	0	0	0	0	0	0	0
TAAR8	0	0	0	0	0	0	0	0
TAAR6	0	0	0	0	0	0	0	0
TAAR5	0	0	0	0	0	0	0	0
TAAR2	0	0	0	0	0	0	0	0
TAAR1	0	0	0	0	0	0	0	0
VNN1	0	0	0	0	0	0	0	0
VNN3	0	0	0	0	0	0	0	0
VNN2	0	1	0	0	0	0	0	0
SLC18B1	172	42	13	123	33	20	311	2
RPS12	82440	9392	6806	40378	5983	5029	161273	1418
EYA4	3	17	0	129	8	8	22	1
TCF21	747	36	23	204	28	28	1171	11
TBPL1	837	118	77	464	92	50	1569	17
SLC2A12	19	4	1	30	4	6	57	1
SGK1	34	12	11	35	1	4	98	1
ALDH8A1	1	0	0	2	0	0	5	0
HBS1L	673	149	43	663	103	78	1293	31
MYB	11	4	3	9	5	5	39	1
AHI1	511	160	28	775	147	111	1466	34
PDE7B	14	6	0	70	6	11	20	0
MTFR2	126	13	20	72	17	9	240	3
BCLAF1	1687	480	107	2031	387	275	3511	75
MAP7	24	30	27	126	17	8	53	0
MAP3K5	6	5	1	42	6	4	23	5
PEX7	185	45	16	195	36	17	453	6
SLC35D3	8	2	0	1	2	0	66	1
IL20RA	21	3	0	7	2	1	31	1
IL22RA2	0	0	0	2	1	0	1	0
IFNGR1	372	49	22	260	42	38	771	16
OLIG3	4	4	0	2	1	1	3	0
TNFAIP3	436	64	6	536	41	30	887	8
PERP	2509	285	179	1244	160	180	4375	33
ARFGEF3	4	5	13	10	4	3	18	0
PBOV1	0	0	0	0	0	0	0	0
SMIM28	0	0	0	0	0	0	0	0
HEBP2	1847	113	150	870	128	95	3648	29
NHSL1	275	205	13	962	185	171	612	48
GVQW2	7	11	0	31	8	11	14	4
CCDC28A	197	46	14	188	31	14	395	11
ECT2L	4	1	2	13	2	1	12	1
REPS1	436	189	36	753	139	89	834	20
ABRACL	1533	263	335	972	158	121	3460	29
HECA	71	28	14	109	8	21	137	2
TXLNB	1	0	0	3	0	0	3	0
CITED2	4486	227	69	1717	315	296	7484	45
NMBR	0	0	0	5	4	0	0	0
GJE1	0	0	0	0	0	0	0	0
VTA1	718	150	51	748	103	78	1404	23
ADGRG6	82	54	17	98	6	7	63	8
HIVEP2	26	33	1	212	27	17	49	10
AIG1	571	89	54	471	86	83	1323	13
ADAT2	100	32	10	107	21	13	248	10
PEX3	293	48	27	268	41	27	547	11
FUCA2	1099	113	75	608	112	88	2420	21
PHACTR2	3174	352	110	1804	305	319	4585	57
LTV1	732	100	68	419	71	51	1431	13
ZC2HC1B	0	1	0	4	1	0	0	0
PLAGL1	1065	197	16	1331	149	96	2295	22
SF3B5	3217	348	244	1492	260	227	6776	65
STX11	4	1	1	5	0	0	28	1
UTRN	913	499	74	2500	419	278	1988	89
EPM2A	43	21	6	148	34	25	87	6
FBXO30	170	43	17	204	32	21	325	13
SHPRH	869	188	60	977	172	112	1783	30
GRM1	2	2	0	9	1	0	3	0
RAB32	694	65	37	249	66	39	1355	10
ADGB	2	1	0	4	0	0	0	0
STXBP5	53	166	5	634	125	78	92	27
SAMD5	131	93	4	685	95	126	335	4
SASH1	271	167	22	858	143	109	478	36
UST	178	326	23	2414	350	325	267	49
TAB2	460	161	25	1101	163	113	834	36
SUMO4	94	3	2	47	9	5	148	3
ZC3H12D	2	1	0	0	1	0	8	0
PPIL4	1221	182	63	895	145	119	2517	19
GINM1	692	86	47	386	53	68	1120	14
KATNA1	432	61	35	235	48	34	966	12
LATS1	243	91	8	550	115	62	453	12
NUP43	283	71	21	320	56	46	639	6
PCMT1	2081	277	231	1202	206	184	4285	44
LRP11	31	44	2	189	80	56	67	7
RAET1E	0	2	0	3	2	1	1	0
RAET1G	3	0	0	0	0	0	7	0
ULBP2	6	0	0	0	0	0	0	0
ULBP1	3	0	0	3	0	0	3	0
RAET1L	0	0	0	0	0	0	0	0
ULBP3	50	2	4	13	4	3	125	0
PPP1R14C	3	8	4	48	5	4	34	2
IYD	0	0	0	2	0	0	0	0
PLEKHG1	9	52	1	118	23	28	36	4
MTHFD1L	495	165	47	1024	164	109	994	34
AKAP12	7804	491	200	2916	441	588	8997	98
ZBTB2	124	42	9	118	31	22	233	11
RMND1	379	92	35	361	71	57	978	19
ARMT1	703	89	99	456	85	62	1539	15
CCDC170	14	4	0	8	4	1	32	0
ESR1	1	1	0	5	0	0	2	0
SYNE1	458	117	14	709	109	96	805	18
MYCT1	10	1	8	4	1	2	51	2
VIP	0	0	0	0	0	0	0	0
FBXO5	805	150	37	503	112	59	1626	35
MTRF1L	279	64	21	374	56	41	513	4
RGS17	47	7	5	98	16	8	104	4
OPRM1	2	0	0	4	0	0	0	0
IPCEF1	1	5	0	43	2	3	4	2
CNKSR3	247	92	11	919	86	43	653	35
SCAF8	324	253	10	1353	248	192	657	40
TIAM2	153	144	13	781	173	121	377	51
TFB1M	346	89	25	363	58	46	990	10
CLDN20	1	8	0	18	4	2	2	0
NOX3	0	0	0	0	0	0	0	0
ARID1B	1611	821	79	4052	744	539	3084	155
TMEM242	667	68	50	351	76	44	1289	11
ZDHHC14	76	37	4	164	36	17	110	3
SNX9	586	198	41	888	147	113	1074	28
SYNJ2	74	20	9	110	31	16	96	2
SERAC1	113	13	6	84	20	7	189	1
GTF2H5	2231	224	119	1174	178	140	4725	43
TULP4	348	144	21	679	131	79	784	42
TMEM181	462	109	23	544	81	65	842	30
DYNLT1	4125	449	258	1996	360	256	8157	85
SYTL3	7	1	0	23	2	2	24	0
EZR	4922	330	287	1548	274	431	7988	51
RSPH3	180	48	5	142	29	19	401	7
TAGAP	8	0	2	1	1	2	12	0
FNDC1	6	1	0	8	2	0	7	0
SOD2	283	152	22	508	123	67	484	30
WTAP	1517	299	84	1348	209	178	2838	61
ACAT2	4530	705	169	2581	657	405	8765	109
TCP1	3075	417	279	1479	278	191	6335	71
MRPL18	1576	208	179	758	134	101	3281	31
PNLDC1	0	0	0	0	0	0	2	0
MAS1	0	0	0	2	0	0	2	0
IGF2R	564	136	44	759	99	89	969	26
SLC22A1	10	3	0	10	5	0	2	2
SLC22A2	6	5	0	25	0	3	13	1
SLC22A3	94	14	5	254	24	39	42	3
LPA	0	0	0	5	2	0	3	0
PLG	0	2	0	2	0	1	0	0
MAP3K4	424	195	20	777	144	92	902	39
AGPAT4	1082	213	37	1514	217	196	1727	38
PRKN	18	156	4	1035	162	139	41	40
PACRG	17	5	0	39	5	6	35	3
QKI	1862	602	95	2571	426	310	3357	85
C6orf118	2	5	0	18	2	2	26	1
PDE10A	95	366	5	704	204	128	210	47
TBXT	43	25	12	118	5	4	86	3
PRR18	1	1	0	0	0	0	1	0
SFT2D1	1234	149	120	669	95	77	2396	17
MPC1	707	77	37	269	58	44	1334	10
RPS6KA2	51	49	10	211	38	27	139	11
RAMACL	6	0	0	7	1	0	11	0
RNASET2	466	39	53	193	21	30	1024	6
FGFR1OP	254	120	24	402	89	51	520	23
CCR6	1	1	0	3	1	0	6	0
TCP10L2	0	0	0	1	0	0	0	0
GPR31	0	0	0	0	0	0	0	0
UNC93A	1	0	0	5	0	0	1	0
TTLL2	0	1	0	1	0	0	0	0
TCP10	0	0	0	0	0	0	0	0
AFDN	1826	411	136	2199	330	260	3209	79
KIF25	13	0	0	6	2	2	45	0
FRMD1	0	2	0	3	0	0	9	0
DACT2	12	4	2	4	1	4	28	0
SMOC2	166	129	4	102	3	24	484	22
THBS2	6	0	11	5	1	0	10	0
WDR27	131	86	9	739	126	87	301	25
C6orf120	494	58	40	232	39	35	922	5
PHF10	344	64	20	264	53	42	767	11
TCTE3	0	14	0	40	6	7	0	0
ERMARD	50	18	2	104	17	19	118	2
DLL1	0	26	0	118	9	3	5	9
FAM120B	36	145	2	740	121	72	78	26
PSMB1	9696	985	795	4372	741	543	17540	178
TBP	249	41	27	183	21	35	489	6
PDCD2	1746	147	163	810	103	109	3584	30
FAM20C	88	10	6	23	3	6	154	1
AC187653.1	0	0	0	0	0	0	0	0
PDGFA	125	32	31	44	10	11	109	3
PRKAR1B	177	46	25	203	51	32	398	8
DNAAF5	462	72	43	290	56	37	795	10
SUN1	432	73	42	374	66	38	919	13
GET4	6	1	2	18	0	1	17	0
ADAP1	35	1	1	5	0	2	58	1
COX19	511	73	34	314	63	57	1070	11
CYP2W1	93	0	0	7	1	0	260	0
C7orf50	1694	236	110	676	136	147	2968	41
GPR146	10	2	1	10	2	1	39	1
GPER1	31	3	1	19	1	2	72	1
ZFAND2A	330	31	16	112	14	31	716	2
UNCX	3	1	0	3	0	1	17	1
MICALL2	27	6	4	31	7	1	86	3
INTS1	477	46	32	211	27	31	842	5
MAFK	46	1	5	12	4	3	89	2
TMEM184A	4	0	1	1	0	0	12	0
PSMG3	576	83	82	212	42	57	1351	6
ELFN1	135	25	13	136	11	7	267	3
MAD1L1	4	117	0	596	113	67	19	23
MRM2	0	87	0	352	61	42	4	19
NUDT1	1371	257	151	807	139	76	2522	35
SNX8	215	65	17	310	50	35	413	12
EIF3B	1893	202	168	840	138	105	3756	32
CHST12	420	40	37	230	34	22	687	7
GRIFIN	0	0	0	0	0	0	0	0
LFNG	10	7	12	70	3	1	66	0
BRAT1	279	43	12	164	28	15	598	5
IQCE	116	26	10	72	22	12	219	0
TTYH3	732	91	30	279	61	46	1332	9
AMZ1	0	12	1	58	12	12	4	2
GNA12	403	97	35	453	73	54	681	16
CARD11	14	9	2	118	20	6	44	0
SDK1	189	739	16	6840	1007	1072	376	181
FOXK1	266	70	17	380	70	47	579	11
AP5Z1	171	36	20	161	25	24	306	7
RADIL	78	48	8	217	41	17	197	16
PAPOLB	8	3	0	12	2	0	27	2
MMD2	0	1	0	0	1	0	1	0
RBAK	118	24	7	127	16	13	233	1
WIPI2	1537	159	132	789	136	99	2935	34
SLC29A4	135	24	7	71	19	14	296	6
TNRC18	496	190	11	835	153	103	863	33
FBXL18	126	36	10	119	32	21	217	11
ACTB	62835	4809	5053	27282	4526	3298	122038	1041
FSCN1	5187	679	297	3119	497	325	10507	128
RNF216	712	189	43	926	131	100	1294	32
OCM	0	0	0	2	0	0	1	0
CCZ1	434	35	35	269	30	23	891	8
RSPH10B	0	0	0	3	0	0	0	0
PMS2	121	47	8	164	36	17	261	5
AIMP2	804	131	91	505	115	65	1680	26
EIF2AK1	1151	164	61	677	125	95	2319	30
ANKRD61	1	0	0	5	1	0	1	0
USP42	318	90	18	360	60	32	709	12
CYTH3	90	54	5	230	49	37	158	3
FAM220A	4	0	0	1	0	0	1	0
AC009412.1	0	0	0	0	0	0	0	0
RAC1	7660	860	598	4581	609	567	14312	127
DAGLB	86	28	8	138	17	13	187	1
KDELR2	4792	341	221	1532	229	304	7072	67
GRID2IP	2	2	1	22	2	5	1	0
ZDHHC4	960	82	85	521	98	62	2120	17
C7orf26	255	26	24	141	24	21	533	4
ZNF853	148	11	9	21	5	5	290	1
ZNF316	115	10	7	58	15	10	235	3
ZNF12	366	50	29	199	26	21	695	8
RSPH10B2	0	0	0	0	0	0	0	0
CCZ1B	147	37	13	111	25	15	272	7
C1GALT1	578	179	109	533	106	90	1213	20
COL28A1	0	1	2	3	1	1	3	0
MIOS	258	84	26	295	56	30	462	12
RPA3	2733	430	235	1309	253	187	5151	59
UMAD1	386	188	11	722	144	149	540	21
GLCCI1	647	362	38	988	235	200	1328	34
ICA1	171	26	23	105	14	10	495	5
NXPH1	2	3	0	43	8	1	1	0
NDUFA4	22495	1852	1738	8647	1479	1203	40571	276
PHF14	2349	472	180	1731	380	337	4776	68
THSD7A	218	113	6	602	125	82	409	27
TMEM106B	641	98	21	399	73	55	1287	14
VWDE	15	11	11	59	7	2	9	2
AC013470.2	14	3	0	48	7	6	14	0
SCIN	15	5	0	14	0	2	58	0
ARL4A	476	92	46	293	40	96	1146	7
ETV1	148	77	23	212	41	35	396	13
DGKB	112	400	0	1405	155	28	161	154
AGMO	16	27	0	229	10	12	19	6
MEOX2	10	10	0	7	7	7	40	0
CRPPA	67	39	5	316	73	27	157	13
SOSTDC1	19	1	0	7	0	0	72	0
LRRC72	0	0	0	1	0	0	0	0
ANKMY2	339	48	17	280	57	35	685	13
BZW2	1791	264	101	1000	272	198	3704	35
TSPAN13	368	54	47	133	22	32	944	7
AGR2	0	0	2	0	0	0	1	0
AGR3	0	0	0	0	0	0	0	0
AHR	22	12	3	164	24	5	18	2
SNX13	286	105	26	541	81	78	616	10
PRPS1L1	0	0	0	0	0	0	0	0
HDAC9	58	55	2	409	26	32	153	11
TWIST1	1579	184	27	677	173	155	3596	58
FERD3L	0	0	0	0	0	0	0	0
TWISTNB	682	94	67	438	90	61	1538	16
TMEM196	1	4	0	10	0	1	1	0
MACC1	8	6	9	20	3	2	9	0
ITGB8	108	77	5	266	71	55	156	7
ABCB5	0	5	0	7	1	1	1	0
SP8	34	21	4	48	9	10	90	4
SP4	98	50	7	277	52	29	232	11
DNAH11	10	8	3	47	2	1	23	2
CDCA7L	213	50	61	109	8	18	398	5
RAPGEF5	16	27	0	117	19	5	45	3
STEAP1B	163	242	10	4013	432	54	319	77
IL6	42	2	3	35	0	2	49	0
TOMM7	6249	605	951	2405	452	307	11074	98
FAM126A	499	118	51	613	123	92	845	19
KLHL7	504	123	51	685	115	82	1239	19
NUP42	614	94	36	441	75	62	963	10
GPNMB	59	0	9	6	1	2	120	0
MALSU1	1517	128	126	819	170	90	2952	24
IGF2BP3	1553	693	105	3192	576	412	3281	104
TRA2A	1048	343	65	1735	290	190	2150	65
CCDC126	171	37	8	209	32	24	336	14
FAM221A	67	16	20	40	9	5	192	3
STK31	14	5	1	25	6	5	39	1
NPY	806	29	40	347	44	73	2021	7
MPP6	1306	259	50	2367	286	218	2279	59
GSDME	95	15	6	87	23	15	257	2
OSBPL3	59	56	6	209	31	18	109	12
CYCS	4263	500	755	2340	394	278	7957	75
C7orf31	75	9	5	50	6	9	153	1
NPVF	1	0	0	0	0	0	0	0
NFE2L3	42	13	30	39	10	4	69	5
HNRNPA2B1	20999	2554	1420	10810	2154	1535	40568	420
CBX3	5024	711	284	2884	564	427	9640	120
SNX10	246	42	10	122	34	18	496	3
SKAP2	50	52	7	155	45	26	172	1
HOXA1	3	4	0	29	5	0	36	0
HOXA2	5	3	0	18	2	1	26	0
HOXA3	12	49	0	80	22	15	61	1
HOXA4	11	1	0	17	2	1	35	1
HOXA5	14	7	0	21	8	7	57	2
HOXA6	2	7	0	14	0	1	31	0
HOXA7	16	59	0	80	21	16	168	1
HOXA9	63	85	2	95	37	54	246	3
HOXA10	230	59	0	129	44	103	503	5
HOXA11	89	9	1	19	14	22	181	0
HOXA13	185	7	3	28	11	24	252	1
EVX1	143	8	8	33	6	4	247	4
HIBADH	761	291	38	942	167	141	1290	45
TAX1BP1	3491	441	191	2001	348	393	6440	82
JAZF1	148	39	17	434	61	47	171	9
CREB5	24	23	9	201	19	30	43	5
TRIL	56	16	4	22	9	11	195	1
CPVL	179	57	38	285	35	27	458	5
AC004593.3	0	0	0	2	1	0	0	0
CHN2	7	1	2	11	1	5	14	0
PRR15	25	1	8	10	2	0	27	1
WIPF3	95	12	8	109	10	14	185	3
SCRN1	625	104	35	444	92	71	1151	19
FKBP14	880	84	30	331	54	72	1389	10
PLEKHA8	453	158	27	660	155	91	1033	25
MTURN	145	12	14	75	13	4	275	0
ZNRF2	166	84	17	349	60	32	354	15
NOD1	129	43	3	318	73	55	231	12
GGCT	1700	249	209	958	211	166	3630	47
GARS	1153	191	176	936	174	122	2331	33
CRHR2	0	3	0	10	4	0	4	1
INMT	244	9	0	106	13	18	287	1
MINDY4	131	29	2	190	24	27	224	5
AQP1	1719	11	23	166	21	72	2557	2
GHRHR	3	0	0	1	1	0	3	0
ADCYAP1R1	6	0	2	13	3	0	10	0
NEUROD6	0	0	0	0	0	0	0	0
ITPRID1	2	1	1	20	1	4	8	2
PPP1R17	9	9	8	107	11	3	85	2
PDE1C	6	37	1	114	16	4	37	19
LSM5	4141	608	278	1985	403	329	8852	72
AVL9	242	150	20	594	73	89	409	14
KBTBD2	298	91	19	376	83	71	578	15
FKBP9	377	36	15	209	38	29	656	6
NT5C3A	384	134	34	440	100	68	896	19
RP9	572	106	35	533	88	56	1312	15
BBS9	173	200	39	1392	202	164	348	119
BMPER	472	695	13	6202	816	212	1125	140
NPSR1	0	1	0	3	0	0	1	0
DPY19L1	208	81	11	336	69	41	427	13
TBX20	32	148	2	1607	180	169	74	16
HERPUD2	537	70	16	339	61	46	1108	7
SEPTIN7	11463	1407	452	6438	1036	996	21799	216
EEPD1	78	80	4	459	41	27	184	18
KIAA0895	59	14	1	76	11	9	112	0
ANLN	582	173	36	613	119	84	1089	26
AOAH	2	7	1	30	6	0	2	0
ELMO1	159	208	7	908	145	51	269	59
GPR141	1	0	0	2	0	0	1	0
EPDR1	67	9	3	95	14	13	152	2
NME8	3	0	0	1	0	0	14	0
SFRP4	0	3	0	16	1	1	0	0
STARD3NL	1059	128	64	653	86	98	2124	15
TRGC2	0	0	0	0	0	0	0	0
TRGJ2	0	0	0	0	0	0	0	0
TRGJP2	0	0	0	0	0	0	0	0
TRGC1	0	0	0	1	0	0	0	0
TRGJ1	0	0	0	0	0	0	0	0
TRGJP	0	0	0	0	0	0	0	0
TRGJP1	0	0	0	0	0	0	0	0
TRGV11	0	0	0	0	0	0	0	0
TRGVB	0	0	0	0	0	0	0	0
TRGV10	0	0	0	0	0	0	0	0
TRGV9	0	0	0	0	0	0	0	0
TRGVA	0	0	0	0	0	0	0	0
TRGV8	0	0	0	0	0	0	0	0
TRGV7	0	0	0	0	0	0	1	0
TRGV6	0	0	0	0	0	0	0	0
TRGV5P	0	0	0	0	0	0	0	0
TRGV5	0	0	0	0	0	0	0	0
TRGV4	0	0	0	0	0	0	0	0
TRGV3	0	0	0	0	0	0	1	0
TRGV2	0	0	0	0	0	0	2	0
TRGV1	0	0	0	0	0	0	0	0
AMPH	38	21	2	83	18	11	112	5
VPS41	462	159	28	636	118	84	1022	26
POU6F2	63	81	5	894	125	49	189	16
YAE1	531	67	29	319	55	34	1073	8
RALA	1139	250	134	1068	166	117	2408	46
CDK13	738	211	34	1219	193	150	1329	35
MPLKIP	1703	199	92	899	156	111	3445	29
SUGCT	63	78	5	420	95	36	139	3
INHBA	17	3	1	19	4	1	38	0
GLI3	930	526	26	2727	593	435	2092	92
C7orf25	13	11	0	52	13	8	15	0
PSMA2	1928	936	136	4189	680	472	3445	152
MRPL32	1462	161	165	851	130	85	2970	23
HECW1	15	14	1	57	4	7	18	2
STK17A	498	47	24	402	59	62	829	20
COA1	1914	538	171	2208	410	249	4114	67
BLVRA	698	61	50	337	89	53	1533	11
MRPS24	43	330	8	1559	318	157	76	53
URGCP	117	34	9	141	25	20	265	5
UBE2D4	134	20	9	71	10	11	342	4
SPDYE1	1	7	0	40	14	1	2	5
DBNL	1115	97	64	337	56	49	1962	11
PGAM2	20	6	8	25	2	0	41	0
POLM	135	18	15	47	2	4	272	1
AEBP1	1011	42	30	185	41	43	1836	8
POLD2	2252	235	160	900	162	145	4137	41
MYL7	2442	131	370	2699	72	61	4955	73
GCK	173	3	7	95	3	8	396	8
YKT6	557	52	41	280	48	41	984	4
CAMK2B	2	0	3	4	1	1	8	2
NUDCD3	352	119	22	420	72	52	692	20
NPC1L1	1	0	0	0	0	0	3	0
DDX56	735	65	47	305	57	44	1382	9
TMED4	1064	140	87	558	79	79	2215	31
OGDH	393	89	36	439	78	54	700	15
ZMIZ2	95	15	8	55	14	9	196	2
PPIA	8823	3123	667	12225	2318	1895	17412	543
H2AFV	4839	697	291	2938	563	361	9056	123
PURB	396	50	22	246	31	31	776	10
MYO1G	1	0	0	2	0	0	3	0
CCM2	668	128	36	540	88	86	1340	25
NACAD	54	5	3	23	2	3	118	1
TBRG4	778	86	116	344	48	35	1511	16
RAMP3	0	0	2	0	0	0	1	0
ADCY1	38	29	14	83	15	5	86	2
CCDC201	0	0	0	0	0	0	0	0
IGFBP1	4	0	0	1	1	0	5	0
IGFBP3	9140	126	142	792	118	668	9454	32
TNS3	388	308	13	731	215	185	847	39
PKD1L1	0	4	0	9	2	1	2	0
HUS1	288	41	32	219	40	28	564	10
SUN3	0	0	3	3	1	0	0	0
C7orf57	7	1	3	15	1	0	8	0
UPP1	785	58	245	366	30	40	1265	3
ABCA13	0	3	0	4	1	1	3	0
CDC14C	0	0	0	0	0	0	1	0
VWC2	11	2	0	14	1	0	15	1
ZPBP	1	4	0	22	1	1	6	1
SPATA48	0	0	0	0	0	0	1	0
IKZF1	31	11	2	110	11	1	102	4
FIGNL1	191	47	3	94	26	18	433	5
DDC	1	0	0	2	0	0	5	0
GRB10	183	126	20	617	141	91	468	20
COBL	34	21	21	53	9	14	74	4
POM121L12	0	0	0	0	0	0	0	0
VSTM2A	25	0	4	23	2	0	41	0
SEC61G	7808	675	654	3286	549	447	15508	114
EGFR	34	9	2	24	4	9	82	3
LANCL2	183	56	14	320	61	36	250	8
VOPP1	124	113	20	426	97	72	251	30
SEPTIN14	0	0	0	1	0	0	0	0
ZNF713	85	43	0	276	54	33	148	12
NIPSNAP2	830	150	87	761	129	95	1630	29
MRPS17	284	125	35	508	91	66	583	21
PSPH	476	73	38	360	75	47	1094	19
CCT6A	5646	857	479	3338	605	462	11685	146
SUMF2	764	83	53	355	52	64	1687	14
PHKG1	69	15	4	70	9	6	213	1
CHCHD2	4266	28	568	5218	29	178	1249	2
NUPR2	0	1	0	0	0	0	1	0
ZNF479	0	0	0	0	0	1	0	0
ZNF716	0	0	0	0	0	0	0	0
AC115220.1	0	0	0	0	0	0	0	0
ZNF727	0	0	0	1	0	0	2	0
ZNF735	0	0	0	0	1	0	0	0
ZNF679	0	0	0	1	0	0	0	0
ZNF736	5	4	1	367	30	3	20	8
ZNF680	148	86	19	447	29	40	267	6
ZNF107	162	93	9	305	65	48	344	3
ZNF138	265	119	21	386	59	55	561	16
ZNF273	195	55	14	231	19	28	431	5
ZNF117	120	26	7	129	6	5	198	6
ERV3-1	152	33	17	141	10	17	300	6
ZNF92	318	79	25	345	51	44	645	14
VKORC1L1	458	104	53	451	90	71	842	19
GUSB	590	83	53	315	50	45	1123	21
ASL	301	57	23	219	51	32	553	12
CRCP	315	111	19	364	81	59	694	15
TPST1	990	484	24	2044	333	440	1424	89
KCTD7	77	18	4	108	16	19	167	4
RABGEF1	79	204	1	1035	171	135	148	46
TMEM248	740	102	45	474	65	69	1314	17
SBDS	1283	126	82	566	102	70	2365	17
TYW1	326	146	18	712	103	77	655	23
SPDYE21P	0	3	0	29	7	1	1	2
AUTS2	307	1022	38	5789	978	612	682	225
GALNT17	36	148	9	734	105	29	85	25
CALN1	2	38	2	107	19	13	14	6
TYW1B	88	84	2	354	73	36	313	8
POM121	347	90	24	436	96	55	734	22
TRIM74	0	0	0	2	0	0	0	0
SPDYE8P	0	0	0	0	0	0	0	0
SPDYE17	0	0	0	0	0	0	0	0
SPDYE9P	0	1	0	2	0	0	0	0
NSUN5	336	55	62	228	42	38	801	7
TRIM50	0	0	0	0	0	0	0	0
FKBP6	0	0	0	0	0	0	1	0
FZD9	16	0	0	8	3	0	38	1
BAZ1B	1889	393	122	1490	307	194	3804	46
BCL7B	514	57	41	224	35	32	1090	7
TBL2	503	47	22	213	38	32	1038	5
MLXIPL	3	2	1	3	2	0	8	0
VPS37D	120	12	10	47	11	5	327	1
DNAJC30	439	31	25	157	25	21	759	3
BUD23	1457	151	133	685	129	107	3097	21
STX1A	46	4	5	19	6	6	93	0
ABHD11	209	26	25	87	19	16	449	2
CLDN3	9	18	20	21	1	4	35	1
CLDN4	11	12	36	29	2	6	27	0
METTL27	38	14	9	24	5	0	74	2
TMEM270	0	0	0	0	0	0	1	0
ELN	21	6	1	95	2	2	87	0
LIMK1	276	51	29	155	18	11	616	0
EIF4H	1463	258	119	1078	158	142	2912	43
LAT2	1	3	0	35	10	4	13	2
RFC2	898	146	67	515	105	80	2039	29
CLIP2	106	43	7	159	42	32	187	5
GTF2IRD1	317	182	13	763	169	98	649	28
GTF2I	1481	782	104	3162	544	439	2829	128
NCF1	0	1	1	4	0	0	7	0
GTF2IRD2	54	9	5	69	13	10	107	2
CASTOR2	204	49	13	243	30	29	481	9
RCC1L	689	76	52	347	59	42	1388	18
GTF2IRD2B	41	10	3	100	16	14	109	1
AC211486.7	0	0	0	0	0	0	0	0
AC211486.8	0	0	0	0	0	0	0	0
AC211486.6	0	0	0	0	0	0	0	0
TRIM73	1	25	0	93	10	14	0	5
POM121C	530	69	42	350	65	43	992	14
SPDYE5	1	11	0	50	5	3	9	2
HIP1	479	158	39	690	131	94	965	28
CCL26	19	3	9	28	1	1	18	0
CCL24	0	0	0	1	0	0	0	0
RHBDD2	356	48	42	152	23	25	831	11
POR	621	66	73	376	69	47	1229	15
TMEM120A	312	31	35	162	28	19	636	3
STYXL1	362	45	26	284	48	22	714	8
MDH2	3051	386	375	1992	304	214	6878	51
SRRM3	45	12	2	37	7	3	48	0
HSPB1	5277	280	327	1856	247	209	10840	82
YWHAG	1184	163	118	832	144	138	2500	30
SSC4D	108	19	7	176	15	11	294	2
ZP3	16	10	14	36	17	4	131	1
DTX2	6	12	1	76	14	14	15	1
UPK3B	10	0	0	11	6	11	16	1
SPDYE16	0	3	0	8	0	1	0	0
POMZP3	45	13	2	87	22	18	317	9
CCDC146	40	54	0	212	41	35	93	14
FGL2	12	0	0	0	0	0	9	0
GSAP	6	4	0	15	3	0	7	3
PTPN12	708	253	73	1318	206	114	1368	55
RSBN1L	1003	176	50	754	165	106	2081	29
TMEM60	656	77	54	359	67	52	1382	10
PHTF2	404	126	15	627	164	104	674	30
MAGI2	212	199	12	1466	154	160	278	129
GNAI1	586	142	33	741	108	95	1238	26
CD36	5	4	0	34	2	2	24	3
GNAT3	0	0	0	0	0	0	1	0
SEMA3C	224	92	15	1688	90	31	398	15
HGF	276	20	3	125	47	81	324	4
CACNA2D1	204	368	13	1693	263	223	368	83
PCLO	51	37	7	141	14	28	110	5
SEMA3E	106	45	3	165	36	11	149	5
SEMA3A	829	225	23	1954	574	387	1429	40
SEMA3D	41	18	2	134	6	18	93	0
GRM3	39	4	1	75	10	1	66	2
KIAA1324L	409	224	18	1464	164	61	830	58
DMTF1	464	155	30	820	131	94	1019	31
TMEM243	473	65	44	363	41	51	1118	12
CROT	161	28	7	159	27	12	297	7
ABCB4	8	6	0	18	0	1	23	1
ABCB1	0	2	0	6	1	1	2	0
RUNDC3B	12	6	0	25	1	0	39	1
SLC25A40	104	39	9	164	28	23	249	5
DBF4	1086	225	98	890	195	129	2112	41
ADAM22	29	35	6	166	50	20	81	7
SRI	2673	339	196	1396	277	201	5526	34
STEAP4	2	1	0	1	1	0	0	0
ZNF804B	4	15	0	85	4	1	2	15
TEX47	0	0	0	0	0	0	0	0
STEAP1	11	5	1	18	7	1	40	1
STEAP2	9	10	2	36	11	1	38	0
CFAP69	11	14	1	45	8	5	39	4
FAM237B	0	0	0	0	0	0	0	0
GTPBP10	144	73	11	321	50	37	381	15
CLDN12	128	29	10	105	15	11	308	5
CDK14	457	716	11	4136	628	321	944	144
FZD1	67	15	5	20	4	5	136	2
MTERF1	168	58	8	237	33	30	326	9
AKAP9	1802	387	101	1530	301	187	4208	55
CYP51A1	175	476	5	2271	431	351	364	75
LRRD1	1	1	0	10	6	3	3	2
KRIT1	405	150	40	689	128	98	787	23
ANKIB1	509	243	22	1252	202	173	874	39
GATAD1	896	121	93	410	60	48	2065	22
ERVW-1	0	1	0	1	1	0	0	0
PEX1	281	52	22	231	37	32	613	12
RBM48	214	35	16	223	29	30	445	4
FAM133B	922	298	44	1245	208	134	2005	38
CDK6	2248	641	106	3337	654	527	4441	157
SAMD9	11	0	0	5	1	0	34	0
SAMD9L	1	0	0	2	0	0	2	0
HEPACAM2	0	0	0	0	0	0	1	0
VPS50	162	59	4	351	73	56	325	9
CALCR	3	3	0	25	5	0	15	1
GNGT1	33	122	0	1297	157	41	39	11
TFPI2	254	1	38	37	3	3	566	1
GNG11	1627	39	44	438	53	44	3144	20
BET1	853	110	56	487	82	42	1564	18
COL1A2	20405	448	464	4443	443	748	35563	134
CASD1	351	207	25	688	127	108	725	38
SGCE	497	147	25	600	120	85	1217	34
PEG10	4590	494	90	1379	405	317	9470	50
PPP1R9A	143	159	15	555	120	77	310	27
PON1	77	6	1	16	5	0	135	2
PON3	22	1	4	59	5	6	70	1
PON2	2222	190	74	944	123	175	4192	31
ASB4	6	0	0	2	0	0	6	0
PDK4	13	1	1	4	0	1	14	1
DYNC1I1	205	167	10	1463	161	91	445	56
SLC25A13	879	237	70	1172	206	118	1906	50
SEM1	6617	801	505	3756	603	412	12539	111
DLX6	1	3	0	1	0	0	2	0
DLX5	4	11	8	24	0	1	26	0
SDHAF3	587	118	60	360	75	52	1322	12
TAC1	5	6	16	5	0	1	15	0
ASNS	267	0	62	22	1	1	876	0
OCM2	0	0	0	0	0	0	0	0
LMTK2	55	96	6	295	36	33	147	5
BHLHA15	0	0	0	0	0	1	0	0
TECPR1	112	28	5	92	11	8	235	3
BRI3	4442	454	429	2164	320	288	8366	57
BAIAP2L1	595	140	22	901	109	146	1036	16
NPTX2	5	5	8	35	4	1	55	1
TMEM130	2	0	1	2	2	1	9	0
TRRAP	403	155	25	778	140	97	806	36
SMURF1	149	166	1	625	99	97	264	20
KPNA7	0	2	0	1	0	0	0	0
ARPC1A	3066	338	210	1565	277	203	6303	56
ARPC1B	662	177	59	780	122	79	1099	23
PDAP1	3404	454	249	1641	305	234	6638	68
BUD31	2191	192	199	1064	140	136	4611	38
PTCD1	117	28	9	129	19	10	296	4
CPSF4	490	73	51	299	50	41	1056	4
ATP5MF	6787	747	559	2931	501	405	13605	110
ZNF789	115	54	10	197	35	37	217	9
ZNF394	257	30	15	187	36	24	563	5
ZKSCAN5	165	27	14	163	13	18	306	4
FAM200A	186	30	15	159	22	25	399	2
ZNF655	407	65	24	318	56	51	824	8
TMEM225B	5	2	1	9	2	0	20	1
ZSCAN25	71	26	4	81	18	15	173	6
CYP3A5	26	3	1	16	3	1	75	0
CYP3A7	0	1	0	7	2	0	0	0
CYP3A4	3	0	0	16	0	0	10	0
CYP3A43	0	0	0	2	0	0	0	0
OR2AE1	0	0	0	0	0	0	0	0
TRIM4	185	13	12	197	23	17	392	3
GJC3	1	0	6	6	1	0	14	0
AZGP1	3	0	0	0	1	0	3	0
ZKSCAN1	1063	197	41	723	138	84	2343	24
ZSCAN21	252	41	17	183	33	21	537	10
ZNF3	415	65	25	278	45	37	921	9
COPS6	3932	320	236	1417	260	166	7131	54
MCM7	1830	290	156	941	251	135	4075	50
AP4M1	483	35	17	188	38	27	881	12
TAF6	755	90	72	303	37	39	1480	8
CNPY4	486	35	20	142	11	33	869	8
MBLAC1	61	6	4	10	3	2	125	0
LAMTOR4	3200	398	316	1559	275	199	5930	59
MAP11	82	4	9	22	7	2	161	0
GAL3ST4	22	3	3	15	1	0	71	1
GPC2	228	43	21	111	24	25	779	7
STAG3	13	15	3	39	4	7	28	0
CASTOR3	149	93	7	431	55	35	406	20
PVRIG	0	1	0	2	0	0	0	0
SPDYE3	2	18	0	65	8	14	15	3
PILRB	243	46	13	217	35	19	383	8
PILRA	9	8	1	56	6	4	16	3
ZCWPW1	58	11	3	42	6	6	101	0
MEPCE	288	18	21	142	15	18	634	9
PPP1R35	650	99	109	352	71	33	1466	13
C7orf61	14	3	1	10	1	0	25	1
TSC22D4	825	39	45	280	43	22	1430	7
NYAP1	17	1	4	9	4	1	35	0
AGFG2	27	7	3	29	4	5	55	0
SAP25	48	0	5	9	0	2	64	0
LRCH4	294	14	25	98	13	12	555	2
FBXO24	10	2	2	18	4	5	42	1
PCOLCE	3583	147	108	653	178	184	9203	59
MOSPD3	405	44	36	145	31	25	952	7
TFR2	2	3	1	10	0	1	7	1
ACTL6B	0	0	1	2	1	0	2	0
GNB2	2715	167	228	958	182	107	4878	48
GIGYF1	331	73	40	303	57	33	752	9
POP7	1447	218	169	712	156	110	3201	28
EPO	1	0	0	0	1	0	7	0
ZAN	0	0	0	1	2	1	0	0
EPHB4	434	56	32	250	44	35	865	9
SLC12A9	230	29	26	143	23	13	471	2
TRIP6	1443	87	142	495	70	50	2587	16
SRRT	1207	190	80	676	149	95	2455	34
UFSP1	52	5	3	13	3	2	45	0
ACHE	39	5	12	23	6	0	108	0
MUC3A	4	1	17	10	2	0	13	0
MUC12	155	21	7	82	11	11	286	3
MUC17	0	0	0	0	1	0	0	0
TRIM56	279	19	19	89	13	15	585	2
SERPINE1	18	6	3	24	0	3	10	0
AP1S1	1187	140	147	578	107	69	2624	15
VGF	16	4	63	9	0	0	41	0
NAT16	1	0	0	1	1	0	1	0
MOGAT3	0	0	2	0	0	0	1	1
PLOD3	581	31	29	164	26	20	987	10
ZNHIT1	3071	295	212	1436	236	195	5896	40
CLDN15	179	1	7	22	0	1	504	0
FIS1	3659	314	295	1562	258	216	6366	69
IFT22	1289	123	57	546	103	78	2226	28
COL26A1	316	128	17	413	106	31	569	6
MYL10	53	5	1	7	1	0	64	0
CUX1	1003	659	42	3603	654	472	1830	132
SH2B2	47	10	8	48	12	4	160	2
SPDYE6	0	1	0	12	1	0	0	0
PRKRIP1	511	130	16	608	82	76	944	20
ORAI2	531	50	35	161	28	28	977	5
ALKBH4	397	48	39	193	36	28	771	8
LRWD1	388	34	44	175	37	28	872	5
POLR2J	2469	300	166	1272	171	152	4962	60
RASA4B	1	1	0	5	0	0	0	1
POLR2J3	91	196	3	1398	218	89	120	19
UPK3BL2	0	2	0	12	0	1	0	0
SPDYE2	0	40	0	148	34	14	0	3
RASA4	1	2	0	15	3	1	6	1
UPK3BL1	6	68	1	147	35	24	22	1
SPDYE2B	0	0	0	5	0	1	0	0
POLR2J2	110	8	2	81	21	12	189	1
FAM185A	70	12	3	111	21	14	118	2
FBXL13	15	36	0	160	29	33	49	7
LRRC17	131	25	3	32	16	13	320	11
NFE4	0	0	0	5	0	0	2	0
ARMC10	31	102	5	411	69	44	117	15
NAPEPLD	11	41	1	128	21	8	21	6
PMPCB	1533	175	98	957	151	104	2846	27
DNAJC2	1460	184	121	905	153	116	2944	33
PSMC2	1530	158	149	794	127	88	3048	27
SLC26A5	1	6	0	46	10	4	0	1
RELN	632	223	9	2	225	206	1146	54
ORC5	214	101	14	353	68	39	354	15
LHFPL3	0	4	0	8	0	3	0	0
KMT2E	1727	352	68	1718	262	181	3687	66
SRPK2	1292	587	80	2792	523	315	2767	89
PUS7	352	143	25	549	111	94	622	25
RINT1	232	64	14	316	44	28	426	9
EFCAB10	9	9	4	68	14	6	19	4
ATXN7L1	78	148	17	659	117	90	166	23
CDHR3	12	37	3	115	27	13	55	3
SYPL1	1385	151	102	864	121	103	2712	36
NAMPT	460	160	41	818	122	90	1028	26
CCDC71L	342	30	32	193	39	11	836	7
PIK3CG	0	0	0	0	0	0	0	0
PRKAR2B	243	83	28	160	36	18	305	7
HBP1	663	91	34	470	78	60	1296	16
COG5	228	334	22	1541	280	193	548	70
GPR22	2	2	0	4	1	0	8	0
DUS4L	186	34	8	117	14	16	368	3
BCAP29	1205	134	42	643	110	101	2291	25
SLC26A4	2	4	1	3	3	0	4	1
CBLL1	231	48	19	214	44	27	458	11
SLC26A3	0	4	0	17	4	2	0	1
DLD	978	92	69	553	92	57	2012	17
LAMB1	1684	166	34	763	161	175	2380	32
LAMB4	4	0	0	3	1	1	6	0
NRCAM	25	19	2	274	47	12	53	2
PNPLA8	449	69	28	379	67	52	810	12
THAP5	277	38	19	106	24	24	590	3
DNAJB9	330	28	14	168	23	20	656	2
IMMP2L	213	333	12	2043	350	283	513	74
LRRN3	161	8	7	44	3	10	493	4
DOCK4	123	340	7	1520	317	132	274	58
ZNF277	328	118	34	472	71	52	742	15
IFRD1	520	65	44	445	52	46	1231	8
LSMEM1	5	1	1	5	0	0	5	0
TMEM168	186	80	4	332	47	39	408	13
BMT2	100	95	4	545	91	35	236	14
GPR85	11	1	0	8	2	2	13	0
SMIM30	635	72	43	387	56	42	1493	17
PPP1R3A	0	1	0	0	0	0	0	0
FOXP2	15	60	1	63	44	29	57	6
MDFIC	448	93	8	573	151	107	678	14
TFEC	0	2	0	0	0	0	1	0
TES	325	26	24	156	56	56	762	0
CAV2	67	4	23	40	3	2	131	0
CAV1	79	2	52	45	3	1	208	3
MET	69	6	3	63	29	2	62	0
CAPZA2	1431	203	117	987	171	140	2858	33
ST7	240	137	13	701	128	62	488	21
WNT2	18	1	1	18	2	5	16	0
ASZ1	0	0	0	1	0	0	0	0
CFTR	20	21	0	82	4	7	16	2
CTTNBP2	179	171	18	747	123	104	525	23
LSM8	2421	287	203	1327	208	164	4918	48
ANKRD7	8	3	0	29	3	7	1	3
KCND2	13	14	2	147	17	43	24	1
TSPAN12	325	71	12	211	34	36	655	9
ING3	456	57	31	270	52	38	820	14
CPED1	1006	310	7	1023	216	310	1568	40
WNT16	13	5	0	19	1	1	27	2
FAM3C	405	156	28	788	90	89	636	26
PTPRZ1	124	35	40	363	51	39	160	10
AASS	727	144	224	590	133	105	1521	19
FEZF1	12	4	2	14	3	4	22	0
CADPS2	47	33	16	117	17	19	99	8
RNF133	0	0	0	1	0	0	0	0
RNF148	0	0	0	0	0	0	1	0
TAS2R16	0	0	0	0	0	0	0	0
SLC13A1	0	1	0	0	0	0	0	0
IQUB	22	8	1	30	8	4	72	3
NDUFA5	2328	263	203	1223	189	169	4398	47
ASB15	2	4	0	4	0	0	8	1
LMOD2	15	1	1	8	0	0	29	0
WASL	983	148	87	914	149	103	1858	29
HYAL4	0	0	0	0	0	0	1	0
SPAM1	0	0	0	1	0	0	0	0
TMEM229A	17	1	1	6	2	2	58	0
SSU72P8	0	0	0	0	0	0	0	0
GPR37	111	16	21	56	5	3	229	1
C7orf77	0	0	1	0	0	0	0	0
POT1	162	71	9	281	49	38	376	12
GRM8	13	68	0	143	48	10	22	16
ZNF800	235	34	21	177	22	36	463	7
GCC1	87	10	6	60	14	9	199	3
ARF5	2803	220	189	1077	155	114	5646	30
FSCN3	2	1	1	8	3	0	11	0
PAX4	0	1	0	1	0	0	0	0
SND1	2042	445	111	2256	340	295	3608	79
LRRC4	87	11	4	71	5	1	149	1
LEP	0	0	0	0	0	0	0	0
RBM28	856	159	71	694	107	101	1799	19
PRRT4	179	17	7	110	9	6	469	2
IMPDH1	489	31	18	193	40	31	1080	5
HILPDA	911	212	72	513	93	85	2501	22
METTL2B	472	94	32	363	68	43	847	12
FAM71F2	23	1	0	20	7	0	40	0
FAM71F1	1	0	4	0	0	1	1	0
CALU	5412	610	333	2829	393	396	9302	99
OPN1SW	2	2	0	9	3	1	3	1
CCDC136	118	42	9	123	28	20	318	5
FLNC	751	44	72	241	20	23	1384	6
KCP	209	52	14	212	47	17	606	9
ATP6V1F	4348	367	355	1731	301	230	8599	51
ATP6V1FNB	1	0	0	5	0	0	6	0
IRF5	0	1	0	0	0	0	0	0
TNPO3	548	195	67	761	151	92	1252	41
AC011005.1	2	0	3	2	0	0	3	0
TSPAN33	46	11	20	29	4	0	114	1
SMO	496	85	15	392	70	52	1038	15
AHCYL2	73	147	3	695	123	93	129	18
STRIP2	58	25	2	80	22	11	111	7
SMKR1	34	0	4	5	0	0	58	0
NRF1	119	168	12	889	160	80	249	32
UBE2H	1458	377	111	2127	248	232	2862	48
ZC3HC1	432	76	35	378	77	50	809	7
KLHDC10	317	140	21	711	108	92	638	21
TMEM209	202	78	11	252	50	32	466	10
SSMEM1	0	0	0	0	0	0	1	0
CPA2	10	3	0	19	4	2	9	1
CPA4	1	0	1	4	1	0	1	0
CPA5	3	0	0	17	0	1	2	0
CPA1	88	3	1	29	9	1	83	0
CEP41	254	45	16	159	33	29	542	9
MEST	9385	474	292	2081	504	361	26282	83
COPG2	263	104	14	442	91	51	468	19
TSGA13	0	0	0	2	0	0	1	0
KLF14	1	0	1	0	0	0	0	0
MKLN1	551	321	33	1640	300	215	1057	70
PODXL	2823	188	117	1524	318	379	5316	29
PLXNA4	83	37	8	156	55	27	153	19
CHCHD3	1851	445	199	2001	368	249	3700	78
EXOC4	531	630	24	3275	526	395	924	101
LRGUK	4	16	1	130	12	14	3	0
SLC35B4	451	63	32	309	50	46	854	14
AKR1B1	2062	209	130	733	191	124	3372	29
AKR1B10	8	0	0	4	0	1	5	0
AKR1B15	484	4	9	151	49	42	809	11
BPGM	347	37	23	170	34	17	885	5
CALD1	13560	1093	549	6050	948	1176	21675	134
AGBL3	47	31	0	146	18	18	80	3
CYREN	705	91	45	439	75	45	1014	23
TMEM140	1	4	0	16	3	3	7	0
WDR91	132	19	5	91	20	11	285	1
STRA8	0	0	0	0	0	0	0	0
CNOT4	635	194	36	975	195	109	1260	29
NUP205	378	141	38	556	120	65	764	19
STMP1	2687	360	144	1700	221	206	5268	57
SLC13A4	2	8	0	27	9	3	17	0
FAM180A	0	0	0	2	0	0	0	0
MTPN	2497	400	119	1930	335	239	4680	67
LUZP6	0	0	0	0	0	0	0	0
CHRM2	145	80	1	497	108	34	181	61
PTN	7146	287	329	828	434	541	9568	57
DGKI	47	8	11	198	15	9	59	9
CREB3L2	810	167	41	1110	146	134	1632	28
AKR1D1	4	2	0	18	1	0	9	0
TRIM24	1691	628	171	2903	339	323	3672	91
SVOPL	13	6	0	10	6	3	36	0
ATP6V0A4	2	0	0	3	0	0	11	0
TMEM213	1	2	0	9	1	1	4	1
KIAA1549	301	131	22	466	114	98	613	16
ZC3HAV1L	47	14	1	61	13	12	108	4
ZC3HAV1	708	143	41	615	125	136	1706	28
TTC26	107	43	7	163	30	30	228	4
UBN2	390	129	31	549	83	51	916	19
FMC1	412	68	26	259	55	39	771	10
LUC7L2	933	410	56	1687	339	226	1905	81
KLRG2	1	3	2	5	0	0	6	0
CLEC2L	3	2	0	22	2	0	28	0
HIPK2	695	244	30	840	161	116	1300	48
TBXAS1	33	31	2	50	12	3	83	5
PARP12	35	5	1	48	4	4	65	0
KDM7A	92	82	11	488	85	40	213	18
SLC37A3	303	98	28	428	71	39	625	17
RAB19	0	1	0	4	0	1	1	0
MKRN1	576	95	81	481	64	43	1243	13
DENND2A	178	102	3	559	104	73	404	21
ADCK2	89	7	17	34	9	3	188	0
NDUFB2	5508	531	368	2686	459	324	10321	85
BRAF	455	394	21	2097	332	250	891	73
MRPS33	1420	155	149	704	115	106	3052	24
TMEM178B	14	13	3	103	19	6	26	1
AGK	56	110	1	362	63	47	102	13
DENND11	4	52	0	120	23	17	12	9
WEE2	0	0	0	1	0	0	0	0
SSBP1	6257	764	681	3427	623	473	12998	141
TAS2R3	0	0	0	0	0	0	0	0
TAS2R4	13	3	0	6	0	4	51	0
TAS2R5	0	0	0	1	1	0	6	0
PRSS37	0	0	0	0	0	0	0	0
MGAM	0	6	0	25	3	5	0	2
OR9A4	0	0	0	0	0	0	1	0
CLEC5A	0	0	0	1	0	1	0	0
TAS2R38	0	0	0	0	0	0	0	0
MGAM2	0	0	0	2	1	0	2	0
PRSS58	0	0	0	1	0	0	0	0
TRBV1	0	0	0	0	0	0	0	0
TRBV2	0	0	0	0	0	0	0	0
TRBV3-1	0	0	0	0	0	0	0	0
TRBV4-1	0	0	0	0	0	0	0	0
TRBV5-1	0	0	0	0	0	0	0	0
TRBV6-1	0	0	0	0	0	0	0	0
TRBV7-1	0	0	0	0	0	0	0	0
TRBV4-2	0	0	0	0	0	0	0	0
TRBV6-2	0	0	0	0	0	0	0	0
TRBV7-2	0	0	0	0	0	0	0	0
TRBV8-1	0	0	0	0	0	0	0	0
TRBV5-2	0	0	0	0	0	0	0	0
TRBV6-4	0	0	0	0	0	0	0	0
TRBV7-3	0	0	0	0	0	0	0	0
TRBV8-2	0	0	0	0	0	0	0	0
TRBV5-3	0	0	0	0	0	0	0	0
TRBV9	0	0	0	0	0	0	0	0
TRBV10-1	0	0	0	0	0	0	0	0
TRBV11-1	0	0	0	0	0	0	0	0
TRBV12-1	0	0	0	0	0	0	0	0
TRBV10-2	0	0	0	0	0	0	0	0
TRBV12-2	0	0	0	0	0	0	0	0
TRBV6-5	0	0	0	0	0	0	0	0
TRBV7-4	0	0	0	0	0	0	0	0
TRBV5-4	0	0	0	0	0	0	0	0
TRBV6-6	0	0	0	0	0	0	0	0
TRBV7-5	0	0	0	0	0	0	0	0
TRBV5-5	0	0	0	0	0	0	0	0
TRBV6-7	0	0	0	0	0	0	0	0
TRBV7-6	0	0	0	0	0	0	0	0
TRBV5-6	0	0	0	0	0	0	0	0
TRBV6-8	0	0	0	0	0	0	0	0
TRBV7-7	0	0	0	0	0	0	0	0
TRBV5-7	0	0	0	0	0	0	0	0
TRBV7-9	0	0	0	0	0	0	0	0
TRBV13	0	0	0	0	0	0	0	0
TRBV10-3	0	0	0	0	0	0	0	0
TRBV11-3	0	0	0	0	0	0	0	0
TRBV12-3	0	0	0	0	0	0	0	0
TRBV12-4	0	0	0	0	0	0	0	0
TRBV12-5	0	0	0	0	0	0	0	0
TRBV14	0	0	0	1	0	0	0	0
TRBV15	0	0	0	0	0	0	0	0
TRBV16	0	0	0	0	0	0	0	0
TRBV17	0	0	0	0	0	0	0	0
TRBV18	0	0	0	0	0	0	0	0
TRBV19	0	0	0	0	0	0	0	0
TRBV20-1	0	0	0	0	0	0	0	0
TRBV21-1	0	0	0	0	0	0	0	0
TRBV22-1	0	0	0	0	0	0	0	0
TRBV23-1	0	0	0	0	0	0	0	0
TRBV24-1	0	1	0	0	0	0	0	0
MTRNR2L6	0	0	0	1	0	0	0	0
TRBV25-1	0	0	0	0	0	0	0	0
TRBVA	0	0	0	0	0	0	0	0
TRBV26	0	0	0	0	0	0	0	0
TRBVB	0	0	0	0	0	0	0	0
TRBV27	0	0	0	0	0	0	0	0
TRBV28	0	0	0	0	0	0	0	0
TRBV29-1	0	0	0	0	0	0	0	0
PRSS1	12	0	0	23	2	0	14	1
PRSS2	1	0	0	39	3	0	16	1
TRBD1	0	0	0	0	0	0	0	0
TRBJ1-1	0	0	0	0	0	0	0	0
TRBJ1-2	0	0	0	0	0	0	0	0
TRBJ1-3	0	0	0	0	0	0	0	0
TRBJ1-4	0	0	0	0	0	0	0	0
TRBJ1-5	0	0	0	0	0	0	0	0
TRBJ1-6	0	0	0	0	0	0	0	0
TRBC1	0	0	0	0	0	0	0	0
TRBJ2-1	0	0	0	0	0	0	0	0
TRBJ2-2	0	0	0	0	0	0	0	0
TRBJ2-2P	0	0	0	0	0	0	0	0
TRBJ2-3	0	0	0	0	0	0	0	0
TRBJ2-4	0	0	0	0	0	0	0	0
TRBJ2-5	0	0	0	0	0	0	0	0
TRBJ2-6	0	0	0	0	0	0	0	0
TRBJ2-7	0	0	0	0	0	0	0	0
TRBC2	0	5	9	4	1	0	10	0
TRBV30	0	0	0	0	0	0	0	0
EPHB6	31	16	4	85	9	4	108	6
TRPV6	0	0	0	9	0	0	2	0
TRPV5	0	0	0	4	1	0	0	2
LLCFC1	0	0	0	0	0	0	0	0
KEL	16	22	2	333	21	2	59	9
OR9A2	0	0	0	0	0	0	0	0
OR6V1	0	0	0	0	0	0	0	0
PIP	0	0	0	1	0	0	0	0
TAS2R39	0	0	0	0	0	0	0	0
TAS2R40	0	0	0	1	0	0	0	0
GSTK1	1034	70	67	355	62	50	2275	19
TMEM139	7	3	0	7	1	0	28	0
CASP2	261	60	13	222	46	30	550	19
CLCN1	1	0	1	1	0	0	2	0
FAM131B	4	1	3	6	1	0	9	0
ZYX	578	63	92	425	67	43	1082	14
EPHA1	25	3	20	35	3	1	41	1
TAS2R60	0	0	0	0	0	0	0	0
TAS2R41	0	0	0	0	0	0	0	0
CTAGE15	0	0	0	0	1	0	1	0
TCAF2	1	0	1	0	0	0	7	0
TCAF2C	0	0	0	0	0	0	0	0
CTAGE6	0	0	0	0	0	0	0	0
TCAF1	800	145	17	775	132	114	1561	30
OR2F2	0	0	0	0	0	0	0	0
OR2F1	0	0	0	0	0	0	0	0
OR6B1	0	0	0	0	0	0	0	0
OR2A5	0	0	0	1	0	0	1	0
OR2A25	0	0	0	2	0	0	0	0
OR2A12	1	0	0	1	0	0	1	0
OR2A2	0	0	0	0	0	0	0	0
OR2A14	0	0	0	1	1	0	0	0
CTAGE4	0	0	0	0	0	0	1	0
ARHGEF35	31	15	4	56	16	5	41	2
OR2A42	0	0	0	2	0	1	1	0
OR2A7	0	0	0	2	1	0	0	0
CTAGE8	0	0	0	0	0	0	0	0
OR2A1	1	0	0	1	0	0	1	0
ARHGEF5	89	14	15	48	6	9	154	0
NOBOX	0	0	0	0	0	0	0	0
TPK1	177	61	6	495	90	180	373	12
CNTNAP2	216	738	22	3036	426	185	443	132
C7orf33	0	0	0	0	0	0	0	0
CUL1	914	221	51	1093	202	148	1882	35
EZH2	967	276	57	1090	216	150	2108	82
PDIA4	2557	236	185	997	175	139	4907	49
ZNF786	84	34	3	100	20	16	174	7
ZNF425	49	14	5	75	16	4	139	3
ZNF398	124	48	35	213	31	33	256	3
ZNF282	183	27	12	142	24	13	374	6
ZNF212	123	33	6	206	44	25	235	4
ZNF783	58	20	2	102	14	4	144	4
ZNF777	182	25	14	110	27	20	375	5
ZNF746	165	28	16	113	21	20	338	3
KRBA1	98	15	4	54	8	6	195	3
ZNF467	184	8	2	72	8	7	302	1
SSPO	13	3	0	14	2	1	41	0
ZNF862	20	26	1	160	23	22	54	4
ATP6V0E2	62	28	43	78	11	12	418	7
ACTR3C	0	2	3	8	0	0	3	0
ZBED6CL	2	0	1	7	0	0	8	0
LRRC61	55	1	18	88	14	2	178	3
RARRES2	375	46	49	69	33	14	1129	8
REPIN1	704	67	49	248	45	41	1403	12
ZNF775	301	48	28	163	23	14	680	7
AC073111.4	47	7	6	24	2	2	143	0
GIMAP8	0	0	0	0	0	0	1	0
GIMAP7	0	0	0	0	0	0	0	0
GIMAP4	0	0	0	0	0	0	0	0
GIMAP6	0	0	0	1	0	0	1	0
GIMAP2	1	0	0	0	0	0	4	0
GIMAP1	0	0	0	1	0	0	0	0
GIMAP5	0	2	0	4	0	0	1	0
TMEM176B	14	0	7	6	0	0	37	0
TMEM176A	3	0	9	1	0	0	21	0
AOC1	0	0	0	3	1	1	1	0
KCNH2	408	8	28	202	24	6	919	3
NOS3	98	6	8	32	4	1	190	0
ATG9B	24	4	2	12	5	1	67	1
ABCB8	247	36	19	117	16	18	466	4
ASIC3	9	0	0	4	0	0	13	0
CDK5	435	30	27	144	31	15	888	8
SLC4A2	488	26	38	119	27	17	817	8
FASTK	743	45	44	295	36	21	1514	8
TMUB1	718	52	57	232	40	28	1406	8
AGAP3	419	62	25	254	34	33	889	6
GBX1	1	0	0	11	0	0	0	0
ASB10	0	0	0	0	0	0	1	0
IQCA1L	0	1	0	1	0	0	1	0
AC021097.2	0	0	0	0	0	0	0	0
ABCF2	0	58	0	247	34	42	0	13
CHPF2	322	11	17	88	17	12	531	2
SMARCD3	384	21	16	144	21	14	927	4
NUB1	640	88	23	499	78	76	1220	21
WDR86	73	28	14	112	19	14	265	5
CRYGN	3	0	0	2	1	0	7	0
RHEB	1469	365	142	1558	252	187	2893	59
PRKAG2	98	31	18	119	18	9	267	6
GALNTL5	0	0	0	0	0	0	0	0
GALNT11	602	107	36	422	76	72	1112	15
KMT2C	668	320	41	1843	300	232	1238	61
XRCC2	246	79	15	253	58	41	581	6
ACTR3B	215	67	14	213	41	19	502	5
DPP6	5	2	0	46	24	21	54	10
PAXIP1	266	55	16	236	36	24	505	4
HTR5A	0	0	0	0	0	0	0	0
INSIG1	397	79	23	302	45	32	792	8
EN2	0	2	0	5	0	1	5	0
CNPY1	3	0	0	0	0	0	15	0
RBM33	520	189	47	888	162	109	1123	30
SHH	1	3	1	2	0	0	5	0
RNF32	33	5	0	24	4	1	58	1
LMBR1	312	151	17	836	143	112	523	42
NOM1	387	58	44	247	38	37	774	7
MNX1	7	47	0	31	0	5	10	0
UBE3C	331	177	23	1046	186	111	687	28
DNAJB6	1412	265	245	1420	235	155	2845	53
PTPRN2	2	17	1	86	35	20	73	1
NCAPG2	283	97	25	380	92	55	590	26
ESYT2	313	97	21	660	79	74	466	17
WDR60	654	128	54	542	115	94	1298	24
VIPR2	169	33	7	278	19	22	255	6
PLCXD1	3	44	0	261	41	17	14	10
GTPBP6	78	125	6	348	91	72	167	22
PPP2R3B	86	97	9	266	41	31	304	11
SHOX	0	0	0	3	0	0	0	0
CRLF2	0	0	0	1	0	0	0	0
CSF2RA	0	4	0	81	12	2	6	1
IL3RA	1	17	0	56	16	6	5	5
SLC25A6	574	1086	51	5290	702	513	1104	176
ASMTL	73	82	9	303	30	15	143	14
P2RY8	0	0	0	1	0	0	0	0
AKAP17A	59	44	10	206	31	8	140	5
ASMT	0	0	0	3	0	0	0	0
DHRSX	27	251	3	937	197	72	122	30
ZBED1	1	42	0	196	36	15	0	12
CD99	892	688	34	3176	538	326	1574	80
XG	4	2	1	17	2	0	1	1
GYG2	574	53	29	649	126	54	719	10
ARSD	366	19	15	244	52	19	347	5
ARSE	606	60	20	756	76	23	389	9
ARSH	0	0	0	0	0	0	0	0
ARSF	11	1	2	11	3	0	5	1
MXRA5	343	16	32	196	37	13	427	3
PRKX	246	53	28	437	66	37	451	9
NLGN4X	161	59	50	992	191	89	330	15
VCX3A	1	1	1	4	0	0	5	0
PUDP	366	73	37	1101	177	52	549	14
STS	51	46	6	584	67	28	81	12
VCX	2	0	1	2	2	0	5	0
PNPLA4	570	76	79	616	120	37	1083	17
VCX2	0	0	0	0	0	0	0	0
VCX3B	1	0	1	7	0	0	9	0
ANOS1	41	13	19	324	41	10	97	4
FAM9A	0	0	1	0	0	0	0	0
FAM9B	4	1	0	11	3	3	6	0
TBL1X	643	286	37	4168	642	283	1176	61
GPR143	72	10	119	149	15	5	149	2
SHROOM2	50	30	14	261	35	15	70	5
CLDN34	0	0	0	3	0	0	4	0
WWC3	276	42	38	379	60	32	539	10
CLCN4	57	14	9	257	19	8	161	6
MID1	743	426	65	5422	1099	262	1462	68
HCCS	493	54	86	456	30	21	896	4
ARHGAP6	357	592	7	7004	1343	661	619	100
AMELX	0	0	0	1	1	0	0	0
MSL3	504	37	51	567	89	32	964	7
FRMPD4	46	31	4	729	219	152	31	19
PRPS2	256	44	22	272	48	30	548	10
TLR7	1	0	0	0	0	0	0	0
TLR8	0	0	0	0	0	0	0	0
TMSB4X	37419	2715	4199	25273	3567	1914	47114	468
FAM9C	5	1	2	1	0	0	0	0
ATXN3L	0	0	0	0	0	0	0	0
EGFL6	1264	3	42	91	74	23	1912	0
TCEANC	19	5	4	25	3	0	45	1
RAB9A	656	87	114	610	105	31	1010	9
TRAPPC2	300	52	26	341	64	20	529	9
OFD1	547	73	79	643	109	35	1042	14
GPM6B	492	97	127	869	92	61	792	6
GEMIN8	294	35	31	344	58	19	510	7
GLRA2	0	6	0	101	16	10	1	4
FANCB	192	81	21	539	55	39	341	12
MOSPD2	180	29	16	269	19	23	295	4
ASB9	15	2	7	68	3	0	64	0
ASB11	0	0	0	1	0	0	0	0
PIGA	70	14	4	103	7	12	117	3
VEGFD	18	5	0	6	26	15	113	1
PIR	726	48	42	415	112	49	620	10
BMX	0	0	0	13	0	1	0	1
ACE2	1	1	0	4	1	0	0	0
CLTRN	17	4	5	40	2	0	59	1
CA5B	38	51	5	458	36	30	61	7
ZRSR2	332	28	25	251	48	27	299	7
AP1S2	3427	236	163	1716	304	187	3203	32
GRPR	82	12	0	117	17	25	64	2
MAGEB17	0	5	0	46	6	5	1	1
CTPS2	384	69	39	688	134	70	420	10
S100G	0	0	0	0	0	0	0	0
SYAP1	1965	139	155	1181	200	130	1873	16
TXLNG	513	53	89	418	71	53	546	14
RBBP7	2681	222	214	1405	324	135	3223	37
REPS2	1	8	2	56	7	1	19	0
NHS	35	211	3	864	179	71	118	38
SCML1	220	53	15	159	36	37	386	8
RAI2	12	3	4	30	1	1	22	0
BEND2	0	0	0	0	1	0	1	0
SCML2	144	76	7	641	62	37	382	8
CDKL5	206	87	31	1064	76	77	462	12
RS1	0	1	0	7	0	2	0	0
PPEF1	1	6	0	34	2	6	14	0
PHKA2	140	19	25	244	40	18	279	4
ADGRG2	7	5	13	68	5	3	15	1
PDHA1	1522	193	358	1687	154	104	3035	37
MAP3K15	12	2	0	34	1	2	22	0
SH3KBP1	242	62	42	795	74	36	448	16
BCLAF3	94	31	17	171	25	20	201	2
MAP7D2	16	7	1	54	5	1	63	0
EIF1AX	1400	546	195	4188	721	299	3211	83
RPS6KA3	453	175	31	1914	135	111	818	31
CNKSR2	36	49	5	212	20	21	89	6
KLHL34	1	0	1	3	1	0	9	1
SMPX	14	1	38	29	1	0	53	0
MBTPS2	121	33	6	308	32	18	253	5
YY2	34	2	3	37	4	2	34	0
SMS	2028	501	540	3227	617	246	4898	77
PHEX	1	4	1	19	2	2	3	0
CBLL2	0	0	0	0	0	0	0	0
DDX53	0	0	0	0	0	0	0	0
PTCHD1	11	4	8	69	3	7	59	1
PRDX4	4767	495	742	4019	703	303	8708	92
ACOT9	558	61	54	533	56	37	787	12
SAT1	593	245	217	798	63	44	1329	17
APOO	760	117	121	865	167	55	1459	24
CXorf58	1	1	0	5	1	1	2	1
KLHL15	65	29	5	322	50	17	108	2
EIF2S3	3878	308	469	2608	379	199	5885	59
ZFX	664	113	27	1299	230	174	622	21
PDK3	256	71	45	635	101	49	500	10
PCYT1B	73	9	15	177	36	7	133	2
POLA1	240	186	28	1373	290	88	353	30
ARX	28	4	3	46	4	5	25	0
MAGEB18	0	0	0	0	0	0	0	0
MAGEB6B	0	0	0	0	0	0	0	0
MAGEB6	0	0	0	0	0	0	0	0
MAGEB5	0	0	0	0	0	0	0	0
PPP4R3C	0	0	0	0	0	0	0	0
DCAF8L2	0	1	0	1	0	0	0	0
MAGEB10	0	0	0	1	0	0	0	0
DCAF8L1	0	0	0	0	0	0	0	0
IL1RAPL1	22	45	0	868	68	71	24	16
MAGEB2	0	0	0	0	0	0	1	0
MAGEB3	3	1	0	4	1	0	1	0
MAGEB4	0	0	0	0	0	0	0	0
MAGEB1	0	0	0	0	0	0	0	0
NR0B1	78	4	3	98	3	2	116	3
CXorf21	0	0	0	1	0	0	0	0
GK	47	13	3	90	8	16	64	6
TAB3	83	22	3	219	12	13	170	5
FTHL17	0	0	0	0	0	0	0	0
DMD	90	112	4	842	126	62	197	23
FAM47A	0	0	0	0	0	0	0	0
TMEM47	463	35	30	360	34	39	729	4
FAM47B	0	0	0	0	0	0	0	0
MAGEB16	4	0	0	0	0	0	1	0
CFAP47	16	14	0	143	0	7	9	10
FAM47C	0	0	0	0	0	0	0	0
PRRG1	178	22	10	315	23	22	221	2
LANCL3	4	1	0	10	2	0	9	0
XK	8	3	2	7	0	0	11	0
CYBB	5	0	0	4	1	0	6	0
DYNLT3	664	69	34	538	81	52	1027	6
HYPM	2	0	0	2	0	0	2	0
AL121578.2	0	0	0	0	0	0	0	0
SYTL5	267	51	1	462	104	50	247	1
SRPX	386	23	13	153	11	13	674	1
RPGR	281	60	27	449	62	28	544	11
OTC	0	0	0	1	0	0	0	0
TSPAN7	21	6	8	35	3	6	70	4
MID1IP1	682	73	156	555	48	28	1240	8
BCOR	210	101	25	389	53	28	435	19
ATP6AP2	2246	167	195	1716	98	121	3119	29
MPC1L	0	0	0	0	0	0	0	0
CXorf38	278	33	20	192	14	20	328	6
MED14	274	63	30	689	51	42	349	10
USP9X	1278	239	253	2308	203	146	1624	43
DDX3X	2195	270	139	2064	242	185	3244	61
NYX	0	0	1	1	0	0	1	0
CASK	1157	421	75	4248	427	497	1327	71
GPR34	0	2	0	42	3	6	1	0
GPR82	162	6	4	117	11	8	227	2
PPP1R2C	0	0	0	0	0	0	0	0
MAOA	230	49	12	255	22	26	334	4
MAOB	5	3	0	10	0	0	19	0
NDP	4	1	0	15	0	0	9	0
EFHC2	28	16	2	142	12	2	97	2
FUNDC1	758	76	110	606	35	38	1348	11
DUSP21	0	0	0	0	0	0	0	0
KDM6A	276	322	38	3883	354	182	537	66
DIPK2B	0	0	0	1	0	0	0	0
KRBOX4	203	33	19	160	26	25	431	2
ZNF674	32	12	5	54	11	6	50	5
CHST7	61	5	31	49	3	5	118	2
SLC9A7	53	28	16	314	21	7	119	3
RP2	114	29	17	249	24	14	214	1
JADE3	98	103	10	675	67	58	151	17
RGN	44	4	28	101	4	7	87	0
NDUFB11	6715	778	968	6587	646	473	14204	110
RBM10	720	86	60	682	63	72	1469	24
UBA1	2035	103	183	872	140	60	2191	22
CDK16	1609	99	142	667	135	52	1928	11
USP11	1572	100	128	817	111	54	1975	23
ZNF157	2	1	0	9	2	0	6	0
ZNF41	16	25	6	158	17	9	36	0
ARAF	264	28	48	266	14	23	562	1
SYN1	50	3	11	35	3	2	127	1
TIMP1	6254	262	476	2862	243	296	11714	53
CFP	7	0	4	6	0	0	10	0
ELK1	398	24	36	354	30	26	816	6
UXT	3184	301	379	1654	225	176	6946	42
ZNF81	60	34	6	187	21	23	68	9
ZNF182	83	6	7	52	10	6	178	4
ZNF630	23	1	3	60	6	15	33	1
SPACA5	0	0	0	0	0	0	0	0
SPACA5B	0	0	0	0	0	0	0	0
SSX5	0	0	0	0	0	0	0	0
SSX1	0	0	0	0	0	0	0	0
SSX3	0	0	0	1	1	0	0	0
SSX4	0	0	0	0	0	0	0	0
SSX4B	0	0	0	0	0	0	0	0
SLC38A5	178	1	8	38	3	11	254	0
FTSJ1	362	31	34	324	37	16	658	8
PORCN	124	14	17	75	4	8	232	2
EBP	2351	269	127	1304	228	150	4574	23
TBC1D25	117	11	9	95	12	4	210	0
RBM3	5107	417	314	1561	293	262	8722	69
WDR13	773	48	44	395	41	31	1475	9
WAS	6	0	0	15	3	0	10	0
SUV39H1	83	8	5	54	2	2	178	2
GLOD5	0	0	0	4	0	0	1	0
GATA1	6	0	0	2	0	0	3	0
HDAC6	309	27	23	274	28	14	583	7
ERAS	2	0	0	1	0	0	1	0
PCSK1N	64	4	22	49	5	3	172	1
PQBP1	1382	115	231	1004	95	82	2843	25
TIMM17B	1604	230	304	1587	170	120	3432	39
SLC35A2	275	24	43	166	9	6	559	3
PIM2	66	13	108	38	5	5	122	5
OTUD5	430	63	54	555	50	38	843	7
KCND1	9	1	3	10	0	2	29	0
GRIPAP1	312	53	44	390	32	17	793	10
TFE3	144	8	41	116	8	10	233	1
CCDC120	75	11	16	104	13	3	140	3
PRAF2	665	46	75	266	19	27	1346	11
WDR45	670	52	79	590	50	41	1188	10
GPKOW	269	25	28	241	20	15	569	6
MAGIX	49	3	2	22	1	1	107	2
PLP2	455	5	33	77	18	27	1009	0
PRICKLE3	90	6	18	96	11	6	202	2
SYP	14	7	4	32	1	3	20	0
CACNA1F	4	1	3	5	0	1	9	0
CCDC22	277	27	14	286	25	22	623	6
FOXP3	2	1	0	0	0	2	2	0
PPP1R3F	223	27	15	201	45	23	574	8
GAGE10	0	2	0	5	0	0	0	0
GAGE12J	0	0	0	0	0	0	0	0
GAGE13	0	0	0	0	0	0	0	0
GAGE2E	0	0	0	0	0	0	0	0
GAGE12B	0	0	0	0	0	0	0	0
GAGE12C	0	0	0	0	0	0	0	0
GAGE12D	0	0	0	0	0	0	0	0
GAGE12F	0	0	0	0	0	0	0	0
GAGE12E	0	0	0	0	0	0	0	0
GAGE12G	0	0	0	0	0	0	0	0
GAGE12H	0	0	0	0	0	0	1	0
GAGE1	0	0	0	0	0	0	0	0
GAGE2A	0	0	0	0	0	0	0	0
PAGE1	0	0	0	0	0	0	0	0
PAGE4	270	2	3	64	17	18	197	2
USP27X	155	7	15	147	9	10	278	1
CLCN5	585	204	45	1869	160	113	1060	43
AKAP4	198	11	2	144	11	17	202	2
CCNB3	3	1	0	6	1	1	3	1
DGKK	10	6	3	33	0	1	28	3
SHROOM4	72	74	4	697	95	53	138	10
BMP15	0	0	0	0	0	0	0	0
NUDT10	137	21	9	137	14	10	429	1
EZHIP	2	0	0	0	0	0	0	0
NUDT11	494	60	18	465	48	28	938	7
CENPVL3	48	7	2	57	4	4	118	2
CENPVL2	0	0	0	0	0	0	0	0
CENPVL1	0	0	0	0	0	0	0	0
GSPT2	471	43	36	309	38	27	938	10
MAGED1	2895	322	99	3059	281	205	5395	59
MAGED4B	0	0	0	0	0	0	0	0
MAGED4	0	1	0	0	0	0	3	0
XAGE2	0	0	0	0	0	0	3	0
XAGE1A	0	0	0	0	0	0	0	0
XAGE1B	0	0	0	0	0	0	0	0
SSX7	0	0	0	1	0	0	0	0
SSX2	0	0	0	0	0	0	0	0
SSX2B	0	0	0	1	0	0	0	0
SPANXN5	0	0	0	0	0	0	0	0
XAGE5	0	0	0	0	0	0	0	0
XAGE3	0	0	0	1	0	0	1	0
FAM156B	0	0	0	0	0	0	0	0
FAM156A	0	11	0	69	9	3	3	3
GPR173	40	66	3	502	43	48	102	12
TSPYL2	243	23	15	250	20	16	435	12
KANTR	93	85	6	631	60	53	273	11
KDM5C	592	55	39	492	50	27	691	11
IQSEC2	64	14	15	139	5	3	127	1
SMC1A	1489	260	191	1941	214	151	3228	48
RIBC1	18	6	4	32	3	1	42	1
HSD17B10	2437	214	187	1403	196	129	4901	38
HUWE1	1409	344	77	1561	266	215	2665	53
PHF8	160	50	7	211	36	20	293	5
FAM120C	91	31	9	160	24	12	148	3
WNK3	554	122	39	521	80	55	1146	24
TSR2	760	104	102	737	58	49	1541	24
FGD1	274	25	20	329	31	18	473	15
GNL3L	350	61	33	495	27	35	688	5
ITIH6	2	1	0	5	0	0	3	3
MAGED2	6836	466	353	2944	384	327	13360	88
TRO	233	15	13	110	20	15	466	4
PFKFB1	1	2	0	5	0	0	2	0
APEX2	332	23	24	98	14	13	511	3
ALAS2	0	1	0	1	0	0	5	0
PAGE2B	0	0	0	0	0	0	5	0
PAGE2	0	0	0	0	0	0	0	0
FAM104B	613	81	27	295	48	47	1244	5
MTRNR2L10	0	1	0	8	1	0	7	0
PAGE5	0	0	0	0	0	0	0	0
PAGE3	0	0	0	0	0	0	0	0
MAGEH1	736	49	8	251	16	1	1460	8
USP51	374	41	0	238	29	0	794	10
FOXR2	0	0	0	0	0	0	0	0
RRAGB	234	36	0	229	20	0	518	8
KLF8	142	8	0	98	6	0	314	6
UBQLN2	345	25	12	256	27	19	676	5
NBDY	2625	337	154	2481	270	155	4912	62
SPIN3	82	23	14	247	7	9	192	6
SPIN2B	109	11	10	135	13	4	260	1
SPIN2A	34	3	1	58	3	3	80	1
FAAH2	8	28	12	370	29	23	36	7
ZXDB	54	6	2	57	5	4	109	0
NLRP2B	0	0	0	0	0	0	0	0
ZXDA	11	0	0	16	0	0	20	0
SPIN4	431	40	15	306	42	34	571	12
ARHGEF9	373	87	22	546	69	57	689	12
AMER1	115	12	6	71	11	8	211	0
ASB12	0	0	0	1	0	0	1	0
MTMR8	6	19	2	42	8	10	13	6
ZC4H2	210	187	19	878	168	106	538	34
ZC3H12B	28	44	2	293	60	40	58	10
LAS1L	575	81	52	318	75	50	1158	9
MSN	1398	208	64	923	145	118	2439	29
VSIG4	0	0	0	0	0	0	0	0
HEPH	233	90	4	25	84	44	470	11
EDA2R	52	13	1	69	5	9	93	3
AR	54	33	6	152	19	14	132	3
OPHN1	50	81	4	289	51	34	159	8
YIPF6	715	124	75	416	67	42	1628	18
STARD8	8	1	0	18	5	3	23	0
EFNB1	798	54	32	550	50	28	1620	7
PJA1	730	65	69	598	60	31	1444	14
FAM155B	4	0	3	4	0	0	5	0
EDA	33	95	6	426	80	62	103	17
AWAT2	0	0	0	0	0	0	0	0
OTUD6A	0	0	0	1	0	0	0	0
IGBP1	1375	157	90	911	146	88	2793	29
DGAT2L6	0	2	0	1	0	0	0	0
AWAT1	0	0	0	0	0	0	0	0
P2RY4	0	0	0	0	0	0	0	0
ARR3	0	1	0	1	0	0	0	0
RAB41	0	0	0	0	0	0	0	0
PDZD11	1046	91	63	551	87	64	2113	12
KIF4A	484	185	31	570	135	64	1066	29
GDPD2	11	2	1	4	1	0	8	0
DLG3	229	81	31	279	65	48	493	17
TEX11	0	2	1	5	2	1	0	0
SLC7A3	71	16	33	95	9	5	207	2
SNX12	266	28	29	121	26	22	519	3
FOXO4	81	11	6	7	7	2	147	2
CXorf65	1	4	0	10	1	0	6	0
IL2RG	5	1	1	2	0	0	3	0
MED12	340	39	3	176	30	7	658	5
NLGN3	26	9	1	15	4	0	31	0
GJB1	0	0	0	0	0	0	2	0
ZMYM3	446	29	32	164	32	13	838	6
NONO	3904	582	303	2022	401	292	8785	100
ITGB1BP2	6	2	5	3	1	0	12	0
TAF1	239	79	17	372	57	40	390	10
OGT	358	100	32	530	98	81	747	13
GCNA	12	4	2	19	7	2	27	0
CXCR3	0	0	0	0	0	0	0	0
BX276092.9	0	0	0	1	0	0	5	0
CXorf49	0	0	0	0	0	0	0	0
CXorf49B	0	0	0	0	0	0	0	0
NHSL2	300	109	18	1191	107	61	428	25
RTL5	85	17	3	56	11	5	223	1
PIN4	1422	254	82	1596	194	104	3498	37
ERCC6L	177	34	11	133	29	18	298	3
RPS4X	55809	5916	6299	51925	4426	3377	109470	972
CITED1	7	2	0	68	8	4	5	2
HDAC8	463	254	25	2491	267	166	874	45
PHKA1	74	16	8	134	17	14	101	3
DMRTC1B	0	1	0	1	0	0	0	0
FAM236B	0	0	0	0	0	0	0	0
FAM236D	0	0	0	0	0	0	0	0
DMRTC1	0	0	0	3	0	0	0	0
FAM236C	0	0	0	0	0	0	0	0
FAM236A	0	0	0	0	0	0	0	0
PABPC1L2B	0	0	0	0	0	0	0	0
PABPC1L2A	0	0	0	0	0	0	1	0
NAP1L2	24	4	4	16	9	4	96	3
CDX4	20	4	10	264	22	0	88	2
CHIC1	58	69	5	423	46	16	94	7
ZCCHC13	0	0	0	0	0	0	0	0
SLC16A2	168	57	28	494	48	17	228	10
RLIM	368	96	25	471	70	69	805	18
NEXMIF	88	23	1	108	26	24	113	5
ABCB7	522	134	27	719	109	84	1131	32
UPRT	179	30	10	251	26	12	413	11
ZDHHC15	39	29	1	120	28	17	102	1
MAGEE2	1	0	0	0	0	0	3	0
PBDC1	1956	289	124	1072	214	160	3743	40
MAGEE1	62	6	1	24	3	5	105	0
FGF16	2	0	0	0	0	0	3	0
ATRX	3698	708	169	6886	613	434	7834	121
MAGT1	708	104	32	1037	89	66	1328	21
COX7B	5855	594	604	4987	455	331	10585	85
ATP7A	130	15	5	124	10	16	229	2
PGK1	5677	667	551	6751	557	438	14040	113
PGAM4	6	0	0	1	0	0	20	1
TAF9B	337	45	18	229	48	20	98	12
CYSLTR1	33	1	0	28	2	5	42	0
RTL3	0	0	0	0	0	0	0	0
LPAR4	61	6	0	45	7	6	112	1
P2RY10	0	0	0	0	0	0	0	0
GPR174	0	0	0	0	0	0	0	0
ITM2A	635	46	28	329	36	19	1383	7
TBX22	0	1	0	1	0	0	0	0
TENT5D	0	7	0	3	1	1	0	0
BRWD3	533	159	25	1101	97	94	748	23
HMGN5	816	106	40	536	91	66	1568	11
SH3BGRL	2603	213	75	1699	203	183	3867	34
POU3F4	2	1	0	3	0	1	2	0
CYLC1	0	0	0	0	0	0	0	0
RPS6KA6	115	26	3	319	26	19	195	8
HDX	137	58	7	494	77	39	241	10
APOOL	303	83	24	657	52	58	540	10
SATL1	16	1	0	31	6	3	39	1
ZNF711	246	67	13	586	57	47	560	14
POF1B	0	0	0	5	0	0	1	0
CHM	472	108	43	888	84	77	712	23
DACH2	41	85	0	601	130	61	56	4
KLHL4	263	102	27	2672	166	37	377	20
CPXCR1	0	0	0	0	0	0	0	0
TGIF2LX	0	0	0	0	0	0	0	0
PABPC5	179	18	9	150	15	13	214	0
PCDH11X	132	104	15	1353	380	102	149	13
NAP1L3	178	15	19	149	40	18	341	0
FAM133A	35	5	7	50	4	3	95	2
DIAPH2	629	207	189	3192	408	194	632	44
RPA4	36	2	2	21	2	0	31	0
PCDH19	114	20	7	591	29	13	233	6
TNMD	5	2	0	26	2	1	10	0
TSPAN6	1573	218	134	1866	163	112	3381	42
SRPX2	73	3	6	39	4	4	57	1
SYTL4	21	4	0	37	7	5	30	1
CSTF2	242	34	24	319	24	18	436	9
NOX1	0	0	0	2	1	0	0	0
XKRX	1	1	0	1	0	0	0	0
ARL13A	0	0	0	0	0	0	0	0
TRMT2B	62	18	5	143	12	9	132	1
TMEM35A	174	11	4	171	17	8	202	3
CENPI	117	79	11	302	56	45	248	11
DRP2	15	0	1	6	0	4	6	0
TAF7L	15	0	0	9	1	0	17	1
TIMM8A	424	62	60	516	44	23	887	7
BTK	20	1	3	31	0	0	45	0
RPL36A	2713	2661	232	20262	1606	1404	6080	443
GLA	577	72	54	616	41	41	1153	11
HNRNPH2	1038	130	68	1269	100	84	2184	25
ARMCX4	123	54	7	545	48	37	229	17
ARMCX1	782	63	54	674	41	35	1557	11
ARMCX6	34	68	1	561	54	57	94	11
ARMCX3	1252	108	88	1090	71	89	2335	18
ARMCX2	1298	95	83	913	84	46	2204	15
NXF5	0	0	0	0	0	0	0	0
ZMAT1	30	18	1	83	9	6	110	0
TCEAL2	152	19	18	90	25	15	487	1
TCEAL6	0	0	0	0	0	0	1	0
BEX5	100	13	11	38	12	12	427	3
TCP11X1	0	0	0	0	0	0	0	0
NXF2	0	0	0	1	1	0	0	0
NXF2B	0	0	0	1	0	0	0	0
TCP11X2	0	0	0	0	0	0	0	0
TMSB15A	1471	483	45	2171	308	188	4763	71
ARMCX5	136	10	6	106	11	6	313	2
GPRASP1	66	5	2	40	5	2	101	1
GPRASP2	135	10	12	67	8	7	288	2
ARMCX5-GPRASP2	1	52	0	404	46	40	3	8
BHLHB9	4	0	0	3	0	0	6	0
RAB40AL	1	0	0	2	0	0	2	0
BEX1	1062	179	156	2374	146	69	4338	21
NXF3	0	1	1	1	0	0	0	0
BEX4	2167	203	328	2540	221	120	5032	45
TCEAL8	2669	246	293	2267	372	169	5442	25
TCEAL5	106	22	19	110	2	21	72	8
BEX2	292	50	116	302	51	26	754	4
TCEAL7	133	23	53	178	35	35	514	2
TCEAL9	5574	347	350	3600	529	273	9052	56
BEX3	19711	1406	2013	12721	2463	1069	36257	216
RAB40A	2	2	0	15	4	4	6	0
TCEAL4	1867	189	317	1780	198	126	3963	34
TCEAL3	298	39	71	261	20	20	726	6
TCEAL1	130	5	18	68	12	7	256	2
MORF4L2	4502	592	394	5070	584	405	7779	85
GLRA4	3	0	0	35	4	0	22	0
TMEM31	9	3	1	18	4	2	40	0
PLP1	152	24	27	351	41	5	240	4
RAB9B	19	8	2	27	2	4	39	2
TMSB15B	5	16	3	140	17	9	9	3
H2BFWT	0	0	0	1	0	0	1	0
H2BFM	0	0	0	3	0	0	1	0
TMSB15B.1	1	14	0	82	13	4	0	1
SLC25A53	41	18	9	204	27	21	97	5
ZCCHC18	17	7	5	22	3	3	70	2
FAM199X	264	44	41	502	85	38	500	7
ESX1	2	0	0	0	0	0	1	0
IL1RAPL2	1	33	1	426	16	15	5	25
TEX13A	0	0	0	0	0	0	0	0
NRK	35	6	6	213	7	2	68	0
SERPINA7	0	0	0	0	0	0	0	0
PWWP3B	38	8	0	46	12	8	110	2
RADX	6	1	1	38	10	1	52	0
RNF128	2	3	1	17	5	3	9	0
TBC1D8B	54	4	7	77	15	7	158	2
MORC4	541	34	16	369	52	73	725	9
RIPPLY1	86	2	2	23	3	2	15	0
CLDN2	0	0	2	4	1	0	2	0
RBM41	378	75	23	785	120	65	759	20
NUP62CL	32	26	4	118	17	7	104	1
PIH1D3	0	0	0	1	1	0	0	0
FRMPD3	1	2	1	39	3	0	1	0
PRPS1	559	69	119	563	94	48	1048	10
TSC22D3	274	49	71	319	51	20	805	7
NCBP2L	0	0	0	0	0	0	0	0
MID2	18	6	1	90	12	0	26	0
TEX13B	0	0	1	1	0	0	0	0
VSIG1	0	0	1	8	0	0	4	0
PSMD10	662	90	89	715	125	57	1167	11
ATG4A	114	10	7	81	19	6	177	2
COL4A6	878	249	31	1458	306	128	942	31
COL4A5	1187	377	56	3788	663	362	1455	66
IRS4	0	0	2	3	0	0	4	0
GUCY2F	3	1	0	2	3	0	1	0
NXT2	128	24	16	129	30	5	228	3
KCNE5	86	5	9	90	17	8	195	1
ACSL4	213	90	25	738	126	46	406	9
TMEM164	112	54	10	479	72	29	177	7
AMMECR1	154	54	31	391	68	32	344	8
RTL9	0	0	0	5	1	0	1	0
CHRDL1	0	2	2	3	0	0	7	0
PAK3	19	32	2	220	25	21	53	4
CAPN6	13	10	2	10	2	1	50	0
DCX	18	20	3	97	13	6	59	7
SERTM2	33	0	3	12	1	1	22	1
ALG13	440	87	50	765	111	65	631	16
TRPC5	0	1	0	10	3	0	0	1
TRPC5OS	0	1	0	0	0	0	1	0
RTL4	0	0	0	0	0	0	0	0
LHFPL1	22	9	2	118	8	2	15	2
AMOT	234	37	17	229	46	53	258	9
HTR2C	17	3	1	40	11	2	4	1
IL13RA2	2	0	0	1	0	0	0	0
LRCH2	198	43	27	458	41	32	277	6
RBMXL3	0	0	0	0	0	0	0	0
LUZP4	1	0	0	0	0	0	0	0
PLS3	1876	149	162	1458	355	160	2106	35
AGTR2	0	0	0	0	0	0	2	0
SLC6A14	0	0	0	1	0	0	3	0
CT83	0	0	0	11	0	0	1	0
KLHL13	32	29	2	263	34	25	113	7
WDR44	42	34	16	433	37	33	123	5
DOCK11	72	60	12	397	69	39	133	8
IL13RA1	217	30	17	290	23	12	443	8
ZCCHC12	8	1	0	5	0	0	23	0
LONRF3	6	0	1	4	0	0	7	0
AL772284.2	0	0	0	1	0	0	0	0
KIAA1210	0	0	0	1	0	0	0	0
PGRMC1	4454	608	230	4043	479	336	10110	81
SLC25A43	145	14	3	416	36	32	111	7
SLC25A5	7634	782	1049	7459	562	415	14250	140
CXorf56	121	30	15	219	26	17	283	5
UBE2A	1166	141	110	1217	88	76	2245	20
NKRF	133	30	7	181	14	13	265	8
SEPTIN6	203	88	28	261	43	29	942	9
SOWAHD	0	0	1	2	0	0	11	0
RPL39	5661	4519	381	38663	2986	2499	12991	674
UPF3B	1114	172	120	1677	167	92	2922	27
RNF113A	230	31	21	273	24	14	586	6
NDUFA1	3357	281	266	2765	222	181	6820	41
AKAP14	2	0	0	1	0	0	9	0
NKAP	1106	134	70	1222	100	90	2256	19
RHOXF2B	0	0	0	0	0	0	0	0
RHOXF1	3	2	0	2	1	0	8	2
RHOXF2	0	0	0	1	0	0	0	0
ZBTB33	146	20	9	165	17	7	260	3
TMEM255A	38	7	1	64	3	3	63	2
ATP1B4	0	0	0	0	0	0	0	0
LAMP2	557	55	42	658	50	39	1052	10
CUL4B	261	54	22	392	50	26	533	9
MCTS1	2238	222	126	1853	184	134	4057	33
C1GALT1C1	286	31	21	302	18	20	586	4
CT47B1	0	0	0	0	0	0	0	0
AC008162.2	0	0	0	0	0	0	0	0
CT47A12	0	0	0	0	0	0	0	0
CT47A11	0	0	0	0	0	0	0	0
CT47A10	0	0	0	0	0	0	0	0
CT47A9	0	0	0	0	0	0	0	0
CT47A8	0	0	0	0	0	0	0	0
CT47A7	0	0	0	0	0	0	0	0
CT47A6	0	0	0	0	0	0	0	0
CT47A5	0	0	0	0	0	0	0	0
CT47A4	0	0	0	0	0	0	0	0
CT47A3	0	0	0	0	0	0	0	0
CT47A2	0	0	0	0	0	0	0	0
CT47A1	0	0	0	0	0	0	0	0
GLUD2	11	2	0	0	0	0	20	2
GRIA3	51	30	1	255	20	21	49	6
THOC2	1631	323	68	2906	281	218	3082	52
XIAP	646	103	30	818	82	80	1065	11
STAG2	1374	336	68	2793	261	190	1899	39
SH2D1A	0	0	0	0	0	0	0	0
TEX13D	0	0	0	0	0	0	1	0
TENM1	17	15	2	357	24	5	36	9
TEX13C	0	0	0	0	0	0	0	0
DCAF12L2	30	5	1	16	0	2	70	0
DCAF12L1	3	1	2	10	1	1	21	0
PRR32	1	0	0	0	0	0	1	0
ACTRT1	0	0	0	0	0	0	0	0
SMARCA1	1853	291	88	2513	200	193	3542	40
OCRL	180	43	9	316	27	26	328	6
APLN	4	0	0	0	0	0	6	0
XPNPEP2	5	0	0	7	1	0	14	0
SASH3	0	0	0	0	0	4	0	0
ZDHHC9	287	29	21	342	27	19	608	7
UTP14A	460	70	30	646	79	32	920	13
BCORL1	152	26	12	201	17	19	265	2
ELF4	29	2	1	30	3	2	47	2
AIFM1	792	65	49	742	66	54	1436	9
RAB33A	65	7	3	24	6	4	135	2
ZNF280C	78	72	9	413	46	32	222	6
SLC25A14	165	20	3	189	17	7	350	3
GPR119	0	0	0	0	0	0	0	0
RBMX2	773	90	45	800	72	48	1594	8
ENOX2	117	43	11	497	42	34	214	10
ARHGAP36	0	0	0	3	0	0	4	0
IGSF1	64	225	12	2307	380	80	104	37
OR13H1	0	0	0	0	0	0	0	0
STK26	483	123	56	660	127	65	1045	18
FRMD7	0	0	0	0	1	0	1	0
RAP2C	341	46	31	370	67	49	573	10
MBNL3	69	16	10	173	29	30	125	4
HS6ST2	167	106	5	632	122	102	209	15
USP26	0	0	0	0	0	0	4	0
TFDP3	0	0	0	0	0	0	0	0
GPC4	115	32	77	227	34	15	208	6
GPC3	2365	364	107	2073	718	446	4803	59
CCDC160	83	17	11	195	15	7	184	1
PHF6	1031	277	63	1796	207	156	2495	48
HPRT1	567	81	69	684	79	62	1278	17
PLAC1	75	19	5	143	16	6	144	3
FAM122B	162	26	19	179	17	15	302	4
FAM122C	54	25	2	183	16	18	136	2
MOSPD1	398	50	26	535	40	44	591	11
SMIM10	104	7	2	46	2	7	203	1
RTL8B	439	33	19	248	13	26	836	4
RTL8C	1499	127	74	907	88	76	2883	24
RTL8A	1138	95	83	839	93	68	2486	20
SMIM10L2B	57	2	7	21	1	4	119	1
ETDB	0	0	0	0	0	0	0	0
CT55	0	0	0	3	0	0	0	0
ZNF75D	53	44	10	490	47	22	122	8
ETDA	0	0	0	0	0	0	0	0
ETDC	0	0	0	0	0	0	0	0
ZNF449	69	18	7	95	18	6	113	3
SMIM10L2A	20	4	16	16	4	0	34	0
INTS6L	84	42	8	392	33	26	202	13
CT45A1	0	0	0	0	0	0	0	0
CT45A3	0	0	0	0	0	0	0	0
CT45A5	0	0	0	0	0	0	0	0
CT45A6	0	0	0	0	0	0	0	0
CT45A2	0	0	0	0	0	0	0	0
CT45A7	0	0	0	0	0	0	0	0
CT45A8	0	0	0	0	0	0	0	0
CT45A9	0	0	0	0	0	0	0	0
CT45A10	0	0	0	0	0	0	0	0
SAGE1	0	0	0	0	0	0	0	0
MMGT1	157	36	9	272	26	13	357	5
SLC9A6	102	35	5	238	15	23	169	3
FHL1	228	22	27	326	28	20	542	3
MAP7D3	353	55	26	427	46	24	901	7
ADGRG4	0	0	0	0	0	0	0	0
BRS3	0	0	0	0	0	0	0	0
HTATSF1	1817	246	88	1816	208	132	3810	33
VGLL1	0	0	1	0	0	0	0	0
CD40LG	0	0	0	0	0	0	0	0
ARHGEF6	9	1	0	52	2	0	30	0
RBMX	4465	586	285	3370	548	339	9596	147
GPR101	6	0	0	0	1	0	10	0
ZIC3	176	50	19	471	20	5	471	14
FGF13	81	159	14	536	67	40	168	21
F9	0	1	0	0	0	0	0	0
MCF2	1	4	0	8	3	6	4	0
ATP11C	516	147	21	1146	145	73	847	16
CXorf66	0	0	0	0	0	0	0	0
SOX3	37	8	2	37	5	10	40	0
CDR1	2	0	0	1	0	2	3	0
SPANXB1	22	0	0	0	3	2	23	0
LDOC1	770	46	27	7	69	36	1728	9
SPANXC	2	0	0	0	0	0	1	0
SPANXA1	0	0	0	0	0	0	0	0
SPANXA2	0	0	0	0	0	0	0	0
SPANXD	0	0	0	0	0	0	0	0
MAGEC3	0	0	0	0	0	1	0	0
MAGEC1	0	0	0	0	0	0	0	0
MAGEC2	0	0	0	0	0	0	0	0
SPANXN4	0	0	0	0	0	0	0	0
SPANXN3	1	0	0	0	0	0	1	0
SLITRK4	151	9	0	2	6	3	240	2
SPANXN2	0	0	0	0	0	0	0	0
SPANXN1	0	0	0	0	0	0	0	0
SLITRK2	19	0	0	1	1	0	57	0
CXorf51B	0	0	0	0	0	0	0	0
CXorf51A	0	0	0	0	0	0	0	0
FMR1	574	75	24	605	87	54	674	13
FMR1NB	0	0	0	2	0	1	0	0
AFF2	29	64	5	437	48	21	55	7
AC231656.1	0	0	0	0	0	0	0	0
IDS	90	57	6	347	46	25	200	10
CXorf40A	78	2	8	37	7	1	201	3
HSFX3	0	0	0	0	0	0	0	0
MAGEA9B	0	0	0	0	0	0	0	0
HSFX2	0	0	0	0	0	0	0	0
TMEM185A	659	121	17	1219	97	37	1202	12
MAGEA11	5	0	2	3	2	0	15	0
HSFX1	0	0	0	0	0	0	0	0
MAGEA9	0	0	0	0	0	0	0	0
MAGEA8	0	0	2	1	0	0	10	0
CXorf40B	311	15	22	180	13	6	566	0
HSFX4	1	0	0	0	0	0	0	0
MAMLD1	2	11	1	206	6	3	27	4
MTM1	41	21	5	254	29	13	81	4
MTMR1	86	39	9	289	36	24	165	4
CD99L2	230	31	14	303	33	31	318	13
HMGB3	4696	747	805	4808	495	316	8434	118
GPR50	1	0	0	0	0	1	2	0
VMA21	747	104	58	935	85	63	1394	22
PASD1	1	1	1	0	1	0	0	0
PRRG3	27	9	2	37	6	4	54	0
FATE1	8	0	0	1	0	0	5	0
CNGA2	0	0	0	0	0	0	0	0
MAGEA4	4	0	20	4	1	0	25	0
GABRE	4	0	1	7	1	0	3	0
MAGEA10	1	0	0	0	0	0	0	0
GABRA3	8	5	0	41	4	2	7	0
GABRQ	2	1	1	0	0	0	11	0
MAGEA3	3	0	0	0	0	0	0	0
CSAG2	0	0	0	0	0	0	0	0
MAGEA2B	0	0	0	0	0	0	0	0
CSAG1	0	0	0	0	0	0	0	0
MAGEA12	0	0	0	0	0	0	0	0
MAGEA2	0	0	0	0	0	0	0	0
CSAG3	0	0	0	0	0	0	0	0
MAGEA6	10	0	4	0	0	0	0	0
CETN2	1302	152	61	1056	130	77	2751	24
NSDHL	665	72	23	703	53	51	1220	9
ZNF185	103	6	4	83	4	11	239	3
PNMA5	1	0	0	0	0	0	0	0
PNMA3	28	1	3	22	0	2	99	0
PNMA6A	47	6	7	26	4	2	116	0
MAGEA1	0	0	0	0	0	0	0	0
AC236972.4	0	0	0	0	0	0	0	0
PNMA6F	0	0	0	1	0	0	0	0
ZNF275	104	22	5	128	4	8	244	4
PNMA6E	0	0	0	0	0	0	0	0
ZFP92	2	0	0	1	1	0	7	0
TREX2	0	0	0	0	0	0	1	0
HAUS7	56	6	4	48	8	5	110	0
BGN	641	20	24	255	15	18	1217	4
ATP2B3	2	0	0	2	0	0	1	0
CCNQ	507	55	36	444	56	50	939	12
DUSP9	12	1	4	11	0	0	38	0
PNCK	30	3	3	28	2	2	44	0
SLC6A8	461	37	51	374	41	9	896	4
BCAP31	2052	182	183	1749	161	95	4043	32
ABCD1	87	6	6	51	2	3	127	2
PLXNB3	0	0	0	1	0	0	3	0
SRPK3	0	0	0	0	0	0	3	0
IDH3G	1420	124	54	590	90	58	2635	23
SSR4	8262	799	493	3570	614	448	17065	126
PDZD4	26	5	15	22	0	0	65	0
L1CAM	69	6	3	130	7	3	239	2
AVPR2	3	0	1	9	0	0	15	0
ARHGAP4	87	4	12	107	7	4	208	3
NAA10	2046	195	142	1503	161	95	4089	43
RENBP	11	3	9	44	2	2	54	0
HCFC1	657	79	55	402	60	59	1216	20
TMEM187	65	10	5	72	13	5	143	0
IRAK1	574	21	30	265	37	25	1167	2
MECP2	372	89	25	887	65	61	789	18
OPN1LW	0	0	0	0	0	1	0	0
OPN1MW	0	0	0	0	0	0	0	0
OPN1MW2	0	0	0	0	0	0	0	0
OPN1MW3	0	0	0	0	0	0	0	0
TEX28	0	0	0	0	0	0	0	0
TKTL1	5	2	0	5	1	0	6	0
FLNA	2604	199	227	2000	175	118	4403	26
EMD	1033	108	91	728	85	59	1983	11
RPL10	85959	9422	6171	48159	6910	6229	181019	1490
DNASE1L1	188	20	9	111	14	12	378	3
TAZ	216	33	14	122	26	18	480	4
ATP6AP1	957	55	64	596	55	45	1907	22
GDI1	604	61	54	426	48	37	1259	9
FAM50A	1823	151	115	1471	143	82	3875	41
PLXNA3	131	13	9	80	9	2	298	3
LAGE3	2216	171	227	1501	147	117	5197	35
UBL4A	603	59	48	361	37	23	1073	12
SLC10A3	196	7	13	107	7	16	314	2
FAM3A	608	41	44	475	28	28	1221	5
G6PD	597	66	43	338	31	34	1185	11
IKBKG	3	19	0	177	9	9	9	4
CTAG1A	0	0	0	0	0	0	0	0
CTAG1B	0	0	0	0	0	0	0	0
CTAG2	0	0	0	1	0	0	0	0
GAB3	1	0	1	8	0	0	5	0
DKC1	1360	199	119	1318	118	96	2611	32
MPP1	270	19	25	236	36	14	526	2
SMIM9	0	0	0	0	0	0	0	0
F8	15	10	2	64	4	4	31	1
H2AFB1	0	0	0	0	0	0	0	0
F8A1	114	9	5	79	1	2	360	3
FUNDC2	1647	259	132	1872	179	125	3618	46
CMC4	43	43	2	385	41	22	70	10
MTCP1	1	5	0	98	11	7	6	2
BRCC3	480	71	22	689	66	71	840	14
VBP1	1915	254	125	2172	185	154	3844	54
RAB39B	23	12	8	56	5	3	67	0
CLIC2	11	0	1	64	0	2	19	2
H2AFB2	0	0	0	0	0	0	0	0
F8A2	0	0	0	0	0	0	0	0
F8A3	0	2	0	40	6	2	0	0
H2AFB3	0	0	0	0	0	0	0	0
TMLHE	125	72	12	772	75	50	254	18
SPRY3	0	0	0	20	3	0	1	1
VAMP7	26	33	0	502	31	24	67	8
IL9R	0	0	0	2	0	0	4	0
OR4F21	0	0	0	0	0	0	0	0
ZNF596	24	3	0	49	3	6	88	1
FBXO25	139	21	16	90	16	8	237	0
TDRP	148	33	36	236	26	41	327	4
ERICH1	486	94	59	573	73	68	871	23
DLGAP2	0	17	0	244	27	7	0	10
CLN8	0	24	0	105	25	14	1	7
ARHGEF10	2	115	1	522	98	77	5	23
KBTBD11	0	13	0	13	2	3	0	2
MYOM2	2	13	0	19	2	1	1	1
CSMD1	39	126	1	196	19	24	160	33
MCPH1	333	122	22	726	113	74	666	29
ANGPT2	657	182	14	711	107	44	1966	22
AGPAT5	516	130	47	516	103	76	1106	18
XKR5	28	12	0	16	17	6	75	3
DEFB1	0	0	0	2	0	0	0	0
DEFA6	7	1	0	9	1	0	17	0
DEFA4	0	0	0	0	0	0	0	0
DEFA1	0	0	0	0	0	0	0	0
DEFA1B	0	0	0	0	0	0	0	0
DEFA3	0	0	0	0	0	0	0	0
DEFA5	7	0	0	1	1	0	7	0
USP17L1	0	0	0	0	0	0	0	0
USP17L4	0	0	0	0	0	0	0	0
ZNF705G	0	0	0	0	0	0	0	0
DEFB4B	0	0	0	0	0	0	0	0
DEFB103B	0	0	0	0	0	0	0	0
SPAG11B	0	1	0	0	0	0	0	0
DEFB104B	0	0	0	0	0	0	0	0
DEFB106B	0	0	0	0	0	0	0	0
DEFB105B	0	0	0	0	0	0	0	0
DEFB107B	0	0	0	0	0	0	0	0
PRR23D1	0	0	0	0	0	0	0	0
AC134684.11	0	0	0	0	0	0	0	0
AC134684.8	0	0	0	0	0	0	0	0
AC134684.9	0	0	0	0	0	0	0	0
AC084121.9	0	0	0	0	0	0	0	0
AC084121.11	0	0	0	0	0	0	0	0
AC084121.6	0	0	0	0	0	0	0	0
AC084121.12	0	0	0	0	0	0	0	0
AC084121.8	0	0	0	0	0	0	0	0
AC084121.7	0	0	0	0	0	0	0	0
AC084121.5	0	0	0	0	0	0	0	0
AC084121.13	0	0	0	0	0	0	0	0
PRR23D2	0	0	0	0	0	0	0	0
DEFB107A	0	0	0	0	0	0	0	0
DEFB105A	0	0	0	0	0	0	0	0
DEFB106A	0	0	0	0	0	0	0	0
DEFB104A	0	0	0	0	0	0	0	0
SPAG11A	0	0	0	0	0	0	0	0
DEFB103A	0	0	0	0	0	0	0	0
DEFB4A	0	0	0	0	0	0	0	0
ZNF705B	0	0	0	0	0	0	0	0
USP17L8	0	0	0	0	0	0	0	0
USP17L3	0	0	0	0	0	0	0	0
PRAG1	145	80	24	781	72	42	272	32
CLDN23	61	3	4	41	13	2	120	4
MFHAS1	425	127	40	359	102	49	946	16
ERI1	300	114	24	386	62	39	580	22
PPP1R3B	163	32	14	141	17	8	350	5
TNKS	387	272	22	1553	243	217	873	46
MSRA	164	35	10	246	50	29	370	7
PRSS51	2	2	0	59	5	2	3	0
PRSS55	0	0	0	2	2	0	1	0
RP1L1	1	1	0	1	0	1	0	0
C8orf74	0	0	0	2	0	0	0	0
SOX7	37	5	1	5	1	2	76	0
PINX1	0	98	0	454	109	46	0	13
XKR6	40	86	11	585	74	67	141	22
MTMR9	456	80	38	319	58	48	986	14
SLC35G5	16	1	0	3	0	0	31	0
FAM167A	7	3	0	27	0	0	38	1
BLK	0	0	0	1	0	0	0	0
GATA4	294	133	34	1057	103	41	482	56
NEIL2	157	26	11	100	9	16	389	5
FDFT1	2995	452	180	2041	412	292	6517	71
CTSB	1191	97	86	450	58	64	2212	19
DEFB136	0	0	0	0	0	0	0	0
DEFB135	0	0	0	0	0	0	1	0
DEFB134	0	0	0	0	0	0	0	0
DEFB130B	0	0	0	0	0	0	0	0
ZNF705D	0	0	0	0	0	0	0	0
USP17L7	0	0	0	0	0	0	0	0
USP17L2	0	0	0	0	0	0	0	0
FAM86B1	21	10	3	39	3	5	46	1
DEFB130A	0	0	0	0	0	0	0	0
FAM86B2	5	1	1	3	0	1	12	0
LONRF1	215	80	31	390	53	31	518	13
TRMT9B	25	44	2	167	30	15	108	4
DLC1	617	409	26	1578	434	394	1400	56
C8orf48	60	12	5	33	7	4	176	1
SGCZ	5	5	0	21	3	1	11	0
TUSC3	2187	367	106	1756	413	274	3954	84
MSR1	2	3	0	223	8	1	1	4
FGF20	17	23	0	0	13	11	101	5
MICU3	348	154	10	594	100	73	642	28
ZDHHC2	150	47	12	198	26	27	362	5
CNOT7	1244	164	122	878	172	126	2982	29
VPS37A	609	60	40	449	67	56	1230	12
MTMR7	12	7	1	23	4	6	10	1
SLC7A2	526	78	26	383	66	53	798	14
PDGFRL	45	0	6	10	1	0	21	0
MTUS1	53	20	7	62	10	11	111	4
FGL1	0	0	1	0	0	0	0	0
PCM1	1834	399	112	1617	323	225	3866	92
ASAH1	1302	123	100	461	105	76	2530	23
NAT1	45	7	6	43	6	2	65	0
NAT2	7	0	0	0	2	1	8	0
PSD3	274	445	19	1363	355	241	570	101
SH2D4A	39	13	2	38	5	2	133	5
CSGALNACT1	35	5	4	34	11	21	30	2
INTS10	497	71	39	267	69	39	1153	8
LPL	2	0	0	6	2	0	17	0
SLC18A1	0	3	0	0	0	1	0	0
ATP6V1B2	418	38	53	260	35	23	941	10
LZTS1	138	26	7	389	16	11	197	10
GFRA2	85	8	2	116	15	10	180	7
DOK2	0	0	0	0	0	0	1	0
XPO7	332	140	23	495	84	68	598	18
NPM2	13	3	5	0	1	1	21	1
FGF17	106	150	32	199	10	26	556	17
DMTN	17	9	0	10	0	0	37	0
FAM160B2	167	22	9	86	11	8	318	4
NUDT18	45	9	4	23	3	2	103	1
HR	1	0	1	0	0	0	0	0
REEP4	357	43	28	156	31	21	679	6
LGI3	0	0	0	0	0	0	0	0
SFTPC	0	0	0	0	0	0	0	0
BMP1	283	16	8	116	22	17	567	8
PHYHIP	10	2	2	4	0	0	43	1
POLR3D	906	90	81	383	62	48	1742	15
PIWIL2	16	2	2	7	1	3	33	0
SLC39A14	261	38	36	246	45	35	513	6
PPP3CC	254	89	14	363	84	58	373	12
SORBS3	961	54	54	256	54	54	1720	20
PDLIM2	2067	133	72	745	127	124	3971	23
C8orf58	369	27	14	125	16	10	728	7
CCAR2	415	53	25	160	23	27	794	9
BIN3	255	60	16	268	36	28	521	14
EGR3	20	7	1	46	3	0	47	0
PEBP4	21	4	0	16	0	3	29	0
RHOBTB2	172	12	5	33	10	7	243	1
TNFRSF10B	426	73	37	531	60	53	801	26
TNFRSF10C	8	4	3	81	6	5	18	2
TNFRSF10D	87	32	5	147	25	16	194	16
TNFRSF10A	32	0	4	24	4	1	24	1
CHMP7	292	30	23	149	28	17	630	5
R3HCC1	767	66	35	296	59	38	1417	10
LOXL2	425	54	20	324	61	35	842	18
ENTPD4	362	77	24	310	53	45	612	20
SLC25A37	610	99	49	412	64	34	1208	12
NKX3-1	32	1	2	15	0	1	43	2
NKX2-6	3	0	0	1	0	0	0	0
STC1	80	19	15	60	4	8	290	2
ADAM28	18	6	3	14	0	1	13	0
ADAMDEC1	0	0	0	0	0	0	0	0
ADAM7	0	0	0	0	0	0	0	0
NEFM	95	8	17	110	16	8	335	4
NEFL	61	8	37	64	9	2	211	0
DOCK5	40	44	6	112	26	18	96	5
GNRH1	7	1	1	1	0	0	10	0
KCTD9	146	47	24	155	27	19	348	7
CDCA2	470	164	51	449	112	73	992	24
EBF2	23	11	1	87	24	13	45	8
PPP2R2A	1408	233	103	1314	220	178	2891	42
BNIP3L	1644	222	99	1059	176	145	4303	46
PNMA2	5	1	2	9	0	1	15	1
DPYSL2	734	205	49	634	151	117	1739	28
ADRA1A	0	2	0	3	0	0	1	0
STMN4	9	2	0	26	2	0	24	1
TRIM35	45	9	5	48	9	7	95	2
PTK2B	99	7	5	179	12	18	110	0
CHRNA2	0	0	0	0	0	0	1	0
EPHX2	244	24	12	122	16	12	459	8
CLU	899	58	200	452	36	61	2132	8
SCARA3	204	18	15	105	24	15	357	4
CCDC25	1294	246	90	849	143	126	2729	30
ESCO2	365	61	27	239	46	47	698	22
PBK	569	107	17	322	82	65	1170	25
SCARA5	11	0	1	3	0	1	11	0
NUGGC	0	0	0	1	0	0	0	0
ELP3	306	76	34	335	60	39	574	7
PNOC	11	1	2	3	0	0	8	0
ZNF395	204	15	10	60	10	12	448	2
FBXO16	90	54	7	224	39	29	236	10
FZD3	444	144	34	496	77	77	989	20
EXTL3	155	39	17	210	39	24	308	5
INTS9	119	53	12	199	58	28	255	11
HMBOX1	428	130	15	719	148	113	907	21
KIF13B	80	42	7	160	33	31	135	4
DUSP4	395	43	12	97	37	13	900	9
SARAF	5375	333	229	1786	295	304	10626	65
LEPROTL1	2808	224	84	1399	239	216	4993	47
MBOAT4	5	4	0	11	0	1	3	0
DCTN6	1253	92	79	370	67	67	2356	9
RBPMS	1838	585	191	3977	604	482	3903	92
GTF2E2	592	111	47	425	76	43	1263	21
SMIM18	2	3	0	6	2	1	0	0
GSR	248	54	28	222	38	30	451	13
UBXN8	169	22	13	64	15	19	336	3
PPP2CB	1090	201	67	1114	163	182	2280	32
TEX15	41	14	1	81	12	10	89	2
PURG	72	31	3	113	24	12	180	6
WRN	273	235	20	1029	174	156	718	47
NRG1	134	84	3	365	47	32	354	31
AC083977.1	0	0	0	0	0	0	0	0
FUT10	153	70	9	288	53	40	332	11
TTI2	239	59	20	235	43	26	485	8
MAK16	288	44	50	220	47	30	628	11
RNF122	41	18	2	123	23	15	106	6
DUSP26	8	3	1	5	0	0	11	0
UNC5D	79	67	9	751	50	58	135	51
KCNU1	0	0	0	0	0	0	0	0
ZNF703	164	23	6	74	24	13	488	2
ERLIN2	375	63	28	244	38	41	616	9
PLPBP	569	85	28	247	50	44	1037	16
ADGRA2	692	96	24	582	124	61	1188	16
BRF2	258	24	13	128	31	22	550	6
RAB11FIP1	499	82	30	492	78	94	1068	11
GOT1L1	1	0	0	3	0	0	0	0
ADRB3	94	0	1	21	3	2	96	2
EIF4EBP1	4857	472	289	1932	318	299	8846	55
ASH2L	972	143	41	844	112	137	1967	28
STAR	61	1	3	22	3	0	98	1
LSM1	1833	179	109	798	130	94	3194	28
BAG4	433	66	25	277	45	30	732	13
DDHD2	169	53	13	197	43	18	388	8
PLPP5	612	107	54	269	45	39	1389	16
NSD3	1882	322	124	1339	255	189	3889	60
LETM2	32	6	1	37	6	3	77	1
FGFR1	1450	377	120	2154	327	148	3010	54
C8orf86	1	1	0	14	2	3	0	0
TACC1	206	52	18	180	26	24	523	7
PLEKHA2	33	6	2	35	3	1	97	1
HTRA4	1	0	0	0	1	0	3	1
TM2D2	1292	101	86	506	108	64	2481	21
ADAM9	135	63	8	290	57	68	232	5
ADAM32	3	10	0	113	9	8	1	2
ADAM18	5	0	0	11	1	3	8	0
ADAM2	0	0	0	0	0	0	0	0
IDO1	5	2	12	6	0	1	13	0
IDO2	0	0	0	3	0	1	0	0
TCIM	36	2	6	5	1	2	71	0
ZMAT4	5	16	12	108	10	6	18	4
SFRP1	843	201	108	921	135	70	3069	66
GOLGA7	771	100	60	433	88	74	1477	21
GINS4	334	59	23	215	37	31	730	14
GPAT4	411	42	24	197	37	23	724	4
NKX6-3	0	0	0	0	0	0	0	0
ANK1	4	1	1	24	6	2	7	0
KAT6A	648	163	36	1095	164	142	1238	37
AP3M2	241	51	14	229	46	29	583	8
PLAT	895	76	21	637	27	12	2523	13
IKBKB	194	37	12	193	44	16	321	10
POLB	240	94	13	352	62	43	711	11
DKK4	4	0	0	21	0	0	68	0
VDAC3	2587	370	218	1409	279	181	5275	70
SLC20A2	201	121	27	623	100	51	400	27
SMIM19	962	178	53	639	113	92	2118	36
CHRNB3	0	0	0	2	0	2	0	0
CHRNA6	0	2	0	0	0	0	0	0
THAP1	358	37	31	152	25	26	690	2
RNF170	437	57	32	315	35	37	929	10
HOOK3	942	224	50	1027	172	124	1915	27
FNTA	1414	219	72	960	161	139	2866	38
POMK	23	17	1	113	21	11	53	5
HGSNAT	450	86	18	421	62	51	777	9
IGLV8OR8-1	0	0	0	0	0	0	0	0
SPIDR	251	250	18	1571	267	246	512	59
CEBPD	1127	39	23	214	20	44	1906	5
PRKDC	4208	954	224	3854	704	553	9041	148
MCM4	1117	217	62	643	158	98	2269	33
UBE2V2	2915	349	208	1585	290	222	5783	69
EFCAB1	158	12	1	74	17	17	231	1
SNAI2	2167	81	34	1030	138	114	3950	19
PPDPFL	0	0	0	0	0	0	0	0
SNTG1	10	5	2	23	1	1	8	2
PXDNL	0	14	0	39	10	13	2	5
PCMTD1	523	181	29	881	157	115	1137	53
ST18	1	1	0	11	0	0	1	0
ALKAL1	6	0	0	2	0	0	1	1
RB1CC1	1157	232	86	1201	185	133	2360	38
NPBWR1	0	0	0	0	0	0	0	0
OPRK1	3	1	0	19	2	0	12	0
ATP6V1H	668	130	53	626	94	53	1265	20
RGS20	20	6	4	61	7	4	24	1
TCEA1	999	414	170	1734	311	256	2042	58
LYPLA1	1567	291	175	1251	202	166	3123	71
MRPL15	1901	167	213	921	139	122	3069	26
SOX17	62	12	0	7	2	1	68	0
RP1	2	2	0	15	0	0	3	1
XKR4	3	10	3	124	8	1	7	0
TMEM68	286	75	30	252	43	33	642	9
TGS1	802	140	68	581	111	87	1642	19
LYN	642	198	30	1541	160	69	1017	20
RPS20	24348	2247	1518	10990	1683	1251	50072	421
MOS	0	0	0	0	0	0	0	0
PLAG1	267	63	11	316	44	46	525	12
CHCHD7	794	80	56	333	59	43	1502	9
SDR16C5	23	3	1	4	0	1	33	0
PENK	121	9	0	0	7	0	65	0
IMPAD1	2367	90	49	237	54	131	2257	16
FAM110B	750	137	22	342	175	196	1632	53
UBXN2B	197	55	14	247	49	26	370	7
CYP7A1	0	0	0	0	0	0	0	0
SDCBP	3040	270	129	1188	198	167	5488	29
NSMAF	216	93	15	417	103	65	371	9
TOX	37	53	3	592	28	29	143	7
CA8	53	49	10	249	19	15	355	4
RAB2A	2879	406	179	2004	297	264	5618	74
CHD7	1565	500	67	2166	426	213	3448	77
CLVS1	5	23	0	128	17	12	8	5
ASPH	750	143	33	774	121	99	1502	21
NKAIN3	118	224	0	1020	150	146	261	24
GGH	1187	148	62	527	109	94	2491	24
TTPA	0	13	0	9	1	6	12	0
YTHDF3	427	152	31	814	120	117	843	19
BHLHE22	0	0	0	1	1	0	9	0
CYP7B1	45	23	0	129	27	19	94	4
ARMC1	995	146	69	612	111	85	1914	22
MTFR1	310	75	23	397	68	45	669	14
PDE7A	415	248	25	1143	226	95	879	49
DNAJC5B	0	0	0	0	0	1	2	0
TRIM55	31	2	9	52	4	1	45	0
CRH	11	0	1	37	0	1	20	0
RRS1	356	61	52	273	39	21	776	8
ADHFE1	16	14	1	73	10	9	41	1
VXN	0	0	0	2	0	0	0	0
MYBL1	27	18	5	50	29	6	69	4
VCPIP1	165	13	2	114	19	10	307	1
SGK3	237	102	15	367	64	54	367	11
MCMDC2	7	4	1	11	0	2	18	1
TCF24	2	5	0	1	0	0	8	0
PPP1R42	8	4	0	20	6	1	9	1
COPS5	1909	166	142	831	157	111	3781	29
CSPP1	491	251	29	842	145	133	1007	39
ARFGEF1	367	210	30	1095	179	117	761	36
CPA6	0	1	0	24	1	1	0	0
PREX2	123	131	9	388	108	42	233	19
C8orf34	18	5	0	35	5	10	28	0
SULF1	420	147	11	453	114	259	1141	25
SLCO5A1	6	16	3	19	12	4	19	0
PRDM14	6	3	10	12	0	0	10	1
NCOA2	251	313	20	1513	244	173	518	50
TRAM1	1217	164	86	812	119	110	2139	29
LACTB2	290	50	32	196	27	23	613	6
XKR9	1	4	1	6	3	3	6	0
EYA1	7	35	2	91	11	11	23	5
MSC	3	0	2	2	0	0	3	0
TRPA1	21	0	0	30	4	4	40	0
KCNB2	2	13	1	78	13	6	8	2
TERF1	2225	326	546	1297	236	199	3787	47
SBSPON	398	107	7	315	56	41	291	10
C8orf89	5	2	0	2	0	0	13	0
RPL7	28606	3688	2096	16992	2734	2191	55334	502
RDH10	294	40	12	264	58	21	735	5
STAU2	444	264	29	1500	258	159	945	50
UBE2W	359	156	25	877	138	95	684	31
ELOC	3290	332	309	1573	247	225	6249	57
TMEM70	1015	91	94	437	57	47	1757	13
LY96	12	1	1	3	1	0	2	0
JPH1	65	27	3	128	14	12	93	3
GDAP1	87	27	6	120	21	18	245	5
PI15	11	0	0	22	5	2	24	0
CRISPLD1	367	91	16	359	57	45	838	16
HNF4G	3	6	0	31	3	1	12	0
ZFHX4	455	139	17	330	109	109	1444	23
PEX2	826	114	42	388	72	81	1855	13
PKIA	1425	111	19	1117	93	113	1539	16
ZC2HC1A	952	136	35	925	137	129	1580	28
IL7	1	19	0	141	15	18	3	7
STMN2	515	29	17	378	45	44	854	6
HEY1	592	57	23	298	61	24	1888	7
MRPS28	480	252	48	939	220	150	908	35
TPD52	112	51	53	211	31	18	394	6
ZBTB10	364	81	23	392	67	44	754	21
ZNF704	271	209	7	845	190	97	562	48
PAG1	458	50	7	407	44	92	420	4
FABP5	10061	1689	657	14300	1731	745	19390	391
PMP2	0	0	0	0	0	0	0	0
FABP9	0	0	0	1	0	0	0	0
FABP4	2	0	0	0	0	0	1	0
FABP12	0	0	0	0	0	0	1	0
IMPA1	351	63	30	297	49	36	739	9
SLC10A5	5	0	0	1	0	0	5	0
ZFAND1	469	85	43	309	50	42	1084	11
CHMP4C	79	12	15	52	7	5	163	1
SNX16	134	26	13	141	27	17	329	4
RALYL	385	234	17	4763	647	365	588	49
LRRCC1	370	42	22	303	49	43	852	7
E2F5	797	158	44	631	125	76	1733	21
RBIS	3193	328	223	1630	249	195	6205	52
CA13	20	7	3	27	5	6	54	1
CA1	0	3	0	4	1	1	0	0
CA3	109	9	1	74	11	4	179	3
CA2	599	100	43	719	46	19	1152	36
ATP6V0D2	48	24	4	98	12	4	64	4
PSKH2	203	30	1	204	18	6	432	13
SLC7A13	0	0	0	1	0	0	0	0
WWP1	650	207	25	1162	179	138	1127	39
RMDN1	656	106	58	491	78	69	1346	23
CPNE3	1017	158	70	688	123	75	2176	20
CNGB3	2	2	0	2	1	0	0	0
CNBD1	0	11	0	23	1	2	1	0
DCAF4L2	0	0	0	0	0	0	0	0
MMP16	161	153	3	897	113	159	307	39
RIPK2	280	53	27	212	43	28	491	6
OSGIN2	120	36	12	102	16	14	239	4
NBN	654	108	36	500	114	70	1158	22
DECR1	1247	187	50	868	158	104	2721	35
CALB1	77	5	46	46	4	1	109	1
TMEM64	211	53	35	258	30	24	405	6
NECAB1	25	3	11	27	5	4	33	1
C8orf88	177	31	17	196	22	13	381	3
PIP4P2	545	55	79	361	58	37	1115	16
OTUD6B	121	30	18	114	17	16	297	2
LRRC69	55	26	16	81	10	6	115	4
SLC26A7	1	1	0	14	0	4	4	1
RUNX1T1	1307	494	41	3086	478	335	2282	100
TRIQK	341	81	11	424	68	66	757	17
FAM92A	1660	167	61	856	164	127	3043	23
RBM12B	347	89	22	321	52	43	742	16
TMEM67	232	58	12	279	51	30	537	4
PDP1	81	9	8	78	2	7	135	3
CDH17	0	2	0	3	0	0	1	0
GEM	51	19	2	49	3	4	107	0
RAD54B	97	49	8	215	46	19	195	10
FSBP	94	20	5	72	15	10	156	1
VIRMA	753	142	46	681	119	79	1690	30
ESRP1	26	18	57	73	6	3	55	3
DPY19L4	246	67	13	263	39	31	482	9
INTS8	390	90	16	345	71	49	766	17
CCNE2	83	15	1	51	11	4	158	6
NDUFAF6	435	135	47	503	124	77	756	27
TP53INP1	136	29	12	170	17	11	296	9
PLEKHF2	97	13	5	53	19	8	177	5
C8orf37	31	11	2	44	4	14	66	1
GDF6	107	21	5	8	5	4	157	6
UQCRB	10868	1092	842	5011	793	591	21375	154
MTERF3	298	54	31	219	31	32	769	9
PTDSS1	341	40	28	228	32	33	616	7
SDC2	1176	168	32	662	179	136	2324	32
CPQ	261	62	5	380	43	55	645	9
TSPYL5	4	26	8	3	13	12	313	4
MTDH	4235	403	219	2202	374	342	7021	73
LAPTM4B	10171	1438	743	5429	1041	582	19584	198
MATN2	402	50	13	268	32	20	664	6
RPL30	58177	5697	3922	25083	3907	3143	122960	891
ERICH5	5	1	5	5	0	1	11	0
RIDA	600	110	59	365	69	48	1216	17
POP1	134	46	14	135	27	19	323	2
NIPAL2	22	11	0	65	14	8	48	5
STK3	301	337	17	1476	277	179	585	76
KCNS2	1	0	0	0	0	0	0	0
OSR2	2	1	0	0	0	0	14	0
VPS13B	177	433	5	2040	463	256	365	80
COX6C	7798	776	629	3837	646	440	14952	106
RGS22	7	2	0	45	6	4	33	1
FBXO43	21	3	2	31	8	5	59	0
POLR2K	2109	258	190	1090	168	160	4388	35
SPAG1	54	18	5	79	9	7	83	4
RNF19A	355	84	14	597	71	58	695	14
ANKRD46	411	62	21	281	50	46	854	7
SNX31	0	2	0	3	1	1	1	0
PABPC1	10066	1003	997	4912	727	607	20690	222
YWHAZ	5255	890	356	5138	812	587	10154	144
ZNF706	2684	268	233	1221	188	162	4557	43
GRHL2	0	16	1	55	6	4	4	0
NCALD	26	30	2	321	52	51	87	16
RRM2B	172	38	29	201	27	41	338	4
UBR5	688	320	64	1660	299	183	1445	55
ODF1	0	0	0	0	0	0	2	0
KLF10	197	27	15	220	19	10	550	7
AZIN1	617	117	72	565	99	88	1293	18
ATP6V1C1	362	64	62	338	48	42	593	8
BAALC	402	78	22	402	70	13	729	9
FZD6	196	82	12	407	84	66	389	21
CTHRC1	3094	168	113	750	186	159	5575	13
SLC25A32	22	76	1	349	48	37	67	13
DCAF13	1775	233	144	1050	205	138	3594	44
RIMS2	83	230	22	1221	435	106	121	29
DPYS	4	1	1	2	0	2	7	0
DCSTAMP	0	0	0	1	0	0	1	0
LRP12	282	90	7	358	75	69	646	23
ZFPM2	390	260	8	4442	566	590	603	103
OXR1	379	159	17	467	121	118	817	26
ABRA	0	1	0	0	0	0	0	0
ANGPT1	158	68	5	185	31	28	254	10
RSPO2	1040	123	14	1181	313	535	695	3
EIF3E	10070	1252	541	6447	1061	796	18952	198
EMC2	1232	116	62	685	112	88	2274	21
TMEM74	21	6	4	16	2	4	45	1
TRHR	0	1	0	5	1	0	0	0
NUDCD1	486	137	29	532	104	49	1057	17
ENY2	6057	619	354	2825	487	372	11525	107
PKHD1L1	10	4	0	47	2	2	45	3
EBAG9	449	72	25	277	43	31	967	11
SYBU	2	1	0	7	0	1	8	0
KCNV1	0	0	0	2	1	0	10	1
CSMD3	17	12	0	211	50	29	24	1
TRPS1	278	232	16	1345	275	164	706	41
EIF3H	5932	683	441	3250	543	425	12310	130
UTP23	388	57	32	336	41	44	739	8
RAD21	2976	514	161	2135	396	281	5985	71
AARD	93	4	7	27	4	1	147	1
SLC30A8	4	6	0	33	0	1	137	1
MED30	571	77	52	334	63	45	1361	16
EXT1	665	963	33	4569	840	708	1247	186
SAMD12	15	42	9	130	18	9	52	2
TNFRSF11B	93	17	1	182	6	0	164	21
COLEC10	100	13	0	32	7	0	171	3
MAL2	75	12	45	33	3	4	171	1
CCN3	35	2	1	11	0	1	37	0
ENPP2	498	39	6	165	17	50	535	2
TAF2	314	138	20	685	116	76	681	22
DSCC1	359	65	46	273	68	34	867	20
DEPTOR	69	25	6	75	11	12	88	0
COL14A1	176	16	18	103	14	9	208	1
MRPL13	2268	264	172	1337	207	177	4466	46
MTBP	86	96	5	362	73	41	192	13
SNTB1	14	27	3	66	12	7	27	0
HAS2	5445	965	126	5338	718	321	12318	137
ZHX2	74	102	5	431	62	26	135	9
DERL1	818	112	68	385	60	57	1375	13
TBC1D31	148	54	16	216	35	29	293	7
FAM83A	1	1	0	1	1	0	1	0
C8orf76	473	97	30	463	75	50	991	20
ZHX1	426	45	16	248	38	51	788	8
ATAD2	546	215	16	725	193	104	1110	32
WDYHV1	415	89	15	270	64	31	826	10
FBXO32	126	4	4	40	1	0	226	6
KLHL38	0	0	0	0	0	0	0	0
ANXA13	0	0	0	0	0	0	5	0
FAM91A1	190	43	21	268	42	34	375	2
FER1L6	0	1	0	3	0	0	0	0
TMEM65	260	57	16	395	58	34	451	19
TRMT12	126	10	7	77	11	7	239	1
RNF139	288	41	18	109	11	25	559	7
TATDN1	1013	206	78	807	114	104	2286	40
NDUFB9	3268	327	417	1417	243	157	6691	55
MTSS1	101	169	1	186	67	26	335	11
ZNF572	5	4	1	17	3	3	2	0
SQLE	2554	356	142	1656	312	225	5401	53
WASHC5	321	74	16	364	59	46	550	6
NSMCE2	639	376	56	2034	332	242	1574	84
TRIB1	69	20	14	48	7	0	199	3
LRATD2	339	45	22	171	37	31	690	3
POU5F1B	35	2	15	8	1	0	48	0
MYC	697	34	49	225	25	57	1088	14
GSDMC	0	0	0	0	0	0	0	0
FAM49B	1348	264	102	1331	273	165	2773	53
ASAP1	1139	414	45	1899	412	286	1640	85
ADCY8	3	2	0	32	1	1	6	1
EFR3A	409	99	36	464	80	60	593	12
OC90	0	0	0	3	0	0	0	0
HHLA1	1	1	1	12	0	0	1	0
KCNQ3	4	7	2	70	10	5	3	0
LRRC6	80	21	0	113	20	11	167	2
TMEM71	0	0	0	0	0	0	1	0
PHF20L1	891	148	52	683	120	115	1760	26
TG	46	3	1	25	6	4	42	0
SLA	85	12	0	20	4	5	138	0
CCN4	245	12	1	55	18	41	208	0
NDRG1	150	11	8	77	7	14	396	2
ST3GAL1	789	145	30	826	169	108	942	15
ZFAT	67	27	7	122	33	15	116	9
KHDRBS3	200	234	22	404	138	38	999	36
FAM135B	0	4	0	1	1	2	0	0
COL22A1	5	10	0	44	22	6	52	5
KCNK9	1	1	0	0	0	1	6	0
TRAPPC9	118	151	5	709	142	77	254	38
CHRAC1	460	88	46	287	43	42	1438	19
AGO2	671	131	53	578	120	84	1421	20
PTK2	1001	907	62	4368	653	501	1956	155
DENND3	31	10	1	31	5	10	94	0
SLC45A4	49	27	8	76	23	17	116	9
GPR20	0	6	0	44	5	6	1	1
PTP4A3	2	27	1	94	25	17	8	3
AC138647.1	0	0	0	0	0	0	0	0
TSNARE1	24	28	1	128	22	19	23	7
ADGRB1	7	2	5	9	4	0	28	0
ARC	8	0	7	4	0	1	14	0
JRK	170	12	12	71	14	11	292	3
PSCA	0	0	0	1	0	0	4	0
LY6K	11	0	3	0	0	0	60	0
THEM6	73	2	5	31	8	3	179	1
SLURP1	0	0	0	0	0	0	0	0
LYPD2	7	0	2	1	0	0	47	0
SLURP2	0	0	0	2	0	0	0	0
LYNX1	12	1	0	11	2	1	33	0
LY6D	0	0	0	0	0	0	0	0
GML	0	0	0	0	0	0	0	0
CYP11B1	0	0	0	0	0	0	0	0
CYP11B2	0	0	0	0	0	0	0	0
LY6E	51	262	0	1648	271	244	64	56
LY6L	0	0	0	0	0	0	0	0
LY6H	3	6	0	79	12	8	11	3
GPIHBP1	0	0	0	0	0	0	0	0
ZFP41	44	10	0	72	8	8	84	1
GLI4	322	27	29	192	26	16	688	5
ZNF696	96	15	3	61	6	8	186	1
TOP1MT	333	35	25	144	17	18	883	9
RHPN1	50	6	8	11	3	3	110	0
MAFA	11	0	6	11	1	0	15	3
ZC3H3	144	17	10	130	28	19	368	4
GSDMD	69	14	1	95	7	9	70	4
MROH6	2	1	0	9	0	3	2	0
NAPRT	176	47	15	54	26	16	841	10
EEF1D	5413	1409	393	5190	910	840	11974	214
TIGD5	0	17	0	127	26	14	0	7
PYCR3	1	15	1	46	10	9	0	2
TSTA3	334	102	41	363	74	54	771	12
ZNF623	3	24	0	117	31	15	1	5
ZNF707	1	11	0	66	9	4	4	1
CCDC166	0	0	0	0	0	0	0	0
MAPK15	3	3	0	10	1	0	6	0
FAM83H	0	10	0	65	3	7	0	0
IQANK1	0	8	0	24	4	1	1	2
SCRIB	45	25	4	100	10	10	67	0
PUF60	181	243	14	1084	187	125	348	50
NRBP2	80	3	29	21	5	6	183	2
EPPK1	2	1	8	2	0	1	15	0
PLEC	447	35	25	193	24	28	890	4
PARP10	23	0	1	17	2	0	68	0
GRINA	1229	71	99	372	45	52	2161	10
SPATC1	0	1	0	5	2	1	0	0
OPLAH	81	4	5	20	5	6	177	1
EXOSC4	764	65	69	338	65	46	1589	17
GPAA1	1567	91	105	481	83	55	2595	17
CYC1	2725	288	329	1198	237	168	5129	58
SHARPIN	1025	79	70	402	63	64	1952	15
MAF1	1354	124	117	581	92	71	2663	26
WDR97	0	0	1	2	0	1	3	0
HGH1	193	15	21	47	10	3	353	5
MROH1	81	17	15	95	15	16	165	1
BOP1	652	69	69	237	45	33	1135	12
SCX	84	8	11	31	5	3	191	0
HSF1	709	89	65	353	67	47	1382	18
DGAT1	380	38	27	113	30	25	770	6
SCRT1	1	0	0	3	0	0	0	1
TMEM249	0	0	1	2	0	0	3	1
SLC52A2	737	58	62	246	51	35	1300	13
FBXL6	128	18	21	55	12	8	383	2
ADCK5	164	12	15	92	18	13	365	1
CPSF1	600	72	25	376	76	28	1252	10
SLC39A4	972	25	78	419	26	35	2101	2
VPS28	2642	271	144	1071	206	161	5434	51
TONSL	204	30	24	134	17	14	439	1
CYHR1	923	97	75	366	66	43	1895	12
KIFC2	62	4	7	20	0	3	103	2
FOXH1	807	124	362	1009	66	17	2167	35
PPP1R16A	292	26	30	140	15	10	833	7
GPT	3	0	1	1	0	0	3	0
MFSD3	343	53	45	158	35	21	750	15
RECQL4	167	18	16	60	9	14	301	4
LRRC14	202	37	31	75	15	7	462	3
LRRC24	48	3	1	12	2	3	80	1
C8orf82	390	44	42	155	35	18	854	3
ARHGAP39	107	15	5	127	18	26	225	7
ZNF251	16	70	2	289	61	29	46	7
ZNF34	44	2	6	36	3	3	163	1
RPL8	58661	6608	6362	26215	4547	3373	118945	1055
ZNF517	36	9	2	28	4	3	55	0
ZNF7	303	34	23	179	20	19	621	4
COMMD5	587	47	51	211	27	31	1126	22
ZNF250	98	43	12	133	30	19	309	3
ZNF16	182	40	17	162	16	5	413	7
C8orf33	892	94	37	374	61	67	1647	18
WASHC1	105	34	4	125	15	6	266	6
FOXD4	3	0	0	2	0	0	6	0
CBWD1	338	43	24	268	35	37	739	3
DOCK8	15	10	0	57	14	13	22	3
KANK1	242	119	25	336	85	42	471	19
DMRT1	1	0	1	3	0	1	4	0
DMRT3	9	5	1	14	1	2	11	1
DMRT2	1	0	0	0	2	2	4	0
SMARCA2	468	86	26	662	91	59	789	12
VLDLR	100	7	10	82	6	13	213	2
KCNV2	0	1	0	4	1	1	2	0
PUM3	768	160	71	765	151	102	1421	21
RFX3	187	308	8	1445	249	160	402	52
GLIS3	19	42	1	313	32	11	57	11
SLC1A1	66	17	2	129	10	6	119	0
SPATA6L	13	2	1	20	5	1	14	1
PLPP6	70	8	1	24	10	5	131	2
CDC37L1	304	39	34	299	27	33	532	10
AK3	689	139	46	512	90	70	1496	32
RCL1	168	46	14	155	35	20	312	8
JAK2	44	46	4	256	35	25	111	10
IGHEP2	2	0	0	1	0	0	4	0
INSL6	1	4	1	18	1	1	3	0
INSL4	0	0	0	0	0	0	1	0
RLN2	7	4	3	5	1	1	16	0
RLN1	2	0	1	2	1	0	5	0
PLGRKT	609	89	45	398	72	63	1397	18
CD274	1	0	0	1	0	0	7	0
PDCD1LG2	1	1	0	7	1	2	3	1
RIC1	174	129	9	528	124	87	302	22
ERMP1	45	19	11	108	25	12	115	4
KIAA2026	424	110	32	615	79	80	841	23
MLANA	0	0	0	4	1	0	0	0
RANBP6	195	33	16	123	24	23	396	5
IL33	0	2	0	4	0	0	0	0
TPD52L3	0	0	0	0	0	0	0	0
UHRF2	333	151	9	656	128	98	630	25
GLDC	52	28	29	178	12	5	132	8
KDM4C	88	69	11	474	62	41	160	16
DMAC1	1872	217	108	925	148	141	3544	27
PTPRD	977	989	24	10346	1339	1638	1723	207
TYRP1	337	21	1	180	12	1	404	1
LURAP1L	195	21	2	105	2	11	159	8
MPDZ	722	232	36	1020	220	140	1420	40
NFIB	163	50	7	205	35	17	262	18
ZDHHC21	122	75	23	298	39	32	320	13
CER1	682	26	38	972	7	43	2706	24
FREM1	821	2003	16	6168	1358	918	1930	267
TTC39B	76	78	8	252	40	16	155	13
SNAPC3	616	135	46	488	98	74	1243	12
PSIP1	2820	626	385	1952	443	280	6731	94
CCDC171	92	64	4	246	53	46	284	17
C9orf92	7	2	0	40	9	6	4	1
BNC2	1229	812	20	7553	1211	1037	2024	147
CNTLN	653	243	36	885	253	139	1233	35
SH3GL2	41	11	2	31	8	15	49	4
ADAMTSL1	26	21	2	171	17	47	44	1
SAXO1	3	4	0	18	6	4	5	2
RRAGA	1334	107	94	510	81	69	2578	18
HAUS6	512	137	38	462	105	60	942	17
PLIN2	2175	243	173	1442	262	153	4751	37
DENND4C	313	397	21	2683	341	222	543	43
RPS6	68722	6945	5027	32984	5311	3876	123984	1106
ACER2	4	26	1	68	13	5	8	6
SLC24A2	11	72	1	172	44	11	16	14
MLLT3	1367	1270	17	2876	906	779	2681	143
FOCAD	318	280	19	1696	306	208	611	47
HACD4	96	14	3	77	11	9	192	1
IFNB1	1	0	0	0	0	0	0	0
IFNW1	0	0	0	0	0	0	0	0
IFNA21	0	0	0	0	0	0	0	0
IFNA4	0	0	0	0	0	0	0	0
IFNA7	0	0	0	0	0	0	0	0
IFNA10	0	0	0	0	0	0	0	0
IFNA16	0	0	0	0	0	0	0	0
IFNA17	0	0	0	0	0	0	0	0
IFNA14	0	0	0	0	0	0	0	0
IFNA5	0	0	0	0	0	0	0	0
KLHL9	392	41	13	223	35	25	705	9
IFNA6	0	0	0	0	0	0	0	0
IFNA13	0	0	0	0	0	0	0	0
IFNA2	0	0	0	0	0	0	0	0
IFNA8	0	0	0	0	0	0	0	0
IFNA1	0	0	0	0	0	0	0	0
IFNE	0	0	0	0	0	0	0	0
MTAP	459	188	45	1026	183	127	899	40
CDKN2A	2	0	0	2	0	0	3	0
CDKN2B	21	3	8	16	1	0	38	1
DMRTA1	43	6	11	75	6	4	108	0
ELAVL2	20	12	4	54	8	4	54	2
IZUMO3	0	0	0	0	0	0	0	0
TUSC1	341	66	30	277	48	32	682	6
CAAP1	398	110	41	453	60	62	876	25
PLAA	596	86	35	467	83	65	1012	14
IFT74	516	143	25	471	105	69	1184	20
LRRC19	1	4	0	16	4	3	2	1
TEK	445	76	11	473	62	60	610	5
EQTN	2	1	0	2	0	0	2	0
MOB3B	113	89	13	353	74	59	286	16
IFNK	0	0	0	0	0	0	0	0
C9orf72	186	60	6	287	51	33	503	9
LINGO2	21	99	2	790	148	58	44	25
ACO1	514	53	27	350	79	45	1112	13
DDX58	85	28	6	243	30	14	169	11
TOPORS	834	76	59	465	70	60	1596	23
SMIM27	171	28	16	63	10	3	356	3
NDUFB6	2783	321	187	1206	246	174	5324	56
TAF1L	1	0	0	0	0	0	0	0
TMEM215	27	1	2	2	0	0	26	0
APTX	601	160	43	567	84	78	1269	14
DNAJA1	7328	897	470	4174	751	495	16163	164
SMU1	849	189	57	783	132	95	1856	33
B4GALT1	620	61	19	315	52	57	1002	9
SPINK4	16	4	0	13	1	0	54	1
BAG1	1374	152	102	590	111	89	2415	23
CHMP5	2443	239	134	1238	198	122	4913	41
NFX1	250	102	28	639	110	67	557	18
AQP7	1	0	0	3	0	0	4	0
AQP3	191	1	4	55	4	4	215	0
NOL6	164	15	15	61	13	13	283	1
ANKRD18B	129	19	1	99	30	14	193	2
TRBV20OR9-2	3	0	0	1	0	0	0	0
TRBV21OR9-2	0	0	0	0	0	0	0	0
TRBV22OR9-2	0	0	0	0	0	0	0	0
TRBV23OR9-2	0	0	0	0	0	0	0	0
TRBV24OR9-2	1	0	0	4	0	0	0	0
TRBV25OR9-2	0	0	0	0	0	0	0	0
TRBV26OR9-2	5	2	0	4	0	0	3	0
PRSS3	0	0	0	20	2	1	0	0
TRBV29OR9-2	0	0	0	0	0	0	0	0
UBE2R2	3282	452	181	2252	454	290	6453	93
UBAP2	684	234	56	997	187	137	1284	28
DCAF12	246	43	19	232	40	22	646	8
UBAP1	278	110	23	606	109	77	642	23
KIF24	44	36	1	138	28	16	95	7
NUDT2	659	75	32	323	48	42	724	17
MYORG	10	0	1	14	0	2	33	1
C9orf24	5	1	3	29	5	2	30	0
FAM219A	92	16	7	186	12	12	132	4
DNAI1	1	7	0	11	1	1	4	1
ENHO	91	27	15	70	9	18	249	8
CNTFR	580	57	40	411	26	23	1336	27
RPP25L	478	60	38	241	32	24	918	10
DCTN3	2424	264	132	1060	198	122	5325	47
ARID3C	2	0	0	1	0	0	3	0
SIGMAR1	594	74	72	281	57	41	1287	8
GALT	350	18	32	151	26	15	643	8
IL11RA	546	15	25	88	21	23	1385	9
CCL27	5	0	0	1	1	0	16	0
AL162231.1	132	16	8	74	19	7	291	1
CCL19	0	0	0	0	0	0	1	0
CCL21	5	0	0	0	0	0	0	0
FAM205A	0	0	0	0	0	0	0	0
FAM205C	2	0	0	0	0	0	1	0
PHF24	15	1	0	2	0	1	19	0
DNAJB5	88	9	14	61	7	11	156	0
C9orf131	0	0	0	1	0	0	2	0
VCP	4032	453	293	2165	336	248	7116	90
FANCG	365	38	19	154	31	24	730	17
PIGO	128	10	11	50	13	10	257	0
STOML2	3829	457	353	1741	347	224	8059	74
FAM214B	159	11	11	54	10	11	310	0
UNC13B	132	69	28	375	64	30	277	17
RUSC2	63	34	2	171	18	13	123	6
FAM166B	11	6	0	7	2	1	34	0
TESK1	197	10	14	58	12	6	404	4
CD72	7	5	1	24	7	7	38	1
SIT1	2	0	3	2	0	0	5	0
CCDC107	551	61	37	293	40	34	1179	7
ARHGEF39	240	68	17	120	36	21	420	10
CA9	18	1	2	3	2	0	49	0
TPM2	7047	586	423	3200	604	372	14102	98
TLN1	1522	163	54	749	151	108	2689	18
CREB3	745	61	55	288	55	36	1390	13
GBA2	277	35	35	160	29	18	551	4
RGP1	184	29	18	68	12	12	408	1
MSMP	2	0	0	1	0	1	4	0
NPR2	92	8	4	49	11	4	162	1
SPAG8	4	0	2	5	0	0	22	1
HINT2	98	117	7	442	90	55	191	12
TMEM8B	138	16	10	65	10	10	341	0
FAM221B	1	0	0	1	0	0	1	0
OR13J1	0	0	0	0	0	0	0	0
HRCT1	1	0	0	1	0	0	2	0
SPAAR	3	0	0	4	0	0	4	0
OR2S2	0	0	0	0	0	0	0	0
RECK	274	134	8	345	75	43	606	17
GLIPR2	971	251	30	1012	179	25	1892	22
CCIN	3	0	0	2	0	0	1	0
CLTA	9837	981	784	4952	856	488	19120	129
GNE	110	40	8	212	48	25	184	7
RNF38	153	264	13	1511	296	182	362	51
MELK	522	213	26	671	145	94	958	35
PAX5	2	0	1	6	3	1	3	0
ZCCHC7	431	272	30	1323	216	161	998	67
GRHPR	2127	248	121	901	184	136	3836	38
ZBTB5	74	31	4	126	18	20	168	4
POLR1E	472	52	32	154	28	28	873	4
FBXO10	150	70	6	339	55	37	255	8
TOMM5	628	565	41	2324	433	386	1312	86
FRMPD1	0	1	0	6	2	1	4	0
TRMT10B	185	41	12	207	26	26	404	4
EXOSC3	940	106	118	616	104	73	1839	16
DCAF10	365	144	24	716	95	79	794	20
SLC25A51	82	40	10	146	16	11	213	7
SHB	244	30	8	371	28	17	347	15
ALDH1B1	163	20	15	75	6	17	376	2
IGFBPL1	68	21	14	75	9	13	168	2
ANKRD18A	8	4	2	28	3	1	10	3
FAM240B	0	0	0	0	0	0	0	0
CNTNAP3	6	8	3	76	8	3	19	4
SPATA31A1	0	0	0	0	0	0	0	0
BX664615.2	0	6	2	44	11	3	8	1
ANKRD20A2	0	0	0	0	0	0	0	0
IGKV1OR9-2	0	0	0	0	0	0	0	0
FOXD4L6	1	0	0	0	0	0	0	0
CBWD6	55	10	8	46	8	5	96	1
CNTNAP3B	4	16	0	74	13	8	22	2
SPATA31A6	0	0	0	0	0	0	0	0
SPATA31A5	0	0	0	0	0	0	0	0
SPATA31A7	0	0	0	0	0	0	0	0
CNTNAP3C	0	0	1	6	1	0	0	0
AL391987.2	1	0	0	0	0	0	0	0
AL391987.1	0	0	0	0	0	0	0	0
ANKRD20A4	0	0	0	0	0	0	1	0
IGKV1OR-2	0	0	0	0	0	0	0	0
IGKV1OR9-1	0	0	0	0	0	0	0	0
FOXD4L5	0	0	0	0	0	0	0	0
CBWD5	73	21	7	144	25	14	350	3
FOXD4L4	0	0	0	0	0	0	0	0
IGKV1OR-3	0	0	0	0	0	0	0	0
ANKRD20A3	0	0	0	1	0	0	0	0
ZNF658	21	9	1	58	6	5	43	1
SPATA31A3	0	0	0	0	0	0	0	0
AL627230.3	0	0	0	0	0	0	0	0
AL627230.1	0	0	0	2	0	0	0	0
ANKRD20A1	2	0	0	0	0	1	2	1
CBWD3	37	11	1	53	8	10	72	2
FOXD4L3	0	0	0	0	0	0	0	0
PGM5	526	105	2	36	103	82	909	21
TMEM252	0	0	0	0	0	0	0	0
PIP5K1B	27	54	2	70	10	8	45	3
FAM122A	296	17	23	129	9	16	519	6
PRKACG	0	0	0	0	0	0	0	0
FXN	482	84	39	342	75	54	885	20
TJP2	6	28	1	128	45	29	20	3
FAM189A2	7	7	7	30	2	1	27	2
APBA1	0	3	0	42	4	2	0	1
PTAR1	251	82	54	415	87	60	603	15
C9orf135	48	5	60	51	3	1	115	1
MAMDC2	26	13	1	198	18	14	46	2
SMC5	906	287	39	1351	261	180	1869	45
KLF9	11	1	0	10	1	1	28	0
TRPM3	40	97	3	697	84	40	91	20
CEMIP2	681	224	27	1106	164	143	971	32
ABHD17B	343	110	40	594	129	72	632	38
C9orf85	376	105	25	453	74	81	753	25
C9orf57	0	0	0	0	0	1	1	0
GDA	13	24	0	8	8	8	60	1
ZFAND5	1458	177	110	841	143	108	2697	43
TMC1	0	2	0	6	2	0	3	1
ALDH1A1	25	1	0	7	1	1	16	0
ANXA1	814	29	428	276	13	92	1351	6
RORB	3	0	2	26	1	0	8	0
TRPM6	1	5	0	4	3	2	7	0
C9orf40	405	84	33	298	69	34	963	17
CARNMT1	267	71	28	331	55	43	502	7
NMRK1	348	21	8	151	10	22	533	6
OSTF1	544	35	47	217	29	39	854	14
PCSK5	178	129	13	662	124	139	397	22
RFK	374	62	21	185	35	25	674	8
GCNT1	415	62	18	421	56	65	769	16
PRUNE2	14	16	1	111	9	3	34	3
FOXB2	0	0	0	0	0	0	0	0
VPS13A	250	136	35	594	128	77	571	25
GNA14	5	4	3	41	0	6	6	0
GNAQ	880	430	64	2365	445	310	1595	64
CEP78	756	117	28	467	102	96	1628	34
PSAT1	1508	310	166	1184	210	148	3585	28
TLE4	723	217	43	1289	209	195	1635	55
TLE1	1416	154	62	896	169	148	2708	31
SPATA31D4	0	0	0	0	0	0	0	0
SPATA31D3	0	0	0	0	0	0	0	0
SPATA31D1	0	0	0	0	0	0	0	0
RASEF	6	2	3	8	1	0	3	0
FRMD3	5	12	0	95	8	6	16	1
IDNK	54	11	2	84	6	7	127	3
UBQLN1	887	187	71	783	141	86	1736	27
GKAP1	254	60	33	227	57	18	609	4
KIF27	87	57	7	198	40	19	232	7
C9orf64	59	30	3	0	11	14	192	0
HNRNPK	10230	1099	641	4910	875	697	20415	173
RMI1	268	87	19	243	55	46	521	11
SLC28A3	1	2	0	3	0	0	4	1
NTRK2	276	17	3	175	13	15	275	1
AGTPBP1	234	191	21	917	145	115	489	31
NAA35	541	149	53	674	118	79	1065	27
GOLM1	1693	304	77	1271	247	150	3459	45
C9orf153	4	17	0	70	6	2	18	2
ISCA1	837	124	72	547	96	81	1592	14
TUT7	221	70	25	296	48	40	485	12
GAS1	464	43	14	157	28	33	1097	11
DAPK1	349	232	39	955	155	88	704	39
CTSL	2899	148	112	1074	127	208	4035	10
SPATA31E1	2	0	0	0	0	0	0	0
AL353572.3	1	0	0	0	0	0	0	0
CDK20	77	4	5	21	5	2	133	1
SPIN1	756	246	57	1181	246	153	1446	48
NXNL2	10	1	0	13	9	1	20	0
S1PR3	664	43	19	243	70	51	1545	8
SHC3	4	0	5	46	5	5	12	2
CKS2	3624	600	512	2097	354	296	8027	115
SECISBP2	998	212	88	958	185	129	2156	36
SEMA4D	48	21	12	48	13	9	122	4
GADD45G	1013	99	40	430	60	44	2167	12
DIRAS2	8	5	1	13	8	5	21	1
SYK	1	1	1	5	1	3	4	0
AUH	216	110	21	453	85	77	469	19
NFIL3	281	34	17	152	30	21	511	7
ROR2	329	551	20	3302	412	183	791	150
SPTLC1	795	111	62	633	81	74	1482	19
IARS	1734	327	90	1598	236	179	3147	55
NOL8	585	90	37	438	65	43	1269	15
CENPP	194	347	17	2254	411	176	487	58
OGN	46	15	3	148	18	13	96	0
OMD	0	18	0	100	13	8	1	3
ASPN	9	19	0	113	16	5	21	4
ECM2	4	20	0	125	24	16	10	2
IPPK	109	18	9	162	13	8	171	2
BICD2	324	41	17	163	34	31	566	7
ZNF484	56	34	4	99	14	15	130	6
FGD3	18	1	1	17	7	4	33	1
SUSD3	16	3	2	14	2	0	40	1
CARD19	250	21	26	77	25	14	509	6
NINJ1	678	45	32	165	33	30	1082	11
WNK2	29	49	12	111	17	13	85	5
C9orf129	1	5	2	19	4	1	8	0
FAM120AOS	667	79	68	331	62	48	1299	15
FAM120A	572	99	46	555	96	69	1095	26
PHF2	147	29	8	142	32	20	282	7
BARX1	15	5	9	21	2	1	52	4
PTPDC1	143	54	8	250	41	26	288	7
ZNF169	36	25	5	67	18	13	111	0
NUTM2F	0	0	0	0	0	0	0	0
MFSD14B	454	102	35	446	69	82	790	13
FBP2	0	11	0	16	2	1	3	0
FBP1	9	1	1	5	0	1	10	0
AOPEP	966	418	17	1792	378	307	1813	70
FANCC	129	151	15	876	147	105	243	37
PTCH1	1339	773	21	1406	477	214	3539	98
ERCC6L2	473	247	16	1005	212	131	1000	36
HSD17B3	0	1	0	0	1	0	1	0
AL160269.1	0	1	0	4	0	1	0	0
SLC35D2	631	52	38	267	27	39	1299	6
ZNF367	33	54	4	161	59	27	98	10
HABP4	225	40	18	205	36	21	484	7
CDC14B	252	232	21	1198	169	75	554	39
PRXL2C	365	35	40	148	23	23	594	5
ZNF510	79	34	1	90	15	14	187	4
ZNF782	46	37	3	199	32	35	89	7
MFSD14C	596	221	24	988	175	88	1206	39
NUTM2G	0	2	0	9	1	0	1	0
CTSV	2100	181	169	1416	168	90	3630	30
CCDC180	43	12	1	85	13	12	99	3
TDRD7	40	7	3	57	6	7	35	1
TMOD1	278	106	43	461	52	11	757	28
TSTD2	156	106	5	350	55	45	347	17
NCBP1	347	59	29	368	52	49	648	9
XPA	636	83	16	288	67	49	1388	14
FOXE1	1	0	0	0	0	0	1	0
TRMO	114	15	12	95	16	9	242	2
HEMGN	0	0	0	0	0	0	0	0
ANP32B	7341	1251	376	4699	866	645	15187	182
NANS	1518	165	105	731	137	95	3060	26
TRIM14	27	17	13	62	10	7	84	3
CORO2A	172	37	35	154	20	13	296	14
TBC1D2	18	5	3	32	4	5	39	1
GABBR2	5	3	1	101	3	1	10	0
ANKS6	248	75	35	300	44	20	462	8
GALNT12	194	29	20	153	16	15	361	4
COL15A1	316	10	5	104	11	48	407	6
TGFBR1	481	134	24	616	101	101	993	27
ALG2	369	49	27	216	30	23	710	6
SEC61B	9691	829	673	4080	698	531	18258	141
NR4A3	5	4	1	38	1	5	4	0
STX17	518	90	18	406	66	52	977	11
ERP44	1152	133	84	729	120	106	2221	20
INVS	113	268	3	1362	294	165	209	45
TEX10	330	98	39	563	103	65	616	17
MSANTD3	536	79	41	356	62	51	1117	13
TMEFF1	43	297	1	796	195	107	104	51
CAVIN4	104	42	4	115	31	18	258	5
PLPPR1	0	13	0	102	10	8	0	1
BAAT	0	0	0	2	0	1	1	0
MRPL50	1346	161	99	597	116	75	2513	24
ZNF189	155	32	8	188	30	19	262	4
ALDOB	0	0	0	0	0	0	0	0
TMEM246	157	26	23	118	25	7	492	3
RNF20	564	105	52	396	87	50	1389	18
GRIN3A	0	0	0	3	2	0	0	0
PPP3R2	0	0	0	0	0	0	1	0
CYLC2	0	0	0	0	0	0	0	0
SMC2	1564	243	89	914	212	132	3532	44
OR13F1	0	0	0	0	0	0	0	0
OR13C4	0	0	0	0	0	0	0	0
OR13C3	0	0	0	0	0	0	0	0
OR13C8	0	0	0	0	0	0	0	0
OR13C5	0	0	0	0	0	0	0	0
OR13C2	0	0	0	0	0	0	0	0
OR13C9	0	0	0	0	0	0	0	0
OR13D1	0	0	0	0	0	0	0	0
NIPSNAP3A	384	57	24	197	40	36	983	4
NIPSNAP3B	17	5	3	29	3	7	74	1
ABCA1	350	113	9	389	53	44	749	29
SLC44A1	471	82	69	437	79	61	1016	22
FSD1L	88	108	4	385	78	67	179	16
FKTN	157	64	8	364	44	42	368	13
TAL2	12	2	1	8	0	0	34	0
TMEM38B	306	100	17	254	51	47	596	10
ZNF462	1051	316	72	1522	262	217	2239	61
RAD23B	2342	453	169	1955	351	248	4583	67
KLF4	19	2	8	5	1	0	49	1
ACTL7B	0	0	0	0	0	0	0	0
ACTL7A	0	0	0	0	0	0	0	0
ELP1	270	52	27	250	38	37	611	8
ABITRAM	185	30	5	115	24	16	375	5
CTNNAL1	1582	255	85	1158	224	130	2948	42
TMEM245	637	163	34	690	144	100	1244	32
FRRS1L	35	7	0	29	7	10	100	1
EPB41L4B	30	5	13	29	8	3	41	0
PTPN3	9	10	2	53	8	2	21	2
PALM2-AKAP2	498	124	45	640	121	93	774	12
C9orf152	0	0	0	2	0	0	0	0
TXN	8730	1024	1000	5095	798	532	17871	157
TXNDC8	0	1	0	4	0	0	0	0
SVEP1	778	279	22	1644	303	155	1144	51
MUSK	14	3	0	32	5	2	10	0
LPAR1	203	47	2	157	62	51	337	19
OR2K2	0	0	0	0	0	0	0	0
ECPAS	524	138	42	642	121	111	846	28
ZNF483	63	40	54	153	38	23	303	8
PTGR1	2449	290	90	1112	155	171	4015	42
DNAJC25	204	49	19	244	27	29	410	7
GNG10	24	247	1	1137	204	168	49	53
SHOC1	0	22	0	102	16	19	2	8
UGCG	245	79	35	274	42	33	574	6
SUSD1	88	36	7	230	36	32	152	2
PTBP3	567	226	55	888	120	105	1199	34
HSDL2	624	134	34	435	81	58	1263	22
KIAA1958	343	570	11	2508	361	269	706	64
INIP	442	83	21	307	52	29	948	23
SNX30	88	38	11	203	33	28	211	9
SLC46A2	0	0	0	1	1	0	0	0
ZNF883	197	53	18	112	32	15	477	10
ZFP37	37	35	3	114	10	10	212	1
SLC31A2	54	6	6	20	3	1	111	3
FKBP15	263	49	11	239	25	31	511	3
SLC31A1	430	64	40	292	36	37	898	10
CDC26	23	190	1	900	134	105	49	33
PRPF4	701	82	53	317	43	43	1334	10
RNF183	1	0	0	1	0	0	5	0
WDR31	38	9	3	26	10	5	105	1
BSPRY	3	2	7	4	1	1	6	0
HDHD3	243	17	26	126	17	14	434	4
ALAD	222	25	7	89	19	23	411	5
POLE3	743	85	55	341	73	57	1717	7
C9orf43	8	1	0	4	1	2	17	0
RGS3	588	45	15	214	37	42	1034	6
ZNF618	770	168	25	788	173	136	1385	22
AMBP	0	0	0	2	1	0	6	0
KIF12	4	3	1	2	1	2	10	0
COL27A1	648	101	24	583	134	105	1005	23
ORM1	1	0	0	1	0	0	0	0
ORM2	0	1	0	0	0	1	0	0
AKNA	47	10	7	44	5	5	119	3
WHRN	24	12	3	50	19	6	97	1
ATP6V1G1	6050	634	683	2634	450	324	11540	92
TMEM268	37	6	2	45	6	5	69	0
TEX53	0	0	0	1	0	0	0	0
TEX48	0	1	0	1	0	0	0	0
TNFSF15	2	0	1	1	0	0	18	0
TNFSF8	0	0	0	0	0	0	0	0
TNC	373	160	13	1559	279	11	883	11
PAPPA	366	53	4	424	63	107	603	19
ASTN2	69	85	1	443	56	40	112	14
TRIM32	142	15	10	81	10	8	306	4
TLR4	30	2	5	23	3	4	26	0
BRINP1	63	25	14	166	14	4	116	3
CDK5RAP2	610	213	35	791	140	107	1346	32
MEGF9	40	52	3	130	37	21	100	15
FBXW2	468	62	37	388	50	52	868	19
B3GNT10	14	7	0	19	3	5	30	0
PSMD5	467	123	22	290	95	86	803	17
PHF19	715	50	41	166	49	65	1118	1
TRAF1	17	5	2	16	4	3	26	0
C5	18	7	0	23	13	5	74	1
CNTRL	279	96	11	302	70	57	742	13
RAB14	1043	150	80	695	101	77	2135	24
GSN	769	42	40	329	29	52	1416	9
STOM	1496	108	60	340	72	86	2348	14
DAB2IP	277	62	12	350	61	43	520	8
TTLL11	21	7	2	52	13	2	20	0
NDUFA8	2192	215	230	1001	154	133	4425	37
MORN5	5	2	0	5	2	1	15	0
LHX6	0	0	0	2	0	0	2	0
RBM18	383	65	23	271	41	35	740	9
MRRF	275	67	22	254	40	30	597	12
PTGS1	1	0	0	4	0	1	14	0
OR1J1	0	0	0	0	0	0	0	0
OR1J2	0	0	0	0	0	0	0	0
OR1J4	0	0	0	0	0	0	0	0
OR1N1	0	0	0	0	0	0	0	0
OR1N2	0	0	0	0	0	0	0	0
OR1L8	1	0	0	0	0	0	0	0
OR1Q1	0	0	0	0	0	0	0	0
OR1B1	0	0	0	0	0	0	0	0
OR1L1	0	0	0	0	0	0	0	0
OR1L3	0	0	0	0	0	0	0	0
OR1L4	0	0	0	0	0	0	0	0
OR1L6	0	0	0	0	0	0	0	0
OR5C1	0	0	0	0	0	0	0	0
PDCL	709	93	39	414	63	51	1471	13
OR1K1	0	0	0	0	0	0	0	0
RC3H2	376	146	26	658	125	97	743	23
ZBTB6	89	30	7	120	16	13	242	4
ZBTB26	56	28	5	105	13	25	109	2
RABGAP1	679	263	25	1393	219	186	1267	53
GPR21	1	0	0	0	0	0	1	0
STRBP	876	321	81	1200	213	141	1654	41
CRB2	923	72	23	503	79	58	2072	9
DENND1A	151	233	8	1452	245	96	303	52
LHX2	168	24	3	77	15	16	373	7
NEK6	360	46	22	149	44	19	551	4
PSMB7	4261	448	341	2048	352	276	8133	68
ADGRD2	0	1	0	0	2	0	2	0
NR5A1	1	0	0	4	1	0	2	0
NR6A1	941	523	120	2787	348	203	1836	110
OLFML2A	30	5	2	32	4	2	84	0
WDR38	0	0	0	1	0	0	0	0
RPL35	33787	3415	2364	13850	2473	1963	67974	526
ARPC5L	1873	186	172	888	161	102	3389	27
GOLGA1	161	48	12	161	23	29	300	6
SCAI	248	136	15	607	122	97	464	24
PPP6C	658	111	37	582	107	78	1231	17
RABEPK	332	50	31	216	23	32	664	8
HSPA5	10270	689	528	3316	540	404	18217	139
GAPVD1	483	94	32	574	102	78	905	14
MAPKAP1	754	224	64	998	170	128	1496	24
PBX3	362	372	43	2270	309	143	711	112
MVB12B	152	86	8	357	75	37	276	21
LMX1B	13	42	0	20	3	4	43	2
ZBTB43	304	56	20	210	49	30	528	4
ZBTB34	68	17	11	39	10	10	150	2
RALGPS1	38	36	7	112	12	14	92	4
ANGPTL2	800	30	14	239	30	45	1335	5
GARNL3	27	38	2	248	30	26	63	3
SLC2A8	219	10	33	103	12	11	327	4
ZNF79	27	7	2	39	7	6	56	0
RPL12	44310	5800	4871	23024	3736	2873	95974	791
LRSAM1	92	26	7	105	17	19	158	4
NIBAN2	184	11	15	77	21	12	351	6
STXBP1	99	40	13	109	15	13	260	0
PTRH1	225	18	35	81	13	18	496	5
CFAP157	1	1	1	4	1	0	7	0
TTC16	0	1	0	1	0	0	2	1
TOR2A	276	32	25	138	19	13	671	4
SH2D3C	17	1	4	25	4	6	39	0
CDK9	527	40	52	193	36	27	1140	12
FPGS	245	38	20	127	20	17	520	6
ENG	20	1	3	17	1	1	68	0
AK1	208	105	8	466	111	84	363	20
ST6GALNAC6	1	37	1	119	18	19	4	8
ST6GALNAC4	179	9	18	49	10	9	363	1
PIP5KL1	15	3	4	8	3	1	42	0
DPM2	917	91	89	362	48	41	1917	29
FAM102A	297	28	21	140	30	20	516	2
NAIF1	65	4	3	27	3	2	121	2
SLC25A25	66	13	13	98	18	13	149	6
PTGES2	909	104	94	379	56	39	1745	9
LCN2	0	0	1	0	0	0	0	0
C9orf16	2210	335	216	711	206	133	5774	39
CIZ1	704	43	52	284	35	33	1390	19
DNM1	323	71	14	253	76	62	739	21
GOLGA2	702	64	36	356	64	59	1406	15
SWI5	1148	145	80	653	97	85	2213	21
TRUB2	657	61	69	259	54	41	1263	11
COQ4	683	78	57	338	63	40	1515	12
SLC27A4	188	26	21	108	22	14	274	3
URM1	771	64	73	366	70	47	1472	16
CERCAM	453	25	24	146	21	21	819	6
ODF2	347	93	13	366	50	49	783	13
GLE1	189	35	14	142	28	19	387	5
SPTAN1	973	159	60	930	128	102	1746	24
WDR34	917	92	57	370	61	37	1340	17
SET	12123	2369	1399	7925	1527	1321	26813	340
PKN3	141	32	13	133	27	26	323	7
ZDHHC12	602	57	75	319	30	32	1180	5
ZER1	137	43	8	270	56	34	287	5
TBC1D13	247	28	24	124	20	9	427	6
ENDOG	776	96	68	527	102	46	1419	20
SPOUT1	2	51	0	121	24	17	2	4
KYAT1	18	31	3	175	29	19	48	5
LRRC8A	477	63	24	272	46	40	826	8
PHYHD1	553	39	29	188	20	26	1024	7
DOLK	317	28	19	106	17	13	493	0
NUP188	383	76	38	255	49	23	689	5
SH3GLB2	335	43	48	149	29	18	776	8
MIGA2	97	9	12	41	9	4	184	3
DOLPP1	256	29	18	67	9	7	474	3
CRAT	206	19	12	80	14	9	465	7
PTPA	644	63	56	297	45	38	1221	11
IER5L	440	48	17	191	27	24	1165	21
NTMT1	1404	171	108	676	107	78	2513	14
C9orf50	0	1	0	1	0	0	5	0
ASB6	152	13	8	43	10	7	261	0
PRRX2	471	94	20	151	45	31	975	11
PTGES	35	3	8	9	4	0	136	0
TOR1B	125	20	11	88	24	18	232	9
TOR1A	668	72	41	320	35	33	1295	11
C9orf78	977	114	74	584	109	79	2285	17
USP20	47	18	6	82	11	4	94	3
FNBP1	575	169	30	743	125	92	1019	33
GPR107	205	85	19	408	49	58	403	13
NCS1	594	80	27	256	67	51	1050	18
HMCN2	2	2	1	4	1	0	8	0
ASS1	139	24	23	285	14	5	298	3
FUBP3	585	110	39	663	97	68	1145	18
PRDM12	5	2	2	8	0	3	14	0
EXOSC2	445	51	41	217	43	29	886	5
ABL1	454	267	23	984	199	158	900	36
QRFP	0	0	0	0	0	0	0	0
FIBCD1	13	2	5	9	2	2	41	1
LAMC3	193	36	15	306	23	5	205	5
AIF1L	286	93	56	332	68	34	700	21
NUP214	433	137	15	696	105	58	805	28
FAM78A	12	1	1	4	0	0	22	0
PLPP7	29	7	0	31	7	0	51	2
PRRC2B	1093	365	113	1616	324	215	2173	64
POMT1	131	33	8	119	16	10	308	8
UCK1	470	45	38	143	25	13	880	6
PRRT1B	0	1	0	4	0	0	1	0
RAPGEF1	176	102	23	444	76	59	382	18
MED27	589	194	49	762	153	104	1308	17
NTNG2	7	5	1	7	1	1	39	1
SETX	754	149	47	846	150	116	1452	33
TTF1	763	127	44	538	94	39	1595	18
CFAP77	3	7	0	22	4	1	14	0
BARHL1	3	1	0	13	2	1	14	0
DDX31	107	42	15	196	43	33	253	7
GTF3C4	303	45	33	262	46	31	729	11
AK8	4	4	0	30	5	3	12	0
SPACA9	119	14	6	68	9	8	288	2
TSC1	363	54	27	232	42	30	629	9
GFI1B	3	2	0	3	0	0	3	0
GTF3C5	573	72	46	271	42	25	1184	13
CEL	11	2	0	8	0	1	14	0
RALGDS	330	48	11	166	32	29	794	10
GBGT1	210	11	15	56	15	8	333	0
OBP2B	2	1	0	0	1	0	14	1
ABO	415	32	3	346	83	60	330	8
SURF6	484	58	38	272	42	24	913	11
MED22	289	35	41	121	30	17	543	6
RPL7A	83439	9290	6069	38212	6396	5377	166142	1490
SURF1	1038	129	94	456	72	70	2029	21
SURF2	1003	107	111	482	89	79	2042	14
SURF4	1478	147	117	788	128	119	2602	30
STKLD1	16	2	1	17	3	2	35	0
REXO4	579	70	49	282	44	34	1083	12
ADAMTS13	133	22	1	106	19	19	239	5
CACFD1	215	24	15	90	17	12	404	4
SLC2A6	203	16	16	82	13	11	459	3
MYMK	2	0	0	2	0	0	2	0
ADAMTSL2	29	5	0	65	3	0	93	0
FAM163B	3	0	0	5	1	0	3	0
DBH	0	0	0	2	0	0	2	0
SARDH	42	5	3	51	9	4	152	0
VAV2	82	46	12	231	46	33	154	6
BRD3OS	270	18	13	100	14	7	587	3
BRD3	1321	138	84	539	105	94	2764	20
WDR5	351	52	35	226	35	24	647	11
RXRA	402	52	14	165	30	26	876	9
COL5A1	3323	234	102	1753	258	392	5730	68
FCN2	0	0	0	0	0	0	0	0
FCN1	0	0	0	0	1	0	0	1
OLFM1	54	8	5	91	9	4	145	10
PPP1R26	132	8	13	60	11	6	295	3
C9orf116	399	49	27	96	34	34	795	10
MRPS2	1329	131	110	565	106	64	2657	29
LCN1	181	4	3	80	3	9	257	2
OBP2A	4	0	0	0	0	0	4	0
PAEP	5	0	2	2	0	0	8	0
AL354761.1	0	0	0	0	0	0	0	0
GLT6D1	0	0	0	0	0	0	1	0
LCN9	0	0	0	0	0	0	0	0
SOHLH1	0	0	0	0	0	0	0	0
KCNT1	1	0	0	1	0	0	1	0
CAMSAP1	275	104	14	370	82	51	476	18
UBAC1	1019	126	88	534	97	78	2216	20
NACC2	164	21	9	76	18	19	230	4
TMEM250	427	41	19	149	18	21	857	5
LHX3	0	0	0	0	0	0	0	0
QSOX2	104	25	14	83	15	14	243	2
CCDC187	0	0	0	0	0	0	0	0
GPSM1	338	14	11	66	13	20	620	0
DNLZ	51	1	6	13	3	2	100	1
CARD9	9	2	0	7	3	2	23	2
SNAPC4	107	31	8	112	27	12	260	2
ENTR1	539	74	51	322	46	34	1235	22
PMPCA	1038	104	58	402	67	51	2015	13
INPP5E	152	12	12	57	10	10	280	4
SEC16A	290	54	18	207	36	32	586	9
NOTCH1	262	25	14	137	24	19	388	1
EGFL7	1186	77	95	418	68	49	2123	13
AGPAT2	688	53	62	257	46	52	1243	15
DIPK1B	953	85	62	366	69	53	1901	15
LCN10	0	0	0	1	0	2	0	0
LCN6	0	0	0	0	0	0	0	0
LCN8	0	0	0	0	0	0	1	0
LCN15	18	3	0	23	8	1	87	1
TMEM141	5384	475	360	2060	378	282	12187	69
CCDC183	124	20	7	163	25	12	297	5
RABL6	3811	398	172	1892	415	255	6878	74
AJM1	77	5	4	21	5	2	125	0
PHPT1	8837	779	432	3401	596	541	17019	141
MAMDC4	44	4	3	21	2	4	95	0
EDF1	7465	842	674	3371	553	439	14948	149
TRAF2	247	32	24	137	21	22	479	6
FBXW5	885	63	68	265	64	34	1764	11
C8G	3	0	2	0	0	0	8	0
LCN12	3	0	0	0	0	0	8	0
PTGDS	234	0	1	14	2	1	344	0
LCNL1	6	0	0	0	1	0	10	0
PAXX	1195	161	79	312	112	67	2603	15
CLIC3	223	4	3	1	4	2	537	0
ABCA2	75	12	3	12	7	4	129	7
FUT7	0	0	0	0	0	0	0	0
NPDC1	129	9	44	40	10	7	348	2
ENTPD2	0	0	5	1	0	0	7	0
SAPCD2	99	28	28	48	9	8	356	5
UAP1L1	61	2	29	19	0	1	74	0
MAN1B1	573	53	35	186	47	24	1166	7
DPP7	674	24	59	128	25	23	1913	11
GRIN1	1	0	1	0	0	0	1	0
LRRC26	3	1	0	3	1	0	7	0
TMEM210	0	0	0	0	0	0	0	0
ANAPC2	132	3	7	59	8	7	358	1
SSNA1	1870	196	163	799	127	100	3694	36
TPRN	306	22	29	101	12	19	745	3
TMEM203	876	115	58	350	69	50	1862	18
NDOR1	23	15	5	63	11	12	52	3
BX255925.3	91	8	8	34	2	6	180	2
RNF208	74	4	5	11	3	5	171	1
CYSRT1	5	0	4	4	3	2	16	0
RNF224	0	0	0	0	0	0	2	0
SLC34A3	0	0	0	0	0	0	0	0
TUBB4B	7141	1018	607	3619	706	529	14602	204
FAM166A	1	0	0	2	0	0	3	0
STPG3	3	0	2	0	0	0	3	0
NELFB	716	78	59	264	42	36	1412	12
TOR4A	32	1	7	7	2	3	83	0
NRARP	166	33	14	113	10	11	412	7
EXD3	163	43	6	157	36	21	286	4
NOXA1	5	2	1	13	4	2	26	0
ENTPD8	3	0	1	2	0	0	8	0
NSMF	366	33	30	116	28	22	776	4
PNPLA7	8	4	1	27	3	6	10	0
MRPL41	3260	358	319	1578	266	190	6762	60
DPH7	421	58	36	213	37	29	883	8
ZMYND19	393	59	35	202	50	26	824	7
ARRDC1	86	11	23	52	6	3	212	1
EHMT1	928	355	59	1751	354	225	1859	59
CACNA1B	8	18	0	152	20	7	55	12
BET1L	312	30	31	130	20	16	539	12
SCGB1C1	0	0	0	0	0	0	0	0
ODF3	0	0	0	0	0	0	0	0
RIC8A	816	54	63	252	39	30	1607	7
SIRT3	269	51	18	172	34	40	473	8
PSMD13	2327	238	171	975	197	122	4473	46
NLRP6	0	0	0	0	0	0	0	0
PGGHG	185	8	22	43	7	5	350	2
IFITM5	0	0	0	0	0	0	0	0
IFITM2	2359	294	86	1142	232	155	4063	39
IFITM1	347	95	240	349	44	25	773	24
IFITM3	16079	1062	1120	6579	939	639	26267	271
B4GALNT4	378	30	15	100	19	13	836	3
PKP3	32	3	19	13	2	4	53	2
SIGIRR	409	32	61	201	47	26	839	8
ANO9	11	0	3	15	0	0	41	0
PTDSS2	51	43	7	229	28	22	104	8
RNH1	849	138	43	693	116	103	1676	28
HRAS	493	110	32	372	91	71	979	15
LRRC56	9	0	0	6	0	1	24	0
LMNTD2	15	1	4	6	1	1	23	0
RASSF7	2	18	0	46	11	14	6	3
PHRF1	56	50	7	238	49	27	122	8
IRF7	63	5	6	26	9	5	139	1
CDHR5	0	0	0	0	0	0	0	0
SCT	38	6	4	10	1	3	67	2
DRD4	14	1	0	18	2	3	8	2
DEAF1	83	87	10	350	62	44	149	16
EPS8L2	148	9	51	53	6	8	217	1
TMEM80	276	28	42	92	9	15	506	2
TALDO1	2876	426	414	1530	300	204	6052	54
GATD1	241	47	23	134	33	9	460	7
CEND1	3	2	16	6	0	0	5	0
SLC25A22	324	14	22	80	21	14	521	1
PANO1	30	3	4	13	4	1	57	1
PIDD1	166	15	7	55	11	15	340	6
RPLP2	37632	3526	2681	14482	2449	2162	68898	582
PNPLA2	285	19	24	106	11	18	473	3
CRACR2B	57	8	38	26	0	3	122	1
CD151	2410	168	190	789	96	80	4461	19
POLR2L	5002	502	241	2099	395	336	8223	85
TSPAN4	1554	73	63	298	54	59	2543	6
CHID1	1517	189	97	618	102	87	2958	37
AP2A2	347	95	16	449	70	66	650	9
MUC6	0	1	0	13	2	2	0	0
MUC2	0	0	0	0	0	0	6	0
MUC5AC	0	0	0	0	0	0	0	0
MUC5B	0	0	1	1	0	0	2	0
TOLLIP	506	42	36	224	31	25	963	6
BRSK2	18	10	6	18	1	1	59	1
MOB2	430	41	37	184	23	27	698	13
DUSP8	0	1	0	9	1	1	0	0
KRTAP5-1	0	0	0	0	0	0	0	0
KRTAP5-2	0	0	0	0	0	0	0	0
KRTAP5-3	0	0	0	0	0	0	0	0
KRTAP5-4	0	0	0	0	0	0	0	0
KRTAP5-5	0	0	0	0	0	0	0	0
KRTAP5-6	0	0	0	1	0	0	0	0
IFITM10	1	3	0	19	1	1	1	1
CTSD	2295	133	204	652	87	85	3840	33
SYT8	10	0	0	0	0	0	18	0
TNNI2	11	0	0	0	1	0	19	0
LSP1	53	0	1	10	0	1	87	0
PRR33	0	0	0	0	0	0	0	0
TNNT3	25	2	1	10	0	3	57	0
MRPL23	892	100	147	413	72	67	2717	10
IGF2	6908	213	39	1844	231	216	4917	56
AC132217.2	0	1	0	2	0	0	0	0
INS	0	1	0	0	0	0	0	0
TH	2	0	0	3	1	0	11	0
ASCL2	15	5	3	14	0	1	22	0
C11orf21	0	0	0	1	0	0	1	0
TSPAN32	0	1	1	11	0	0	16	0
CD81	5289	630	516	2455	477	312	11355	98
TSSC4	1063	92	78	456	78	38	2078	11
TRPM5	3	1	0	0	0	0	15	0
KCNQ1	3	3	0	38	3	11	8	1
CDKN1C	3928	278	45	1910	191	345	6478	60
SLC22A18AS	0	1	0	0	1	0	0	0
SLC22A18	43	14	9	27	6	3	103	1
PHLDA2	134	11	25	90	6	17	168	6
NAP1L4	795	449	48	1796	338	251	1742	70
CARS	215	74	25	457	71	48	483	16
OSBPL5	64	32	3	110	21	19	150	8
MRGPRG	0	0	0	0	0	0	0	0
MRGPRE	0	0	0	0	0	0	0	0
ZNF195	321	103	40	380	74	48	844	17
ART5	557	137	50	290	293	17	695	14
ART1	0	0	0	5	1	0	0	0
CHRNA10	9	3	0	10	4	1	28	1
NUP98	444	166	34	897	142	101	846	32
PGAP2	245	59	34	192	30	26	655	12
RHOG	646	39	60	271	37	24	1149	17
STIM1	146	60	12	448	58	32	255	9
RRM1	1228	204	61	776	188	126	2509	50
SSU72P5	0	0	0	0	0	0	0	0
SSU72P2	0	0	0	0	0	0	0	0
SSU72P4	0	0	0	0	0	0	0	0
SSU72P3	0	0	0	0	0	0	0	0
SSU72P7	0	0	0	0	0	0	0	0
OR52B4	0	0	0	0	0	0	0	0
TRIM21	91	10	5	30	6	5	208	3
OR52K2	0	0	0	0	0	0	1	0
OR52K1	2	0	0	0	0	0	5	0
OR52M1	0	0	0	0	0	0	0	0
OR52I2	0	0	0	0	0	0	1	0
OR52I1	1	0	0	2	1	0	2	0
TRIM68	56	3	3	22	5	1	95	0
OR51D1	0	0	0	0	0	0	0	0
OR51E1	0	0	0	1	0	0	2	0
OR51E2	1	0	0	0	0	0	4	0
OR51C1P	0	0	0	0	0	0	0	0
MMP26	0	1	0	1	0	2	1	0
OR51F1	0	0	0	0	0	0	0	0
OR52R1	0	0	0	0	0	0	0	0
OR51F2	0	0	0	0	0	0	0	0
OR51S1	0	0	0	0	0	0	0	0
OR51T1	0	0	0	0	0	0	0	0
OR51A7	0	0	0	0	0	0	0	0
OR51G2	0	0	0	0	0	0	0	0
OR51G1	0	0	0	0	0	0	0	0
OR51A4	0	0	0	0	0	0	0	0
OR51A2	0	0	0	0	0	0	0	0
OR51L1	0	0	0	0	0	0	0	0
OR52J3	0	0	0	0	0	0	0	0
OR52E2	0	0	0	0	0	0	0	0
OR52A5	0	0	0	1	0	0	0	0
OR52A1	2	1	0	2	0	0	9	0
OR51V1	0	0	0	0	0	0	0	0
HBB	0	0	0	0	0	0	0	0
HBD	0	0	0	0	0	0	2	1
HBG1	0	0	0	0	0	0	0	0
HBG2	1	1	0	1	0	0	6	0
AC104389.5	16	17	1	162	21	17	41	4
HBE1	1	0	1	0	0	0	2	0
OR51B4	0	0	0	0	0	0	0	0
OR51B5	0	1	3	1	0	0	5	0
OR51B2	0	0	0	0	0	0	1	0
OR51B6	0	0	0	0	0	0	0	0
OR51M1	0	0	0	1	0	0	3	0
OR51Q1	0	0	0	0	0	0	0	0
OR51I1	0	0	0	0	0	0	1	0
OR51I2	0	0	0	6	1	0	1	0
OR52D1	0	0	0	0	0	0	0	0
UBQLN3	0	0	0	1	0	0	0	0
UBQLNL	7	2	0	2	0	0	16	0
OR52H1	4	0	0	1	0	0	7	0
OR52B6	0	0	0	0	0	0	0	0
TRIM6	217	13	24	240	35	16	305	1
TRIM34	1	11	0	44	4	2	2	3
TRIM5	709	76	26	478	85	39	1267	12
TRIM22	25	6	7	63	0	2	54	1
OR56B1	0	0	0	0	0	0	0	0
OR52N4	0	0	0	0	0	0	0	0
OR52N5	1	0	0	1	0	0	3	0
OR52N1	1	0	0	0	0	0	0	0
OR52N2	0	0	0	0	0	0	0	0
OR52E6	0	0	0	0	0	0	0	0
OR52E8	0	0	0	0	0	0	1	0
OR52E4	0	0	0	0	0	0	0	0
OR52E5	0	0	0	1	0	0	0	0
OR56A3	0	0	0	2	0	0	0	0
OR56A5	0	0	0	1	0	0	0	0
OR52L1	0	0	0	0	0	0	0	0
OR56A4	1	0	0	4	0	0	0	0
OR56A1	4	0	0	8	1	0	9	0
OR56B4	0	0	0	0	0	0	0	0
OR52B2	0	0	0	0	0	0	0	0
OR52W1	0	0	0	0	0	0	0	0
C11orf42	0	0	0	4	2	0	0	0
FAM160A2	158	24	14	72	11	15	318	3
CNGA4	2	2	0	3	0	3	1	1
CCKBR	88	10	9	54	3	1	224	7
CAVIN3	1477	54	87	690	70	96	2552	22
SMPD1	295	15	19	97	12	8	397	3
APBB1	384	30	25	219	42	28	696	4
HPX	34	7	5	29	3	0	70	0
TRIM3	94	13	9	59	8	8	175	1
ARFIP2	724	76	52	272	40	38	1351	9
TIMM10B	655	83	51	396	74	51	1215	12
DNHD1	28	39	1	211	36	26	65	10
RRP8	322	25	18	138	37	21	614	7
ILK	1715	186	113	954	182	121	3292	33
TAF10	2405	255	206	1191	202	140	4536	35
TPP1	363	41	32	161	25	11	714	2
DCHS1	446	26	19	112	21	18	619	5
MRPL17	1871	150	169	832	107	78	3706	36
OR2AG2	12	2	1	6	2	0	31	0
OR2AG1	1	0	1	4	0	1	1	0
OR6A2	3	1	1	6	2	0	10	0
OR10A5	0	0	0	0	0	0	0	0
OR10A2	2	0	0	1	0	0	2	0
OR10A4	1	0	0	1	0	0	2	0
OR2D2	0	0	0	0	0	0	5	0
OR2D3	0	0	0	0	0	0	0	0
ZNF215	56	19	6	107	23	13	143	3
ZNF214	59	16	2	61	10	5	164	2
NLRP14	0	0	0	3	2	0	8	0
RBMXL2	3	0	0	0	0	0	0	0
SYT9	4	3	1	73	6	4	21	5
OLFML1	69	3	2	45	3	3	117	0
PPFIBP2	215	63	4	229	63	49	422	10
CYB5R2	670	37	30	139	40	36	1016	9
OVCH2	1	4	0	75	7	0	9	5
OR5P2	0	0	0	0	0	0	0	0
OR5P3	0	0	0	2	0	0	0	0
OR10A6	0	0	0	0	0	0	0	0
OR10A3	0	0	0	0	0	0	0	0
NLRP10	0	0	0	3	0	0	0	0
EIF3F	7110	800	556	3708	575	430	15244	111
TUB	105	15	4	38	8	4	183	0
RIC3	68	6	14	121	13	5	156	2
LMO1	9	4	0	21	1	2	46	3
STK33	136	152	8	664	101	57	353	27
TRIM66	33	15	1	75	6	14	41	0
RPL27A	25297	3398	1800	12540	2163	1902	51122	602
ST5	252	176	36	758	113	70	590	32
AKIP1	315	58	35	177	30	28	697	9
C11orf16	0	0	0	3	1	0	0	0
ASCL3	0	0	0	0	0	0	0	0
TMEM9B	412	39	43	145	27	13	747	4
NRIP3	6	4	6	14	1	2	15	0
SCUBE2	6	3	2	37	6	1	20	1
DENND5A	340	137	30	817	143	100	615	32
TMEM41B	730	179	32	910	151	94	1277	26
IPO7	1069	287	102	1143	195	161	2269	63
ZNF143	404	110	35	510	62	63	905	18
WEE1	582	87	43	423	89	72	1104	15
SWAP70	325	88	33	515	57	69	592	11
SBF2	352	338	15	1786	366	268	643	70
ADM	22	3	8	22	0	1	72	1
AMPD3	49	19	3	70	17	5	139	1
MTRNR2L8	26	137	5	927	107	90	73	30
RNF141	440	71	24	208	44	26	686	7
LYVE1	0	0	0	0	1	0	0	0
MRVI1	70	10	3	72	19	3	153	2
CTR9	725	88	43	409	79	61	1457	20
EIF4G2	6019	685	325	2947	545	424	11554	113
ZBED5	395	69	34	278	36	36	814	6
GALNT18	45	20	1	141	12	24	121	3
CSNK2A3	5	2	0	3	1	1	12	0
USP47	1065	282	41	1656	284	221	2120	64
DKK3	299	21	12	188	13	9	453	2
MICAL2	139	22	3	167	6	14	173	7
PARVA	1563	171	47	1423	188	235	2703	31
TEAD1	1864	825	49	5798	840	602	3423	128
RASSF10	26	2	1	6	1	0	33	0
ARNTL	31	5	4	36	4	6	67	3
BTBD10	344	97	31	458	72	45	740	18
PTH	0	0	0	1	0	0	0	0
FAR1	389	197	26	807	133	92	729	30
SPON1	561	216	11	776	198	159	909	40
RRAS2	480	185	98	1025	211	120	894	42
COPB1	2163	277	93	1492	188	200	4147	33
PSMA1	4407	536	311	2374	403	294	8089	83
PDE3B	205	229	4	868	239	98	414	35
CYP2R1	137	44	12	175	31	17	302	2
CALCB	5	14	3	98	8	6	35	1
CALCA	1	0	15	1	1	0	15	0
INSC	0	3	0	20	0	0	1	0
SOX6	1480	791	10	7155	1535	1314	2566	202
C11orf58	5572	680	365	3205	635	474	10930	123
PLEKHA7	38	56	16	326	40	13	87	5
RPS13	42571	5407	3466	23401	3409	2924	89310	929
PIK3C2A	802	278	71	1309	228	160	1729	38
NUCB2	1146	141	76	668	93	89	2738	22
NCR3LG1	4	2	0	7	1	0	12	0
KCNJ11	0	0	0	0	0	0	1	0
ABCC8	2	2	1	4	0	0	3	0
USH1C	4	2	0	5	1	0	13	3
OTOG	1	3	0	7	1	1	6	0
MYOD1	0	0	0	0	0	0	1	0
KCNC1	18	1	1	21	2	4	33	1
SERGEF	201	61	30	256	53	30	363	16
TPH1	7	1	0	10	1	0	15	0
SAAL1	575	92	40	324	86	56	1267	22
MRGPRX3	0	0	0	0	0	0	0	0
MRGPRX4	0	0	0	0	0	0	0	0
SAA4	0	0	0	1	0	1	0	0
SAA2	1	0	0	1	0	0	0	0
SAA1	0	0	0	1	0	0	0	0
HPS5	207	59	13	233	35	28	409	11
GTF2H1	370	63	29	363	63	49	693	12
LDHA	14773	1587	702	7838	1606	989	40946	314
LDHC	1	0	0	0	0	0	1	0
LDHAL6A	1	0	1	6	1	1	0	1
TSG101	1352	160	97	901	132	100	2845	30
UEVLD	112	55	8	171	21	20	217	2
SPTY2D1OS	48	14	4	94	7	14	86	0
SPTY2D1	428	75	23	347	49	49	841	8
TMEM86A	21	1	0	7	1	2	43	0
IGSF22	6	1	1	4	0	1	16	0
PTPN5	14	10	2	29	7	1	72	0
MRGPRX1	0	0	0	0	0	0	0	0
MRGPRX2	0	0	0	1	0	0	1	0
ZDHHC13	210	53	15	275	52	38	437	7
CSRP3	2	0	2	1	0	0	1	0
E2F8	153	36	8	87	18	13	267	5
NAV2	1528	622	33	3690	587	311	2838	79
DBX1	0	0	0	0	0	0	0	0
HTATIP2	318	32	60	238	22	23	603	4
PRMT3	240	95	26	324	50	46	441	10
SLC6A5	0	0	1	0	0	0	0	0
NELL1	13	2	0	80	5	8	21	0
ANO5	17	25	5	66	4	10	51	0
SLC17A6	4	2	0	8	1	0	6	0
FANCF	346	50	26	159	34	19	717	3
GAS2	28	19	1	74	20	14	100	2
SVIP	126	34	8	48	15	12	393	2
CCDC179	0	0	0	0	0	0	0	0
LUZP2	18	20	6	27	5	4	28	0
ANO3	1	4	0	5	2	1	3	0
MUC15	1	1	0	1	0	1	3	0
SLC5A12	813	16	1	166	50	20	2231	2
FIBIN	1177	19	18	195	20	104	1555	2
BBOX1	9	3	0	126	21	2	9	2
CCDC34	1919	393	88	1115	214	195	4384	61
LGR4	1158	548	57	2310	581	324	1875	74
LIN7C	379	63	32	300	42	61	777	10
BDNF	29	9	9	32	5	12	96	0
KIF18A	270	132	10	370	96	51	621	19
METTL15	149	228	12	1036	187	119	317	37
KCNA4	2	0	0	0	0	0	0	0
FSHB	0	0	0	0	0	0	0	0
ARL14EP	655	110	35	444	73	50	1335	10
MPPED2	677	431	21	1752	482	174	1582	86
DCDC1	14	27	1	101	20	23	33	4
DNAJC24	250	73	21	366	51	55	556	13
IMMP1L	623	198	34	820	127	78	1517	25
ELP4	377	177	13	956	137	126	752	25
PAX6	68	14	6	64	7	10	112	1
RCN1	3059	580	137	2148	315	262	4852	69
WT1	14	1	0	19	1	0	12	2
EIF3M	3883	547	332	2631	387	270	8083	92
CCDC73	3	7	0	7	0	1	9	0
PRRG4	52	0	8	16	1	3	52	2
QSER1	584	213	50	818	153	93	1498	35
DEPDC7	28	6	1	33	2	2	73	0
TCP11L1	61	36	8	105	21	18	132	7
CSTF3	786	153	50	608	139	98	1615	29
HIPK3	173	77	16	358	54	52	322	13
KIAA1549L	10	20	0	96	27	7	43	7
C11orf91	1	3	1	8	0	0	17	0
CD59	996	154	61	794	107	118	1901	31
FBXO3	288	37	13	163	31	33	602	6
LMO2	192	43	10	59	11	17	499	14
CAPRIN1	2072	465	118	1612	285	230	4415	66
NAT10	323	52	31	279	34	34	636	16
ABTB2	88	100	8	704	119	53	181	21
CAT	362	46	9	216	35	22	28	1
ELF5	0	0	0	0	0	0	0	0
EHF	0	0	0	0	0	0	0	0
APIP	468	72	57	344	87	70	986	21
PDHX	467	85	35	473	78	55	823	16
CD44	844	35	14	128	28	40	1159	3
SLC1A2	65	4	0	85	12	13	60	0
PAMR1	713	164	4	995	176	151	1086	38
FJX1	1413	106	20	374	72	83	2793	12
TRIM44	1534	264	79	1136	206	191	3268	32
LDLRAD3	236	319	9	1377	266	166	546	65
COMMD9	832	91	49	408	74	48	1594	16
PRR5L	34	26	0	98	12	20	52	7
TRAF6	117	33	9	155	28	9	251	7
RAG1	10	0	1	1	2	1	14	0
RAG2	0	0	0	1	1	0	0	0
C11orf74	927	136	38	488	118	66	2359	21
LRRC4C	177	67	0	747	47	27	328	18
API5	524	186	51	885	134	110	1296	28
TTC17	760	348	42	1644	307	205	1546	68
HSD17B12	2200	220	148	867	110	123	3459	30
ALKBH3	87	33	18	125	36	22	375	4
C11orf96	334	19	17	112	9	5	320	2
ACCSL	0	0	0	0	0	0	0	0
ACCS	40	2	1	26	3	3	84	0
EXT2	795	137	37	554	108	73	1477	22
ALX4	223	81	0	90	99	72	676	6
CD82	331	19	7	80	5	20	478	2
TSPAN18	506	99	27	571	77	50	962	18
TP53I11	665	55	70	439	63	32	966	13
PRDM11	71	7	4	79	11	6	146	3
SYT13	2	3	1	6	0	1	16	0
CHST1	46	4	6	46	1	2	141	2
SLC35C1	122	12	5	42	5	9	243	2
CRY2	89	13	4	92	8	11	192	2
MAPK8IP1	62	5	8	24	10	2	119	1
C11orf94	2	0	0	0	0	0	1	0
PEX16	354	37	28	167	30	21	658	6
LARGE2	8	3	16	7	0	2	21	0
PHF21A	404	203	19	1315	194	148	732	31
CREB3L1	1551	51	25	352	59	72	2008	12
DGKZ	510	52	43	225	35	34	965	9
MDK	44775	4657	1943	15330	3285	2691	97609	685
CHRM4	0	0	0	0	0	0	0	0
AMBRA1	88	176	13	973	143	118	220	26
HARBI1	37	6	1	30	9	8	118	0
ATG13	309	55	28	390	59	35	528	16
ARHGAP1	320	33	22	171	26	25	630	3
ZNF408	146	17	8	75	7	11	322	3
F2	1	1	0	7	0	0	5	0
CKAP5	975	334	55	1255	226	160	2039	53
LRP4	76	59	10	164	32	16	148	4
C11orf49	496	273	25	1323	194	180	1127	47
ARFGAP2	776	59	59	287	49	44	1474	12
PACSIN3	711	56	72	280	29	40	1320	13
DDB2	278	74	37	234	38	25	512	20
ACP2	511	35	25	153	26	22	843	7
NR1H3	96	29	8	78	11	9	206	2
MADD	130	14	15	105	15	12	267	2
MYBPC3	0	1	1	1	0	0	0	0
SPI1	6	0	0	2	0	0	8	0
SLC39A13	309	26	29	101	17	16	605	5
PSMC3	3272	330	255	1431	246	239	6532	79
RAPSN	1	0	0	2	1	1	2	0
CELF1	1071	315	131	1610	303	171	2299	54
NDUFS3	2555	225	203	1105	190	127	4993	43
PTPMT1	476	71	38	262	45	37	940	8
KBTBD4	187	22	12	75	16	13	360	1
FAM180B	1	0	0	0	0	0	0	0
C1QTNF4	197	31	17	78	18	13	644	3
MTCH2	1984	265	218	1132	231	123	3904	50
AGBL2	4	1	0	7	0	0	14	0
FNBP4	1173	202	67	1189	179	128	2305	29
NUP160	543	186	46	890	173	100	1059	38
PTPRJ	45	85	4	371	46	41	117	16
OR4B1	0	0	0	0	0	0	0	0
OR4X2	0	0	0	0	0	0	0	0
OR4X1	0	0	0	0	0	0	0	0
OR4S1	0	0	0	0	0	0	0	0
OR4C3	0	0	0	0	0	0	0	0
OR4C5	0	0	0	0	0	0	0	0
OR4A47	0	0	0	0	0	0	0	0
TRIM51GP	0	0	0	0	0	0	0	0
TRIM49B	0	0	0	0	0	0	0	0
TRIM64C	0	0	0	0	0	0	0	0
FOLH1	71	0	0	1	0	6	35	0
OR4C13	0	0	0	0	0	0	0	0
OR4C12	0	0	0	0	0	0	0	0
OR4C46	0	0	0	0	0	0	0	0
OR4A5	0	0	0	0	0	0	0	0
TRIM48	0	0	0	0	0	0	0	0
OR4A16	0	0	0	0	0	0	0	0
OR4A15	0	0	0	0	0	0	0	0
OR4C15	0	0	0	0	0	0	0	0
OR4C16	0	0	0	0	0	0	0	0
OR4C11	0	0	0	0	0	0	0	0
OR4P4	0	0	0	0	0	0	0	0
OR4S2	0	0	0	0	0	0	0	0
OR4C6	0	0	0	0	0	0	0	0
OR5D3P	0	0	0	0	0	0	0	0
OR5D13	0	0	0	0	0	0	0	0
OR5D14	0	0	0	0	0	0	0	0
OR5L1	0	0	0	0	0	0	0	0
OR5D18	0	0	0	0	0	0	0	0
OR5L2	0	0	0	0	0	0	0	0
OR5D16	0	0	0	0	0	0	0	0
TRIM51	0	0	0	0	0	0	1	0
OR5W2	0	0	0	0	0	0	0	0
OR5I1	0	0	0	0	0	0	0	0
OR10AG1	0	0	0	1	0	0	0	0
OR5F1	0	0	0	0	0	0	0	0
OR5AS1	0	0	0	0	0	0	0	0
OR8I2	0	0	0	0	0	0	0	0
OR8H2	0	0	0	0	0	0	0	0
OR8H3	0	0	0	0	0	0	0	0
OR8J3	0	0	0	0	0	0	0	0
OR8K5	0	0	0	0	0	0	0	0
OR5J2	0	0	0	0	0	0	0	0
OR5T2	0	0	0	0	0	0	0	0
OR5T3	0	0	0	0	0	0	0	0
OR5T1	0	0	0	0	0	0	0	0
OR8H1	0	0	0	0	0	0	0	0
OR8K3	0	0	0	0	0	0	0	0
OR8K1	0	0	0	0	0	0	0	0
OR8J1	0	0	0	0	0	0	0	0
OR8U1	0	0	0	0	0	0	0	0
OR5R1	0	0	0	0	0	0	0	0
OR5M9	0	0	0	0	0	0	0	0
OR5M3	0	0	0	0	0	0	0	0
OR5M8	0	0	0	0	0	0	0	0
OR5M11	0	0	0	0	0	0	0	0
OR5M10	0	0	0	0	0	0	0	0
OR5M1	0	0	0	0	0	0	0	0
OR5AP2	0	0	0	0	0	0	0	0
OR5AR1	0	0	0	0	0	0	0	0
OR9G1	0	0	0	0	0	0	0	0
OR9G4	0	0	0	0	0	0	0	0
OR5AK2	0	0	0	0	0	0	0	0
LRRC55	15	2	0	32	3	0	22	0
APLNR	1394	159	43	1316	138	52	2713	50
TNKS1BP1	297	40	17	237	33	26	646	10
SSRP1	2692	300	181	1123	225	175	5252	44
P2RX3	4	0	0	13	2	0	8	0
PRG3	0	0	0	0	0	0	0	0
PRG2	0	0	0	23	0	0	0	0
SLC43A3	112	14	7	36	12	2	217	2
RTN4RL2	14	1	2	20	0	0	16	0
SLC43A1	16	6	6	16	3	2	54	0
TIMM10	1131	203	121	590	96	58	2536	16
SMTNL1	7	1	1	14	0	0	12	1
UBE2L6	661	76	76	242	54	38	1535	10
SERPING1	679	73	33	400	62	31	1410	10
YPEL4	5	0	0	4	0	0	10	0
CLP1	312	43	19	243	50	19	643	15
ZDHHC5	261	48	11	267	34	35	476	7
MED19	935	105	80	485	76	45	1916	24
TMX2	1021	127	84	577	90	69	1783	20
SELENOH	6066	762	451	3258	615	409	12229	119
BTBD18	0	1	0	16	1	0	1	1
CTNND1	793	306	61	2036	309	180	1620	43
OR9Q1	0	0	0	4	0	0	0	1
OR6Q1	0	0	0	0	0	0	0	0
OR9I1	0	0	0	0	0	0	0	0
OR9Q2	0	0	0	0	0	0	0	0
OR1S2	0	0	0	0	0	0	0	0
OR1S1	0	0	0	0	0	0	0	0
OR10Q1	0	0	0	0	0	0	0	0
OR10W1	0	0	0	0	0	0	0	0
OR5B17	0	0	0	0	0	0	0	0
OR5B3	0	0	0	0	0	0	0	0
OR5B2	0	0	0	0	0	0	0	0
OR5B12	0	0	0	0	0	0	0	0
OR5B21	0	0	0	0	0	0	0	0
LPXN	29	13	2	76	10	12	48	0
ZFP91	346	107	24	418	83	57	608	13
CNTF	4	0	0	2	0	0	1	0
GLYAT	37	2	0	6	7	2	30	0
GLYATL2	10	19	0	91	32	15	19	5
GLYATL1	85	10	2	19	4	4	71	1
GLYATL1B	0	0	0	0	0	0	0	0
FAM111B	156	43	13	144	20	12	483	7
FAM111A	155	9	15	81	14	5	394	3
DTX4	66	13	5	66	8	6	158	2
MPEG1	0	0	0	0	0	0	0	0
OR5AN1	0	0	0	0	0	0	0	0
OR5A2	0	1	0	0	0	0	0	0
OR5A1	1	0	0	0	0	0	0	0
OR4D6	0	0	0	0	0	0	0	0
OR4D10	0	0	0	0	0	0	0	0
OR4D11	0	0	0	0	0	0	0	0
OR4D9	0	0	1	3	2	0	0	0
OSBP	479	83	34	423	68	53	929	16
PATL1	229	55	19	245	56	24	511	4
OR10V1	0	0	0	0	0	0	0	0
STX3	399	49	61	377	41	36	732	4
MRPL16	1323	173	140	798	141	103	2710	23
CBLIF	0	0	0	3	0	0	0	0
TCN1	0	0	0	1	0	0	0	0
OOSP3	0	0	0	3	0	1	1	0
OOSP1	1	0	0	5	0	1	2	0
OOSP4A	0	0	0	0	0	0	0	0
OOSP4B	1	0	0	0	0	0	2	0
OOSP2	0	0	0	0	0	0	2	0
MS4A3	0	0	0	0	0	0	1	0
MS4A2	3	0	1	0	0	0	2	0
MS4A6A	7	0	0	0	0	0	6	0
MS4A4A	1	1	0	5	1	1	6	0
MS4A4E	0	2	0	2	0	0	0	0
MS4A6E	0	0	0	1	1	0	0	0
MS4A7	0	0	0	0	0	0	0	0
MS4A14	0	0	0	0	0	0	0	0
MS4A5	0	0	0	1	0	0	0	0
MS4A1	0	0	0	0	0	0	0	0
MS4A12	0	0	0	0	0	0	0	0
MS4A13	0	1	0	1	0	0	0	0
MS4A8	11	2	1	4	0	0	13	0
MS4A18	0	0	0	0	0	0	0	0
MS4A15	6	1	0	4	2	0	9	0
MS4A10	0	0	0	0	0	0	0	0
CCDC86	404	41	48	183	28	23	770	9
PTGDR2	1	0	0	2	0	0	2	0
ZP1	1	0	0	0	0	0	1	0
PRPF19	752	92	61	375	87	64	1640	28
TMEM109	611	47	20	175	27	17	1192	10
TMEM132A	636	60	35	197	65	24	1564	4
SLC15A3	2	2	0	13	0	0	17	0
CD6	3	0	1	9	0	0	5	0
CD5	0	1	0	1	2	0	4	2
VPS37C	144	23	9	125	25	17	257	7
PGA3	2	0	0	3	0	0	0	0
PGA4	0	1	0	2	0	0	0	0
PGA5	174	3	8	124	2	0	147	0
VWCE	101	22	11	75	18	17	212	7
DDB1	1424	155	89	760	143	93	2681	36
TKFC	300	23	12	97	22	13	482	3
CYB561A3	146	20	12	78	17	8	274	4
TMEM138	380	38	34	148	40	22	716	5
TMEM216	445	56	34	270	49	47	1213	7
CPSF7	474	78	36	428	68	54	1024	20
SDHAF2	820	93	50	426	72	55	1440	17
PPP1R32	12	9	1	11	1	0	34	1
LRRC10B	18	4	0	6	2	2	57	0
SYT7	4	0	4	13	0	2	12	1
DAGLA	20	6	1	20	1	0	50	2
MYRF	853	37	23	244	57	55	1433	10
TMEM258	5102	609	383	2397	397	313	11182	91
FEN1	953	147	74	593	107	71	2227	27
FADS2	1060	206	64	627	145	100	2234	34
FADS1	3067	367	135	1405	310	214	6419	50
FADS3	70	13	25	24	6	5	221	1
RAB3IL1	171	9	9	42	7	6	356	1
BEST1	6	3	0	14	0	0	36	1
FTH1	45862	5149	4639	28470	4424	2799	96762	1002
INCENP	261	65	21	164	41	21	518	10
SCGB1D1	0	0	0	0	0	0	0	0
SCGB2A1	0	0	1	0	0	0	0	0
SCGB1D2	0	0	0	1	0	0	0	0
SCGB2A2	0	0	0	0	0	0	0	0
SCGB1D4	0	0	0	0	0	0	0	0
ASRGL1	190	72	34	161	32	13	571	14
SCGB1A1	1	1	0	1	0	1	1	0
AHNAK	3368	238	84	1385	316	237	4524	35
EEF1G	27	2561	4	10835	1751	1306	61	386
TUT1	147	30	16	91	16	14	280	5
MTA2	210	30	16	121	18	18	476	6
EML3	162	6	10	28	4	5	231	2
ROM1	24	2	2	8	0	1	50	0
B3GAT3	756	93	45	321	60	44	1602	8
GANAB	1912	193	130	871	122	116	3407	30
INTS5	298	11	18	89	22	9	537	1
C11orf98	46	28	9	126	21	18	103	5
LBHD1	2	2	1	13	0	0	13	0
CSKMT	382	41	11	137	14	20	520	5
UQCC3	1500	196	113	717	120	89	3079	22
UBXN1	3000	406	243	1521	251	209	6737	76
LRRN4CL	11	0	0	1	0	0	24	0
BSCL2	41	108	4	427	89	49	77	23
GNG3	28	4	11	17	2	1	95	2
HNRNPUL2	446	144	37	542	118	89	922	21
TTC9C	515	56	26	259	44	33	1186	15
ZBTB3	51	3	14	25	2	7	93	1
POLR2G	2122	189	138	815	138	131	4600	38
TAF6L	233	23	14	140	16	8	425	4
TMEM223	818	77	106	384	59	42	1894	19
TMEM179B	1261	120	73	540	91	76	2191	18
NXF1	278	16	16	116	29	19	591	6
STX5	636	98	56	534	81	73	1306	22
TEX54	0	0	0	0	0	0	0	0
WDR74	594	45	79	305	57	46	1324	15
SLC3A2	2316	243	168	1284	199	196	4701	29
CHRM1	2	0	0	0	0	0	0	0
SLC22A6	2	2	0	3	3	0	0	0
SLC22A8	9	0	0	2	1	0	1	0
SLC22A24	0	0	0	1	0	1	0	0
SLC22A10	1	1	0	6	6	2	2	0
SLC22A25	0	0	0	1	1	0	0	0
SLC22A9	0	0	0	0	0	2	1	0
PLAAT5	30	8	7	64	4	3	75	5
LGALS12	23	5	4	39	2	1	69	1
PLAAT4	34	4	7	50	2	5	62	0
PLAAT2	0	0	1	1	0	0	0	0
PLAAT3	124	13	520	77	5	14	262	4
ATL3	264	38	18	163	22	31	536	9
RTN3	1011	277	122	942	158	124	2370	47
C11orf95	231	37	23	95	26	24	562	6
SPINDOC	456	75	47	267	63	29	991	9
MARK2	438	51	45	293	54	41	852	13
RCOR2	587	62	63	278	43	17	1638	15
NAA40	263	34	30	160	28	18	560	6
COX8A	6164	613	528	2297	432	320	12036	85
OTUB1	1307	140	124	546	87	77	2762	16
MACROD1	317	102	41	277	51	38	823	10
FLRT1	2	3	1	5	1	3	46	1
STIP1	2073	307	191	1244	234	177	4354	49
FERMT3	6	0	1	6	3	0	14	1
TRPT1	315	55	44	140	25	22	653	7
NUDT22	530	64	50	236	24	41	1039	10
DNAJC4	645	56	37	244	34	43	1295	5
VEGFB	1114	144	144	515	98	109	2880	21
FKBP2	213	35	16	167	21	35	387	8
AP001453.3	2	0	0	1	0	0	1	0
PPP1R14B	4668	936	476	3439	682	484	12217	155
PLCB3	212	13	14	76	17	5	404	5
BAD	1332	111	70	481	77	55	2709	22
GPR137	345	32	26	134	31	19	658	7
KCNK4	0	0	0	0	0	0	2	0
CATSPERZ	6	0	1	2	0	0	4	0
ESRRA	250	24	42	152	18	11	452	7
TRMT112	4900	578	423	2320	420	338	9897	91
PRDX5	7403	606	700	3134	484	442	14732	124
CCDC88B	52	2	1	19	4	1	93	1
RPS6KA4	221	17	13	41	9	11	413	2
SLC22A11	0	0	0	2	0	0	0	0
SLC22A12	0	0	0	0	0	0	0	0
NRXN2	13	5	2	9	3	3	68	1
RASGRP2	55	3	55	27	3	2	146	0
PYGM	126	2	7	33	5	8	317	2
SF1	2396	298	109	1316	242	191	4326	48
MAP4K2	160	17	12	82	15	6	343	3
MEN1	368	28	22	148	26	18	709	4
CDC42BPG	24	5	5	16	0	1	45	0
EHD1	301	32	17	143	13	11	683	0
ATG2A	128	10	17	52	5	9	279	3
PPP2R5B	75	8	9	23	4	5	189	0
GPHA2	10	1	1	4	0	1	27	0
MAJIN	0	0	0	0	0	0	1	0
BATF2	0	0	0	1	0	0	3	0
ARL2	3283	421	313	1819	360	188	5932	61
SNX15	2	43	0	142	29	24	7	8
SAC3D1	592	98	55	289	82	62	1459	10
NAALADL1	48	2	2	17	2	6	231	0
CDCA5	453	64	51	266	51	33	888	10
ZFPL1	528	61	37	246	44	24	1079	8
TMEM262	0	0	0	2	0	0	2	1
VPS51	913	109	83	486	73	65	1796	12
TM7SF2	611	91	84	332	55	43	1409	17
ZNHIT2	265	17	19	117	16	18	493	2
FAU	27742	2435	2104	10700	1750	1471	57717	415
SYVN1	229	65	15	254	45	31	456	10
MRPL49	512	37	54	198	28	35	1005	8
SPDYC	9	2	4	8	2	0	10	1
CAPN1	931	46	79	289	36	34	1601	10
POLA2	334	62	22	226	43	33	752	10
CDC42EP2	0	9	0	50	6	7	0	3
DPF2	752	91	59	405	86	35	1644	10
TIGD3	5	3	2	4	1	0	22	1
SLC25A45	58	5	3	27	5	2	113	2
FRMD8	184	19	9	189	12	11	345	2
SCYL1	929	81	40	344	57	53	1663	12
LTBP3	172	7	20	37	11	7	484	1
ZNRD2	1089	128	78	434	96	60	2027	18
FAM89B	1063	112	43	342	72	59	2128	18
EHBP1L1	104	11	8	29	14	6	235	0
KCNK7	0	0	2	1	0	0	2	0
MAP3K11	399	39	33	147	23	20	828	9
PCNX3	240	16	18	89	9	7	417	4
SIPA1	228	12	19	81	11	15	500	0
RELA	327	16	22	85	18	10	688	4
KAT5	354	50	20	165	31	23	745	1
RNASEH2C	1950	215	132	984	194	136	3898	36
AP5B1	139	12	29	53	9	4	211	2
OVOL1	2	0	4	0	0	0	0	0
CFL1	20950	2283	1603	9899	1707	1184	42043	438
SNX32	23	7	3	59	12	7	71	4
MUS81	283	27	12	143	22	22	648	8
EFEMP2	1510	68	58	428	61	58	2936	14
CTSW	0	0	0	0	0	0	0	0
FIBP	2007	230	157	1026	190	142	4267	30
CCDC85B	1300	165	133	603	116	79	2505	22
FOSL1	6	0	6	10	0	2	22	0
C11orf68	380	31	32	118	23	18	797	11
DRAP1	3137	372	258	1530	284	218	6876	63
TSGA10IP	4	5	1	16	2	0	31	0
SART1	495	71	38	231	45	26	1131	5
EIF1AD	192	34	15	120	16	17	463	3
BANF1	3566	753	323	2656	537	348	7166	127
CST6	1	1	14	1	0	0	8	0
CATSPER1	0	0	0	0	0	0	0	0
GAL3ST3	38	7	11	18	2	2	128	1
SF3B2	3398	443	225	1756	295	226	6652	66
PACS1	469	187	20	1050	170	161	661	27
KLC2	226	24	23	95	22	10	489	3
RAB1B	629	58	58	279	45	42	1233	10
CNIH2	160	34	11	57	19	13	454	3
YIF1A	1913	156	162	830	134	123	3793	33
TMEM151A	56	0	5	2	0	0	151	0
CD248	747	9	10	88	16	21	1222	2
RIN1	122	4	5	21	3	1	246	0
BRMS1	707	64	61	298	47	45	1364	16
B4GAT1	597	53	31	231	42	30	1259	8
SLC29A2	128	20	17	81	14	14	226	5
NPAS4	1	0	0	2	0	0	1	0
MRPL11	2978	374	276	1524	280	186	6003	60
PELI3	74	10	8	29	8	2	137	0
DPP3	458	52	45	210	40	26	969	6
BBS1	49	42	1	186	33	37	82	5
ZDHHC24	245	31	17	150	29	17	513	6
ACTN3	22	7	6	30	2	2	205	2
CTSF	59	4	8	3	11	7	199	0
CCDC87	3	2	0	1	1	0	12	0
CCS	1131	106	76	644	70	86	2564	16
RBM14	424	73	46	276	54	40	872	8
RBM4	683	352	31	1589	296	211	1632	79
RBM4B	441	64	20	359	58	34	1072	15
SPTBN2	851	48	17	383	46	51	1074	11
C11orf80	203	56	10	362	65	88	332	14
RCE1	452	38	34	151	27	20	775	6
PC	135	17	5	78	15	12	255	6
LRFN4	167	20	28	56	10	11	415	3
C11orf86	0	0	0	0	0	0	0	0
SYT12	2	1	0	3	1	0	7	0
RHOD	642	20	17	160	26	15	1299	4
KDM2A	519	226	40	1341	215	131	1108	42
GRK2	399	27	35	143	17	14	805	6
ANKRD13D	466	38	26	193	26	32	788	10
SSH3	165	13	15	53	3	13	289	2
RAD9A	201	45	13	198	36	29	377	11
POLD4	39	50	2	262	52	33	55	9
CLCF1	12	7	1	18	2	1	38	0
PPP1CA	3599	320	277	1455	240	174	6793	56
TBC1D10C	8	0	1	3	0	0	11	0
CARNS1	21	0	1	0	0	0	48	0
RPS6KB2	880	68	42	353	65	34	1868	15
CORO1B	1325	117	120	534	66	65	2381	17
PTPRCAP	0	0	0	0	0	0	0	0
GPR152	0	0	0	1	0	0	0	0
CABP4	2	0	0	0	0	0	0	0
TMEM134	913	103	85	451	62	54	2061	15
AIP	743	77	39	313	46	44	1579	13
PITPNM1	123	14	11	68	5	6	271	3
CDK2AP2	774	101	96	386	57	40	1622	22
CABP2	0	1	0	1	0	0	6	0
GSTP1	27852	2901	3493	11745	2034	1562	51945	588
NDUFV1	1532	161	162	693	129	97	3327	34
NUDT8	181	33	17	59	13	18	374	3
TBX10	0	2	0	33	0	2	0	2
ACY3	1	0	0	0	0	0	1	0
ALDH3B2	0	0	0	0	0	0	0	0
UNC93B1	102	8	11	46	3	4	149	1
ALDH3B1	6	3	1	4	0	0	9	0
NDUFS8	3892	426	375	1883	324	248	7710	80
TCIRG1	348	15	22	45	9	13	563	2
CHKA	601	170	57	807	122	96	1225	38
KMT5B	598	203	37	1017	173	107	1394	40
C11orf24	405	36	65	143	24	20	652	2
LRP5	260	71	13	218	51	33	496	10
PPP6R3	522	401	42	2059	385	242	1066	73
GAL	582	312	596	1156	101	56	1287	32
TESMIN	37	15	20	44	8	1	130	0
CPT1A	19	4	10	25	2	4	32	1
MRPL21	1900	205	185	968	181	147	4416	41
IGHMBP2	122	14	7	86	17	9	191	6
MRGPRD	0	0	0	0	0	0	0	0
MRGPRF	44	0	3	10	0	0	71	2
TPCN2	34	10	8	52	8	6	57	6
SMIM38	0	0	0	1	0	0	0	0
MYEOV	1	1	1	2	0	0	1	0
CCND1	2426	330	171	895	227	166	4835	54
LTO1	119	33	7	128	32	18	274	3
FGF19	404	107	18	335	162	20	1649	5
FGF4	21	3	26	37	2	1	47	1
FGF3	21	7	1	59	12	0	29	2
ANO1	102	16	2	92	13	13	231	0
FADD	561	48	48	201	35	26	954	5
PPFIA1	756	198	59	794	117	88	1466	27
CTTN	1704	178	167	813	128	108	3061	27
SHANK2	17	24	3	159	21	19	34	4
DHCR7	808	80	54	312	57	43	1592	12
NADSYN1	97	25	8	117	17	11	276	5
KRTAP5-7	1	0	0	0	0	0	1	0
KRTAP5-8	0	0	0	0	0	0	2	0
KRTAP5-9	0	0	0	0	1	0	1	0
KRTAP5-10	1	0	0	0	0	0	0	0
KRTAP5-11	1	1	0	12	3	1	1	0
FAM86C1	80	13	6	37	11	7	122	3
ZNF705E	2	0	0	1	0	0	3	0
DEFB108B	0	0	0	0	0	0	0	0
AP002495.1	65	42	4	182	46	28	123	13
DEFB131B	0	0	0	5	0	0	0	0
RNF121	371	89	33	479	77	57	668	14
IL18BP	27	6	1	8	7	1	47	0
NUMA1	898	101	62	513	100	79	1962	23
LRTOMT	72	15	6	54	7	6	160	5
LAMTOR1	3674	368	397	1423	245	183	6637	54
AP000812.4	0	0	0	0	0	0	0	0
ANAPC15	920	191	126	544	118	84	2017	20
FOLR3	0	0	1	1	1	0	0	0
FOLR1	46	18	13	27	2	0	489	3
FOLR2	0	0	1	0	0	0	0	0
INPPL1	498	48	25	174	30	22	978	9
PHOX2A	8	4	0	7	1	0	39	0
CLPB	264	33	25	175	35	21	476	6
PDE2A	12	0	1	7	2	1	26	0
ARAP1	197	17	21	107	12	7	366	2
STARD10	630	55	39	225	40	18	1141	8
ATG16L2	44	12	5	78	9	5	99	7
FCHSD2	123	257	2	968	220	142	284	44
P2RY2	5	1	0	2	0	0	7	0
P2RY6	125	36	5	314	60	15	186	0
ARHGEF17	390	49	5	266	42	32	699	5
RELT	56	12	6	31	6	9	135	2
FAM168A	160	186	6	788	146	99	287	34
PLEKHB1	55	4	3	51	7	1	101	2
RAB6A	554	153	59	801	105	95	1061	18
MRPL48	648	111	90	374	84	63	1370	23
COA4	2240	292	246	1120	203	157	4534	41
PAAF1	447	80	23	332	58	40	1117	17
DNAJB13	3	2	0	2	1	1	11	1
UCP2	382	78	54	148	45	29	517	11
UCP3	12	1	0	7	0	0	13	0
C2CD3	88	77	6	270	40	35	220	8
PPME1	508	115	43	445	73	56	1057	24
P4HA3	14	16	0	69	8	6	61	1
PGM2L1	231	54	28	199	38	17	577	12
KCNE3	57	5	3	48	6	6	112	1
LIPT2	191	17	26	86	18	13	473	1
POLD3	759	159	39	525	111	76	1755	37
CHRDL2	11	0	0	2	0	0	39	0
RNF169	364	90	20	532	82	76	748	17
XRRA1	194	40	7	211	55	30	364	4
SPCS2	1910	496	98	2335	399	312	3632	93
NEU3	79	12	8	75	15	13	126	5
OR2AT4	0	0	0	1	0	0	0	0
SLCO2B1	4	1	0	3	0	1	4	0
TPBGL	12	0	1	3	0	2	3	0
ARRB1	302	43	31	175	38	39	521	9
RPS3	81399	8364	7162	36293	6231	4846	161381	1364
KLHL35	23	3	2	14	2	1	68	1
GDPD5	55	7	3	29	4	6	80	0
SERPINH1	7872	427	447	2359	221	340	12403	82
MAP6	24	9	1	42	5	3	54	2
MOGAT2	1	0	0	0	0	0	0	0
DGAT2	79	11	2	29	6	4	86	0
UVRAG	340	208	13	801	210	112	745	39
WNT11	288	17	10	156	23	11	444	1
THAP12	500	87	22	414	69	59	1027	18
GVQW3	110	27	5	60	8	7	293	5
EMSY	279	133	17	552	84	75	567	32
LRRC32	558	40	5	228	35	39	858	3
TSKU	344	18	17	145	23	17	630	4
ACER3	265	117	18	604	99	63	442	14
B3GNT6	0	0	0	0	0	0	2	0
CAPN5	158	12	6	79	13	10	202	3
OMP	0	0	0	0	0	0	0	0
MYO7A	11	3	0	3	0	1	15	0
GDPD4	1	0	0	1	0	0	2	0
PAK1	569	185	94	793	117	88	1139	28
CLNS1A	2955	389	220	1714	320	233	6006	62
AQP11	36	3	2	27	1	4	51	1
RSF1	2327	448	175	1961	378	266	5020	76
AAMDC	1223	123	69	706	104	98	2349	26
INTS4	207	81	9	295	53	42	420	11
KCTD14	63	13	6	25	3	3	179	2
THRSP	0	0	0	0	0	0	1	0
NDUFC2	5059	813	367	4127	667	451	10238	118
ALG8	765	161	38	656	125	115	1489	23
KCTD21	43	2	0	39	3	1	88	0
USP35	53	6	1	25	6	6	108	1
GAB2	62	150	8	475	81	47	133	21
NARS2	286	155	32	514	93	86	529	36
TENM4	567	1059	21	7582	1166	373	1308	210
FAM181B	41	18	3	37	5	3	262	0
PRCP	821	120	46	491	86	51	1563	7
DDIAS	166	36	9	131	29	16	293	8
RAB30	82	27	5	141	24	20	147	8
PCF11	564	74	21	334	70	38	1055	11
ANKRD42	73	17	4	52	8	8	162	2
CCDC90B	1637	252	114	1083	172	132	3495	34
DLG2	117	346	1	1224	334	274	220	85
TMEM126B	1316	155	131	645	120	112	2713	18
TMEM126A	1338	132	107	619	113	89	2411	17
CREBZF	497	72	34	365	56	51	1001	6
CCDC89	3	0	0	0	2	0	6	0
SYTL2	9	2	5	33	3	2	20	1
CCDC83	0	0	0	2	2	0	0	0
PICALM	548	230	43	1749	231	179	1055	48
EED	635	72	25	432	78	71	1282	12
HIKESHI	2097	286	153	1141	224	143	4398	55
CCDC81	65	7	5	23	9	11	297	2
ME3	10	8	1	38	11	5	17	1
PRSS23	402	65	33	303	96	49	780	10
FZD4	72	14	6	68	2	9	170	7
TMEM135	293	250	24	1199	197	184	592	23
RAB38	187	16	23	85	11	11	430	4
CTSC	1476	133	226	658	74	75	2406	15
GRM5	0	2	0	16	4	5	2	3
TYR	0	1	0	5	2	3	2	0
NOX4	44	43	4	237	42	111	110	5
TRIM77	0	0	0	2	0	0	0	0
TRIM49	2	0	0	0	0	0	0	0
TRIM64B	0	0	0	0	0	0	0	0
TRIM49D1	0	0	0	0	0	0	0	0
TRIM49D2	0	0	0	0	0	0	0	0
TRIM64	0	0	0	0	0	0	0	0
TRIM49C	4	0	0	0	0	0	0	0
UBTFL1	1	0	0	1	0	0	1	0
NAALAD2	760	129	10	481	74	101	1232	17
CHORDC1	1043	182	100	793	112	109	1919	26
FAT3	30	117	4	327	32	18	123	25
MTNR1B	0	0	0	0	0	0	0	0
SLC36A4	745	233	32	979	185	133	1742	55
DEUP1	23	8	0	25	2	2	44	2
SMCO4	622	90	51	373	63	32	1198	15
CEP295	423	119	16	390	70	53	919	22
TAF1D	2201	305	212	1218	236	171	4641	36
C11orf54	259	69	31	241	52	45	648	13
MED17	304	95	18	471	98	46	647	14
VSTM5	1	1	0	21	3	1	21	0
HEPHL1	0	4	0	7	2	1	0	2
PANX1	109	40	5	115	19	16	229	3
IZUMO1R	0	0	0	0	0	0	0	0
GPR83	70	9	0	38	3	2	162	0
MRE11	517	111	37	498	90	57	1122	21
ANKRD49	248	27	20	139	18	26	549	1
C11orf97	0	1	0	1	0	0	0	0
PIWIL4	2	0	0	17	1	3	3	1
FUT4	59	4	2	16	2	3	86	0
AMOTL1	711	265	43	1199	237	160	1307	41
CWC15	2495	292	178	1217	217	161	4810	53
KDM4D	42	12	4	60	8	7	106	0
KDM4E	0	0	0	0	0	0	0	0
KDM4F	0	0	0	0	0	0	0	0
SRSF8	669	46	22	176	26	27	1456	5
ENDOD1	341	29	16	142	19	20	858	1
SESN3	1273	244	37	1063	146	125	1942	59
FAM76B	281	61	14	220	48	34	566	14
CEP57	1493	288	102	1266	231	165	3013	54
MTMR2	442	133	37	660	100	66	929	23
MAML2	239	298	17	987	217	193	551	76
CCDC82	567	90	37	378	62	49	1182	13
JRKL	92	20	4	72	12	9	135	2
CNTN5	107	149	1	4835	341	1079	290	85
ARHGAP42	708	344	38	1712	466	225	1194	88
PGR	3	0	0	2	1	0	5	0
TRPC6	5	14	1	60	6	0	5	0
ANGPTL5	0	3	0	4	2	3	0	0
CEP126	176	63	7	192	32	32	375	11
CFAP300	103	16	4	84	20	5	194	2
YAP1	1251	500	71	2479	460	353	2546	125
BIRC3	37	1	0	1	0	0	57	0
BIRC2	593	80	26	351	67	51	1151	5
TMEM123	1390	277	40	870	190	172	2601	36
MMP7	0	0	2	0	0	0	0	0
MMP20	0	0	0	1	0	0	0	0
MMP27	0	0	0	0	0	0	0	0
MMP8	0	0	0	0	0	0	0	0
MMP10	128	1	0	21	3	39	125	3
MMP1	577	4	4	41	4	66	713	1
MMP3	6	2	7	20	0	2	7	1
MMP12	0	0	0	4	0	1	5	0
MMP13	0	0	0	0	0	1	0	0
DCUN1D5	1839	237	166	1096	194	142	3745	41
DYNC2H1	402	159	11	774	141	129	792	22
PDGFD	29	50	1	121	32	27	95	12
DDI1	0	0	0	0	0	0	0	0
CASP4	33	0	1	6	0	1	77	0
CASP5	2	0	0	0	0	0	0	0
CASP1	2	0	0	0	0	1	7	0
CARD16	347	3	0	36	8	14	519	0
CARD17	0	0	0	0	0	0	0	0
CARD18	0	3	0	4	0	0	0	0
GRIA4	5	3	0	29	0	2	24	4
MSANTD4	197	39	11	121	35	18	481	8
KBTBD3	80	15	6	54	9	13	184	0
AASDHPPT	981	189	57	688	135	106	2007	41
GUCY1A2	16	21	0	79	18	5	81	10
CWF19L2	505	138	40	599	108	71	1063	22
ALKBH8	100	27	5	108	19	15	177	2
ELMOD1	24	16	0	9	1	3	129	1
SLN	2965	64	21	574	66	232	3452	5
SLC35F2	391	47	26	131	49	57	656	3
RAB39A	13	12	6	24	5	4	25	1
CUL5	852	278	51	1327	249	194	1765	70
ACAT1	698	67	52	345	75	43	1052	19
NPAT	204	77	13	290	59	29	441	9
ATM	600	177	43	787	139	102	1389	27
C11orf65	33	18	2	58	11	9	42	4
POGLUT3	517	48	21	155	34	38	937	8
EXPH5	11	11	3	35	5	3	30	0
DDX10	610	175	57	812	144	94	1180	37
C11orf87	4	2	1	24	0	0	31	1
RDX	3302	570	180	2545	408	279	7049	77
ZC3H12C	17	55	1	274	41	33	41	12
FDX1	1042	151	96	604	118	72	2044	21
ARHGAP20	10	2	0	3	2	1	20	0
C11orf53	1	0	0	0	0	1	4	0
COLCA2	6	2	1	3	1	0	35	0
POU2AF1	1	0	0	3	0	0	0	0
BTG4	0	0	0	0	0	0	1	0
C11orf88	7	0	0	2	0	0	12	1
LAYN	92	7	8	92	0	3	281	3
SIK2	108	94	5	488	70	44	238	22
PPP2R1B	322	57	18	225	46	17	716	10
ALG9	87	60	2	254	41	12	146	11
FDXACB1	48	5	5	13	5	4	94	1
C11orf1	540	78	67	222	55	51	1328	18
CRYAB	166	1	12	67	2	7	640	1
HSPB2	4	1	1	14	1	0	6	1
C11orf52	0	0	0	15	3	2	1	0
DIXDC1	335	80	24	258	55	47	864	17
DLAT	467	45	46	268	39	43	788	12
PIH1D2	33	11	0	39	6	5	68	3
NKAPD1	621	80	35	375	52	58	1341	15
TIMM8B	3426	318	228	1411	249	168	6034	54
SDHD	1447	167	179	657	103	88	2559	31
IL18	9	2	2	17	2	3	18	0
TEX12	0	1	0	1	1	2	4	0
BCO2	315	22	8	163	19	14	352	1
PTS	1100	151	102	772	130	97	2230	19
PLET1	0	1	0	6	0	1	0	0
NCAM1	801	277	30	2158	385	115	2042	73
TTC12	128	33	5	121	22	13	270	12
ANKK1	48	1	0	13	1	4	69	1
DRD2	52	11	3	78	10	26	79	2
TMPRSS5	3	3	0	3	3	3	9	2
ZW10	336	64	22	266	49	28	617	7
CLDN25	0	0	0	0	0	0	0	0
USP28	363	108	70	456	86	58	763	13
HTR3B	0	0	0	3	0	0	0	0
HTR3A	1	1	7	2	0	0	5	0
ZBTB16	55	72	2	121	36	40	166	5
NNMT	15	0	1	21	4	4	29	0
C11orf71	114	17	10	76	12	7	172	2
RBM7	930	71	58	457	67	54	1725	12
REXO2	2374	217	197	1090	219	169	3523	29
NXPE1	0	0	0	5	0	0	0	0
NXPE4	0	1	0	1	0	0	0	0
NXPE2	3	0	0	3	0	2	3	0
CADM1	518	370	41	1093	330	116	1058	63
BUD13	320	52	18	199	32	34	695	6
ZPR1	569	50	65	290	37	38	1190	9
APOA5	0	0	0	0	0	0	0	0
APOA4	38	11	1	46	8	10	47	2
APOC3	25	5	2	22	2	1	38	0
APOA1	208	55	4	273	38	32	819	6
SIK3	210	343	18	1472	287	145	480	55
PAFAH1B2	1325	190	88	857	173	139	2573	32
SIDT2	140	23	8	104	7	8	308	4
TAGLN	1450	61	453	778	49	56	2844	22
PCSK7	667	39	38	256	29	29	1095	4
RNF214	731	103	32	529	78	68	1361	16
BACE1	639	50	28	412	46	40	1123	10
CEP164	592	79	41	360	65	41	1135	9
DSCAML1	11	22	0	220	13	3	24	13
FXYD2	16	5	0	14	1	2	36	2
FXYD6	1168	172	59	661	152	88	3192	37
TMPRSS13	7	1	2	4	0	0	13	0
IL10RA	0	0	0	1	0	0	4	0
SMIM35	0	0	0	2	0	0	0	0
TMPRSS4	0	2	0	3	0	2	1	0
SCN4B	4	0	0	6	0	2	9	0
SCN2B	0	0	2	1	0	0	7	0
JAML	0	0	0	0	0	0	1	0
MPZL3	2	1	2	6	0	0	10	0
MPZL2	1	0	1	0	0	1	2	0
CD3E	0	0	0	0	0	0	0	0
CD3D	0	0	0	3	0	0	6	0
CD3G	0	0	0	2	0	0	0	0
UBE4A	425	91	24	487	68	50	767	10
ATP5MG	7005	1006	480	4626	717	545	13434	157
KMT2A	752	279	41	1052	172	151	1593	36
TTC36	2	1	0	2	2	0	2	1
TMEM25	187	20	8	104	13	12	454	4
IFT46	247	55	10	170	25	16	532	7
ARCN1	1406	212	78	1012	147	155	2583	33
PHLDB1	259	30	21	145	22	21	506	2
TREH	0	1	0	2	1	0	0	0
DDX6	1260	261	104	1393	227	178	2881	61
CXCR5	2	0	0	4	0	0	10	0
BCL9L	482	41	29	226	35	21	744	5
UPK2	5	4	1	11	2	0	18	0
FOXR1	0	0	0	2	0	0	2	0
CCDC84	297	59	14	358	59	32	525	15
RPS25	27486	4264	2086	16519	2714	2168	58650	680
TRAPPC4	1635	199	84	954	105	78	3212	24
SLC37A4	431	57	40	188	33	22	1028	5
HYOU1	560	58	54	225	39	33	1017	9
VPS11	208	27	15	125	13	10	355	4
HMBS	640	85	55	300	57	35	1386	20
H2AFX	1963	287	132	573	185	141	4214	39
DPAGT1	367	50	21	130	23	14	717	10
C2CD2L	40	5	1	21	1	2	100	2
HINFP	213	38	17	158	22	15	433	3
ABCG4	14	0	0	3	0	0	18	0
NLRX1	51	14	0	31	12	3	141	2
PDZD3	2	0	0	1	0	0	13	0
CCDC153	33	5	6	32	3	3	98	0
CBL	394	150	36	567	110	87	775	18
MCAM	95	7	14	63	10	2	241	2
RNF26	551	46	48	153	34	22	1144	7
MFRP	0	0	0	0	0	0	0	0
C1QTNF5	0	0	0	1	0	0	1	0
USP2	20	4	6	19	1	0	44	1
THY1	2296	197	199	955	203	60	4474	35
NECTIN1	183	42	32	156	57	23	418	8
TRIM29	0	1	0	3	0	0	1	0
OAF	974	135	16	295	92	63	1905	13
POU2F3	0	1	3	7	0	1	3	0
TLCD5	397	42	15	181	37	16	690	6
ARHGEF12	412	175	27	885	132	122	798	32
GRIK4	42	64	1	164	26	26	87	4
TBCEL	70	60	6	333	46	38	142	6
TECTA	8	7	0	15	3	1	14	0
SC5D	1486	160	95	856	148	123	2275	27
SORL1	147	55	25	262	46	11	285	7
BLID	1	1	0	0	0	0	4	0
UBASH3B	70	53	15	379	64	23	168	10
CRTAM	0	1	0	1	0	0	1	0
JHY	30	5	2	35	15	1	86	0
BSX	0	0	0	1	0	0	0	0
HSPA8	16359	1138	1772	6202	1045	780	31912	220
CLMP	881	261	19	1044	241	158	1666	58
GRAMD1B	36	68	11	234	29	11	102	8
SCN3B	12	0	2	6	0	1	20	1
ZNF202	90	12	9	62	15	9	145	2
OR6X1	0	0	0	0	0	0	0	0
OR6M1	0	0	0	0	0	0	1	0
TMEM225	2	0	0	0	0	0	1	0
OR8D4	96	2	0	7	3	4	80	0
OR4D5	0	0	0	0	0	0	0	0
OR6T1	0	0	0	0	0	0	0	0
OR10S1	0	0	0	0	0	0	0	0
OR10G6	0	0	0	0	0	0	0	0
OR10G4	11	0	0	1	0	1	7	0
OR10G9	1	0	0	0	0	0	0	0
OR10G8	0	0	0	0	0	0	0	0
OR10G7	0	0	0	0	0	0	0	0
VWA5A	484	43	15	174	15	21	465	1
OR10D3	0	0	0	0	0	0	1	0
OR8G1	0	0	0	0	0	0	0	0
OR8G5	4	0	0	2	0	0	1	0
OR8D1	0	0	0	1	0	1	0	0
OR8D2	1	0	0	0	0	0	0	0
OR8B2	0	0	0	0	0	0	0	0
OR8B3	0	1	0	0	0	0	0	0
OR8B4	0	0	0	0	0	0	0	0
OR8B8	0	0	0	0	0	0	0	0
OR8B12	0	0	0	0	0	0	0	0
OR8A1	12	1	0	0	0	0	0	0
PANX3	1	1	0	0	0	0	0	0
TBRG1	442	109	58	380	62	66	917	12
SIAE	32	5	1	16	0	1	50	0
SPA17	287	45	9	143	27	20	802	8
NRGN	19	6	4	16	0	2	58	1
VSIG2	0	0	0	0	0	0	0	1
ESAM	4	0	0	0	0	0	2	0
MSANTD2	225	86	12	347	81	36	488	9
ROBO3	38	6	8	25	1	1	125	0
ROBO4	0	1	0	0	0	0	4	0
HEPACAM	0	0	0	0	0	0	2	0
HEPN1	0	0	0	0	0	0	2	0
CCDC15	77	21	3	75	17	10	178	1
SLC37A2	2	4	0	7	0	2	3	0
TMEM218	403	61	23	182	47	30	806	12
PKNOX2	96	167	5	871	152	88	213	19
FEZ1	1186	82	52	459	88	76	1531	13
EI24	2490	215	190	1032	175	143	4628	42
STT3A	862	69	50	361	48	46	1474	15
CHEK1	878	182	59	724	175	91	1754	36
ACRV1	1	5	0	10	2	4	8	1
PATE1	1	0	0	0	0	0	1	0
PATE2	6	0	0	2	0	0	4	0
PATE3	0	0	0	0	0	0	0	0
PATE4	0	0	0	0	0	0	0	0
HYLS1	220	38	9	108	18	27	460	13
PUS3	252	30	25	155	22	10	691	6
DDX25	37	4	15	35	3	3	93	0
VSIG10L2	0	1	0	2	0	0	3	0
CDON	120	157	11	584	67	74	290	22
RPUSD4	326	41	39	200	29	21	685	12
FAM118B	492	72	56	368	58	38	922	9
SRPRA	771	71	43	330	50	36	1420	13
FOXRED1	391	77	42	280	54	44	832	12
TIRAP	58	15	6	83	8	9	111	0
DCPS	533	82	59	315	63	38	947	11
ST3GAL4	173	26	14	120	23	15	303	3
KIRREL3	2	21	0	137	20	6	14	3
ETS1	279	55	22	322	59	36	527	2
FLI1	74	18	2	119	14	13	118	2
KCNJ1	0	0	0	0	0	0	0	0
KCNJ5	17	3	1	27	2	1	39	0
C11orf45	5	1	0	0	0	0	5	0
TP53AIP1	1	0	0	0	0	0	2	0
ARHGAP32	203	245	11	1329	221	163	414	31
BARX2	2	1	0	14	0	1	4	0
TMEM45B	2	0	1	3	0	0	3	1
NFRKB	283	70	19	266	51	25	595	10
PRDM10	33	51	5	209	29	18	93	8
APLP2	5014	481	243	2614	373	357	9669	93
ST14	5	1	10	8	0	3	3	0
ZBTB44	514	139	58	607	106	88	1200	13
ADAMTS8	62	8	3	29	5	1	198	4
ADAMTS15	52	7	2	85	7	15	67	0
SNX19	203	40	11	174	34	21	312	5
NTM	795	219	9	3318	265	258	1342	27
OPCML	8	16	0	180	24	16	29	11
SPATA19	1	0	0	1	0	0	2	0
IGSF9B	14	3	4	18	5	1	32	0
JAM3	346	121	14	399	90	54	854	23
NCAPD3	524	125	31	456	92	60	1151	24
VPS26B	446	50	30	206	44	27	780	6
THYN1	1246	165	160	511	126	88	3082	27
ACAD8	263	32	25	127	21	15	636	4
GLB1L3	9	5	2	16	2	0	12	0
GLB1L2	13	2	0	8	2	1	11	0
B3GAT1	10	3	3	12	5	0	16	0
TUBB8	5	4	2	12	3	5	5	0
ZMYND11	543	181	22	816	152	120	1120	25
DIP2C	155	256	5	1029	268	140	299	43
PRR26	4	3	1	9	2	0	8	1
LARP4B	293	152	20	860	139	96	565	32
GTPBP4	1535	228	141	970	121	110	3095	37
IDI2	1	0	0	6	1	0	5	0
IDI1	2518	310	93	1455	268	158	4889	57
WDR37	77	41	9	318	44	30	179	8
ADARB2	5	10	1	226	9	5	22	2
PFKP	2056	143	112	1348	178	162	3583	27
PITRM1	268	16	18	121	27	17	384	2
KLF6	1470	125	117	815	132	90	2972	21
AKR1E2	11	23	2	52	14	10	59	2
AKR1C1	18	2	9	15	1	1	44	0
AKR1C2	9	1	0	4	1	1	21	1
AKR1C3	7	0	7	11	3	1	26	1
AKR1C8P	1	0	0	1	1	1	0	0
AKR1C4	0	1	0	0	0	0	0	0
UCN3	0	0	0	0	0	0	0	0
TUBAL3	1	0	0	1	0	0	0	0
NET1	475	89	40	426	67	55	983	12
CALML5	0	0	0	0	0	0	0	0
CALML3	0	0	0	0	0	0	0	0
ASB13	96	26	5	75	12	8	239	2
TASOR2	510	183	34	893	130	107	994	30
GDI2	3827	509	290	2215	423	304	7380	86
ANKRD16	177	26	11	135	28	18	347	6
FBH1	540	75	28	423	66	44	1037	8
IL15RA	3	0	1	1	0	0	4	0
IL2RA	0	0	0	2	0	0	0	0
RBM17	2403	288	184	1373	276	151	4626	51
PFKFB3	281	61	21	828	115	65	613	19
PRKCQ	27	30	3	103	25	6	76	3
SFMBT2	63	57	8	362	45	38	64	24
ITIH5	12	2	2	22	1	3	37	0
ITIH2	0	0	0	4	1	0	1	0
KIN	681	75	57	505	68	65	1594	25
ATP5F1C	5893	615	548	3069	522	347	11084	103
TAF3	616	198	45	901	146	134	1118	40
GATA3	323	45	47	345	54	30	947	13
CELF2	534	107	36	730	56	54	959	30
USP6NL	205	119	10	540	104	63	426	21
ECHDC3	198	25	18	7	1	16	364	2
PROSER2	53	9	8	37	10	14	144	2
UPF2	566	118	36	623	121	83	1239	18
DHTKD1	323	128	35	313	64	44	708	4
SEC61A2	239	34	15	185	26	13	430	6
NUDT5	2220	280	200	1398	269	173	4737	62
CDC123	2317	286	183	1306	218	160	4617	41
CAMK1D	43	93	7	159	40	32	136	8
CCDC3	348	152	15	1102	91	35	959	29
OPTN	505	33	30	305	27	40	1066	5
MCM10	485	111	32	370	83	39	949	22
UCMA	4	1	2	0	0	0	5	0
PHYH	364	42	44	173	36	26	826	15
SEPHS1	1437	231	354	783	139	106	3025	41
BEND7	109	49	9	147	34	20	234	5
PRPF18	283	62	21	292	47	33	623	14
FRMD4A	354	233	18	1569	229	221	685	56
FAM107B	1257	167	48	1005	153	160	2006	34
CDNF	6	5	1	24	5	6	36	1
HSPA14	149	13	8	101	7	16	366	1
HSPA14.1	518	89	46	353	60	42	887	16
SUV39H2	462	85	20	283	61	46	891	14
DCLRE1C	333	99	15	269	52	45	740	14
MEIG1	21	4	1	16	3	0	32	1
OLAH	1	2	1	0	0	0	5	0
ACBD7	12	5	2	17	2	3	38	1
RPP38	548	71	52	403	81	46	1089	13
NMT2	230	62	7	299	44	40	523	11
FAM171A1	544	228	23	1081	195	129	1055	52
ITGA8	404	135	4	887	104	79	697	35
MINDY3	172	69	9	300	47	48	332	8
PTER	178	26	8	177	32	23	298	8
C1QL3	1	1	0	5	0	0	3	0
RSU1	678	108	43	824	151	101	1239	18
CUBN	10	7	1	57	8	6	28	3
TRDMT1	167	47	6	177	27	44	400	8
VIM	41765	4175	3026	27238	2497	1912	82070	794
ST8SIA6	3	19	0	51	12	1	17	1
HACD1	639	70	69	437	91	36	1333	11
STAM	521	93	24	519	88	61	932	22
TMEM236	1	0	0	0	0	0	2	0
MRC1	1	2	0	2	0	0	3	2
SLC39A12	1	1	0	0	0	0	3	0
CACNB2	27	68	1	305	71	31	53	20
NSUN6	222	98	15	414	64	55	397	10
ARL5B	568	89	31	379	67	70	951	18
MALRD1	8	15	0	91	19	10	12	2
PLXDC2	269	277	16	2215	263	167	650	48
NEBL	207	130	31	833	79	46	370	24
C10orf113	0	0	0	0	0	0	1	0
SKIDA1	171	26	5	58	17	17	355	3
MLLT10	565	329	56	1690	287	229	1156	48
DNAJC1	800	155	60	939	164	100	1639	35
EBLN1	0	0	0	0	0	0	0	0
COMMD3	626	61	35	290	67	44	1369	11
BMI1	181	59	7	215	36	30	374	6
SPAG6	6	11	0	8	4	5	5	1
AL513128.2	5	0	0	2	0	1	7	0
PIP4K2A	290	137	24	648	88	60	611	15
ARMC3	7	12	1	26	7	6	26	1
MSRB2	1960	205	101	1469	178	188	3953	41
PTF1A	0	0	0	0	0	0	3	0
C10orf67	3	1	1	8	1	2	3	0
OTUD1	200	22	17	103	12	8	415	3
KIAA1217	368	431	16	2350	265	228	603	75
ARHGAP21	479	210	18	709	148	106	997	32
PRTFDC1	377	111	18	424	99	62	793	18
ENKUR	6	7	0	20	0	2	9	0
THNSL1	80	15	1	46	9	9	180	3
GPR158	1	1	0	19	3	1	1	3
MYO3A	46	34	9	165	40	23	83	9
GAD2	7	1	29	6	0	1	6	0
APBB1IP	36	9	0	93	25	22	34	1
PDSS1	213	44	18	194	45	20	382	2
ABI1	410	130	23	628	119	73	770	13
ANKRD26	969	175	37	726	150	90	2009	31
YME1L1	1272	231	73	1128	171	189	2637	40
MASTL	325	85	26	254	64	31	701	10
ACBD5	304	48	19	259	40	40	770	7
RAB18	1271	138	73	869	119	104	2487	29
MKX	2	0	0	2	0	1	2	0
ARMC4	16	7	0	63	7	4	35	6
MPP7	19	22	7	116	12	13	62	2
WAC	1602	411	116	2189	394	247	3346	76
BAMBI	7696	795	279	5039	706	353	15604	109
LYZL1	0	0	0	1	0	0	3	0
SVIL	737	329	37	1352	300	197	1412	56
JCAD	587	94	20	953	112	52	978	10
MTPAP	217	29	22	182	33	25	459	8
MAP3K8	69	16	7	65	4	10	159	5
LYZL2	0	0	0	0	0	0	0	0
ZNF438	29	47	2	207	27	25	87	10
ZEB1	362	263	6	1377	265	171	884	50
ARHGAP12	255	150	19	754	126	92	563	27
KIF5B	3914	455	235	2247	436	293	7467	91
EPC1	1149	260	65	1550	279	206	2228	59
CCDC7	30	25	0	140	32	18	39	1
ITGB1	2082	513	126	2593	452	288	3871	94
NRP1	928	466	36	3235	539	254	1904	118
PARD3	707	767	47	3444	606	488	1441	133
CUL2	670	116	32	614	104	79	1349	12
CREM	675	134	47	671	106	90	1291	20
CCNY	982	266	77	1079	179	175	1728	56
GJD4	0	0	0	0	0	0	0	0
FZD8	202	9	13	91	11	18	266	4
ANKRD30A	0	0	0	1	0	0	0	0
MTRNR2L7	0	0	0	0	0	0	0	0
ZNF248	283	29	2	229	36	1	288	10
ZNF25	20	7	0	17	5	0	43	0
ZNF33A	611	147	20	829	154	80	1168	33
ZNF37A	450	24	11	203	7	28	649	9
IGKV1OR10-1	0	0	0	0	0	0	0	0
ZNF33B	307	84	17	428	70	57	676	11
BMS1	1201	148	76	809	121	95	2283	26
RET	11	3	3	14	1	0	8	2
CSGALNACT2	158	52	5	230	48	31	363	6
RASGEF1A	46	10	18	31	5	3	102	0
FXYD4	0	0	0	0	0	0	0	0
HNRNPF	3969	524	370	2289	454	251	8335	107
ZNF487	52	19	3	57	14	6	102	3
ZNF239	95	13	4	68	10	15	150	5
ZNF485	34	11	4	41	10	7	90	2
ZNF32	764	91	38	387	66	48	1607	20
C10orf142	4	0	0	4	0	0	6	0
CXCL12	163	38	28	58	22	11	446	6
TMEM72	0	1	0	4	0	0	1	0
RASSF4	249	15	25	90	23	20	555	6
DEPP1	93	5	7	35	1	5	224	3
ZNF22	2087	319	112	1243	230	195	4436	61
OR13A1	0	0	0	3	0	0	0	0
ALOX5	1	0	0	13	0	3	0	0
MARCH8	39	53	1	257	41	34	83	1
ZFAND4	59	30	4	139	16	9	107	2
WASHC2C	322	38	26	246	28	31	635	10
AGAP4	12	10	1	67	10	11	40	3
TIMM23	680	149	45	526	94	82	1469	19
NCOA4	834	94	58	551	74	38	1594	19
MSMB	0	0	0	0	0	0	0	0
ANTXRL	0	0	0	1	0	0	0	0
ANXA8L1	12	0	0	5	1	0	172	0
NPY4R	0	0	0	0	0	0	0	0
GPRIN2	18	3	2	14	3	0	57	0
SYT15	4	4	0	18	1	2	4	0
PTPN20	13	0	0	16	4	2	17	0
GDF10	19	5	1	24	1	5	34	0
GDF2	1	1	0	0	1	0	4	0
RBP3	1	0	0	2	0	0	1	0
ZNF488	13	0	1	6	3	1	27	0
ANXA8	465	5	6	39	5	4	519	1
FAM25G	0	0	0	0	1	0	0	0
AGAP9	19	6	3	31	4	2	52	2
FO681492.1	1	2	0	4	0	0	1	0
NPY4R2	0	0	0	0	0	0	0	0
FAM25C	0	0	0	0	0	0	0	0
FRMPD2	4	5	0	56	1	1	7	3
MAPK8	460	480	23	2344	392	282	933	101
ARHGAP22	334	30	2	261	28	23	657	5
WDFY4	0	0	0	1	0	0	0	0
LRRC18	0	0	0	2	0	0	0	0
VSTM4	118	2	2	46	14	11	184	1
FAM170B	0	0	0	0	0	0	0	0
TMEM273	0	0	0	1	0	0	0	0
C10orf71	6	3	0	24	1	0	8	0
DRGX	1	0	0	2	1	0	1	0
ERCC6	170	22	8	181	25	17	403	7
CHAT	0	0	0	3	0	1	1	0
SLC18A3	34	2	0	14	3	0	160	0
C10orf53	2	0	0	0	0	0	2	0
OGDHL	37	3	12	14	2	1	93	0
PARG	351	140	25	655	93	71	702	36
TIMM23B	94	20	7	77	12	8	150	2
AGAP6	49	0	3	0	0	0	109	0
WASHC2A	263	33	22	235	27	19	580	7
ASAH2	1	0	0	1	0	0	2	0
SGMS1	287	158	16	759	136	135	490	38
ASAH2B	55	9	3	61	12	9	130	8
A1CF	1	0	1	1	0	0	4	0
PRKG1	94	283	12	997	165	128	254	81
CSTF2T	361	39	32	202	40	32	816	9
DKK1	1105	46	26	428	41	48	3183	50
MBL2	0	0	0	0	0	0	0	0
PCDH15	10	81	2	1137	76	20	28	13
MTRNR2L5	0	1	0	2	0	0	1	0
ZWINT	1450	176	94	605	121	101	2948	35
IPMK	72	62	8	219	35	26	148	6
CISD1	1301	201	148	741	139	74	2789	24
UBE2D1	815	132	60	647	112	61	1781	24
TFAM	1080	175	113	762	137	115	2026	38
BICC1	65	65	1	216	74	35	167	6
PHYHIPL	3	3	2	10	12	7	6	0
FAM13C	4	2	0	18	0	4	22	1
SLC16A9	73	50	4	74	25	20	285	6
MRLN	1	0	0	0	0	0	1	0
CCDC6	365	135	21	469	89	63	760	15
ANK3	866	479	55	3240	396	403	1773	91
CDK1	2925	367	173	1208	294	150	5521	63
RHOBTB1	363	69	6	284	54	74	731	10
TMEM26	1	0	0	6	0	0	0	0
CABCOCO1	19	6	4	21	9	4	87	0
ARID5B	1187	139	24	1017	218	175	1890	25
RTKN2	299	82	24	233	78	41	652	26
ZNF365	1	0	1	2	1	0	1	0
AC067752.1	0	0	0	0	0	0	0	0
ADO	288	30	17	96	25	13	496	3
EGR2	30	3	1	23	0	3	51	0
NRBF2	716	98	58	549	77	73	1345	18
JMJD1C	1327	1099	114	5721	915	693	2551	232
REEP3	672	190	46	846	141	115	1254	31
CTNNA3	37	321	1	1393	219	129	112	58
LRRTM3	8	18	0	103	7	8	16	5
DNAJC12	74	7	6	29	4	6	227	2
SIRT1	239	54	25	321	69	33	425	9
HERC4	554	209	35	1134	163	156	1057	34
MYPN	1	0	0	2	0	0	0	0
ATOH7	3	0	2	4	0	1	5	0
PBLD	43	18	2	88	11	14	98	4
HNRNPH3	4591	753	388	2658	545	370	9519	117
RUFY2	372	95	9	498	73	63	731	22
DNA2	227	111	19	293	100	48	484	20
SLC25A16	128	48	20	344	36	25	256	8
TET1	1857	442	135	1821	318	233	3671	58
CCAR1	2415	353	178	1639	305	204	4538	56
STOX1	63	33	2	159	31	29	150	6
DDX50	991	214	53	831	145	110	2236	38
DDX21	1393	243	220	923	144	121	2869	46
KIF1BP	567	72	41	379	48	46	1052	13
SRGN	0	0	0	0	0	0	0	0
VPS26A	949	174	58	676	140	117	1937	30
SUPV3L1	306	56	15	261	47	36	676	9
HKDC1	0	1	0	2	0	0	1	0
HK1	580	58	82	436	69	47	1202	9
TACR2	1	0	0	2	0	1	1	0
TSPAN15	412	19	35	171	32	35	919	8
NEUROG3	1	0	0	0	0	0	0	0
FAM241B	181	43	18	82	26	22	564	3
COL13A1	750	169	5	745	119	90	1410	26
H2AFY2	2248	418	66	1767	309	192	5761	86
AIFM2	67	5	7	31	5	7	107	1
TYSND1	109	22	12	60	12	11	204	1
SAR1A	1707	162	103	765	112	121	2955	32
PPA1	2776	420	233	1556	261	198	5537	51
NPFFR1	0	0	0	2	0	1	0	0
LRRC20	67	18	6	60	16	12	170	6
EIF4EBP2	1074	170	67	798	153	109	2086	27
NODAL	160	23	166	226	14	8	422	3
PALD1	60	22	11	80	15	9	105	2
PRF1	0	0	0	0	0	0	0	0
ADAMTS14	3	1	0	8	1	2	8	0
TBATA	2	0	0	0	0	0	0	0
SGPL1	413	117	18	512	84	72	940	10
PCBD1	1221	134	132	585	117	67	2684	25
UNC5B	400	77	55	396	52	28	872	10
SLC29A3	62	15	10	54	9	7	159	6
CDH23	6	7	2	60	3	3	38	0
C10orf105	0	0	0	2	0	0	2	0
VSIR	5	1	2	1	0	0	19	0
PSAP	2265	189	239	1095	148	93	4552	37
CHST3	52	10	3	34	11	6	103	1
SPOCK2	3	2	0	5	1	0	15	1
ASCC1	434	98	23	351	63	47	864	13
ANAPC16	2972	402	208	1668	257	202	6675	54
DDIT4	996	146	124	621	56	54	3281	22
DNAJB12	451	81	30	333	59	45	888	9
MICU1	597	203	48	1115	154	129	1405	40
MCU	223	179	31	831	170	115	376	25
OIT3	2	0	2	5	1	1	2	1
PLA2G12B	8	3	0	21	2	1	10	0
P4HA1	1785	330	63	1359	195	214	3872	62
NUDT13	20	9	1	46	7	6	73	0
ECD	366	81	22	436	72	45	754	18
FAM149B1	117	49	11	286	56	32	275	11
DNAJC9	1441	200	85	803	172	129	2789	42
MRPS16	2245	289	232	922	138	180	3181	27
CFAP70	10	5	0	45	4	6	29	1
ANXA7	918	104	109	466	92	60	1629	14
MSS51	19	5	0	32	6	6	29	1
PPP3CB	562	130	31	816	118	88	1134	24
USP54	95	122	15	446	102	45	207	15
MYOZ1	30	6	8	22	2	1	56	1
SYNPO2L	13	3	1	15	1	2	16	0
AGAP5	8	3	2	17	1	2	27	0
SEC24C	305	24	19	187	31	20	583	9
FUT11	213	41	22	117	14	14	468	5
CHCHD1	2411	286	179	1132	188	130	4902	28
ZSWIM8	251	25	11	142	24	22	480	8
NDST2	14	9	1	48	5	10	18	0
CAMK2G	198	69	15	280	40	25	459	9
PLAU	147	14	23	75	1	4	228	2
C10orf55	1	0	0	3	0	0	0	0
VCL	1192	366	79	3051	410	308	2145	48
AP3M1	417	70	21	357	53	52	952	16
ADK	397	371	39	1571	334	257	1153	65
KAT6B	662	177	46	858	161	150	1476	30
DUPD1	0	0	0	0	0	0	0	0
DUSP13	0	0	1	0	0	0	7	0
SAMD8	191	52	14	276	51	45	343	8
VDAC2	2892	578	317	2720	464	363	6347	96
COMTD1	180	19	43	120	21	15	292	4
ZNF503	2706	248	55	1104	231	143	5594	50
LRMDA	110	137	6	1737	268	151	344	48
KCNMA1	189	101	7	1079	426	249	285	41
DLG5	24	76	4	503	90	39	49	23
POLR3A	383	61	32	321	49	38	702	11
RPS24	51585	7182	4287	30933	5046	3874	104658	1071
ZMIZ1	766	224	21	1048	280	166	1607	26
PPIF	857	104	85	374	59	65	1712	20
ZCCHC24	649	65	25	449	70	46	1125	5
EIF5AL1	102	8	7	32	3	2	203	0
SFTPA2	0	0	0	0	0	0	0	0
SFTPA1	0	0	1	0	0	0	0	0
NUTM2B	0	0	0	0	0	0	0	0
NUTM2E	0	0	0	0	0	0	0	0
SFTPD	43	2	0	36	1	10	107	0
TMEM254	248	53	16	182	36	25	692	8
PLAC9	237	3	34	96	25	34	765	9
ANXA11	1134	79	85	551	66	56	2010	7
MAT1A	1	1	0	1	0	0	1	0
DYDC1	2	1	0	1	1	0	2	0
DYDC2	20	2	2	17	2	2	69	4
PRXL2A	3204	425	130	1712	353	208	6584	51
TSPAN14	587	79	30	355	74	34	1218	17
SH2D4B	6	2	0	47	4	1	27	4
NRG3	7	119	0	797	53	48	18	46
GHITM	2531	290	239	1166	184	123	4875	56
C10orf99	0	0	0	0	0	0	0	0
CDHR1	6	3	1	9	2	0	11	0
LRIT2	0	0	0	0	0	0	0	0
RGR	0	0	0	1	0	1	1	0
LRIT1	0	0	0	0	0	0	0	0
CCSER2	494	214	22	1044	167	140	918	32
GRID1	3	6	0	94	29	6	15	2
WAPL	868	165	67	844	138	110	1631	32
OPN4	0	0	0	0	0	0	0	0
LDB3	5	3	3	19	3	1	12	1
BMPR1A	323	339	37	1538	225	170	647	69
MMRN2	1	0	1	4	1	2	5	0
SNCG	88	16	18	123	7	6	169	5
ADIRF	2	2	0	7	0	1	6	0
FAM25A	0	0	0	0	0	0	1	0
GLUD1	573	107	49	516	99	85	1021	13
SHLD2	183	126	11	636	159	115	348	15
NUTM2A	0	0	0	1	0	0	1	0
NUTM2D	0	0	0	0	0	0	1	0
MINPP1	425	53	37	262	31	34	911	11
PAPSS2	92	30	9	102	17	15	157	4
ATAD1	553	104	41	591	94	65	1170	23
KLLN	4	2	0	7	0	0	17	0
PTEN	572	268	48	1309	262	172	1214	58
RNLS	72	30	6	256	53	21	213	8
LIPJ	0	0	0	0	0	0	1	0
LIPF	0	0	0	0	0	0	1	0
LIPK	0	0	0	1	0	0	0	0
LIPN	0	0	0	0	0	0	0	0
LIPM	0	0	0	0	0	0	0	0
ANKRD22	0	0	2	1	0	0	1	0
STAMBPL1	13	5	1	75	4	3	28	2
ACTA2	4723	185	367	1794	155	92	7247	37
FAS	86	7	2	26	3	4	83	2
CH25H	0	0	0	0	0	0	0	0
LIPA	308	39	18	204	33	32	610	8
IFIT2	30	3	8	20	2	0	46	2
IFIT3	96	7	3	40	3	2	145	3
IFIT1B	0	0	0	0	1	0	0	0
IFIT1	673	27	18	308	28	54	1393	5
IFIT5	160	11	7	77	17	12	307	4
SLC16A12	2	4	4	3	0	2	4	0
PANK1	265	80	26	289	48	34	568	12
KIF20B	1605	357	98	1173	231	163	3389	53
HTR7	31	5	1	44	5	7	63	0
RPP30	1322	176	96	852	149	102	2579	30
ANKRD1	73	5	28	96	4	15	43	0
PCGF5	70	15	17	83	14	7	164	2
HECTD2	276	213	10	657	149	69	482	23
PPP1R3C	151	15	7	178	19	6	364	6
TNKS2	563	144	47	767	122	90	1171	26
FGFBP3	121	69	10	103	11	21	272	4
BTAF1	197	135	14	670	115	85	441	25
CPEB3	29	23	3	187	32	20	51	5
MARCH5	717	148	34	683	147	88	1288	20
IDE	288	113	16	484	88	50	499	12
KIF11	794	181	58	595	160	93	1499	29
HHEX	10	4	0	8	1	0	48	0
EXOC6	93	61	8	253	80	35	245	11
CYP26C1	2	2	0	2	0	0	3	0
CYP26A1	134	35	2	175	3	10	112	3
MYOF	361	35	6	269	46	73	439	8
CEP55	391	83	21	252	68	59	780	11
FFAR4	0	0	0	1	0	0	0	0
RBP4	38	8	1	32	4	2	73	2
PDE6C	0	0	0	5	0	0	2	2
FRA10AC1	807	110	43	410	111	55	1614	13
LGI1	95	41	6	114	14	3	291	4
SLC35G1	174	37	7	170	27	15	354	8
PLCE1	283	94	8	806	92	33	496	28
NOC3L	549	122	66	434	56	48	1179	18
TBC1D12	123	35	6	195	31	9	233	5
HELLS	1475	373	204	1187	257	183	3380	67
CYP2C18	0	0	0	2	0	0	4	0
CYP2C19	0	0	0	2	1	0	0	0
CYP2C9	0	1	0	3	1	0	2	0
CYP2C8	8	2	0	9	1	0	32	1
ACSM6	1	9	1	29	5	4	2	0
PDLIM1	1553	153	241	1086	120	147	2800	22
SORBS1	116	80	3	449	43	25	173	9
ALDH18A1	608	92	43	313	50	50	1089	14
TCTN3	614	100	27	350	62	55	1282	9
ENTPD1	4	3	2	29	2	1	30	0
CC2D2B	7	3	0	22	3	7	7	0
CCNJ	106	44	6	130	32	25	248	6
ZNF518A	618	176	55	861	169	116	1265	27
BLNK	0	0	0	0	0	0	0	0
DNTT	1	0	0	0	0	0	0	0
OPALIN	0	0	0	0	0	0	0	0
TLL2	0	3	2	15	1	0	7	1
TM9SF3	1479	290	101	1524	232	178	2865	56
PIK3AP1	1	1	1	8	1	0	5	0
LCOR	500	221	18	1136	230	143	1028	31
SLIT1	3	9	3	28	3	4	14	5
ARHGAP19	93	76	11	298	62	32	195	13
FRAT1	42	5	8	14	5	2	84	1
FRAT2	162	31	80	126	12	6	365	8
RRP12	168	32	24	103	25	15	277	4
PGAM1	1921	558	226	2898	549	360	4547	130
EXOSC1	1121	150	93	646	111	75	2252	19
ZDHHC16	655	67	36	275	54	44	1158	6
MMS19	426	99	41	335	54	52	748	7
UBTD1	161	17	26	107	11	8	285	1
ANKRD2	0	0	0	1	0	0	2	0
HOGA1	4	0	0	17	2	1	21	1
C10orf62	0	0	0	0	0	0	0	0
MORN4	132	60	24	111	15	26	680	4
PI4K2A	139	30	16	142	19	16	257	5
AVPI1	70	9	10	41	8	1	161	3
MARVELD1	641	39	28	127	16	20	1240	3
ZFYVE27	140	50	12	187	32	22	275	6
SFRP5	66	1	7	73	1	0	218	5
GOLGA7B	1	1	0	0	0	0	3	0
CRTAC1	7	4	0	34	2	2	20	2
R3HCC1L	229	107	15	507	111	63	473	26
LOXL4	76	1	1	16	2	2	125	1
PYROXD2	140	22	5	105	19	18	267	3
HPS1	620	55	68	288	52	35	1130	11
HPSE2	176	360	6	2614	681	777	375	88
CNNM1	14	0	3	7	3	1	36	0
GOT1	727	110	96	429	54	61	1496	10
NKX2-3	266	10	4	21	15	23	602	1
SLC25A28	251	22	18	132	18	20	460	4
ENTPD7	169	20	6	153	20	24	278	5
CUTC	308	62	34	262	56	38	724	13
COX15	321	84	24	267	38	30	642	7
ABCC2	4	1	1	9	1	1	6	0
DNMBP	155	67	12	231	61	43	266	8
CPN1	12	1	1	4	2	1	17	1
ERLIN1	293	40	16	181	39	23	632	7
CHUK	160	34	8	192	36	25	268	7
CWF19L1	158	56	7	221	43	19	346	5
BLOC1S2	897	102	70	472	84	59	1675	16
PKD2L1	0	1	0	0	0	0	1	0
SCD	1745	279	125	1076	231	169	3854	47
WNT8B	3	8	0	17	3	4	7	1
SEC31B	38	17	1	75	8	14	94	6
NDUFB8	3804	644	316	2783	519	358	7839	86
HIF1AN	372	50	33	236	28	42	748	6
PAX2	13	53	0	108	10	0	83	3
SLF2	445	132	16	473	79	60	895	17
MRPL43	1938	160	162	795	145	93	4089	38
SEMA4G	45	7	1	30	5	3	72	0
TWNK	79	13	8	56	6	4	167	0
LZTS2	703	54	36	258	52	34	1489	11
PDZD7	24	2	3	14	0	1	75	3
SFXN3	72	1	3	23	3	5	187	3
KAZALD1	27	8	1	8	2	0	85	2
TLX1	4	21	0	0	3	2	45	2
LBX1	0	0	0	0	0	0	0	0
BTRC	340	172	17	825	160	102	538	17
DPCD	1032	154	55	548	90	68	2671	28
POLL	212	26	23	104	13	13	440	4
FBXW4	182	77	23	310	53	34	393	8
FGF8	88	65	14	92	8	5	275	6
NPM3	1032	182	145	505	101	46	2242	29
OGA	801	220	57	1037	187	121	1788	40
KCNIP2	8	2	0	11	5	2	13	1
ARMH3	104	93	18	524	90	77	225	19
HPS6	159	7	18	76	10	8	336	2
LDB1	357	38	18	249	30	22	648	8
PPRC1	260	39	27	234	30	34	512	11
NOLC1	950	151	89	597	121	77	1867	21
ELOVL3	2	0	1	1	0	0	9	0
PITX3	14	0	1	8	2	0	39	2
GBF1	446	169	20	855	129	105	739	26
NFKB2	138	6	18	49	7	9	277	2
PSD	505	27	20	184	24	12	1271	3
FBXL15	521	44	40	234	26	29	1118	7
CUEDC2	1602	153	99	700	138	93	3605	33
C10orf95	4	1	1	7	1	0	22	0
MFSD13A	26	4	3	20	2	4	87	1
ACTR1A	824	93	53	382	71	54	1601	19
SUFU	163	73	4	368	54	28	277	12
TRIM8	576	55	27	247	31	33	1166	8
ARL3	3091	435	150	1720	328	208	5730	72
SFXN2	121	36	12	128	18	18	218	2
WBP1L	364	62	19	335	52	30	576	11
CYP17A1	1	0	0	0	0	0	1	0
BORCS7	886	94	50	312	62	63	1720	20
AS3MT	2	57	0	151	32	15	8	6
CNNM2	85	64	7	173	48	33	137	6
NT5C2	270	169	21	745	140	103	577	28
RPEL1	1	0	0	0	0	0	3	0
INA	33	5	11	41	3	3	89	2
PCGF6	288	77	26	341	65	39	574	14
TAF5	224	32	26	158	27	14	460	2
ATP5MD	6366	571	547	2899	461	364	12025	115
PDCD11	664	82	47	385	56	66	1324	21
CALHM2	35	2	2	29	3	5	148	0
CALHM1	0	0	0	0	0	0	0	0
CALHM3	0	0	0	0	0	0	3	0
NEURL1	16	12	3	25	10	5	52	1
SH3PXD2A	844	201	33	1167	200	133	1610	35
STN1	244	33	25	117	15	17	491	2
SLK	744	123	54	506	99	70	1475	11
COL17A1	3	0	2	2	0	0	8	1
SFR1	166	26	13	77	21	16	352	2
CFAP43	5	15	1	58	6	8	16	2
GSTO1	4693	534	494	2011	441	236	8170	82
GSTO2	111	20	32	81	14	9	465	4
ITPRIP	59	29	5	63	13	10	162	4
CFAP58	2	3	1	7	1	1	13	0
SORCS3	3	5	0	29	8	4	5	1
SORCS1	30	78	0	104	66	26	55	24
XPNPEP1	567	33	32	259	38	35	1145	13
ADD3	1059	246	57	783	154	147	2038	45
MXI1	434	125	25	410	65	54	1119	17
SMNDC1	779	136	41	617	102	77	1534	13
DUSP5	255	42	31	387	37	10	636	7
SMC3	3351	554	235	2272	445	266	7154	109
RBM20	113	198	4	645	127	42	291	57
PDCD4	2449	167	39	802	147	175	3933	36
BBIP1	534	88	30	392	50	46	1161	17
SHOC2	387	111	29	507	90	62	685	7
ADRA2A	133	3	3	26	14	14	172	2
GPAM	142	28	12	146	25	19	375	5
TECTB	0	0	0	0	0	0	0	0
ACSL5	0	2	0	5	0	0	2	0
ZDHHC6	340	51	24	223	35	34	692	6
VTI1A	217	269	15	1423	214	146	402	52
TCF7L2	928	414	82	2274	309	245	1871	88
HABP2	0	1	0	1	0	0	0	0
NRAP	0	0	0	0	0	0	0	0
CASP7	211	20	12	103	15	12	433	1
PLEKHS1	1	0	0	0	0	0	0	0
DCLRE1A	75	21	4	60	13	3	171	5
NHLRC2	369	131	15	493	109	87	705	26
ADRB1	0	0	0	0	0	0	2	0
CCDC186	450	65	27	326	54	44	1003	12
TDRD1	1	0	1	7	2	0	3	0
VWA2	20	13	1	25	9	3	47	1
AFAP1L2	869	90	7	599	95	47	1079	11
ABLIM1	139	91	8	467	84	33	495	15
FAM160B1	169	45	7	222	47	27	331	8
TRUB1	176	40	20	215	36	32	359	7
ATRNL1	221	234	10	1359	348	217	402	46
GFRA1	8	7	0	22	1	1	45	1
CCDC172	4	0	8	1	0	0	1	0
PNLIPRP3	0	0	0	1	0	0	0	0
PNLIP	0	0	1	0	0	0	0	0
PNLIPRP1	0	0	0	0	0	0	0	0
C10orf82	47	15	9	63	12	1	199	2
HSPA12A	34	17	4	83	8	11	103	3
ENO4	20	7	0	30	4	2	49	0
SHTN1	316	73	21	292	60	71	710	7
VAX1	3	7	2	3	0	0	5	0
KCNK18	0	0	0	0	0	0	0	0
SLC18A2	6	0	1	15	2	1	15	0
PDZD8	348	116	27	393	69	64	726	13
EMX2	55	15	1	102	12	15	95	2
RAB11FIP2	389	61	21	310	46	52	599	9
FAM204A	1160	155	85	728	135	103	2651	35
PRLHR	0	0	0	1	0	0	1	0
CACUL1	878	151	76	688	131	88	1940	42
NANOS1	74	3	6	30	4	3	105	3
EIF3A	4630	737	447	3594	574	401	9626	151
DENND10	707	87	55	607	88	63	1347	18
SFXN4	434	50	43	240	45	15	773	5
PRDX3	3506	389	256	1544	307	259	6769	63
GRK5	241	118	4	363	87	104	381	22
RGS10	188	19	33	99	14	9	166	6
TIAL1	1352	178	77	836	122	124	2544	27
BAG3	944	130	31	825	99	43	1738	19
INPP5F	378	84	69	740	46	58	1278	15
MCMBP	554	95	32	399	87	60	991	28
SEC23IP	526	99	24	405	59	41	1036	9
PLPP4	48	16	2	196	14	4	268	6
WDR11	403	80	24	431	62	43	776	11
FGFR2	1543	368	48	3113	460	435	2971	55
ATE1	393	203	28	865	160	145	623	39
NSMCE4A	1051	138	61	521	103	57	2039	26
TACC2	147	76	27	416	53	32	356	10
BTBD16	1	1	0	1	0	1	2	0
PLEKHA1	574	71	47	323	47	40	1077	13
ARMS2	1	0	0	1	0	0	1	0
HTRA1	872	121	37	605	109	34	2418	21
DMBT1	2	0	0	0	0	0	2	0
AL603764.2	0	0	0	1	0	0	0	0
C10orf120	0	0	0	0	0	0	0	0
CUZD1	0	1	0	69	2	0	0	0
FAM24B	77	11	7	151	5	4	170	2
FAM24A	0	0	0	0	0	0	0	0
C10orf88	126	32	9	127	30	23	225	6
PSTK	205	42	14	138	28	21	540	4
IKZF5	79	28	8	108	15	14	193	5
ACADSB	106	27	2	102	24	11	199	6
HMX3	1	0	1	0	0	0	1	0
HMX2	4	0	0	1	0	0	1	0
BUB3	1672	300	155	1040	206	134	3618	59
GPR26	0	0	0	0	0	0	0	0
CPXM2	6	0	1	4	0	1	13	0
CHST15	139	21	5	100	22	4	164	3
OAT	883	86	74	425	60	61	1308	13
NKX1-2	17	2	5	15	1	2	15	1
LHPP	210	44	10	185	33	23	446	7
FAM53B	97	38	4	172	36	22	189	6
EEF1AKMT2	530	196	38	582	110	89	1054	26
ABRAXAS2	329	51	17	300	42	41	726	12
ZRANB1	358	73	23	394	55	45	823	11
CTBP2	1660	483	135	1951	444	273	3131	84
TEX36	0	1	0	2	0	0	0	0
EDRF1	313	94	26	299	58	43	627	12
MMP21	3	0	0	9	1	0	2	0
UROS	1533	136	57	732	122	60	2960	15
BCCIP	972	181	66	748	135	106	2040	21
DHX32	394	95	16	472	76	63	707	16
FANK1	149	26	2	301	19	22	287	6
ADAM12	824	106	21	1837	190	184	1252	49
C10orf90	1	2	0	18	1	1	4	0
DOCK1	642	369	21	1868	396	250	1310	58
INSYN2A	1	24	1	111	41	22	4	4
NPS	0	0	0	0	0	0	0	0
FOXI2	0	0	0	1	0	0	0	0
CLRN3	0	0	0	1	0	0	0	0
PTPRE	50	12	2	81	7	11	122	3
MKI67	1807	456	81	1001	280	195	3506	50
MGMT	1405	220	54	561	171	151	1724	31
EBF3	8	10	0	34	7	12	41	4
C10orf143	74	12	0	47	2	8	102	0
GLRX3	2764	332	221	1318	249	153	4862	39
TCERG1L	4	13	2	86	17	4	46	1
PPP2R2D	653	122	44	543	106	58	1326	25
BNIP3	3055	465	255	2925	321	265	9492	96
JAKMIP3	6	2	0	13	1	0	12	0
DPYSL4	116	10	16	35	15	12	336	5
STK32C	100	34	22	101	13	13	301	3
LRRC27	145	22	6	105	12	14	313	4
PWWP2B	110	12	6	44	7	13	248	3
INPP5A	181	49	10	254	46	34	337	12
NKX6-2	9	5	1	1	1	0	18	0
CFAP46	49	7	4	61	8	2	105	4
ADGRA1	0	0	0	1	0	0	3	0
KNDC1	53	17	4	42	12	8	103	4
UTF1	104	9	282	29	2	7	138	2
VENTX	38	7	15	32	3	0	84	6
ADAM8	7	0	0	3	0	0	14	0
TUBGCP2	974	120	54	510	83	71	1823	18
ZNF511	1358	165	105	681	111	104	2802	42
CALY	56	3	4	12	6	4	225	4
PRAP1	2	3	0	8	0	0	4	0
FUOM	786	98	76	413	80	38	1595	14
ECHS1	3061	355	202	1346	250	197	6564	69
PAOX	53	8	0	55	9	5	124	1
MTG1	888	223	76	717	136	135	1817	34
SPRN	1	1	0	2	1	0	6	0
SCART1	7	2	0	83	5	2	12	1
CYP2E1	3	0	0	9	0	3	16	1
SYCE1	0	0	0	0	0	0	0	0
FRG2B	0	0	0	0	0	0	0	0
IQSEC3	7	1	0	19	2	0	66	0
SLC6A12	5	5	1	4	0	0	26	0
SLC6A13	19	3	2	10	1	1	30	0
KDM5A	1256	195	64	1007	156	145	2445	39
CCDC77	310	88	19	364	81	53	694	13
B4GALNT3	9	37	0	330	14	15	31	11
NINJ2	18	4	1	26	5	3	37	0
WNK1	1287	321	108	1616	304	219	2625	59
RAD52	82	30	8	163	21	27	141	5
ERC1	692	454	39	2579	420	270	1407	89
WNT5B	459	275	19	519	181	103	835	15
FBXL14	10	37	1	135	32	19	15	1
ADIPOR2	371	141	26	910	168	109	795	32
CACNA2D4	7	13	0	67	8	8	25	5
LRTM2	2	0	0	1	0	0	0	0
DCP1B	191	53	10	256	35	30	369	8
CACNA1C	102	151	6	1600	239	232	242	39
FKBP4	2482	234	281	1124	180	133	5200	25
ITFG2	284	49	19	261	44	47	629	8
NRIP2	5	1	0	4	3	0	7	0
TEX52	0	0	0	3	0	0	0	0
FOXM1	564	100	59	289	65	38	1104	11
RHNO1	533	63	37	217	53	31	1235	5
TULP3	552	97	31	410	55	56	1210	11
TEAD4	184	36	54	184	36	20	294	6
TSPAN9	342	66	11	390	64	61	476	8
PRMT8	3	6	0	60	1	0	15	0
CRACR2A	9	9	1	29	7	4	15	1
PARP11	150	59	4	320	58	59	327	8
CCND2	2117	331	87	1274	216	306	4861	39
TIGAR	93	93	8	509	62	51	147	7
FGF23	2	1	0	2	0	0	9	0
FGF6	0	0	0	1	0	0	0	0
C12orf4	204	49	7	282	48	31	381	1
RAD51AP1	796	155	60	525	120	69	1708	12
DYRK4	831	115	17	277	83	49	1698	4
AKAP3	4	7	0	5	2	6	11	0
NDUFA9	1288	151	95	573	111	94	2128	9
GALNT8	49	29	2	225	33	21	107	1
KCNA6	0	0	0	0	0	0	0	0
KCNA1	8	1	0	15	2	0	31	0
KCNA5	125	6	2	57	6	2	255	2
NTF3	231	53	1	234	59	13	397	6
ANO2	3	12	1	42	9	1	16	2
VWF	2	4	0	16	0	0	5	0
CD9	794	50	250	252	28	45	1354	7
PLEKHG6	14	5	6	12	1	1	23	1
TNFRSF1A	783	49	52	222	35	30	1335	10
SCNN1A	6	2	19	9	0	1	20	0
LTBR	155	0	8	49	4	8	295	4
CD27	5	0	0	2	0	0	14	0
TAPBPL	22	1	3	12	0	3	37	1
VAMP1	44	3	6	21	2	4	63	1
MRPL51	6802	734	470	3190	471	421	13684	113
NCAPD2	659	156	34	513	111	71	1340	19
GAPDH	60917	5449	5165	24997	4637	3298	124110	1140
IFFO1	114	16	5	56	14	5	278	0
NOP2	15	45	0	197	32	23	49	13
CHD4	2019	469	130	1983	351	254	3913	71
LPAR5	2	1	0	4	1	0	2	0
ACRBP	2	1	1	2	1	0	12	0
ING4	400	84	27	250	30	28	937	8
ZNF384	242	31	9	135	21	14	549	7
PIANP	29	4	2	10	2	3	72	0
COPS7A	500	57	41	214	22	28	1026	15
MLF2	3506	288	329	1506	262	204	6671	79
PTMS	10687	1391	722	6295	1051	790	24283	248
LAG3	24	4	2	5	2	3	36	0
CD4	31	11	5	44	9	2	110	1
GPR162	77	6	4	38	2	4	189	2
P3H3	430	38	23	164	21	30	825	5
GNB3	398	3	2	107	14	6	810	1
CDCA3	739	133	65	346	105	65	1519	18
USP5	665	61	41	213	38	39	1362	12
TPI1	14912	1803	1323	7753	1345	1066	37759	326
SPSB2	252	23	33	53	16	8	325	0
LRRC23	159	48	14	171	29	29	436	10
ENO2	190	29	143	134	22	13	692	2
ATN1	790	79	44	325	44	54	1539	12
C12orf57	4387	462	207	1627	356	295	10006	94
PTPN6	53	19	12	74	13	5	170	4
PHB2	4756	521	462	2183	348	262	9637	77
EMG1	1161	107	124	413	67	57	2265	18
LPCAT3	408	51	44	271	56	31	843	12
C1S	129	10	9	70	8	13	275	3
C1R	90	3	2	18	3	4	230	0
C1RL	64	24	4	143	17	27	210	7
RBP5	2	1	4	29	3	10	18	1
CLSTN3	74	10	10	71	8	10	221	3
PEX5	141	21	17	51	14	5	292	1
ACSM4	0	0	0	1	0	0	0	0
CD163L1	3	5	0	45	8	3	1	0
CD163	0	0	0	3	0	0	9	0
APOBEC1	0	0	0	0	0	0	0	0
GDF3	36	8	40	25	1	1	66	0
DPPA3	21	4	1	9	1	1	22	2
CLEC4C	1	0	0	1	0	0	3	0
NANOGNB	0	0	0	1	0	0	1	0
NANOG	6	7	41	18	1	4	16	0
SLC2A14	1	2	2	6	0	1	10	0
SLC2A3	840	114	195	691	95	61	1932	31
FOXJ2	148	9	10	63	11	2	295	0
C3AR1	2	0	0	0	0	0	3	1
NECAP1	246	16	13	113	20	18	513	3
CLEC4A	7	1	2	11	0	2	9	0
ZNF705A	0	0	0	0	0	0	0	0
FAM90A1	1	0	0	3	1	0	6	0
CLEC6A	0	0	0	1	0	0	2	0
CLEC4D	2	0	0	2	0	0	3	0
CLEC4E	1	0	0	0	0	0	0	0
AICDA	1	0	0	1	0	0	0	0
MFAP5	9	1	4	11	1	1	18	0
RIMKLB	312	91	25	393	67	29	562	7
A2ML1	1	0	0	8	1	1	2	0
PHC1	109	47	26	202	27	32	288	7
M6PR	401	140	60	601	103	80	877	27
KLRG1	39	22	6	68	19	11	130	0
A2M	3	6	0	26	9	4	13	0
PZP	0	2	0	14	4	4	3	1
KLRB1	0	4	0	3	3	0	0	0
CLEC2D	88	60	6	190	47	39	253	13
CLECL1	0	0	0	0	0	0	1	0
CD69	2	0	0	0	0	1	8	0
KLRF1	0	0	0	0	0	0	3	0
CLEC2B	4	0	0	0	0	0	21	0
KLRF2	0	0	0	2	0	2	0	0
CLEC2A	5	8	0	6	0	11	5	0
CLEC12A	77	2	3	5	1	8	64	0
CLEC1B	836	3	16	99	21	73	453	1
CLEC12B	7	0	1	0	0	2	5	0
CLEC9A	0	0	0	0	0	0	0	0
CLEC1A	10	0	0	2	8	4	17	0
CLEC7A	4	0	0	0	0	0	4	0
OLR1	160	1	1	2	2	2	252	0
TMEM52B	6	0	0	0	0	0	17	0
GABARAPL1	1117	53	67	296	48	48	2190	8
KLRD1	8	3	1	40	2	1	12	1
KLRK1	0	0	0	3	2	0	2	0
KLRC4	0	0	0	0	0	0	1	0
KLRC3	0	0	0	0	0	0	0	0
KLRC2	1	1	0	1	1	0	2	0
KLRC1	0	0	0	0	0	0	1	0
EIF2S3B	5	1	1	7	0	0	5	0
MAGOHB	1699	231	100	841	133	132	3259	27
STYK1	16	1	1	15	0	0	7	0
YBX3	3348	358	326	1621	307	234	5816	73
TAS2R7	0	0	0	0	0	0	0	0
TAS2R8	0	0	0	0	0	0	0	0
TAS2R9	0	0	0	0	0	0	0	0
PRH1	72	172	1	1122	190	134	121	41
TAS2R10	0	0	0	1	1	0	0	0
PRR4	0	12	0	43	9	3	2	3
TAS2R13	0	0	0	2	0	0	0	0
PRH2	0	0	0	1	0	0	0	0
TAS2R14	0	7	0	36	7	7	3	1
TAS2R50	0	0	0	1	0	0	0	0
TAS2R20	0	0	0	1	0	0	0	0
TAS2R19	0	1	0	2	0	1	0	0
TAS2R31	0	4	0	12	3	2	0	0
TAS2R46	0	0	0	2	0	0	0	0
TAS2R43	0	0	0	1	1	0	0	0
TAS2R30	0	1	0	7	3	1	0	2
SMIM10L1	0	152	0	555	73	76	0	26
TAS2R42	0	0	0	0	0	0	0	0
PRB3	2	0	0	8	2	0	2	0
PRB4	0	0	0	2	0	0	0	0
PRB1	0	0	0	2	0	0	0	0
PRB2	0	1	0	1	0	0	0	0
ETV6	324	208	28	1063	168	115	616	45
BCL2L14	1	60	2	306	57	43	10	10
LRP6	590	313	34	1224	195	147	1229	60
MANSC1	46	7	11	22	3	2	94	0
BORCS5	154	50	17	135	20	20	294	4
DUSP16	79	59	18	319	35	25	135	6
CREBL2	113	23	19	101	20	12	274	3
GPR19	22	12	12	53	10	3	64	1
CDKN1B	424	54	51	192	44	33	970	12
APOLD1	13	44	2	74	24	15	55	5
DDX47	15	3	0	9	4	2	38	0
GPRC5A	2	5	1	8	0	3	6	0
GPRC5D	0	0	0	0	0	0	0	0
HEBP1	627	89	60	374	63	35	1308	16
FAM234B	95	28	9	162	14	5	268	6
GSG1	1	0	0	11	1	0	14	0
EMP1	3	4	5	2	1	0	4	1
GRIN2B	9	16	0	143	3	0	28	9
ATF7IP	876	385	66	1868	314	221	1804	82
PLBD1	250	19	23	131	26	15	615	7
GUCY2C	11	2	0	42	2	2	23	0
HIST4H4	26	9	2	25	4	3	49	0
H2AFJ	3065	188	140	1108	180	126	3666	23
WBP11	1664	237	122	995	180	136	3142	22
C12orf60	45	8	0	40	5	7	79	1
SMCO3	22	2	0	1	0	0	35	0
ART4	238	7	12	47	5	14	203	0
MGP	566	0	10	59	0	5	833	0
ERP27	47	0	2	25	1	2	62	0
ARHGDIB	425	7	43	97	7	16	626	0
PDE6H	3	1	0	0	0	0	7	0
RERG	455	72	8	909	68	123	592	23
PTPRO	4	6	0	45	7	5	24	0
EPS8	185	68	10	178	35	24	397	8
STRAP	4361	448	298	2302	429	285	8964	71
DERA	858	181	42	743	151	98	1640	29
SLC15A5	0	1	0	7	0	0	0	0
MGST1	2709	558	345	2210	390	206	6009	61
LMO3	367	24	0	322	106	152	445	3
RERGL	0	2	0	3	0	1	0	0
PIK3C2G	0	1	1	0	0	1	0	0
PLCZ1	0	0	0	0	0	0	0	0
CAPZA3	0	0	0	0	0	0	0	0
PLEKHA5	1029	728	120	4446	546	415	2273	115
AEBP2	294	90	35	569	70	74	628	35
PDE3A	91	184	7	1786	133	101	205	55
SLCO1C1	1	0	0	10	2	2	6	0
SLCO1B3	0	0	0	0	0	0	0	0
SLCO1B7	0	0	0	0	0	0	0	0
SLCO1B1	8	12	5	69	9	1	25	1
SLCO1A2	178	56	4	444	66	7	214	7
IAPP	5	3	1	24	6	1	12	0
PYROXD1	93	29	5	92	27	20	199	5
RECQL	626	98	22	476	73	61	1215	17
GOLT1B	520	101	27	453	69	59	1210	16
SPX	92	1	0	9	0	7	169	0
GYS2	0	0	0	0	0	2	0	0
LDHB	20226	2402	1317	10037	1907	1333	41209	405
KCNJ8	23	5	2	15	4	4	113	0
ABCC9	1	1	0	4	1	0	10	0
CMAS	914	104	92	532	84	65	1928	27
ST8SIA1	425	118	11	959	128	83	797	46
C2CD5	127	88	12	413	72	50	294	15
ETNK1	702	212	47	979	162	171	1476	54
SOX5	250	935	6	5168	828	1106	471	208
BCAT1	831	298	67	1191	214	191	1945	45
LRMP	0	1	0	3	0	0	1	0
CASC1	8	6	0	20	11	1	14	0
ETFRF1	506	41	26	254	35	22	731	7
KRAS	1158	234	119	1045	168	111	2454	39
LMNTD1	1	15	0	65	7	2	8	5
RASSF8	434	199	22	1179	202	127	762	22
BHLHE41	11	2	5	5	1	0	30	0
SSPN	150	18	2	45	16	8	285	0
ITPR2	324	207	15	966	190	180	768	47
INTS13	379	65	34	245	48	35	721	7
FGFR1OP2	785	104	44	559	87	52	1496	20
TM7SF3	394	89	53	258	43	32	745	6
MED21	776	77	69	543	102	58	1616	10
C12orf71	0	0	0	1	0	0	0	0
STK38L	165	59	26	291	37	40	298	7
ARNTL2	14	13	0	33	3	2	41	4
SMCO2	0	0	0	0	0	0	0	0
PPFIBP1	1152	279	57	1801	219	143	2114	58
REP15	29	0	2	19	2	1	51	1
MRPS35	963	153	68	626	134	87	2139	19
MANSC4	1	0	1	0	0	2	1	0
KLHL42	333	57	31	286	52	45	667	12
PTHLH	1	0	1	0	0	0	7	0
CCDC91	555	205	43	1216	211	176	1127	42
FAR2	40	53	16	154	35	24	80	4
ERGIC2	1284	188	84	707	149	104	2600	29
OVCH1	0	1	0	8	1	0	0	0
TMTC1	65	131	11	555	82	32	181	27
IPO8	220	54	19	210	33	26	499	16
CAPRIN2	110	42	15	227	20	20	347	7
TSPAN11	42	19	1	82	5	7	100	2
DDX11	164	49	21	157	28	15	406	7
SINHCAF	741	502	116	2070	364	234	1709	73
DENND5B	384	299	22	1362	281	180	712	55
ETFBKMT	44	7	1	29	5	4	85	0
AMN1	248	68	24	243	46	29	538	14
H3F3C	7	0	0	0	0	0	14	0
RESF1	2085	485	87	2960	625	289	3668	59
BICD1	552	604	64	2528	570	388	1128	95
FGD4	56	73	28	266	44	37	118	5
DNM1L	999	178	51	832	178	131	2100	29
YARS2	1332	109	58	637	136	92	2599	28
PKP2	2216	446	67	1863	461	290	3911	64
SYT10	666	78	9	150	78	36	1155	9
ALG10	70	18	3	51	9	9	121	1
ALG10B	52	15	2	39	6	10	147	1
CPNE8	231	49	6	405	51	59	401	5
KIF21A	918	90	45	444	105	84	1566	17
ABCD2	2	0	0	2	0	0	5	0
C12orf40	0	6	0	52	12	6	1	2
SLC2A13	184	178	8	812	137	122	252	23
LRRK2	23	0	0	13	5	9	14	1
MUC19	3	0	0	5	1	1	3	0
CNTN1	6	3	2	36	1	5	24	0
PDZRN4	117	74	0	219	41	86	190	6
GXYLT1	415	114	28	407	70	77	920	22
YAF2	431	159	16	781	142	79	933	38
PPHLN1	1173	232	78	1034	210	118	2620	39
ZCRB1	1681	277	106	1039	215	148	4164	38
PRICKLE1	671	209	36	1311	163	309	889	21
ADAMTS20	62	41	1	385	122	244	57	12
PUS7L	788	94	50	375	87	76	1452	14
IRAK4	110	25	8	107	13	16	233	3
TWF1	312	56	20	272	40	46	584	9
TMEM117	66	22	1	210	70	68	103	2
NELL2	44	47	7	104	13	15	77	9
DBX2	1	1	0	0	0	0	3	0
ANO6	466	269	31	1570	285	175	971	33
ARID2	593	467	36	2265	415	244	1186	94
SCAF11	2174	425	136	2002	344	264	5013	67
SLC38A1	739	298	120	1354	269	170	1754	62
SLC38A2	942	156	123	928	159	125	1851	69
SLC38A4	3	3	1	10	0	2	8	2
AMIGO2	621	50	19	410	89	36	1274	3
PCED1B	57	58	10	527	79	43	138	6
RPAP3	612	102	51	591	106	44	1300	12
ENDOU	1	0	0	0	0	0	1	0
RAPGEF3	23	1	4	16	0	4	31	1
SLC48A1	156	14	15	44	9	8	196	4
HDAC7	477	61	32	276	44	45	894	9
VDR	7	0	0	3	0	0	10	0
TMEM106C	759	80	58	176	44	38	1830	12
COL2A1	917	182	38	418	157	94	2889	29
SENP1	268	71	12	365	70	41	531	18
PFKM	738	56	27	268	32	32	1481	7
ASB8	375	36	17	125	27	20	748	6
CCDC184	444	2	2	12	2	13	622	1
OR10AD1	0	0	0	0	0	0	1	0
H1FNT	0	0	0	0	0	0	1	0
ZNF641	1080	30	15	149	41	66	1121	5
ANP32D	2	0	0	0	0	0	3	0
C12orf54	10	0	0	0	0	1	11	0
OR8S1	1	0	0	0	0	0	2	0
OR5BS1P	0	0	0	0	0	0	0	0
LALBA	0	0	0	0	0	0	0	0
KANSL2	245	51	29	286	59	30	572	9
CCNT1	272	71	10	307	48	38	573	13
TEX49	0	0	0	1	0	0	0	0
ADCY6	134	16	0	82	17	21	289	6
CACNB3	134	9	2	51	14	8	313	2
DDX23	753	70	48	356	69	50	1494	12
RND1	4	3	3	3	3	0	21	0
CCDC65	19	43	0	177	23	20	37	13
FKBP11	667	54	31	193	39	47	1208	12
ARF3	1236	135	101	823	154	86	2256	29
WNT10B	2	5	2	6	0	0	12	0
WNT1	24	1	1	16	1	3	44	0
DDN	0	0	1	1	0	0	7	0
PRKAG1	580	67	35	376	48	48	1222	11
KMT2D	240	36	12	214	42	15	507	8
RHEBL1	35	11	10	33	2	3	111	1
DHH	0	0	0	0	0	0	3	0
LMBR1L	345	33	21	201	31	20	757	7
TUBA1B	28169	3965	1804	11781	2886	2032	60616	702
TUBA1A	8520	1148	628	5326	1126	696	19313	223
TUBA1C	4884	486	604	2361	319	284	8895	70
PRPH	126	3	6	140	2	8	460	0
TROAP	782	87	36	221	63	54	1270	12
C1QL4	0	0	0	0	0	0	2	1
DNAJC22	35	1	0	13	2	3	73	0
SPATS2	1277	303	57	1361	265	195	2870	67
KCNH3	3	0	0	7	0	1	17	0
MCRS1	986	127	97	453	80	76	1986	20
PRPF40B	125	76	8	359	68	47	255	8
FAM186B	2	1	0	10	2	0	1	1
FMNL3	120	35	7	132	21	21	310	6
TMBIM6	6098	707	489	3099	446	418	12163	108
NCKAP5L	337	47	14	280	43	46	673	6
BCDIN3D	134	14	4	80	13	14	312	3
FAIM2	14	0	1	16	2	0	37	0
AQP2	1	0	0	1	0	0	2	0
AQP5	57	2	2	11	0	1	56	0
AQP6	0	0	0	1	0	0	1	0
RACGAP1	386	78	32	354	74	50	888	15
ASIC1	122	11	2	46	11	5	233	1
SMARCD1	892	153	70	554	103	89	2127	25
GPD1	0	0	0	3	0	0	0	0
COX14	1167	99	122	474	74	56	2248	16
CERS5	443	116	33	664	87	63	930	22
LIMA1	811	119	44	698	175	100	1669	13
FAM186A	0	0	0	1	1	0	0	0
LARP4	556	158	44	812	129	101	961	27
DIP2B	267	211	13	1318	226	204	488	23
ATF1	411	67	22	549	95	74	769	14
TMPRSS12	0	3	0	1	0	0	0	1
METTL7A	645	32	18	293	13	29	769	3
HIGD1C	0	0	0	8	3	0	0	1
SLC11A2	332	68	28	339	46	39	647	12
LETMD1	303	62	21	219	25	21	810	9
CSRNP2	218	36	10	134	35	25	381	6
TFCP2	330	167	30	807	153	104	700	41
POU6F1	9	5	1	32	7	5	31	1
DAZAP2	664	79	36	306	55	43	1237	6
SMAGP	185	38	13	97	20	8	239	1
BIN2	0	0	0	2	0	1	0	0
CELA1	0	0	0	0	0	0	0	0
GALNT6	220	13	13	102	12	14	329	1
SLC4A8	312	144	13	689	70	110	503	19
SCN8A	43	36	2	185	34	17	84	2
C12orf81	7	0	0	2	0	0	13	0
FIGNL2	368	61	10	236	45	33	793	2
ANKRD33	5	1	1	1	0	0	14	0
ACVRL1	62	3	1	26	3	4	135	2
ACVR1B	151	54	7	266	45	25	313	11
GRASP	200	12	12	48	5	1	442	1
NR4A1	260	20	14	124	12	9	381	2
ATG101	716	73	63	351	48	56	1491	13
SMIM41	0	3	0	2	0	0	1	0
KRT80	0	0	0	0	0	0	0	0
KRT7	10	0	5	2	1	0	33	0
KRT86	0	0	0	0	1	0	0	0
KRT81	0	2	0	0	0	0	1	0
KRT83	0	0	0	0	0	0	0	0
KRT85	0	0	0	0	0	0	0	0
KRT84	0	0	0	0	0	0	0	0
KRT82	0	0	0	0	0	0	0	0
KRT75	0	0	0	0	0	0	0	0
KRT6B	0	0	0	0	0	0	0	0
KRT6C	0	0	0	0	0	0	0	0
KRT6A	0	0	0	0	0	0	0	0
KRT5	0	0	0	1	0	0	0	0
KRT71	0	0	0	0	0	0	1	0
KRT74	0	0	0	0	0	0	0	0
KRT72	0	0	0	0	0	0	0	0
KRT73	0	0	0	0	0	0	0	0
KRT2	0	0	0	2	0	0	1	0
KRT1	0	0	0	0	0	0	0	0
KRT77	1	0	0	0	0	0	0	0
KRT76	1	0	0	0	0	0	1	0
KRT3	1	0	0	0	0	0	0	0
KRT4	0	0	0	0	0	0	0	0
KRT79	0	0	0	0	0	0	0	0
KRT78	0	0	0	0	0	0	0	0
KRT8	22943	1606	1095	9386	1881	1421	42491	372
KRT18	19453	1625	1271	7134	1669	1598	34767	318
EIF4B	3206	567	274	2356	358	320	7527	94
TNS2	88	5	4	32	4	1	177	1
SPRYD3	80	8	3	24	9	3	134	0
IGFBP6	46	8	40	46	6	5	137	0
SOAT2	2	0	0	2	0	1	2	0
CSAD	155	54	10	195	31	30	337	6
ZNF740	148	39	5	111	19	10	322	2
ITGB7	1	1	1	3	0	0	5	0
RARG	268	32	13	148	38	22	679	6
AC021072.1	0	1	0	0	0	0	0	0
MFSD5	228	22	25	91	19	15	455	5
ESPL1	116	24	8	106	22	7	239	7
PFDN5	13874	1376	737	6189	1023	762	32186	222
C12orf10	1188	147	95	559	106	67	2611	26
AAAS	613	76	52	336	60	36	1283	14
SP7	0	0	0	8	0	1	5	0
SP1	345	66	22	359	45	31	646	11
AMHR2	207	9	12	132	11	6	460	5
PRR13	1279	204	159	826	130	102	2562	32
PCBP2	7811	880	541	4510	652	495	18673	168
MAP3K12	152	19	13	139	21	14	238	10
TARBP2	615	55	51	218	28	36	1084	9
NPFF	1	3	0	37	1	3	8	0
ATF7	405	119	19	553	82	67	769	18
ATP5MC2	14971	1729	933	6645	1211	898	33396	259
CALCOCO1	315	19	13	181	18	26	602	4
HOXC13	0	0	0	0	0	0	0	0
HOXC12	0	0	0	0	0	0	0	0
HOXC11	2	0	0	1	0	1	2	0
HOXC10	58	12	0	38	7	14	67	0
HOXC6	401	96	2	201	43	48	632	0
HOXC9	160	51	5	82	43	34	333	1
HOXC8	1277	95	8	378	106	123	1531	4
HOXC4	104	39	1	67	30	34	119	1
HOXC5	59	8	0	6	1	5	53	0
SMUG1	451	45	27	211	28	26	851	5
CBX5	4044	681	197	2411	476	343	8418	106
HNRNPA1	17292	2741	1065	11078	1994	1429	39327	420
NFE2	9	2	2	21	2	0	42	0
COPZ1	2962	247	218	1147	202	157	5664	60
GPR84	0	0	0	0	0	0	1	0
ZNF385A	321	33	18	228	22	15	783	5
ITGA5	405	65	27	578	51	32	752	11
GTSF1	2	0	3	2	0	0	1	0
NCKAP1L	20	0	1	23	1	0	27	2
PDE1B	47	5	3	63	4	0	159	2
PPP1R1A	134	34	16	172	17	5	392	4
LACRT	0	0	0	0	0	0	0	0
DCD	0	0	0	0	0	0	0	0
MUCL1	2	0	0	0	0	0	3	0
TESPA1	0	0	0	0	0	0	0	0
NEUROD4	4	2	0	14	1	1	5	0
OR9K2	0	0	0	0	0	0	0	0
OR10A7	0	0	0	0	0	0	0	0
OR6C74	0	0	0	0	0	0	0	0
OR6C6	0	0	0	0	0	0	0	0
OR6C1	0	0	0	1	0	0	0	0
OR6C3	0	0	0	0	0	0	0	0
OR6C75	0	0	0	0	0	0	0	0
OR6C65	0	0	0	0	0	0	0	0
OR6C76	0	0	0	0	0	0	0	0
OR6C2	0	0	0	0	0	0	0	0
OR6C70	0	0	0	0	0	0	0	0
OR6C68	0	0	0	0	0	0	0	0
OR6C4	0	0	0	0	0	0	0	0
OR2AP1	0	0	0	0	0	0	0	0
OR10P1	0	0	0	0	0	0	0	0
METTL7B	6	0	3	13	2	0	10	0
ITGA7	13	4	8	20	5	2	40	1
BLOC1S1	1645	232	117	1088	192	164	3132	29
RDH5	50	10	0	31	2	6	73	0
CD63	18768	1410	1417	7316	1072	968	34666	257
GDF11	656	79	38	401	66	38	1257	9
SARNP	138	434	7	1923	307	243	314	83
ORMDL2	1003	94	73	443	56	63	1889	20
DNAJC14	190	16	12	89	8	11	396	4
MMP19	25	2	0	25	1	2	24	1
PYM1	884	95	78	400	88	54	1723	17
DGKA	41	6	2	29	6	6	120	1
PMEL	223	38	163	276	17	22	655	8
CDK2	218	28	12	106	40	18	523	5
RAB5B	580	62	33	336	45	47	1199	12
SUOX	148	13	6	62	6	7	295	0
IKZF4	185	27	9	112	22	26	491	4
RPS26	19204	3619	1355	15956	2441	2225	39507	609
ERBB3	26	11	20	40	5	8	84	0
PA2G4	4440	637	396	2660	519	291	9282	115
RPL41	17108	7755	1452	31789	5090	4654	35414	1276
ESYT1	418	64	34	179	53	32	936	6
ZC3H10	70	6	5	50	5	1	185	2
MYL6B	3143	397	238	1503	261	251	6614	65
MYL6	24461	2113	2214	10655	1561	1158	50441	350
SMARCC2	816	72	58	288	49	49	1671	6
RNF41	465	30	44	232	36	23	858	7
NABP2	461	42	29	173	44	37	1083	10
SLC39A5	2	0	0	3	1	0	2	1
ANKRD52	187	43	8	124	16	19	321	2
COQ10A	197	28	24	117	26	12	358	4
CS	675	103	79	483	92	55	1302	18
CNPY2	2398	484	156	2013	306	252	4619	83
PAN2	115	10	12	62	10	5	230	3
IL23A	5	3	4	5	0	1	20	1
STAT2	235	24	14	174	24	16	490	2
APOF	1	0	0	0	0	0	0	0
TIMELESS	501	93	27	262	63	41	1140	13
MIP	0	0	0	1	2	0	0	0
SPRYD4	260	23	33	110	22	19	447	2
GLS2	7	3	9	9	0	1	12	0
RBMS2	185	84	11	364	68	66	375	12
BAZ2A	880	72	67	455	74	69	1784	13
ATP5F1B	8189	787	868	3386	677	504	16294	158
PTGES3	7596	1405	657	4891	955	697	16246	210
NACA	37683	4678	2680	20683	3215	2399	83863	696
PRIM1	270	95	14	327	72	40	694	24
HSD17B6	21	5	3	14	1	2	40	0
SDR9C7	1	0	0	1	0	0	7	0
RDH16	4	2	0	0	0	0	8	0
GPR182	0	0	0	0	0	0	0	0
ZBTB39	148	13	11	74	8	8	284	4
TAC3	394	26	24	89	19	26	1012	3
MYO1A	0	0	0	0	0	0	2	0
NEMP1	109	65	16	175	37	25	248	7
NAB2	169	14	15	53	12	12	341	4
STAT6	319	25	21	170	27	21	556	5
LRP1	967	87	46	531	84	61	1737	28
NXPH4	6	0	10	10	0	1	32	0
SHMT2	809	105	138	554	77	41	2079	19
NDUFA4L2	33	8	31	178	5	3	534	4
STAC3	10	6	3	18	1	3	23	1
R3HDM2	515	275	29	1352	279	143	1148	47
INHBC	0	1	0	2	1	1	2	0
INHBE	6	0	11	8	0	0	15	0
GLI1	107	17	12	44	5	6	244	2
ARHGAP9	7	0	5	5	0	4	24	0
MARS	696	77	71	440	62	60	1437	21
DDIT3	242	16	36	128	6	10	538	3
AC022506.1	0	0	0	0	0	0	0	0
MBD6	262	20	11	99	17	14	554	3
DCTN2	2057	239	178	1054	141	133	4463	49
KIF5A	10	1	1	10	0	2	14	0
PIP4K2C	121	12	11	57	8	17	311	5
DTX3	274	29	21	119	21	16	682	6
ARHGEF25	6	10	0	57	10	13	27	2
SLC26A10	3	2	1	4	0	0	22	1
B4GALNT1	9	0	0	1	0	1	9	0
OS9	1271	96	76	535	80	77	2775	25
AGAP2	4	0	1	0	0	0	6	0
TSPAN31	286	47	18	221	29	29	816	6
CDK4	3595	399	278	1508	300	212	7831	87
MARCH9	45	10	9	26	8	4	167	0
CYP27B1	2	1	0	2	0	0	7	0
METTL1	257	24	28	103	36	13	566	6
EEF1AKMT3	38	2	2	13	5	4	106	0
TSFM	11	99	2	542	102	59	18	15
AVIL	27	5	1	35	13	10	58	1
CTDSP2	927	67	53	353	59	49	1748	10
ATP23	42	38	3	101	15	18	88	5
LRIG3	250	121	21	573	87	38	730	24
SLC16A7	34	15	5	63	8	10	85	0
TAFA2	20	42	1	184	34	19	28	5
USP15	478	156	26	744	142	102	957	30
MON2	224	199	12	1038	168	147	466	19
PPM1H	95	85	18	472	103	43	160	22
AVPR1A	1	0	0	1	0	0	2	0
DPY19L2	15	12	3	47	13	4	43	1
RXYLT1	420	50	16	250	43	51	843	9
SRGAP1	187	88	21	395	88	54	452	12
C12orf66	24	12	3	30	2	5	62	3
C12orf56	30	4	1	44	9	1	91	0
XPOT	418	84	48	377	70	55	947	19
TBK1	277	77	19	448	74	55	531	17
RASSF3	116	86	17	329	46	48	253	12
GNS	265	54	13	260	42	30	553	9
TBC1D30	9	5	0	24	1	2	18	4
WIF1	2	18	0	4	0	1	16	0
LEMD3	239	64	16	368	64	60	477	11
MSRB3	471	54	15	531	91	123	851	13
HMGA2	1956	672	64	2383	538	458	4165	107
LLPH	1069	137	73	622	100	73	2082	26
TMBIM4	1378	209	75	911	136	163	2894	28
IRAK3	11	6	0	30	4	7	24	2
HELB	69	29	8	141	16	22	283	4
GRIP1	201	430	11	2554	476	488	300	56
CAND1	1272	221	61	1096	189	149	2558	30
DYRK2	637	72	19	286	41	35	1129	10
IFNG	0	1	0	0	0	0	0	0
IL26	9	3	0	8	1	0	2	0
IL22	0	0	0	0	0	0	0	0
MDM1	508	58	13	307	74	37	828	12
RAP1B	901	421	23	2277	409	441	1345	57
NUP107	877	205	62	985	163	122	1989	32
SLC35E3	572	61	32	282	47	56	1153	13
MDM2	580	129	43	532	76	95	1084	19
CPM	13	1	0	8	1	0	32	0
CPSF6	1462	350	100	1354	233	175	2786	41
LYZ	0	1	0	1	0	0	1	0
YEATS4	676	105	99	422	91	55	1700	23
FRS2	264	139	14	833	117	102	484	32
CCT2	5999	770	465	3496	652	448	12576	141
LRRC10	0	0	0	0	0	0	0	0
BEST3	2	0	0	1	0	0	1	0
RAB3IP	149	50	36	228	48	18	325	10
MYRFL	6	1	1	22	1	0	8	1
CNOT2	1227	361	76	1850	309	237	2521	68
KCNMB4	332	79	39	541	64	47	662	22
PTPRB	1	0	1	11	0	1	1	1
PTPRR	1	5	0	18	3	1	3	1
TSPAN8	0	5	0	15	2	1	7	0
LGR5	170	182	12	1497	111	47	530	54
ZFC3H1	460	107	42	607	87	90	950	14
THAP2	161	38	5	131	15	17	401	5
TMEM19	211	35	12	115	25	23	426	4
RAB21	620	85	48	505	82	59	1333	14
TBC1D15	453	105	21	561	102	63	842	18
TPH2	1	2	0	11	2	1	2	0
TRHDE	28	19	0	81	27	13	116	5
ATXN7L3B	1587	235	53	1004	181	139	2950	50
KCNC2	1	0	0	4	0	0	0	0
CAPS2	7	20	0	128	16	15	11	2
GLIPR1L1	1	2	0	21	0	3	0	0
GLIPR1L2	3	3	1	12	0	2	0	2
GLIPR1	188	4	2	35	3	11	65	1
KRR1	1169	134	108	737	128	73	2250	37
PHLDA1	920	90	61	430	66	37	2264	12
NAP1L1	15626	2080	880	9020	1644	1214	33305	378
BBS10	73	7	2	49	7	4	139	1
OSBPL8	1500	410	110	2028	313	255	2813	70
ZDHHC17	267	140	21	665	137	94	681	25
CSRP2	6248	667	505	3950	522	494	14210	138
E2F7	63	70	6	214	58	29	224	10
NAV3	18	86	1	500	36	53	40	5
SYT1	139	68	62	1021	162	61	313	27
PAWR	817	227	186	801	132	94	1724	28
PPP1R12A	1917	414	131	2234	355	287	4150	91
OTOGL	2	2	0	31	1	0	10	2
PTPRQ	1	0	0	8	1	0	1	0
MYF6	5	0	0	4	0	0	9	0
MYF5	0	0	1	0	0	0	1	0
LIN7A	66	27	1	127	24	4	192	10
ACSS3	128	104	15	601	60	29	342	22
PPFIA2	8	7	0	108	3	1	17	10
CCDC59	1191	148	95	698	97	79	2449	29
METTL25	141	30	8	301	45	32	303	11
TMTC2	101	285	9	2111	328	198	263	90
SLC6A15	31	7	2	26	9	7	128	0
TSPAN19	1	3	0	5	0	0	6	0
LRRIQ1	92	30	3	78	16	16	369	4
ALX1	33	12	6	83	6	9	454	2
RASSF9	16	5	3	77	3	5	59	1
NTS	840	189	79	3114	230	148	1981	132
MGAT4C	27	1	2	188	10	62	35	2
C12orf50	0	0	0	3	0	1	0	0
C12orf29	408	51	23	248	40	23	778	6
CEP290	1014	204	24	705	148	108	2207	25
TMTC3	359	62	31	329	56	33	702	17
KITLG	70	17	6	113	29	17	145	3
DUSP6	614	148	39	404	64	43	1533	24
POC1B	117	59	4	230	60	26	271	5
GALNT4	1	11	0	46	8	10	4	0
ATP2B1	5374	966	202	5467	868	578	10482	216
CCER1	0	0	0	0	0	0	0	0
EPYC	7	0	0	0	0	0	4	0
KERA	1	0	0	0	0	1	1	0
LUM	25676	897	270	5177	675	1208	35567	84
DCN	8224	64	105	2128	179	335	12602	34
BTG1	1960	289	196	934	205	176	5331	52
CLLU1OS	0	0	0	0	0	0	0	0
C12orf74	1	0	0	12	1	0	2	1
EEA1	556	133	37	549	110	100	1116	23
NUDT4	201	74	24	421	84	59	452	19
UBE2N	2740	393	224	1718	343	247	5121	69
MRPL42	1657	278	166	1159	223	166	3903	48
SOCS2	1290	126	38	586	66	30	2098	21
CRADD	77	113	9	514	81	57	213	18
PLXNC1	6	9	0	79	9	5	17	3
CEP83	202	139	21	516	120	66	511	16
TMCC3	55	13	0	77	3	15	47	1
NDUFA12	4300	448	341	1910	397	291	8396	80
NR2C1	389	122	31	626	94	69	846	19
FGD6	388	149	32	743	98	77	662	16
VEZT	644	184	55	721	158	97	1322	24
METAP2	2698	328	161	1697	275	183	5800	62
USP44	64	17	182	96	12	9	137	4
NTN4	44	16	3	63	16	4	77	14
SNRPF	7227	793	585	2882	542	421	14464	124
CCDC38	1	2	0	6	1	1	1	1
AMDHD1	9	4	1	4	0	1	13	0
HAL	2	0	0	0	0	3	2	0
LTA4H	925	116	81	508	89	60	1972	21
ELK3	481	82	26	313	43	35	789	23
CDK17	144	109	11	444	94	47	309	14
CFAP54	6	7	0	44	6	1	14	0
NEDD1	289	86	26	306	68	50	767	16
TMPO	2133	512	119	1718	355	285	4465	87
SLC25A3	18311	1665	1087	7475	1270	1007	35672	272
IKBIP	1274	165	75	633	102	107	2302	27
APAF1	361	71	16	319	62	39	753	17
ANKS1B	25	40	0	533	33	34	81	7
FAM71C	0	0	0	0	0	0	0	0
UHRF1BP1L	195	86	14	472	69	58	421	14
ACTR6	574	142	51	546	91	65	1393	16
DEPDC4	45	24	3	87	13	9	120	3
SCYL2	278	108	31	519	74	44	567	12
SLC17A8	0	0	0	3	0	0	2	0
NR1H4	1	1	0	1	0	0	2	0
GAS2L3	83	68	3	111	30	15	203	11
ANO4	17	85	3	223	46	10	19	6
SLC5A8	0	0	0	1	0	0	0	0
UTP20	404	77	27	392	63	64	771	11
ARL1	1691	171	107	796	107	103	3189	27
SPIC	0	0	0	0	0	0	0	0
MYBPC1	1	0	0	23	0	0	4	0
CHPT1	481	64	31	318	88	55	912	17
SYCP3	5	2	1	14	2	1	14	0
GNPTAB	274	42	38	227	39	25	501	9
DRAM1	112	7	3	111	10	13	116	5
WASHC3	668	72	31	368	53	56	1298	11
NUP37	827	130	59	514	96	82	1831	23
PARPBP	422	139	22	586	110	82	841	34
PMCH	1	0	0	1	0	1	1	0
IGF1	27	1	1	6	4	2	69	1
PAH	2	0	1	3	0	0	3	0
ASCL1	25	0	1	12	0	1	139	0
C12orf42	4	1	0	24	6	2	7	0
STAB2	0	0	0	10	1	1	1	0
NT5DC3	50	31	3	92	12	16	129	1
HSP90B1	14602	1637	812	6852	1203	901	27774	262
C12orf73	312	79	28	278	48	27	628	7
TDG	1031	187	80	848	168	112	2059	34
GLT8D2	256	32	7	81	28	26	867	9
HCFC2	108	9	1	113	19	11	137	7
NFYB	1006	170	67	587	110	93	2273	25
TXNRD1	584	269	38	1075	184	119	1217	41
EID3	97	12	4	44	14	4	163	3
CHST11	182	338	22	1572	269	53	473	56
SLC41A2	4	1	2	14	0	2	12	0
C12orf45	711	151	89	565	97	79	1831	21
ALDH1L2	8	9	0	25	3	4	41	0
WASHC4	536	110	43	501	71	71	964	9
APPL2	353	86	13	536	90	47	871	20
C12orf75	934	102	92	474	83	107	1589	16
NUAK1	374	115	21	608	114	56	829	25
CKAP4	3170	269	115	1080	202	175	4880	51
TCP11L2	52	11	1	118	9	6	105	3
POLR3B	207	46	13	301	51	33	363	12
RFX4	21	29	0	110	6	8	65	3
RIC8B	183	76	13	347	52	40	408	13
TMEM263	881	139	26	644	96	106	1618	14
MTERF2	354	38	18	221	29	21	774	3
CRY1	279	76	12	380	74	50	675	20
BTBD11	3	10	2	94	9	13	14	3
PWP1	1208	137	87	729	121	85	2419	33
PRDM4	181	40	17	119	14	16	341	3
ASCL4	1	0	0	0	0	0	2	0
WSCD2	1	0	0	5	0	0	3	0
CMKLR1	0	2	2	8	0	0	3	0
FICD	58	6	3	27	3	1	114	2
SART3	636	92	41	444	69	68	1337	15
ISCU	1955	187	149	768	136	103	3716	35
TMEM119	178	16	7	31	10	14	443	0
SELPLG	6	0	1	2	0	0	10	0
CORO1C	854	135	47	957	151	117	1435	21
SSH1	287	94	15	484	92	40	586	14
DAO	0	0	0	1	0	1	2	0
SVOP	2	1	0	7	0	0	1	0
USP30	110	14	4	121	19	11	273	1
ALKBH2	354	75	23	188	49	32	1016	7
UNG	617	102	55	406	84	58	1284	10
ACACB	32	15	2	91	23	23	67	5
FOXN4	2	0	0	10	1	0	3	0
MYO1H	1	0	0	16	2	1	1	1
KCTD10	227	27	18	191	33	21	481	5
UBE3B	312	51	14	190	34	25	544	5
MMAB	1222	146	50	571	104	77	2159	21
MVK	634	56	21	169	30	36	1291	8
FAM222A	98	14	6	53	13	4	229	6
TRPV4	43	12	3	62	9	3	62	4
GLTP	435	65	34	190	37	32	1029	9
TCHP	393	69	8	346	72	50	954	11
GIT2	229	51	13	253	32	29	443	10
ANKRD13A	133	35	11	134	16	22	313	8
C12orf76	441	67	16	226	46	39	1084	15
IFT81	589	141	13	617	136	82	1388	34
ATP2A2	805	182	45	814	141	81	1565	41
ANAPC7	638	121	46	481	92	74	1349	13
ARPC3	7175	800	553	3469	567	402	13173	128
GPN3	1065	157	94	683	142	83	2320	17
FAM216A	246	48	18	201	49	24	598	6
VPS29	2691	232	185	1260	205	160	5087	48
RAD9B	4	4	1	10	0	0	5	1
PPTC7	125	28	11	112	20	20	209	2
TCTN1	434	47	22	207	52	38	834	6
HVCN1	194	46	20	242	31	21	414	12
PPP1CC	3405	497	271	2038	364	230	6959	76
CCDC63	2	0	1	4	1	0	4	0
MYL2	0	0	0	0	0	0	0	0
CUX2	4	24	0	101	18	7	8	2
PHETA1	107	10	9	53	8	3	255	7
SH2B3	59	16	10	194	11	8	115	8
ATXN2	1180	311	81	1667	285	196	2455	38
BRAP	265	76	28	312	64	35	444	7
ACAD10	129	43	14	228	20	21	294	6
ALDH2	4022	362	120	1904	390	186	6902	52
MAPKAPK5	476	91	40	448	76	53	1088	24
TMEM116	138	27	9	125	25	22	314	10
ERP29	3896	484	439	1899	321	235	7953	84
NAA25	420	164	39	679	129	99	933	15
TRAFD1	273	36	26	184	30	16	475	3
HECTD4	297	165	29	885	135	94	509	28
RPL6	42506	6389	2925	27467	4490	3296	88115	980
PTPN11	656	172	69	796	130	81	1297	22
RPH3A	2	4	0	6	1	0	3	1
OAS1	44	3	0	17	0	0	25	0
OAS3	14	1	1	13	2	0	30	0
OAS2	0	0	0	0	0	0	2	0
DTX1	8	1	4	14	0	1	8	0
RASAL1	1	0	2	4	0	0	6	1
CFAP73	1	1	0	2	0	0	0	0
DDX54	872	66	81	367	67	38	1633	13
RITA1	388	31	48	161	23	11	821	7
IQCD	22	15	2	22	2	9	54	1
TPCN1	98	16	2	148	9	10	150	3
SLC8B1	25	7	3	18	5	5	66	0
PLBD2	113	19	13	77	9	9	245	8
SDS	0	1	0	4	0	1	1	0
SDSL	71	13	3	26	7	3	184	3
LHX5	9	3	1	5	2	1	14	1
RBM19	220	45	28	178	32	28	448	10
TBX5	28	8	0	37	2	2	111	8
TBX3	1162	261	31	1230	198	73	2425	40
MED13L	1039	717	48	3398	635	617	1743	130
MAP1LC3B2	52	4	7	51	8	1	72	1
C12orf49	432	39	55	199	38	27	976	12
RNFT2	90	34	11	81	37	26	168	7
HRK	1	0	12	7	1	0	7	0
FBXW8	211	113	4	426	66	48	376	19
TESC	44	8	10	36	1	4	195	2
FBXO21	817	141	49	544	102	91	1706	21
NOS1	2	0	1	8	0	0	1	0
KSR2	2	3	2	20	3	1	6	0
RFC5	469	66	38	223	58	37	938	13
WSB2	463	61	42	316	37	17	1007	9
VSIG10	114	29	75	193	27	15	275	4
PEBP1	6325	909	1022	3355	742	482	13795	168
TAOK3	244	54	34	399	37	34	619	8
SUDS3	866	140	88	552	104	66	2085	20
SRRM4	14	8	0	49	5	8	23	5
HSPB8	77	12	17	63	1	5	52	2
CCDC60	5	4	0	19	0	1	3	0
TMEM233	1	0	1	3	0	0	1	0
PRKAB1	176	24	15	76	11	6	386	5
CIT	246	141	19	450	119	60	538	18
BICDL1	27	4	9	31	5	2	49	1
RAB35	219	21	24	149	17	12	420	9
GCN1	376	73	19	348	55	34	748	14
RPLP0	32155	5763	2463	25931	4195	3336	70553	890
PXN	245	38	32	265	23	20	478	9
SIRT4	76	10	2	69	9	6	131	2
PLA2G1B	0	0	0	0	0	0	1	0
MSI1	193	70	8	223	50	25	605	10
COX6A1	3723	855	366	4010	684	494	8034	132
TRIAP1	1309	116	120	604	87	67	2510	31
GATC	276	55	23	254	60	39	664	6
SRSF9	7875	860	532	4064	727	506	15294	141
DYNLL1	18280	2027	1111	8224	1601	1210	36403	339
COQ5	619	86	40	411	58	39	1471	16
RNF10	984	115	82	581	90	70	2031	24
POP5	1118	121	102	499	111	59	2506	34
CABP1	34	1	6	17	2	1	59	1
MLEC	2817	439	250	1502	244	213	5520	52
UNC119B	204	33	12	97	19	19	391	4
ACADS	131	14	14	34	10	5	333	0
SPPL3	819	237	54	1229	197	156	1607	40
HNF1A	1	0	0	0	1	1	11	0
C12orf43	551	59	29	259	32	35	1144	11
OASL	0	0	0	2	0	0	0	0
P2RX7	2	4	0	1	1	0	5	0
P2RX4	122	25	7	123	20	11	327	1
CAMKK2	240	62	19	208	30	24	550	9
ANAPC5	1575	224	107	861	147	138	3324	30
RNF34	495	119	58	437	91	60	1013	10
KDM2B	246	138	38	675	104	58	556	24
ORAI1	473	42	59	328	42	29	947	14
MORN3	16	6	2	20	3	3	50	0
TMEM120B	168	55	19	300	38	29	362	9
RHOF	300	22	20	89	10	12	558	3
SETD1B	188	32	9	130	20	12	349	5
HPD	96	5	3	38	6	12	136	2
PSMD9	439	150	33	742	129	102	861	17
WDR66	16	5	1	29	6	1	52	0
BCL7A	340	81	15	203	63	42	812	14
MLXIP	509	63	40	386	54	33	1212	12
LRRC43	4	0	0	9	2	1	8	0
IL31	0	0	0	0	0	0	0	0
B3GNT4	7	1	1	6	1	1	25	0
AC048338.2	0	0	0	1	0	0	1	0
DIABLO	19	7	3	25	5	3	62	0
VPS33A	444	69	25	319	57	36	819	12
CLIP1	690	120	46	665	123	95	1393	17
ZCCHC8	309	64	24	253	40	33	594	14
RSRC2	2773	363	145	1641	280	206	5776	76
KNTC1	256	96	13	309	63	41	547	11
HCAR2	2	0	1	0	0	0	2	0
HCAR3	3	0	0	0	1	0	0	0
HCAR1	1	0	0	0	0	0	1	0
DENR	1539	249	155	1056	198	148	3381	33
CCDC62	4	7	0	8	1	4	4	2
HIP1R	10	10	3	14	5	2	39	1
VPS37B	106	52	8	148	33	30	380	8
ABCB9	31	3	4	18	4	4	77	1
OGFOD2	132	11	14	48	15	15	190	3
ARL6IP4	4557	450	347	2039	335	261	8920	89
PITPNM2	51	11	3	85	21	13	49	2
MPHOSPH9	477	156	24	626	114	73	873	17
C12orf65	548	97	42	301	53	40	1232	13
CDK2AP1	2655	408	168	1536	284	223	6314	63
SBNO1	994	144	84	734	108	80	1979	29
KMT5A	426	78	33	296	48	42	862	10
RILPL2	303	36	17	123	17	20	581	8
SNRNP35	685	92	45	430	78	63	1507	18
RILPL1	399	84	13	389	63	38	894	17
TMED2	1608	170	115	947	143	121	3250	26
DDX55	302	74	41	322	45	23	749	12
EIF2B1	887	67	48	330	55	45	1748	8
GTF2H3	586	100	33	343	75	48	1071	18
TCTN2	116	14	1	66	9	11	254	5
ATP6V0A2	249	115	12	286	61	39	602	14
DNAH10	4	4	3	9	1	0	38	3
CCDC92	28	65	1	200	34	39	73	14
ZNF664	305	53	16	149	31	24	639	8
RFLNA	35	29	3	87	13	9	113	8
NCOR2	606	111	38	691	94	71	1279	28
SCARB1	105	17	14	97	17	9	199	4
UBC	9423	985	611	5662	850	620	16176	216
DHX37	94	13	22	103	15	9	239	6
BRI3BP	223	39	22	118	22	25	448	5
AACS	274	48	30	202	45	25	473	7
TMEM132B	46	42	12	556	40	8	105	16
TMEM132C	195	941	3	2445	674	261	920	188
SLC15A4	230	70	21	238	33	29	431	7
GLT1D1	32	25	8	156	15	5	123	7
TMEM132D	6	13	1	113	53	44	12	6
FZD10	54	32	0	35	13	16	200	4
PIWIL1	2	0	0	3	0	0	2	0
RIMBP2	51	50	1	453	56	8	106	8
STX2	489	79	26	326	48	47	1023	9
RAN	18151	2534	1336	8542	1824	1267	38381	420
ADGRD1	22	9	0	48	5	0	59	1
SFSWAP	879	157	53	744	149	93	1935	30
MMP17	10	2	6	15	6	2	36	2
ULK1	209	27	19	144	41	20	397	6
PUS1	198	19	39	115	18	7	416	5
EP400	580	162	38	640	131	85	997	27
DDX51	278	26	23	94	16	15	500	1
NOC4L	503	53	56	182	40	25	1061	7
GALNT9	12	0	1	2	1	2	11	0
FBRSL1	256	46	35	162	43	30	581	11
LRCOL1	0	2	0	0	0	0	2	0
P2RX2	1	0	2	0	0	1	0	0
POLE	255	78	12	274	57	30	417	13
PXMP2	888	110	44	359	83	64	1478	13
PGAM5	218	23	41	98	14	20	519	7
ANKLE2	633	90	49	495	78	72	1256	18
GOLGA3	496	68	31	286	51	47	914	13
CHFR	250	64	30	387	43	27	441	14
ZNF605	241	33	20	182	28	21	543	7
ZNF26	177	35	7	178	23	17	357	5
ZNF84	267	113	19	476	76	60	738	17
ZNF140	181	35	18	205	35	24	343	8
ZNF891	156	22	17	103	19	22	352	1
ZNF10	51	72	4	360	53	47	136	11
ZNF268	254	41	13	203	27	28	550	6
ANHX	0	0	0	0	0	0	2	0
TUBA3C	0	0	0	0	0	0	0	0
TPTE2	0	1	0	27	1	2	0	2
MPHOSPH8	1374	158	71	915	125	95	2833	25
PSPC1	638	208	48	1080	201	153	1147	48
ZMYM5	387	65	26	365	66	61	617	14
ZMYM2	1264	518	86	2511	431	294	2547	88
GJA3	2	0	0	1	0	0	3	0
GJB2	3	0	1	0	0	0	5	0
GJB6	0	0	0	0	0	0	1	0
CRYL1	89	10	3	25	5	3	149	2
IFT88	407	128	9	703	100	90	844	22
IL17D	72	6	1	26	4	6	111	1
EEF1AKMT1	379	59	4	253	49	37	797	13
XPO4	234	185	12	847	136	98	515	33
LATS2	338	84	14	764	131	110	536	20
SAP18	6766	690	875	3088	485	427	13607	138
SKA3	330	59	53	196	39	33	729	14
MRPL57	2780	363	209	1431	241	177	5848	48
ZDHHC20	228	206	9	835	155	113	508	35
MICU2	941	244	72	1059	190	141	1936	34
FGF9	39	19	0	38	22	4	96	3
SGCG	115	14	4	113	27	21	242	2
SACS	342	128	24	389	64	52	722	17
TNFRSF19	133	141	16	1097	137	39	336	37
MIPEP	139	53	10	196	41	30	256	16
C1QTNF9B	0	1	0	1	0	0	0	0
SPATA13	77	69	8	346	79	33	117	11
C1QTNF9	0	0	0	2	0	0	0	0
PARP4	188	83	8	366	74	52	398	9
ATP12A	2	10	0	90	7	2	74	1
RNF17	0	0	0	2	0	1	17	0
CENPJ	385	103	30	453	75	56	828	16
PABPC3	7	0	0	3	1	2	9	0
AMER2	6	3	1	7	1	0	13	0
MTMR6	195	40	13	200	32	28	398	3
NUP58	524	154	30	646	118	95	1135	26
ATP8A2	9	5	1	18	6	1	29	0
SHISA2	168	31	13	62	5	2	544	4
RNF6	253	31	15	143	20	19	489	2
CDK8	283	178	22	844	141	95	577	27
WASF3	200	142	12	531	80	53	468	8
GPR12	1	0	0	1	0	0	0	0
USP12	254	109	23	399	66	59	473	18
RPL21	27109	5612	1740	23092	3786	2981	57240	915
RASL11A	14	3	2	4	0	1	18	2
GTF3A	2293	290	147	1354	314	139	4966	53
MTIF3	1083	141	84	800	108	54	1932	27
LNX2	60	35	7	119	15	9	155	7
POLR1D	3582	321	301	1550	260	180	7018	48
GSX1	0	0	0	0	0	0	0	0
PDX1	0	0	0	0	0	0	0	0
CDX2	649	145	7	503	136	44	1536	6
URAD	284	116	0	209	65	31	555	3
FLT3	0	3	0	3	0	3	1	0
PAN3	306	423	26	2283	335	242	691	89
FLT1	666	76	27	521	53	95	674	14
POMP	8687	773	729	4004	666	503	15398	130
SLC46A3	67	15	4	90	14	17	93	4
MTUS2	33	19	6	47	33	7	63	4
SLC7A1	73	76	21	235	38	38	212	10
UBL3	397	118	29	506	77	79	866	33
KATNAL1	152	80	9	331	69	46	368	17
UBE2L5	11	0	0	0	1	0	11	0
HMGB1	15186	4800	1051	15351	3142	2605	33587	785
USPL1	175	84	7	317	64	33	316	12
ALOX5AP	15	2	1	1	1	2	17	0
MEDAG	23	1	1	7	3	1	60	0
TEX26	26	2	0	7	2	2	35	0
HSPH1	1570	209	150	933	174	132	3101	33
B3GLCT	167	39	7	327	51	26	237	13
RXFP2	0	0	0	0	0	0	0	0
FRY	35	16	5	121	24	40	90	7
ZAR1L	0	0	0	1	0	0	0	0
BRCA2	497	162	33	539	126	115	1046	27
N4BP2L1	58	5	4	43	7	3	136	0
N4BP2L2	2209	377	118	1708	247	264	4467	53
PDS5B	893	310	38	1457	310	184	1876	61
KL	4	0	0	2	1	0	4	0
STARD13	68	45	1	152	35	36	116	10
RFC3	508	242	38	776	180	129	990	51
NBEA	162	226	13	1509	197	140	434	53
MAB21L1	33	4	0	16	2	8	86	0
DCLK1	16	21	20	60	22	8	48	3
SOHLH2	33	16	0	42	16	3	81	7
CCDC169	99	48	45	211	23	17	163	2
SPART	1573	193	87	994	187	107	3193	44
CCNA1	6	0	5	1	0	0	10	1
SERTM1	17	0	0	1	0	0	18	0
RFXAP	251	33	14	134	18	17	495	5
SMAD9	393	81	12	277	54	74	772	12
ALG5	827	120	42	533	100	63	1568	20
EXOSC8	1823	314	137	1097	246	151	4046	51
SUPT20H	825	145	52	516	94	85	1725	16
CSNK1A1L	1	0	0	0	0	0	0	0
POSTN	12764	148	41	1989	290	688	12285	16
TRPC4	4	8	0	73	15	6	30	2
UFM1	1007	142	105	635	104	88	1921	15
FREM2	460	194	11	778	85	157	922	50
STOML3	1	1	0	0	2	0	3	0
PROSER1	220	50	25	186	37	33	483	4
NHLRC3	371	46	28	223	32	37	912	11
LHFPL6	235	82	24	651	72	70	606	30
COG6	301	113	20	746	128	65	633	28
FOXO1	220	94	29	697	66	64	414	26
MRPS31	934	172	65	731	119	79	2050	26
SLC25A15	170	42	16	110	28	15	308	3
ELF1	346	108	21	679	79	72	484	25
WBP4	844	130	40	656	94	84	1641	32
KBTBD6	143	8	9	51	13	10	321	3
KBTBD7	246	27	27	108	16	15	499	3
MTRF1	125	42	8	139	17	16	270	6
NAA16	258	116	18	401	94	61	664	23
RGCC	103	1	18	33	0	6	264	0
VWA8	127	182	4	997	190	137	248	35
DGKH	325	137	8	766	172	185	402	34
AKAP11	266	55	9	291	51	37	560	9
TNFSF11	0	0	3	3	0	0	3	0
FAM216B	0	0	0	0	0	0	4	0
EPSTI1	226	18	36	247	12	21	416	4
DNAJC15	5230	730	277	4588	553	340	10091	137
ENOX1	98	61	2	437	43	32	211	12
CCDC122	204	26	5	142	23	31	383	9
LACC1	34	2	2	18	0	1	77	1
SMIM2	0	0	0	1	1	0	2	0
SERP2	97	13	2	80	10	7	210	0
TSC22D1	5290	510	212	2792	431	310	11236	104
NUFIP1	444	81	44	382	70	52	954	26
GPALPP1	538	113	29	399	75	72	1114	9
GTF2F2	1481	303	103	1314	246	177	2918	50
KCTD4	2	0	0	0	1	0	3	0
TPT1	79112	6402	5428	29961	4829	4346	153653	1086
SLC25A30	34	5	5	41	7	7	68	2
COG3	138	55	11	252	43	36	265	6
ERICH6B	0	1	0	2	0	0	1	0
SPERT	2	0	0	1	0	0	1	0
SIAH3	4	5	0	2	2	0	5	0
ZC3H13	2504	394	166	1654	314	202	5273	77
CPB2	0	0	0	3	1	0	0	0
LCP1	42	12	20	75	2	7	81	0
LRRC63	2	17	0	81	13	21	7	3
RUBCNL	10	7	0	48	2	2	17	2
LRCH1	122	129	6	379	84	89	222	19
ESD	3226	359	196	1667	294	198	6787	54
HTR2A	17	0	1	5	0	1	9	0
SUCLA2	1086	191	95	944	158	114	2104	34
NUDT15	635	120	74	346	71	61	1247	21
MED4	1183	211	63	893	165	97	2508	38
ITM2B	5207	470	365	2481	358	292	9826	91
RB1	302	122	17	640	105	91	621	26
LPAR6	92	15	5	67	14	15	171	6
RCBTB2	190	55	11	217	34	36	494	7
CYSLTR2	35	4	6	12	6	5	47	4
FNDC3A	719	311	22	1368	253	212	1511	53
MLNR	0	0	0	0	0	0	0	0
CDADC1	169	32	16	135	30	27	407	9
CAB39L	301	77	16	442	52	48	711	23
SETDB2	138	32	12	114	15	21	253	6
PHF11	173	25	8	130	17	13	386	7
RCBTB1	184	61	24	254	41	23	305	12
ARL11	1	1	1	3	0	0	11	0
EBPL	4595	388	190	1900	391	322	8299	49
KPNA3	1109	229	56	953	180	124	2159	30
SPRYD7	329	44	22	174	31	31	704	8
TRIM13	543	80	24	387	65	53	1071	25
KCNRG	13	1	1	3	2	3	25	0
DLEU7	23	37	1	121	49	31	52	1
RNASEH2B	1829	191	80	946	204	176	3213	33
C13orf42	6	4	2	67	7	1	4	2
FAM124A	32	12	28	60	6	2	65	2
SERPINE3	232	0	3	27	5	4	811	0
INTS6	580	132	29	594	85	76	1204	37
WDFY2	208	102	23	609	98	62	498	23
DHRS12	100	29	10	112	20	20	269	2
TMEM272	8	1	0	34	9	7	11	0
CCDC70	0	0	0	0	0	1	0	0
ATP7B	660	103	8	866	165	275	868	7
ALG11	185	61	4	311	50	51	292	6
UTP14C	0	0	0	0	0	0	0	0
NEK5	121	16	4	142	27	28	179	4
NEK3	284	50	33	222	47	25	653	7
THSD1	3	3	1	17	3	2	5	1
VPS36	796	126	49	584	92	77	1725	15
CKAP2	1323	271	57	1077	220	127	2798	48
HNRNPA1L2	41	4	4	12	5	2	70	2
SUGT1	2405	335	223	1559	255	206	5199	62
CNMD	41	13	125	19	6	2	130	2
PCDH8	123	5	5	32	6	0	148	2
OLFM4	0	0	0	0	0	0	0	0
PRR20A	0	0	0	0	0	0	0	0
PRR20C	0	0	0	0	0	0	0	0
PRR20B	0	0	0	0	0	0	0	0
PRR20D	0	0	0	0	0	0	0	0
PRR20E	0	0	0	0	0	0	0	0
PCDH17	575	90	14	354	89	51	708	13
DIAPH3	643	376	46	2056	411	232	1273	93
TDRD3	354	128	30	694	136	72	764	22
PCDH20	0	1	0	27	2	2	20	0
AL445989.1	0	0	0	0	0	0	1	0
AL445238.1	0	0	0	0	0	0	0	0
PCDH9	28	41	5	146	24	15	145	28
KLHL1	0	4	0	4	0	1	0	0
DACH1	56	548	2	904	117	161	210	44
MZT1	1144	204	79	608	115	92	2413	36
BORA	182	51	11	118	28	18	406	9
DIS3	652	112	30	537	78	66	1199	14
PIBF1	431	290	23	1427	286	184	1011	56
KLF5	84	12	10	113	3	14	166	4
KLF12	216	209	8	1281	216	194	329	45
TBC1D4	398	128	14	689	107	160	772	20
COMMD6	5673	532	402	2595	370	335	11526	66
UCHL3	1290	184	103	719	103	103	2200	22
LMO7	65	18	6	90	17	11	162	3
KCTD12	2331	105	21	507	72	99	3825	26
ACOD1	0	0	0	0	0	0	0	0
CLN5	464	48	16	187	45	25	746	14
FBXL3	253	33	14	222	35	27	491	8
MYCBP2	977	211	64	1124	245	144	2023	34
SCEL	0	0	0	0	0	0	0	0
SLAIN1	19	20	4	49	11	7	79	0
EDNRB	631	69	112	420	32	82	380	14
POU4F1	11	3	0	13	3	0	29	0
OBI1	443	125	19	536	86	73	1151	15
RBM26	1143	324	79	1346	228	190	2295	57
NDFIP2	555	88	31	399	63	42	1012	13
SPRY2	883	149	56	568	80	58	1790	21
SLITRK1	2	0	0	1	0	0	2	0
SLITRK6	7	4	2	16	0	1	56	0
SLITRK5	63	13	5	72	14	2	257	4
GPC5	9	73	0	288	127	180	25	88
GPC6	686	2074	37	6967	1572	1145	1601	490
DCT	13	3	0	14	0	2	7	0
TGDS	234	33	17	165	21	20	534	4
GPR180	228	57	12	226	38	37	370	7
SOX21	9	4	9	13	4	4	21	0
ABCC4	58	56	4	203	37	34	100	5
CLDN10	31	4	7	89	5	3	83	0
DZIP1	647	103	19	388	98	82	1028	27
DNAJC3	1064	102	54	670	112	100	1735	17
UGGT2	336	263	21	1224	268	188	634	34
HS6ST3	5	5	1	116	7	16	10	1
OXGR1	1	0	0	4	1	0	1	0
MBNL2	258	197	7	1046	143	173	529	31
RAP2A	380	89	25	389	51	45	616	8
IPO5	1568	284	109	961	184	146	3086	30
FARP1	2057	608	47	2879	555	453	3921	129
RNF113B	1	1	0	1	0	0	0	0
STK24	854	177	69	802	194	123	1611	34
SLC15A1	18	1	0	12	1	7	95	0
DOCK9	187	119	4	814	77	130	292	41
UBAC2	754	268	66	1110	176	140	1586	54
GPR18	0	3	0	9	2	0	2	0
GPR183	108	5	4	15	2	6	169	1
TM9SF2	1122	134	72	696	86	80	2186	29
CLYBL	50	47	1	117	25	25	114	7
ZIC5	57	21	4	45	5	5	111	3
ZIC2	413	85	48	239	34	27	927	19
PCCA	339	433	22	1865	360	216	802	71
GGACT	65	6	0	26	7	4	140	0
TMTC4	288	94	20	336	62	22	628	12
NALCN	1	2	0	11	5	0	2	0
ITGBL1	0	1	0	1	0	0	5	0
FGF14	3	3	0	34	1	3	6	0
TPP2	548	131	40	601	116	65	1077	24
METTL21C	2	0	0	0	0	1	1	0
CCDC168	8	1	0	12	2	1	32	0
TEX30	225	85	27	258	56	31	907	11
POGLUT2	286	37	13	126	40	16	662	5
BIVM	163	27	10	78	16	21	397	2
ERCC5	28	47	3	231	41	32	67	9
SLC10A2	0	0	0	0	0	0	0	0
DAOA	0	0	0	0	0	0	0	0
EFNB2	1777	149	63	890	129	158	3484	19
ARGLU1	3025	423	170	1794	308	236	6801	77
FAM155A	9	75	3	613	90	18	46	24
LIG4	84	17	1	53	18	11	195	0
ABHD13	262	42	16	188	26	22	538	2
TNFSF13B	7	5	0	48	3	5	32	5
MYO16	4	29	0	116	19	15	14	3
IRS2	188	24	15	169	18	24	375	10
COL4A1	3217	250	86	1118	228	305	3778	35
COL4A2	3671	355	122	1213	392	378	4649	35
RAB20	121	11	19	126	19	10	354	3
NAXD	230	23	11	98	21	19	468	7
CARS2	808	104	41	392	90	81	1456	17
ING1	705	60	40	254	40	48	1295	8
ANKRD10	779	232	67	985	179	145	1646	49
ARHGEF7	315	135	21	502	89	63	586	24
TEX29	3	0	0	2	0	3	3	1
SOX1	21	1	0	11	0	2	19	1
SPACA7	0	0	0	0	0	0	0	0
TUBGCP3	111	96	6	473	105	76	207	16
ATP11A	492	302	34	1153	237	196	933	44
MCF2L	34	24	3	46	13	5	93	3
F7	16	0	0	11	1	0	55	0
F10	98	10	4	103	5	8	494	6
PROZ	0	0	0	0	0	0	1	0
PCID2	827	117	58	505	75	57	1816	24
CUL4A	516	106	70	638	119	92	1095	22
LAMP1	1609	120	129	661	110	79	2776	24
GRTP1	60	14	38	194	13	12	127	6
ADPRHL1	24	10	0	17	3	6	55	0
DCUN1D2	75	73	6	262	54	36	196	11
TMCO3	561	69	36	326	63	59	1011	16
TFDP1	654	109	28	443	81	69	1298	27
ATP4B	0	0	0	4	0	1	3	0
GRK1	0	1	0	0	0	0	0	0
TMEM255B	8	6	1	10	3	3	43	0
GAS6	315	25	19	120	17	14	558	3
C13orf46	0	3	0	2	0	0	3	0
RASA3	189	99	7	452	70	55	395	8
CFAP97D2	0	1	0	0	0	0	1	1
CDC16	732	87	51	504	88	69	1294	27
UPF3A	1521	322	91	1420	229	147	3591	66
CHAMP1	432	83	23	365	50	41	817	15
OR11H12	0	0	0	0	0	0	0	0
POTEM	0	0	0	1	0	0	0	0
POTEG	0	0	0	4	0	0	0	0
OR11H2	0	0	0	0	0	0	0	0
OR4N2	0	0	0	0	0	0	0	0
OR4Q3	0	0	0	0	0	0	0	0
OR4M1	0	0	0	0	0	0	0	0
OR4K2	0	0	0	0	0	0	0	0
OR4K5	0	0	0	0	0	0	0	0
OR4K1	0	0	0	0	0	0	0	0
OR4K15	0	0	0	0	0	0	0	0
OR4K14	0	0	0	0	0	0	0	0
OR4K13	0	0	0	0	0	0	0	0
OR4L1	0	0	0	0	0	0	0	0
OR4K17	0	0	0	0	0	0	0	0
OR4N5	0	0	0	0	0	0	0	0
OR11G2	0	0	0	2	0	0	0	0
OR11H6	0	0	0	0	0	0	0	0
OR11H4	0	0	0	0	0	0	0	0
TTC5	331	47	23	209	31	27	670	4
CCNB1IP1	1851	389	215	1457	224	162	4859	55
PARP2	396	70	35	244	51	24	990	4
TEP1	24	22	2	64	4	5	55	1
KLHL33	0	0	0	0	0	0	0	0
OSGEP	696	92	27	481	57	30	1331	23
APEX1	5183	619	384	2338	429	329	11320	116
PIP4P1	448	44	38	179	23	16	887	8
PNP	336	59	89	283	55	35	858	8
RNASE10	0	0	0	0	0	0	0	0
RNASE9	0	0	0	0	0	0	0	0
RNASE11	0	0	0	0	0	0	0	0
RNASE12	0	0	0	0	0	0	0	0
OR6S1	0	0	0	0	0	0	0	0
ANG	80	11	8	30	10	6	176	1
RNASE4	3	5	0	25	6	5	5	1
EDDM3A	0	0	0	0	0	0	1	0
EDDM3B	1	0	1	1	0	0	3	0
RNASE6	2	2	2	3	0	0	8	0
RNASE1	69	7	22	31	3	3	158	1
RNASE3	0	0	0	0	0	0	0	0
RNASE2	0	0	0	1	0	0	0	0
METTL17	353	48	47	204	32	21	855	5
SLC39A2	715	30	10	272	29	45	751	2
NDRG2	541	27	38	200	16	24	866	6
TPPP2	1	0	0	15	3	6	7	0
RNASE13	0	0	0	0	0	0	0	0
RNASE7	0	0	0	0	0	0	2	0
RNASE8	0	0	0	0	0	0	0	0
ARHGEF40	505	69	28	238	56	34	1053	9
ZNF219	257	47	34	125	25	28	692	11
TMEM253	9	1	1	4	0	0	18	0
OR5AU1	0	0	0	0	0	0	0	0
HNRNPC	6576	1649	407	7245	1445	994	13857	318
RPGRIP1	2	2	0	7	0	1	0	0
SUPT16H	3471	583	190	2586	498	305	7125	82
CHD8	1093	210	72	852	148	91	2079	24
RAB2B	192	58	9	258	41	30	371	13
TOX4	920	123	78	555	94	70	2058	18
METTL3	348	54	52	200	37	25	702	6
SALL2	244	28	33	118	18	7	496	3
OR10G3	0	0	0	1	0	0	0	0
TRAV1-1	0	0	0	0	0	0	0	0
OR10G2	0	0	0	0	0	0	0	0
TRAV1-2	0	0	0	0	0	0	0	0
OR4E2	0	0	0	1	0	0	0	0
OR4E1	0	0	0	0	0	0	0	0
TRAV2	0	0	0	0	0	0	0	0
TRAV3	0	0	0	0	0	0	0	0
TRAV4	0	0	0	0	0	0	0	0
TRAV5	0	0	0	0	0	0	0	0
TRAV6	0	0	0	0	0	0	0	0
TRAV7	0	0	0	0	0	0	0	0
TRAV8-1	0	0	0	0	0	0	0	0
TRAV9-1	0	0	0	0	0	0	0	0
TRAV10	0	0	0	0	0	0	0	0
TRAV11	0	0	0	0	1	0	0	0
TRAV12-1	0	0	0	0	0	0	0	0
TRAV8-2	0	0	0	1	0	0	0	0
TRAV8-3	0	0	0	0	0	0	0	0
TRAV13-1	0	0	0	0	0	0	0	0
TRAV12-2	0	0	0	0	0	0	0	0
TRAV8-4	0	0	0	0	0	0	0	0
TRAV8-5	0	0	0	0	0	0	0	0
TRAV13-2	0	0	0	0	0	0	0	0
TRAV14DV4	0	0	0	0	0	0	0	0
TRAV9-2	0	0	0	0	0	0	0	0
TRAV15	0	0	0	0	0	0	0	0
TRAV12-3	0	0	0	0	0	0	0	0
TRAV8-6	0	0	0	0	0	0	0	0
TRAV16	0	0	0	0	0	0	0	0
TRAV17	0	0	0	0	0	0	0	0
TRAV18	0	0	0	0	0	0	0	0
TRAV19	0	0	0	1	1	0	1	0
TRAV20	0	0	0	0	0	0	0	0
TRAV21	0	0	0	0	0	0	0	0
TRAV22	0	0	0	0	0	0	0	0
TRAV23DV6	0	0	0	0	0	0	0	0
TRDV1	0	0	0	0	0	0	0	0
TRAV24	0	0	0	0	0	0	0	0
TRAV25	0	0	0	0	0	0	0	0
TRAV26-1	0	0	0	0	0	0	0	0
TRAV8-7	0	0	0	0	0	0	0	0
TRAV27	0	0	0	0	0	0	0	0
TRAV28	0	0	0	0	0	0	0	0
TRAV29DV5	0	0	0	0	0	0	0	0
TRAV30	0	0	0	0	0	0	0	0
TRAV31	0	0	0	0	0	0	0	0
TRAV32	0	0	0	0	0	0	0	0
TRAV33	0	0	0	0	0	0	0	0
TRAV26-2	0	0	0	0	0	0	0	0
TRAV34	0	0	0	0	0	0	0	0
TRAV35	0	0	0	0	0	0	0	0
TRAV36DV7	0	0	0	0	0	0	0	0
TRAV37	0	0	0	0	0	0	0	0
TRAV38-1	0	0	0	0	0	0	1	0
TRAV38-2DV8	0	0	0	0	0	0	0	0
TRAV39	0	0	0	0	0	0	0	0
TRAV40	0	0	0	0	0	0	0	0
TRAV41	0	0	0	0	0	0	0	0
TRDV2	0	0	0	0	0	0	0	0
TRDD1	0	0	0	0	0	0	0	0
TRDD2	0	0	0	0	0	0	0	0
TRDD3	0	0	0	0	0	0	0	0
TRDJ1	0	0	0	0	0	0	0	0
TRDJ4	0	0	0	0	0	0	0	0
TRDJ2	0	0	0	0	0	0	0	0
TRDJ3	0	0	0	0	0	0	0	0
TRDC	2	0	0	0	1	0	1	0
TRDV3	0	0	0	0	0	0	0	0
TRAJ61	0	0	0	0	0	0	0	0
TRAJ60	0	0	0	0	0	0	0	0
TRAJ59	0	0	0	0	0	0	0	0
TRAJ58	0	0	0	0	0	0	0	0
TRAJ57	0	0	0	0	0	0	0	0
TRAJ56	0	0	0	0	0	0	0	0
TRAJ55	0	0	0	0	0	0	0	0
TRAJ54	0	0	0	0	0	0	0	0
TRAJ53	0	0	0	0	0	0	0	0
TRAJ52	0	0	0	0	0	0	0	0
TRAJ51	0	0	0	0	0	0	0	0
TRAJ50	0	0	0	0	0	0	0	0
TRAJ49	0	0	0	0	0	0	0	0
TRAJ48	0	0	0	0	0	0	0	0
TRAJ47	0	0	0	0	0	0	0	0
TRAJ46	0	0	0	0	0	0	0	0
TRAJ45	0	0	0	0	0	0	0	0
TRAJ44	0	0	0	0	0	0	0	0
TRAJ43	0	0	0	0	0	0	0	0
TRAJ42	0	0	0	0	0	0	0	0
TRAJ41	0	0	0	0	0	0	0	0
TRAJ40	0	0	0	0	0	0	0	0
TRAJ39	0	0	0	0	0	0	0	0
TRAJ38	0	0	0	0	0	0	0	0
TRAJ37	0	0	0	0	0	0	0	0
TRAJ36	0	0	0	0	0	0	0	0
TRAJ35	0	0	0	0	0	0	0	0
TRAJ34	0	0	0	0	0	0	0	0
TRAJ33	0	0	0	0	0	0	0	0
TRAJ32	0	0	0	0	0	0	0	0
TRAJ31	0	0	0	0	0	0	0	0
TRAJ30	0	0	0	0	0	0	0	0
TRAJ29	0	0	0	0	0	0	0	0
TRAJ28	0	0	0	0	0	0	0	0
TRAJ27	0	0	0	0	0	0	0	0
TRAJ26	0	0	0	0	0	0	0	0
TRAJ25	0	0	0	0	0	0	0	0
TRAJ24	0	0	0	0	0	0	0	0
TRAJ23	0	0	0	0	0	0	0	0
TRAJ22	0	0	0	0	0	0	0	0
TRAJ21	0	0	0	0	0	0	0	0
TRAJ20	0	0	0	0	0	0	0	0
TRAJ19	0	0	0	0	0	0	0	0
TRAJ18	0	0	0	0	0	0	0	0
TRAJ17	0	0	0	0	0	0	0	0
TRAJ16	0	0	0	0	0	0	0	0
TRAJ14	0	0	0	0	0	0	0	0
TRAJ13	0	0	0	0	0	0	0	0
TRAJ12	0	0	0	0	0	0	0	0
TRAJ11	0	0	0	0	0	0	0	0
TRAJ10	0	0	0	0	0	0	0	0
TRAJ9	0	0	0	0	0	0	0	0
TRAJ8	0	0	0	0	0	0	0	0
TRAJ7	0	0	0	0	0	0	0	0
TRAJ6	0	0	0	0	0	0	0	0
TRAJ5	0	0	0	0	0	0	0	0
TRAJ4	0	0	0	0	0	0	0	0
TRAJ3	0	0	0	0	0	0	0	0
TRAJ2	0	0	0	0	0	0	0	0
TRAJ1	0	0	0	0	0	0	0	0
TRAC	21	0	1	9	1	0	47	0
DAD1	7438	673	429	3464	522	437	14629	113
ABHD4	261	23	12	135	11	15	383	5
OR6J1	0	0	0	1	0	0	0	0
OXA1L	1164	89	119	486	72	52	2033	15
SLC7A7	527	1	8	61	5	13	1021	1
MRPL52	2969	349	230	1395	251	203	5860	53
MMP14	372	18	18	133	20	20	617	4
LRP10	411	34	41	139	19	16	707	6
REM2	10	3	0	4	0	1	18	0
RBM23	651	97	43	508	99	59	1424	17
PRMT5	794	82	68	336	69	43	1650	15
HAUS4	79	95	7	287	88	25	169	15
AJUBA	258	23	9	142	20	12	594	2
C14orf93	107	18	7	82	22	15	234	2
PSMB5	8011	830	657	3803	646	478	15726	154
PSMB11	0	0	0	0	0	0	0	0
CDH24	312	29	10	109	8	6	502	8
ACIN1	1641	263	116	1369	211	148	3217	54
C14orf119	1565	146	129	796	103	83	3195	28
LMLN2	5	0	0	10	0	0	25	0
CEBPE	4	1	0	2	0	0	6	0
SLC7A8	565	62	35	387	77	52	1075	7
RNF212B	1	4	1	19	2	4	7	2
HOMEZ	162	21	12	91	20	11	323	3
PPP1R3E	75	12	5	37	3	1	130	0
BCL2L2	147	19	7	67	6	4	232	4
BCL2L2-PABPN1	0	12	0	76	13	7	2	4
PABPN1	2402	308	198	1199	189	161	4959	43
SLC22A17	546	29	31	148	28	29	1113	8
EFS	420	52	20	197	30	30	1059	12
IL25	0	0	0	0	0	0	1	0
CMTM5	24	3	2	13	1	1	77	1
MYH6	10	0	12	2	1	0	31	0
MYH7	0	1	1	0	0	0	7	0
NGDN	674	82	65	382	63	52	1453	18
ZFHX2	46	14	6	71	10	5	126	3
THTPA	141	0	18	2	0	0	334	0
AP1G2	228	12	25	83	14	9	478	2
JPH4	9	4	2	25	0	0	34	0
DHRS2	11	0	1	2	0	0	11	0
DHRS4	81	23	1	121	11	9	168	6
DHRS4L2	240	32	1	271	32	35	416	5
CARMIL3	4	1	0	1	0	0	5	0
CPNE6	0	0	0	0	0	0	0	0
NRL	15	13	3	42	8	7	37	2
PCK2	146	50	32	124	20	18	465	10
DCAF11	395	43	57	193	25	14	768	4
FITM1	7	1	0	4	0	0	48	1
PSME1	1433	151	132	720	128	82	3123	16
EMC9	512	58	55	231	42	41	1152	14
PSME2	2960	265	153	1244	213	153	5548	53
RNF31	7	17	0	77	17	10	10	5
IRF9	77	6	7	51	10	6	151	1
REC8	560	37	32	145	36	37	1452	16
IPO4	181	21	12	120	20	14	303	6
TM9SF1	110	55	6	311	40	32	226	13
TSSK4	0	0	0	0	0	0	3	0
CHMP4A	803	107	43	439	65	42	1562	24
MDP1	128	85	13	312	52	39	264	16
NEDD8	6869	764	483	3182	547	431	12754	121
GMPR2	748	71	85	316	58	56	1423	16
TINF2	382	29	21	137	27	16	783	8
TGM1	1	0	0	1	1	0	8	0
RABGGTA	153	13	19	53	9	8	347	2
DHRS1	208	18	18	109	16	21	454	4
NOP9	83	9	8	42	5	4	183	0
CIDEB	6	3	3	12	0	2	165	0
LTB4R2	4	0	0	0	0	0	7	0
LTB4R	25	1	4	14	3	0	58	0
ADCY4	0	0	2	3	0	0	3	0
RIPK3	1	0	0	0	0	0	1	0
NFATC4	265	24	20	108	20	10	605	3
NYNRIN	284	15	14	110	18	17	534	12
CBLN3	6	1	0	3	0	0	25	0
KHNYN	196	7	15	73	14	11	352	3
SDR39U1	333	53	35	197	28	32	939	11
CMA1	0	0	0	0	0	0	0	0
CTSG	0	0	0	0	0	0	0	0
GZMH	0	0	0	0	0	0	1	0
GZMB	0	0	0	0	0	0	0	0
STXBP6	199	42	31	275	60	38	431	5
NOVA1	443	145	39	445	99	41	1181	32
FOXG1	9	4	0	22	0	3	12	0
PRKD1	101	244	0	657	164	122	199	52
G2E3	608	231	40	888	162	113	1246	38
SCFD1	1151	326	82	1640	247	209	2303	48
COCH	52	6	15	50	6	8	125	1
STRN3	563	328	41	1526	262	195	1155	60
AP4S1	150	40	13	199	36	24	314	7
HECTD1	1392	338	82	1449	279	182	2726	42
HEATR5A	181	66	11	337	63	40	328	14
DTD2	163	43	5	96	26	19	254	4
GPR33	0	0	0	0	0	0	0	0
NUBPL	232	138	18	707	142	116	548	21
ARHGAP5	995	303	38	1329	226	200	1952	54
AKAP6	15	22	1	162	25	21	41	1
NPAS3	11	122	0	291	50	41	26	14
EGLN3	192	50	16	172	16	23	505	6
SPTSSA	1211	165	99	749	104	77	2164	27
EAPP	1075	168	82	804	100	94	2394	31
SNX6	2262	386	144	1630	282	231	4884	76
CFL2	976	96	47	421	93	72	1882	11
BAZ1A	1210	262	52	1029	216	103	2574	48
SRP54	1244	190	72	1106	161	123	2638	36
FAM177A1	1182	150	82	596	108	84	2554	30
PPP2R3C	657	103	48	495	77	47	1251	21
PRORP	23	143	2	585	115	72	51	23
PSMA6	201	584	12	2603	409	297	420	94
NFKBIA	681	46	57	297	43	25	1516	14
INSM2	0	0	0	0	0	0	2	0
RALGAPA1	196	115	9	778	142	103	361	42
BRMS1L	259	56	28	290	60	45	578	15
MBIP	840	96	54	585	96	66	1832	21
SFTA3	1	0	0	0	2	0	1	0
NKX2-1	0	0	0	0	0	0	0	0
NKX2-8	0	0	0	1	0	0	0	1
PAX9	3	10	0	6	0	3	11	0
SLC25A21	75	104	4	512	87	51	162	28
MIPOL1	274	166	17	887	195	93	668	42
FOXA1	0	0	0	4	0	0	4	0
TTC6	4	11	0	25	2	5	1	1
SSTR1	1	0	2	2	0	1	3	0
CLEC14A	6	0	0	4	0	3	10	0
SEC23A	729	148	36	769	124	127	1525	20
GEMIN2	530	83	45	339	64	40	1277	15
TRAPPC6B	267	27	26	238	34	27	555	13
PNN	4341	554	313	2129	451	334	9254	88
MIA2	272	68	14	307	59	47	560	15
FBXO33	238	38	17	289	36	26	381	10
LRFN5	271	138	15	2727	395	589	391	68
FSCB	0	0	0	0	0	0	0	0
C14orf28	63	13	7	41	4	2	87	1
KLHL28	110	67	13	255	35	37	302	10
TOGARAM1	276	114	14	548	82	63	514	20
PRPF39	245	117	9	418	87	51	535	20
FKBP3	4552	591	292	2178	425	339	9176	98
FANCM	161	57	8	280	54	39	360	12
MIS18BP1	1390	363	93	1297	291	162	3184	59
RPL10L	1	1	0	0	0	0	2	0
MDGA2	12	128	1	465	115	16	33	19
RPS29	15113	2421	1059	10332	1754	1403	31312	394
LRR1	596	74	38	406	68	59	1220	9
RPL36AL	8459	816	829	3869	617	526	17752	129
MGAT2	494	37	22	155	30	21	798	9
DNAAF2	594	122	56	474	88	64	1199	16
POLE2	247	86	12	346	83	31	473	18
KLHDC1	27	9	0	70	3	2	49	0
KLHDC2	1122	142	69	731	122	79	2230	27
NEMF	1524	275	78	1277	199	164	2925	42
ARF6	935	108	73	548	99	74	1972	15
VCPKMT	149	54	7	174	38	17	371	12
SOS2	336	157	9	692	139	91	582	36
L2HGDH	110	63	13	159	32	15	222	12
DMAC2L	321	50	32	207	40	26	619	9
CDKL1	170	68	1	275	44	61	199	7
MAP4K5	686	311	29	1270	236	191	1128	37
ATL1	24	16	3	38	14	7	77	1
SAV1	545	75	73	333	62	46	1141	19
NIN	446	140	25	618	100	75	870	23
PYGL	225	23	33	127	15	13	671	0
ABHD12B	16	2	10	31	3	3	29	3
TRIM9	9	8	1	29	8	0	26	7
TMX1	656	117	89	427	81	69	1321	19
FRMD6	197	102	16	534	57	31	384	19
GNG2	577	122	14	824	123	84	938	22
RTRAF	6190	743	511	3171	548	351	12968	147
NID2	3601	261	66	1872	437	499	5024	33
PTGDR	8	0	0	36	0	6	14	0
PTGER2	12	0	0	0	3	5	25	0
TXNDC16	113	44	5	180	34	31	275	10
GPR137C	35	97	3	464	67	22	87	20
ERO1A	481	53	36	268	66	34	1098	7
PSMC6	2242	287	163	1309	202	158	4407	62
STYX	199	51	20	225	43	18	495	7
GNPNAT1	444	82	49	343	47	55	915	13
FERMT2	1481	454	114	1990	272	198	3282	65
DDHD1	430	133	23	627	124	87	969	24
BMP4	4849	516	108	2392	462	318	9872	85
CDKN3	1391	286	101	789	152	150	2428	30
CNIH1	2106	183	88	980	145	166	3617	45
GMFB	1058	120	53	537	88	91	1824	14
CGRRF1	400	60	24	278	41	36	802	10
SAMD4A	355	199	19	1617	208	195	536	25
GCH1	15	11	3	48	11	2	56	0
WDHD1	499	155	49	522	140	88	966	21
SOCS4	227	69	31	206	42	40	502	9
MAPK1IP1L	1509	275	105	1109	158	137	3158	47
LGALS3	392	31	80	763	33	27	1225	6
DLGAP5	1424	469	103	1199	284	206	3072	54
FBXO34	272	128	18	548	97	65	569	24
ATG14	147	66	9	420	67	41	274	11
TBPL2	0	0	0	5	0	0	1	0
KTN1	5180	706	249	3178	597	497	10505	89
PELI2	197	285	14	1633	221	141	360	42
TMEM260	205	56	10	273	43	31	407	6
OTX2	201	34	21	140	10	8	365	16
EXOC5	704	201	44	763	146	107	1450	34
AP5M1	348	75	38	278	46	57	658	11
NAA30	191	51	18	195	30	27	460	13
CCDC198	2	0	0	0	0	1	0	0
SLC35F4	2	7	0	26	3	0	7	6
ARMH4	379	73	37	597	77	40	914	17
ACTR10	1545	140	86	725	123	92	3119	19
PSMA3	4584	517	358	2687	430	282	8872	89
ARID4A	634	119	26	455	69	59	1288	15
TOMM20L	1	2	0	4	1	2	4	0
TIMM9	1198	140	101	627	87	66	2432	24
KIAA0586	541	149	32	499	117	87	1085	23
DACT1	507	84	13	374	55	23	993	19
DAAM1	1385	350	77	1627	202	158	2849	52
GPR135	28	18	0	145	21	14	70	4
L3HYPDH	179	29	6	153	17	15	281	11
JKAMP	792	88	25	558	87	89	1610	18
CCDC175	1	5	0	40	10	5	3	2
RTN1	38	15	2	72	7	11	101	1
LRRC9	14	23	0	131	26	7	28	3
PCNX4	886	215	54	1046	197	158	1720	45
DHRS7	732	83	48	387	52	43	1505	12
PPM1A	400	91	36	442	71	62	719	16
C14orf39	56	6	0	195	25	7	136	5
SIX6	2	0	1	0	0	0	2	0
SIX1	25	5	5	24	9	3	89	10
SIX4	106	24	11	83	21	12	252	11
MNAT1	779	370	64	1840	331	206	1549	58
TRMT5	262	41	21	183	40	21	596	6
SLC38A6	119	45	9	193	28	29	223	14
PRKCH	22	19	1	56	4	14	33	7
TMEM30B	8	0	7	3	2	0	7	0
HIF1A	2124	379	91	1497	271	254	3279	42
SNAPC1	436	78	30	314	52	42	895	12
SYT16	1	3	0	21	6	1	6	2
KCNH5	56	40	1	98	53	24	55	7
RHOJ	5	3	0	32	2	3	28	2
GPHB5	0	0	0	0	0	0	0	0
PPP2R5E	851	366	55	1542	320	195	2104	67
WDR89	190	48	15	209	49	29	366	4
SGPP1	152	40	5	242	66	35	237	9
SYNE2	1164	533	78	1369	372	207	2951	92
ESR2	5	26	2	97	18	14	78	4
MTHFD1	474	88	64	330	49	38	1022	15
ZBTB25	116	37	3	121	15	8	274	2
AKAP5	52	1	1	18	1	3	87	3
ZBTB1	412	118	11	521	119	76	903	21
HSPA2	106	9	23	92	15	4	235	0
PPP1R36	4	1	0	3	1	2	17	1
PLEKHG3	363	63	14	363	72	38	760	5
SPTB	5	3	0	15	4	1	19	0
CHURC1	1017	287	64	889	182	153	2288	44
GPX2	1	0	3	1	1	0	8	0
RAB15	57	10	29	46	4	2	116	0
FNTB	140	50	7	187	46	31	350	12
MAX	435	86	35	390	53	45	901	17
FUT8	376	256	26	1640	267	99	962	46
CCDC196	0	2	0	7	1	1	1	1
GPHN	203	516	10	3164	555	273	410	127
FAM71D	12	2	0	10	1	0	27	1
MPP5	364	124	16	693	118	92	762	18
ATP6V1D	1917	196	158	1109	161	101	3299	38
EIF2S1	1712	227	128	969	161	145	3240	41
PLEK2	199	4	6	99	14	30	276	0
TMEM229B	10	1	0	9	0	1	5	0
PLEKHH1	62	26	7	81	16	10	146	2
PIGH	504	30	15	179	25	31	815	4
ARG2	633	66	56	291	54	76	1067	7
VTI1B	1877	195	118	888	134	123	3053	37
RDH11	1281	185	136	669	129	106	2612	20
RDH12	5	1	1	2	0	0	6	0
ZFYVE26	69	33	6	192	28	27	150	4
RAD51B	77	516	6	2329	387	294	169	98
ZFP36L1	3317	449	163	1951	287	206	6928	75
ACTN1	2378	245	191	1462	206	159	4578	52
DCAF5	479	91	24	598	93	77	984	14
EXD2	124	19	12	103	20	15	269	6
GALNT16	7	8	3	17	4	8	35	1
ERH	9276	1021	679	4306	820	563	18237	178
SLC39A9	216	55	5	322	56	40	470	6
PLEKHD1	2	1	2	1	0	0	1	1
CCDC177	0	2	0	4	1	0	2	0
SUSD6	61	28	4	82	15	8	111	6
SRSF5	3795	525	209	2056	342	297	8524	113
SLC10A1	1	5	0	27	4	3	0	5
SMOC1	200	117	14	332	122	70	426	4
SLC8A3	12	6	0	236	19	2	70	2
COX16	286	271	29	1396	214	165	636	52
SYNJ2BP	538	73	64	325	67	45	1132	15
ADAM21	0	0	0	0	0	0	2	0
ADAM20	2	1	0	1	0	0	4	0
MED6	911	124	63	583	110	81	1867	20
TTC9	26	4	14	26	4	2	44	1
MAP3K9	32	25	8	82	13	8	103	3
PCNX1	404	266	14	1362	260	165	752	38
SIPA1L1	458	356	32	1750	350	402	889	52
RGS6	17	34	0	110	8	0	36	6
DPF3	82	62	3	420	55	25	266	13
DCAF4	126	20	18	99	13	8	223	1
ZFYVE1	133	18	8	126	17	21	223	5
RBM25	4254	493	352	2139	409	289	8588	92
PSEN1	310	111	16	516	110	72	626	16
PAPLN	12	3	1	11	1	2	24	2
NUMB	565	248	29	1082	181	120	1059	47
HEATR4	3	13	0	27	3	1	4	1
RIOX1	168	19	9	77	10	7	367	0
ACOT1	4	3	1	16	5	0	27	1
ACOT2	29	13	0	41	5	11	104	3
ACOT4	69	5	2	25	1	3	129	1
ACOT6	2	1	0	5	1	0	4	0
DNAL1	286	38	29	201	41	27	634	4
PNMA1	446	32	35	175	34	27	973	8
ELMSAN1	307	50	15	265	38	22	630	9
PTGR2	118	35	8	127	33	27	388	5
ZNF410	24	79	1	375	61	46	65	15
FAM161B	59	9	0	31	9	2	106	2
COQ6	208	26	12	84	17	14	403	5
ENTPD5	138	30	7	129	26	17	214	2
BBOF1	48	26	3	62	9	5	114	4
ALDH6A1	495	75	36	269	48	35	1005	13
LIN52	172	159	8	548	108	72	368	23
VSX2	0	0	0	1	0	0	1	0
ABCD4	553	55	45	314	36	31	1129	14
VRTN	160	35	45	267	18	4	418	7
SYNDIG1L	1	0	0	7	2	0	7	0
NPC2	3328	514	546	2685	350	199	9147	99
ISCA2	1294	181	117	633	116	72	2714	23
LTBP2	8	0	2	10	1	0	26	1
AREL1	103	57	7	278	46	28	249	11
FCF1	227	61	22	197	34	23	433	7
YLPM1	807	205	56	755	148	122	1563	29
PROX2	0	0	0	1	0	0	0	0
DLST	279	73	37	321	53	36	607	14
RPS6KL1	11	4	5	16	6	0	36	2
PGF	873	103	24	389	83	44	1983	18
EIF2B2	547	64	46	289	39	31	1150	8
MLH3	294	74	10	325	39	43	718	11
ACYP1	378	87	43	262	40	30	952	11
ZC2HC1C	20	1	1	16	3	2	57	2
NEK9	257	70	11	309	44	41	527	21
TMED10	2686	264	185	1183	208	183	5129	42
FOS	2533	206	108	1298	127	112	4949	14
JDP2	1069	84	25	496	78	49	1554	9
BATF	2	0	0	1	0	0	2	1
FLVCR2	24	5	5	29	2	4	29	0
TTLL5	200	218	11	816	187	123	422	24
ERG28	2246	237	124	1099	179	189	4538	44
IFT43	722	121	42	570	92	75	1493	32
TGFB3	46	10	1	13	4	2	73	0
GPATCH2L	621	136	39	583	104	82	1331	28
ESRRB	0	3	0	6	2	1	0	0
VASH1	77	23	10	60	13	8	188	4
ANGEL1	96	18	6	98	7	9	197	2
LRRC74A	0	0	0	0	0	0	0	0
IRF2BPL	273	34	33	138	23	20	712	8
CIPC	83	21	6	53	9	12	174	0
TMEM63C	3	2	0	11	1	1	10	0
ZDHHC22	2	0	2	0	0	0	7	0
NGB	0	1	0	6	0	3	1	0
POMT2	145	28	9	80	12	12	239	4
GSTZ1	616	96	60	404	65	60	1238	8
TMED8	291	52	18	239	51	41	507	9
SAMD15	49	8	1	29	6	5	140	2
NOXRED1	0	4	0	18	5	2	4	1
VIPAS39	237	33	10	116	22	16	506	4
AHSA1	1812	168	159	764	145	84	3485	33
ISM2	4	0	0	3	0	0	10	0
SPTLC2	347	76	38	310	61	45	711	13
ALKBH1	147	44	12	246	55	25	300	6
SLIRP	4550	582	562	2599	447	294	9023	82
SNW1	1606	217	133	1040	181	128	3831	27
C14orf178	1	4	0	4	3	2	1	0
ADCK1	72	16	7	86	22	7	98	2
NRXN3	24	242	3	651	38	74	42	19
DIO2	7	16	2	22	9	3	12	1
CEP128	193	177	13	890	222	131	417	50
TSHR	0	11	0	30	3	3	3	1
GTF2A1	363	88	29	404	61	48	751	14
STON2	59	55	5	309	42	32	206	3
SEL1L	593	64	12	339	47	51	1100	11
FLRT2	888	349	27	2470	365	440	1634	114
GALC	183	36	8	102	21	16	381	6
GPR65	0	0	0	0	1	0	0	0
KCNK10	4	6	0	19	0	1	9	1
SPATA7	298	48	14	351	49	47	609	17
PTPN21	123	50	5	223	41	42	287	8
ZC3H14	871	193	65	763	146	107	1834	29
EML5	1	1	2	18	0	3	6	2
TTC8	248	81	16	357	58	37	514	11
FOXN3	584	293	95	1654	265	149	1371	76
EFCAB11	442	132	23	539	90	74	975	33
TDP1	284	54	19	247	65	36	649	14
KCNK13	2	6	3	32	2	0	3	0
PSMC1	340	260	20	1215	212	145	625	55
NRDE2	248	52	8	210	49	34	590	8
CALM1	8650	1353	814	5166	949	778	16001	223
TTC7B	195	85	9	416	81	51	311	20
RPS6KA5	182	92	11	487	61	55	393	32
DGLUCY	135	43	9	257	40	32	323	3
GPR68	1	0	1	5	0	1	4	1
CCDC88C	49	38	6	125	10	2	94	3
PPP4R3A	757	166	65	873	154	81	1528	27
CATSPERB	0	2	0	11	0	1	0	0
TC2N	0	3	0	56	5	4	6	0
FBLN5	217	2	5	29	5	12	315	1
TRIP11	1174	155	56	887	128	121	2209	38
ATXN3	488	105	30	532	87	61	985	23
NDUFB1	2030	198	163	1032	148	87	3327	43
CPSF2	744	135	42	548	98	67	1295	16
SLC24A4	0	0	0	1	0	0	4	0
RIN3	31	17	0	48	12	4	36	1
LGMN	865	90	60	503	86	55	1701	17
GOLGA5	387	57	17	301	30	42	740	8
CHGA	0	2	0	36	0	0	6	0
ITPK1	5	35	0	133	27	18	3	7
MOAP1	1	26	0	126	12	18	0	2
TMEM251	2	60	0	260	41	29	2	7
GON7	6	41	0	185	40	30	18	5
UBR7	46	54	3	165	35	28	107	6
BTBD7	76	155	4	792	152	84	130	33
UNC79	0	42	1	146	11	14	5	6
COX8C	0	0	0	2	1	0	0	1
PRIMA1	1	1	0	45	10	1	4	0
FAM181A	0	4	0	8	2	1	0	0
ASB2	0	2	0	8	3	3	0	0
CCDC197	0	0	0	0	0	0	0	0
OTUB2	1	8	0	25	6	2	3	1
DDX24	265	286	18	1549	243	179	503	47
IFI27L1	291	81	27	306	60	43	737	17
IFI27	24	5	2	38	3	6	42	2
IFI27L2	831	122	45	623	77	75	1897	10
PPP4R4	0	7	1	12	7	2	0	0
SERPINA10	0	0	0	0	0	0	0	0
SERPINA6	0	0	0	0	0	0	0	0
SERPINA1	3	3	0	7	2	0	5	2
SERPINA11	1	0	0	0	0	0	1	0
SERPINA9	0	0	0	0	0	0	0	0
SERPINA12	0	0	0	1	0	0	0	0
SERPINA4	0	0	0	0	0	0	0	0
SERPINA5	30	0	3	19	5	1	69	2
SERPINA3	0	0	0	0	0	0	1	0
GSC	56	8	8	37	2	8	107	1
DICER1	1269	245	59	948	180	158	2372	31
CLMN	278	42	5	265	80	85	490	6
SYNE3	28	1	2	36	2	0	39	1
GLRX5	3281	412	235	1736	336	241	7070	68
TCL1B	2	0	6	10	0	1	8	0
TCL1A	4	2	1	0	0	0	4	1
TUNAR	23	11	21	50	5	3	84	6
C14orf132	363	38	12	138	26	20	750	4
BDKRB2	13	2	0	31	0	5	44	3
BDKRB1	12	0	0	3	1	0	34	0
ATG2B	117	39	5	216	36	39	207	8
GSKIP	377	60	30	274	33	39	880	10
AK7	19	9	2	63	9	6	63	0
PAPOLA	2206	384	173	1730	309	216	4742	45
VRK1	807	218	85	886	151	99	1786	37
C14orf177	0	0	0	0	0	0	0	0
BCL11B	63	13	3	142	24	3	146	4
SETD3	422	88	43	394	80	49	900	24
CCNK	669	99	64	485	63	56	1252	21
CCDC85C	307	40	8	196	40	22	498	7
HHIPL1	53	4	5	34	2	2	121	1
CYP46A1	47	8	4	57	2	4	101	1
EML1	280	60	3	358	49	49	575	14
EVL	1420	318	63	1154	307	151	3100	43
DEGS2	1	0	5	2	0	0	8	0
YY1	2867	327	204	1506	253	225	5766	75
SLC25A29	440	81	37	211	51	39	733	12
SLC25A47	0	0	0	0	0	0	21	0
WARS	629	78	78	401	44	50	1170	7
WDR25	179	29	15	163	32	25	307	9
BEGAIN	7	1	1	3	2	1	22	0
DLK1	4132	24	212	176	14	28	6594	13
RTL1	8	0	0	11	0	0	6	0
DIO3	615	9	10	58	14	17	551	4
PPP2R5C	835	170	42	800	142	110	1608	36
DYNC1H1	2318	356	146	1519	284	163	4634	55
HSP90AA1	32445	4302	2794	17610	3502	2194	69859	692
WDR20	309	92	24	503	83	61	653	12
MOK	139	38	11	268	27	23	325	5
ZNF839	120	38	3	128	32	12	211	1
CINP	773	75	66	393	63	49	1589	11
TECPR2	258	52	14	360	64	29	502	12
ANKRD9	530	65	34	239	29	26	1141	7
RCOR1	455	242	31	982	147	120	892	36
TRAF3	202	107	9	428	90	51	376	20
AMN	19	1	3	2	0	0	33	0
CDC42BPB	760	137	37	674	100	93	1367	20
LBHD2	13	0	0	0	0	0	0	0
EXOC3L4	3	0	0	5	0	0	5	0
TNFAIP2	89	4	2	14	4	4	87	2
EIF5	4410	580	410	2013	379	347	8937	112
MARK3	932	247	56	1186	223	146	1761	40
CKB	3972	530	635	1698	355	306	8932	84
TRMT61A	135	14	17	58	9	5	269	1
BAG5	427	75	21	305	47	43	788	12
KLC1	728	164	52	791	155	99	1540	37
COA8	1186	115	84	633	124	88	2581	24
XRCC3	93	23	5	110	30	22	187	5
ZFYVE21	514	59	75	301	45	40	1260	10
PPP1R13B	60	8	10	136	10	8	78	3
ATP5MPL	6829	680	452	3194	491	377	13347	118
TDRD9	1	0	0	0	0	0	1	0
RD3L	0	0	0	0	0	0	0	0
ASPG	105	4	2	40	8	8	384	0
KIF26A	252	22	11	84	22	13	398	3
TMEM179	0	0	0	3	2	0	0	1
C14orf180	0	0	0	1	0	0	0	0
INF2	321	16	15	132	12	16	645	5
ADSSL1	92	8	9	30	3	5	195	1
SIVA1	3645	365	291	1781	350	259	7587	69
AKT1	1496	129	85	393	89	53	3110	31
ZBTB42	55	5	2	13	2	1	110	0
CEP170B	48	3	9	10	4	4	95	2
PLD4	2	0	0	0	0	0	3	0
AHNAK2	25	1	7	26	2	1	60	2
CLBA1	102	12	3	53	12	9	173	2
CDCA4	1011	148	78	494	120	78	1883	29
GPR132	1	1	0	3	2	0	4	0
JAG2	27	3	5	9	1	1	57	0
NUDT14	343	48	78	184	26	24	1057	8
BRF1	194	39	9	161	26	30	373	7
BTBD6	553	38	21	144	34	28	949	5
PACS2	325	57	25	218	43	42	746	6
TEX22	20	11	1	79	3	6	47	2
MTA1	938	83	71	343	58	50	2012	14
CRIP2	97	6	14	77	7	3	355	5
CRIP1	33	22	2	91	19	15	143	5
TEDC1	230	20	15	109	32	13	532	5
TMEM121	129	6	2	42	11	14	329	1
IGHA2	0	0	0	0	0	0	0	0
IGHE	0	0	0	0	0	0	0	0
IGHG4	0	0	0	0	0	0	0	0
IGHG2	0	0	0	0	0	0	0	0
IGHGP	0	0	0	0	0	0	0	0
IGHA1	0	0	0	0	0	0	0	0
IGHEP1	0	0	0	0	0	0	0	0
IGHG1	0	0	0	0	0	0	0	0
IGHG3	0	0	0	0	0	0	0	0
IGHD	0	0	0	0	0	0	0	0
IGHM	0	0	0	0	0	0	0	0
IGHJ6	0	0	0	0	0	0	0	0
IGHJ3P	0	0	0	0	0	0	0	0
IGHJ5	0	0	0	0	0	0	0	0
IGHJ4	0	0	0	0	0	0	0	0
IGHJ3	0	0	0	0	0	0	0	0
IGHJ2P	0	0	0	0	0	0	0	0
IGHJ2	0	0	0	0	0	0	0	0
IGHJ1	0	0	0	0	0	0	0	0
IGHD7-27	0	0	0	0	0	0	0	0
IGHJ1P	0	0	0	0	0	0	0	0
IGHD1-26	0	0	0	0	0	0	0	0
IGHD6-25	0	0	0	0	0	0	0	0
IGHD5-24	0	0	0	0	0	0	0	0
IGHD4-23	0	0	0	0	0	0	0	0
IGHD3-22	0	0	0	0	0	0	0	0
IGHD2-21	0	0	0	0	0	0	0	0
IGHD1-20	0	0	0	0	0	0	0	0
IGHD6-19	0	0	0	0	0	0	0	0
IGHD5-18	0	0	0	0	0	0	0	0
IGHD4-17	0	0	0	0	0	0	0	0
IGHD3-16	0	0	0	0	0	0	0	0
IGHD2-15	0	0	0	0	0	0	0	0
IGHD1-14	0	0	0	0	0	0	0	0
IGHD6-13	0	0	0	0	0	0	0	0
IGHD5-12	0	0	0	0	0	0	0	0
IGHD4-11	0	0	0	0	0	0	0	0
IGHD3-10	0	0	0	0	0	0	0	0
IGHD3-9	0	0	0	0	0	0	0	0
IGHD2-8	0	0	0	0	0	0	0	0
IGHD1-7	0	0	0	0	0	0	0	0
IGHD6-6	0	0	0	0	0	0	0	0
IGHD5-5	0	0	0	0	0	0	0	0
IGHD4-4	0	0	0	0	0	0	0	0
IGHD3-3	0	0	0	0	0	0	0	0
IGHD2-2	0	0	0	0	0	0	0	0
IGHD1-1	0	0	0	0	0	0	0	0
IGHV6-1	0	0	0	0	0	0	0	0
IGHVII-1-1	0	0	0	0	0	0	0	0
IGHV1-2	0	0	0	0	0	0	0	0
IGHVIII-2-1	0	0	0	0	0	0	0	0
IGHV1-3	0	0	0	0	0	0	0	0
IGHV4-4	0	0	0	0	0	0	0	0
IGHV7-4-1	0	0	0	0	0	0	0	0
IGHV2-5	0	0	0	0	0	0	0	0
IGHVIII-5-1	0	0	0	0	0	0	0	0
IGHVIII-5-2	0	0	0	0	0	0	0	0
IGHV3-6	0	0	0	0	0	0	0	0
IGHV3-7	0	0	0	0	0	0	0	0
IGHV3-64D	0	0	0	0	0	0	0	0
IGHV5-10-1	0	0	0	0	0	0	0	0
IGHV3-11	0	0	0	0	0	0	0	0
IGHVIII-11-1	0	0	0	0	0	0	0	0
IGHV1-12	0	0	0	0	0	0	0	0
IGHV3-13	0	0	0	0	0	0	0	0
IGHVIII-13-1	0	0	0	0	0	0	0	0
IGHV1-14	0	0	0	0	0	0	0	0
IGHV3-15	0	0	0	0	0	0	0	0
IGHVII-15-1	0	0	0	0	0	0	0	0
IGHV3-16	0	0	0	0	0	0	0	0
IGHVIII-16-1	0	0	0	0	0	0	0	0
IGHV1-17	0	0	0	0	0	0	0	0
IGHV1-18	0	0	0	0	0	0	0	0
IGHV3-19	0	0	0	0	0	0	0	0
IGHV3-20	0	0	0	0	0	0	0	0
IGHV3-21	0	0	0	0	0	0	0	0
IGHV3-22	0	0	0	0	0	0	0	0
IGHVII-22-1	0	0	0	0	0	0	0	0
IGHVIII-22-2	0	0	0	0	0	0	0	0
IGHV3-23	0	0	0	0	0	0	0	0
IGHV1-24	0	0	0	0	0	0	0	0
IGHV3-25	0	0	0	0	0	0	0	0
IGHVIII-25-1	0	0	0	0	0	0	0	0
IGHV2-26	0	0	0	0	0	0	0	0
IGHVIII-26-1	0	0	0	0	0	0	0	0
IGHVII-26-2	0	0	0	0	0	0	0	0
IGHV7-27	0	0	0	0	0	0	0	0
IGHV4-28	0	0	0	0	0	0	0	0
IGHVII-28-1	0	0	0	0	0	0	0	0
IGHV3-32	0	0	0	0	0	0	0	0
IGHV3-30	0	0	0	0	0	0	0	0
IGHVII-30-1	0	0	0	0	0	0	0	0
IGHV3-30-2	0	0	0	0	0	0	0	0
IGHV4-31	0	0	0	0	0	0	0	0
IGHVII-30-21	0	0	0	0	0	0	0	0
IGHV3-29	0	0	0	0	0	0	0	0
IGHV3-33	0	0	0	0	0	0	0	0
IGHVII-33-1	0	0	0	0	0	0	0	0
IGHV3-33-2	0	0	0	0	0	0	0	0
IGHV4-34	0	0	0	0	0	0	0	0
IGHV7-34-1	0	0	0	0	0	0	0	0
IGHV3-35	0	0	0	0	0	0	0	0
IGHV3-36	0	0	0	0	0	0	0	0
IGHV3-37	0	0	0	0	0	0	0	0
IGHV3-38	0	0	0	0	0	0	0	0
IGHVIII-38-1	0	0	0	0	0	0	0	0
IGHV4-39	0	0	0	0	0	0	0	0
IGHV7-40	0	0	0	0	0	0	0	0
IGHVII-40-1	0	0	0	0	0	0	0	0
IGHV3-41	0	0	0	0	0	0	0	0
IGHV3-42	0	0	0	0	0	0	0	0
IGHV3-43	0	0	0	0	0	0	0	0
IGHVII-43-1	0	0	0	0	0	0	0	0
IGHVIII-44	0	0	0	0	0	0	0	0
AC244452.3	0	0	0	0	0	0	0	0
IGHVIV-44-1	0	0	0	0	0	0	0	0
IGHVII-44-2	0	0	0	0	0	0	0	0
IGHV1-45	0	0	0	0	0	0	0	0
IGHV1-46	0	0	0	0	0	0	0	0
IGHVII-46-1	0	0	0	0	0	0	0	0
IGHV3-47	0	0	0	0	0	0	0	0
IGHVIII-47-1	0	0	0	0	0	0	0	0
IGHV3-48	0	0	0	0	0	0	0	0
IGHV3-49	0	0	0	0	0	0	0	0
IGHVII-49-1	0	0	0	0	0	0	0	0
IGHV3-50	0	0	0	0	0	0	0	0
IGHV5-51	0	0	0	0	0	0	0	0
IGHVIII-51-1	0	0	0	0	0	0	0	0
IGHVII-51-2	0	0	0	0	0	0	0	0
IGHV3-52	0	0	0	0	0	0	0	0
IGHV3-53	0	0	0	0	0	0	0	0
IGHVII-53-1	0	0	0	0	0	0	0	0
IGHV3-54	0	0	0	0	0	0	0	0
IGHV4-55	0	0	0	0	0	0	0	0
IGHV7-56	0	0	0	0	0	0	0	0
IGHV3-57	0	0	0	0	0	0	0	0
IGHV1-58	0	0	0	0	0	0	0	0
IGHV4-59	0	0	0	0	0	0	0	0
IGHV3-60	0	0	0	0	0	0	0	0
IGHVII-60-1	0	0	0	0	0	0	0	0
IGHV4-61	0	0	0	0	0	0	0	0
IGHV3-62	0	0	0	0	0	0	0	0
IGHVII-62-1	0	0	0	0	0	0	0	0
IGHV3-63	0	0	0	0	0	0	0	0
IGHV3-64	0	0	0	0	0	0	0	0
IGHV3-65	0	0	0	0	0	0	0	0
IGHVII-65-1	0	0	0	0	0	0	0	0
IGHV3-66	0	0	0	0	0	0	0	0
IGHV1-67	0	0	0	0	0	0	0	0
IGHVII-67-1	0	0	0	0	0	0	0	0
IGHVIII-67-2	0	0	0	0	0	0	0	0
IGHVIII-67-3	0	0	0	0	0	0	0	0
IGHVIII-67-4	0	0	0	0	0	0	0	0
IGHV1-68	0	0	0	0	0	0	0	0
IGHV1-69	0	0	0	0	0	0	0	0
IGHV2-70D	0	0	0	0	0	0	0	0
IGHV3-69-1	0	0	0	0	0	0	0	0
IGHV1-69-2	0	0	0	0	0	0	0	0
IGHV1-69D	0	0	0	0	0	0	0	0
IGHV2-70	0	0	0	0	0	0	0	0
IGHV3-71	0	0	0	0	0	0	0	0
IGHV3-72	0	0	0	0	0	0	0	0
IGHV3-73	0	0	0	0	0	0	0	0
IGHV3-74	0	0	0	0	0	0	0	0
IGHVII-74-1	0	0	0	0	0	0	0	0
IGHV3-75	0	0	0	0	0	0	0	0
IGHV3-76	0	0	0	0	0	0	0	0
IGHVIII-76-1	0	0	0	0	0	0	0	0
IGHV5-78	0	0	0	0	0	0	0	0
IGHVII-78-1	0	0	0	0	0	0	0	0
IGHV3-79	0	0	0	0	0	0	0	0
IGHV4-80	0	0	0	0	0	0	0	0
IGHV7-81	0	0	0	0	0	0	0	0
IGHVIII-82	0	0	0	0	0	0	0	0
IGHV1OR15-9	0	0	0	0	0	0	0	0
IGHV1OR15-2	0	0	0	0	0	0	0	0
IGHV3OR15-7	0	0	0	0	0	0	0	0
IGHD5OR15-5A	0	0	0	0	0	0	0	0
IGHD4OR15-4A	0	0	0	0	0	0	0	0
IGHD3OR15-3A	0	0	0	0	0	0	0	0
IGHD2OR15-2A	0	0	0	0	0	0	0	0
IGHD1OR15-1A	0	0	0	0	0	0	0	0
GOLGA6L6	0	0	0	0	0	0	0	0
IGHV1OR15-6	0	0	0	0	0	0	0	0
POTEB2	0	0	0	0	0	0	0	0
IGHD5OR15-5B	0	0	0	0	0	0	0	0
IGHD4OR15-4B	0	0	0	0	0	0	0	0
IGHD3OR15-3B	0	0	0	0	0	0	0	0
IGHD2OR15-2B	0	0	0	0	0	0	0	0
IGHD1OR15-1B	0	0	0	0	0	0	0	0
POTEB3	0	0	0	0	0	0	0	0
LINC02203	0	0	0	0	0	0	0	0
AC135068.1	0	0	0	0	0	0	0	0
AC135068.3	0	0	0	0	0	0	0	0
AC135068.8	0	0	0	0	0	0	0	0
AC135068.9	0	0	0	0	0	0	0	0
AC135068.2	0	0	0	0	0	0	0	0
AC134981.1	0	0	0	0	0	0	0	0
POTEB	0	0	0	0	0	0	0	0
OR4M2	0	0	0	0	0	0	0	0
OR4N4	0	0	0	0	0	0	0	0
IGHV1OR15-1	0	0	0	0	0	0	0	0
IGHV1OR15-3	0	0	0	0	0	0	0	0
IGHV4OR15-8	0	0	0	0	0	0	0	0
IGHV1OR15-4	0	0	0	0	0	0	0	0
GOLGA6L22	0	0	0	0	0	0	0	0
NIPA1	66	13	12	83	12	10	138	2
NIPA2	724	125	72	471	60	67	1403	18
CYFIP1	795	148	31	772	151	102	1459	23
TUBGCP5	147	72	8	275	46	31	328	20
GOLGA6L1	0	0	0	0	0	0	0	0
GOLGA8S	0	0	0	0	0	0	0	0
GOLGA6L2	1	0	0	0	0	0	0	0
MKRN3	23	1	1	11	1	4	1	0
MAGEL2	44	3	3	25	1	2	111	1
NDN	1990	163	98	1492	130	81	5277	27
NPAP1	8	1	2	10	2	0	10	0
SNRPN	1834	551	400	4905	401	259	4122	97
SNURF	13	1	3	35	2	1	38	2
UBE3A	1415	331	109	1653	316	233	2812	40
ATP10A	2	2	0	8	1	5	0	0
GABRB3	99	55	72	323	35	31	152	11
GABRA5	5	1	4	12	2	2	27	0
GABRG3	68	67	0	369	149	107	332	16
OCA2	13	10	0	77	15	13	93	2
HERC2	334	219	16	886	160	131	786	47
GOLGA8F	0	0	0	0	0	0	0	0
GOLGA8G	0	0	0	0	0	0	0	0
GOLGA8M	1	0	0	0	0	0	1	0
GOLGA6L7	1	1	0	2	1	2	10	0
APBA2	24	88	3	349	99	46	43	13
FAM189A1	1	22	0	155	19	18	7	1
NSMCE3	0	84	0	542	78	39	0	7
TJP1	994	393	65	1642	271	276	1800	54
GOLGA8J	0	0	0	0	0	0	0	0
GOLGA8T	0	0	0	0	0	0	0	0
CHRFAM7A	0	1	0	4	0	0	0	0
GOLGA8R	0	1	0	3	0	0	0	0
GOLGA8Q	0	0	0	0	0	0	0	0
GOLGA8H	0	0	0	2	0	1	1	0
AC091057.6	3	14	0	28	10	8	1	2
ARHGAP11B	0	99	0	428	77	64	2	23
FAN1	22	35	1	185	35	11	72	7
MTMR10	6	28	0	153	28	20	22	3
TRPM1	0	0	0	4	0	0	0	0
KLF13	15	51	0	454	69	42	49	21
OTUD7A	2	6	0	108	13	6	0	2
CHRNA7	8	79	0	443	47	10	28	7
GOLGA8K	0	0	0	0	0	0	0	0
GOLGA8O	1	0	0	1	0	0	0	0
GOLGA8N	0	0	0	0	1	0	1	0
ARHGAP11A	44	93	5	330	72	54	128	16
SCG5	12	83	1	147	16	21	36	0
GREM1	0	28	0	52	0	4	3	0
FMN1	5	138	0	185	39	17	35	22
RYR3	5	12	3	87	9	6	21	0
AVEN	612	95	40	594	114	71	963	24
CHRM5	1	20	0	61	9	8	0	5
EMC7	1496	111	131	675	98	60	2654	16
PGBD4	19	3	1	8	4	2	39	0
KATNBL1	1055	297	51	1076	215	159	2184	38
EMC4	2049	168	221	782	155	109	3968	32
SLC12A6	80	36	6	159	29	11	141	7
NOP10	4562	552	513	2133	341	277	9397	73
NUTM1	0	0	0	2	1	0	1	0
LPCAT4	185	16	17	98	18	11	474	1
GOLGA8A	178	22	15	79	17	12	574	6
GOLGA8B	180	29	6	105	21	11	363	8
GJD2	3	0	0	0	0	0	2	0
ACTC1	16552	467	1252	6206	1059	1269	16667	68
AQR	652	168	62	744	120	91	1362	24
ZNF770	621	86	86	410	56	53	1241	10
NANOGP8	0	0	0	2	0	0	0	0
DPH6	135	186	24	1048	183	114	307	21
C15orf41	177	146	11	593	119	91	430	21
MEIS2	2340	974	74	3635	797	577	4827	179
TMCO5A	0	1	0	0	0	0	0	0
SPRED1	405	320	13	1188	217	139	775	36
FAM98B	374	101	31	372	74	47	760	17
RASGRP1	36	17	2	68	8	8	94	2
THBS1	54	11	10	65	6	6	99	2
FSIP1	15	14	0	36	8	11	52	4
GPR176	15	7	11	56	4	4	39	3
EIF2AK4	1484	131	136	696	125	88	2776	23
SRP14	17998	2176	1151	8812	1492	1094	35352	343
BMF	68	12	11	40	6	9	153	6
BUB1B	577	187	42	514	101	88	1149	29
PAK6	21	11	5	27	6	3	21	2
PLCB2	145	14	3	51	9	9	320	3
ANKRD63	0	0	0	0	0	0	0	0
INAFM2	99	8	8	32	11	5	276	1
CCDC9B	14	0	0	2	1	1	25	0
PHGR1	0	0	0	0	0	0	0	0
DISP2	4	1	0	4	2	2	22	0
KNSTRN	864	160	78	399	92	61	1712	11
IVD	478	100	40	365	71	48	1053	9
BAHD1	65	9	8	77	6	5	135	3
CHST14	348	41	20	107	12	24	646	5
CCDC32	365	65	17	304	49	22	775	8
RPUSD2	234	36	33	114	19	21	545	4
KNL1	655	179	19	570	152	87	1340	28
RAD51	298	50	20	192	43	29	629	6
RMDN3	330	45	23	239	39	32	628	11
GCHFR	487	96	71	329	50	34	1235	17
DNAJC17	444	64	35	301	49	38	1054	10
C15orf62	1	0	0	0	0	0	2	1
ZFYVE19	236	22	14	95	12	16	521	4
PPP1R14D	1	0	0	0	0	0	0	0
SPINT1	359	24	90	114	13	24	695	3
RHOV	7	2	6	6	3	1	29	0
VPS18	176	25	22	89	15	11	370	4
DLL4	2	1	0	2	1	0	1	0
CHAC1	28	5	33	55	4	0	114	1
INO80	290	114	24	639	125	90	605	27
EXD1	0	0	1	6	0	0	2	0
CHP1	787	66	68	418	62	39	1477	23
OIP5	251	64	33	232	49	39	535	11
NUSAP1	156	470	9	1326	329	253	350	72
NDUFAF1	385	44	33	239	35	26	937	10
RTF1	3438	439	176	1780	312	223	7010	62
ITPKA	9	0	0	2	1	2	21	0
LTK	1	0	1	2	1	0	3	0
RPAP1	334	60	26	220	37	22	618	7
TYRO3	776	69	35	344	54	41	1486	13
MGA	522	175	21	814	152	104	1101	29
MAPKBP1	192	41	11	181	48	46	330	8
JMJD7	0	19	0	40	6	13	0	1
PLA2G4B	0	2	1	12	0	1	2	1
SPTBN5	3	0	0	5	0	1	10	0
EHD4	271	43	25	159	28	26	562	2
PLA2G4E	0	0	0	0	0	0	1	0
PLA2G4D	1	0	1	0	0	0	6	0
PLA2G4F	0	0	0	0	0	0	0	0
VPS39	187	54	13	239	44	32	371	7
TMEM87A	1168	294	70	1279	193	151	2615	51
GANC	88	37	8	126	25	22	180	8
CAPN3	1	1	0	34	2	2	9	1
ZNF106	1509	203	85	902	130	161	2957	27
SNAP23	849	123	46	502	76	52	1528	21
LRRC57	279	34	25	156	24	26	600	9
HAUS2	334	65	22	282	36	41	706	11
STARD9	52	36	4	312	30	26	129	5
CDAN1	69	11	4	49	6	12	165	5
TTBK2	202	99	10	509	87	47	477	11
UBR1	275	141	16	848	149	105	499	24
TMEM62	8	9	3	29	7	4	36	0
CCNDBP1	463	49	41	215	43	31	776	3
EPB42	0	0	0	0	0	0	0	0
TGM5	0	0	0	0	0	0	0	0
TGM7	0	0	1	0	0	0	0	0
LCMT2	80	10	5	29	7	6	146	1
ADAL	210	38	12	130	22	21	386	3
ZSCAN29	134	16	12	62	20	10	319	1
TUBGCP4	377	58	18	241	50	36	901	6
TP53BP1	880	201	41	961	126	116	2009	33
MAP1A	371	18	14	108	12	16	596	3
PPIP5K1	26	9	3	62	12	10	50	1
CKMT1B	5	1	5	4	0	1	10	0
STRC	0	0	0	1	0	2	9	0
CATSPER2	10	9	3	47	18	10	30	4
CKMT1A	4	1	11	4	0	0	19	0
PDIA3	6691	687	390	3087	581	427	13561	125
ELL3	0	0	0	2	1	0	0	0
SERF2	20627	2048	1728	9221	1475	1280	36920	301
SERINC4	2	0	0	0	0	0	2	0
HYPK	42	2	3	20	5	1	89	0
MFAP1	1467	212	106	854	129	118	3099	31
WDR76	290	71	8	182	46	41	568	14
FRMD5	3	43	3	350	22	34	13	7
CASC4	497	142	32	696	131	120	953	35
CTDSPL2	435	216	19	925	194	140	1005	37
EIF3J	1637	240	95	1121	189	166	2895	33
SPG11	367	104	17	510	88	62	757	15
PATL2	2	4	0	6	5	0	2	2
B2M	2776	453	189	3199	491	350	3195	71
TRIM69	2	6	0	25	6	8	3	1
TERB2	0	0	0	1	0	0	0	0
SORD	140	127	9	548	122	89	380	18
DUOX2	1	0	0	1	1	0	5	0
DUOXA2	1	0	1	0	0	0	2	0
DUOXA1	6	0	0	0	0	0	15	1
DUOX1	20	10	0	61	10	6	77	2
SHF	291	56	14	174	32	14	672	7
SLC28A2	1	0	0	6	1	1	6	0
GATM	101	16	11	21	7	5	196	1
SPATA5L1	137	21	9	108	16	14	285	3
C15orf48	3	0	2	14	0	1	3	0
SLC30A4	25	4	1	4	3	1	52	0
BLOC1S6	734	131	29	468	80	75	1585	21
SQOR	0	1	0	4	0	1	8	0
SEMA6D	469	230	11	1072	273	426	851	27
SLC24A5	3	0	0	7	0	0	4	1
MYEF2	275	124	50	370	51	43	848	17
CTXN2	3	0	1	1	0	0	7	0
SLC12A1	1	2	1	8	1	1	4	2
DUT	4144	582	308	2090	488	318	9020	94
FBN1	405	83	12	318	53	45	776	11
CEP152	213	72	18	196	48	32	423	13
SHC4	1	1	0	16	3	1	6	0
EID1	7161	705	263	2969	579	471	13797	132
SECISBP2L	328	123	39	634	90	74	906	16
COPS2	1525	213	80	904	149	132	2750	29
GALK2	287	77	17	442	70	53	581	10
FAM227B	126	74	7	354	65	36	305	12
FGF7	163	10	3	44	4	16	223	9
DTWD1	814	176	37	551	120	73	1658	28
ATP8B4	50	23	1	175	38	21	77	5
SLC27A2	4	3	1	6	2	2	7	0
HDC	9	5	0	9	1	0	28	1
GABPB1	426	110	22	675	131	95	846	25
USP8	1059	139	73	776	120	95	2011	27
USP50	2	4	0	15	1	4	2	1
TRPM7	520	268	16	1548	294	342	798	44
SPPL2A	1022	168	47	979	176	154	1401	32
AP4E1	109	46	6	272	53	45	206	10
TNFAIP8L3	5	10	0	89	18	8	12	0
CYP19A1	6	6	0	134	7	3	2	4
GLDN	5	6	0	75	10	3	17	0
DMXL2	183	81	13	343	85	32	499	8
SCG3	40	10	54	63	6	2	117	0
LYSMD2	65	9	19	40	10	5	170	1
TMOD2	47	13	6	80	16	10	139	0
TMOD3	900	210	44	843	141	121	1806	43
LEO1	936	136	49	585	100	79	1894	27
MAPK6	698	139	67	748	121	95	1377	22
BCL2L10	2	0	0	2	0	0	7	0
GNB5	157	39	31	113	33	20	496	2
MYO5C	5	18	6	33	3	3	38	0
MYO5A	100	42	16	171	30	26	130	9
ARPP19	1405	214	132	972	163	106	2755	33
FAM214A	116	33	11	202	20	25	273	8
ONECUT1	20	11	2	10	3	2	41	2
WDR72	355	13	16	150	27	9	319	9
UNC13C	23	31	1	60	33	38	57	14
RSL24D1	2698	428	245	1896	302	214	5798	42
RAB27A	181	25	9	223	32	27	347	9
PIGBOS1	561	59	36	263	45	35	1200	14
PIGB	65	17	3	77	13	14	153	4
CCPG1	350	47	34	287	31	38	729	5
C15orf65	121	12	4	70	20	9	257	2
DNAAF4	262	59	4	228	28	29	667	10
PYGO1	253	171	7	768	149	112	511	31
PRTG	3129	1654	114	10766	1649	628	7397	231
NEDD4	128	65	5	292	43	60	213	9
RFX7	176	244	10	1451	253	179	384	51
TEX9	90	68	3	246	51	38	249	8
MNS1	45	25	7	44	14	14	193	3
ZNF280D	13	99	13	63	106	77	486	15
TCF12	710	883	34	3928	791	539	1478	160
CGNL1	1240	725	47	3070	472	145	2856	74
MYZAP	7	1	0	2	2	0	12	0
GCOM1	3	0	0	2	1	1	6	0
POLR2M	251	35	17	156	19	20	548	8
ALDH1A2	28	27	0	193	16	4	109	1
AQP9	0	0	0	1	1	0	0	0
LIPC	3	1	0	1	0	0	4	0
ADAM10	805	305	48	1470	196	157	1606	42
MINDY2	672	96	43	406	88	79	1367	21
RNF111	209	120	12	741	94	92	409	21
SLTM	2696	342	293	1938	377	269	5726	58
CCNB2	1639	311	114	954	217	176	3771	38
MYO1E	67	115	13	859	138	79	148	13
LDHAL6B	0	0	0	0	0	0	0	0
FAM81A	1	21	0	34	10	9	7	2
GCNT3	0	0	0	3	0	1	0	0
GTF2A2	3986	377	233	1817	309	236	7746	77
BNIP2	541	87	36	393	73	39	1004	15
FOXB1	5	10	9	27	1	0	33	0
ANXA2	8293	411	378	3502	464	673	14353	71
ICE2	600	160	40	587	114	94	1299	25
RORA	87	439	21	1964	433	287	354	84
VPS13C	273	94	22	411	52	43	538	14
C2CD4A	0	0	0	0	0	0	0	0
C2CD4B	0	0	0	0	0	0	16	0
TLN2	1903	444	29	2654	460	505	3065	78
TPM1	14999	1567	1459	8735	1166	1001	32329	292
LACTB	249	31	38	170	26	14	584	4
RPS27L	4996	523	629	2770	309	325	8422	136
RAB8B	277	71	17	379	59	56	583	10
APH1B	94	11	10	74	12	16	210	4
CA12	86	12	0	41	12	10	104	0
USP3	417	230	7	783	163	104	1005	41
FBXL22	11	0	0	16	1	2	35	0
HERC1	409	193	28	964	151	86	707	32
DAPK2	16	13	2	57	10	9	24	4
CIAO2A	907	106	111	545	85	77	1895	15
SNX1	612	122	30	511	87	71	1237	19
SNX22	14	1	6	9	2	0	33	0
PPIB	10875	1170	574	5205	974	818	21540	210
CSNK1G1	218	144	17	641	104	94	466	22
PCLAF	2820	433	95	1493	352	247	5924	106
TRIP4	379	75	24	417	55	41	777	10
ZNF609	456	394	33	1666	326	229	921	56
OAZ2	1532	112	156	535	98	68	3360	21
RBPMS2	679	97	151	433	69	39	1211	12
PIF1	314	88	98	211	61	40	764	16
PLEKHO2	62	4	7	40	7	6	143	3
ANKDD1A	49	17	2	62	15	5	107	3
SPG21	1029	130	81	504	75	67	2152	14
MTFMT	268	61	36	254	52	40	514	7
SLC51B	0	2	0	2	1	0	0	0
RASL12	181	17	8	142	14	2	357	5
KBTBD13	3	0	0	0	0	0	2	0
UBAP1L	9	5	1	55	10	7	39	2
PDCD7	1134	119	74	601	96	74	2209	26
CLPX	677	84	45	449	68	69	1225	12
CILP	3	0	0	0	0	0	3	0
PARP16	113	35	4	58	11	11	236	2
IGDCC3	5247	654	118	1938	465	392	12548	109
IGDCC4	317	49	5	368	44	30	598	11
DPP8	354	84	25	524	80	62	626	16
HACD3	3250	577	161	2142	408	274	6714	106
INTS14	332	65	12	239	34	30	677	7
SLC24A1	28	6	3	41	4	3	95	0
DENND4A	62	62	4	241	39	27	142	7
RAB11A	2171	289	197	1193	228	158	4833	43
MEGF11	6	2	0	24	1	5	9	2
DIS3L	293	36	13	161	39	14	586	2
TIPIN	405	87	17	329	69	41	874	10
MAP2K1	419	115	48	546	76	64	894	26
SNAPC5	661	102	76	308	63	55	1391	12
RPL4	20868	2178	1890	8754	1540	1210	42284	344
ZWILCH	416	49	25	236	59	47	797	9
LCTL	31	7	2	35	3	1	73	1
SMAD6	207	101	14	574	76	34	515	18
SMAD3	587	216	25	1423	177	99	1215	47
AAGAB	385	100	30	422	73	56	732	15
IQCH	16	32	2	204	34	20	42	7
C15orf61	435	50	26	175	37	28	713	11
MAP2K5	188	106	8	459	75	67	397	21
SKOR1	6	1	0	1	0	1	9	0
PIAS1	1044	396	30	1317	283	227	1773	47
CALML4	3	29	0	68	22	15	15	6
CLN6	201	71	5	253	56	43	354	6
FEM1B	344	46	27	232	50	28	770	7
ITGA11	60	1	1	111	6	4	65	1
CORO2B	14	1	1	30	4	3	29	0
ANP32A	4888	845	241	3065	662	410	9644	145
SPESP1	14	4	0	31	6	3	14	1
NOX5	5	3	0	11	1	4	9	0
GLCE	359	114	15	570	101	69	600	11
PAQR5	4	4	5	18	0	0	22	0
KIF23	756	132	56	441	100	70	1323	25
RPLP1	115619	11540	7382	54299	8250	6993	229118	1850
TLE3	1041	133	33	728	153	57	2072	17
UACA	1481	218	109	743	189	238	2170	38
LARP6	345	31	35	175	19	16	616	3
LRRC49	97	45	5	156	34	16	251	11
THAP10	58	9	5	32	6	5	91	2
THSD4	58	163	1	338	69	28	102	28
CT62	0	1	0	0	0	0	0	0
NR2E3	5	2	0	7	2	0	6	1
MYO9A	279	151	16	950	137	131	638	34
SENP8	80	18	4	102	14	13	189	2
GRAMD2A	0	0	0	2	1	0	1	1
PKM	9356	1067	1088	6338	970	540	23154	273
PARP6	125	35	7	182	23	21	186	5
CELF6	0	6	0	8	0	0	0	0
HEXA	524	69	46	444	70	48	1127	10
TMEM202	0	0	0	0	0	0	0	0
ARIH1	722	338	55	1955	326	231	1395	86
GOLGA6B	0	0	0	1	0	0	0	0
HIGD2B	0	0	0	0	0	0	0	0
BBS4	487	69	19	346	59	46	965	14
ADPGK	521	66	31	304	46	48	917	5
NEO1	584	306	26	1696	266	149	1428	38
HCN4	22	2	3	72	5	0	57	3
REC114	0	0	0	9	3	0	2	0
NPTN	998	111	76	685	94	90	1796	25
CD276	977	102	72	391	67	56	1871	16
INSYN1	11	0	1	8	0	1	28	0
TBC1D21	0	0	0	0	0	0	0	0
LOXL1	1451	50	44	442	55	73	2684	13
STOML1	100	9	2	16	3	5	174	2
PML	263	34	16	175	24	9	551	7
GOLGA6A	0	0	1	0	0	0	0	0
ISLR2	9	1	2	4	0	1	16	0
ISLR	332	11	7	57	11	8	506	4
STRA6	563	77	46	285	41	28	1484	13
CCDC33	109	14	9	89	12	9	218	4
CYP11A1	38	6	1	32	4	9	73	1
SEMA7A	35	8	1	28	3	2	61	1
UBL7	555	45	43	253	48	34	1133	11
ARID3B	279	79	35	543	62	56	586	12
CLK3	398	48	42	169	15	22	739	8
EDC3	299	52	16	238	37	24	512	9
CYP1A1	0	0	0	0	0	0	0	0
CYP1A2	6	0	0	1	0	0	10	0
CSK	385	39	23	228	40	26	782	12
LMAN1L	0	0	0	0	0	0	0	0
CPLX3	0	0	0	0	0	0	0	0
ULK3	152	13	15	30	12	5	355	5
SCAMP2	647	82	59	294	53	63	1145	9
MPI	348	47	20	151	30	12	673	9
FAM219B	282	49	27	169	29	22	652	8
COX5A	6457	661	825	2981	483	398	12434	124
RPP25	1975	60	68	448	46	63	3073	14
SCAMP5	94	5	14	30	7	7	107	2
PPCDC	183	71	17	259	42	26	310	12
C15orf39	222	3	26	46	5	11	275	2
GOLGA6C	0	0	0	0	0	0	0	0
GOLGA6D	0	0	0	0	0	0	0	0
COMMD4	1892	207	140	763	159	120	4221	42
NEIL1	90	5	9	41	4	3	182	0
MAN2C1	255	37	30	105	21	22	475	1
SIN3A	497	140	29	491	81	61	1073	26
PTPN9	343	133	21	541	98	60	560	13
SNUPN	645	59	42	241	49	34	1086	4
IMP3	1500	177	157	729	140	95	2997	31
SNX33	97	5	2	40	8	5	163	1
CSPG4	86	0	5	34	0	4	94	2
ODF3L1	18	2	0	2	0	1	26	0
UBE2Q2	574	147	38	635	98	90	1100	26
FBXO22	1185	184	101	745	129	87	2315	21
NRG4	8	8	1	31	2	3	44	0
TMEM266	6	11	1	33	11	4	9	1
ETFA	1570	241	101	1043	207	147	2948	45
ISL2	1	0	0	7	0	0	11	0
SCAPER	232	162	17	857	232	91	683	30
RCN2	5010	783	363	2859	457	328	10254	98
PSTPIP1	6	3	3	6	1	1	31	0
TSPAN3	1620	249	93	1067	196	128	4178	40
PEAK1	204	190	5	942	173	96	367	23
HMG20A	389	87	22	463	83	48	736	17
LINGO1	182	15	40	135	19	7	462	3
TBC1D2B	95	24	8	104	14	18	214	5
SH2D7	0	0	0	7	1	0	3	0
CIB2	705	99	81	551	98	62	1519	19
IDH3A	270	35	52	136	23	19	434	4
ACSBG1	3	2	1	4	1	1	7	1
DNAJA4	30	6	4	34	2	3	122	0
WDR61	1109	121	66	496	87	62	2356	22
CRABP1	278	134	88	719	65	34	1271	20
IREB2	878	180	49	812	140	97	1621	21
HYKK	11	5	1	17	2	0	36	0
PSMA4	5548	626	379	2831	550	369	10630	115
CHRNA5	63	27	6	66	15	17	231	3
CHRNA3	25	3	5	20	4	1	77	4
CHRNB4	3	1	0	16	1	0	4	2
ADAMTS7	175	37	9	106	31	16	419	6
MORF4L1	7670	917	450	4807	813	603	14579	164
CTSH	351	7	14	90	14	6	492	1
RASGRF1	1	0	0	1	0	0	1	0
ANKRD34C	0	0	0	0	0	0	0	0
TMED3	1136	141	112	650	90	99	2779	19
MINAR1	62	27	1	96	36	3	122	2
MTHFS	296	147	27	676	135	86	714	24
AC015871.1	534	104	18	371	63	43	878	20
BCL2A1	0	0	0	0	0	0	0	0
ZFAND6	1466	331	104	1680	290	191	2834	53
FAH	519	31	11	136	37	14	828	8
CTXND1	0	2	0	4	4	0	3	2
ARNT2	32	66	3	104	35	17	107	7
ABHD17C	123	45	12	111	28	20	298	3
CEMIP	60	20	3	104	11	27	76	2
MESD	2245	269	135	1066	185	168	4514	50
TLNRD1	480	56	25	195	35	27	972	7
CFAP161	3	7	0	61	12	7	0	4
IL16	0	0	0	4	1	1	0	1
STARD5	25	4	3	12	6	1	74	0
TMC3	1	1	0	3	0	0	2	0
MEX3B	125	21	7	44	11	9	284	4
EFL1	137	61	15	276	40	33	370	7
SAXO2	12	14	0	79	7	0	39	2
GOLGA6L10	14	2	3	7	2	2	52	1
GOLGA6L9	3	2	0	22	4	1	19	3
RPS17	2124	2613	210	11648	1729	1363	4064	435
CPEB1	0	0	2	3	0	2	0	0
AP3B2	21	13	7	81	5	6	47	1
FSD2	5	1	1	11	0	1	6	0
WHAMM	135	22	11	97	11	15	273	1
HOMER2	37	15	14	103	12	6	118	4
RAMAC	287	26	22	181	32	15	595	4
C15orf40	616	79	43	376	58	39	999	9
BTBD1	297	102	15	374	82	51	601	11
TM6SF1	0	2	1	13	5	1	1	2
HDGFL3	1383	368	92	1177	246	181	3080	70
BNC1	283	37	2	211	63	56	484	7
SH3GL3	288	42	5	259	71	81	380	4
ADAMTSL3	41	24	0	165	37	40	54	5
UBE2Q2L	2	1	1	4	0	0	10	0
GOLGA6L4	11	2	0	6	1	0	20	2
ZSCAN2	220	46	41	180	37	25	467	6
WDR73	615	83	31	335	53	48	1154	4
NMB	638	47	54	205	51	27	1257	12
SEC11A	6492	859	398	3845	593	442	13733	137
ZNF592	185	55	10	322	60	43	305	6
ALPK3	283	71	17	563	86	28	679	17
SLC28A1	0	1	0	3	2	1	2	0
PDE8A	46	69	6	401	58	46	78	21
AKAP13	1072	476	62	2262	376	309	2121	90
KLHL25	39	21	3	79	15	17	94	5
AGBL1	0	5	0	90	10	1	5	0
NTRK3	85	14	11	209	33	30	94	9
MRPL46	43	63	6	322	64	54	120	16
MRPS11	1247	120	108	440	94	77	2221	36
DET1	16	50	8	161	18	18	47	5
AEN	337	27	66	159	20	20	515	3
ISG20	13	1	9	15	5	1	25	5
ACAN	4	2	2	5	1	2	10	1
HAPLN3	146	13	8	39	8	3	261	3
MFGE8	1321	176	160	687	109	65	3026	30
ABHD2	141	40	8	159	29	21	265	8
RLBP1	2	0	1	3	0	0	2	0
FANCI	622	136	29	537	130	83	1209	27
POLG	218	34	19	147	26	21	536	2
RHCG	2	2	1	1	0	1	16	0
TICRR	117	35	14	135	37	15	202	8
KIF7	86	36	10	179	46	25	238	4
PLIN1	1	0	0	0	0	0	1	0
PEX11A	96	12	12	81	14	6	270	3
WDR93	26	6	0	62	8	2	23	1
MESP1	518	174	104	1198	77	12	1519	40
MESP2	163	20	7	343	5	0	302	6
ANPEP	85	4	2	66	3	2	120	2
AP3S2	93	113	5	428	85	57	225	12
ARPIN	170	21	6	118	18	17	299	3
ZNF710	147	82	14	377	66	45	276	11
IDH2	2354	236	91	873	242	156	4798	48
SEMA4B	207	31	14	120	12	19	357	5
CIB1	1399	122	85	528	72	62	2289	23
GDPGP1	26	1	3	20	1	1	49	0
TTLL13P	0	2	0	4	0	1	0	0
NGRN	202	319	11	1205	234	155	299	51
ZNF774	18	2	0	8	0	1	44	1
IQGAP1	1083	139	89	932	121	146	1757	19
CRTC3	252	67	8	321	61	43	464	11
BLM	329	139	29	475	129	68	754	33
FURIN	459	31	47	169	21	16	784	4
FES	123	10	12	49	11	6	303	3
MAN2A2	74	10	7	21	7	1	159	0
HDDC3	317	38	43	112	31	27	745	6
UNC45A	560	49	52	270	46	29	1151	8
RCCD1	185	22	17	122	15	8	376	0
PRC1	252	223	23	556	130	95	576	36
VPS33B	145	22	11	79	15	6	238	4
SV2B	0	0	0	4	0	0	1	0
SLCO3A1	77	49	7	214	46	23	166	15
ST8SIA2	48	58	4	162	47	30	132	9
FAM174B	66	39	12	180	29	17	121	9
CHD2	700	318	47	1619	250	220	1590	69
RGMA	53	16	5	76	9	10	109	7
MCTP2	79	21	1	54	10	10	101	1
NR2F2	791	68	28	192	126	182	1558	21
ARRDC4	76	15	5	70	0	4	298	4
FAM169B	0	0	1	1	2	0	1	0
IGF1R	451	475	51	1598	353	283	987	80
PGPEP1L	1	0	0	0	0	0	2	0
SYNM	46	7	5	19	4	7	59	0
TTC23	176	53	7	256	42	28	446	8
LRRC28	292	78	21	373	58	57	750	9
MEF2A	484	370	40	1712	332	187	851	54
LYSMD4	44	13	7	36	9	14	104	3
ADAMTS17	8	14	0	137	30	7	21	0
CERS3	2	1	0	2	1	0	2	0
LINS1	147	26	10	122	18	13	321	2
ASB7	103	29	10	107	21	28	230	5
ALDH1A3	51	4	4	30	2	7	68	1
LRRK1	20	10	2	39	7	3	34	1
CHSY1	824	135	29	1022	145	156	1165	20
SELENOS	1630	152	136	801	121	105	3365	31
SNRPA1	2142	431	167	1650	303	206	4445	76
PCSK6	40	16	1	80	16	11	129	1
TM2D3	550	66	50	280	50	53	1120	14
TARSL2	236	44	13	270	31	28	728	8
OR4F6	0	0	0	0	0	0	0	0
OR4F15	0	0	0	0	0	0	0	0
OR4F4	0	0	0	0	0	0	0	0
POLR3K	1136	135	116	271	104	76	2282	31
SNRNP25	2095	232	161	444	213	104	3887	59
RHBDF1	264	14	30	81	10	11	508	2
MPG	1981	209	92	803	132	104	3638	28
NPRL3	460	73	30	311	44	36	882	12
HBZ	7	0	0	2	0	1	8	0
HBM	0	0	0	0	0	0	0	0
HBA2	1	0	3	0	0	0	0	0
HBA1	2	0	1	1	0	0	3	0
HBQ1	35	3	1	3	9	4	75	1
LUC7L	1172	259	86	958	167	114	2385	42
FAM234A	545	59	46	265	49	42	936	9
RGS11	34	1	4	1	0	1	75	0
ARHGDIG	50	6	2	4	3	4	125	1
PDIA2	6	0	1	0	0	0	6	0
AXIN1	204	42	13	163	37	19	344	9
MRPL28	3423	244	266	870	161	107	5594	41
TMEM8A	594	39	55	162	29	22	1201	13
NME4	16472	1273	567	5527	1094	792	32085	168
DECR2	7	15	0	59	7	12	12	5
RAB11FIP3	46	87	3	396	82	46	79	12
CAPN15	234	16	25	124	21	14	391	5
PRR35	6	1	0	0	0	0	5	0
PIGQ	317	25	28	118	13	12	597	3
NHLRC4	17	3	1	9	0	0	43	0
RAB40C	278	46	19	151	29	30	582	4
WFIKKN1	758	67	37	297	56	56	1546	12
METTL26	1659	233	169	803	179	162	3976	28
MCRIP2	465	58	89	172	29	23	1052	13
WDR90	110	10	8	19	7	2	215	2
RHOT2	645	49	60	184	23	22	1340	14
RHBDL1	24	2	13	8	0	1	54	1
STUB1	2885	253	200	1094	199	156	5156	58
JMJD8	608	49	54	107	34	27	1378	5
WDR24	150	6	6	36	7	11	309	5
FBXL16	4	0	4	14	0	0	15	1
METRN	1041	178	121	666	110	89	2627	31
ANTKMT	830	92	83	352	55	48	1787	17
CCDC78	23	1	11	3	1	1	48	0
HAGHL	237	29	68	76	21	17	729	4
CIAO3	195	37	24	81	24	8	408	3
MSLN	4	0	0	0	0	0	5	1
MSLNL	0	0	0	1	0	0	0	0
RPUSD1	344	37	45	126	32	18	670	8
CHTF18	234	23	22	100	23	5	546	5
GNG13	3	0	0	0	0	1	14	0
LMF1	169	67	7	237	48	27	330	9
SOX8	27	5	8	5	2	1	89	1
SSTR5	0	0	0	0	0	0	0	0
C1QTNF8	0	0	0	0	0	0	0	0
CACNA1H	44	12	7	17	5	6	96	2
TPSG1	0	0	0	0	0	0	0	0
TPSB2	0	0	1	0	0	0	1	0
TPSAB1	0	0	0	0	0	0	0	0
TPSD1	1	0	0	0	0	0	0	0
UBE2I	5755	664	421	2622	562	312	12475	125
BAIAP3	21	2	1	4	0	0	33	0
TSR3	1632	134	126	577	94	81	3058	26
GNPTG	281	39	20	225	34	39	589	14
UNKL	237	31	23	128	20	22	381	2
C16orf91	480	57	27	264	33	40	1100	9
AL032819.3	0	0	0	0	0	0	0	0
CCDC154	9	0	0	1	0	1	12	0
CLCN7	208	23	17	112	16	11	420	4
PTX4	0	0	0	0	0	0	0	0
TELO2	334	28	17	120	27	12	675	7
IFT140	144	55	2	187	33	21	279	10
TMEM204	53	4	7	21	4	3	169	1
CRAMP1	120	58	8	258	42	27	274	11
JPT2	838	116	67	446	96	59	1670	24
MAPK8IP3	131	56	15	232	43	28	281	11
NME3	1202	144	152	373	100	71	2829	23
MRPS34	2791	462	385	1625	278	228	5858	66
EME2	62	6	4	15	3	4	112	0
SPSB3	569	56	37	281	38	30	1186	15
NUBP2	1095	129	82	475	89	52	2224	22
IGFALS	2	0	0	1	1	0	9	0
HAGH	719	103	70	425	74	45	1511	18
FAHD1	538	49	29	208	49	37	1233	9
MEIOB	16	1	3	14	3	1	31	1
HS3ST6	0	1	0	0	0	0	0	0
MSRB1	461	56	41	174	34	24	1016	10
RPL3L	3	1	2	6	0	0	6	0
NDUFB10	5550	601	535	2394	438	309	10596	101
RPS2	105464	12836	8563	54857	9230	7085	210601	2027
RNF151	2	0	0	0	0	0	3	0
TBL3	351	40	34	150	20	18	705	7
NOXO1	11	3	4	5	0	0	28	0
GFER	706	73	49	247	54	42	1420	8
SYNGR3	29	8	21	10	2	8	62	1
ZNF598	322	19	24	100	13	11	574	6
NPW	1096	37	74	192	39	69	1920	10
SLC9A3R2	483	21	29	80	12	23	1404	9
NTHL1	950	136	106	405	80	63	1999	26
TSC2	473	45	24	166	32	28	916	9
PKD1	160	21	15	124	17	13	329	5
RAB26	18	10	5	50	8	5	49	6
TRAF7	746	62	59	231	55	35	1596	12
CASKIN1	27	8	4	31	3	3	48	2
MLST8	659	59	67	237	46	32	1282	13
BRICD5	18	3	1	16	2	2	69	2
PGP	2655	322	223	1280	274	201	5469	47
E4F1	221	36	26	143	29	13	389	5
DNASE1L2	17	2	0	3	0	0	26	0
ECI1	1569	265	152	880	167	111	3865	42
RNPS1	2942	358	350	1479	245	186	6481	66
ABCA3	5	4	2	13	2	2	16	1
CCNF	337	69	35	177	38	36	592	10
TEDC2	356	47	31	147	24	23	702	11
NTN3	2	0	0	0	0	0	2	0
TBC1D24	141	25	12	62	12	9	309	3
ATP6V0C	3	315	1	1489	234	209	18	68
AMDHD2	252	14	32	98	18	17	462	2
CEMP1	0	0	0	0	0	0	0	0
PDPK1	372	29	24	202	30	21	709	7
KCTD5	210	26	20	113	16	11	378	3
PRSS27	12	4	0	4	1	0	42	0
SRRM2	6281	804	412	3245	577	432	12531	140
ELOB	9409	963	656	4017	724	573	18448	148
PRSS33	5	1	4	0	0	1	4	0
PRSS41	0	0	0	0	0	0	0	0
PRSS21	4	0	6	0	0	0	6	0
ZG16B	12	0	0	0	0	0	47	0
PRSS22	1	0	1	1	0	0	1	0
FLYWCH2	630	79	37	401	57	37	1444	13
FLYWCH1	158	16	6	118	24	11	375	6
KREMEN2	23	1	8	18	1	1	20	1
PKMYT1	260	35	25	143	31	16	579	8
PAQR4	88	16	9	35	9	5	210	2
LINC00514	1	0	3	6	0	0	5	0
CLDN9	0	0	13	0	0	0	2	0
CLDN6	194	48	303	209	24	20	695	4
TNFRSF12A	440	47	142	178	19	31	797	7
HCFC1R1	1792	140	139	753	118	119	3530	27
THOC6	1165	93	116	462	104	64	2426	12
BICDL2	7	0	12	3	0	0	19	0
MMP25	11	0	5	7	2	0	9	0
IL32	5	1	7	21	1	0	30	0
ZSCAN10	44	7	56	51	3	2	93	1
ZNF205	358	32	31	145	27	19	708	6
ZNF213	64	10	6	50	5	1	194	2
OR1F1	0	0	0	0	0	0	0	0
ZNF200	155	15	12	72	11	7	234	2
MEFV	0	0	0	0	0	0	0	0
ZNF263	193	24	15	87	26	3	400	2
TIGD7	30	5	0	62	5	7	69	2
ZNF75A	258	59	30	398	31	42	808	8
OR2C1	0	0	0	0	0	0	0	0
AC025283.2	1	7	0	50	2	5	1	3
MTRNR2L4	3	0	0	0	1	0	5	0
ZSCAN32	142	17	12	78	15	6	314	2
ZNF174	153	12	8	72	14	6	250	0
ZNF597	19	1	2	24	1	4	73	0
NAA60	504	54	37	183	24	14	933	6
C16orf90	0	0	0	0	0	0	1	1
CLUAP1	665	102	19	441	64	52	1164	7
NLRC3	3	1	0	9	2	1	2	0
SLX4	87	27	10	70	10	12	175	4
DNASE1	226	38	11	185	21	14	422	9
TRAP1	952	165	137	545	92	74	2104	23
CREBBP	857	258	38	1331	258	151	1528	43
ADCY9	38	22	3	150	28	14	86	9
SRL	1	0	0	2	1	0	1	0
TFAP4	164	31	7	80	24	11	434	7
GLIS2	0	12	0	32	10	6	6	2
PAM16	57	166	13	746	109	86	147	32
CORO7	0	15	0	82	5	12	0	2
VASN	1	22	0	194	20	15	0	4
DNAJA3	45	41	6	153	33	22	77	5
NMRAL1	169	57	4	270	50	27	480	10
HMOX2	280	64	39	279	39	23	496	10
CDIP1	5	35	0	176	36	20	3	3
C16orf96	1	7	0	29	0	3	6	1
UBALD1	217	31	34	144	18	15	448	6
MGRN1	331	50	22	259	41	28	528	7
NUDT16L1	1035	117	102	363	61	57	1821	17
ANKS3	224	63	17	252	34	25	497	6
C16orf71	4	0	1	11	1	0	5	0
ZNF500	118	23	7	77	10	6	238	4
SEPTIN12	1	0	0	1	0	0	1	0
SMIM22	1	0	2	3	0	0	3	0
ROGDI	625	30	50	205	36	20	1516	11
GLYR1	777	160	44	645	106	76	1464	29
UBN1	841	112	49	588	121	56	1601	16
PPL	44	6	6	30	4	2	84	1
SEC14L5	0	0	0	3	0	1	2	0
NAGPA	172	12	11	60	13	7	310	3
ALG1	198	18	13	120	18	12	422	6
C16orf89	3	0	0	1	0	0	9	0
EEF2KMT	238	28	20	117	32	16	427	8
RBFOX1	22	195	6	770	114	63	62	26
TMEM114	0	0	0	1	0	0	1	0
METTL22	195	44	25	196	33	12	424	8
ABAT	40	20	0	71	8	6	67	1
TMEM186	190	22	16	78	21	9	429	4
PMM2	490	62	44	456	58	62	879	11
CARHSP1	2092	394	260	1354	235	134	4458	91
LITAFD	0	0	0	1	0	0	0	0
USP7	915	148	76	689	123	101	1889	28
C16orf72	635	30	41	201	33	27	1123	6
GRIN2A	99	55	3	392	79	54	246	49
ATF7IP2	717	496	40	1360	364	426	1463	75
EMP2	1584	192	73	1234	199	91	4195	37
TEKT5	1	1	0	6	1	2	2	0
NUBP1	583	72	54	307	59	39	1144	11
TVP23A	38	6	3	55	6	6	114	2
CIITA	0	0	0	3	0	0	7	0
DEXI	728	56	27	285	49	30	1463	11
CLEC16A	95	77	7	379	61	47	187	14
RMI2	506	86	49	299	68	42	1059	13
SOCS1	783	75	86	331	34	50	1409	14
TNP2	0	0	0	0	0	0	0	0
PRM3	0	0	0	0	0	0	0	0
PRM2	0	0	0	0	0	0	0	0
PRM1	1	0	0	1	0	0	1	0
AC099489.1	4	12	0	28	7	3	4	1
LITAF	1016	112	131	414	74	80	2167	23
SNN	264	36	35	137	19	14	561	5
TXNDC11	137	38	9	138	21	17	228	6
ZC3H7A	635	112	33	487	95	78	1137	16
RSL1D1	3002	439	274	1851	337	242	6375	73
GSPT1	2255	336	198	1493	246	190	4102	55
NPIPB2	8	13	0	16	9	6	58	1
TNFRSF17	0	1	0	0	0	0	1	0
SNX29	165	77	8	422	74	44	354	16
CPPED1	219	50	17	244	48	40	583	7
SHISA9	23	97	6	278	20	9	86	36
ERCC4	312	59	17	208	38	43	620	10
MRTFB	301	191	14	1078	214	110	639	31
PARN	118	102	5	535	101	55	237	18
BFAR	75	129	7	542	98	80	155	16
PLA2G10	0	0	3	5	0	0	0	0
NPIPA3	0	0	0	0	0	0	1	0
NPIPA2	0	0	0	2	0	0	0	0
NOMO1	273	23	9	93	10	18	403	7
NPIPA1	0	7	0	27	4	3	3	2
PDXDC1	121	136	10	573	104	77	243	19
NTAN1	259	131	20	550	114	63	564	12
RRN3	27	56	1	195	40	23	76	6
NPIPA5	0	1	0	5	0	0	0	0
MPV17L	0	2	1	15	4	5	0	0
BMERB1	9	44	1	224	26	19	29	8
MARF1	31	42	0	194	35	24	55	8
NDE1	22	62	1	161	33	22	49	5
MYH11	0	5	0	24	5	4	1	1
FOPNL	49	82	8	257	62	37	122	19
ABCC1	12	82	3	397	78	40	44	11
ABCC6	0	6	0	44	1	1	1	0
NOMO3	0	1	0	17	7	3	1	0
AC138969.1	0	0	0	9	2	3	3	1
NPIPA7	0	1	0	4	0	0	0	0
XYLT1	33	50	4	227	44	28	50	9
NPIPA8	0	1	0	4	1	1	1	0
NPIPA9	0	0	0	0	0	1	0	0
NOMO2	21	6	0	34	3	5	25	0
RPS15A	44347	6135	3696	26722	4039	3287	91047	1000
ARL6IP1	2139	693	137	2709	427	364	4325	118
SMG1	398	129	18	720	125	89	845	23
TMC7	16	9	3	57	4	4	41	1
COQ7	344	37	25	181	18	31	793	7
ITPRIPL2	207	16	7	106	18	12	370	3
SYT17	61	6	5	67	7	8	118	1
CLEC19A	1	1	0	9	1	1	6	1
TMC5	2	7	0	11	2	1	10	2
GDE1	890	59	65	271	54	37	1667	11
CCP110	213	32	12	131	25	20	462	12
VPS35L	380	116	27	498	82	60	785	19
KNOP1	1459	222	134	829	142	92	3198	44
IQCK	222	69	8	237	38	36	503	8
GPRC5B	130	25	28	107	19	10	253	6
GPR139	0	0	0	0	0	0	0	1
GP2	0	0	0	0	0	0	0	0
UMOD	0	1	0	1	0	0	0	0
PDILT	0	0	0	0	1	1	0	0
ACSM5	0	0	0	0	0	0	4	0
ACSM2A	0	0	0	0	0	0	0	0
ACSM2B	0	0	0	1	0	1	0	0
ACSM3	27	26	1	95	52	14	86	3
ACSM1	4	3	0	11	5	1	9	0
THUMPD1	939	169	85	669	123	81	1865	27
ERI2	127	44	8	106	22	22	297	5
REXO5	45	18	4	43	9	5	54	2
DCUN1D3	119	13	6	56	10	6	149	2
LYRM1	460	63	11	246	61	34	907	7
DNAH3	1	1	0	19	2	0	3	0
TMEM159	208	34	32	130	20	21	481	6
ZP2	0	1	0	0	0	0	0	0
ANKS4B	0	0	0	0	0	0	1	0
CRYM	34	27	5	57	9	7	178	5
NPIPB3	0	0	0	7	2	0	1	1
METTL9	4199	389	160	1656	323	283	7560	68
IGSF6	15	5	0	12	2	4	36	0
OTOA	2	3	0	1	1	0	3	1
NPIPB4	7	8	0	62	9	4	12	0
UQCRC2	2452	270	189	1228	204	132	4730	34
PDZD9	0	1	0	1	1	0	1	0
MOSMO	380	89	28	413	82	50	755	20
VWA3A	1	2	0	6	0	3	1	0
SDR42E2	2	1	0	3	0	0	6	0
EEF2K	138	37	11	127	25	27	285	6
POLR3E	308	39	42	163	30	30	755	5
CDR2	274	94	33	436	74	62	545	16
NPIPB5	18	13	0	64	7	3	36	2
HS3ST2	4	5	0	18	1	0	4	0
USP31	131	36	17	211	30	18	240	12
SCNN1G	0	0	2	1	0	0	0	0
SCNN1B	0	0	3	1	0	1	1	0
COG7	159	57	24	211	29	40	331	9
GGA2	724	140	42	570	110	86	1430	13
EARS2	142	31	19	106	16	10	285	6
UBFD1	686	89	47	376	70	65	1358	9
NDUFAB1	6336	644	889	2832	477	360	11916	102
PALB2	139	35	6	114	26	16	217	7
DCTN5	672	52	51	321	62	34	1287	12
PLK1	892	142	109	431	134	53	1707	24
ERN2	3	6	2	7	2	2	20	0
CHP2	0	1	1	1	0	0	1	0
PRKCB	4	7	3	28	7	2	41	0
CACNG3	0	0	0	5	0	1	0	0
RBBP6	1617	217	76	1255	217	121	3161	52
TNRC6A	754	330	66	1652	296	226	1457	60
SLC5A11	0	0	0	12	0	0	1	0
ARHGAP17	271	80	23	400	64	44	602	14
LCMT1	732	125	102	635	102	58	1809	26
AQP8	0	1	0	0	0	0	0	0
ZKSCAN2	60	16	7	48	4	14	182	4
HS3ST4	15	81	0	217	36	14	49	3
C16orf82	1	0	0	0	0	0	0	0
KDM8	22	4	4	38	6	1	56	1
NSMCE1	714	69	38	263	62	47	776	12
IL4R	58	16	7	52	7	6	103	0
IL21R	0	0	0	2	0	0	1	0
GTF3C1	762	127	56	645	113	58	1436	23
KIAA0556	94	69	8	322	43	43	194	12
GSG1L	2	0	0	8	3	1	7	0
XPO6	534	83	58	449	92	65	908	13
SBK1	156	27	30	72	24	12	551	5
NPIPB6	1	0	1	4	0	0	9	0
EIF3CL	0	1	0	9	1	0	4	1
NPIPB7	0	1	0	1	0	0	0	0
CLN3	16	36	1	193	29	15	42	11
APOBR	0	0	0	1	0	0	2	0
IL27	0	0	0	0	0	0	0	0
NUPR1	5	0	6	7	0	0	13	1
SGF29	205	37	20	183	41	21	506	9
SULT1A2	23	0	1	25	0	0	27	1
SULT1A1	194	5	9	118	17	5	142	2
NPIPB8	0	0	0	2	0	0	0	0
EIF3C	14	14	0	52	5	9	23	0
NPIPB9	0	0	0	0	0	0	5	0
ATXN2L	660	98	54	402	68	52	1374	17
TUFM	3961	378	395	1587	274	221	7739	67
SH2B1	169	38	25	152	19	13	357	2
ATP2A1	6	6	1	24	3	2	11	2
RABEP2	173	15	18	102	13	11	318	2
CD19	7	1	1	5	0	0	22	0
NFATC2IP	640	106	53	332	56	44	1269	13
SPNS1	716	51	79	288	43	31	1420	3
LAT	20	5	3	8	1	1	39	0
NPIPB11	6	0	1	6	1	1	5	0
BOLA2	0	97	0	324	66	72	0	18
SLX1B	2	0	0	2	0	0	0	1
SULT1A4	0	0	0	0	0	0	0	0
NPIPB12	0	3	0	6	1	2	0	0
SPN	10	1	3	4	0	0	21	2
QPRT	5961	510	387	2973	384	319	10936	90
C16orf54	1	0	0	2	0	0	1	0
ZG16	1	0	0	0	0	0	0	0
KIF22	844	133	75	398	91	78	2145	25
MAZ	3317	276	231	1029	218	167	7105	54
PRRT2	192	31	15	74	11	15	247	6
PAGR1	59	133	4	496	92	54	122	19
MVP	184	4	2	34	1	7	243	3
CDIPT	983	54	77	327	41	33	1681	19
SEZ6L2	678	40	49	283	31	32	1210	12
ASPHD1	184	12	18	68	11	13	237	1
KCTD13	142	30	8	160	24	12	293	5
TMEM219	1770	190	117	953	129	123	4056	30
TAOK2	232	18	14	83	10	14	374	5
HIRIP3	362	46	20	128	30	26	706	8
INO80E	447	46	38	183	33	21	795	16
DOC2A	9	4	4	11	2	0	13	0
C16orf92	0	0	0	0	0	0	0	0
TLCD3B	7	4	12	11	3	2	20	0
AC093512.2	1	2	0	22	2	3	3	1
ALDOA	412	21	32	146	20	25	890	3
PPP4C	2806	316	239	1328	235	154	5839	66
TBX6	49	16	9	174	9	2	187	4
YPEL3	769	60	56	308	41	34	1708	3
GDPD3	4	0	0	4	0	0	21	1
MAPK3	702	74	52	218	39	31	1387	5
CORO1A	78	9	3	28	10	7	221	1
BOLA2B	19	12	1	33	4	2	25	0
SLX1A	0	1	0	2	1	0	3	1
SULT1A3	4	2	0	9	1	2	1	0
NPIPB13	4	0	0	3	1	1	25	0
CD2BP2	1109	81	67	431	68	64	2011	13
TBC1D10B	409	31	18	154	24	19	843	3
MYLPF	67	2	6	95	4	1	126	1
ZNF48	279	43	39	124	22	13	621	9
SEPTIN1	114	18	8	97	21	9	279	3
ZNF771	394	40	29	229	24	29	658	8
DCTPP1	1261	185	132	643	129	103	2805	40
SEPHS2	809	61	90	380	56	53	1338	12
ITGAL	0	1	0	1	1	1	0	0
ZNF768	233	14	15	72	18	5	456	3
ZNF747	131	19	11	59	10	4	282	3
ZNF764	99	18	4	64	9	4	213	2
ZNF688	140	12	9	56	10	11	321	3
ZNF785	143	36	10	147	23	20	323	7
ZNF689	263	23	21	95	22	17	460	4
PRR14	225	13	14	65	14	7	456	4
FBRS	258	14	12	113	17	16	500	7
SRCAP	44	44	3	243	57	29	72	8
TMEM265	0	10	0	33	12	5	1	3
PHKG2	617	48	43	211	40	33	1168	14
CCDC189	32	2	1	15	2	6	89	1
RNF40	427	35	21	237	39	35	814	3
ZNF629	199	21	17	65	6	9	386	3
BCL7C	2092	193	97	1046	182	146	3768	30
CTF1	53	8	2	36	3	1	130	3
FBXL19	237	36	19	150	25	25	486	6
ORAI3	590	28	35	238	33	25	1217	3
SETD1A	190	21	15	117	24	13	306	4
HSD3B7	45	0	15	11	2	2	92	0
STX1B	30	2	6	23	2	3	44	1
STX4	477	29	41	231	37	22	887	4
ZNF668	148	20	10	74	12	11	287	5
ZNF646	83	14	6	51	9	2	157	1
PRSS53	1	1	0	7	1	0	7	0
VKORC1	1900	263	144	1136	204	171	4698	46
BCKDK	932	73	90	310	58	43	1839	13
KAT8	433	72	40	247	59	25	998	12
PRSS8	88	14	51	86	7	9	244	0
PRSS36	9	1	0	5	1	0	22	0
FUS	8031	733	589	3484	717	482	16597	158
PYCARD	376	18	47	141	7	17	985	2
TRIM72	2	1	0	2	0	0	2	0
PYDC1	0	0	3	2	0	1	3	0
ITGAM	0	0	0	1	2	1	0	0
ITGAX	0	0	0	0	0	0	0	0
ITGAD	0	0	1	0	0	0	0	0
COX6A2	0	0	1	3	0	0	2	0
ZNF843	15	8	0	12	1	0	30	0
ARMC5	95	12	5	45	11	5	174	1
TGFB1I1	397	8	38	142	20	20	894	0
SLC5A2	2	0	0	1	0	0	9	0
C16orf58	223	20	14	117	16	12	498	2
AHSP	0	0	1	2	0	0	1	0
ZNF720	386	81	22	339	60	46	912	10
ZNF267	104	41	14	148	29	14	238	3
IGHV1OR16-1	0	0	0	0	0	0	0	0
IGHV1OR16-3	0	0	0	0	0	0	0	0
IGHV3OR16-9	0	0	0	0	0	0	0	0
TP53TG3D	0	0	0	0	0	0	0	0
TP53TG3	0	0	0	0	0	0	0	0
IGHV2OR16-5	0	0	0	0	0	0	0	0
IGHV3OR16-15	0	0	0	0	0	0	0	0
IGHV3OR16-6	0	0	0	0	0	0	0	0
IGHV1OR16-2	0	0	0	0	0	0	0	0
IGHV3OR16-10	0	0	0	0	0	0	0	0
IGHV1OR16-4	0	0	0	0	0	0	0	0
IGHV3OR16-8	0	0	0	0	0	0	0	0
TP53TG3C	0	0	0	0	0	0	0	0
TP53TG3E	0	0	0	0	0	0	0	0
TP53TG3B	0	0	0	0	0	0	0	0
TP53TG3F	0	0	0	0	0	0	0	0
IGHV3OR16-12	0	0	0	0	0	0	0	0
IGHV3OR16-13	0	0	0	0	0	0	0	0
AC136428.1	0	0	0	0	0	0	0	0
IGHV3OR16-11	0	0	0	0	0	0	0	0
IGHV3OR16-7	0	0	0	0	0	0	0	0
SHCBP1	220	47	8	180	41	29	438	6
VPS35	1981	247	140	1088	222	155	3830	39
ORC6	1813	331	131	1136	218	141	3724	53
MYLK3	295	18	7	263	29	16	465	2
C16orf87	989	149	59	573	96	81	1705	26
GPT2	250	31	31	207	26	30	599	3
DNAJA2	1725	215	154	859	148	156	3600	32
NETO2	542	120	22	578	128	74	1215	26
ITFG1	612	315	34	1835	267	206	1139	59
PHKB	694	192	40	969	138	122	1383	36
ABCC12	31	0	3	9	0	0	2	0
ABCC11	0	0	0	2	1	2	3	0
LONP2	536	139	27	719	124	104	1165	22
SIAH1	441	121	22	515	102	66	953	19
N4BP1	606	115	33	600	83	87	1062	22
CBLN1	22	4	2	22	8	0	134	3
C16orf78	1	0	0	2	0	0	3	0
ZNF423	157	192	8	1474	162	82	382	35
CNEP1R1	159	22	14	98	22	13	365	4
HEATR3	148	37	10	135	17	14	305	5
TENT4B	215	72	34	250	39	30	427	4
ADCY7	54	13	2	77	12	7	164	5
BRD7	1864	392	134	1503	273	160	4354	60
NKD1	572	187	8	1720	223	62	1426	39
SNX20	0	0	0	1	0	0	0	0
NOD2	2	1	1	4	0	0	10	1
CYLD	221	23	15	163	21	24	409	3
SALL1	192	112	14	340	40	20	475	12
HNRNPA1P48	539	61	34	292	45	43	1142	12
TOX3	120	48	5	323	53	44	367	15
AC007906.2	141	8	5	174	11	13	214	3
CHD9	2868	706	68	3920	660	538	5687	122
RBL2	188	77	11	277	53	36	376	18
AKTIP	112	8	15	55	9	7	255	2
RPGRIP1L	361	62	16	250	56	45	672	12
FTO	334	218	12	1180	199	178	672	42
IRX3	519	67	14	370	61	26	971	23
IRX5	81	13	1	36	10	5	164	4
IRX6	5	0	0	0	0	0	1	0
MMP2	2901	231	86	1319	147	88	4811	26
LPCAT2	166	88	11	377	64	67	326	12
CAPNS2	1	0	0	1	0	1	1	0
SLC6A2	23	3	2	18	2	1	72	0
CES1	11	5	2	16	2	2	10	2
CES5A	0	0	0	0	0	0	0	0
GNAO1	10	4	6	69	7	3	27	2
AMFR	335	50	21	202	36	33	639	7
NUDT21	1128	186	109	801	144	96	2181	36
OGFOD1	558	74	43	291	53	43	1023	16
BBS2	195	28	14	112	25	10	416	12
MT4	0	0	0	0	0	0	1	0
MT3	5	0	2	19	1	0	44	1
MT2A	1639	67	208	657	29	84	2418	6
MT1E	717	31	115	105	11	38	711	5
MT1M	2	0	29	3	0	1	7	0
MT1A	11	0	1	1	0	1	3	0
MT1B	0	0	1	0	0	0	0	0
MT1F	34	6	116	11	1	5	30	0
MT1G	122	10	563	66	8	14	165	1
MT1H	72	7	381	33	7	8	104	2
MT1X	480	80	547	245	34	37	709	7
NUP93	695	131	56	654	100	62	1431	29
SLC12A3	1	0	0	1	0	0	4	0
HERPUD1	704	69	51	363	45	32	1621	12
CETP	0	0	0	0	0	1	5	0
NLRC5	6	3	3	3	1	0	2	0
CPNE2	534	35	19	182	26	16	938	6
FAM192A	1021	186	82	697	122	95	2031	22
RSPRY1	1019	92	42	510	82	104	1783	19
ARL2BP	1847	96	87	636	94	105	3193	30
PLLP	137	5	7	45	7	6	248	2
CCL22	1	0	0	0	0	0	0	0
CX3CL1	8	0	0	5	0	1	20	0
CCL17	0	0	0	1	0	0	0	0
CIAPIN1	1098	127	115	550	115	69	2251	29
COQ9	583	49	40	260	39	23	1166	10
POLR2C	1596	190	104	727	127	106	3425	29
DOK4	2522	234	103	980	159	116	5262	37
CCDC102A	488	39	13	217	34	16	886	10
ADGRG5	1	2	0	4	0	2	6	0
ADGRG1	4	3	0	15	1	3	18	0
ADGRG3	0	0	1	4	1	0	8	0
DRC7	4	1	0	24	0	1	6	2
KATNB1	188	18	33	122	12	10	357	7
KIFC3	192	30	10	184	33	17	312	4
CNGB1	2	0	0	2	0	0	0	0
TEPP	47	1	2	26	3	4	57	1
ZNF319	45	4	4	12	2	3	76	0
USB1	755	78	64	327	47	28	1360	12
MMP15	437	41	40	272	32	8	858	7
CFAP20	958	87	50	439	65	43	1891	23
CSNK2A2	1563	198	100	1163	151	110	2844	41
CCDC113	173	46	10	201	41	18	406	13
PRSS54	0	0	0	2	1	0	0	0
GINS3	146	17	12	90	37	11	297	7
NDRG4	65	7	10	91	4	3	129	3
SETD6	158	15	19	74	13	10	300	2
CNOT1	733	177	54	864	159	118	1424	45
SLC38A7	222	23	18	106	22	14	387	5
GOT2	925	123	90	521	85	68	1755	22
CDH8	39	21	5	356	23	13	121	10
CDH11	2957	1279	48	6704	1271	518	6235	193
CDH5	3	0	0	5	0	0	3	0
BEAN1	6	1	1	11	0	2	7	0
TK2	97	17	8	60	10	4	229	2
CKLF	731	112	25	429	79	75	1362	25
CMTM1	3	18	1	70	14	19	5	5
CMTM2	4	0	0	2	1	1	4	0
CMTM3	997	103	62	330	83	57	2198	30
CMTM4	160	60	19	292	49	29	306	14
DYNC1LI2	1366	231	80	878	146	147	2754	44
TERB1	0	2	0	2	1	1	0	1
NAE1	2246	355	120	1197	303	145	4129	52
CA7	0	0	2	0	0	0	3	0
PDP2	96	11	10	47	7	5	199	2
CDH16	0	0	0	0	0	0	0	0
RRAD	65	0	2	22	0	0	107	0
CIAO2B	3260	308	240	1473	269	193	6328	53
CES2	392	32	20	100	19	13	728	8
CES3	8	2	0	4	0	1	28	0
CES4A	36	0	0	5	0	0	53	0
CBFB	413	131	22	554	119	61	803	40
C16orf70	129	24	11	130	23	12	276	1
B3GNT9	63	4	6	16	1	2	190	1
TRADD	117	5	9	32	4	6	208	2
FBXL8	24	0	2	11	0	0	59	0
HSF4	5	0	2	1	0	0	4	0
NOL3	136	8	8	83	9	7	344	3
KIAA0895L	150	25	11	105	15	16	388	6
EXOC3L1	3	0	2	7	0	0	20	0
E2F4	667	54	65	204	37	21	1307	5
ELMO3	22	2	4	8	0	2	44	0
LRRC29	27	4	0	21	3	4	46	1
TMEM208	1809	187	138	788	111	105	3318	27
FHOD1	161	19	15	41	12	13	341	2
SLC9A5	9	3	0	33	8	5	49	1
PLEKHG4	19	3	9	7	7	0	92	0
KCTD19	1	6	0	6	2	4	4	0
LRRC36	1	4	0	5	0	1	4	0
TPPP3	10	3	1	20	2	0	25	0
ZDHHC1	33	8	4	50	14	10	73	2
HSD11B2	12	8	3	10	2	3	39	0
ATP6V0D1	1166	87	72	601	80	54	2136	12
AGRP	2	0	0	0	1	0	2	0
RIPOR1	227	35	12	99	15	17	459	6
CTCF	1327	262	93	1150	235	134	2632	55
CARMIL2	4	2	5	12	1	0	15	0
ACD	314	33	35	142	31	19	655	9
PARD6A	9	2	20	9	2	2	35	0
ENKD1	197	22	4	72	14	13	317	1
C16orf86	73	7	8	28	2	1	113	1
GFOD2	325	63	24	209	55	34	628	16
RANBP10	127	58	5	327	53	28	248	7
TSNAXIP1	18	0	3	22	2	5	52	1
CENPT	457	43	35	198	33	33	989	8
THAP11	700	69	61	282	51	45	1433	8
NUTF2	3702	382	247	1446	320	225	7390	77
EDC4	314	21	25	105	23	19	585	2
NRN1L	35	6	13	11	2	3	42	0
PSKH1	228	21	11	144	30	15	391	6
CTRL	3	2	0	1	0	2	2	0
PSMB10	149	47	22	172	42	26	303	3
LCAT	63	4	3	17	2	5	102	0
SLC12A4	276	20	21	101	15	9	414	2
DPEP3	104	4	50	4	9	2	264	0
DPEP2	1	0	0	1	0	0	2	0
DUS2	172	34	16	124	30	6	293	8
DPEP2NB	0	0	0	0	0	0	0	0
DDX28	202	10	15	96	14	7	439	1
NFATC3	433	167	33	592	131	62	985	26
ESRP2	24	4	12	4	1	2	30	0
PLA2G15	157	7	10	52	5	5	318	0
SLC7A6	213	55	10	242	42	27	315	5
SLC7A6OS	341	63	36	269	48	40	790	8
PRMT7	324	44	22	253	45	33	695	10
SMPD3	2	1	0	3	0	1	4	0
ZFP90	345	77	20	310	50	46	673	13
CDH3	974	80	52	591	107	86	2059	17
CDH1	295	33	64	154	35	41	466	0
TANGO6	77	55	8	305	64	53	169	9
HAS3	7	3	16	4	0	1	15	0
CHTF8	25	3	0	20	4	1	47	0
DERPC	0	0	0	1	0	0	1	0
UTP4	303	55	36	288	47	30	582	9
SNTB2	358	88	28	379	75	59	666	16
VPS4A	881	88	74	420	92	66	1528	20
COG8	167	26	16	88	33	17	421	3
PDF	5	5	0	11	0	1	11	1
NIP7	962	106	102	437	78	68	1907	16
TMED6	4	1	2	7	0	0	4	1
TERF2	434	76	21	310	59	43	844	6
CYB5B	1345	171	71	689	140	109	2624	31
NFAT5	740	339	37	1822	260	251	1277	46
NQO1	386	20	83	230	16	37	593	13
NOB1	973	104	91	468	61	53	1818	9
WWP2	109	80	10	448	79	46	233	6
CLEC18A	1	0	1	1	1	0	9	0
PDPR	203	54	22	174	31	23	605	11
CLEC18C	1	0	0	0	0	1	1	0
EXOSC6	720	101	63	431	81	67	1505	14
AARS	622	98	103	391	71	41	1244	5
DDX19B	265	59	10	242	38	27	527	11
DDX19A	388	68	29	339	54	32	733	14
ST3GAL2	391	74	24	476	68	49	764	11
FCSK	28	9	1	32	6	3	78	1
COG4	567	61	35	310	72	37	1122	8
SF3B3	1011	136	74	777	119	82	2078	29
IL34	4	5	4	8	0	3	17	4
MTSS2	64	15	2	73	21	15	116	3
VAC14	254	48	28	235	54	27	494	8
HYDIN	4	5	0	52	2	7	17	0
CMTR2	185	25	14	112	14	14	350	2
CALB2	156	4	11	73	2	0	113	0
TLE7	0	1	0	1	0	0	0	0
ZNF23	8	26	0	109	15	10	28	3
ZNF19	42	14	2	80	15	4	114	1
CHST4	1	1	3	8	1	0	5	0
TAT	0	0	0	0	0	0	0	0
MARVELD3	17	7	29	18	2	3	55	0
PHLPP2	107	48	9	225	37	25	180	9
AP1G1	391	109	22	558	93	81	807	17
ATXN1L	151	11	8	73	11	13	343	2
IST1	953	171	72	897	146	103	1932	34
ZNF821	234	58	16	281	54	34	589	6
PKD1L3	0	2	0	46	5	4	1	2
DHODH	189	44	17	118	19	12	459	2
TXNL4B	185	184	9	1674	14	34	336	3
HP	2	0	0	3	0	1	16	1
HPR	20	94	0	231	1	6	46	0
DHX38	570	82	34	442	52	45	1128	14
PMFBP1	4	9	0	62	13	5	17	5
ZFHX3	768	182	10	667	150	157	1368	29
PSMD7	3966	493	379	2276	416	237	7654	72
NPIPB15	46	3	5	17	2	2	50	0
CLEC18B	3	0	0	5	0	0	1	1
GLG1	1513	308	132	1486	227	217	2907	55
RFWD3	315	104	18	394	92	55	577	23
MLKL	7	0	2	8	0	0	11	0
FA2H	3	3	3	1	0	1	4	0
WDR59	353	80	31	434	80	61	650	16
ZNRF1	1065	219	82	986	210	108	2229	28
LDHD	9	2	12	5	0	0	12	0
ZFP1	109	25	4	105	18	13	254	6
CTRB2	0	0	0	0	0	0	0	0
CTRB1	0	0	0	2	0	0	1	0
BCAR1	768	63	59	322	72	41	1336	8
CFDP1	2728	582	167	2278	381	332	6246	103
TMEM170A	653	102	58	395	66	49	1225	22
CHST6	29	13	3	29	10	4	86	4
CHST5	0	1	0	4	0	0	1	0
TMEM231	106	31	7	99	19	16	259	3
GABARAPL2	3328	305	257	1354	245	190	6709	43
ADAT1	243	44	16	156	27	21	455	12
KARS	1273	142	86	610	124	67	2435	21
TERF2IP	1608	171	56	710	203	135	3027	42
AC025287.4	0	0	0	6	0	0	3	0
DUXB	0	0	0	0	0	0	0	0
CPHXL	4	1	0	0	2	2	4	0
CNTNAP4	13	48	0	159	24	36	46	13
MON1B	244	26	19	167	30	23	537	7
SYCE1L	128	24	5	69	13	8	240	3
ADAMTS18	402	273	12	1023	309	179	803	42
NUDT7	171	34	10	85	17	17	372	2
VAT1L	175	85	8	175	48	47	314	11
CLEC3A	0	0	0	0	0	0	4	0
WWOX	222	771	13	4591	799	584	515	179
MAF	1115	36	18	207	59	49	1434	6
DYNLRB2	14	4	0	17	2	3	28	0
CDYL2	18	15	4	64	9	8	57	0
CMC2	1211	170	117	774	178	93	2473	33
CENPN	584	169	65	532	146	64	1952	20
ATMIN	596	67	42	315	68	43	1214	6
C16orf46	11	24	0	76	18	14	28	1
GCSH	206	469	18	2047	419	310	383	70
BCO1	7	4	0	21	3	1	22	0
GAN	56	51	8	235	42	26	117	10
CMIP	574	231	25	1205	271	145	1136	41
PLCG2	16	21	0	148	26	18	49	4
SDR42E1	1	0	0	14	0	0	2	0
HSD17B2	7	1	0	11	3	2	55	1
MPHOSPH6	723	125	64	473	85	56	1500	15
CDH13	36	38	6	296	47	23	67	9
HSBP1	7643	929	682	4052	675	466	15341	144
MLYCD	243	28	22	208	29	16	470	2
OSGIN1	7	2	4	4	0	0	18	0
NECAB2	72	10	10	42	5	2	128	4
SLC38A8	2	1	0	6	1	0	7	0
MBTPS1	690	123	44	476	61	73	1379	20
HSDL1	365	66	26	261	40	28	900	21
DNAAF1	5	0	0	4	1	2	10	0
TAF1C	154	13	17	69	8	5	321	4
ADAD2	0	0	1	0	0	0	1	0
KCNG4	0	0	0	0	0	0	0	0
WFDC1	57	0	4	8	1	3	212	1
ATP2C2	1	2	0	6	1	1	5	0
MEAK7	216	35	13	115	23	22	451	7
COTL1	1282	248	110	759	141	97	2317	26
KLHL36	185	16	7	57	4	11	339	1
USP10	974	243	105	1100	213	155	2103	34
CRISPLD2	322	14	12	83	20	36	586	6
ZDHHC7	366	49	25	196	33	25	792	4
KIAA0513	41	12	0	38	7	4	115	2
FAM92B	0	0	0	1	0	0	1	0
GSE1	380	247	32	925	137	98	717	43
GINS2	1246	183	63	549	133	99	2562	38
C16orf74	216	33	12	113	28	23	594	7
EMC8	952	131	96	551	106	69	1927	14
COX4I1	12179	1383	1279	6173	996	786	25950	224
IRF8	0	0	0	3	0	0	6	0
FOXF1	632	39	1	217	42	22	1142	2
MTHFSD	105	23	5	88	14	13	253	5
FOXC2	50	2	4	72	0	1	60	1
FOXL1	10	0	0	2	0	0	8	0
C16orf95	16	16	2	89	22	16	36	6
FBXO31	61	15	2	110	10	11	125	3
MAP1LC3B	1851	200	188	1126	149	116	3578	31
ZCCHC14	188	53	17	225	59	31	363	7
JPH3	58	9	9	50	12	6	152	2
KLHDC4	188	39	17	181	37	31	357	5
SLC7A5	184	31	42	251	17	25	441	6
CA5A	0	0	0	0	0	0	0	0
BANP	286	62	25	342	68	56	558	8
ZNF469	68	2	1	13	1	2	108	0
ZFPM1	568	62	48	285	54	51	1274	13
ZC3H18	885	127	70	649	118	86	1814	33
IL17C	0	0	0	0	0	0	1	0
CYBA	5060	470	396	1279	230	324	9322	54
MVD	1048	106	60	419	95	66	2244	20
SNAI3	4	8	6	46	11	7	1	1
RNF166	266	37	25	114	17	13	548	4
CTU2	287	28	29	104	16	14	507	4
PIEZO1	152	16	12	48	5	11	236	4
CDT1	799	110	108	273	68	49	1336	15
APRT	4528	669	579	2372	402	299	9394	93
GALNS	205	14	15	84	13	9	377	4
TRAPPC2L	2731	235	150	829	132	208	4457	49
PABPN1L	1	0	0	0	0	0	0	0
CBFA2T3	13	3	1	14	3	2	68	1
ACSF3	223	36	17	112	34	18	473	3
CDH15	13	0	2	11	2	0	43	0
SLC22A31	10	2	5	2	1	2	39	1
ZNF778	109	25	9	84	11	7	246	2
ANKRD11	3662	579	234	2774	479	387	7342	124
SPG7	980	134	52	696	116	95	2061	26
RPL13	99603	10317	7182	42967	7423	5831	204686	1636
CPNE7	33	1	4	9	2	1	87	0
DPEP1	117	3	3	16	2	4	319	0
CHMP1A	716	75	54	277	46	35	1311	5
SPATA33	412	57	19	172	40	23	951	9
CDK10	383	44	32	175	25	27	800	7
SPATA2L	55	2	6	36	1	3	161	4
VPS9D1	106	18	9	82	14	12	180	5
ZNF276	150	17	9	60	10	12	310	2
FANCA	246	74	18	317	76	37	581	18
SPIRE2	84	17	5	64	15	8	207	2
TCF25	3105	268	165	1164	196	179	5825	47
MC1R	40	0	4	14	2	3	52	0
TUBB3	7	169	2	616	135	100	14	46
DEF8	1202	132	74	669	117	62	2178	12
CENPBD1	122	7	8	67	13	1	245	2
DBNDD1	55	5	23	21	4	5	113	0
GAS8	80	5	13	25	10	5	256	5
PRDM7	0	0	0	0	0	0	0	0
SCGB1C2	0	0	0	0	0	0	0	0
DOC2B	2	4	0	41	4	0	4	1
RPH3AL	4	27	0	54	15	6	27	1
C17orf97	103	19	12	70	2	4	280	3
RFLNB	689	39	68	48	33	30	814	13
VPS53	378	99	17	687	93	75	618	27
TLCD3A	305	27	29	86	15	11	508	9
GEMIN4	239	28	15	129	18	23	515	6
GLOD4	1311	170	97	657	114	112	2600	23
MRM3	262	27	20	179	21	22	509	4
NXN	1985	606	106	3341	499	416	3357	124
TIMM22	8	78	1	320	81	64	11	26
ABR	12	42	0	223	47	27	22	10
BHLHA9	0	0	0	0	0	0	0	0
TRARG1	0	0	0	4	0	0	0	0
YWHAE	444	1512	23	6364	1185	802	974	255
CRK	13	92	2	501	90	66	22	18
MYO1C	540	36	33	149	22	18	946	5
INPP5K	107	18	12	81	7	5	247	0
PITPNA	649	113	42	628	110	79	1134	9
SLC43A2	12	13	1	66	8	9	26	1
SCARF1	0	0	0	16	0	0	0	1
RILP	1	7	2	36	3	6	10	1
PRPF8	489	169	37	959	153	124	908	27
TLCD2	0	6	0	29	2	3	0	0
WDR81	11	6	3	73	6	6	20	1
SERPINF2	0	0	0	1	0	0	0	0
SERPINF1	1991	35	46	295	20	85	3590	10
SMYD4	246	47	22	166	23	20	429	10
RPA1	934	158	76	473	109	64	1787	18
RTN4RL1	3	14	0	8	0	1	9	1
DPH1	17	3	0	18	8	3	10	1
OVCA2	0	0	0	1	0	0	0	0
HIC1	93	9	5	15	5	2	87	4
SMG6	526	264	27	1438	225	163	1083	52
SRR	288	62	9	242	31	31	544	15
TSR1	884	121	66	458	82	56	1644	17
SGSM2	161	22	14	102	16	16	409	4
MNT	163	11	14	89	12	11	354	2
METTL16	376	153	36	699	120	81	739	22
PAFAH1B1	1591	386	96	1934	343	231	3288	66
CLUH	136	5	13	39	8	3	191	1
RAP1GAP2	11	11	19	63	9	8	22	1
OR1D5	0	0	0	0	0	0	0	0
OR1D2	0	0	0	0	0	0	1	0
OR1G1	0	0	0	0	0	0	1	0
OR1A2	0	0	0	0	0	0	0	0
OR1A1	0	0	0	1	0	0	0	0
OR3A2	0	0	0	1	0	0	1	0
OR3A1	0	0	0	0	0	0	1	0
AC087498.1	0	0	0	0	0	0	0	0
OR1E1	0	0	0	0	0	0	0	0
OR3A3	0	0	0	0	0	0	3	0
OR1E2	0	0	0	0	0	0	0	0
SPATA22	5	0	0	3	0	0	1	1
ASPA	0	0	0	0	0	0	2	0
TRPV3	18	2	1	17	2	2	46	0
TRPV1	22	15	2	66	16	9	82	2
SHPK	84	30	5	118	27	15	169	4
CTNS	194	9	21	115	11	15	309	2
TAX1BP3	998	109	42	536	95	66	1506	9
EMC6	2626	273	247	1206	206	172	4725	47
P2RX5	2	0	1	2	1	0	5	0
ITGAE	1415	206	68	754	158	121	2713	34
HASPIN	64	10	6	42	5	4	114	0
NCBP3	947	147	69	682	122	76	2017	30
CAMKK1	23	9	2	26	4	1	46	1
P2RX1	1	0	2	1	0	0	2	0
ATP2A3	2	0	2	4	4	1	24	0
ZZEF1	139	65	4	356	43	43	249	7
CYB5D2	153	25	16	128	20	15	312	4
ANKFY1	287	109	18	505	87	52	602	21
UBE2G1	499	235	66	1105	180	120	979	33
SPNS3	0	0	0	1	0	1	1	0
SPNS2	1	0	1	0	0	0	8	0
MYBBP1A	251	21	22	102	23	18	479	3
GGT6	1	1	0	0	0	0	4	0
SMTNL2	377	28	10	141	18	16	662	2
ALOX15	236	2	7	95	0	8	93	0
PELP1	976	132	87	577	116	53	1852	24
ARRB2	179	24	33	93	20	14	431	6
MED11	639	74	30	238	53	27	1109	9
CXCL16	10	0	4	1	0	0	22	0
ZMYND15	1	0	1	3	0	0	2	0
TM4SF5	0	0	0	0	0	0	1	0
VMO1	19	2	2	7	0	7	32	0
GLTPD2	6	1	0	3	2	0	4	0
PSMB6	6746	795	565	3343	591	473	12665	127
AC233723.1	12	3	0	11	1	2	30	0
PLD2	230	17	12	121	24	11	454	1
MINK1	213	47	12	194	30	18	433	8
CHRNE	15	3	3	25	3	2	28	2
C17orf107	37	1	2	7	3	0	71	0
GP1BA	7	1	0	6	0	0	9	1
SLC25A11	1536	162	170	643	111	84	2793	24
RNF167	857	93	114	366	47	41	1679	10
PFN1	20329	2093	2368	9340	1696	1203	37847	366
ENO3	188	16	72	178	15	11	710	9
SPAG7	2572	274	158	1188	210	154	4564	52
CAMTA2	75	8	7	44	11	12	152	1
INCA1	27	1	1	19	1	2	32	1
KIF1C	343	26	36	130	25	17	684	3
SLC52A1	1	1	0	1	3	0	1	0
ZFP3	18	7	2	13	6	3	38	1
ZNF232	147	33	16	99	25	13	471	3
USP6	2	0	0	6	1	0	1	1
ZNF594	64	21	4	107	15	11	128	3
SCIMP	4	2	0	20	1	1	14	2
RABEP1	798	155	55	851	152	99	1494	18
NUP88	503	111	41	481	95	55	955	18
RPAIN	1870	240	158	1035	210	121	4551	31
C1QBP	7048	701	709	3191	555	381	12765	117
DHX33	513	65	35	316	48	43	852	23
DERL2	1434	94	79	540	112	88	2669	17
MIS12	363	56	17	284	59	39	743	9
NLRP1	13	2	0	7	2	0	11	0
AC055839.2	12	1	1	9	1	1	19	1
WSCD1	10	6	4	16	1	0	29	0
AIPL1	1	0	0	7	0	1	2	0
PIMREG	376	117	66	207	69	46	1077	25
PITPNM3	6	5	1	20	3	1	25	1
KIAA0753	122	52	12	237	45	29	273	9
AC004706.3	7	0	0	2	1	1	13	2
TXNDC17	4580	473	366	1963	366	270	9098	74
MED31	728	77	22	342	66	51	1209	9
C17orf100	44	11	1	22	4	5	148	0
SLC13A5	9	3	0	6	0	0	25	0
XAF1	58	6	1	24	5	1	25	0
FBXO39	0	0	0	7	0	0	0	0
TEKT1	0	2	0	3	0	1	2	0
ALOX12	14	0	1	15	2	1	21	1
RNASEK	108	935	5	3155	484	330	222	99
C17orf49	132	428	8	1137	208	119	300	42
BCL6B	16	1	0	13	1	0	66	0
SLC16A13	23	7	0	13	3	2	44	0
SLC16A11	7	2	0	7	0	1	15	0
CLEC10A	3	0	0	3	0	0	0	0
ASGR2	26	1	0	5	0	1	19	0
ASGR1	186	21	6	84	12	11	491	4
DLG4	177	27	6	106	18	15	300	4
ACADVL	1670	94	124	444	52	84	2879	18
DVL2	543	43	36	208	39	35	1139	14
PHF23	1192	100	61	457	65	62	2307	27
GABARAP	178	939	7	3717	692	519	314	140
CTDNEP1	1934	145	176	697	108	78	3755	17
ELP5	781	94	55	337	73	45	3134	12
CLDN7	68	33	215	109	7	5	122	7
SLC2A4	24	3	5	6	0	1	42	1
YBX2	12	4	8	23	3	0	47	1
EIF5A	7930	794	732	3250	491	457	13854	144
GPS2	294	79	17	437	70	54	616	17
NEURL4	80	9	7	34	3	6	147	1
ACAP1	56	7	10	24	4	5	105	0
KCTD11	69	4	2	25	0	4	142	1
TMEM95	0	0	0	0	0	0	0	0
TNK1	19	1	1	16	5	1	74	0
PLSCR3	2	14	0	101	11	16	6	2
TMEM256	2471	392	210	1388	207	165	4528	48
NLGN2	187	30	12	122	26	17	418	5
SPEM1	0	0	0	0	0	0	0	0
SPEM2	0	0	1	1	0	0	0	0
SPEM3	0	0	0	0	0	0	0	0
TMEM102	39	0	10	29	3	1	90	0
FGF11	60	7	5	51	6	8	239	2
CHRNB1	115	13	7	77	12	3	329	0
ZBTB4	128	20	7	141	21	17	300	3
SLC35G6	0	0	0	0	0	0	2	0
POLR2A	1416	181	128	810	154	131	2808	27
TNFSF12	118	4	5	40	10	6	258	2
TNFSF13	0	2	0	7	2	0	0	0
SENP3	48	25	3	81	12	10	168	7
EIF4A1	4611	2599	262	9828	1763	1322	8542	429
CD68	54	3	3	3	1	0	67	0
MPDU1	1055	99	67	366	72	61	1876	18
SOX15	26	4	17	10	0	2	90	0
FXR2	357	27	21	129	16	20	663	4
SHBG	49	7	4	31	5	1	71	0
SAT2	2068	166	171	798	111	84	3984	40
ATP1B2	102	11	12	57	10	2	360	3
TP53	592	71	46	255	61	33	1308	13
WRAP53	347	35	27	204	46	28	745	10
EFNB3	991	65	25	332	57	41	1873	7
DNAH2	488	26	12	349	48	21	762	6
KDM6B	1213	98	54	536	97	63	2605	17
TMEM88	17570	1426	232	7766	1439	1020	37461	167
NAA38	2451	397	135	1098	238	186	5086	61
CYB5D1	1773	79	15	992	190	90	3334	10
CHD3	1548	110	27	595	142	86	2761	23
RNF227	43	1	0	15	4	0	77	0
KCNAB3	54	7	1	11	3	5	128	1
TRAPPC1	3496	342	252	1650	245	197	6943	47
CNTROB	116	13	9	63	13	13	234	4
GUCY2D	8	2	0	6	1	0	26	0
ALOX15B	126	2	0	6	3	5	392	0
ALOX12B	0	1	0	1	0	0	3	0
ALOXE3	0	0	0	0	0	0	1	0
HES7	8	4	3	64	9	0	76	2
PER1	119	17	8	69	5	11	269	1
VAMP2	966	73	55	272	58	43	2359	9
TMEM107	342	49	18	243	38	22	804	18
BORCS6	127	4	11	53	5	6	227	2
AURKB	887	139	108	471	122	81	1978	23
CTC1	35	18	5	51	5	7	69	2
PFAS	283	68	35	214	48	23	582	12
SLC25A35	40	6	4	20	3	2	75	0
RANGRF	750	102	81	348	75	45	1599	6
ARHGEF15	2	1	0	5	0	0	7	0
ODF4	0	0	0	1	0	0	0	0
KRBA2	46	24	2	74	13	15	109	3
RPL26	18591	6712	1602	29775	4574	3716	37395	1024
RNF222	1	2	0	1	0	0	1	0
NDEL1	254	50	17	277	38	42	415	13
MYH10	4560	721	200	3634	636	504	8111	148
CCDC42	33	1	0	5	0	2	46	0
SPDYE4	0	0	0	0	0	0	0	0
MFSD6L	0	0	1	0	0	0	1	0
PIK3R6	0	1	0	1	1	0	1	0
PIK3R5	14	1	0	24	0	0	56	2
NTN1	14	34	3	183	8	0	64	29
STX8	881	245	45	1260	167	110	1926	30
CFAP52	2	2	0	4	2	0	1	0
USP43	6	11	4	30	8	4	17	2
DHRS7C	0	0	0	0	0	0	0	2
GSG1L2	0	1	0	0	1	0	0	0
GLP2R	2	1	0	2	0	0	4	0
RCVRN	1	1	0	0	0	0	1	0
GAS7	192	59	8	273	49	98	309	16
MYH13	0	0	0	1	0	0	1	0
MYH8	4	0	0	1	0	0	1	0
MYH4	0	0	0	0	0	0	3	0
MYH1	0	0	0	0	0	0	0	0
MYH2	0	0	2	0	0	0	1	0
MYH3	9	1	1	12	2	2	10	1
SCO1	807	109	68	421	69	52	1593	11
ADPRM	93	22	5	81	10	13	199	1
TMEM220	170	31	17	138	23	14	446	6
TMEM238L	0	0	0	1	0	0	1	0
PIRT	1	0	0	0	0	0	0	0
SHISA6	32	136	1	590	68	37	66	40
DNAH9	17	12	0	41	10	6	37	0
ZNF18	48	7	2	43	8	3	106	1
MAP2K4	414	210	32	1172	171	153	732	39
MYOCD	96	33	31	398	56	9	188	5
ARHGAP44	347	107	10	901	213	208	408	19
ELAC2	462	55	58	209	42	21	934	11
HS3ST3A1	342	326	21	2853	350	100	827	65
COX10	186	65	26	335	73	42	457	15
CDRT15	0	0	0	0	0	0	0	0
HS3ST3B1	65	26	0	151	29	20	193	8
PMP22	1946	139	53	1218	244	106	3114	21
TEKT3	0	1	1	4	2	0	2	0
CDRT4	4	43	0	234	51	37	11	12
TVP23C	57	100	5	491	98	65	139	11
CDRT1	0	0	0	1	1	1	0	0
TRIM16	157	48	5	175	21	24	362	3
ZNF286A	122	144	12	456	102	63	253	20
TBC1D26	0	0	0	1	0	0	0	0
ADORA2B	130	15	3	24	4	12	132	1
ZSWIM7	1036	205	70	695	128	122	2081	36
TTC19	862	175	87	701	120	90	1654	41
NCOR1	1754	391	116	1935	337	226	3761	69
PIGL	140	95	11	445	92	52	355	17
CENPV	3281	639	139	2147	516	333	8072	103
UBB	17748	1751	887	9117	1423	1173	32838	301
TRPV2	254	10	6	162	14	17	318	1
LRRC75A	1010	68	68	276	41	38	1737	11
ZNF287	64	15	3	51	12	8	180	2
ZNF624	66	13	2	69	11	11	112	4
CCDC144A	0	7	0	30	3	5	5	2
TNFRSF13B	3	0	0	5	0	0	18	0
MPRIP	659	93	31	473	89	55	1317	18
PLD6	1	0	0	2	0	0	8	0
FLCN	144	13	16	95	13	6	270	4
COPS3	1682	193	121	821	160	115	3193	35
NT5M	153	20	16	62	16	11	294	3
MED9	173	29	17	115	19	22	371	3
RASD1	122	6	14	25	2	5	162	0
PEMT	751	117	45	433	94	49	1655	20
RAI1	184	66	12	254	60	40	386	15
SREBF1	217	35	11	129	26	14	390	7
TOM1L2	129	31	10	276	45	21	260	7
DRC3	23	10	0	32	2	4	71	3
ATPAF2	256	31	22	129	24	19	525	6
GID4	154	23	17	84	9	6	325	3
DRG2	523	74	53	325	50	32	1158	10
MYO15A	6	2	0	15	1	3	24	1
ALKBH5	813	76	83	318	48	50	1819	14
LLGL1	299	35	5	112	21	7	254	2
FLII	917	57	53	263	40	57	1599	5
MIEF2	194	10	13	75	10	6	413	1
TOP3A	533	98	29	471	88	72	1065	18
SMCR8	92	9	10	56	10	7	210	0
SHMT1	376	71	16	256	57	49	691	9
EVPLL	0	0	1	1	0	1	1	0
LGALS9C	0	0	0	1	0	0	0	0
TBC1D28	0	0	0	0	0	0	0	0
FOXO3B	74	22	4	58	14	13	129	3
TRIM16L	58	13	5	38	7	11	106	0
FBXW10	0	1	0	1	0	0	0	0
TVP23B	135	34	6	192	33	30	239	5
PRPSAP2	696	105	46	531	91	74	1488	21
SLC5A10	0	1	1	5	0	1	1	0
FAM83G	36	2	12	13	1	2	72	0
GRAP	4	2	1	4	0	0	9	0
GRAPL	0	0	0	2	3	0	0	0
EPN2	498	182	19	870	146	127	892	25
B9D1	417	65	41	229	33	42	800	13
MAPK7	308	24	20	123	27	18	686	4
MFAP4	3782	92	110	614	90	68	7705	19
RNF112	64	0	1	7	3	2	65	0
SLC47A1	151	14	2	53	11	6	247	1
ALDH3A2	529	50	44	212	39	43	1102	8
SLC47A2	2	1	0	3	0	0	6	0
ALDH3A1	0	0	0	0	0	0	8	0
ULK2	250	51	7	233	46	40	356	12
AKAP10	164	80	11	535	94	52	372	17
SPECC1	999	155	55	846	137	111	1916	32
LGALS9B	0	0	0	0	0	0	0	0
CDRT15L2	0	0	0	0	3	0	0	0
CCDC144NL	1	17	0	73	4	11	3	2
USP22	1694	323	134	1655	316	196	3283	69
DHRS7B	462	108	29	590	96	59	984	12
TMEM11	940	99	90	463	69	51	1892	16
NATD1	67	7	5	36	3	10	112	0
MAP2K3	270	29	24	98	23	24	461	3
KCNJ12	32	4	3	21	2	3	41	0
KCNJ18	0	0	0	0	0	0	0	1
MTRNR2L1	7	1	1	204	1	2	9	0
WSB1	1858	364	182	1571	248	211	5152	73
KSR1	277	68	7	517	74	82	417	7
LGALS9	22	1	1	13	2	4	24	0
NOS2	5	1	0	17	6	2	17	1
LYRM9	106	7	5	38	6	5	254	2
NLK	182	227	15	936	185	128	359	24
TMEM97	1642	232	100	897	185	129	3618	46
IFT20	1047	92	57	465	65	58	1941	12
TNFAIP1	287	27	10	131	29	21	493	1
POLDIP2	1126	93	105	390	62	48	2055	13
TMEM199	513	53	28	224	33	26	811	5
SEBOX	0	0	0	0	0	0	0	0
SARM1	71	10	1	125	24	15	114	3
VTN	232	4	4	100	8	21	326	3
SLC46A1	64	3	5	10	4	5	104	0
AC005726.1	9	14	1	49	9	8	43	3
SLC13A2	1	0	0	0	2	0	0	0
FOXN1	1	0	0	0	0	0	3	0
UNC119	670	54	50	280	49	31	1593	7
PIGS	418	31	28	160	35	25	856	5
ALDOC	169	20	17	111	18	6	490	1
SPAG5	385	55	32	166	38	24	776	10
RSKR	61	4	1	28	6	6	104	0
KIAA0100	400	71	18	282	44	41	692	9
SDF2	1201	141	80	602	81	85	2380	21
SUPT6H	904	78	61	553	117	86	1674	20
PROCA1	122	25	16	69	6	3	244	3
RAB34	4073	342	261	1312	259	225	7815	40
RPL23A	28306	4147	1895	16901	2973	2426	54750	726
TLCD1	188	18	38	97	22	14	423	0
NEK8	116	11	12	41	11	6	223	1
TRAF4	1203	83	108	432	66	49	2201	24
FAM222B	393	149	58	827	148	90	707	23
ERAL1	656	84	53	320	71	37	1404	12
FLOT2	554	63	38	307	61	47	1024	8
DHRS13	196	19	14	74	8	13	349	2
PHF12	249	52	22	229	45	15	515	9
PIPOX	10	5	10	39	1	3	26	2
SEZ6	8	1	0	10	2	2	21	0
MYO18A	69	21	5	103	13	19	135	4
TIAF1	2	0	0	3	0	0	7	0
CRYBA1	5	1	0	3	0	0	20	0
NUFIP2	858	161	59	897	159	99	1774	27
TAOK1	822	246	60	1439	244	154	1682	53
ABHD15	21	2	4	6	1	2	31	0
TP53I13	872	67	46	328	46	38	1703	11
GIT1	300	37	17	151	24	13	564	7
ANKRD13B	25	4	2	7	2	4	67	1
CORO6	11	1	0	0	0	0	7	0
SSH2	193	193	9	1282	211	129	325	31
EFCAB5	3	4	0	21	1	3	6	0
NSRP1	1078	297	65	1167	171	157	2206	41
SLC6A4	2	0	0	3	0	1	2	0
BLMH	1113	145	63	568	93	83	2269	20
TMIGD1	0	0	0	0	0	0	0	0
CPD	267	83	28	350	41	45	604	21
GOSR1	966	165	73	832	117	94	1984	31
CRLF3	200	109	8	503	96	59	348	19
ATAD5	637	149	35	654	133	96	1351	32
TEFM	307	55	18	289	34	40	609	7
ADAP2	1	4	1	13	4	1	17	0
RNF135	201	22	10	108	25	9	335	5
NF1	710	456	35	2193	385	258	1397	90
OMG	0	11	0	58	12	7	3	3
EVI2B	2	10	0	32	5	6	0	1
EVI2A	1	0	0	3	3	0	2	0
RAB11FIP4	183	22	13	116	24	29	397	2
COPRS	2586	217	142	1012	190	164	4132	29
UTP6	943	126	73	623	88	66	1712	22
SUZ12	901	214	67	892	167	132	1811	40
LRRC37B	128	29	7	129	21	12	172	5
RHOT1	303	73	32	414	70	49	846	11
RHBDL3	7	9	3	26	5	2	12	2
C17orf75	455	89	50	328	88	38	1070	16
ZNF207	2475	308	165	1430	217	183	5298	53
PSMD11	2642	306	252	1403	273	194	4782	56
CDK5R1	58	10	3	37	3	3	123	2
MYO1D	409	266	7	2284	305	177	672	69
TMEM98	6792	457	132	2167	437	431	12839	78
SPACA3	21	0	0	5	1	1	21	0
ASIC2	10	18	1	338	29	5	8	15
CCL2	81	1	7	54	5	2	158	1
CCL7	0	0	0	0	0	0	0	0
CCL11	0	0	0	0	0	0	1	0
CCL8	0	0	0	0	0	0	0	0
CCL13	0	0	0	0	0	0	0	0
CCL1	0	0	0	0	0	0	0	0
TMEM132E	2	6	0	6	0	0	5	3
CCT6B	44	14	1	56	11	5	109	2
ZNF830	426	49	28	258	37	15	921	4
LIG3	430	76	31	318	52	56	862	10
RFFL	75	42	8	148	20	15	149	3
RAD51D	221	37	14	119	33	25	436	3
FNDC8	1	0	0	3	0	1	1	0
NLE1	213	29	30	94	24	15	430	4
UNC45B	4	0	4	7	0	0	5	0
SLC35G3	0	0	0	0	0	0	0	0
SLFN5	74	8	8	48	7	4	113	5
SLFN11	0	0	0	1	0	0	2	0
SLFN12	74	10	7	64	11	17	260	2
SLFN13	42	4	2	70	5	4	188	0
SLFN12L	0	0	0	3	0	0	0	0
SLFN14	0	0	0	0	0	0	0	0
PEX12	74	4	1	22	3	2	86	0
AP2B1	1340	210	81	1074	212	150	2416	30
TAF15	562	454	35	1904	393	255	1161	80
RASL10B	380	20	9	169	35	13	794	3
GAS2L2	0	0	0	1	0	0	1	0
MMP28	38	56	1	199	43	48	47	3
C17orf50	4	0	0	1	0	0	4	0
HEATR9	0	0	0	1	0	0	0	0
CCL5	0	0	0	1	3	0	0	0
RDM1	8	23	0	14	1	2	12	2
LYZL6	0	0	0	0	0	0	0	0
CCL16	0	0	0	0	0	0	0	0
CCL14	0	0	0	0	0	0	0	0
CCL15	0	0	0	0	0	0	0	0
CCL23	0	0	0	0	0	0	0	0
CCL18	0	0	0	1	0	0	0	0
CCL3	0	0	0	0	0	0	0	0
CCL4	0	0	0	0	0	0	0	0
TBC1D3B	1	0	0	0	0	0	0	0
CCL3L1	0	0	0	3	1	0	0	0
CCL4L2	0	0	0	0	0	0	0	0
TBC1D3I	0	1	0	0	0	0	0	0
TBC1D3G	0	0	0	0	0	0	0	0
TBC1D3H	0	0	0	0	0	0	0	0
TBC1D3F	0	0	0	0	0	0	0	0
ZNHIT3	8	192	0	937	127	96	19	29
MYO19	10	98	1	466	88	54	22	19
PIGW	1	14	0	64	9	12	1	2
GGNBP2	597	164	36	849	163	83	1186	38
DHRS11	5	26	1	86	17	9	13	4
MRM1	1	5	0	23	1	1	0	0
LHX1	7	84	2	295	28	12	25	47
AATF	415	142	32	685	126	75	902	36
ACACA	71	393	3	1728	384	245	149	66
C17orf78	0	4	0	13	3	0	0	0
TADA2A	91	58	4	324	52	31	139	12
DUSP14	0	41	0	209	19	28	0	13
SYNRG	170	112	16	520	88	77	415	21
DDX52	339	207	31	962	155	125	677	29
HNF1B	0	2	0	11	0	0	0	0
TBC1D3K	0	0	0	0	0	0	0	0
TBC1D3L	0	1	0	0	0	0	0	0
TBC1D3D	0	1	0	0	0	1	0	0
TBC1D3C	0	0	0	0	0	0	0	0
TBC1D3E	0	0	0	0	0	0	1	0
TBC1D3	0	0	0	0	0	1	0	0
MRPL45	68	111	4	489	78	60	97	14
GPR179	0	0	0	4	0	0	0	1
SOCS7	13	50	1	171	19	25	23	6
ARHGAP23	7	9	0	81	14	13	15	2
SRCIN1	1	9	0	15	4	2	1	5
EPOP	0	7	0	21	1	2	0	0
MLLT6	2	32	0	82	15	7	5	5
CISD3	49	47	4	159	52	34	80	9
PCGF2	22	107	5	369	62	37	54	10
PSMB3	4248	626	334	2727	440	317	8322	113
PIP4K2B	16	52	0	226	36	40	32	4
CWC25	118	63	6	240	45	23	258	9
C17orf98	0	0	0	3	0	0	1	0
RPL23	33563	3230	2526	15254	2208	1674	67998	528
LASP1	765	46	42	299	54	32	1311	12
LINC00672	26	2	16	21	2	2	164	1
FBXO47	0	0	0	0	0	0	0	0
PLXDC1	26	2	0	8	1	2	24	0
ARL5C	0	0	0	0	0	0	0	1
CACNB1	13	4	1	20	2	2	63	1
RPL19	63442	6813	4962	26011	4604	3610	127347	1057
STAC2	5	0	1	3	1	0	5	0
FBXL20	136	156	17	683	113	78	381	15
MED1	436	95	36	410	73	54	978	16
CDK12	853	162	71	732	133	91	1474	24
NEUROD2	0	0	0	0	0	0	4	0
PPP1R1B	11	3	3	20	0	1	41	1
STARD3	445	31	33	175	34	19	1085	9
TCAP	10	0	0	3	2	1	25	1
PNMT	14	3	2	12	0	0	33	0
PGAP3	70	11	5	62	5	6	180	5
ERBB2	478	51	26	228	32	36	1111	7
MIEN1	871	88	106	377	69	44	1827	20
GRB7	2	1	10	7	2	0	22	0
IKZF3	0	2	0	2	0	0	3	0
ZPBP2	0	0	0	0	0	0	0	0
GSDMB	22	7	1	46	8	7	45	0
ORMDL3	168	22	17	99	13	6	389	3
LRRC3C	0	0	0	0	0	0	0	0
GSDMA	2	0	0	4	0	1	6	0
PSMD3	1855	166	189	746	123	98	3582	34
CSF3	0	0	0	0	0	0	1	0
MED24	474	56	31	239	45	26	980	7
THRA	264	28	14	120	8	9	478	4
NR1D1	19	3	3	8	2	2	34	0
MSL1	601	61	30	253	47	51	1164	8
CASC3	555	84	45	402	79	56	1270	14
RAPGEFL1	30	9	1	31	5	5	66	0
WIPF2	396	69	20	364	77	52	803	9
CDC6	428	99	25	299	57	39	840	15
RARA	244	15	10	85	14	16	467	3
GJD3	0	2	0	0	0	0	3	0
TOP2A	3643	806	212	2189	517	339	7672	158
IGFBP4	1174	104	71	632	78	46	2424	26
TNS4	3	2	0	8	0	0	1	0
CCR7	1	1	6	3	0	0	2	0
SMARCE1	887	455	34	1852	348	287	2017	69
KRT222	48	2	0	22	3	3	100	0
KRT24	414	3	0	18	6	20	785	2
KRT25	0	0	0	0	0	0	0	0
KRT26	0	0	0	0	0	0	0	0
KRT27	0	0	0	0	0	0	1	0
KRT28	0	0	0	0	0	0	0	0
KRT10	3297	339	200	1340	271	185	7394	52
KRT12	0	0	0	0	0	0	0	0
KRT20	0	0	0	1	0	0	0	0
KRT23	0	0	0	5	0	1	1	0
KRT39	0	0	0	0	0	0	0	0
KRT40	0	0	0	1	0	0	0	0
KRTAP3-3	0	0	0	0	0	0	0	0
KRTAP3-2	0	0	0	0	0	0	0	0
KRTAP3-1	0	0	0	0	0	0	0	0
KRTAP1-5	0	0	0	0	0	0	0	0
KRTAP1-4	0	0	0	0	0	0	0	0
KRTAP1-3	0	0	0	0	0	0	0	0
KRTAP1-1	0	0	0	0	0	0	0	0
KRTAP2-1	0	0	0	0	0	0	0	0
KRTAP2-2	0	0	0	0	0	0	0	0
KRTAP2-3	0	0	0	0	0	0	0	0
KRTAP2-4	0	0	0	0	0	0	0	0
KRTAP4-7	0	0	0	0	0	0	0	0
KRTAP4-8	0	0	0	0	0	0	0	0
KRTAP4-16	0	0	0	0	0	0	0	0
KRTAP4-9	0	0	0	0	0	0	0	0
KRTAP4-11	0	0	0	0	0	0	0	0
KRTAP4-12	0	0	0	0	0	0	0	0
KRTAP4-6	0	0	0	0	0	0	0	0
KRTAP4-5	0	0	0	0	0	0	0	0
KRTAP4-4	0	0	0	0	0	0	0	0
KRTAP4-3	0	0	0	0	0	0	0	0
KRTAP4-2	0	0	0	0	0	0	0	0
KRTAP4-1	0	0	0	0	0	0	0	0
KRTAP9-1	0	0	0	0	0	0	0	0
KRTAP9-2	0	0	0	0	0	0	0	0
KRTAP9-3	0	0	0	0	0	0	0	0
KRTAP9-8	0	0	0	0	0	0	0	0
KRTAP9-4	0	0	0	0	0	0	0	0
KRTAP9-9	0	0	0	0	0	0	0	0
KRTAP9-6	0	0	0	0	0	0	0	0
KRTAP9-7	0	0	0	0	0	0	0	0
KRTAP29-1	0	0	0	0	0	0	0	0
KRTAP16-1	0	0	0	0	0	0	0	0
KRTAP17-1	0	0	0	0	0	0	0	0
KRT33A	0	0	0	0	0	0	0	0
KRT33B	0	0	0	0	0	0	1	0
KRT34	0	0	0	0	0	0	0	0
KRT31	0	0	0	0	0	0	0	0
KRT37	0	0	0	0	0	0	0	0
KRT38	0	0	0	0	0	0	0	0
KRT32	0	0	0	0	0	0	0	0
KRT35	0	0	0	0	0	0	0	0
KRT36	0	0	0	0	0	0	0	0
KRT13	0	0	0	0	0	0	0	0
KRT15	3	1	3	2	0	1	6	1
KRT19	29687	2069	823	18364	2562	1366	59193	475
KRT9	1	0	0	2	0	0	1	0
KRT14	1	0	0	1	0	0	1	0
KRT16	10	0	0	9	0	0	41	0
KRT17	34	0	3	30	2	2	19	0
EIF1	19366	1675	1600	8849	1294	1057	38797	336
GAST	1	0	0	0	0	0	0	0
HAP1	13	2	3	14	2	1	24	1
JUP	794	87	58	467	45	30	1477	9
P3H4	904	112	44	332	58	50	1793	23
FKBP10	3116	206	124	873	149	125	5620	39
NT5C3B	1629	161	95	606	118	100	3313	23
KLHL10	2	0	0	2	0	0	4	0
KLHL11	86	6	3	40	10	6	150	2
ACLY	1389	199	72	898	208	112	2598	30
TTC25	28	18	3	48	8	5	69	0
CNP	953	82	37	253	50	46	1727	4
DNAJC7	2265	355	144	1576	276	173	4964	62
NKIRAS2	618	53	38	219	40	38	1442	12
ZNF385C	14	1	5	17	6	2	62	1
C17orf113	15	1	1	6	0	0	32	1
DHX58	4	0	0	1	0	0	3	0
KAT2A	170	11	10	44	3	8	367	0
HSPB9	4	2	0	2	0	0	11	0
RAB5C	2385	185	166	991	166	128	4322	32
KCNH4	0	0	0	2	1	0	0	0
HCRT	7	1	0	9	1	2	21	0
GHDC	74	8	9	25	1	5	142	1
STAT5B	145	85	7	421	81	35	304	10
STAT5A	18	4	1	11	1	1	56	1
STAT3	332	66	33	259	40	25	651	2
CAVIN1	308	6	33	68	4	22	465	3
ATP6V0A1	217	37	18	246	36	21	490	7
NAGLU	247	35	27	109	14	19	367	5
HSD17B1	43	10	8	53	3	4	114	2
COASY	525	41	67	180	22	24	979	7
MLX	647	64	48	285	41	38	1215	4
PSMC3IP	336	49	31	159	38	26	765	7
RETREG3	243	43	12	258	47	33	466	4
TUBG1	1151	121	108	472	84	66	2397	20
TUBG2	161	17	15	92	17	9	315	4
PLEKHH3	283	15	29	133	24	12	543	9
CCR10	57	1	1	11	1	1	151	1
CNTNAP1	50	3	1	28	3	1	108	0
EZH1	161	37	16	166	29	18	300	7
RAMP2	798	21	71	255	44	26	1799	7
VPS25	2239	251	217	986	152	109	4320	37
WNK4	11	1	1	4	0	1	16	0
COA3	2303	245	173	1252	241	141	4603	41
CNTD1	2	0	0	11	0	0	5	0
BECN1	403	60	26	298	53	42	805	10
PSME3	682	102	70	353	61	27	1277	17
AOC2	2	0	1	5	0	0	13	0
AOC3	18	0	0	4	0	2	24	0
G6PC	0	0	0	1	0	0	1	0
AARSD1	160	120	10	487	70	63	333	18
PTGES3L	73	6	2	76	9	6	148	3
RUNDC1	206	19	11	133	11	14	413	1
RPL27	27609	1989	2156	8587	1468	1116	57251	322
IFI35	80	2	10	31	0	4	136	0
VAT1	795	73	162	404	43	46	1533	7
RND2	447	36	101	263	30	24	884	4
BRCA1	552	155	37	419	100	54	1161	23
NBR1	492	68	30	309	55	40	920	10
TMEM106A	71	11	6	49	7	8	133	1
CCDC200	0	12	0	79	22	11	1	3
ARL4D	1314	72	31	670	42	63	2887	31
DHX8	378	69	27	354	48	39	742	15
ETV4	88	29	66	129	10	7	190	3
MEOX1	24	1	0	5	3	4	65	0
SOST	4	0	0	14	1	0	10	0
DUSP3	269	22	29	118	14	18	472	3
CFAP97D1	0	1	0	0	0	0	0	0
MPP3	38	18	0	46	15	10	79	0
CD300LG	0	0	0	2	0	0	0	0
MPP2	63	8	2	57	10	4	162	1
PPY	0	0	0	1	0	0	0	0
PYY	6	1	10	23	0	0	70	0
NAGS	20	3	7	13	1	0	87	0
TMEM101	593	66	33	221	32	24	1101	6
LSM12	90	172	5	735	131	111	137	33
G6PC3	1152	98	146	470	82	51	2357	20
HDAC5	344	48	36	231	26	21	854	6
C17orf53	111	22	4	98	18	7	182	6
ASB16	2	3	0	8	1	2	5	0
TMUB2	382	34	28	167	19	22	773	9
ATXN7L3	303	27	24	138	32	12	555	3
UBTF	1052	172	63	664	130	107	1981	19
SLC4A1	0	0	0	1	0	0	2	0
RUNDC3A	4	1	0	1	0	1	7	0
SLC25A39	1564	158	257	734	113	83	3415	29
GRN	1721	104	160	715	91	97	3264	18
FAM171A2	461	39	21	142	25	26	992	7
ITGA2B	14	3	8	24	5	1	41	4
GPATCH8	942	337	62	1783	300	224	1860	53
FZD2	2240	128	52	784	115	87	4478	37
MEIOC	7	3	0	37	2	4	28	1
CCDC43	693	106	50	447	82	58	1590	17
DBF4B	115	82	8	252	44	29	230	14
ADAM11	20	2	1	25	3	2	37	1
GJC1	407	113	13	412	98	58	860	18
HIGD1B	2	0	0	18	2	0	9	0
EFTUD2	727	114	59	543	94	62	1473	18
CCDC103	0	0	0	0	0	0	0	0
FAM187A	0	0	0	0	0	0	0	0
GFAP	1	0	0	1	0	0	4	0
KIF18B	122	100	15	334	54	42	242	15
C1QL1	49	6	8	24	1	3	121	2
DCAKD	248	100	15	367	72	38	802	11
NMT1	805	134	52	550	113	70	1482	27
PLCD3	124	6	6	41	7	4	177	4
ACBD4	27	8	3	16	6	5	78	0
HEXIM1	343	29	20	146	15	21	647	7
HEXIM2	157	22	16	99	16	7	357	3
FMNL1	6	1	1	5	0	1	16	0
SPATA32	0	0	0	2	0	0	1	0
MAP3K14	26	24	0	111	20	10	54	2
ARHGAP27	0	2	0	7	2	1	0	2
PLEKHM1	3	13	0	83	14	9	5	3
CRHR1	0	0	0	7	0	0	0	0
SPPL2C	0	0	0	0	0	0	0	0
MAPT	2	8	0	30	6	3	9	3
STH	0	0	0	0	0	0	0	0
KANSL1	23	460	0	1877	340	279	46	81
ARL17B	8	22	0	68	19	9	7	3
LRRC37A	0	1	0	9	2	1	1	0
LRRC37A2	1	13	0	29	4	9	3	0
ARL17A	0	14	0	93	9	29	20	0
NSF	100	56	2	321	44	54	183	6
WNT3	56	33	2	363	14	14	72	13
WNT9B	0	4	0	56	3	2	0	1
GOSR2	605	105	49	555	73	51	1334	16
RPRML	5	2	1	7	1	0	15	0
CDC27	796	208	31	925	179	135	1428	24
MYL4	3249	191	365	2497	234	192	6880	67
ITGB3	0	1	0	6	0	0	2	0
EFCAB13	6	27	1	73	22	15	20	3
NPEPPS	1200	265	90	1418	169	136	2025	39
KPNB1	4935	665	358	2763	515	405	9384	113
TBKBP1	134	14	8	54	4	6	284	1
TBX21	0	0	1	0	0	0	0	0
OSBPL7	58	6	2	27	8	5	107	0
MRPL10	843	105	91	404	51	43	1799	18
LRRC46	7	0	0	8	1	1	18	1
SCRN2	314	51	26	146	27	13	768	3
SP6	26	0	1	30	0	0	87	0
SP2	156	39	9	194	40	16	298	3
PNPO	1	5	6	18	5	0	105	3
PRR15L	0	0	1	0	0	0	2	0
CDK5RAP3	666	89	45	309	47	41	1596	19
COPZ2	293	9	12	68	11	10	557	1
NFE2L1	289	55	39	233	34	45	565	6
CBX1	3002	546	168	1880	365	289	6989	85
SNX11	108	16	5	55	14	4	226	1
SKAP1	31	21	1	171	23	9	82	3
HOXB1	160	8	0	297	39	0	645	2
HOXB2	2126	201	35	1125	163	77	5654	39
HOXB3	869	237	7	1262	303	133	2050	26
HOXB4	731	95	7	333	62	34	1934	9
HOXB5	704	61	14	448	60	33	1888	12
HOXB6	1318	114	15	785	111	35	3309	6
HOXB7	587	103	7	216	59	63	1115	3
HOXB8	725	91	7	344	76	51	1464	4
HOXB9	137	80	3	203	60	69	300	0
PRAC1	16	3	2	22	0	0	8	0
PRAC2	49	9	1	11	0	1	25	1
HOXB13	32	1	0	2	2	0	7	0
TTLL6	2	1	0	2	2	0	3	0
CALCOCO2	579	82	20	374	68	59	1191	16
ATP5MC1	3334	386	457	1208	251	216	6468	66
UBE2Z	893	76	86	424	79	52	1543	20
SNF8	3474	327	233	1475	270	184	6554	66
GIP	17	0	1	48	3	0	38	0
IGF2BP1	2499	563	158	2304	519	315	5243	69
B4GALNT2	0	0	0	0	0	0	0	0
GNGT2	2	0	0	1	1	0	4	0
ABI3	31	1	4	10	2	0	23	0
PHOSPHO1	3	0	0	1	0	2	3	0
ZNF652	881	211	44	929	185	122	1495	33
PHB	5210	545	432	2361	392	268	9982	79
NGFR	37	2	1	19	0	1	83	2
NXPH3	3	1	2	4	0	0	18	0
SPOP	768	139	32	582	93	88	1771	18
SLC35B1	1328	106	74	534	88	55	2483	24
FAM117A	166	29	18	134	29	18	322	7
KAT7	394	79	42	341	82	52	781	8
TAC4	0	7	0	6	1	0	0	1
DLX4	5	0	3	5	1	0	10	0
DLX3	7	0	0	3	0	0	4	1
ITGA3	135	17	12	69	4	5	212	1
PDK2	343	28	25	146	20	18	749	6
SAMD14	63	7	10	33	8	1	147	1
PPP1R9B	162	22	12	61	6	11	288	0
SGCA	24	0	0	22	2	0	65	0
COL1A1	30888	480	808	4554	506	787	47135	127
TMEM92	247	22	30	169	23	18	714	4
XYLT2	151	18	9	80	10	11	295	3
MRPL27	2332	185	182	1004	172	143	4352	38
EME1	140	24	8	61	13	11	235	7
LRRC59	1687	141	168	676	112	88	2941	29
ACSF2	162	21	14	137	16	11	435	5
CHAD	1	4	0	18	2	1	3	1
RSAD1	251	34	25	103	13	26	583	6
MYCBPAP	9	3	0	16	4	1	43	0
EPN3	0	0	2	2	1	0	3	0
SPATA20	281	16	11	54	15	6	542	4
CACNA1G	31	4	3	20	3	4	92	0
ABCC3	5	2	2	9	0	0	22	1
ANKRD40	489	50	30	213	45	31	884	10
LUC7L3	3546	445	249	2203	351	270	8126	92
ANKRD40CL	0	0	0	1	0	0	4	0
WFIKKN2	13	1	0	1	1	1	34	0
TOB1	306	20	26	121	7	14	507	1
SPAG9	721	148	53	828	108	105	1364	26
NME1	5143	656	388	2454	495	351	9908	79
NME2	396	2256	32	10191	2014	1357	661	344
MBTD1	226	124	19	708	141	76	450	25
UTP18	904	140	84	606	123	67	1847	20
CA10	1	1	1	17	1	8	6	0
KIF2B	0	0	0	0	0	0	0	0
TOM1L1	463	104	32	622	61	61	988	12
COX11	943	118	40	572	135	75	2014	28
STXBP4	262	136	6	605	121	99	484	25
HLF	3	0	0	6	0	1	7	0
MMD	477	113	24	373	57	73	1070	20
SMIM36	0	3	0	12	3	0	0	1
TMEM100	199	9	5	64	7	3	217	0
PCTP	318	49	13	226	28	15	571	10
ANKFN1	21	11	0	90	10	3	32	2
NOG	71	14	4	41	3	11	157	1
C17orf67	39	18	4	55	7	8	95	2
DGKE	41	8	7	69	6	15	141	3
TRIM25	84	14	12	44	13	3	223	1
COIL	574	91	45	355	60	53	1438	22
SCPEP1	572	55	46	222	52	34	1673	11
AKAP1	218	37	39	111	27	10	457	1
MSI2	715	524	21	2266	378	279	1429	105
CCDC182	0	0	0	0	0	0	0	0
MRPS23	2019	218	195	926	140	121	3790	41
CUEDC1	141	61	10	296	35	29	395	9
VEZF1	649	116	38	502	103	46	1427	23
SRSF1	868	227	80	896	169	126	1865	36
DYNLL2	547	104	34	409	75	57	957	26
OR4D1	0	0	0	1	0	0	7	0
OR4D2	0	0	0	0	0	0	0	0
EPX	1	0	0	3	0	0	0	0
MKS1	152	19	9	67	14	8	319	4
LPO	0	0	1	2	0	0	1	0
MPO	0	0	0	0	0	0	0	0
TSPOAP1	21	14	7	37	13	8	92	1
SUPT4H1	53	230	12	1164	182	128	137	38
RNF43	29	21	3	139	18	9	75	2
HSF5	0	2	0	3	0	0	2	1
MTMR4	360	54	13	190	48	39	723	10
SEPTIN4	14	1	1	14	1	3	41	1
TEX14	1	41	0	233	24	13	5	28
AC011195.2	0	0	0	0	0	0	0	0
RAD51C	576	97	35	271	62	46	1189	24
PPM1E	6	54	2	243	80	28	17	21
TRIM37	359	96	40	436	89	48	764	18
SKA2	2382	358	98	1489	333	224	4062	63
PRR11	364	94	21	311	80	50	692	20
SMG8	44	14	2	87	14	9	104	3
GDPD1	63	25	5	63	10	6	146	4
YPEL2	108	34	15	145	15	17	238	5
DHX40	431	88	26	362	63	46	967	12
CLTC	2203	307	154	1438	246	176	3645	32
PTRH2	386	97	46	439	79	59	858	14
VMP1	1249	230	104	1235	161	155	2277	32
TUBD1	319	67	20	270	60	35	715	8
RPS6KB1	394	56	27	342	50	47	691	13
RNFT1	217	25	11	132	31	22	428	8
HEATR6	231	48	16	223	40	26	518	3
CA4	4	8	16	15	1	1	17	1
USP32	178	154	34	817	164	89	348	26
C17orf64	5	5	0	11	0	2	11	0
APPBP2	446	118	17	642	119	115	811	28
PPM1D	203	81	14	427	73	55	343	15
BCAS3	180	360	10	2096	317	269	328	80
TBX2	122	10	13	45	0	6	379	5
TBX4	71	9	1	99	20	13	108	1
NACA2	22	3	0	5	0	1	72	0
BRIP1	157	183	4	747	211	102	442	38
INTS2	163	68	12	229	55	23	314	15
MED13	467	217	21	1371	226	171	897	43
EFCAB3	0	0	0	1	1	0	2	1
METTL2A	482	104	52	358	54	36	1109	14
TLK2	540	174	26	877	181	100	1039	40
MRC2	1237	224	52	1210	187	112	2456	30
MARCH10	1	2	0	1	0	0	0	1
TANC2	85	116	11	668	108	74	253	33
CYB561	128	15	17	92	10	5	308	1
ACE	13	1	1	20	2	1	29	0
KCNH6	1	0	0	0	0	0	2	0
DCAF7	1220	160	92	837	145	94	2461	51
TACO1	518	57	40	282	42	22	982	6
MAP3K3	236	48	16	268	42	23	411	5
STRADA	103	47	7	212	38	15	189	10
LIMD2	1545	140	107	551	96	80	2770	23
CCDC47	1065	153	80	769	113	89	2007	25
DDX42	1096	183	76	864	122	109	2356	14
FTSJ3	671	94	47	366	52	42	1505	10
PSMC5	3670	434	270	1559	303	234	7530	77
SMARCD2	605	56	53	293	43	25	1332	8
CSH2	0	0	0	0	0	0	3	0
GH2	1	0	2	2	0	0	14	1
CSH1	0	0	1	1	0	0	0	0
CSHL1	0	1	2	1	0	0	0	0
GH1	0	0	0	1	0	0	0	0
CD79B	20	0	3	16	1	0	57	0
SCN4A	2	0	0	6	3	0	12	0
PRR29	9	0	1	6	0	0	17	0
ICAM2	9	1	1	1	1	0	18	0
ERN1	48	22	8	76	12	11	97	2
TEX2	107	20	5	119	20	22	152	3
PECAM1	0	2	0	5	1	1	0	0
MILR1	0	0	0	1	0	1	3	0
POLG2	206	58	17	209	32	23	469	14
DDX5	8501	915	450	4049	706	548	16593	167
CEP95	458	120	20	617	119	79	936	19
SMURF2	533	177	28	779	177	127	987	26
LRRC37A3	9	14	0	85	13	12	26	2
GNA13	247	53	20	235	30	34	480	15
RGS9	242	34	17	85	35	12	549	4
AXIN2	315	74	16	352	45	33	611	16
CEP112	300	266	6	1642	322	218	566	51
APOH	0	0	0	2	0	0	0	0
PRKCA	102	105	6	328	140	68	218	43
CACNG5	0	0	0	4	0	0	0	0
CACNG4	54	13	5	40	14	28	73	5
CACNG1	1	1	0	2	0	0	1	1
HELZ	570	169	43	952	159	107	1123	35
PSMD12	1448	223	130	1198	192	142	2702	45
PITPNC1	124	179	22	761	157	61	270	35
NOL11	909	125	73	649	97	80	1874	27
BPTF	3002	539	217	2846	498	350	6237	122
C17orf58	516	64	50	148	32	20	874	5
KPNA2	5112	616	438	2273	489	354	10368	111
AMZ2	600	47	55	280	50	27	1319	9
ARSG	77	27	7	82	9	4	160	4
SLC16A6	0	4	1	4	0	0	3	3
WIPI1	368	58	37	185	43	18	792	5
PRKAR1A	1697	158	105	698	126	110	3042	27
FAM20A	39	3	3	53	0	5	50	1
ABCA8	16	2	0	6	1	4	47	2
ABCA9	4	1	1	5	7	0	14	0
ABCA6	0	1	0	1	1	0	3	0
ABCA10	3	3	0	16	2	2	6	1
ABCA5	46	28	5	101	32	24	220	4
MAP2K6	255	135	20	414	92	48	635	14
KCNJ16	1	1	0	0	0	0	0	0
KCNJ2	1	1	1	1	2	0	22	0
SOX9	84	33	5	129	26	24	231	3
SLC39A11	77	75	4	284	44	50	170	7
SSTR2	37	12	10	48	2	7	92	3
COG1	158	18	15	94	11	11	382	2
FAM104A	586	86	57	348	62	42	1245	9
C17orf80	287	41	26	208	41	30	524	8
CPSF4L	0	0	0	2	0	0	0	0
CDC42EP4	411	57	16	324	50	33	1039	13
SDK2	186	113	4	724	121	49	472	31
RPL38	18502	1289	1363	6027	958	766	38052	207
TTYH2	68	10	4	46	9	2	198	1
DNAI2	0	1	0	4	0	1	1	1
KIF19	7	0	1	1	1	0	16	0
BTBD17	21	4	2	19	1	3	75	0
GPR142	0	0	0	1	0	0	0	0
GPRC5C	2071	124	43	1016	114	90	4089	23
CD300A	26	0	1	12	0	3	116	0
CD300LB	0	0	0	0	0	0	0	0
CD300C	0	0	0	0	0	0	4	0
CD300LD	0	0	0	0	0	0	0	0
CD300E	66	0	0	19	0	2	65	0
RAB37	215	11	2	136	18	17	436	2
CD300LF	0	0	0	0	0	0	0	0
SLC9A3R1	9807	395	116	3334	475	468	16486	50
NAT9	231	36	26	153	26	19	471	10
TMEM104	76	25	9	121	19	20	154	3
GRIN2C	12	0	0	10	3	0	21	0
FDXR	299	21	49	151	21	18	566	6
FADS6	0	2	0	4	0	0	5	1
USH1G	1	0	0	1	0	0	7	0
OTOP2	0	1	0	0	0	0	0	0
OTOP3	0	0	0	0	0	0	0	0
HID1	3	3	0	3	2	1	13	0
CDR2L	93	15	13	41	7	5	211	4
MRPL58	777	96	66	504	69	49	1527	22
KCTD2	151	20	9	90	22	12	308	5
ATP5PD	3881	399	497	1640	250	219	7304	82
SLC16A5	65	18	9	65	6	5	150	2
ARMC7	73	11	5	39	6	7	232	3
NT5C	1404	200	143	719	151	99	3062	19
JPT1	5388	856	637	2837	587	401	11362	130
SUMO2	13103	2355	962	9270	1710	1162	27656	377
NUP85	293	50	26	295	66	41	651	17
GGA3	224	27	15	154	39	26	397	3
MRPS7	2298	199	187	962	225	142	4746	34
MIF4GD	141	41	40	61	24	9	378	3
SLC25A19	87	15	24	39	10	6	179	2
GRB2	1060	151	92	874	135	126	2051	32
TMEM94	186	31	12	114	19	12	302	2
CASKIN2	154	14	13	46	7	8	256	2
TSEN54	379	46	44	159	44	20	699	5
LLGL2	498	34	33	195	23	44	689	9
MYO15B	58	13	4	111	17	7	118	2
RECQL5	104	19	7	63	15	13	216	1
SMIM5	2	0	1	1	1	0	7	0
SMIM6	4	0	0	1	0	0	12	0
SAP30BP	841	100	77	544	108	67	1756	27
ITGB4	15	0	1	13	1	2	42	0
GALK1	683	54	46	273	60	48	1350	10
H3F3B	20253	2724	1358	9271	1813	1436	41109	449
UNK	313	98	37	452	79	75	607	19
UNC13D	16	2	12	16	0	3	49	0
WBP2	656	55	90	268	46	33	1357	5
TRIM47	237	4	10	28	4	5	289	2
TRIM65	183	20	18	141	18	12	331	8
MRPL38	16	112	2	481	86	61	50	16
FBF1	44	11	4	62	5	11	108	2
ACOX1	189	32	18	138	25	23	293	1
TEN1	0	26	0	184	29	18	0	6
CDK3	0	4	0	11	1	0	0	2
EVPL	1	0	0	1	0	0	2	0
SRP68	939	80	63	407	66	48	1882	11
ZACN	1	0	0	0	1	0	3	0
GALR2	5	0	2	1	0	0	0	1
EXOC7	648	64	52	261	34	27	1216	5
FOXJ1	11	2	0	4	0	2	28	1
RNF157	82	47	5	107	32	12	264	6
UBALD2	611	70	49	259	33	23	1177	9
QRICH2	7	5	1	35	4	0	19	0
PRPSAP1	710	125	64	418	61	44	1713	15
SPHK1	76	10	11	82	3	6	143	1
UBE2O	311	77	33	321	67	25	580	12
AANAT	15	0	0	9	3	1	40	0
RHBDF2	28	2	5	36	3	2	55	0
CYGB	412	10	7	54	11	7	721	4
PRCD	302	7	3	26	12	4	623	7
AC015802.6	35	8	1	46	7	2	48	0
ST6GALNAC2	0	0	0	4	0	0	0	0
ST6GALNAC1	0	0	0	0	0	0	1	0
MXRA7	1024	191	45	722	101	145	2087	32
JMJD6	304	26	24	140	28	14	650	13
METTL23	634	91	80	343	66	40	1393	8
SRSF2	6076	671	479	2396	553	429	12299	146
MFSD11	341	40	17	227	56	51	726	13
MGAT5B	5	2	2	5	2	2	24	2
SEC14L1	645	110	30	450	81	56	1259	20
SEPTIN9	2737	259	126	1314	253	138	5393	59
TNRC6C	320	141	17	690	163	71	691	26
TMC6	241	33	25	221	19	21	587	10
TMC8	1	2	0	15	0	0	8	0
C17orf99	0	0	0	3	1	0	1	0
SYNGR2	127	2	30	44	7	12	287	0
TK1	730	90	49	299	55	56	1430	22
AFMID	236	36	16	132	26	31	504	8
BIRC5	1712	377	175	937	229	161	3963	53
TMEM235	29	2	0	5	3	9	64	1
SOCS3	543	34	10	291	41	18	1193	8
PGS1	364	75	27	291	38	38	728	10
DNAH17	0	1	0	31	3	0	1	1
CYTH1	116	65	7	319	42	21	231	12
USP36	193	37	28	195	34	23	193	5
TIMP2	644	98	31	279	71	58	1102	8
CEP295NL	5	1	0	4	1	1	8	0
LGALS3BP	902	17	19	209	17	14	1595	5
CANT1	389	30	17	157	29	25	832	5
C1QTNF1	26	2	0	10	0	0	34	0
ENGASE	86	6	4	47	5	4	168	1
RBFOX3	14	4	4	20	3	1	27	0
ENPP7	0	0	0	0	0	0	0	0
CBX2	288	43	12	167	36	18	793	11
CBX8	115	13	4	38	9	5	255	1
CBX4	211	12	8	79	11	13	412	2
TBC1D16	301	96	30	327	66	61	595	14
CCDC40	54	40	3	63	25	9	125	3
GAA	357	38	16	140	16	20	566	5
EIF4A3	2138	211	152	937	190	140	4234	45
CARD14	2	0	0	6	1	0	5	0
SGSH	93	9	3	37	1	6	186	0
SLC26A11	229	18	18	109	22	15	419	3
RNF213	306	59	33	309	60	33	577	13
ENDOV	490	48	21	216	29	40	992	9
NPTX1	0	0	1	0	0	0	4	0
RPTOR	107	151	6	698	113	91	161	34
CHMP6	422	39	29	129	32	9	772	6
BAIAP2	202	24	20	105	17	15	440	6
AATK	42	5	6	34	6	8	106	1
PVALEF	0	0	0	11	2	2	2	0
CEP131	202	19	14	75	8	12	469	2
TEPSIN	230	17	16	106	14	14	397	0
NDUFAF8	1688	147	109	670	138	92	2960	26
SLC38A10	366	34	20	182	40	26	681	6
BAHCC1	203	74	3	169	32	21	371	8
ACTG1	62480	4383	4178	25397	3727	2880	123197	926
FSCN2	3	0	0	1	0	0	5	0
FAAP100	240	19	20	63	9	11	421	3
NPLOC4	452	95	26	524	86	75	738	21
TSPAN10	96	6	3	26	6	6	183	1
PDE6G	41	2	8	26	1	0	57	0
OXLD1	590	49	64	261	38	39	1068	8
CCDC137	624	73	65	391	60	45	1129	16
ARL16	1326	193	51	623	102	68	3235	26
HGS	542	45	58	239	33	22	986	10
MRPL12	2364	282	317	1090	188	136	4536	56
SLC25A10	155	17	18	30	7	11	329	3
GCGR	0	1	0	0	0	0	2	0
MCRIP1	2132	209	147	858	115	97	4467	33
PPP1R27	4	0	0	2	0	0	9	0
P4HB	6496	361	395	1662	257	279	10645	88
ARHGDIA	2418	193	190	718	153	110	4380	39
ALYREF	2416	278	227	894	191	136	4849	52
ANAPC11	5026	672	403	2576	458	345	10775	106
NPB	97	8	7	21	2	4	148	1
PCYT2	575	58	42	208	46	26	1048	9
SIRT7	199	17	14	102	10	12	434	6
MAFG	405	29	56	186	20	25	733	10
PYCR1	1019	97	89	346	42	41	2215	21
MYADML2	0	1	0	1	0	0	0	0
NOTUM	48	9	2	20	0	2	133	0
ASPSCR1	669	84	59	352	72	46	1402	11
CENPX	2096	287	171	1011	178	146	4183	52
LRRC45	145	14	15	40	10	8	343	0
RAC3	1445	189	144	477	131	81	2982	37
DCXR	2150	245	128	637	139	103	3615	29
RFNG	560	41	45	141	14	24	1088	14
GPS1	1180	95	104	429	62	45	2096	18
DUS1L	1142	79	74	382	75	49	1947	11
FASN	1478	177	95	591	111	74	2819	24
CCDC57	280	98	6	698	117	75	493	12
SLC16A3	3453	129	73	700	105	179	6735	21
CSNK1D	1142	120	77	617	117	79	2068	29
CD7	55	0	9	24	1	1	133	0
SECTM1	9	0	1	0	0	0	15	0
TEX19	4	0	2	2	0	0	6	0
UTS2R	0	0	1	0	0	0	0	0
OGFOD3	377	54	16	160	29	21	764	13
HEXD	333	42	24	208	34	24	670	4
CYBC1	500	50	34	222	39	30	1012	6
NARF	1056	139	59	560	94	76	2736	44
FOXK2	582	154	38	743	114	96	1076	24
WDR45B	819	94	71	454	67	53	1939	19
RAB40B	162	12	10	89	16	7	316	1
FN3KRP	408	51	31	228	33	33	1024	10
FN3K	53	9	9	27	5	11	144	0
TBCD	229	101	27	464	102	63	447	28
ZNF750	0	0	0	4	1	0	2	0
B3GNTL1	61	23	6	92	13	13	71	4
METRNL	10	33	1	132	35	30	22	9
TUBB8P12	3	0	1	0	0	0	5	0
USP14	1887	317	122	1476	257	165	3579	51
THOC1	631	170	34	760	168	95	1359	21
COLEC12	3558	686	57	4960	705	491	5799	160
CETN1	0	0	0	0	0	0	0	0
CLUL1	12	6	0	11	1	2	36	0
TYMS	2991	383	142	1367	298	212	6247	90
ENOSF1	522	212	19	617	135	99	1130	30
YES1	701	218	50	1003	170	104	1325	27
ADCYAP1	3	1	0	5	1	0	9	1
METTL4	170	43	4	165	26	24	326	9
NDC80	748	194	78	582	143	95	1741	33
SMCHD1	1017	273	49	1243	211	176	1858	63
EMILIN2	243	13	21	233	24	12	404	1
LPIN2	417	95	25	484	66	56	866	22
MYOM1	3	3	1	17	5	2	10	2
MYL12A	6400	568	478	3146	437	303	12476	79
MYL12B	6273	488	517	2528	406	367	11549	88
IGLJCOR18	0	0	0	0	0	0	0	0
TGIF1	1062	111	100	649	69	63	2310	28
DLGAP1	72	375	4	2553	487	806	146	57
AKAIN1	1	0	0	2	0	0	6	1
ZBTB14	119	13	5	71	12	12	259	4
EPB41L3	298	138	16	724	60	31	733	57
TMEM200C	34	10	0	34	7	4	142	1
L3MBTL4	5	14	0	114	8	7	20	1
ARHGAP28	1027	569	9	3400	435	267	2332	79
LAMA1	624	193	27	939	163	89	936	40
LRRC30	0	0	0	0	0	0	0	0
PTPRM	126	218	4	1541	177	178	263	60
RAB12	84	69	5	339	48	40	165	14
MTCL1	32	36	4	121	22	14	92	6
NDUFV2	4190	562	448	2478	385	266	8481	92
ANKRD12	1137	287	70	1221	173	151	2511	59
TWSG1	419	125	27	519	78	63	829	22
RALBP1	1425	246	111	1000	149	121	2915	36
PPP4R1	567	146	36	761	134	89	926	25
RAB31	1125	149	40	837	211	144	1460	23
TXNDC2	2	0	0	3	0	0	1	0
VAPA	2896	391	199	2048	367	241	5365	76
APCDD1	404	59	5	236	62	35	860	7
NAPG	484	90	42	493	83	70	920	19
PIEZO2	59	84	3	298	110	51	135	15
SLC35G4	0	0	0	0	0	0	0	0
GNAL	151	87	11	315	84	45	363	14
CHMP1B	578	72	42	307	33	40	1196	13
MPPE1	211	37	12	147	34	11	525	5
IMPA2	504	141	75	358	83	53	1266	25
ANKRD62	0	0	0	0	0	0	0	0
CIDEA	4	1	0	2	0	0	3	0
TUBB6	2418	288	123	1513	273	169	4228	56
AFG3L2	913	112	89	601	74	64	1711	18
PRELID3A	40	20	1	58	10	9	99	3
SPIRE1	243	115	8	504	101	82	345	21
PSMG2	1839	246	143	1062	171	124	3639	35
CEP76	126	35	5	129	36	17	253	11
PTPN2	817	161	61	790	123	85	1580	27
SEH1L	325	71	26	322	57	50	634	16
CEP192	283	208	15	720	148	91	565	37
LDLRAD4	18	40	0	160	31	11	59	10
FAM210A	371	68	34	256	57	23	847	8
RNMT	1180	202	85	957	156	116	2766	30
MC5R	0	0	0	0	0	0	0	0
MC2R	0	0	0	1	0	0	0	0
ZNF519	257	154	10	511	112	81	651	24
POTEC	17	9	0	10	0	9	39	0
ANKRD30B	1	4	0	10	1	4	0	1
ROCK1	1542	338	93	1418	320	210	3436	75
GREB1L	268	700	10	3913	626	381	572	99
ESCO1	473	148	37	526	88	60	1031	16
SNRPD1	7519	1038	585	3795	764	544	14858	144
ABHD3	157	72	5	279	70	52	305	14
MIB1	690	310	36	1239	197	147	1271	65
GATA6	1639	229	38	1943	267	141	3284	53
CTAGE1	1	0	0	0	0	1	0	0
RBBP8	339	101	22	408	78	56	821	17
CABLES1	26	21	9	78	8	9	53	3
TMEM241	68	64	6	304	38	46	163	3
RIOK3	559	119	28	495	66	68	1189	16
RMC1	90	18	15	117	20	12	215	4
NPC1	170	63	14	320	54	31	324	16
ANKRD29	4	0	7	4	1	0	11	1
LAMA3	1	1	1	7	2	3	0	0
TTC39C	64	76	23	149	42	17	161	4
CABYR	64	6	11	61	14	1	168	4
OSBPL1A	813	265	53	1052	255	140	2078	36
IMPACT	546	80	31	284	68	50	1019	10
HRH4	1	0	0	2	0	0	1	0
ZNF521	368	433	22	1580	296	177	986	84
SS18	934	206	57	779	143	119	1871	24
PSMA8	1	0	0	1	0	0	0	0
TAF4B	41	42	8	205	38	20	103	11
KCTD1	196	170	13	508	172	102	545	30
AQP4	23	1	6	3	1	4	21	0
CHST9	278	61	30	432	93	94	303	32
CDH2	719	478	78	1761	340	194	1757	85
DSC3	706	35	16	395	56	73	878	22
DSC2	1767	194	81	1015	142	149	2539	30
DSC1	0	0	0	0	0	0	1	0
DSG1	1	0	0	0	0	0	0	0
DSG4	11	4	1	3	0	0	10	0
DSG3	1	0	0	0	1	2	4	0
DSG2	2377	253	135	1137	163	179	3835	35
TTR	143	38	9	174	17	23	386	3
B4GALT6	121	62	6	282	50	26	270	12
SLC25A52	0	0	0	0	0	0	0	0
TRAPPC8	273	115	24	544	103	52	488	18
RNF125	53	21	16	91	25	8	115	3
RNF138	295	111	32	427	58	50	639	28
GAREM1	69	103	3	370	65	31	181	8
MEP1B	0	0	0	5	1	0	1	0
KLHL14	15	44	0	72	4	10	50	1
CCDC178	107	41	1	364	63	57	152	13
ASXL3	567	148	9	1570	199	147	687	43
NOL4	14	1	2	23	0	4	67	0
DTNA	21	31	19	163	12	28	76	2
MAPRE2	316	83	29	389	71	48	608	15
ZNF397	425	60	27	201	37	25	853	3
ZSCAN30	161	24	8	118	33	19	326	1
ZNF24	1075	121	65	600	99	80	1998	20
ZNF396	31	0	0	12	3	2	56	0
INO80C	648	88	54	383	63	38	1222	14
GALNT1	2797	442	88	1833	292	257	3910	54
C18orf21	599	75	66	272	51	39	1210	10
RPRD1A	594	165	53	858	114	112	1256	37
SLC39A6	956	92	43	367	73	68	1821	22
ELP2	633	131	47	574	111	82	1577	21
MOCOS	26	6	0	13	3	1	31	1
FHOD3	44	83	8	559	51	27	87	22
TPGS2	1656	251	123	998	193	112	3711	32
KIAA1328	158	196	11	872	168	114	362	36
CELF4	18	2	3	28	4	5	98	0
PIK3C3	367	86	16	573	92	57	675	18
RIT2	2	2	3	5	0	0	24	1
SYT4	21	3	0	19	1	0	31	3
SETBP1	274	403	10	2676	393	186	660	61
SLC14A2	3	7	0	29	5	4	10	0
SLC14A1	12	1	0	3	0	2	10	0
SIGLEC15	14	0	1	4	1	0	29	0
EPG5	127	62	12	298	65	38	237	10
PSTPIP2	150	71	8	294	42	27	289	10
ATP5F1A	7955	738	597	3263	618	452	15315	129
HAUS1	1418	215	86	837	156	102	2650	30
C18orf25	177	78	17	297	59	41	322	12
RNF165	45	34	0	83	30	18	191	5
LOXHD1	1	0	0	7	0	0	2	0
ST8SIA5	0	0	0	2	0	1	3	1
PIAS2	417	97	36	509	81	53	900	30
KATNAL2	64	35	8	162	19	16	129	3
ELOA3	0	0	0	0	0	0	0	0
ELOA3B	0	0	0	0	0	0	0	0
ELOA3D	0	0	0	0	0	0	0	0
ELOA2	0	0	0	1	0	0	0	0
HDHD2	380	134	31	443	104	51	827	24
IER3IP1	1204	196	68	922	142	125	2547	31
SKOR2	1	1	1	3	0	0	3	0
SMAD2	832	248	58	1554	266	220	1664	59
ZBTB7C	5	3	0	30	1	8	11	1
CTIF	109	56	5	440	55	38	171	14
SMAD7	385	59	32	386	59	42	743	15
DYM	380	215	35	963	195	119	855	30
C18orf32	92	174	6	629	83	95	212	25
RPL17	1794	7132	153	31753	4825	3623	3498	1127
LIPG	196	45	6	285	59	36	321	4
ACAA2	1976	282	155	944	199	134	3556	37
MYO5B	9	12	7	61	10	10	38	2
CFAP53	13	9	0	24	5	4	50	1
MBD1	422	42	26	228	38	31	730	5
CXXC1	557	33	40	186	47	18	1036	9
SKA1	39	44	0	217	40	36	58	4
MAPK4	36	49	3	190	37	23	145	16
MRO	10	0	2	8	1	0	15	0
ME2	563	130	46	421	90	83	1008	26
ELAC1	258	25	7	94	25	17	447	2
SMAD4	635	225	31	1064	192	119	1339	38
MEX3C	323	45	29	258	61	29	774	10
DCC	38	154	0	1626	111	36	114	154
MBD2	556	108	49	480	76	59	1156	8
POLI	230	55	21	241	50	26	461	12
STARD6	4	2	0	3	3	0	6	0
C18orf54	239	38	15	170	35	20	439	9
DYNAP	82	1	1	32	3	14	26	0
RAB27B	13	2	0	8	5	1	13	0
CCDC68	79	1	5	8	4	10	268	0
TCF4	3373	1362	164	6763	1018	663	6971	133
TXNL1	3327	376	265	1848	286	226	6778	36
WDR7	96	96	2	537	84	64	202	5
BOD1L2	0	0	0	0	0	0	1	0
ST8SIA3	5	1	1	4	2	0	4	0
ONECUT2	12	5	2	34	3	3	56	0
FECH	230	23	10	78	17	12	393	4
NARS	1439	175	180	815	114	90	2989	15
ATP8B1	4	35	3	171	26	20	18	1
NEDD4L	156	113	30	634	104	70	335	10
ALPK2	519	149	20	2382	223	71	966	11
MALT1	607	171	27	1575	185	98	1125	12
ZNF532	262	213	19	1194	198	128	562	12
SEC11C	644	49	99	260	62	28	1383	2
GRP	19	1	1	121	1	0	255	0
RAX	6	2	1	5	2	0	4	0
CPLX4	0	0	0	3	0	0	1	0
LMAN1	2803	417	193	1715	258	240	5508	27
CCBE1	416	347	17	1567	484	94	872	18
PMAIP1	103	37	138	168	25	12	286	4
MC4R	2	1	0	0	0	0	10	0
CDH20	4	16	2	227	10	25	8	7
RNF152	115	122	6	269	81	43	337	19
PIGN	163	77	15	371	60	43	310	17
RELCH	135	65	12	357	57	51	234	10
TNFRSF11A	11	7	6	51	9	0	33	1
ZCCHC2	118	35	10	109	21	18	222	9
PHLPP1	271	577	24	1535	300	258	503	45
BCL2	33	28	5	123	32	18	68	7
KDSR	581	86	55	393	65	37	1197	12
VPS4B	659	112	54	515	74	82	1192	19
SERPINB5	2	1	5	0	1	1	1	0
SERPINB12	0	0	0	0	0	0	0	0
SERPINB13	3	0	0	1	0	1	5	0
SERPINB4	6	0	0	0	0	0	5	0
SERPINB11	3	0	0	0	0	0	4	0
SERPINB3	6	0	0	1	0	0	1	0
SERPINB7	0	0	0	0	0	0	2	0
SERPINB2	7	0	0	14	1	0	7	0
SERPINB10	0	0	0	0	0	0	0	0
HMSD	12	5	0	7	1	3	66	0
SERPINB8	44	2	0	21	1	2	72	2
CDH7	37	46	8	55	12	18	241	0
CDH19	2	0	0	7	2	0	5	0
DSEL	0	29	1	176	18	17	10	14
TMX3	349	78	28	321	61	40	680	11
CCDC102B	90	45	3	258	39	19	270	5
DOK6	210	174	9	1665	325	151	472	57
CD226	9	1	0	27	1	0	28	1
RTTN	139	120	5	463	114	79	278	26
SOCS6	249	53	10	286	43	47	450	21
CBLN2	27	6	3	27	18	5	39	3
NETO1	11	5	1	20	4	3	39	0
FBXO15	13	3	0	15	3	3	38	1
TIMM21	306	42	27	201	36	18	659	6
CYB5A	14021	1111	274	5036	1363	768	26896	168
C18orf63	10	5	0	12	4	2	14	0
DIPK1C	4	1	0	10	1	1	3	0
CNDP2	782	93	54	303	54	37	1629	12
CNDP1	2	2	0	13	2	1	7	0
ZNF407	120	144	8	757	124	117	255	26
ZADH2	607	56	8	192	43	45	1024	4
TSHZ1	503	85	3	261	61	44	871	6
SMIM21	0	0	0	0	0	0	0	0
ZNF516	375	226	22	980	214	117	805	35
ZNF236	210	84	15	380	70	37	414	16
MBP	20	8	15	18	1	5	49	0
GALR1	0	1	0	0	0	0	0	0
SALL3	0	40	0	180	24	9	1	8
ATP9B	156	230	9	1098	217	151	271	38
NFATC1	196	29	16	134	21	9	292	6
CTDP1	204	31	17	126	17	21	373	7
KCNG2	16	8	0	5	4	0	25	0
SLC66A2	614	67	18	313	60	32	1138	8
HSBP1L1	607	15	6	60	15	31	1082	3
TXNL4A	3012	402	184	1266	224	186	5396	47
AC090360.1	38	2	1	20	4	0	75	0
RBFA	948	101	45	362	93	61	1635	15
ADNP2	655	190	34	993	188	110	1371	19
PARD6G	410	72	15	324	57	54	881	12
DEFB125	0	0	0	1	0	0	0	0
DEFB126	0	0	1	0	0	0	0	0
DEFB127	0	0	0	0	0	0	0	0
DEFB128	0	0	0	0	0	0	0	0
DEFB129	0	0	0	0	0	0	0	0
DEFB132	0	0	0	0	0	0	0	0
C20orf96	557	45	29	281	34	21	1097	10
ZCCHC3	1025	62	46	324	62	35	1891	13
SOX12	1065	76	46	328	73	51	2469	17
NRSN2	430	42	21	194	31	17	776	4
TRIB3	75	6	14	25	6	4	189	0
RBCK1	953	66	56	463	62	42	1718	15
TBC1D20	334	48	16	262	36	33	691	8
CSNK2A1	1777	314	125	1564	269	170	3659	44
TCF15	72	12	4	96	6	2	212	1
SRXN1	2	6	0	25	8	3	2	0
SCRT2	0	0	0	1	3	0	0	0
SLC52A3	6	0	1	5	0	0	14	0
FAM110A	139	16	17	114	9	5	394	5
ANGPT4	3	3	0	8	1	0	14	1
RSPO4	239	44	19	369	55	19	591	13
PSMF1	884	131	80	580	104	71	2099	22
TMEM74B	36	3	1	39	2	0	82	1
C20orf202	1	0	0	1	0	0	3	0
RAD21L1	0	2	1	19	2	1	2	1
SNPH	20	1	2	15	2	0	27	1
SDCBP2	50	9	5	24	3	4	92	3
FKBP1A	3607	418	244	1658	299	188	6986	43
NSFL1C	1184	90	98	597	113	78	2347	27
SIRPB2	0	0	0	0	0	0	0	0
SIRPD	0	0	0	0	0	0	0	0
SIRPB1	0	0	0	0	0	0	1	0
SIRPG	0	0	0	1	0	0	0	0
SIRPA	63	10	9	21	5	3	142	1
PDYN	0	0	0	4	0	0	4	0
STK35	173	36	10	176	22	19	287	14
TGM3	0	0	0	1	0	0	0	0
TGM6	0	0	0	1	0	0	0	0
SNRPB	7995	1017	829	3999	745	512	16647	186
ZNF343	21	6	1	36	8	7	55	1
TMC2	0	1	0	4	0	0	6	0
NOP56	2571	264	212	1067	210	150	5203	43
IDH3B	1222	98	99	509	93	64	2455	16
EBF4	75	20	7	66	22	13	126	6
CPXM1	1201	94	33	355	76	40	2202	19
C20orf141	1	0	0	0	0	0	0	0
TMEM239	0	0	0	0	0	0	0	0
PCED1A	224	37	15	97	19	15	539	4
VPS16	413	39	19	148	27	29	839	9
PTPRA	950	260	59	1054	221	156	1940	48
GNRH2	7	3	0	10	2	0	26	0
MRPS26	2573	325	259	1303	252	150	4824	57
OXT	4	0	1	5	0	1	11	0
AVP	7	0	2	3	0	1	17	0
UBOX5	77	24	5	87	19	8	104	3
FASTKD5	182	14	18	64	14	8	344	6
LZTS3	44	8	11	19	5	3	120	0
DDRGK1	723	66	68	348	52	36	1411	11
ITPA	1458	136	118	667	118	82	2154	30
SLC4A11	12	0	3	7	1	1	14	0
C20orf194	179	112	6	622	98	96	349	17
ATRN	220	119	14	621	97	62	450	22
GFRA4	0	0	0	0	0	0	0	0
ADAM33	148	7	2	75	10	8	289	1
SIGLEC1	0	0	0	0	0	0	0	0
HSPA12B	67	7	4	26	7	2	227	1
C20orf27	972	149	124	478	80	60	2003	14
SPEF1	3	0	0	0	0	0	19	1
CENPB	432	39	18	129	29	21	759	8
CDC25B	300	28	25	90	21	17	617	2
AP5S1	114	10	11	53	6	6	211	4
MAVS	350	36	31	168	40	18	650	6
PANK2	573	175	53	718	134	75	1044	38
RNF24	286	158	36	951	142	81	756	39
SMOX	185	18	19	123	12	6	386	5
ADRA1D	6	1	1	5	0	1	3	0
PRNP	417	31	38	266	32	21	838	4
PRND	0	0	0	0	0	0	1	0
RASSF2	7	6	3	4	2	5	28	0
SLC23A2	77	38	5	192	35	22	125	5
TMEM230	1890	278	146	1124	210	158	3792	46
PCNA	1905	219	132	786	171	115	3920	48
CDS2	404	56	41	335	44	43	760	13
PROKR2	0	0	0	0	0	0	0	0
GPCPD1	186	144	11	472	76	64	301	12
SHLD1	96	44	10	152	31	11	218	5
CHGB	125	2	2	9	1	4	121	0
TRMT6	469	43	48	270	59	21	986	9
MCM8	288	79	19	267	51	37	485	15
CRLS1	50	95	4	518	82	72	115	12
LRRN4	352	31	12	81	36	14	354	5
FERMT1	125	31	24	83	19	8	288	6
BMP2	991	53	39	412	60	68	1566	19
HAO1	0	0	0	0	0	0	0	0
TMX4	531	81	41	322	44	46	1027	19
PLCB1	298	521	11	3720	651	239	818	166
PLCB4	215	163	5	1280	200	253	345	17
LAMP5	5	5	1	4	2	0	26	0
PAK5	4	4	0	24	5	0	24	1
ANKEF1	25	9	4	36	11	1	75	1
SNAP25	43	23	1	80	19	15	100	3
MKKS	290	55	18	211	37	23	534	10
AL034430.1	0	0	0	0	0	0	0	0
AL034430.2	0	0	0	0	0	0	0	0
SLX4IP	147	82	15	431	83	67	339	14
JAG1	249	93	38	472	92	62	647	28
BTBD3	276	73	11	347	52	43	572	10
SPTLC3	82	5	3	83	19	22	175	1
ISM1	164	70	11	230	37	38	199	17
TASP1	167	169	17	786	144	110	330	26
ESF1	1250	220	107	922	131	131	2994	37
NDUFAF5	368	77	32	318	81	45	843	13
SEL1L2	0	0	0	10	0	0	1	0
MACROD2	40	107	2	953	91	80	106	36
FLRT3	864	61	25	581	47	64	1779	33
KIF16B	149	64	17	379	76	37	347	7
SNRPB2	3119	354	275	1758	304	215	6659	68
OTOR	0	0	0	3	0	0	89	0
PCSK2	4	0	0	24	3	2	12	1
BFSP1	51	9	5	45	5	3	91	4
DSTN	6851	702	499	3895	742	524	12876	119
RRBP1	3155	323	139	2001	284	282	5572	74
BANF2	0	0	0	1	0	0	0	0
SNX5	1475	252	137	811	179	126	3193	35
OVOL2	3	13	3	47	8	5	6	2
MGME1	500	103	56	489	105	74	1084	19
PET117	289	42	31	160	30	18	638	5
KAT14	146	29	5	123	22	10	331	6
ZNF133	73	63	2	260	38	43	191	4
DZANK1	80	31	4	114	30	24	156	4
POLR3F	273	46	14	231	29	30	507	8
RBBP9	183	22	9	56	20	20	341	5
SEC23B	429	57	40	249	42	27	861	10
SMIM26	2173	248	162	1016	198	122	4514	32
DTD1	760	115	75	667	185	78	1646	23
SCP2D1	0	0	0	0	0	0	0	0
SLC24A3	38	21	0	328	15	20	32	22
RIN2	272	89	12	537	74	49	516	19
NAA20	1516	136	86	682	115	78	2702	19
CRNKL1	460	54	21	279	51	47	981	13
CFAP61	3	3	0	21	4	3	2	0
INSM1	11	3	0	14	2	2	20	0
RALGAPA2	277	158	12	766	127	125	468	36
KIZ	356	60	42	354	54	45	760	11
XRN2	3147	545	271	2490	481	302	6846	113
NKX2-4	0	0	0	0	0	0	0	0
NKX2-2	1	2	0	2	0	0	0	0
PAX1	0	0	0	0	0	0	0	0
FOXA2	12	25	1	16	0	3	43	3
SSTR4	0	0	0	0	0	0	0	0
THBD	175	1	4	26	0	19	329	0
CD93	0	0	0	1	0	0	3	0
NXT1	863	92	63	377	77	52	1824	20
GZF1	166	28	4	117	18	13	312	4
NAPB	74	27	5	98	17	12	183	7
CSTL1	0	0	0	0	0	0	0	0
CST11	0	0	0	1	0	0	1	0
CST8	0	0	0	0	0	0	0	0
CST9L	1	1	0	1	0	0	1	0
CST9	0	0	0	0	0	0	0	0
CST3	6733	430	254	2775	236	329	11369	55
CST4	2	0	0	4	1	0	15	0
CST1	14	6	22	120	10	7	39	3
CST2	4	0	0	12	2	0	13	0
CST5	1	0	5	0	4	1	13	0
GGTLC1	0	0	0	0	0	0	0	0
SYNDIG1	35	54	0	369	25	2	77	12
CST7	0	0	0	1	0	0	0	0
APMAP	903	99	71	336	58	44	1907	12
ACSS1	2	1	1	2	0	0	10	0
VSX1	0	0	0	1	0	0	0	0
ENTPD6	208	19	16	76	15	6	434	1
PYGB	209	24	18	126	31	16	375	7
ABHD12	433	92	64	423	100	57	792	16
GINS1	330	118	31	486	88	71	666	19
NINL	259	193	18	1096	234	120	674	36
NANP	110	22	2	85	11	7	185	1
ZNF337	94	47	4	182	30	15	191	7
DEFB115	0	0	0	0	0	0	0	0
DEFB116	0	0	0	0	0	0	0	0
DEFB118	0	0	0	0	0	0	0	0
DEFB119	0	0	0	0	0	0	0	0
DEFB121	0	0	0	0	0	0	0	0
DEFB123	0	0	0	0	0	0	0	0
DEFB124	0	0	0	0	0	0	0	0
REM1	0	0	0	0	0	0	0	0
HM13	1618	171	150	830	167	105	2966	44
MCTS2P	0	0	0	0	0	0	0	0
ID1	1445	192	764	1565	209	129	6620	55
COX4I2	46	4	4	21	3	3	237	2
BCL2L1	300	33	35	155	47	31	510	3
TPX2	1846	510	191	1345	311	233	3915	73
MYLK2	4	1	0	5	0	0	4	0
FOXS1	25	0	1	13	1	1	72	0
DUSP15	68	1	2	37	8	3	185	4
TTLL9	1	2	0	9	1	1	6	0
PDRG1	490	58	52	244	48	34	1110	13
XKR7	0	1	0	2	0	0	1	0
CCM2L	1	0	1	2	0	0	25	1
HCK	0	0	0	2	0	0	2	0
TM9SF4	511	95	36	518	101	63	1048	14
PLAGL2	243	37	26	162	45	15	552	10
POFUT1	191	26	19	135	23	20	406	3
KIF3B	382	72	41	340	67	29	804	6
ASXL1	1017	270	43	1222	276	186	2041	54
NOL4L	522	75	36	359	74	37	987	16
C20orf203	4	6	1	5	0	0	2	0
COMMD7	1389	126	97	676	112	76	2921	26
DNMT3B	458	97	318	536	69	56	725	20
MAPRE1	1852	181	129	917	182	96	3466	37
EFCAB8	6	0	0	13	1	0	3	1
SUN5	0	0	0	0	0	0	1	0
BPIFB2	0	0	0	0	0	0	0	0
BPIFB6	0	0	0	0	0	0	0	0
BPIFB3	0	0	0	0	0	0	0	0
BPIFB4	0	0	0	0	0	0	0	0
BPIFA2	0	0	0	0	0	0	0	0
BPIFA3	0	0	0	0	0	0	0	0
BPIFA1	0	0	0	0	0	0	1	0
BPIFB1	0	0	0	1	0	0	0	0
CDK5RAP1	495	86	34	350	60	35	1052	16
SNTA1	210	10	6	74	23	14	423	4
CBFA2T2	243	205	11	951	189	134	546	49
NECAB3	316	23	32	106	22	13	615	9
C20orf144	1	1	0	1	0	1	4	0
ACTL10	2	2	0	9	0	1	26	0
E2F1	282	43	17	172	37	18	605	9
PXMP4	85	12	14	60	20	5	220	1
ZNF341	41	8	1	53	4	5	96	2
CHMP4B	715	126	62	585	84	56	1516	19
RALY	2184	325	176	1848	313	164	4574	65
EIF2S2	3519	659	330	3190	543	323	7020	109
ASIP	71	76	0	330	90	28	165	24
AHCY	3050	273	264	1192	186	136	5796	40
ITCH	284	254	9	1115	231	133	580	33
DYNLRB1	2824	347	197	1511	271	184	6218	64
MAP1LC3A	647	41	33	293	43	28	1295	7
PIGU	288	102	17	302	63	46	634	8
NCOA6	310	106	14	576	118	89	561	29
TP53INP2	56	5	2	27	5	1	140	0
GGT7	125	66	9	217	33	26	344	11
ACSS2	189	22	14	202	26	15	352	6
GSS	493	64	41	233	36	42	932	11
MYH7B	2	0	2	6	1	1	11	1
TRPC4AP	725	143	44	880	138	131	1243	25
EDEM2	365	44	35	205	26	25	663	3
PROCR	505	19	37	137	18	24	633	3
MMP24OS	1072	57	116	487	45	62	1700	16
MMP24	14	32	8	103	16	11	20	2
EIF6	2408	302	251	995	193	123	4498	35
FAM83C	0	0	0	0	0	0	0	0
UQCC1	292	85	22	376	56	65	535	14
GDF5OS	8	1	0	6	1	1	14	0
GDF5	4	1	0	3	0	1	12	0
CEP250	285	51	18	186	45	16	539	6
C20orf173	0	0	0	0	0	0	0	0
ERGIC3	2339	210	173	890	118	109	5117	43
SPAG4	69	4	8	60	9	4	316	1
CPNE1	2125	225	104	979	164	111	3972	46
RBM12	500	76	33	290	68	40	954	13
NFS1	247	22	23	98	22	12	495	4
ROMO1	2924	291	161	1364	262	147	6074	44
RBM39	3991	554	235	3070	484	386	8146	106
PHF20	1079	275	77	1449	238	180	2457	44
SCAND1	3127	262	265	1365	228	166	6197	48
CNBD2	42	7	4	27	2	2	94	0
EPB41L1	139	10	18	99	14	17	258	9
AAR2	292	32	20	209	22	23	601	6
DLGAP4	787	136	62	575	100	69	1697	35
MYL9	3892	102	367	1221	187	140	7253	39
TGIF2	473	98	42	371	73	48	1015	19
RAB5IF	877	292	71	1190	192	147	1687	34
SLA2	1	0	0	2	0	0	5	0
NDRG3	258	63	23	197	40	19	556	14
DSN1	418	78	31	271	66	40	683	15
SOGA1	237	71	16	330	66	35	517	13
TLDC2	1	0	0	3	1	0	6	0
SAMHD1	53	9	30	49	12	10	103	0
RBL1	121	121	4	386	92	44	239	17
MROH8	23	14	0	78	12	5	45	1
RPN2	3603	356	293	1813	261	204	6955	77
GHRH	3	1	0	2	0	0	4	0
MANBAL	922	128	58	428	63	64	1834	27
SRC	326	109	12	477	47	37	610	9
BLCAP	451	82	39	369	41	26	1016	22
NNAT	103	11	3	1056	162	52	438	1
CTNNBL1	912	141	52	615	119	82	2060	29
VSTM2L	30	1	6	38	2	1	67	3
TTI1	287	60	22	260	52	48	577	14
RPRD1B	276	82	9	357	88	47	563	14
TGM2	72	0	2	32	8	4	81	0
KIAA1755	0	1	0	10	8	0	0	0
BPI	0	0	0	0	0	0	0	0
LBP	2	5	0	2	0	1	2	0
RALGAPB	225	67	26	476	69	55	529	20
ADIG	0	0	0	2	0	0	0	0
ARHGAP40	7	2	5	15	0	1	6	0
SLC32A1	0	1	0	1	0	0	0	0
ACTR5	137	22	11	72	8	16	314	2
PPP1R16B	0	1	3	6	1	2	2	1
FAM83D	277	78	25	246	51	34	606	15
DHX35	85	61	10	201	41	24	183	15
MAFB	57	9	8	40	3	4	115	0
TOP1	4204	583	174	2635	483	371	7832	79
PLCG1	216	47	12	205	35	28	531	12
ZHX3	97	46	2	292	63	39	130	7
LPIN3	87	7	9	55	11	7	148	1
EMILIN3	19	0	2	3	6	3	70	0
CHD6	756	244	41	1127	198	119	1728	58
PTPRT	20	94	0	13	28	7	50	13
SRSF6	1221	128	64	627	110	87	2678	36
L3MBTL1	101	19	8	166	43	22	125	8
SGK2	2	2	0	13	1	2	13	1
IFT52	788	91	32	399	86	59	1686	10
MYBL2	840	102	102	349	87	62	1623	22
GTSF1L	0	0	0	0	0	0	0	0
TOX2	8	9	1	22	4	4	21	1
JPH2	19	5	1	113	13	5	24	3
OSER1	573	65	56	445	55	51	1150	18
GDAP1L1	25	3	7	57	4	3	38	0
FITM2	97	15	14	94	10	11	158	4
R3HDML	0	1	0	2	0	0	1	0
HNF4A	0	1	0	8	0	1	5	0
TTPAL	199	22	7	110	23	10	422	4
SERINC3	970	97	74	694	108	68	1552	14
PKIG	1189	141	61	798	124	85	2127	33
ADA	353	35	16	227	22	10	596	5
CCN5	0	0	0	1	0	0	1	0
KCNK15	3	0	1	0	1	0	9	0
RIMS4	8	2	2	11	1	4	38	0
YWHAB	6070	785	562	3519	645	445	13086	145
PABPC1L	125	23	14	154	30	15	225	1
TOMM34	507	58	41	243	49	43	882	7
STK4	535	110	45	461	94	60	1206	20
KCNS1	9	0	0	5	0	1	5	0
WFDC5	0	0	0	0	0	0	0	0
WFDC12	0	0	0	0	0	0	0	0
PI3	1	0	0	0	0	0	0	0
SEMG1	0	0	0	0	0	0	1	0
SEMG2	0	0	0	0	0	0	0	0
SLPI	188	1	8	80	3	4	323	0
MATN4	3	1	2	11	0	1	5	0
RBPJL	0	0	2	0	0	0	0	0
SDC4	1313	94	32	555	70	82	2096	15
SYS1	520	52	44	223	31	29	867	5
TP53TG5	0	4	0	12	7	2	1	1
DBNDD2	0	13	0	68	8	4	1	3
PIGT	981	57	89	331	47	45	2053	11
WFDC2	207	198	137	306	39	40	941	8
SPINT3	0	0	0	0	0	0	0	0
WFDC6	0	0	0	0	0	0	0	0
EPPIN	0	0	0	0	0	0	0	0
WFDC8	1	1	0	3	0	0	0	0
WFDC9	0	0	0	0	0	0	0	0
WFDC10A	1	0	0	0	0	0	0	0
WFDC11	0	0	0	0	0	1	0	0
WFDC10B	2	0	0	1	2	1	2	0
WFDC13	0	0	0	0	0	0	0	0
SPINT4	0	0	0	2	0	0	0	0
WFDC3	3	1	0	10	1	1	43	0
DNTTIP1	786	92	51	416	68	48	1588	16
UBE2C	3782	610	533	1859	421	276	8691	110
TNNC2	10	2	8	18	4	0	38	0
SNX21	181	14	26	60	10	12	260	1
ACOT8	268	38	37	143	30	17	549	12
ZSWIM3	47	5	5	47	8	2	81	0
ZSWIM1	48	5	2	14	3	2	74	1
SPATA25	0	0	1	0	0	0	2	0
NEURL2	28	2	8	16	2	2	76	1
CTSA	574	44	59	215	31	16	1103	8
PLTP	2583	92	124	424	80	97	4120	15
PCIF1	243	33	40	158	13	10	533	1
ZNF335	139	27	9	134	19	16	294	4
MMP9	23	1	19	13	2	4	30	0
SLC12A5	120	7	12	61	9	4	247	2
NCOA5	237	81	13	471	99	58	445	21
CD40	98	14	12	21	4	5	250	0
CDH22	9	1	0	41	4	1	23	0
SLC35C2	550	60	58	345	50	34	1141	14
ELMO2	171	24	9	133	32	13	308	7
ZNF334	173	45	5	177	29	25	364	8
OCSTAMP	0	0	0	0	0	0	2	0
SLC13A3	45	71	2	222	25	25	101	14
TP53RK	1026	95	75	407	52	53	1817	15
SLC2A10	111	18	9	80	13	9	244	7
EYA2	10	11	0	41	17	3	21	6
ZMYND8	1244	367	68	1622	294	230	2356	64
NCOA3	229	97	30	655	108	71	518	19
SULF2	379	38	15	290	39	37	756	8
PREX1	180	90	11	483	60	18	458	17
ARFGEF2	183	87	13	604	80	58	375	13
CSE1L	1339	286	84	1130	268	158	2637	51
STAU1	1584	292	106	1306	214	171	2961	34
DDX27	907	129	91	516	84	45	1973	13
ZNFX1	104	21	8	118	19	12	185	3
KCNB1	10	1	0	8	1	1	10	1
PTGIS	194	27	11	261	48	35	370	8
B4GALT5	351	80	40	379	76	46	824	12
SLC9A8	54	39	3	159	27	12	100	6
SPATA2	138	16	8	90	7	7	226	0
RNF114	943	106	81	483	100	54	1984	14
SNAI1	306	35	23	237	33	10	865	24
UBE2V1	183	415	3	1828	324	220	355	86
TMEM189	440	49	25	238	38	25	775	7
CEBPB	472	42	53	183	24	17	817	7
PTPN1	519	114	33	509	91	69	1114	20
RIPOR3	202	15	3	218	40	19	334	5
PARD6B	755	96	29	605	120	105	1123	9
BCAS4	586	26	17	173	38	34	946	10
ADNP	1288	408	46	2031	368	220	2761	88
DPM1	1056	122	68	607	103	65	2105	19
MOCS3	161	17	9	71	7	7	353	2
KCNG1	464	82	16	344	61	33	1146	15
NFATC2	25	6	0	56	6	6	70	3
ATP9A	149	48	5	228	46	40	367	9
SALL4	1019	213	111	842	157	109	1960	34
ZFP64	199	68	13	362	65	40	419	18
TSHZ2	170	290	14	442	125	136	500	44
ZNF217	411	113	28	415	58	54	812	17
BCAS1	2	1	0	7	0	2	2	0
CYP24A1	1	0	0	1	0	0	0	1
PFDN4	2520	279	212	1212	196	150	4981	49
DOK5	189	19	10	166	15	20	212	1
CBLN4	0	0	0	0	0	0	2	0
MC3R	0	0	0	0	0	0	0	0
FAM210B	909	138	55	428	73	146	2552	18
AURKA	1078	203	123	570	129	80	2137	30
CSTF1	452	65	41	267	40	25	1056	12
CASS4	1	1	0	1	0	1	1	2
RTF2	1763	211	100	1026	171	100	3632	47
GCNT7	0	3	0	29	2	3	1	2
FAM209A	2	1	0	7	0	1	3	0
FAM209B	5	0	1	4	4	2	17	0
TFAP2C	48	6	12	42	8	11	111	1
BMP7	172	93	31	134	34	20	405	13
SPO11	0	0	0	0	0	0	0	0
RAE1	800	104	61	493	106	64	1732	22
MTRNR2L3	0	0	0	2	0	0	4	0
RBM38	316	20	55	158	21	18	568	5
CTCFL	0	0	2	0	2	1	19	0
PCK1	0	0	0	1	0	0	0	0
ZBP1	1	0	0	0	0	0	0	0
PMEPA1	233	58	57	327	37	20	563	13
C20orf85	1	0	0	1	0	0	1	0
ANKRD60	0	0	0	0	0	0	0	0
RAB22A	437	65	20	373	51	40	769	11
VAPB	663	126	39	430	78	62	1336	21
APCDD1L	86	9	2	63	7	3	142	9
STX16	553	133	59	477	82	79	1062	19
NPEPL1	189	29	13	222	34	20	486	3
GNAS	33093	3081	1469	15019	3506	2068	65236	711
NELFCD	1187	111	54	540	95	56	1932	17
CTSZ	1347	84	52	573	146	76	2857	20
TUBB1	1	0	0	1	0	1	3	0
ATP5F1E	16731	1503	743	5742	1293	1050	32761	278
PRELID3B	769	69	67	336	64	52	1462	11
ZNF831	2	3	0	26	9	1	6	0
EDN3	76	11	1	46	15	16	211	5
PHACTR3	30	3	2	20	29	11	89	0
SYCP2	9	0	1	13	2	4	30	0
FAM217B	325	48	20	234	37	47	1234	11
PPP1R3D	34	5	2	31	3	3	115	1
CDH26	1	1	1	8	2	2	8	0
CDH4	2	155	0	634	61	41	2	16
TAF4	15	32	1	153	25	24	25	9
LSM14B	294	60	44	199	29	20	694	9
PSMA7	10986	1332	746	5629	1105	745	21054	252
SS18L1	127	49	11	156	25	24	245	11
MTG2	240	51	16	207	35	25	431	3
HRH3	4	0	2	1	0	0	2	0
OSBPL2	229	35	20	154	30	20	484	7
ADRM1	2383	189	282	985	141	121	4151	52
LAMA5	614	32	37	216	21	29	1094	5
RPS21	26745	2435	2155	9996	1636	1413	54999	475
CABLES2	138	7	8	67	11	9	304	4
RBBP8NL	0	0	1	1	0	0	0	0
GATA5	263	20	12	95	9	11	448	7
SLCO4A1	11	4	3	1	0	2	22	0
NTSR1	4	1	0	0	1	0	9	0
MRGBP	747	54	47	270	42	31	1566	12
OGFR	547	45	29	203	22	27	1028	9
COL9A3	1006	43	42	103	22	24	3036	8
TCFL5	208	45	10	161	30	12	473	8
DIDO1	447	162	51	705	131	82	1078	29
GID8	814	103	84	504	79	73	1609	22
SLC17A9	24	2	6	8	2	1	60	0
BHLHE23	0	0	0	0	0	0	0	0
YTHDF1	578	56	46	244	45	39	1160	11
BIRC7	3	0	0	1	1	0	15	0
NKAIN4	153	55	9	50	9	13	655	8
ARFGAP1	336	31	28	126	27	24	691	7
COL20A1	1	0	0	1	1	0	2	0
CHRNA4	2	0	0	0	0	0	0	0
KCNQ2	131	49	6	104	55	37	439	10
EEF1A2	49	3	32	31	2	1	134	0
PPDPF	7195	733	560	2548	487	467	15655	120
PTK6	3	0	0	2	2	0	12	0
SRMS	0	0	0	0	0	0	0	0
FNDC11	18	1	0	5	0	0	30	0
HELZ2	65	10	12	20	5	2	144	1
GMEB2	97	31	5	157	28	16	249	4
STMN3	76	4	9	24	7	7	150	1
RTEL1	2	14	0	74	11	6	3	1
TNFRSF6B	0	3	0	6	0	1	0	1
ARFRP1	405	40	27	127	18	15	743	7
ZGPAT	14	50	0	263	46	24	18	14
LIME1	1	3	0	5	1	0	1	1
SLC2A4RG	1808	115	70	417	71	63	3551	17
ZBTB46	56	58	6	184	21	29	152	13
ABHD16B	0	0	0	0	0	0	0	0
TPD52L2	891	91	88	362	53	61	1651	15
DNAJC5	231	53	13	231	33	25	434	8
UCKL1	261	25	39	112	20	18	538	8
ZNF512B	204	18	16	46	14	8	329	2
SAMD10	21	3	1	5	1	2	45	0
PRPF6	994	161	90	647	95	80	2022	26
C20orf204	19	4	5	17	2	0	90	2
SOX18	8	2	2	9	1	1	60	0
TCEA2	934	97	67	478	81	62	2031	12
RGS19	267	15	21	79	12	13	474	5
OPRL1	4	0	0	11	3	0	1	1
LKAAEAR1	17	1	1	2	0	1	26	0
MYT1	0	2	0	13	2	4	1	0
NPBWR2	0	0	0	0	0	0	0	0
PCMTD2	316	74	17	324	41	57	646	14
OR4F17	0	0	0	0	1	0	0	0
PLPP2	34	1	26	26	1	0	47	1
MIER2	280	23	23	169	27	16	481	5
THEG	0	1	0	1	0	0	0	0
C2CD4C	80	1	6	16	2	1	60	1
SHC2	561	34	39	192	30	21	362	9
ODF3L2	2	1	0	4	0	1	5	0
MADCAM1	10	3	0	13	1	2	23	0
TPGS1	1185	53	48	389	87	69	2149	11
CDC34	1275	169	123	603	92	84	2403	21
GZMM	13	0	2	4	0	0	37	0
BSG	7713	997	651	4256	669	490	16072	146
HCN2	4	1	2	8	0	1	5	1
POLRMT	310	20	29	118	21	14	554	3
FGF22	2	1	1	2	0	0	11	0
RNF126	909	100	84	333	71	47	1682	19
FSTL3	271	10	15	43	7	6	401	2
PRSS57	1	0	0	5	0	0	5	0
PALM	620	65	30	299	54	23	1442	10
MISP	1	0	0	2	0	0	5	0
PTBP1	2579	249	199	904	172	132	5186	34
PLPPR3	613	70	44	165	56	38	1576	12
AZU1	4	1	0	15	6	4	14	0
PRTN3	0	0	0	1	1	0	1	0
ELANE	0	0	0	0	0	0	0	0
CFD	10	4	1	9	2	4	61	1
MED16	283	57	15	320	47	39	760	11
R3HDM4	354	28	26	142	23	18	726	8
KISS1R	7	1	2	1	0	1	28	0
ARID3A	2941	236	182	1303	212	182	5159	39
WDR18	1407	187	160	447	106	89	2894	33
GRIN3B	33	1	1	10	0	3	34	0
TMEM259	1037	81	100	274	53	51	2179	17
CNN2	2167	195	255	1229	200	160	4467	47
ABCA7	145	14	26	61	25	10	428	1
ARHGAP45	63	1	10	16	1	4	134	0
POLR2E	3028	313	267	1115	213	135	4786	51
GPX4	10609	1045	901	4000	613	519	18729	181
SBNO2	2	17	0	91	12	23	7	3
STK11	626	53	33	229	28	25	1185	15
CBARP	82	4	12	19	5	4	157	0
ATP5F1D	6171	605	578	2423	401	334	11583	102
MIDN	1783	205	122	790	153	105	3719	39
CIRBP	6638	529	282	2261	410	320	12675	61
FAM174C	797	85	115	305	63	30	1743	13
EFNA2	374	73	8	116	43	20	696	11
PWWP3A	628	80	37	280	56	49	1460	18
NDUFS7	2287	238	227	1069	196	121	4396	39
GAMT	1373	135	79	542	96	75	2931	23
DAZAP1	1912	241	230	1107	188	121	3414	45
RPS15	43747	5344	3513	22289	3834	3062	88774	930
APC2	7	1	1	16	2	2	15	1
C19orf25	582	92	61	353	66	34	1258	5
PCSK4	20	3	4	17	4	4	87	1
REEP6	67	7	8	23	1	4	151	0
ADAMTSL5	21	0	0	1	0	0	38	0
PLK5	1	0	0	3	0	1	4	0
MEX3D	572	79	30	238	45	33	1172	7
MBD3	732	93	52	339	56	47	1425	7
UQCR11	3382	458	272	2079	320	278	6469	75
TCF3	1264	186	87	749	155	116	2634	38
ONECUT3	1	0	0	4	0	0	1	0
ATP8B3	43	5	2	22	3	3	110	2
REXO1	404	39	27	191	28	14	815	5
KLF16	190	12	17	41	4	6	345	2
ABHD17A	568	119	31	495	113	66	980	19
SCAMP4	574	61	38	323	47	40	1131	12
ADAT3	72	3	5	18	1	2	105	0
CSNK1G2	1172	117	84	465	89	55	2306	16
BTBD2	440	79	34	334	68	40	1084	15
MKNK2	513	47	49	218	34	28	1126	14
MOB3A	235	39	15	138	22	29	415	12
IZUMO4	32	2	2	10	1	4	61	1
AP3D1	1249	116	105	477	93	72	2419	21
DOT1L	249	50	17	172	47	21	467	8
PLEKHJ1	2201	257	204	894	155	146	4532	60
SF3A2	655	86	73	321	49	41	1627	21
AMH	67	4	2	38	0	6	14	1
JSRP1	4	0	6	8	0	1	8	0
OAZ1	10651	1185	1115	5562	900	602	22344	204
PEAK3	0	3	0	6	1	0	1	0
LINGO3	23	1	3	0	0	1	40	0
LSM7	5288	579	464	2547	464	328	10131	105
SPPL2B	300	27	14	142	21	15	568	6
TMPRSS9	2	5	1	24	5	7	3	1
TIMM13	4483	524	541	2189	342	293	9047	80
LMNB2	745	124	68	286	61	60	1528	19
GADD45B	451	19	70	257	21	17	943	12
GNG7	86	42	4	195	40	24	197	10
DIRAS1	43	7	1	20	2	0	94	2
SLC39A3	516	50	40	269	34	31	1187	7
SGTA	578	68	60	241	45	36	1291	13
THOP1	454	57	37	264	34	26	817	9
ZNF554	68	8	3	48	13	7	150	5
ZNF555	37	8	4	59	2	5	179	0
ZNF556	0	0	1	4	2	0	1	0
ZNF57	29	7	3	24	2	0	70	0
ZNF77	31	16	5	44	5	5	119	1
TLE6	7	4	1	7	2	1	37	0
TLE2	73	9	9	11	3	8	106	0
TLE5	2744	284	181	607	148	147	4918	38
GNA11	289	22	25	87	15	11	463	4
GNA15	0	0	1	1	0	0	0	0
S1PR4	0	0	0	0	0	0	0	0
NCLN	444	44	42	197	44	28	715	12
CELF5	14	6	0	20	3	3	44	2
NFIC	256	21	14	101	13	16	467	3
SMIM24	18	6	20	70	1	1	80	3
AC005551.1	0	0	0	0	0	0	0	0
DOHH	235	21	30	106	14	13	517	5
FZR1	228	24	10	109	21	8	501	9
MFSD12	312	28	36	142	21	14	700	5
C19orf71	0	1	0	8	1	1	0	0
HMG20B	874	112	95	372	51	58	1902	17
GIPC3	2	0	0	3	0	0	5	0
TBXA2R	10	0	0	3	0	0	18	0
CACTIN	139	13	12	73	10	11	303	2
PIP5K1C	393	34	32	277	41	21	774	6
TJP3	5	0	14	6	1	1	24	0
APBA3	102	16	8	52	7	7	215	1
MRPL54	1456	152	113	617	122	81	2541	15
RAX2	0	0	0	0	0	0	0	0
MATK	18	3	27	4	0	1	26	0
ZFR2	141	26	16	186	33	7	444	8
ATCAY	9	4	22	16	2	3	27	0
NMRK2	38	2	310	32	3	2	66	0
DAPK3	627	93	64	624	81	73	1124	16
EEF2	15891	1248	1516	6228	899	846	31137	217
PIAS4	427	41	37	197	29	17	890	11
ZBTB7A	397	23	27	148	36	26	719	3
MAP2K2	3726	359	254	1729	262	201	7031	80
CREB3L3	1	0	0	2	0	0	2	0
SIRT6	212	29	19	130	26	15	546	6
ANKRD24	2	0	1	7	0	0	9	0
EBI3	12	1	0	12	2	0	21	1
YJU2	326	61	38	198	39	16	644	12
SHD	59	18	15	39	1	0	231	0
TMIGD2	20	0	2	5	4	0	77	0
FSD1	223	36	25	188	35	20	703	10
STAP2	146	16	20	87	11	14	424	4
MPND	337	33	20	182	18	20	713	11
SH3GL1	891	89	57	349	58	52	1776	11
CHAF1A	890	153	73	600	135	81	1851	26
UBXN6	329	11	23	102	16	12	637	7
HDGFL2	1900	193	117	936	167	119	4018	34
PLIN4	0	0	0	7	2	0	4	0
PLIN5	11	12	4	12	1	5	35	0
LRG1	4	0	0	8	1	1	5	0
SEMA6B	48	7	17	15	3	2	108	5
TNFAIP8L1	150	20	8	108	6	9	334	2
MYDGF	3065	280	221	1209	172	183	5270	42
DPP9	252	28	23	159	21	19	455	9
FEM1A	170	17	21	90	18	4	389	1
TICAM1	60	0	3	24	3	2	114	0
PLIN3	1736	145	100	710	112	92	3329	35
ARRDC5	0	0	0	0	0	0	0	0
UHRF1	368	107	18	431	95	61	880	14
KDM4B	520	123	27	809	132	80	1084	22
PTPRS	104	194	6	747	139	95	236	50
ZNRF4	0	0	0	0	0	0	0	0
TINCR	5	7	2	33	6	1	17	1
SAFB2	1049	111	70	524	106	52	2027	11
SAFB	1755	232	94	1150	226	136	3555	53
RPL36	37912	3190	2766	13056	2071	1764	75788	505
MICOS13	2020	184	108	722	124	114	3877	22
HSD11B1L	225	25	18	108	19	20	678	3
LONP1	578	63	69	322	52	35	1283	9
CATSPERD	0	0	0	11	0	0	3	0
PRR22	35	1	4	8	1	0	35	0
DUS3L	152	18	12	110	14	11	313	8
NRTN	266	16	11	45	10	17	591	4
FUT6	1	0	0	2	1	1	4	0
FUT3	6	0	3	1	1	0	9	0
FUT5	1	0	0	0	0	0	2	0
NDUFA11	3815	747	240	3213	598	430	7660	165
VMAC	83	8	5	49	6	8	139	0
CAPS	24	4	2	9	0	0	71	1
RANBP3	397	54	28	300	46	34	823	11
RFX2	78	43	3	168	31	25	231	8
ACSBG2	0	2	0	8	0	1	0	1
MLLT1	445	32	24	192	31	33	961	12
ACER1	1	0	0	2	0	0	0	0
CLPP	1864	145	149	694	128	125	3365	27
ALKBH7	2812	264	182	1395	193	192	6226	35
PSPN	25	0	2	11	1	2	46	0
GTF2F1	983	128	61	493	77	57	2065	22
KHSRP	1198	155	103	621	135	93	2314	22
SLC25A41	1	3	0	4	0	0	10	0
SLC25A23	245	38	28	187	47	22	566	4
CRB3	19	3	20	7	0	1	28	0
DENND1C	0	1	1	1	0	0	8	0
TUBB4A	12	2	14	14	1	2	39	0
TNFSF9	65	4	11	154	6	8	62	1
CD70	5	4	11	40	1	6	26	1
TNFSF14	1	1	0	23	4	2	0	1
C3	16	3	3	29	2	1	7	0
GPR108	523	42	37	270	46	28	810	8
TRIP10	453	43	41	324	47	21	927	3
SH2D3A	18	3	8	28	2	6	56	1
VAV1	1	0	2	3	0	0	0	0
ADGRE1	0	0	0	1	1	1	0	0
MBD3L2B	1	0	0	0	0	0	0	0
MBD3L5	0	0	0	0	0	0	0	0
MBD3L4	0	0	0	0	0	0	0	0
MBD3L2	0	0	0	0	0	0	0	0
MBD3L3	0	0	0	0	0	0	0	0
ZNF557	100	21	8	124	10	9	207	4
INSR	220	55	18	420	53	37	442	10
AC119396.1	0	2	0	11	0	1	0	2
ARHGEF18	159	54	11	277	41	33	243	8
PEX11G	26	6	4	24	2	7	62	1
TEX45	0	0	0	1	0	0	4	0
ZNF358	875	71	66	402	73	51	1662	10
MCOLN1	284	24	20	130	22	26	546	6
PNPLA6	287	20	39	127	22	18	524	5
CAMSAP3	30	7	8	30	6	4	86	0
XAB2	442	39	29	209	48	13	882	7
PET100	1245	213	63	931	169	129	2343	43
PCP2	0	0	0	1	0	0	0	0
STXBP2	194	25	50	155	22	20	477	2
RETN	0	0	0	0	0	0	0	0
MCEMP1	0	0	0	0	0	0	0	0
TRAPPC5	38	347	1	1580	279	185	77	69
FCER2	0	0	0	0	0	0	0	0
CLEC4G	0	0	0	0	0	0	1	0
CD209	0	0	0	0	0	0	0	0
CLEC4M	0	0	0	1	0	0	0	0
EVI5L	84	5	9	61	11	14	165	0
PRR36	24	6	5	13	3	1	55	0
LRRC8E	18	1	3	4	2	2	24	0
MAP2K7	451	35	31	160	34	23	989	10
TGFBR3L	21	2	10	7	4	2	67	0
SNAPC2	389	45	30	147	22	20	940	6
CTXN1	663	122	38	368	76	73	1767	20
TIMM44	571	77	87	352	56	36	1042	10
ELAVL1	2187	292	153	1297	261	179	4534	41
CCL25	0	0	0	3	0	0	3	0
FBN3	139	77	16	258	47	37	280	14
CERS4	331	74	71	354	50	26	686	8
CD320	1363	167	108	388	82	73	2749	24
NDUFA7	218	312	23	1144	207	140	443	38
RPS28	24307	3952	1837	18560	2804	2382	47692	550
KANK3	6	1	3	8	2	2	16	2
ANGPTL4	241	10	12	88	8	10	420	8
RAB11B	1234	115	73	463	73	58	2495	20
MARCH2	151	16	12	108	10	15	286	6
HNRNPM	8392	912	471	3900	740	569	16334	157
PRAM1	0	2	0	12	2	0	1	1
ZNF414	343	43	29	158	24	19	731	5
MYO1F	11	14	0	80	9	4	77	0
ADAMTS10	92	31	3	158	26	9	237	2
LINC01862	0	0	0	3	0	0	0	0
ACTL9	0	0	0	0	0	0	0	0
OR2Z1	0	0	0	0	0	0	0	0
ZNF558	4	1	2	47	5	8	111	0
MBD3L1	0	0	0	2	0	0	0	0
MUC16	0	0	0	2	0	1	1	0
OR1M1	0	1	0	0	0	0	0	0
OR7G2	0	0	0	0	0	0	1	0
OR7G1	0	0	0	0	0	0	0	0
OR7G3	0	0	0	0	0	0	0	0
ZNF317	114	12	11	107	17	16	193	2
OR7D2	0	0	0	5	0	0	11	0
OR7D4	0	0	0	0	0	0	0	0
OR7E24	0	0	0	0	0	0	0	0
ZNF699	55	9	4	44	6	11	103	1
ZNF559	93	32	9	202	16	6	315	5
ZNF177	1	9	0	48	4	1	5	0
ZNF266	95	24	11	127	25	22	261	1
ZNF560	1	1	4	0	1	0	8	0
ZNF426	482	69	25	239	33	33	803	13
ZNF121	245	88	48	278	65	44	508	9
ZNF561	279	47	27	218	41	34	663	12
ZNF562	172	44	20	298	51	26	361	10
ZNF846	102	41	6	217	39	36	240	8
FBXL12	611	66	45	290	40	38	1229	9
UBL5	8002	829	597	3668	599	438	15578	130
PIN1	2573	295	200	1136	213	153	5184	51
OLFM2	119	29	93	163	27	14	501	3
COL5A3	1	0	4	9	0	0	8	0
RDH8	0	0	4	0	0	0	1	0
SHFL	138	2	19	29	2	2	231	0
ANGPTL6	308	19	2	51	13	11	584	1
PPAN	454	82	48	258	45	36	822	9
P2RY11	22	4	1	22	1	2	53	0
EIF3G	4076	453	346	2018	325	235	8251	81
DNMT1	2190	343	145	1259	267	171	4738	52
S1PR2	167	12	6	43	15	6	439	1
MRPL4	1541	144	158	668	128	85	2990	29
ICAM1	4	0	1	5	0	0	12	0
ICAM4	30	1	3	21	2	1	112	0
ICAM5	2	0	1	4	0	0	11	0
ZGLP1	11	3	0	2	0	1	25	0
FDX2	139	60	9	261	49	29	294	9
RAVER1	23	38	0	199	29	35	39	8
ICAM3	186	19	25	90	15	13	385	3
TYK2	213	23	27	78	22	14	399	3
CDC37	2334	194	194	923	125	114	4683	32
PDE4A	93	7	5	57	6	5	167	1
KEAP1	534	43	61	257	49	28	921	9
S1PR5	10	0	0	10	1	1	21	0
ATG4D	319	31	48	182	23	21	737	6
KRI1	207	38	21	130	30	10	554	9
CDKN2D	85	9	11	42	13	5	176	3
AP1M2	58	8	95	112	8	6	122	1
SLC44A2	366	83	20	260	38	32	749	8
ILF3	3416	486	213	1889	394	292	7021	87
QTRT1	576	62	24	210	44	25	1187	9
DNM2	532	118	51	511	98	59	986	22
TMED1	1145	114	61	465	80	63	2190	14
C19orf38	3	2	3	8	2	1	7	1
CARM1	763	79	62	406	71	38	1548	15
YIPF2	787	57	70	247	35	40	1376	7
TIMM29	524	69	42	280	53	28	896	11
SMARCA4	2816	406	185	1549	321	196	5875	79
LDLR	839	108	54	611	126	85	1525	20
SPC24	361	41	20	165	36	31	669	12
KANK2	430	41	23	160	30	16	818	5
DOCK6	90	25	9	127	15	19	225	6
ANGPTL8	1	0	0	2	1	0	2	0
TSPAN16	1	1	0	1	0	0	0	0
RAB3D	122	12	6	51	3	11	234	1
TMEM205	770	79	87	347	67	38	1816	7
CCDC159	71	6	5	59	7	8	196	3
PLPPR2	56	1	2	24	4	4	103	1
SWSAP1	117	11	15	58	13	9	233	0
EPOR	450	36	50	176	21	18	873	14
RGL3	7	12	9	21	0	2	54	0
CCDC151	27	3	18	10	1	2	126	0
PRKCSH	1639	152	129	591	107	86	3613	20
ELAVL3	7	4	1	24	7	3	24	0
ZNF653	42	4	1	49	11	6	119	2
ECSIT	459	57	49	228	39	36	1016	10
CNN1	115	11	51	121	7	6	282	2
ELOF1	1028	97	97	442	71	45	2127	23
ZNF627	150	59	5	228	39	23	321	7
ACP5	8	0	16	1	0	2	26	0
ZNF823	73	19	0	59	13	11	161	3
ZNF441	44	15	2	52	8	11	102	2
ZNF491	18	8	0	34	7	5	37	0
ZNF440	61	41	5	106	19	16	137	4
ZNF439	107	26	2	4	4	13	107	6
ZNF69	140	52	7	233	67	45	228	18
ZNF700	58	26	3	172	15	15	96	3
ZNF763	16	17	0	20	7	6	52	1
ZNF433	66	32	3	100	13	15	104	1
ZNF878	6	5	2	14	3	3	13	0
ZNF844	62	33	1	122	16	12	50	10
ZNF20	9	22	1	81	16	8	42	3
ZNF625	151	93	8	280	46	39	291	5
ZNF136	175	38	13	147	24	19	401	9
ZNF44	138	44	16	222	50	31	287	10
ZNF563	81	9	4	43	9	6	109	1
ZNF442	22	11	0	31	6	3	48	0
ZNF799	36	9	3	37	10	4	109	1
ZNF443	40	7	1	30	9	3	98	2
ZNF709	25	55	0	266	34	20	29	13
ZNF564	31	38	1	124	24	20	65	6
ZNF490	39	22	6	145	24	10	99	5
ZNF791	568	70	30	321	40	48	1075	9
MAN2B1	60	35	5	160	31	23	126	14
WDR83	315	37	20	160	31	14	662	9
WDR83OS	58	454	4	1906	371	274	140	92
DHPS	266	142	20	426	73	78	565	18
GNG14	0	0	0	1	0	0	0	0
FBXW9	225	27	14	129	19	15	472	6
TNPO2	215	63	36	279	59	29	497	11
TRIR	4837	461	420	2193	376	273	10260	92
GET3	1554	133	133	779	122	85	2900	27
BEST2	0	0	0	2	0	0	2	0
HOOK2	319	34	60	227	30	29	787	8
JUNB	754	22	61	317	18	19	1494	1
PRDX2	11054	1508	783	5805	1239	733	25715	250
THSD8	0	1	0	0	0	0	0	1
RNASEH2A	77	14	3	41	9	5	185	0
RTBDN	3	0	3	0	0	0	7	0
MAST1	27	0	3	33	9	6	122	2
DNASE2	223	18	37	165	17	15	598	3
KLF1	79	5	6	65	6	1	201	0
GCDH	624	88	46	210	42	35	1051	16
SYCE2	26	11	1	30	15	8	73	2
FARSA	856	66	97	337	64	29	1676	13
CALR	17030	1252	1089	5438	989	780	31851	236
RAD23A	1824	239	173	953	147	120	3893	31
GADD45GIP1	5238	550	419	2383	458	335	10279	87
DAND5	2	0	0	7	0	1	10	0
NFIX	34	2	0	13	2	1	56	3
LYL1	105	4	3	27	6	6	204	1
TRMT1	422	34	45	207	31	22	842	7
NACC1	540	45	53	251	40	20	987	10
STX10	609	54	39	228	75	24	1409	10
IER2	2421	273	205	1597	183	160	5311	32
CACNA1A	59	11	14	228	23	14	236	7
CCDC130	434	45	39	269	31	38	854	9
MRI1	253	22	14	104	12	22	459	2
C19orf53	4922	517	371	2250	324	280	8763	78
ZSWIM4	64	26	7	103	17	9	216	3
NANOS3	0	0	2	3	0	0	3	0
C19orf57	27	5	3	12	7	2	96	1
CC2D1A	195	14	14	86	15	14	395	4
PODNL1	5	0	1	6	2	1	10	1
DCAF15	491	68	56	281	46	39	1120	8
RFX1	290	31	31	188	25	24	533	12
RLN3	0	0	0	1	0	0	0	0
IL27RA	84	7	5	28	7	4	182	0
PALM3	52	7	13	35	7	6	95	1
MISP3	19	5	3	8	0	1	49	0
C19orf67	4	0	2	2	0	0	9	0
SAMD1	621	73	36	313	56	29	1313	16
PRKACA	392	40	19	221	24	30	752	6
ASF1B	409	58	29	202	33	27	734	16
ADGRL1	151	37	27	143	17	11	372	4
ADGRE5	90	4	3	26	3	8	145	1
DDX39A	1423	161	229	674	135	104	2853	25
PKN1	661	76	97	285	50	29	1449	14
PTGER1	4	0	1	2	2	0	19	0
GIPC1	1353	108	116	504	92	64	2500	13
DNAJB1	708	98	74	400	59	46	1556	15
TECR	1751	281	158	1255	253	157	3964	43
NDUFB7	3869	388	373	1772	320	249	7858	58
CLEC17A	0	0	0	0	0	0	0	0
ADGRE3	0	1	0	1	1	0	0	0
ZNF333	21	34	5	95	14	13	152	1
ADGRE2	0	1	2	4	1	0	3	0
OR7C1	0	0	0	2	0	0	2	0
OR7A5	0	0	0	0	0	0	0	0
OR7A10	0	0	0	0	0	0	0	0
OR7A17	1	0	0	1	0	0	0	0
OR7C2	0	0	0	0	0	0	0	0
SLC1A6	36	22	15	44	13	6	155	1
CCDC105	0	0	0	0	0	0	0	0
CASP14	0	0	0	0	0	0	0	0
OR1I1	0	0	0	1	0	0	0	0
SYDE1	225	19	15	80	13	15	467	7
ILVBL	573	56	42	205	33	35	1220	9
NOTCH3	300	67	27	204	39	25	719	13
EPHX3	21	1	12	27	4	1	63	0
BRD4	2203	285	145	1469	245	163	4658	62
AKAP8	397	49	39	308	46	36	784	11
AKAP8L	994	162	61	828	121	99	2189	30
WIZ	458	34	30	186	38	20	904	6
RASAL3	6	0	1	3	0	0	10	0
PGLYRP2	0	0	0	2	0	1	0	0
CYP4F22	0	0	0	1	0	1	0	0
CYP4F8	0	0	0	1	0	0	2	1
CYP4F3	0	0	0	0	0	0	0	0
CYP4F12	0	0	0	0	0	0	0	0
OR10H2	0	0	0	0	0	0	0	0
OR10H3	0	0	0	0	0	0	0	0
OR10H5	0	0	0	1	0	0	0	0
OR10H1	2	0	0	0	0	0	1	0
CYP4F2	0	0	0	0	0	0	0	0
CYP4F11	0	1	0	1	0	0	0	0
OR10H4	0	0	0	0	0	0	0	0
TPM4	6791	857	484	4159	696	549	12488	119
RAB8A	1320	156	85	614	117	81	2641	31
HSH2D	0	1	2	6	1	0	1	1
CIB3	0	0	0	2	0	0	0	0
FAM32A	1821	158	118	778	126	105	3695	30
AP1M1	572	75	31	240	41	34	1018	2
KLF2	160	3	21	63	5	3	199	0
EPS15L1	231	62	20	336	62	41	514	7
CALR3	0	1	0	3	0	1	0	0
C19orf44	53	9	2	30	3	10	100	0
CHERP	401	41	36	218	30	27	859	13
SLC35E1	388	45	29	192	36	33	885	5
MED26	114	13	5	148	16	7	186	2
SMIM7	1600	220	104	828	138	143	3237	39
TMEM38A	13	7	10	34	10	2	59	0
NWD1	0	2	0	3	1	0	0	0
SIN3B	317	46	30	250	35	19	573	8
F2RL3	2	1	0	2	1	0	0	0
CPAMD8	47	28	4	111	29	23	142	6
HAUS8	302	47	28	182	47	30	633	8
MYO9B	327	94	29	419	86	52	617	21
USE1	543	56	38	221	34	33	1119	5
OCEL1	335	21	39	149	22	15	683	7
NR2F6	2630	247	267	1176	194	141	5219	53
USHBP1	6	13	3	50	10	8	10	3
BABAM1	1428	145	111	683	141	88	2744	30
ANKLE1	27	5	12	6	4	2	95	2
ABHD8	192	28	12	119	21	12	394	8
MRPL34	1539	192	246	828	133	95	3151	26
DDA1	909	104	69	382	55	45	1838	12
ANO8	43	5	9	28	6	4	124	3
GTPBP3	284	45	34	130	33	19	727	10
PLVAP	24	4	2	21	1	1	30	3
CCDC194	20	3	0	13	6	6	16	0
BST2	7775	189	311	2137	371	568	11750	77
MVB12A	1358	113	52	607	110	120	2699	22
TMEM221	8	6	1	12	3	0	24	0
NXNL1	0	0	0	0	0	0	0	0
SLC27A1	105	12	7	106	14	12	173	4
PGLS	2832	306	231	1495	246	195	5458	59
NIBAN3	0	2	0	4	0	0	3	0
COLGALT1	466	55	30	161	15	26	837	2
UNC13A	6	2	6	16	2	2	8	1
MAP1S	376	45	37	219	41	27	758	9
FCHO1	15	1	14	33	3	3	82	1
B3GNT3	0	0	0	0	0	0	2	0
INSL3	2	0	1	2	0	0	16	0
JAK3	14	1	3	19	1	0	24	0
RPL18A	51330	7026	4781	27923	4598	3163	119653	979
SLC5A5	1	0	0	3	0	0	1	0
CCDC124	1597	259	133	928	167	113	3330	34
KCNN1	14	5	5	30	5	1	60	0
ARRDC2	17	1	2	15	1	1	48	0
IL12RB1	0	0	0	0	0	0	0	0
MAST3	66	9	6	44	6	7	105	4
PIK3R2	20	39	1	202	27	31	59	12
IFI30	0	2	2	31	3	3	2	1
MPV17L2	352	41	30	167	23	33	692	5
RAB3A	45	6	13	14	1	2	133	1
PDE4C	0	2	0	17	2	0	0	0
AC008397.1	0	0	0	1	0	0	0	0
IQCN	7	3	2	29	7	1	9	2
JUND	4190	361	296	2138	317	225	7528	70
LSM4	5266	785	494	2822	649	393	12927	119
PGPEP1	57	8	17	27	2	1	67	3
GDF15	52	12	27	53	3	10	108	1
LRRC25	0	0	0	0	0	0	1	0
SSBP4	1490	112	112	511	87	87	2936	31
ISYNA1	2480	154	191	921	89	118	5437	55
ELL	250	26	14	150	24	23	419	1
FKBP8	2668	313	283	1361	216	148	5313	67
KXD1	966	90	127	369	71	45	2139	13
UBA52	27641	2643	1976	10872	2037	1595	51459	469
CRLF1	48	19	26	28	4	6	140	9
REX1BD	2182	293	185	1026	192	150	4562	39
TMEM59L	36	7	27	13	0	3	123	4
KLHL26	32	5	1	23	5	2	107	3
CRTC1	212	62	11	295	54	32	415	9
COMP	5	0	1	0	0	0	6	0
UPF1	355	44	22	197	28	30	652	7
CERS1	124	19	17	53	4	5	296	3
GDF1	0	0	0	0	0	0	0	0
COPE	5077	531	369	2423	400	316	10075	83
DDX49	677	66	48	268	51	39	1283	9
HOMER3	1655	184	66	714	146	78	3634	38
SUGP2	1042	137	100	676	110	81	2014	24
ARMC6	339	44	44	192	26	15	609	6
SLC25A42	110	16	7	87	17	13	252	2
TMEM161A	482	65	28	294	47	40	1015	18
MEF2B	2	17	0	73	9	5	1	6
BORCS8	559	40	40	212	32	19	823	3
RFXANK	1336	135	85	474	89	66	2813	17
NR2C2AP	118	19	23	92	14	5	287	6
NCAN	4	1	2	11	0	0	10	1
HAPLN4	41	3	6	17	4	4	143	2
TM6SF2	21	10	1	28	2	2	62	0
SUGP1	300	54	31	233	42	17	554	9
MAU2	292	49	16	289	64	34	584	9
GATAD2A	601	190	57	937	169	121	1244	31
TSSK6	1	2	0	4	0	1	2	0
NDUFA13	2104	1406	153	5675	956	807	4122	225
YJEFN3	130	10	5	65	13	12	249	3
CILP2	15	2	6	6	1	1	34	0
PBX4	32	20	3	100	14	13	86	5
LPAR2	275	26	28	114	14	10	577	4
GMIP	70	9	17	34	7	4	146	3
ATP13A1	324	18	20	89	14	10	589	2
ZNF101	60	15	6	58	16	8	153	3
ZNF14	69	17	5	90	17	17	131	3
ZNF506	58	89	10	370	26	52	86	7
ZNF253	201	117	11	509	85	65	392	17
ZNF93	352	139	31	704	101	65	751	25
ZNF682	250	128	38	537	79	60	504	15
ZNF90	460	197	46	1170	169	88	945	27
ZNF486	136	39	10	210	34	32	262	10
ZNF737	199	48	6	280	23	26	329	11
ZNF626	422	117	15	477	65	81	823	29
ZNF66	105	74	7	418	67	60	188	13
ZNF85	5	95	1	340	55	47	14	11
ZNF430	393	69	25	372	58	37	679	10
ZNF714	792	209	65	845	100	123	1103	27
ZNF431	457	125	40	536	79	69	946	21
ZNF708	252	115	11	588	86	89	465	23
ZNF738	610	160	62	586	128	85	1386	32
ZNF493	222	45	18	201	27	29	334	6
ZNF429	255	55	18	332	49	41	325	6
ZNF100	31	94	2	406	74	40	64	17
ZNF43	186	216	4	827	164	118	322	34
ZNF208	0	145	6	5	0	0	6	0
ZNF257	0	36	0	6	0	0	0	0
ZNF676	0	2	0	192	0	0	0	0
ZNF729	0	0	0	0	0	0	0	0
ZNF98	0	0	0	6	1	0	16	0
ZNF492	33	0	0	0	0	4	68	0
ZNF99	1	0	0	0	0	0	6	0
ZNF723	0	1	0	3	0	0	1	0
ZNF728	1	0	0	1	0	1	4	0
ZNF730	190	151	11	732	125	95	426	41
ZNF724	154	70	13	258	52	37	284	15
ZNF91	709	152	35	713	132	145	1395	31
ZNF675	230	80	32	186	59	45	504	12
ZNF681	132	33	16	70	21	20	218	4
ZNF726	3	40	1	29	2	10	5	4
ZNF254	433	213	16	914	151	119	865	35
UQCRFS1	1474	402	305	1871	314	209	5718	70
VSTM2B	1	1	1	8	2	0	2	1
POP4	613	65	45	241	42	38	1161	6
PLEKHF1	9	1	17	9	3	1	30	0
C19orf12	560	76	20	252	48	39	858	9
CCNE1	793	49	49	221	48	34	1179	11
URI1	1560	340	101	1426	243	184	3294	49
ZNF536	5	4	0	60	12	10	19	5
TSHZ3	219	164	22	747	268	167	781	38
ZNF507	191	59	14	278	48	42	367	7
DPY19L3	223	82	12	479	68	72	453	13
PDCD5	4394	523	273	1927	350	280	8589	69
ANKRD27	132	37	15	206	34	27	263	7
RGS9BP	4	0	0	2	0	0	8	0
NUDT19	83	9	4	57	15	11	242	2
TDRD12	8	2	3	11	3	1	13	2
SLC7A9	1	4	0	6	2	1	1	0
CEP89	326	70	16	302	64	43	849	11
FAAP24	79	10	6	50	13	9	244	8
RHPN2	229	17	10	133	21	36	309	11
GPATCH1	223	26	11	179	29	21	414	6
WDR88	0	5	0	13	0	2	0	1
LRP3	368	10	20	35	5	2	756	2
SLC7A10	3	1	0	3	1	0	10	0
CEBPA	88	5	3	20	3	1	163	0
CEBPG	422	69	45	317	78	53	988	24
PEPD	980	108	83	549	77	58	1971	26
CHST8	7	1	8	27	7	2	14	1
KCTD15	330	43	14	234	45	21	589	12
LSM14A	689	395	32	2071	350	256	1359	58
KIAA0355	65	82	4	447	73	60	139	15
GPI	1089	150	135	697	113	80	2691	24
PDCD2L	185	45	33	108	27	23	494	7
UBA2	2331	407	160	1755	314	224	4887	62
WTIP	610	39	16	216	47	22	991	7
SCGB2B2	1	32	0	125	17	28	1	4
ZNF302	557	112	40	436	63	66	844	11
ZNF181	138	10	8	77	10	4	249	4
ZNF599	98	17	5	56	9	7	207	3
ZNF30	49	16	1	66	10	5	116	3
ZNF792	71	7	4	29	3	3	98	1
GRAMD1A	766	54	93	304	42	35	1407	9
SCN1B	29	2	10	8	0	0	52	2
HPN	30	5	9	34	5	3	52	0
FXYD3	1	0	1	2	0	0	2	0
LGI4	3	1	3	11	3	1	15	0
FXYD1	40	3	33	55	2	2	183	2
FXYD7	10	1	31	15	2	1	15	3
FXYD5	687	45	280	341	40	27	1322	6
FAM187B	0	0	0	0	0	0	0	0
LSR	218	39	114	119	27	20	496	6
USF2	870	82	76	377	79	47	1539	14
HAMP	2	0	0	2	0	0	0	0
MAG	0	0	0	0	0	0	0	0
CD22	1	1	0	1	0	0	1	0
FFAR1	0	0	0	0	0	0	0	0
FFAR3	0	0	0	0	0	0	0	0
GPR42	0	0	0	0	0	0	0	0
FFAR2	0	0	0	0	0	0	0	0
KRTDAP	4	1	1	3	1	1	29	0
DMKN	961	132	208	496	108	65	2384	18
SBSN	0	0	0	0	0	0	1	0
GAPDHS	0	0	1	0	0	0	2	0
TMEM147	2683	243	255	1083	187	142	5129	44
ATP4A	0	1	0	2	1	0	2	0
PMIS2	0	0	0	0	0	0	0	0
HAUS5	185	41	12	148	26	20	447	6
RBM42	1323	132	106	579	87	66	2587	21
ETV2	246	10	5	96	8	7	759	3
COX6B1	7323	764	769	3548	586	467	15275	148
UPK1A	6	2	7	8	0	0	19	0
ZBTB32	0	1	0	2	1	0	0	1
KMT2B	642	41	49	235	30	30	1285	8
IGFLR1	4	14	1	37	4	7	16	3
U2AF1L4	152	26	21	91	9	10	427	4
PSENEN	1272	151	82	754	101	84	2630	25
LIN37	14	19	4	91	15	14	36	6
HSPB6	254	8	15	94	13	15	654	0
PROSER3	204	27	8	112	23	18	404	2
ARHGAP33	128	17	11	58	20	13	375	4
PRODH2	0	0	0	0	0	0	0	0
NPHS1	1	1	1	11	1	1	7	0
KIRREL2	5	1	6	12	1	0	64	0
APLP1	125	16	18	97	10	16	404	2
NFKBID	55	6	16	40	5	0	112	0
HCST	14	1	2	22	0	1	46	0
TYROBP	12	1	3	8	0	2	42	1
LRFN3	154	11	9	45	16	2	320	1
SDHAF1	364	40	44	182	25	20	818	9
SYNE4	75	17	22	111	16	6	238	2
ALKBH6	154	18	14	64	9	7	329	1
CLIP3	250	21	17	122	22	17	588	5
THAP8	154	10	17	83	12	14	338	4
WDR62	141	42	27	153	27	23	249	12
OVOL3	0	2	0	2	0	0	1	1
POLR2I	2756	375	267	1327	265	183	6298	60
TBCB	2371	261	263	1142	205	139	4985	50
CAPNS1	2475	179	186	854	136	116	4846	35
COX7A1	10	2	4	15	1	0	28	0
ZNF565	43	97	2	344	58	37	107	18
ZNF146	638	136	74	667	135	107	1399	20
ZFP14	253	50	16	200	34	26	575	10
ZFP82	342	72	25	364	44	33	714	15
ZNF566	179	62	15	199	25	30	403	9
ZNF260	339	64	22	300	55	47	671	13
ZNF529	109	36	7	233	25	16	288	9
ZNF382	93	5	6	60	5	10	163	1
ZNF461	42	11	0	76	16	9	76	3
ZNF567	277	53	30	238	45	30	537	15
ZNF850	127	62	20	405	34	24	303	9
ZNF790	124	31	9	140	29	24	260	9
ZNF345	80	44	4	165	27	26	169	4
ZNF829	51	16	4	44	1	6	135	2
ZNF568	181	50	9	137	4	25	513	8
ZNF420	144	27	8	108	17	15	271	13
ZNF585A	52	53	6	221	29	10	200	5
ZNF585B	70	24	6	183	16	10	124	4
ZNF383	59	15	5	70	13	12	191	2
ZNF875	185	74	22	309	27	51	488	8
ZNF527	55	8	6	34	7	13	115	2
ZNF569	151	67	15	168	34	30	297	10
ZNF570	104	28	4	63	12	5	226	4
ZNF793	291	37	19	157	42	31	646	6
ZNF540	15	4	1	23	4	0	21	0
ZNF571	45	11	7	60	7	3	119	3
ZFP30	99	53	8	165	40	32	163	6
ZNF781	53	12	1	27	4	2	146	2
ZNF607	56	13	6	65	9	6	107	3
ZNF573	71	28	9	93	18	12	158	2
WDR87	3	1	0	1	0	0	5	0
SIPA1L3	82	153	4	745	113	78	142	13
DPF1	79	4	11	52	11	10	241	1
SPINT2	1873	187	409	654	80	122	4082	19
PPP1R14A	461	54	76	224	37	23	949	11
YIF1B	785	78	92	352	48	47	1681	20
C19orf33	25	7	29	19	0	7	68	1
KCNK6	183	5	31	68	7	3	434	1
CATSPERG	4	1	2	17	3	2	18	0
PSMD8	5962	513	451	2489	477	337	11195	96
GGN	1	0	1	0	1	0	0	0
SPRED3	3	2	2	21	2	1	10	1
FAM98C	87	3	9	20	10	2	234	1
RASGRP4	3	1	6	5	0	0	3	0
RYR1	5	3	1	36	2	3	18	0
MAP4K1	15	7	8	23	3	2	61	0
EIF3K	8427	931	800	5248	696	556	16562	179
ACTN4	1157	185	110	793	123	115	2199	30
CAPN12	18	0	4	22	6	6	94	1
LGALS7	1	1	0	0	0	0	0	0
LGALS7B	0	2	3	0	0	0	10	0
LGALS4	1	2	0	6	0	1	11	0
ECH1	1971	193	184	928	189	125	4345	27
HNRNPL	1094	240	68	899	177	127	2293	40
RINL	83	10	10	45	3	5	220	2
SIRT2	427	30	17	163	29	25	793	12
NFKBIB	326	49	50	159	27	18	627	4
CCER2	3	1	1	7	3	0	12	0
SARS2	140	39	23	146	23	27	257	2
MRPS12	1409	158	195	713	117	81	2722	18
FBXO17	781	174	52	666	127	99	1876	16
FBXO27	31	7	8	56	7	3	75	0
ACP7	0	0	0	0	0	0	0	0
PAK4	522	63	38	332	57	39	1005	16
NCCRP1	79	2	5	20	0	0	249	7
SYCN	1	0	1	0	0	0	1	0
IFNL3	0	0	0	0	0	0	1	0
IFNL2	0	0	0	0	0	0	2	0
IFNL1	0	0	0	0	0	0	0	0
LRFN1	133	6	6	52	9	4	256	1
GMFG	3	2	2	2	0	2	5	0
SAMD4B	984	90	84	524	85	61	1921	22
PAF1	618	48	49	226	50	32	1122	12
MED29	559	67	53	330	48	31	921	8
ZFP36	291	7	22	69	4	7	510	0
PLEKHG2	279	28	20	150	24	16	522	10
RPS16	48560	4742	3574	19570	3089	2544	91912	755
SUPT5H	925	72	61	489	61	58	1801	12
TIMM50	1091	103	126	485	89	61	2014	17
DLL3	309	84	50	776	47	14	889	43
SELENOV	29	13	10	43	3	4	66	3
EID2B	130	20	8	64	12	15	230	2
EID2	589	63	53	332	80	36	1367	7
LGALS13	0	0	0	0	0	0	0	0
LGALS16	0	0	0	0	0	0	0	0
LGALS14	0	0	0	0	0	0	0	0
CLC	0	0	0	0	0	0	0	0
LEUTX	0	0	0	0	0	0	0	0
DYRK1B	243	14	15	129	21	16	510	6
FBL	3178	324	273	1380	251	172	6832	68
FCGBP	2	1	0	4	3	0	7	0
PSMC4	2515	256	203	1019	194	130	4850	39
ZNF546	45	9	4	59	9	1	87	2
ZNF780B	85	36	4	182	30	34	141	7
ZNF780A	94	23	4	74	12	9	190	1
MAP3K10	92	28	5	75	13	5	224	5
TTC9B	1	0	3	2	0	0	3	0
CNTD2	2	5	0	5	0	0	35	0
AKT2	496	57	28	295	41	27	1043	9
C19orf47	103	8	9	44	6	1	128	2
PLD3	4157	269	281	1633	207	187	8741	56
HIPK4	0	0	1	9	2	1	6	2
PRX	35	1	1	31	2	3	74	0
SERTAD1	331	32	25	201	21	18	766	9
SERTAD3	763	35	52	353	36	44	1798	12
BLVRB	889	56	153	414	42	61	1706	8
SPTBN4	9	2	1	14	2	0	26	0
SHKBP1	533	59	55	259	41	34	1174	9
LTBP4	388	65	45	250	32	24	1135	16
NUMBL	228	16	14	64	9	11	304	1
COQ8B	417	48	38	214	34	20	867	7
ITPKC	101	10	5	88	9	7	182	0
C19orf54	128	22	12	51	11	4	269	2
SNRPA	1844	273	173	958	209	139	3777	40
MIA	2	0	0	16	1	2	3	1
RAB4B	19	46	0	170	27	29	17	2
EGLN2	17	76	2	331	79	52	35	21
CYP2A6	2	0	0	4	0	0	11	0
CYP2A7	0	0	0	1	0	0	1	0
CYP2B6	2	0	1	0	0	0	0	0
CYP2A13	1	0	0	0	0	0	1	0
CYP2F1	0	0	0	4	0	0	2	0
CYP2S1	61	5	63	28	6	3	104	0
AXL	499	59	30	257	37	57	1128	11
HNRNPUL1	1778	191	147	843	177	122	3713	41
TGFB1	1393	109	89	600	79	61	2315	36
CCDC97	281	28	22	210	39	23	480	11
TMEM91	204	57	11	174	28	22	475	9
B9D2	179	15	10	90	11	10	436	5
EXOSC5	579	82	65	254	55	35	1137	9
BCKDHA	7	58	0	282	39	34	23	7
B3GNT8	64	5	1	19	4	2	130	0
DMAC2	903	83	81	326	57	41	1715	14
ERICH4	0	0	0	0	0	0	1	0
CEACAM21	0	3	0	4	0	0	0	1
CEACAM4	0	0	0	0	0	0	0	0
CEACAM7	0	0	0	0	0	0	0	0
CEACAM5	0	0	0	0	0	0	0	0
CEACAM6	0	0	0	0	0	0	1	0
CEACAM3	0	0	0	0	0	0	0	0
LYPD4	0	0	0	0	0	0	0	0
DMRTC2	0	0	0	0	0	0	0	0
RPS19	95519	8777	6605	43777	6074	5189	173807	1571
CD79A	6	1	0	2	0	0	16	0
ARHGEF1	403	27	31	135	25	21	765	8
ERFL	1	0	0	1	1	0	1	0
RABAC1	3753	397	328	1943	256	271	7164	87
ATP1A3	7	4	6	16	1	0	19	0
GRIK5	26	7	9	31	5	2	57	0
ZNF574	149	11	23	86	11	9	296	5
POU2F2	29	6	5	27	5	3	52	2
DEDD2	233	23	34	92	17	9	481	6
ZNF526	78	8	8	52	8	8	212	0
GSK3A	785	60	67	277	43	33	1442	8
ERF	309	29	32	121	14	18	504	7
CIC	309	14	16	125	22	11	536	2
PAFAH1B3	2271	365	249	1244	254	193	5667	57
PRR19	12	0	2	10	1	2	58	1
TMEM145	2	1	5	22	1	4	17	1
MEGF8	318	37	23	155	22	20	541	7
CNFN	58	11	18	73	10	6	177	4
LIPE	36	6	6	40	11	2	98	4
CXCL17	0	5	0	26	1	2	0	0
CEACAM1	15	7	4	30	0	3	23	1
CEACAM8	1	0	0	3	0	0	0	0
PSG3	0	0	0	0	0	0	0	0
PSG8	0	0	0	0	0	0	0	0
PSG1	0	0	0	3	0	0	0	0
PSG6	0	0	0	0	0	0	0	0
PSG7	0	0	0	0	0	0	0	0
PSG11	0	0	0	0	0	0	0	0
PSG2	0	0	0	0	0	0	0	0
PSG5	0	0	0	0	0	0	0	0
PSG4	0	0	0	0	0	0	0	0
PSG9	0	0	0	3	0	0	0	1
CD177	0	0	8	6	1	0	24	0
TEX101	0	0	0	1	0	0	0	0
LYPD3	1	0	4	4	0	0	18	0
PHLDB3	112	27	13	135	26	10	244	3
ETHE1	384	46	44	166	42	35	1112	14
ZNF575	11	0	0	8	0	0	16	0
XRCC1	633	87	23	298	57	50	1109	16
PINLYP	55	12	5	38	8	7	250	2
IRGQ	195	32	22	131	27	24	485	6
ZNF576	338	40	28	121	21	17	706	3
SRRM5	3	4	0	21	3	2	4	0
ZNF428	2874	338	120	1162	219	166	6499	69
CADM4	63	16	2	55	13	8	234	5
PLAUR	73	28	4	47	8	12	195	3
IRGC	0	0	0	1	0	0	0	0
SMG9	305	31	19	136	14	21	280	8
KCNN4	1	0	0	2	0	0	1	0
LYPD5	2	0	3	2	0	0	5	0
ZNF283	67	18	7	58	3	5	92	0
ZNF404	177	3	16	32	3	2	217	0
ZNF45	66	14	4	63	9	5	134	3
ZNF221	20	7	1	15	3	2	47	0
ZNF155	55	35	5	154	21	11	96	8
ZNF230	60	9	4	28	4	1	152	0
ZNF222	81	7	4	30	6	5	152	2
ZNF223	30	16	0	51	8	6	64	2
ZNF284	20	3	4	16	2	3	52	1
ZNF224	203	24	19	119	16	12	351	5
ZNF225	34	7	1	22	7	7	87	1
ZNF234	120	32	5	85	15	9	276	3
ZNF226	257	51	15	139	20	25	574	9
ZNF227	100	38	10	112	13	16	277	5
ZNF235	51	100	2	393	56	49	117	17
ZNF233	13	8	2	25	3	3	28	0
ZNF112	57	26	3	127	11	12	137	4
ZNF285	14	7	5	23	3	0	25	1
ZNF229	9	14	0	21	0	0	21	0
ZNF180	89	20	12	99	13	15	207	8
CEACAM20	1	0	0	3	0	1	0	0
IGSF23	0	1	0	6	0	3	0	0
PVR	292	20	22	223	57	24	487	3
CEACAM19	24	3	2	42	4	7	28	1
CEACAM16	0	0	0	0	0	0	0	0
BCL3	68	4	5	19	4	1	101	0
CBLC	9	2	8	10	0	1	14	0
BCAM	380	29	41	81	18	15	858	3
NECTIN2	2837	243	157	1698	233	214	5027	58
TOMM40	2247	232	311	921	163	116	4358	41
APOE	31941	965	2955	13345	1011	1147	58686	272
APOC1	1747	153	122	1150	131	82	3815	34
APOC4	0	1	0	13	0	1	0	0
APOC2	0	2	0	1	1	0	0	0
CLPTM1	787	58	63	352	55	35	1386	7
RELB	56	10	18	84	9	7	99	1
CLASRP	306	69	20	321	48	28	603	8
ZNF296	25	3	8	18	3	1	39	0
GEMIN7	675	52	59	233	44	43	1344	4
MARK4	450	83	38	530	81	50	979	14
PPP1R37	232	18	20	80	16	9	460	5
NKPD1	2	0	0	4	3	0	3	1
TRAPPC6A	719	150	89	632	87	68	1586	23
BLOC1S3	52	6	6	16	1	2	117	0
EXOC3L2	6	3	2	18	0	0	32	2
CKM	70	6	2	41	0	0	177	0
KLC3	14	0	13	8	1	2	26	1
ERCC2	257	31	21	125	19	15	506	4
PPP1R13L	61	14	15	100	10	5	161	2
CD3EAP	268	32	29	176	31	26	589	4
ERCC1	1831	145	103	808	128	104	3098	32
FOSB	138	12	19	89	4	5	339	3
RTN2	216	25	26	173	21	20	497	5
PPM1N	17	5	18	37	5	2	44	0
VASP	1023	80	134	507	83	60	1994	15
OPA3	228	47	17	215	40	22	453	7
GPR4	0	0	0	0	0	0	0	0
EML2	144	17	19	110	16	7	310	10
GIPR	16	4	4	25	2	1	35	0
SNRPD2	6011	973	540	3470	718	525	14063	140
QPCTL	53	19	3	61	6	8	118	7
FBXO46	137	32	6	177	23	16	264	4
BHMG1	0	0	0	2	0	0	2	0
SIX5	265	18	17	116	19	13	480	2
DMPK	136	30	7	127	24	21	305	7
DMWD	520	43	35	186	40	22	1113	9
RSPH6A	0	0	0	3	1	0	0	0
SYMPK	545	87	37	411	73	60	1008	14
FOXA3	29	12	26	55	4	1	91	0
IRF2BP1	203	17	17	68	8	9	383	3
MYPOP	161	17	11	65	16	4	324	2
NANOS2	0	1	0	0	0	0	0	0
NOVA2	3	2	6	17	2	2	15	0
CCDC61	82	18	17	62	7	7	169	2
PGLYRP1	0	1	0	7	0	2	0	0
IGFL4	0	0	0	3	1	0	0	1
IGFL3	1	0	0	4	0	0	2	0
IGFL2	2	0	0	0	0	2	5	0
IGFL1	0	0	0	0	0	0	0	0
HIF3A	248	62	17	307	38	26	669	8
PPP5C	632	87	68	416	64	55	1244	12
CCDC8	463	26	25	126	20	14	908	6
PNMA8C	2	1	0	5	1	1	3	0
PNMA8A	124	12	4	68	5	9	201	3
PPP5D1	51	7	2	23	6	0	75	1
PNMA8B	31	4	3	23	0	5	55	0
CALM3	4359	508	351	2273	393	321	8647	83
PTGIR	45	1	0	4	1	0	73	0
GNG8	23	1	7	11	3	1	27	2
DACT3	698	46	33	294	63	25	1303	9
PRKD2	188	37	19	161	22	18	452	11
STRN4	526	51	66	227	45	29	1245	8
FKRP	141	6	9	112	14	15	229	4
SLC1A5	874	131	113	474	80	56	1842	24
AP2S1	6759	651	500	2750	446	354	12115	109
ARHGAP35	490	152	32	797	145	89	855	29
NPAS1	28	4	14	31	7	3	60	2
TMEM160	2409	225	216	1023	193	154	4738	36
ZC3H4	373	57	20	263	52	38	715	11
SAE1	1258	288	137	1030	186	125	2575	44
BBC3	156	15	50	79	7	4	327	3
CCDC9	160	41	27	165	30	15	337	3
INAFM1	149	33	11	79	11	23	385	4
C5AR1	2	1	0	32	3	2	6	1
C5AR2	0	0	0	1	0	0	3	0
DHX34	154	62	9	200	27	26	258	3
MEIS3	411	96	79	501	76	40	1430	17
SLC8A2	2	0	0	9	0	1	8	0
KPTN	249	21	13	116	24	14	492	5
NAPA	691	73	76	420	61	45	1372	12
ZNF541	4	1	1	8	0	1	11	0
BICRA	143	13	14	67	16	12	324	2
EHD2	327	15	18	92	4	13	623	1
NOP53	3453	362	284	1775	246	188	7773	58
SELENOW	10440	1230	845	5083	787	537	19162	156
TPRX1	0	0	0	1	1	0	0	0
CRX	3	2	1	3	0	0	11	0
SULT2A1	0	0	0	2	0	0	2	0
BSPH1	0	0	0	0	0	0	0	0
ELSPBP1	3	1	0	1	0	0	1	0
CABP5	0	0	0	3	0	0	0	0
PLA2G4C	7	3	1	5	1	0	5	0
LIG1	577	103	35	324	86	56	1162	22
ZSWIM9	91	17	5	109	17	16	240	6
CARD8	180	41	10	186	36	21	491	10
ZNF114	48	22	14	44	14	8	160	2
CCDC114	3	0	1	5	1	1	14	0
EMP3	3784	147	196	1298	174	229	7254	26
TMEM143	96	13	6	72	13	7	236	2
SYNGR4	4	2	0	1	1	0	7	0
KDELR1	6615	735	431	3755	564	532	13491	143
GRIN2D	84	10	10	80	16	6	138	2
GRWD1	705	57	45	260	49	44	1189	13
KCNJ14	24	5	1	34	3	3	24	1
CYTH2	879	91	60	399	57	45	2226	12
LMTK3	24	12	6	54	11	6	82	3
SULT2B1	4	0	1	14	3	1	38	0
FAM83E	1	2	0	11	3	0	3	1
SPACA4	0	0	0	0	0	0	0	0
RPL18	57729	5869	4743	26093	4082	3430	122836	977
SPHK2	148	16	10	51	12	9	266	4
DBP	104	10	6	43	5	3	281	1
CA11	92	10	15	58	4	9	258	3
NTN5	5	4	0	2	3	2	26	0
FUT2	8	0	1	5	0	1	3	0
MAMSTR	58	1	8	23	1	2	165	0
RASIP1	71	2	6	23	4	2	162	0
IZUMO1	0	0	1	5	1	0	0	0
FUT1	3	1	7	2	1	0	10	0
FGF21	0	0	0	0	0	0	1	0
BCAT2	470	53	30	155	31	36	1110	11
HSD17B14	282	22	39	153	23	14	589	8
PLEKHA4	173	10	18	112	18	5	392	3
PPP1R15A	1056	68	58	514	84	55	2119	19
TULP2	3	2	0	13	1	0	9	1
NUCB1	1467	92	121	562	93	95	2819	25
DHDH	37	3	2	21	2	3	108	1
BAX	4481	410	523	2251	313	274	7519	90
FTL	75733	4816	7909	27860	3495	3566	126302	913
GYS1	181	37	15	175	36	18	361	3
RUVBL2	1337	149	101	526	98	69	2552	28
LHB	3	0	0	0	0	0	2	0
AC008687.4	0	0	0	0	0	0	0	0
CGB3	0	0	0	0	0	0	0	0
CGB2	0	0	0	0	0	0	0	0
CGB1	0	0	0	0	0	0	0	0
CGB5	0	0	0	0	0	0	0	0
CGB8	0	0	0	0	0	0	0	0
CGB7	0	0	1	2	1	1	7	0
NTF4	123	3	12	44	6	5	243	1
KCNA7	4	0	0	3	0	0	3	0
SNRNP70	3123	387	219	1667	313	213	6283	72
LIN7B	105	13	4	90	10	10	189	3
C19orf73	21	6	3	13	1	2	46	1
PPFIA3	75	12	17	55	10	5	197	0
HRC	16	4	5	29	1	0	104	1
TRPM4	206	31	16	137	29	16	524	5
SLC6A16	56	37	2	190	26	5	72	13
CD37	34	4	0	23	5	1	49	3
TEAD2	1070	160	78	667	130	92	3205	23
DKKL1	71	11	4	32	9	8	112	2
CCDC155	1	0	1	1	0	0	0	0
PTH2	0	0	0	4	0	1	5	0
GFY	2	0	0	1	0	0	2	0
SLC17A7	0	1	0	2	0	0	6	0
PIH1D1	1539	210	128	759	165	95	3228	35
ALDH16A1	459	26	51	190	31	13	892	8
FLT3LG	18	2	7	26	5	5	49	2
RPL13A	53382	4945	3685	19837	3370	2897	107870	814
RPS11	34874	3493	2623	14774	2486	1923	82470	635
FCGRT	415	19	37	96	18	16	926	6
RCN3	987	19	47	102	14	33	1711	3
NOSIP	1716	160	132	750	124	88	3332	30
PRRG2	56	5	6	40	5	7	78	0
PRR12	346	40	33	290	49	41	682	11
RRAS	387	33	32	186	24	26	722	7
SCAF1	574	75	31	251	42	41	1137	9
IRF3	601	66	71	324	55	25	1390	15
BCL2L12	1432	161	131	669	113	78	2982	34
PRMT1	6692	831	486	3002	543	416	13538	157
ADM5	14	0	2	3	0	3	36	2
CPT1C	138	24	17	82	14	11	432	2
TSKS	3	1	0	6	0	0	3	1
AP2A1	1107	83	85	438	63	56	2065	11
FUZ	386	28	18	98	16	12	813	5
MED25	635	52	48	231	44	39	1162	13
PTOV1	2904	248	185	1065	226	150	5932	64
PNKP	809	98	76	399	74	42	1595	19
AKT1S1	614	35	43	170	30	24	1082	9
TBC1D17	220	21	19	86	12	8	461	1
IL4I1	1	2	0	3	0	1	2	0
NUP62	863	86	67	312	66	51	1925	21
ATF5	309	21	38	125	24	17	407	12
SIGLEC11	0	0	0	1	0	0	0	0
VRK3	393	68	38	285	48	27	861	15
ZNF473	83	19	5	39	10	5	177	2
IZUMO2	1	1	0	8	0	1	16	0
MYH14	3	3	7	52	12	2	36	2
KCNC3	20	7	1	67	8	4	87	1
NR1H2	331	28	39	229	33	17	654	8
NAPSA	1	0	0	2	0	0	6	0
POLD1	275	56	11	263	45	34	579	10
SPIB	1	0	6	9	0	1	2	0
MYBPC2	3	1	3	1	2	1	4	0
FAM71E1	143	13	43	109	16	12	386	0
EMC10	1282	97	139	594	76	66	2705	22
JOSD2	373	32	25	180	18	20	764	3
ASPDH	0	0	0	0	0	0	0	0
LRRC4B	28	7	2	36	1	9	109	1
SYT3	0	0	0	4	1	1	9	0
C19orf81	27	19	16	74	8	3	140	3
SHANK1	0	5	0	21	7	2	6	1
CLEC11A	662	61	45	339	51	37	1751	10
GPR32	0	0	0	0	0	0	0	0
AC010325.1	2	1	0	9	1	3	1	2
ACP4	0	0	0	4	1	0	0	2
C19orf48	1262	167	143	528	90	65	2453	26
KLK1	1	0	2	4	0	0	1	0
KLK15	0	0	0	0	0	0	0	0
KLK3	0	0	0	0	0	0	0	0
KLK2	0	0	0	0	0	0	1	0
KLK4	0	0	0	0	1	0	4	0
KLK5	0	0	0	0	0	0	1	0
KLK6	34	0	15	21	2	1	171	0
KLK7	1	1	1	6	0	0	13	1
KLK8	16	4	8	34	2	1	43	1
KLK9	0	0	0	0	0	0	0	0
KLK10	3	0	3	0	0	1	1	0
KLK11	0	0	0	0	0	0	2	0
KLK12	0	0	0	0	0	0	0	0
KLK13	2	0	2	0	0	0	2	0
KLK14	0	0	0	0	1	0	0	1
CTU1	316	24	27	143	17	25	569	2
SIGLEC9	0	0	0	0	0	0	0	0
SIGLEC7	0	0	0	0	0	0	0	0
CD33	0	0	0	0	0	0	0	0
SIGLECL1	0	0	0	0	0	0	0	0
IGLON5	324	32	15	150	20	9	1054	7
VSIG10L	61	9	15	44	5	2	155	1
ETFB	2375	265	153	1237	166	142	4370	39
CLDND2	19	4	5	21	2	1	47	1
NKG7	2	0	0	0	0	0	6	0
LIM2	12	0	1	8	1	0	13	0
C19orf84	20	1	4	17	0	1	41	0
SIGLEC10	0	2	0	1	0	0	1	0
SIGLEC8	0	0	0	0	0	0	0	0
CEACAM18	0	0	0	0	0	0	0	0
SIGLEC12	0	0	0	0	0	0	0	0
SIGLEC6	0	0	0	0	0	0	0	0
ZNF175	45	18	1	65	14	8	94	1
SIGLEC5	0	0	0	0	0	0	0	0
SIGLEC14	0	0	0	0	0	0	0	0
SPACA6	55	13	5	117	12	13	132	9
HAS1	3	2	1	4	0	0	2	0
FPR1	0	0	0	6	0	0	0	0
FPR2	0	0	0	0	0	0	0	0
FPR3	0	1	0	5	0	0	0	0
ZNF577	117	58	8	424	39	15	167	13
ZNF649	112	42	54	334	25	14	263	12
ZNF613	74	11	7	126	8	7	143	1
ZNF350	106	16	9	124	9	8	166	6
ZNF615	68	17	1	65	16	7	101	4
ZNF614	119	25	11	129	18	7	202	7
ZNF432	108	30	3	128	14	22	217	7
ZNF841	30	3	6	29	2	7	61	0
ZNF616	82	31	11	90	16	5	225	4
ZNF836	61	7	6	82	12	3	128	3
PPP2R1A	2981	233	282	1186	166	110	5900	40
ZNF766	407	128	48	373	68	53	955	20
ZNF480	264	69	29	236	33	30	620	9
ZNF610	35	16	3	79	10	4	62	1
ZNF880	259	54	23	238	30	26	271	10
ZNF528	114	25	13	136	7	14	100	10
ZNF534	1	2	1	4	0	1	4	0
ZNF578	75	29	19	316	13	9	137	1
ZNF808	81	36	7	191	29	22	185	5
ZNF701	182	42	7	181	34	15	382	8
ZNF83	389	256	18	2635	300	128	927	32
ZNF611	341	147	10	2583	309	111	642	33
ZNF600	69	16	6	259	25	11	135	2
ZNF28	89	22	11	148	12	9	149	2
ZNF468	120	11	10	78	11	7	168	2
ZNF320	15	12	0	107	14	15	40	2
ZNF888	43	12	1	165	17	15	94	1
ZNF816	53	7	2	44	2	4	126	2
ERVV-1	1	0	0	0	0	0	0	0
ERVV-2	8	0	1	3	1	0	13	0
ZNF160	230	70	23	295	52	42	573	5
ZNF415	102	19	11	73	8	5	274	3
ZNF347	126	24	6	111	8	9	272	2
ZNF665	39	13	6	55	11	8	113	2
ZNF677	197	51	42	263	43	29	873	11
VN1R2	0	0	0	0	0	0	1	0
VN1R4	0	0	0	0	0	0	0	0
ZNF845	59	13	2	108	14	7	125	2
ZNF525	84	25	5	113	13	19	149	3
ZNF765	200	43	20	426	63	33	454	12
ZNF761	112	15	11	145	36	11	255	4
ZNF813	143	30	8	343	46	15	432	4
ZNF331	326	55	28	344	86	39	683	15
DPRX	4	0	0	1	1	1	3	0
NLRP12	9	1	1	10	0	2	7	0
MYADM	1432	99	104	696	95	77	3310	12
PRKCG	9	11	5	24	3	0	13	1
CACNG7	11	7	9	104	7	2	22	0
CACNG8	22	6	9	188	14	4	115	1
CACNG6	1	1	0	5	0	0	7	0
VSTM1	0	0	0	2	0	0	0	0
TARM1	0	0	0	0	0	0	0	0
OSCAR	0	2	0	5	0	0	0	0
NDUFA3	1860	200	190	804	116	61	3437	20
TFPT	326	70	26	256	36	34	635	11
PRPF31	190	138	20	583	133	94	429	20
CNOT3	138	48	10	270	46	36	348	12
LENG1	130	25	8	133	20	16	259	6
TMC4	8	11	6	29	7	8	15	0
MBOAT7	5	73	1	319	42	49	33	6
TSEN34	21	95	4	364	85	64	44	8
RPS9	30387	5826	2278	24940	4003	3209	61012	920
LILRB3	0	0	0	1	1	1	0	1
LILRA6	0	0	0	0	0	0	0	0
LILRB5	0	0	0	0	0	0	0	0
LILRB2	0	0	0	0	0	0	0	0
LILRA5	0	0	0	0	0	0	0	0
LILRA4	0	0	0	0	0	0	0	0
LAIR1	0	0	0	5	0	0	0	0
TTYH1	25	43	7	162	22	27	28	6
LENG8	11	48	1	185	41	30	18	6
LENG9	0	8	0	48	4	4	0	1
CDC42EP5	15	16	0	212	21	31	34	3
LAIR2	0	0	0	0	0	0	0	0
LILRA2	0	0	0	0	0	0	0	0
LILRA1	0	0	0	0	0	0	0	0
LILRB1	0	0	0	0	0	0	0	0
LILRB4	0	0	0	0	0	0	0	0
KIR3DL3	0	0	0	0	0	0	0	0
KIR2DL3	0	0	0	0	0	0	0	0
KIR2DL1	0	0	0	0	0	0	0	0
KIR2DL4	0	0	0	0	0	0	0	0
KIR3DL1	0	0	0	0	0	0	0	0
KIR3DL2	0	0	0	0	0	0	0	0
FCAR	0	0	0	0	0	0	1	0
NCR1	1	2	0	1	0	0	0	0
NLRP7	3	1	0	1	3	0	0	0
NLRP2	75	10	1	247	0	16	3	2
GP6	0	4	0	74	2	5	0	0
RDH13	3	13	0	55	10	5	1	0
EPS8L1	140	12	12	42	11	9	177	2
PPP1R12C	246	22	25	125	16	10	479	4
TNNT1	668	97	175	990	84	42	3147	32
TNNI3	34	28	39	198	10	7	345	4
DNAAF3	11	0	3	12	1	0	40	0
SYT5	0	0	1	9	0	0	5	0
PTPRH	8	0	1	1	0	0	13	1
TMEM86B	9	3	2	4	1	0	26	0
PPP6R1	504	49	37	250	44	31	947	5
HSPBP1	583	63	40	250	44	38	1179	13
BRSK1	71	11	4	57	8	3	162	3
TMEM150B	0	0	0	2	0	0	1	0
KMT5C	238	26	22	109	15	11	545	2
COX6B2	163	4	2	8	4	12	279	0
FAM71E2	1	0	0	1	0	0	0	0
IL11	150	4	5	23	4	7	201	0
TMEM190	69	1	6	37	3	8	226	2
TMEM238	38	5	26	15	2	1	94	1
RPL28	67338	6342	4746	26792	4115	4022	107010	1002
UBE2S	3821	965	426	3502	715	493	8132	139
SHISA7	1	0	0	0	0	0	1	0
ISOC2	913	98	181	655	67	38	1954	17
C19orf85	2	0	3	0	0	0	0	0
ZNF628	102	6	8	41	10	2	188	3
NAT14	678	76	56	200	31	25	1538	10
SSC5D	35	0	4	25	4	2	91	0
SBK2	1	0	0	0	0	0	1	0
SBK3	0	0	0	0	0	0	0	0
ZNF579	541	40	38	200	36	27	1134	6
FIZ1	220	24	17	70	15	16	377	4
ZNF524	101	12	9	62	13	6	214	1
ZNF865	113	8	18	47	5	9	240	1
ZNF784	87	8	7	45	3	5	185	1
ZNF580	1085	115	78	426	75	48	2786	19
ZNF581	813	69	93	348	56	40	1731	16
CCDC106	294	20	22	113	28	19	651	4
U2AF2	810	113	93	356	76	55	1958	12
EPN1	1382	124	134	630	113	66	2692	31
NLRP9	0	0	0	0	0	0	0	0
RFPL4A	0	0	0	0	0	0	0	0
RFPL4AL1	0	0	0	0	0	0	0	0
NLRP11	0	0	0	0	0	0	1	0
NLRP4	1	1	0	1	0	0	0	0
NLRP13	0	0	0	1	0	0	0	0
NLRP8	0	0	0	0	0	0	1	0
NLRP5	0	0	0	2	0	0	0	0
ZNF787	777	82	58	340	53	55	1554	14
ZNF444	480	62	40	316	46	25	1022	7
GALP	0	0	0	10	0	0	9	0
ZSCAN5B	0	0	0	0	0	0	1	0
ZSCAN5C	0	0	0	0	0	0	0	0
ZSCAN5A	94	57	10	206	35	24	168	6
EDDM13	6	8	2	25	2	5	8	1
ZNF582	68	13	6	61	9	9	103	2
ZNF583	164	21	9	79	15	19	278	5
ZNF667	6	14	1	57	0	1	14	5
ZNF471	7	8	0	39	1	1	4	6
ZFP28	13	3	2	37	0	2	12	3
ZNF470	43	16	8	46	3	5	46	2
ZNF71	254	24	11	141	22	15	252	2
SMIM17	5	1	1	15	3	1	6	2
ZNF835	0	0	0	4	0	0	2	0
ZIM2	0	0	0	0	0	0	0	0
PEG3	16	1	2	11	1	0	28	0
USP29	0	0	0	0	0	0	0	0
ZIM3	0	0	0	0	0	0	0	0
DUXA	0	0	0	0	1	0	0	0
ZNF264	161	24	9	132	26	14	277	5
AURKC	86	9	29	102	1	1	88	0
ZNF805	139	24	8	92	10	10	287	3
ZNF460	47	27	3	115	10	10	105	6
ZNF543	58	13	2	44	3	3	108	3
ZNF304	33	4	3	31	7	3	66	1
ZNF547	20	5	1	22	3	6	47	1
TRAPPC2B	491	54	25	211	34	13	918	3
ZNF548	79	19	4	97	12	13	177	3
ZNF17	48	8	12	47	2	3	116	1
ZNF749	45	24	6	61	27	6	108	4
VN1R1	4	0	1	6	4	2	11	0
ZNF772	25	10	7	19	2	3	54	3
ZNF419	79	11	5	41	3	6	171	5
ZNF773	71	8	9	54	6	8	155	1
ZNF549	67	14	6	90	15	11	124	5
ZNF550	75	6	1	45	6	3	121	1
ZNF416	71	6	7	32	1	4	124	1
ZIK1	98	16	6	83	14	5	240	1
ZNF530	41	9	3	31	5	3	91	3
ZNF134	226	29	17	141	22	20	455	4
ZNF211	70	7	9	39	6	5	154	3
ZSCAN4	0	0	0	0	0	0	1	0
ZNF551	118	35	10	204	33	33	263	5
ZNF154	114	21	8	94	20	24	213	5
ZNF671	62	8	3	32	6	6	130	2
ZNF776	89	10	8	61	16	3	154	4
ZNF586	125	57	8	334	41	54	283	11
ZNF552	133	30	8	188	42	21	245	3
ZNF587B	102	67	13	411	56	42	184	16
ZNF814	542	113	27	879	191	126	872	26
ZNF587	283	38	8	265	37	16	574	11
ZNF417	49	21	5	122	19	12	104	2
ZNF418	44	16	7	67	12	6	93	1
ZNF256	70	12	7	60	8	12	172	2
C19orf18	14	4	0	30	5	0	23	0
ZNF606	175	22	13	117	19	16	311	4
ZSCAN1	69	6	8	48	2	7	69	3
ZNF135	97	25	8	145	16	12	158	7
ZSCAN18	434	65	26	223	32	31	885	13
ZNF329	86	28	5	124	22	11	187	4
ZNF274	264	36	13	235	33	22	488	6
ZNF544	344	169	28	669	109	95	849	45
ZNF8	104	33	7	130	27	12	216	7
ERVK3-1	245	97	23	376	68	61	551	17
ZSCAN22	38	4	0	15	4	1	62	1
A1BG	468	33	34	188	19	28	835	5
ZNF497	24	8	1	46	4	6	41	2
ZNF837	96	11	6	36	9	7	170	2
RPS5	45901	4499	3498	20244	3384	2589	89300	737
RNF225	0	0	0	0	0	1	0	0
ZNF584	159	29	5	80	10	17	309	6
ZNF132	0	0	1	14	0	0	0	0
ZNF324B	29	6	2	22	2	1	59	0
ZNF324	117	6	7	48	7	6	264	0
ZNF446	135	13	9	45	8	7	260	1
SLC27A5	268	57	26	181	37	26	644	6
ZBTB45	153	30	18	84	13	11	312	2
TRIM28	3946	425	397	1574	262	163	8238	76
CHMP2A	2446	300	199	1099	177	170	5283	37
UBE2M	4074	333	317	1565	237	202	7560	57
MZF1	137	31	6	119	29	13	471	9
SRY	1	2	0	0	0	0	57	0
RPS4Y1	19	1231	15	74	7	7	14011	254
ZFY	1	92	0	7	0	0	461	17
TGIF2LY	0	0	0	0	0	0	0	0
PCDH11Y	2	49	1	31	8	1	100	4
TSPY2	0	0	0	0	0	0	0	0
AMELY	0	0	0	0	0	0	0	0
TBL1Y	0	74	0	0	1	0	23	19
PRKY	3	79	0	3	1	0	277	16
TSPY4	0	0	0	0	0	0	0	0
TSPY8	0	0	0	0	0	0	0	0
TSPY3	0	0	0	0	0	0	0	0
TSPY1	0	0	0	0	0	0	0	0
TSPY9P	0	0	0	0	0	0	0	0
TSPY10	0	0	0	0	0	0	0	0
USP9Y	1	170	3	10	0	0	1167	48
DDX3Y	5	118	5	4	0	0	1831	26
UTY	1	322	2	12	2	2	645	49
TMSB4Y	0	9	0	0	0	0	891	6
VCY	0	0	0	0	0	0	0	0
VCY1B	0	0	0	0	0	0	0	0
NLGN4Y	1	269	2	9	2	2	537	69
CDY2B	0	0	0	0	0	0	0	0
CDY2A	0	0	0	0	0	0	0	0
HSFY1	0	0	0	0	0	0	0	0
HSFY2	0	0	0	0	0	0	0	0
AC007244.1	0	1	0	0	0	0	5	0
KDM5D	1	43	1	3	2	0	456	6
EIF1AY	9	153	2	3	1	0	2600	26
RPS4Y2	12	0	1	0	0	0	23	0
RBMY1B	0	0	0	0	0	0	0	0
RBMY1A1	0	0	0	0	0	0	0	0
RBMY1D	0	0	0	0	0	0	0	0
RBMY1E	0	0	0	0	0	0	0	0
PRY2	0	0	0	0	0	0	0	0
RBMY1F	0	0	0	0	0	0	0	0
RBMY1J	0	0	0	0	0	0	0	0
PRY	0	0	0	0	0	0	0	0
BPY2	0	0	0	0	0	0	0	0
DAZ1	0	0	0	0	0	0	0	0
DAZ2	0	0	0	0	0	0	0	0
PRYP3	0	0	0	0	0	0	0	0
CDY1B	0	0	0	0	0	0	0	0
BPY2B	0	0	0	0	0	0	0	0
DAZ3	0	0	0	0	0	0	0	0
DAZ4	0	0	0	0	0	0	0	0
BPY2C	0	0	0	0	0	0	0	0
CDY1	0	0	0	0	0	0	0	0
OR11H1	0	0	0	0	0	0	0	0
POTEH	0	0	0	1	0	0	0	0
CCT8L2	0	0	0	0	0	0	0	0
XKR3	0	1	0	0	0	0	0	0
IGKV1OR22-5	0	0	0	0	0	0	0	0
IGKV2OR22-4	0	0	0	0	0	0	0	0
IGKV2OR22-3	0	0	0	0	0	0	0	0
IGKV3OR22-2	0	0	0	0	0	0	0	0
IGKV1OR22-1	0	0	0	0	0	0	0	0
GAB4	0	0	0	0	0	0	0	0
IL17RA	55	14	9	64	12	6	101	2
TMEM121B	12	0	2	5	1	0	20	0
HDHD5	706	92	74	406	72	32	1685	14
ADA2	67	9	10	44	4	5	212	3
CECR2	498	464	82	2398	370	235	1068	89
SLC25A18	5	7	1	27	6	2	6	1
ATP6V1E1	893	104	151	512	71	73	1668	18
BCL2L13	365	96	40	403	59	54	632	10
BID	431	73	41	186	58	40	886	14
MICAL3	112	61	12	325	60	29	273	17
PEX26	263	56	19	204	33	23	526	7
TUBA8	1	0	0	13	2	1	3	0
USP18	0	19	0	44	13	1	2	5
GGTLC3	0	0	1	0	0	0	0	0
TMEM191B	10	11	4	8	5	5	14	0
RIMBP3	0	0	0	0	0	0	0	0
AC023490.5	0	0	0	0	0	0	0	0
DGCR6	2	4	0	4	1	1	1	1
PRODH	1	0	1	1	1	0	9	0
DGCR2	267	66	19	303	52	34	610	10
ESS2	231	16	17	85	8	7	470	6
TSSK2	1	0	0	0	0	0	0	0
GSC2	0	0	0	0	0	0	0	0
SLC25A1	1252	151	75	652	118	99	2510	30
CLTCL1	29	28	2	177	29	23	59	13
HIRA	231	41	20	148	25	21	428	3
C22orf39	505	93	40	232	55	34	1129	7
MRPL40	1913	179	108	658	151	103	3652	31
UFD1	1814	196	107	738	148	108	3235	35
CDC45	254	66	13	232	46	32	561	14
CLDN5	4	2	0	10	0	0	24	2
SEPTIN5	2	3	0	10	2	1	0	2
GP1BB	0	2	0	16	2	2	0	1
TBX1	74	26	3	6	2	3	118	3
GNB1L	136	25	10	105	20	12	300	4
RTL10	163	17	17	54	5	16	342	4
TXNRD2	75	5	6	67	17	6	111	1
COMT	32	26	42	269	78	44	71	27
ARVCF	64	7	10	27	5	5	135	2
TANGO2	96	24	10	93	15	7	212	2
DGCR8	332	75	27	253	54	33	719	12
TRMT2A	253	17	28	87	10	12	585	4
RANBP1	9777	1486	804	4773	1048	760	20084	234
ZDHHC8	152	24	14	89	10	10	284	5
CCDC188	0	0	0	0	0	0	0	0
RTN4R	78	4	24	28	8	4	189	2
DGCR6L	734	79	63	383	52	53	1531	18
USP41	0	0	0	0	0	0	0	0
ZNF74	196	26	17	126	20	11	437	3
SCARF2	173	18	6	82	8	13	299	1
KLHL22	237	60	10	351	65	35	454	7
MED15	321	66	23	331	60	32	567	4
PI4KA	271	128	14	511	79	78	471	19
SERPIND1	7	1	0	12	2	1	13	0
SNAP29	664	84	47	339	56	45	1352	10
CRKL	356	63	24	261	51	40	723	18
AIFM3	4	0	1	11	1	1	15	0
LZTR1	169	12	9	39	11	8	340	5
THAP7	607	48	40	199	39	23	1214	6
P2RX6	21	0	2	9	4	2	53	0
SLC7A4	7	0	4	0	0	2	17	0
LRRC74B	0	0	0	2	0	1	1	0
GGT2	0	0	0	5	2	0	5	1
AP000552.4	0	0	0	0	0	0	0	0
RIMBP3B	0	0	0	0	0	0	0	0
HIC2	473	58	28	257	43	24	899	10
TMEM191C	18	3	2	1	2	1	36	0
RIMBP3C	8	0	0	0	1	0	6	0
UBE2L3	1779	388	129	2039	358	253	3545	82
YDJC	493	59	58	178	44	26	922	7
CCDC116	1	0	0	0	0	0	4	0
SDF2L1	1697	185	111	631	150	86	3374	34
PPIL2	238	40	19	185	23	18	456	13
YPEL1	110	64	7	135	30	21	380	9
MAPK1	536	167	62	776	112	96	1184	26
PPM1F	142	17	11	78	21	4	299	4
TOP3B	63	19	5	90	12	10	171	3
IGLVI-70	0	0	0	0	0	0	0	0
IGLV4-69	0	0	0	0	0	0	0	0
IGLVI-68	0	0	0	0	0	0	0	0
IGLV10-54	0	0	0	1	0	0	0	0
IGLV10-67	0	0	0	0	0	0	0	0
IGLVIV-66-1	0	0	0	0	0	0	0	0
IGLVV-66	0	0	0	0	0	0	0	0
IGLVIV-65	0	0	0	0	0	0	0	0
IGLVIV-64	0	0	0	0	0	0	0	0
IGLVI-63	0	0	0	0	0	0	0	0
IGLV1-62	0	0	0	0	0	0	0	0
IGLV8-61	0	0	0	0	0	0	0	0
IGLV4-60	0	0	0	0	0	0	0	0
IGLVIV-59	0	0	0	0	0	0	0	0
IGLVV-58	0	0	0	0	0	0	0	0
IGLV6-57	0	0	0	0	0	0	0	0
IGLVI-56	0	0	0	0	0	0	0	0
IGLV11-55	0	0	0	0	0	0	0	0
IGLVIV-53	0	0	0	0	0	0	0	0
VPREB1	0	0	0	0	0	0	0	0
IGLV5-52	0	1	0	0	0	0	0	0
IGLV1-51	1	0	0	0	0	0	0	0
IGLV1-50	0	0	0	0	0	0	0	0
IGLV9-49	0	0	0	0	0	0	0	0
IGLV5-48	0	0	0	0	0	0	0	0
IGLV1-47	0	0	0	0	0	0	0	0
IGLV7-46	0	0	0	0	0	0	0	0
IGLV5-45	0	0	0	0	0	0	0	0
IGLV1-44	0	0	0	0	0	0	0	0
IGLV7-43	0	0	0	0	0	0	0	0
IGLVI-42	0	0	0	0	0	0	0	0
IGLVVII-41-1	0	0	0	0	0	0	0	0
IGLV1-41	0	0	0	0	0	0	0	0
IGLV1-40	0	0	0	0	0	0	0	0
IGLVI-38	0	0	0	0	0	0	0	0
IGLV5-37	0	0	0	0	0	0	0	0
IGLV1-36	0	0	0	0	0	0	0	0
IGLV7-35	0	0	0	0	0	0	0	0
ZNF280B	14	16	2	57	12	11	9	1
ZNF280A	0	0	0	1	0	1	0	0
PRAME	0	0	0	0	0	0	0	0
IGLV2-34	0	0	0	0	0	0	0	0
IGLV2-33	0	0	0	0	0	0	0	0
IGLV3-32	0	0	0	0	0	0	0	0
IGLV3-31	0	0	0	0	0	0	0	0
IGLV3-30	0	0	0	0	0	0	0	0
GGTLC2	1	0	0	0	0	0	0	0
IGLV3-29	0	0	0	0	0	0	0	0
IGLV2-28	0	0	0	0	0	0	0	0
IGLV3-27	0	0	0	0	0	0	0	0
IGLV3-26	0	0	0	0	0	0	0	0
IGLVVI-25-1	0	0	0	0	0	0	0	0
IGLV3-25	0	0	0	0	0	0	0	0
IGLV3-24	0	0	0	0	0	0	0	0
IGLV2-23	0	0	0	0	0	0	0	0
IGLVVI-22-1	0	0	0	0	0	0	0	0
IGLV3-22	0	0	0	0	0	0	0	0
IGLV3-21	0	0	0	0	0	0	0	0
IGLVI-20	0	0	0	0	0	0	0	0
IGLV3-19	0	0	0	0	0	0	0	0
IGLV2-18	0	0	0	0	0	0	0	0
IGLV3-17	0	0	0	0	0	0	0	0
IGLV3-16	0	0	0	0	0	0	0	0
IGLV3-15	0	0	0	0	0	0	0	0
IGLV2-14	0	0	0	0	0	0	0	0
IGLV3-13	0	0	0	0	0	0	0	0
IGLV3-12	0	0	0	0	0	0	0	0
IGLV2-11	0	0	0	0	0	0	0	0
IGLV3-10	0	0	0	0	0	0	0	0
IGLV3-9	0	0	0	0	0	0	0	0
IGLV2-8	0	0	0	0	0	0	0	0
IGLV3-7	0	0	0	0	0	0	0	0
IGLV3-6	0	0	0	0	0	0	0	0
IGLV2-5	0	0	0	0	0	0	0	0
IGLV3-4	0	0	0	0	0	0	0	0
IGLV4-3	0	0	0	0	0	0	0	0
IGLV3-2	0	0	0	0	0	0	0	0
IGLV3-1	0	0	0	0	0	0	0	0
IGLJ1	0	0	0	0	0	0	0	0
IGLC1	0	0	0	0	0	0	0	0
IGLJ2	0	0	0	0	0	0	0	0
IGLC2	0	0	0	0	0	0	0	0
IGLJ3	0	0	0	0	0	0	0	0
IGLC3	0	0	0	0	0	0	0	0
IGLJ4	0	0	0	0	0	0	0	0
IGLC4	0	0	0	0	0	0	0	0
IGLJ5	0	0	0	0	0	0	0	0
IGLC5	0	0	0	0	0	0	0	0
IGLJ6	0	0	0	0	0	0	0	0
IGLC6	0	0	0	0	0	0	0	0
IGLJ7	0	0	0	0	0	0	0	0
IGLC7	0	0	0	0	0	0	0	0
RSPH14	7	1	0	5	1	1	19	1
GNAZ	29	8	7	26	2	2	57	1
RAB36	25	2	0	14	1	0	48	0
BCR	262	101	23	542	107	37	566	10
IGLL1	0	1	0	1	0	0	0	0
DRICH1	0	1	0	7	0	1	2	0
RGL4	0	3	0	5	1	1	1	0
ZNF70	58	14	1	52	9	13	104	0
VPREB3	6	0	1	1	1	0	10	0
C22orf15	25	1	0	16	4	1	83	0
CHCHD10	1087	185	255	895	159	70	2152	26
MMP11	2	12	0	51	7	6	0	3
SMARCB1	428	308	40	1096	215	163	1001	56
DERL3	13	13	3	31	13	4	29	3
SLC2A11	21	22	2	72	9	8	41	2
MIF	5982	3976	514	17158	3573	2504	14934	634
GSTT2B	9	26	4	264	3	39	24	3
DDTL	1	0	0	2	0	1	0	0
DDT	16	288	2	1067	208	163	12	56
GSTT4	0	0	0	0	0	0	0	0
CABIN1	442	109	34	464	77	68	1001	19
SUSD2	24	2	2	11	2	3	69	0
GGT5	122	13	2	22	6	15	151	0
SPECC1L	192	267	18	1210	252	207	348	54
ADORA2A	0	1	0	17	1	2	0	0
UPB1	4	0	0	4	1	1	6	0
GUCD1	358	31	22	162	23	19	671	9
SNRPD3	1874	284	138	1233	229	159	3805	39
GGT1	0	2	0	4	1	2	4	0
LRRC75B	176	11	6	75	11	10	403	4
GGT1.1	2	0	0	0	1	0	3	0
PIWIL3	1	0	0	0	0	0	0	0
SGSM1	7	4	5	18	10	2	8	0
TMEM211	0	1	0	1	0	0	0	0
KIAA1671	176	104	10	535	117	69	322	17
CRYBB3	0	0	0	3	0	0	1	0
CRYBB2	88	30	7	67	18	8	185	7
LRP5L	24	16	3	35	9	3	63	3
IGLVIVOR22-1	0	0	0	0	0	0	0	0
GRK3	126	67	12	481	59	41	256	10
MYO18B	1	3	0	41	3	0	28	3
SEZ6L	24	15	2	105	11	1	56	2
ASPHD2	36	11	7	31	4	1	83	4
HPS4	291	62	20	164	25	25	652	4
SRRD	560	51	32	261	55	29	1074	14
TFIP11	235	22	10	159	32	14	550	4
TPST2	485	54	100	365	44	43	740	7
CRYBB1	8	1	13	2	0	0	20	0
CRYBA4	11	1	7	13	1	2	18	0
MN1	48	22	5	81	4	3	79	5
PITPNB	1236	311	87	1221	206	148	2276	39
TTC28	390	915	11	4071	932	550	839	200
CHEK2	250	88	52	306	48	43	656	9
HSCB	416	54	36	333	46	35	912	12
CCDC117	360	70	29	276	50	25	687	11
XBP1	1626	163	121	632	123	102	3328	34
ZNRF3	152	213	18	871	133	76	343	32
C22orf31	1	2	0	0	0	0	2	1
KREMEN1	69	60	5	77	27	8	120	6
EMID1	148	36	12	129	23	10	342	5
RHBDD3	353	46	26	252	41	27	701	11
EWSR1	2096	284	178	1220	221	132	4146	54
GAS2L1	242	13	18	82	13	9	449	4
RASL10A	2	1	4	4	1	0	12	1
AP1B1	327	39	26	191	34	13	625	6
RFPL1	0	1	0	1	0	0	3	0
NEFH	17	7	6	20	2	3	117	1
THOC5	373	51	26	191	44	31	831	7
NIPSNAP1	1110	169	66	616	108	69	2689	26
NF2	385	70	20	287	44	32	610	13
CABP7	0	0	1	2	0	0	2	0
ZMAT5	453	40	31	258	41	30	1003	12
UQCR10	7786	803	562	3632	620	503	15262	113
ASCC2	489	47	27	311	47	32	1023	11
MTMR3	165	109	7	483	77	48	293	10
HORMAD2	0	0	0	1	0	0	1	0
LIF	5	0	1	2	0	0	6	0
OSM	0	0	0	0	0	0	0	0
CASTOR1	59	20	1	93	16	15	104	5
TBC1D10A	179	13	6	80	10	6	321	1
SF3A1	723	86	58	387	65	43	1464	12
CCDC157	90	16	3	56	10	15	193	2
RNF215	156	24	10	120	23	15	343	9
SEC14L2	28	12	2	69	9	7	97	2
MTFP1	61	72	4	374	53	49	130	17
SEC14L3	0	0	0	2	0	0	0	0
SEC14L4	0	0	0	0	0	0	4	0
SEC14L6	4	3	0	5	1	0	11	1
GAL3ST1	17	1	0	16	1	1	52	0
PES1	487	43	55	241	46	23	857	5
TCN2	72	13	21	68	12	3	242	2
SLC35E4	63	5	3	47	6	4	107	1
DUSP18	60	6	1	28	11	10	105	1
OSBP2	57	13	6	81	13	5	136	1
MORC2	327	65	33	352	61	37	625	10
SMTN	382	29	25	120	19	16	728	12
SELENOM	1162	36	88	291	40	54	2545	9
INPP5J	38	5	20	14	3	1	105	0
PLA2G3	16	3	7	8	2	1	73	1
RNF185	133	44	15	241	40	26	295	6
LIMK2	208	52	5	226	41	31	362	7
PIK3IP1	40	6	5	13	5	2	82	1
PATZ1	362	48	30	184	31	28	782	11
DRG1	897	118	104	594	106	72	1778	26
EIF4ENIF1	300	57	20	304	47	31	679	7
SFI1	105	29	6	135	25	12	194	2
PISD	218	62	14	315	62	41	366	13
PRR14L	561	124	42	645	109	67	1113	16
DEPDC5	114	55	5	222	39	28	274	7
YWHAH	2555	380	262	1453	272	199	5034	72
SLC5A1	0	0	0	3	0	0	3	0
C22orf42	0	0	1	8	0	0	0	0
RFPL2	16	2	0	26	3	0	68	0
IGLCOR22-1	1	0	0	0	0	0	0	0
SLC5A4	1	2	0	16	2	0	3	1
RFPL3	1	0	0	1	0	0	4	0
IGLCOR22-2	0	0	0	0	0	0	0	0
IGLVIVOR22-2	0	0	0	0	0	0	0	0
RTCB	2225	288	144	1267	217	165	4357	46
BPIFC	0	1	0	0	0	0	0	0
FBXO7	799	118	82	452	88	65	1626	18
SYN3	25	103	5	1650	88	37	44	21
TIMP3	275	129	26	647	73	41	435	12
LARGE1	112	342	26	1888	287	140	189	56
ISX	0	0	0	0	0	0	0	0
HMGXB4	1134	169	83	739	142	100	2472	18
TOM1	198	25	16	148	21	16	397	6
HMOX1	89	3	39	23	4	1	161	1
MCM5	707	84	62	344	95	51	1494	23
RASD2	5	2	1	4	0	1	11	0
MB	3	1	1	4	2	2	9	0
APOL6	4	0	1	4	0	0	1	0
APOL5	0	0	0	0	1	0	0	0
RBFOX2	1242	681	69	3122	555	440	2508	128
APOL3	1	0	0	15	0	0	1	0
APOL4	0	0	0	0	0	0	0	0
APOL2	146	13	6	90	8	10	335	1
APOL1	2	0	0	3	0	0	4	0
MYH9	1175	198	91	1131	187	118	2273	29
TXN2	2153	229	152	817	177	129	3635	46
FOXRED2	150	16	12	92	15	12	294	6
EIF3D	2653	361	218	1709	231	165	5992	50
CACNG2	0	4	0	0	0	0	1	0
IFT27	576	87	51	352	65	43	1474	13
PVALB	2	5	4	4	1	0	13	0
NCF4	0	0	0	0	0	0	0	0
CSF2RB	0	0	0	1	0	0	0	0
TEX33	0	0	0	1	0	0	0	0
TST	622	76	32	583	73	36	1191	12
MPST	2201	244	92	934	169	122	4232	39
KCTD17	259	22	16	75	16	15	601	3
TMPRSS6	0	0	0	1	1	0	0	0
IL2RB	40	0	1	10	5	1	47	0
C1QTNF6	272	18	14	66	6	7	395	4
SSTR3	0	0	0	0	0	0	1	0
RAC2	178	3	6	44	3	5	405	3
CYTH4	0	0	0	1	0	0	0	0
ELFN2	5	0	0	0	0	0	2	0
MFNG	1	0	0	3	0	0	5	0
CARD10	41	1	2	14	3	1	79	0
CDC42EP1	537	35	17	142	22	21	986	4
LGALS2	1	0	0	4	1	2	8	0
GGA1	516	57	41	239	41	35	1004	11
SH3BP1	447	35	17	150	34	25	798	7
PDXP	2	59	0	146	38	28	11	8
LGALS1	5512	91	392	2303	217	252	11297	29
NOL12	158	51	11	196	49	44	322	11
TRIOBP	1803	182	120	951	119	105	3273	22
H1F0	1578	134	71	844	132	64	4125	28
GCAT	446	80	31	173	27	40	936	11
GALR3	2	2	1	5	0	0	17	0
ANKRD54	266	34	15	125	19	18	487	5
EIF3L	4993	323	401	1422	217	185	10627	45
MICALL1	139	24	11	117	19	21	273	5
C22orf23	3	1	0	17	1	2	38	1
POLR2F	2608	323	260	1459	212	181	5389	62
SOX10	6	4	3	22	3	1	28	1
PICK1	193	20	26	75	13	8	406	2
SLC16A8	8	1	1	9	1	0	81	0
BAIAP2L2	12	0	0	12	1	0	29	0
PLA2G6	34	17	7	63	12	6	107	1
MAFF	42	3	4	48	18	6	104	1
TMEM184B	311	37	17	222	35	29	513	7
CSNK1E	858	150	79	777	137	97	1567	37
KCNJ4	11	1	0	4	2	0	14	0
KDELR3	657	34	18	175	29	30	1197	7
DDX17	4825	605	259	2827	477	367	8525	90
DMC1	43	17	4	42	16	16	95	2
FAM227A	152	26	7	156	27	12	352	12
CBY1	739	97	56	385	64	58	1564	10
TOMM22	2696	318	293	1621	217	165	5687	54
JOSD1	287	50	19	193	33	31	627	11
GTPBP1	249	34	28	204	37	29	453	2
SUN2	134	27	11	61	13	15	259	3
DNAL4	265	21	30	102	18	14	648	5
NPTXR	23	4	2	29	2	3	49	0
CBX6	423	24	14	91	23	19	867	3
APOBEC3A	0	0	0	0	0	1	0	0
APOBEC3B	22	1	3	8	3	1	70	0
APOBEC3C	509	30	40	187	29	19	1377	7
APOBEC3D	9	7	0	43	3	0	10	0
APOBEC3F	129	13	9	66	10	13	342	4
APOBEC3G	366	22	34	200	26	15	1061	4
APOBEC3H	3	1	1	2	0	0	2	0
CBX7	19	2	2	11	1	1	52	0
PDGFB	4	1	1	1	0	2	5	0
RPL3	66060	8083	5028	36383	5505	4157	132002	1274
SYNGR1	1086	117	45	396	53	73	1878	26
TAB1	175	37	9	131	22	16	346	8
MGAT3	169	17	4	179	24	13	259	7
MIEF1	410	40	31	204	37	22	924	12
AL022312.1	0	0	0	0	0	0	0	0
ATF4	2104	198	163	954	134	110	4347	35
RPS19BP1	2720	283	199	1137	231	153	4826	45
CACNA1I	1	3	1	1	1	0	6	0
ENTHD1	0	1	0	0	0	0	0	0
GRAP2	47	17	2	82	12	2	127	3
Z82206.1	3	1	0	2	1	0	15	1
FAM83F	29	8	10	36	0	2	47	0
TNRC6B	1677	408	122	2224	356	292	3444	89
ADSL	355	176	32	809	177	85	633	34
SGSM3	88	48	3	199	38	28	126	6
MRTFA	132	120	8	930	134	79	262	21
MCHR1	195	5	1	49	5	5	191	4
SLC25A17	486	65	38	435	70	70	853	9
ST13	5709	682	413	3656	566	442	10900	133
XPNPEP3	445	97	37	359	75	54	823	15
DNAJB7	5	3	0	6	3	0	14	1
RBX1	7547	861	521	3194	617	482	15328	103
EP300	913	212	54	1073	192	125	1692	37
L3MBTL2	324	30	19	206	30	12	621	7
CHADL	8	0	1	15	1	0	21	0
RANGAP1	504	88	40	267	60	49	1029	8
ZC3H7B	269	63	23	274	56	52	455	7
TEF	34	9	3	16	3	1	64	2
TOB2	245	60	26	183	26	25	551	8
PHF5A	1629	176	138	786	145	110	3484	35
ACO2	943	102	95	511	84	65	1598	22
POLR3H	492	61	34	185	51	27	805	5
CSDC2	18	0	1	9	0	0	24	0
PMM1	529	45	33	192	27	34	1055	6
DESI1	614	52	45	347	30	30	1036	7
XRCC6	5042	687	371	2753	519	362	9591	114
SNU13	5269	549	480	2348	381	298	9818	85
MEI1	2	2	0	11	1	2	6	0
CCDC134	52	17	6	75	14	4	75	4
SREBF2	548	313	50	1657	300	199	1190	59
SHISA8	12	1	2	5	2	0	17	0
TNFRSF13C	24	2	5	13	3	0	71	2
CENPM	679	131	50	268	84	53	1432	22
LINC00634	9	1	0	0	3	0	15	0
SEPTIN3	73	18	4	48	15	7	210	1
WBP2NL	4	4	0	16	1	2	1	0
NAGA	234	33	14	89	21	17	442	2
PHETA2	1	9	0	7	10	6	2	2
SMDT1	1036	241	74	789	201	64	2350	31
NDUFA6	2171	537	151	2086	441	228	4603	80
CYP2D6	7	2	0	3	0	2	3	0
TCF20	5	165	0	667	116	62	11	26
NFAM1	3	2	0	4	2	1	12	0
RRP7A	1222	100	129	351	48	51	1562	29
SERHL2	67	16	4	61	7	1	144	0
POLDIP3	479	72	32	303	60	36	940	14
CYB5R3	1766	173	117	871	122	120	3858	31
ATP5MGL	44	0	0	8	1	1	70	0
A4GALT	4	0	9	4	0	0	5	1
ARFGAP3	614	92	42	495	88	72	1224	15
PACSIN2	495	145	29	679	117	93	856	33
TTLL1	149	29	4	116	19	11	313	4
BIK	78	3	15	50	1	4	106	1
MCAT	269	32	16	97	16	19	571	5
TSPO	1281	41	58	270	51	64	2067	5
TTLL12	252	24	34	85	19	17	493	2
SCUBE1	21	10	3	40	2	2	53	1
MPPED1	4	1	0	18	1	1	0	0
EFCAB6	16	10	0	77	10	14	22	1
SULT4A1	30	5	5	34	2	4	92	0
PNPLA5	0	0	1	0	0	0	2	0
PNPLA3	163	61	8	236	34	15	335	9
SAMM50	1134	116	100	595	107	60	2617	18
PARVB	465	49	22	277	69	30	1021	10
PARVG	2	0	0	14	3	1	9	0
SHISAL1	33	0	1	5	1	3	29	1
RTL6	142	9	11	26	4	3	263	3
PRR5	666	36	24	183	25	51	1019	6
ARHGAP8	16	9	18	59	6	5	28	0
PHF21B	48	109	9	394	73	35	116	17
NUP50	764	112	58	551	105	72	1257	23
KIAA0930	240	27	31	110	27	19	400	3
UPK3A	2	1	0	4	0	0	4	0
FAM118A	277	47	22	192	37	25	680	5
SMC1B	4	2	0	13	0	1	16	0
RIBC2	56	15	1	25	5	5	59	2
FBLN1	10716	842	332	4372	538	513	20789	108
ATXN10	3141	520	185	2309	411	315	6373	97
WNT7B	33	1	0	25	2	4	26	0
PPARA	196	28	9	125	21	24	326	5
CDPF1	139	14	12	64	9	7	249	5
PKDREJ	1	0	0	0	0	0	0	0
TTC38	273	35	27	174	35	19	748	2
GTSE1	840	189	61	502	126	96	1657	25
TRMU	453	65	47	255	35	41	822	7
CELSR1	19	15	2	63	4	9	32	6
GRAMD4	87	25	4	95	13	6	154	5
CERK	423	76	19	272	50	28	1047	10
TBC1D22A	221	181	22	1062	207	136	549	37
TAFA5	184	114	15	303	88	40	363	22
BRD1	444	90	30	499	97	69	988	20
ZBED4	295	77	10	299	70	42	648	11
ALG12	252	30	18	88	19	13	501	5
CRELD2	1080	64	49	272	48	56	2093	14
PIM3	459	45	66	173	23	25	868	13
IL17REL	0	0	0	0	0	0	0	0
TTLL8	0	0	0	3	0	1	0	0
MLC1	39	0	2	14	2	2	42	0
MOV10L1	13	4	0	12	4	2	22	0
PANX2	39	3	3	7	3	4	56	2
TRABD	920	73	76	309	57	34	1660	17
SELENOO	160	61	10	299	45	35	359	10
TUBGCP6	80	12	5	60	12	9	162	2
HDAC10	155	13	17	43	8	4	310	2
MAPK12	424	21	27	133	15	28	711	4
MAPK11	12	0	1	5	0	0	44	0
PLXNB2	555	39	20	164	22	31	975	3
DENND6B	64	11	3	58	5	9	155	2
PPP6R2	410	189	20	890	158	92	733	24
SBF1	217	18	21	94	11	9	452	3
ADM2	12	2	1	7	0	2	22	0
MIOX	2	0	0	1	0	0	0	0
LMF2	676	37	28	199	30	23	1220	7
NCAPH2	445	49	37	148	41	27	899	6
SCO2	733	53	51	360	51	38	1406	7
TYMP	315	9	8	54	16	26	750	3
ODF3B	79	3	4	33	1	7	238	0
KLHDC7B	0	0	0	0	0	0	2	0
SYCE3	14	1	0	3	0	0	32	0
CPT1B	1	3	0	18	1	0	7	1
CHKB	42	47	2	236	51	26	93	12
MAPK8IP2	51	3	4	37	7	3	129	2
ARSA	257	13	14	70	5	6	394	0
SHANK3	43	17	4	69	16	13	104	1
ACR	0	1	0	0	0	0	0	0
RABL2B	195	31	14	116	15	14	401	7
FP565260.4	0	0	0	0	0	0	0	0
FP565260.3	0	0	0	2	0	0	0	0
GATD3B	2	16	1	105	8	5	1	2
FP565260.1	0	0	0	0	1	0	1	0
FP565260.6	12	1	0	3	1	0	22	0
CU639417.1	0	0	0	0	0	0	0	0
SIK1B	1	0	0	2	0	0	7	0
CBSL	1	0	0	1	1	0	3	0
U2AF1L5	77	0	3	70	13	5	72	0
CRYAA2	0	0	0	0	0	0	0	0
SMIM11B	0	0	0	1	1	0	0	0
FAM243B	0	0	0	1	0	0	0	0
SMIM34B	0	0	0	0	0	0	0	0
KCNE1B	1	0	0	0	0	0	1	0
TPTE	0	1	0	9	0	1	4	1
IGHV1OR21-1	0	0	0	0	0	0	0	0
POTED	0	0	0	0	0	0	0	0
LIPI	0	7	0	64	9	10	1	0
RBM11	22	3	4	22	3	4	44	0
HSPA13	509	56	27	252	47	42	1067	10
SAMSN1	37	2	2	12	0	0	32	0
NRIP1	411	183	21	1020	200	110	832	31
USP25	302	257	22	1581	273	195	531	34
CXADR	3314	370	173	1704	327	303	5515	67
BTG3	890	150	49	611	89	92	1551	28
C21orf91	164	42	11	200	31	17	411	3
CHODL	6	8	0	84	23	7	13	5
TMPRSS15	0	0	0	2	0	0	1	0
NCAM2	6	34	0	80	58	59	22	5
MRPL39	796	79	69	522	72	70	1614	21
JAM2	40	19	4	44	11	10	198	2
ATP5PF	8106	878	669	4218	619	509	15635	127
GABPA	261	72	16	313	49	47	445	7
APP	4490	724	276	3373	552	522	8298	131
CYYR1	358	173	17	558	123	98	919	32
ADAMTS1	1096	80	22	471	71	124	1893	14
ADAMTS5	24	4	0	8	7	9	25	0
N6AMT1	157	31	9	111	16	15	335	2
LTN1	568	113	47	536	68	71	1112	14
RWDD2B	97	26	5	95	11	9	9	0
USP16	1082	156	75	641	146	105	2026	20
CCT8	5387	938	421	3558	528	418	10924	103
MAP3K7CL	0	0	0	0	0	0	2	0
BACH1	350	196	21	1015	147	115	738	38
GRIK1	1	4	0	85	6	5	4	2
CLDN17	0	0	0	0	0	0	0	0
CLDN8	0	0	0	0	0	0	0	0
KRTAP24-1	0	0	0	0	0	0	0	0
KRTAP25-1	0	0	0	0	0	0	0	0
KRTAP26-1	0	0	0	0	0	0	0	0
KRTAP27-1	0	0	0	0	0	0	0	0
KRTAP23-1	0	0	0	0	0	0	0	0
KRTAP13-2	0	0	0	0	0	0	0	0
KRTAP13-1	0	0	0	0	0	0	0	0
KRTAP13-3	0	0	0	0	0	0	0	0
KRTAP13-4	0	0	0	0	0	0	0	0
KRTAP15-1	0	0	0	0	0	0	0	0
KRTAP19-1	0	0	0	0	0	0	0	0
KRTAP19-2	0	0	0	0	0	0	0	0
KRTAP19-3	0	0	0	0	0	0	0	0
KRTAP19-4	0	0	0	0	0	0	0	0
KRTAP19-5	0	0	0	0	0	0	0	0
KRTAP19-6	0	0	0	0	0	0	0	0
KRTAP19-7	0	0	0	0	0	0	0	0
KRTAP22-2	0	0	0	0	0	0	0	0
KRTAP6-3	0	0	0	0	0	0	0	0
KRTAP6-2	0	0	0	0	0	0	0	0
KRTAP22-1	0	0	0	0	0	0	0	0
KRTAP6-1	0	0	0	0	0	0	0	0
KRTAP20-1	0	0	0	0	0	0	0	0
KRTAP20-4	0	0	0	0	0	0	0	0
KRTAP20-2	0	0	0	0	0	0	0	0
KRTAP20-3	0	0	0	0	0	0	0	0
KRTAP21-3	0	0	0	0	0	0	0	0
KRTAP21-2	0	0	0	0	0	0	0	0
KRTAP21-1	0	0	0	0	0	0	0	0
KRTAP8-1	0	0	0	0	0	0	0	0
KRTAP7-1	0	0	0	0	0	0	0	0
KRTAP11-1	0	0	0	0	0	0	0	0
KRTAP19-8	0	0	0	0	0	0	0	0
TIAM1	344	379	17	1588	215	202	678	85
SOD1	6909	828	535	3344	631	426	12557	157
SCAF4	419	107	33	519	101	70	788	32
HUNK	565	143	8	736	170	146	748	28
MIS18A	1079	203	124	749	154	90	2635	45
MRAP	2	2	0	9	1	1	3	1
URB1	159	40	10	231	34	21	299	7
EVA1C	3	11	1	28	11	1	2	0
TCP10L	24	4	1	14	0	0	63	0
CFAP298	727	158	93	620	114	87	1621	29
SYNJ1	109	72	9	295	36	21	188	11
PAXBP1	371	170	23	748	147	94	853	32
C21orf62	1	4	0	6	0	1	0	0
OLIG2	0	1	0	0	0	0	1	0
OLIG1	2	0	0	0	0	1	1	0
IFNAR2	102	58	4	205	54	28	201	9
IL10RB	9	17	0	85	15	14	19	6
IFNAR1	449	65	26	294	53	29	760	7
IFNGR2	40	133	1	623	127	59	66	18
TMEM50B	159	51	14	283	54	31	377	10
DNAJC28	0	2	0	19	5	2	0	0
GART	550	156	27	532	113	84	1198	22
SON	3746	473	240	2198	366	311	8027	93
DONSON	352	56	26	188	41	21	592	9
CRYZL1	593	84	24	451	86	58	1186	16
ITSN1	845	365	57	1414	300	202	1594	53
ATP5PO	6622	840	609	3457	603	482	12528	137
MRPS6	5890	500	338	2576	398	388	10379	100
SLC5A3	1126	110	35	506	66	79	1783	21
KCNE2	4	1	0	4	1	0	11	0
SMIM11A	0	2	0	6	0	0	1	0
FAM243A	0	0	0	0	0	0	0	0
SMIM34A	0	0	0	0	0	0	0	0
KCNE1	2	1	0	6	0	1	7	0
RCAN1	171	20	15	97	18	13	344	5
CLIC6	4	5	2	22	2	1	20	1
RUNX1	15	32	2	175	9	9	84	5
SETD4	262	38	22	223	23	25	436	9
CBR1	309	85	50	718	76	19	768	8
CBR3	10	1	16	11	2	0	17	0
DOP1B	47	43	4	83	19	15	109	1
MORC3	354	102	27	571	100	57	725	19
CHAF1B	169	30	14	120	33	21	323	9
CLDN14	1	1	0	2	1	0	0	0
SIM2	1	0	0	2	1	0	4	1
HLCS	177	114	10	553	118	56	270	16
RIPPLY3	8	4	1	14	2	1	45	0
PIGP	777	97	17	381	48	29	1029	8
TTC3	3397	606	92	2151	468	304	6978	94
VPS26C	327	62	35	227	44	27	559	12
DYRK1A	356	258	22	1518	276	237	693	67
KCNJ6	2	3	0	9	0	0	3	1
KCNJ15	2	1	0	2	1	0	3	0
ERG	10	3	1	8	1	2	24	0
ETS2	547	90	35	377	62	38	1217	16
PSMG1	1589	180	135	729	127	101	2779	28
BRWD1	650	236	65	1017	158	128	1287	43
HMGN1	12028	1850	797	7094	1442	1043	29894	266
GET1	665	114	53	434	77	50	1491	22
LCA5L	17	7	0	42	11	8	79	1
SH3BGR	4	8	1	58	8	5	5	0
B3GALT5	14	8	4	38	2	1	32	0
IGSF5	0	3	1	13	1	1	13	0
PCP4	67	10	3	69	8	57	79	5
DSCAM	20	96	0	331	82	17	70	77
BACE2	58	43	7	101	16	12	195	3
FAM3B	1	0	4	1	1	0	19	0
MX2	13	3	5	53	5	1	60	0
MX1	21	0	15	6	1	0	39	0
TMPRSS2	1	0	3	4	0	1	2	0
RIPK4	8	4	4	20	3	0	36	1
PRDM15	58	15	5	96	21	6	91	3
C2CD2	109	23	4	104	16	21	188	0
ZBTB21	115	25	9	74	16	14	193	3
UMODL1	6	0	0	2	0	0	15	0
ABCG1	56	7	0	32	2	5	144	2
TFF3	0	4	1	0	0	0	12	0
TFF2	0	0	0	0	0	0	0	0
TFF1	2	0	0	0	0	0	5	0
TMPRSS3	2	0	0	0	0	0	0	0
UBASH3A	0	0	0	0	0	0	0	0
RSPH1	12	0	0	9	0	0	11	0
SLC37A1	68	12	2	33	4	11	112	4
PDE9A	316	89	14	322	83	49	562	18
WDR4	237	73	15	198	50	25	351	9
NDUFV3	2063	215	131	1044	170	129	3495	38
PKNOX1	672	106	26	1023	142	128	1283	21
CBS	5	5	2	14	3	4	4	1
U2AF1	5	21	0	6	2	1	112	1
CRYAA	0	0	0	0	0	0	0	0
SIK1	3	0	0	0	0	0	2	0
HSF2BP	20	9	1	45	8	6	45	0
H2BFS	0	0	0	0	0	0	0	0
RRP1B	1183	197	94	819	128	114	2341	33
PDXK	896	133	74	524	99	79	1785	15
CSTB	3378	250	582	1982	348	302	8579	79
RRP1	662	78	59	274	49	36	1318	16
AGPAT3	204	45	9	143	36	32	335	4
TRAPPC10	218	107	14	494	86	74	460	16
PWP2	36	5	4	15	1	3	76	0
GATD3A	45	15	7	23	2	13	65	1
ICOSLG	0	1	0	5	0	0	0	1
DNMT3L	1	0	0	0	0	0	0	0
AIRE	1	0	0	0	0	0	0	0
PFKL	814	62	86	336	48	56	1777	20
CFAP410	478	35	35	119	24	24	770	10
TRPM2	3	3	1	2	0	1	9	0
LRRC3	55	9	11	34	2	4	158	3
TSPEAR	1	6	0	63	4	2	1	6
KRTAP10-1	0	0	0	0	0	0	0	0
KRTAP10-2	0	0	0	0	0	0	1	0
KRTAP10-3	0	0	0	0	0	0	0	0
KRTAP10-4	0	0	0	5	1	0	0	1
KRTAP10-5	0	0	0	0	0	0	0	0
KRTAP10-6	0	0	0	0	0	0	0	0
KRTAP10-7	0	0	0	0	0	0	0	0
KRTAP10-8	0	0	0	0	0	0	0	0
KRTAP10-9	0	0	0	0	0	0	0	0
KRTAP10-10	0	0	0	0	0	0	0	0
KRTAP10-11	0	0	0	0	0	0	0	0
KRTAP12-4	0	0	0	0	0	0	0	0
KRTAP12-3	0	0	0	0	0	0	0	0
KRTAP12-2	0	0	0	0	0	0	0	0
KRTAP12-1	0	0	1	0	0	0	0	0
KRTAP10-12	0	0	0	0	0	0	0	0
UBE2G2	730	173	83	568	87	71	1464	36
SUMO3	2024	146	101	745	149	140	4203	38
PTTG1IP	2295	253	119	1306	213	147	4815	55
ITGB2	6	0	0	3	1	0	9	0
FAM207A	989	160	83	619	86	86	1571	20
ADARB1	124	86	6	307	57	45	255	12
POFUT2	391	34	18	182	29	25	702	12
COL18A1	4298	358	120	1885	249	266	7918	60
SLC19A1	158	21	11	92	12	11	244	2
PCBP3	6	16	2	196	12	18	30	3
COL6A1	8611	405	283	2449	296	438	15380	72
COL6A2	11248	433	304	3352	359	526	21952	86
FTCD	6	2	2	30	1	0	32	0
SPATC1L	2	4	1	422	21	1	12	11
LSS	26	69	1	427	71	45	45	6
MCM3AP	465	90	24	340	65	47	886	11
YBEY	590	84	35	273	27	35	880	8
C21orf58	344	56	23	182	45	35	718	16
PCNT	381	63	31	306	67	44	799	12
AP000471.1	0	0	0	0	0	0	0	0
DIP2A	308	97	19	413	70	60	722	14
S100B	8	0	0	24	3	0	30	1
PRMT2	1211	150	60	676	134	105	2574	20
MT-ND1	32125	4792	4697	20391	3713	3131	101690	675
MT-ND2	21420	2801	1964	14571	2254	1944	63352	564
MT-CO1	101945	25340	14854	111018	17487	17868	299998	3719
MT-CO2	193649	23434	24491	142261	19933	16918	371644	4053
MT-ATP8	464	600	61	3177	484	450	1004	113
MT-ATP6	86956	14890	9751	82388	13259	12816	185091	2848
MT-CO3	192975	31526	19960	149386	18251	19867	347547	4025
MT-ND3	36755	3784	4181	22864	2922	3111	85222	702
MT-ND4L	2579	258	203	1466	215	168	4211	44
MT-ND4	79434	10209	9587	50424	7273	6309	173407	1647
MT-ND5	20245	2447	1311	9798	1931	1453	35884	401
MT-ND6	2541	449	177	2053	398	284	5305	87
MT-CYB	83142	11295	10931	68844	8981	9797	178936	2163
AC133551.1	0	0	0	0	0	0	0	0
AC136612.1	0	0	0	0	0	0	0	0
AC136616.1	0	0	0	0	0	0	0	0
AC136616.3	0	0	0	0	0	0	0	0
AC136616.2	0	0	0	0	0	0	0	0
AC141272.1	0	0	0	0	0	0	0	0
AC136352.3	0	0	0	1	0	0	0	1
AC136352.2	0	0	0	0	0	0	0	0
AC171558.3	0	0	0	0	0	0	0	0
AC171558.1	0	0	0	0	0	0	0	0
BX004987.1	0	0	0	0	0	0	0	0
AC145212.1	0	0	0	0	0	0	0	0
MAFIP	0	0	0	0	0	0	0	0
AC011841.1	0	2	0	1	0	0	0	0
AC011043.1	286	58	11	41	29	6	459	5
AC011043.2	0	0	0	0	0	0	0	0
AL592183.1	1	2	0	129	2	5	1	3
AC007325.1	0	0	0	0	0	0	0	0
AC007325.4	18	6	2	26	2	3	79	0
AC007325.2	2	1	3	1	1	0	1	0
BX072566.1	0	0	0	0	0	0	0	0
AL354822.1	0	0	0	0	0	0	0	0
AC023491.2	0	0	0	0	0	0	0	0
AC004556.3	575	0	2	0	0	0	8	0
AC233755.2	0	0	0	0	0	0	0	0
AC233755.1	0	0	0	0	0	0	0	0
AC240274.1	183	16	5	28	16	4	336	2
AC213203.2	0	0	0	0	0	0	0	0
AC213203.1	0	0	0	0	0	0	0	0
