pluripotent_NA18511	pluripotent_NA18856	pluripotent_NA18858	pluripotent_NA18912	pluripotent_NA19140	pluripotent_NA19159	pluripotent_NA19160	pluripotent_NA19210
OR4F5	0	0	0	0	0	0	0	0
OR4F29	0	0	0	0	0	0	0	0
OR4F16	0	0	0	0	0	0	0	0
SAMD11	216	160	664	128	27	27	342	134
NOC2L	4243	599	49756	631	87	186	2185	1066
KLHL17	231	45	2815	22	4	9	172	86
PLEKHN1	108	1	854	14	5	9	59	32
PERM1	1	0	7	0	0	0	1	0
HES4	2222	6017	22375	887	485	939	633	2584
ISG15	2661	633	25945	1067	95	179	1517	848
AGRN	912	211	11212	181	29	93	449	259
RNF223	0	0	11	3	3	2	2	0
C1orf159	130	320	1846	260	52	73	71	242
TTLL10	3	12	77	3	0	3	3	4
TNFRSF18	9	1	120	4	1	3	11	4
TNFRSF4	4	0	18	1	0	0	2	1
SDF4	2381	751	33703	604	115	245	1389	974
B3GALT6	1089	335	13137	264	49	80	660	346
C1QTNF12	190	45	2703	52	1	13	86	42
UBE2J2	3287	916	38756	696	111	260	1615	1104
SCNN1D	9	9	248	10	0	5	9	12
ACAP3	285	140	3177	81	12	32	146	106
PUSL1	1789	335	22218	332	51	102	1006	530
INTS11	2440	601	35214	536	109	150	1385	871
CPTP	288	92	4769	78	17	30	153	113
TAS1R3	0	0	11	0	0	0	1	0
DVL1	771	163	9389	123	21	43	470	174
MXRA8	261	253	6806	322	41	68	105	150
AURKAIP1	23914	3575	304780	3422	518	985	10760	5270
CCNL2	2069	572	25250	436	86	221	1013	729
MRPL20	16978	2641	192779	2874	434	938	9129	3680
ANKRD65	116	14	881	18	5	5	55	43
TMEM88B	1	1	10	3	0	0	0	2
VWA1	1400	105	17398	175	15	41	625	254
ATAD3C	6	7	289	15	1	2	17	10
ATAD3B	2948	139	24135	233	22	67	967	455
ATAD3A	2416	298	29413	286	34	86	1113	524
TMEM240	127	172	1952	58	12	45	101	112
SSU72	13941	2666	153657	2591	425	803	7570	3510
FNDC10	1353	154	14566	194	56	47	792	261
MIB2	3495	267	36925	382	66	126	1686	606
MMP23B	728	136	10342	138	23	49	351	265
CDK11B	1411	594	17514	380	58	133	991	616
SLC35E2B	332	300	4524	172	50	68	240	270
CDK11A	1114	327	12487	294	58	105	723	400
SLC35E2A	189	246	1793	141	34	36	127	201
NADK	517	241	6463	198	36	80	323	423
GNB1	6029	3340	86514	2793	465	890	3713	4154
CALML6	3	0	45	1	0	0	4	2
TMEM52	557	66	7350	107	10	37	325	137
CFAP74	6	55	168	11	3	5	3	25
GABRD	35	7	967	1	0	1	6	18
PRKCZ	872	227	11928	309	45	127	541	505
FAAP20	5676	1821	85287	1256	265	466	3929	2478
SKI	876	554	9085	494	81	178	542	827
MORN1	121	261	1760	135	40	60	82	246
RER1	5130	1119	61448	974	159	336	2729	1498
PEX10	1207	430	13992	331	67	148	711	472
PLCH2	0	5	0	1	0	1	0	2
PANK4	20	141	264	64	17	19	17	91
HES5	1	2538	2	782	387	606	0	1600
TNFRSF14	0	1	0	1	0	0	0	0
PRXL2B	63	186	756	173	19	61	40	207
MMEL1	0	1	9	4	0	5	4	0
TTC34	0	4	38	19	1	5	0	2
ACTRT2	0	0	5	0	0	0	0	0
PRDM16	56	436	373	137	54	112	25	246
ARHGEF16	649	42	7966	76	15	21	276	165
MEGF6	117	147	2387	104	26	55	84	253
TPRG1L	1049	132	13950	148	31	59	416	279
WRAP73	1418	292	18935	213	37	72	719	408
TP73	34	10	541	18	3	7	27	23
CCDC27	5	2	70	8	0	2	5	3
SMIM1	270	169	4155	59	17	49	211	159
LRRC47	3884	497	49541	673	137	213	2091	1245
CEP104	948	282	11940	216	42	82	461	375
DFFB	413	92	4706	59	22	33	173	140
C1orf174	2487	562	30417	436	65	145	1280	686
AJAP1	428	52	1745	102	29	15	193	252
NPHP4	110	413	1623	201	46	69	154	283
KCNAB2	58	79	968	74	9	17	76	79
CHD5	128	5	893	5	1	3	34	28
RPL22	16950	24895	197194	21236	3741	7982	10789	35401
RNF207	108	7	1079	5	5	8	54	33
ICMT	2518	347	29563	438	81	203	1340	842
HES3	52	8	457	15	3	8	17	26
GPR153	201	124	2252	44	18	55	124	181
ACOT7	3779	909	51560	791	147	279	1876	1447
HES2	333	7	1319	10	8	7	76	42
ESPN	611	45	12471	145	24	42	493	267
TNFRSF25	330	35	2156	38	6	13	98	65
PLEKHG5	323	115	4485	108	25	46	134	172
NOL9	1577	492	18337	480	92	143	774	584
TAS1R1	0	4	35	1	1	1	2	1
ZBTB48	411	228	5302	130	29	43	245	198
KLHL21	333	97	3152	77	23	29	147	90
PHF13	800	241	9308	268	52	71	489	406
THAP3	609	318	8491	200	37	75	373	330
DNAJC11	1606	587	20944	600	179	196	888	949
CAMTA1	10033	5430	116974	3970	769	1375	5981	5768
VAMP3	1241	492	13742	381	62	154	692	526
PER3	206	384	4073	163	34	93	190	388
UTS2	8	3	67	13	0	1	1	4
TNFRSF9	0	0	4	1	0	1	0	1
PARK7	29211	8026	295381	7002	1103	2268	15996	9523
ERRFI1	998	419	7182	390	78	134	554	684
SLC45A1	31	28	440	14	3	9	12	29
RERE	3111	8363	32862	5430	1223	2024	2313	8885
ENO1	54664	12029	704853	13268	2223	5927	19399	22460
CA6	0	10	3	5	1	0	0	1
SLC2A7	0	1	3	4	0	0	0	1
SLC2A5	1	5	15	3	0	1	3	0
GPR157	62	51	910	57	10	25	45	57
H6PD	72	159	1229	95	22	30	87	109
SPSB1	152	78	1208	87	8	23	65	77
SLC25A33	2039	1063	22719	756	120	233	1196	1075
TMEM201	390	120	4872	82	16	34	174	119
PIK3CD	221	38	2538	41	8	18	68	118
CLSTN1	1513	1269	16917	715	185	364	931	1226
CTNNBIP1	2752	1215	28429	1230	231	378	1615	1586
LZIC	1744	1181	20362	671	157	322	1036	1074
NMNAT1	61	198	1473	80	16	38	35	127
RBP7	622	20	8663	59	10	21	261	101
UBE4B	1431	1186	16583	995	184	352	858	1531
KIF1B	2851	4799	28123	1936	515	920	1581	3651
PGD	6282	1830	76282	1555	275	517	3520	2676
CENPS	1088	629	14915	408	93	174	516	659
CORT	3	90	85	30	5	18	4	54
DFFA	6145	822	80827	1009	169	340	3369	1756
PEX14	543	697	8365	577	116	213	360	860
CASZ1	115	661	1011	138	82	122	36	386
C1orf127	0	4	19	3	0	2	2	6
TARDBP	2863	1363	37995	1163	193	478	1866	1964
MASP2	9	20	117	8	3	2	4	34
SRM	19684	2034	218336	2486	399	799	9939	3724
EXOSC10	1889	557	22413	499	103	183	991	676
MTOR	1541	707	17694	581	130	187	890	850
ANGPTL7	1	8	14	7	1	1	0	7
UBIAD1	907	197	12495	234	42	71	505	306
DISP3	64	114	592	52	9	20	39	65
FBXO2	7372	174	99313	654	101	226	2886	1541
FBXO44	589	110	8673	99	18	40	296	183
FBXO6	52	45	623	45	14	16	25	60
MAD2L2	14018	1680	179149	2366	464	750	8340	4119
DRAXIN	2268	681	22127	541	97	182	1247	949
AGTRAP	5289	978	71680	1332	194	432	3257	1623
C1orf167	71	6	535	16	3	4	77	18
MTHFR	382	184	4575	127	24	40	249	204
CLCN6	247	295	3917	192	37	65	146	269
NPPA	2	6	5	6	1	1	0	21
NPPB	159	5	986	42	0	17	52	6
KIAA2013	1778	279	21852	277	63	97	849	479
PLOD1	657	222	13341	239	40	71	458	332
MFN2	721	252	9218	185	37	75	363	304
MIIP	2766	565	37364	469	83	173	1527	794
TNFRSF8	333	16	3351	95	31	47	208	173
TNFRSF1B	52	34	431	19	6	2	20	25
VPS13D	567	716	7182	550	146	203	283	835
DHRS3	1269	50	18789	224	38	40	533	258
AADACL4	1	0	1	0	0	0	0	0
AADACL3	58	0	205	2	0	0	3	31
C1orf158	5	25	27	4	0	2	2	5
PRAMEF12	2	0	9	0	0	0	0	0
PRAMEF1	1	0	0	0	0	0	0	0
PRAMEF11	0	0	0	0	0	0	0	0
HNRNPCL1	6	1	42	0	0	0	2	0
PRAMEF2	0	0	0	0	0	0	0	0
PRAMEF4	0	0	0	0	0	0	0	0
PRAMEF10	0	0	0	0	0	0	0	0
PRAMEF7	0	0	0	0	0	0	0	0
PRAMEF6	0	0	0	0	0	0	0	0
PRAMEF27	0	0	0	0	0	0	0	0
HNRNPCL3	0	0	0	0	0	0	0	0
PRAMEF25	0	0	0	0	0	0	0	0
HNRNPCL2	0	0	0	0	0	0	0	0
PRAMEF26	0	0	0	0	0	0	0	0
HNRNPCL4	0	0	0	0	0	0	0	0
PRAMEF9	0	0	0	0	0	0	0	0
PRAMEF13	0	0	0	0	0	0	0	0
PRAMEF18	0	0	0	0	0	0	0	0
PRAMEF5	0	0	0	0	0	0	0	0
PRAMEF8	0	0	0	0	0	0	0	0
PRAMEF33	0	0	0	0	0	0	0	0
PRAMEF15	0	0	0	0	0	0	0	0
PRAMEF14	0	0	0	0	0	0	0	0
PRAMEF19	0	0	0	0	0	0	0	0
PRAMEF17	0	0	0	0	0	0	0	0
PRAMEF20	0	0	0	0	0	0	0	0
LRRC38	2	1	81	5	0	0	4	1
PDPN	5122	737	78889	739	219	293	3489	1865
PRDM2	678	1155	8196	596	126	244	519	1000
KAZN	1336	3105	13350	3625	854	1064	605	6306
TMEM51	325	314	3646	311	38	80	299	304
FHAD1	25	432	244	84	26	51	15	187
EFHD2	1090	223	17128	197	32	98	593	398
CTRC	0	0	4	1	0	0	0	1
CELA2A	0	2	0	1	0	0	0	0
CELA2B	0	14	1	6	1	2	0	11
CASP9	395	182	8689	130	28	65	304	210
DNAJC16	844	356	9843	341	68	101	516	460
AGMAT	326	37	4838	84	6	17	260	96
DDI2	1280	332	13282	348	74	116	641	468
RSC1A1	0	0	0	0	0	0	0	0
PLEKHM2	677	484	11046	343	71	108	509	419
SLC25A34	2	10	97	6	0	1	2	15
TMEM82	13	5	209	3	1	1	19	4
FBLIM1	2129	191	22000	666	88	144	800	683
UQCRHL	1094	143	10142	157	22	55	484	279
SPEN	2649	1346	27902	828	194	334	1588	1489
ZBTB17	481	307	5218	135	35	40	211	225
SRARP	2	16	9	8	1	2	2	3
HSPB7	0	1	15	8	0	0	0	0
CLCNKA	14	0	304	3	0	2	10	6
CLCNKB	16	5	219	5	1	3	10	8
FAM131C	9	18	121	15	12	11	17	22
EPHA2	405	225	5041	124	27	47	156	220
ARHGEF19	712	109	6851	179	27	87	577	293
CPLANE2	97	25	1012	14	5	9	49	25
FBXO42	706	733	7865	620	114	202	403	840
SZRD1	2353	748	32487	707	122	263	1226	1056
SPATA21	7	80	95	32	6	6	2	41
NECAP2	679	476	10558	301	52	95	536	402
NBPF1	264	503	2834	164	68	54	149	292
CROCC	305	793	4486	290	56	158	243	380
MFAP2	37	1896	629	842	170	394	41	1352
ATP13A2	991	249	12357	202	35	71	582	310
SDHB	5617	977	75726	890	147	266	2367	1408
PADI2	60	12	546	8	2	3	30	14
PADI1	4	1	117	2	0	1	1	2
PADI3	11	14	349	16	1	5	5	30
PADI4	8	6	48	2	0	0	5	2
PADI6	2	0	4	2	0	1	0	5
RCC2	7885	1479	90589	1958	325	679	4094	3395
ARHGEF10L	422	399	5729	359	87	107	282	691
ACTL8	23	0	427	2	0	1	27	3
IGSF21	353	49	1562	121	49	70	167	326
KLHDC7A	41	4	1210	30	1	9	64	10
PAX7	6	952	112	140	78	84	12	669
TAS1R2	0	0	1	0	0	0	0	0
ALDH4A1	445	106	7986	107	18	37	249	160
IFFO2	83	43	1350	43	6	19	58	93
UBR4	2825	755	33471	835	141	268	1483	1064
EMC1	1150	262	12835	203	42	104	691	389
MRTO4	6597	1044	70696	1207	192	356	3643	1768
AKR7A3	31	8	184	4	1	1	15	8
AKR7A2	2621	1561	38647	764	221	370	1720	1431
SLC66A1	400	123	6056	109	14	38	203	155
CAPZB	9569	3097	147811	3389	525	1121	6191	4960
MICOS10	8288	2799	94471	2505	460	835	4272	3771
NBL1	526	46	4802	39	16	20	140	104
HTR6	10	0	236	2	0	0	12	4
TMCO4	126	32	893	96	7	20	95	104
RNF186	0	0	0	0	0	0	0	0
OTUD3	460	366	5837	236	43	105	314	358
PLA2G2E	0	0	0	0	0	0	0	0
PLA2G2A	412	222	48145	481	14	7	1117	2692
PLA2G5	5	3	47	4	0	2	2	9
PLA2G2D	0	0	0	0	0	0	0	1
PLA2G2F	0	0	4	0	0	0	0	0
PLA2G2C	0	0	8	0	0	1	1	2
UBXN10	17	30	209	13	4	6	8	9
VWA5B1	0	37	15	27	5	2	4	7
CAMK2N1	273	648	4511	250	43	166	285	387
MUL1	442	186	8471	130	20	48	269	191
FAM43B	103	26	2377	13	5	8	34	31
CDA	1799	99	18432	583	106	78	1386	750
PINK1	2129	297	32116	424	105	107	766	580
DDOST	13787	1944	141166	1804	328	609	7055	3002
KIF17	219	62	2603	70	12	22	91	88
SH2D5	126	20	1808	18	5	4	39	32
HP1BP3	2648	3223	31470	1670	418	812	1597	2389
EIF4G3	2300	5872	30091	3674	799	1264	1813	6037
ECE1	475	343	4621	225	49	75	297	381
NBPF3	124	204	224	73	21	34	106	103
ALPL	2307	509	34050	437	98	284	1358	906
RAP1GAP	127	39	1995	44	2	9	85	56
USP48	4986	1355	52990	1457	269	431	2490	2265
LDLRAD2	11	8	206	1	1	3	5	10
HSPG2	215	264	3265	231	36	92	202	300
CELA3B	0	1	6	0	0	0	0	3
CELA3A	0	1	4	2	0	0	0	1
CDC42	13482	5049	161737	4506	804	1665	8181	6943
WNT4	87	1132	794	318	111	158	30	597
ZBTB40	534	266	6726	196	42	89	215	384
EPHA8	161	5	1413	37	8	11	122	27
C1QA	0	0	3	0	0	0	0	0
C1QC	0	0	3	0	0	0	0	0
C1QB	0	0	0	0	0	0	0	0
EPHB2	216	393	2843	216	65	113	110	392
LACTBL1	0	0	0	0	0	0	0	0
TEX46	1	2	28	4	0	1	4	2
KDM1A	6482	3217	66618	2196	446	906	4126	3264
LUZP1	3657	1066	31803	1378	216	422	1549	1561
HTR1D	246	5	3510	39	4	9	114	35
HNRNPR	12503	7229	133839	4460	813	1882	7971	6853
ZNF436	11	30	152	12	4	9	9	26
TCEA3	14	20	148	16	4	2	11	29
ASAP3	227	322	4310	145	55	79	217	303
E2F2	49	99	412	31	15	25	33	63
ID3	15313	13289	87442	7197	1126	2741	9889	8315
RPL11	305472	52628	3147629	50042	8558	18011	168363	81559
ELOA	2099	413	23408	420	71	159	924	624
PITHD1	5532	1106	56289	1040	176	319	2827	1505
LYPLA2	1338	611	21082	561	97	205	712	1177
GALE	1899	336	24179	288	55	84	704	511
HMGCL	449	419	9085	226	34	117	352	294
FUCA1	460	98	7654	150	27	57	254	176
CNR2	0	1	3	4	0	1	0	4
PNRC2	3159	1801	39852	1182	239	515	1873	2360
SRSF10	11621	4033	102523	3028	550	1172	6420	4559
MYOM3	0	5	10	2	0	0	0	3
IL22RA1	0	0	18	1	0	0	0	0
IFNLR1	153	18	2410	111	17	31	73	96
GRHL3	214	14	958	62	11	8	43	20
STPG1	263	210	3849	140	33	62	192	179
NIPAL3	541	112	6841	146	24	51	296	237
RCAN3	805	139	8180	299	71	94	629	433
NCMAP	10	6	178	7	0	2	2	11
SRRM1	15806	5039	150149	3527	730	1396	9616	5675
CLIC4	3000	2203	38214	2416	386	721	2047	3826
RUNX3	72	2	396	18	2	2	15	15
SYF2	5955	1304	65872	1104	267	368	3097	1658
RSRP1	1286	697	11410	406	72	162	747	708
RHD	8	78	32	29	7	13	3	59
TMEM50A	7539	2362	80684	1653	323	645	4086	2517
RHCE	13	14	202	18	5	3	7	18
MACO1	1097	614	12229	507	102	171	537	701
LDLRAP1	677	120	6336	111	17	47	321	165
MAN1C1	862	189	6099	163	46	63	339	395
SELENON	1108	413	15209	310	61	133	731	552
MTFR1L	872	474	10182	248	57	118	484	419
AUNIP	870	221	10548	227	45	83	485	313
PAQR7	125	41	1459	20	5	9	74	42
STMN1	43889	23919	493688	11827	2441	5439	27268	20920
PAFAH2	412	98	3852	82	18	33	176	156
EXTL1	3	10	163	8	1	1	2	8
SLC30A2	8	6	107	4	0	4	4	1
TRIM63	5	2	20	4	0	0	0	0
PDIK1L	106	293	1346	116	40	51	97	192
FAM110D	92	88	887	48	5	15	40	59
C1orf232	1	13	87	5	0	5	2	8
AL391650.1	11	29	230	7	1	4	11	3
ZNF593	5718	935	58359	947	117	210	2908	1718
CNKSR1	215	34	2516	76	10	16	152	94
CATSPER4	50	2	426	19	0	3	25	15
CEP85	427	418	5231	180	46	72	250	376
SH3BGRL3	7685	4760	146362	3207	755	1497	7059	4678
UBXN11	197	405	4018	121	27	95	133	199
CD52	254	8	4055	21	4	9	175	47
CRYBG2	224	103	4555	115	19	53	201	132
ZNF683	0	2	1	0	0	0	0	0
LIN28A	10281	1228	172813	2831	320	1090	6391	4456
DHDDS	1120	425	14488	335	75	129	559	461
HMGN2	3627	16655	36136	7202	1684	3728	2271	12490
RPS6KA1	1343	135	17757	198	34	72	640	357
ARID1A	3804	2460	40301	1956	389	712	2938	2607
PIGV	328	133	4834	74	17	42	208	172
ZDHHC18	307	163	4550	118	18	46	231	176
SFN	720	9	4921	80	19	43	232	136
GPN2	1018	219	12252	228	38	75	500	342
GPATCH3	465	146	7769	99	20	39	228	164
NUDC	17846	3633	213383	3357	556	1178	9774	5306
NR0B2	0	0	0	0	0	0	0	0
KDF1	792	25	11084	166	23	32	464	177
TRNP1	1373	110	21427	314	70	95	1051	534
TENT5B	3388	96	53472	448	42	106	1319	627
SLC9A1	358	141	4549	162	26	63	186	266
WDTC1	225	312	3245	186	40	65	129	265
TMEM222	477	366	7072	197	42	90	262	284
SYTL1	390	136	6099	148	29	69	290	212
MAP3K6	102	55	1768	37	3	13	52	50
FCN3	2	1	50	0	0	1	3	3
CD164L2	45	1	1026	8	1	2	41	12
GPR3	100	15	2326	24	5	3	41	22
WASF2	3221	1792	44286	1349	223	601	2096	2154
AHDC1	443	501	5143	279	54	121	265	407
FGR	16	2	278	1	0	0	4	2
IFI6	103	272	2428	134	24	52	88	145
FAM76A	1467	389	16721	332	57	124	808	454
STX12	510	471	6408	258	69	126	299	362
PPP1R8	1463	523	15797	377	67	133	749	580
THEMIS2	228	32	3891	39	5	14	101	80
RPA2	3228	1290	46000	776	161	361	1874	1293
SMPDL3B	1370	49	20812	307	37	104	822	494
XKR8	620	134	9619	138	24	67	361	236
EYA3	1040	902	11545	606	125	215	644	805
PTAFR	37	3	293	17	3	7	22	31
DNAJC8	12721	3660	172596	2949	528	1015	6944	4308
ATP5IF1	25829	5178	370944	4941	762	1664	14905	7737
SESN2	934	318	14703	266	21	86	387	394
MED18	298	161	3932	78	27	64	204	233
PHACTR4	2141	2551	27145	1664	356	629	1362	2540
RCC1	2479	534	29363	506	97	185	1395	1169
TRNAU1AP	1600	735	21455	606	131	221	1204	892
TAF12	2350	805	35245	704	118	267	1689	1079
RAB42	278	41	3535	41	11	20	180	70
GMEB1	1718	506	18020	458	62	128	1023	601
YTHDF2	9072	2137	109513	2226	424	791	5037	3762
OPRD1	34	6	513	21	1	7	35	24
EPB41	1631	2513	19875	1376	344	613	1071	2105
TMEM200B	472	18	4891	62	11	3	206	122
SRSF4	7887	3316	91575	2641	562	933	4408	4204
MECR	1047	484	14517	379	68	110	686	540
PTPRU	215	107	2023	117	21	38	151	172
MATN1	9	8	54	18	1	7	3	32
LAPTM5	3	3	30	3	0	0	2	5
SDC3	217	201	2612	75	25	43	119	175
PUM1	5896	3453	61094	2638	510	938	3351	3834
NKAIN1	470	357	5223	274	65	101	414	475
SNRNP40	7247	2016	69998	1544	299	562	3993	2302
ZCCHC17	4985	1521	74034	1370	258	439	3008	2056
FABP3	1174	41	18270	128	6	32	403	108
SERINC2	723	416	10117	304	59	146	587	477
TINAGL1	64	10	1575	52	2	12	74	26
HCRTR1	2	5	8	1	2	2	0	13
PEF1	1916	742	31616	480	87	181	1074	853
COL16A1	56	2	856	12	1	10	21	19
ADGRB2	114	85	1674	41	7	18	38	76
SPOCD1	17	5	320	15	1	3	15	16
PTP4A2	7260	1969	79970	1840	346	735	4450	3260
KHDRBS1	16638	6384	191789	4283	891	1755	9473	7898
TMEM39B	501	351	7195	244	56	98	365	392
KPNA6	3771	704	45410	724	148	236	1986	1129
TXLNA	1024	551	11793	353	67	147	675	523
CCDC28B	1779	617	40112	595	131	158	1203	811
IQCC	114	56	1514	32	2	11	75	38
DCDC2B	3	31	8	11	6	2	0	9
TMEM234	366	157	6116	116	20	30	220	134
EIF3I	14215	3005	149256	2704	436	922	8183	4235
FAM167B	24	3	314	4	0	1	16	10
LCK	687	14	12541	89	10	33	391	264
HDAC1	6360	852	87474	958	130	347	2971	1362
MARCKSL1	33178	15193	359888	10356	2130	4014	19510	14769
TSSK3	17	48	145	26	5	12	11	34
FAM229A	87	29	988	18	5	13	37	18
BSDC1	1353	374	15895	343	62	97	481	455
ZBTB8B	169	91	2886	97	17	28	136	157
ZBTB8A	421	634	4425	413	86	173	338	576
ZBTB8OS	6654	1345	61116	1200	275	427	3034	2309
RBBP4	6759	3123	65469	2140	479	929	3890	3638
SYNC	807	495	6646	235	60	129	507	440
KIAA1522	832	228	11153	314	21	102	410	322
YARS	3142	1299	51110	1365	162	373	1789	1730
S100PBP	1575	884	16760	743	154	266	835	1008
FNDC5	31	30	356	42	2	3	23	38
HPCA	36	20	493	13	8	5	29	17
TMEM54	1075	115	11114	731	79	102	939	350
RNF19B	509	138	5191	114	21	33	236	210
AK2	3390	891	55867	869	151	260	2065	1267
AZIN2	36	84	264	38	9	27	4	36
TRIM62	146	84	1574	73	23	22	59	98
ZNF362	269	500	2577	292	69	135	221	403
A3GALT2	0	4	0	1	0	0	0	2
PHC2	164	1039	1608	348	84	167	145	562
ZSCAN20	48	76	607	30	8	12	26	51
CSMD2	146	353	1754	1172	157	129	97	746
HMGB4	1	0	3	0	0	0	0	0
C1orf94	100	7	694	75	4	5	39	21
SMIM12	3216	660	47934	638	98	212	1603	826
GJB5	55	0	250	12	0	2	5	6
GJB4	3	0	10	1	0	0	1	0
GJB3	12	1	149	1	0	1	2	3
GJA4	86	4	577	13	1	3	51	8
DLGAP3	195	27	3922	33	3	6	73	46
TMEM35B	0	208	15	215	34	72	0	275
ZMYM6	158	299	2338	183	55	90	99	274
ZMYM1	2027	1099	18833	878	179	285	1107	1148
SFPQ	26086	5129	284689	5472	908	1912	15010	7746
ZMYM4	1796	2483	19493	1690	338	670	1205	2462
KIAA0319L	1350	1189	18205	912	199	282	701	1420
NCDN	392	84	6595	58	12	36	201	132
TFAP2E	10	26	78	10	2	6	1	26
PSMB2	24167	3699	287093	4210	699	1328	11881	5763
C1orf216	237	41	3549	41	11	10	45	60
CLSPN	3490	1802	46906	1015	236	488	2005	1829
AGO4	154	889	2526	396	124	168	159	580
AGO1	2020	706	24206	683	192	254	1522	1317
AGO3	778	1549	8756	1000	173	381	526	1579
TEKT2	53	136	695	29	9	10	36	47
ADPRHL2	1754	565	26229	507	90	168	1027	751
COL8A2	24	9	503	8	3	5	11	11
TRAPPC3	3243	931	44494	830	132	297	1990	1138
MAP7D1	484	715	8009	286	44	106	422	491
THRAP3	11569	3981	136268	3490	650	1187	6692	5193
SH3D21	148	56	2219	58	16	24	165	90
EVA1B	666	427	8765	287	58	119	550	497
STK40	362	300	5353	265	41	84	183	253
LSM10	4306	934	54699	741	141	306	2136	1246
OSCP1	94	219	1274	63	22	45	44	119
MRPS15	11346	2310	138472	1986	317	640	5841	3157
CSF3R	1	7	11	15	4	4	0	0
GRIK3	16	15	71	35	7	5	6	39
ZC3H12A	127	14	1567	24	7	5	66	33
MEAF6	4079	1400	42178	872	178	309	2317	1309
SNIP1	556	372	5994	281	45	82	313	353
DNALI1	689	747	9438	298	76	174	470	439
GNL2	3239	812	41377	720	122	240	1815	1010
RSPO1	81	993	771	341	106	255	33	514
C1orf109	1827	410	24795	333	63	122	862	549
CDCA8	2129	1182	26204	591	126	236	1329	1041
EPHA10	9	7	114	1	0	0	5	1
MANEAL	494	16	4048	57	15	17	169	91
YRDC	3098	316	39381	424	62	126	1279	681
C1orf122	5295	1894	89267	1350	254	513	2965	1854
MTF1	442	247	5228	152	33	64	237	221
INPP5B	409	290	4442	232	56	69	241	339
SF3A3	6800	1690	90682	1547	249	544	4122	2636
FHL3	1617	239	15963	420	55	113	804	486
UTP11	3936	878	50864	904	154	281	2022	1339
POU3F1	908	98	10966	232	37	235	633	377
RRAGC	1904	322	32125	376	56	108	804	497
MYCBP	908	558	8916	497	119	171	626	858
GJA9	0	16	0	2	5	6	0	11
RHBDL2	14	78	286	47	5	21	19	72
AKIRIN1	22027	2266	277518	3335	456	1136	10905	5673
NDUFS5	45009	9350	603649	8216	1557	2153	27493	15241
MACF1	4795	5225	60413	3199	732	1276	2502	6082
BMP8A	5	15	157	10	5	3	9	22
PABPC4	8657	1141	88238	1371	217	575	4597	2107
HEYL	54	38	948	42	5	14	22	24
NT5C1A	0	0	0	0	0	0	0	0
HPCAL4	5	9	116	2	1	5	4	1
PPIE	1498	920	26851	556	102	257	1110	837
BMP8B	3	10	67	3	0	3	0	5
OXCT2	14	1	358	5	0	2	2	2
TRIT1	1050	898	9136	577	88	233	535	693
MYCL	273	183	3081	120	30	67	289	226
MFSD2A	172	88	3100	48	14	24	118	69
CAP1	11250	1923	137284	2064	319	631	5852	3227
PPT1	3340	1053	57357	711	128	314	2310	1185
RLF	1411	1382	14371	1098	184	394	964	1507
TMCO2	0	1	5	0	0	0	1	3
ZMPSTE24	2074	451	25970	543	80	196	964	865
COL9A2	93	303	1308	85	10	17	65	126
SMAP2	303	289	3824	132	43	61	178	194
ZFP69B	208	169	3804	74	12	51	156	191
ZFP69	91	78	1422	41	9	20	53	64
EXO5	174	91	1945	48	8	16	67	74
ZNF684	313	170	4536	111	23	41	198	169
RIMS3	140	99	2490	94	13	46	95	110
NFYC	1469	781	21966	513	125	213	888	933
KCNQ4	26	33	717	16	3	6	19	30
CITED4	1028	382	14129	328	62	117	758	460
CTPS1	3239	1151	37273	760	129	295	2138	1143
SLFNL1	1	121	16	88	18	24	2	139
SCMH1	154	2513	2700	1082	230	347	114	1623
FOXO6	30	17	833	14	3	9	29	27
EDN2	4	0	23	0	0	1	0	1
HIVEP3	17	453	271	109	26	68	7	141
AC119676.1	0	0	0	0	0	0	0	0
GUCA2B	2	0	3	0	0	0	0	1
GUCA2A	1	0	6	0	0	1	0	0
FOXJ3	696	1745	8121	1229	217	390	430	1673
RIMKLA	708	36	11620	162	34	91	532	225
ZMYND12	6	20	93	4	2	3	6	11
PPCS	2337	773	28639	547	122	224	1394	948
CCDC30	67	460	997	163	66	94	65	239
PPIH	4231	1309	63575	1157	198	379	2666	1657
YBX1	92289	28190	1080882	22636	3974	8571	49379	36742
CLDN19	87	15	2577	37	3	10	78	31
P3H1	300	365	9549	159	26	75	237	305
C1orf50	62	416	901	283	52	91	43	435
TMEM269	4	34	52	15	2	2	7	26
SVBP	2220	1459	30831	960	210	386	1763	1343
ERMAP	53	62	926	40	7	23	57	60
ZNF691	584	150	7993	100	25	22	320	161
SLC2A1	3838	945	58505	1500	290	659	3767	1943
FAM183A	19	275	589	29	9	43	14	52
EBNA1BP2	6468	1130	113301	1121	188	375	3798	1967
CFAP57	8	61	140	23	4	16	4	29
TMEM125	726	30	15980	155	9	40	512	159
C1orf210	402	9	8092	84	10	20	236	127
TIE1	28	2	403	7	1	3	6	23
MPL	0	0	4	2	0	0	0	1
CDC20	7447	1846	97225	1482	212	477	4009	2355
ELOVL1	876	141	14602	261	33	63	479	250
MED8	1734	565	24773	408	74	132	681	576
SZT2	213	210	2078	119	31	53	112	189
HYI	843	447	13758	290	93	117	622	371
PTPRF	2196	824	26672	708	162	372	1824	1161
KDM4A	1314	612	24770	513	104	209	800	852
ST3GAL3	36	1303	1073	462	99	193	73	756
ARTN	321	16	6756	64	5	16	174	66
IPO13	343	75	5835	62	12	30	169	95
DPH2	1459	136	22079	175	25	47	716	306
ATP6V0B	14211	2335	201061	2765	365	837	6347	3259
B4GALT2	1237	533	16545	354	70	113	862	563
CCDC24	392	144	7466	147	28	76	246	207
SLC6A9	106	111	2055	69	13	26	86	96
KLF17	16	1	5	0	0	0	1	2
KLF18	2	0	2	0	0	0	0	0
DMAP1	1653	451	25074	377	53	123	833	512
ERI3	3330	1556	48007	1190	201	433	1987	1707
RNF220	1969	562	25707	801	159	297	1085	1671
TMEM53	423	204	9108	138	27	72	328	267
ARMH1	44	139	256	109	28	71	14	88
KIF2C	2027	1187	26095	648	153	267	1301	1051
RPS8	233623	78132	2711146	53567	10903	23599	142163	91699
BEST4	56	43	861	32	4	24	66	54
PLK3	349	46	3211	28	7	15	93	84
TCTEX1D4	5	6	32	1	0	0	0	0
BTBD19	10	25	161	12	2	3	9	20
PTCH2	93	236	694	63	18	28	17	123
EIF2B3	2223	937	25434	779	161	234	1105	1091
HECTD3	430	87	5690	87	11	25	242	168
UROD	2665	646	36529	656	95	251	1439	1169
ZSWIM5	29	988	572	477	133	168	31	761
HPDL	2613	178	13599	210	63	83	890	326
MUTYH	613	426	8812	364	75	131	360	530
TOE1	698	173	10232	148	12	51	382	201
TESK2	184	175	3026	386	65	105	119	511
CCDC163	57	19	930	10	3	4	22	15
MMACHC	183	56	1695	62	17	20	135	92
PRDX1	138506	14377	2293572	19578	2821	6220	57652	31159
AKR1A1	6696	2562	123903	1947	380	661	4872	3224
NASP	38479	13016	453506	10484	1951	4096	24043	17832
CCDC17	15	1	534	5	0	4	19	5
GPBP1L1	2076	1189	24423	1124	209	433	1557	1775
TMEM69	1684	380	21532	355	55	124	978	485
IPP	219	327	2277	181	49	77	215	218
MAST2	430	986	5872	865	179	220	285	1205
PIK3R3	149	1859	1960	639	177	320	162	1442
TSPAN1	1	3	38	1	0	2	2	10
P3R3URF	0	0	0	0	0	0	0	0
POMGNT1	682	314	9791	211	39	71	476	287
LURAP1	160	74	3205	68	3	19	96	87
RAD54L	717	275	8428	164	27	62	374	354
LRRC41	1571	827	21427	525	107	189	869	807
UQCRH	96472	10323	897178	11698	2126	4058	45417	20505
NSUN4	656	283	5801	193	27	82	406	296
FAAH	216	43	2269	43	6	14	116	66
DMBX1	95	11	41	7	5	5	34	13
TMEM275	2	1	7	0	0	0	0	3
KNCN	0	0	2	0	0	0	0	0
MKNK1	775	195	6457	140	32	50	355	290
MOB3C	34	17	350	3	0	3	20	9
ATPAF1	2233	909	38451	696	153	216	1246	838
TEX38	2	0	8	5	1	1	0	1
EFCAB14	1560	459	17242	442	89	120	804	702
CYP4B1	4	3	9	6	0	0	0	3
CYP4A11	0	0	3	0	0	0	2	0
CYP4X1	24	5	734	9	3	1	44	15
CYP4Z1	0	4	0	1	1	0	0	2
CYP4A22	0	1	0	0	0	0	0	0
PDZK1IP1	0	0	4	0	0	1	0	0
TAL1	3	11	17	0	0	0	7	6
STIL	987	687	10024	736	117	147	590	815
CMPK1	3282	1151	29208	795	167	293	1691	1218
FOXE3	4	0	45	3	0	2	5	4
FOXD2	41	26	43	3	0	1	15	16
TRABD2B	162	1252	2246	585	162	180	109	1097
SLC5A9	0	16	11	10	0	5	0	18
SPATA6	671	1440	6487	765	161	304	393	1336
AGBL4	22	103	133	685	12	112	0	86
BEND5	327	259	5482	168	29	88	379	231
ELAVL4	75	101	494	63	10	57	46	111
DMRTA2	39	40	286	20	5	18	8	50
FAF1	1975	3134	25580	2310	497	787	1296	3468
CDKN2C	1	14	16	0	1	0	0	4
C1orf185	0	0	2	0	0	0	0	0
RNF11	1183	561	11714	375	90	175	780	680
TTC39A	146	19	3030	45	3	11	64	45
EPS15	1219	976	13056	823	175	300	665	1204
OSBPL9	2125	1485	30185	1220	239	481	1200	1513
NRDC	6282	2190	72206	1955	415	687	3392	3048
RAB3B	6088	454	66915	664	159	244	2193	1235
TXNDC12	414	1812	5646	1463	285	533	227	2411
KTI12	656	131	10981	138	23	56	373	200
BTF3L4	11882	3006	124984	2600	468	888	6597	3759
ZFYVE9	599	1045	6667	745	203	251	378	1105
CC2D1B	286	90	4117	115	16	32	133	119
ORC1	978	262	11686	297	50	106	477	388
PRPF38A	3168	928	40193	729	126	277	1800	1223
TUT4	3405	4078	33824	1646	480	800	1539	3119
GPX7	717	1008	7103	344	108	159	498	584
SHISAL2A	77	64	362	19	8	6	51	42
COA7	2273	295	22429	373	67	116	1172	566
ZYG11B	1221	683	17432	592	124	224	748	805
ZYG11A	572	61	2328	156	109	31	220	601
ECHDC2	392	114	8093	187	37	57	321	262
SCP2	4542	1244	57638	935	218	346	2465	1584
PODN	16	2	213	8	0	2	2	9
SLC1A7	2	1	3	0	0	0	2	0
CPT2	997	257	14431	188	49	54	597	350
CZIB	2465	1102	45202	688	129	319	1677	1352
MAGOH	10746	2431	129910	2199	338	654	5631	2776
LRP8	1012	436	11136	387	82	102	585	630
DMRTB1	90	0	412	2	1	0	33	16
GLIS1	3	15	62	84	5	6	5	26
NDC1	1391	708	17125	580	98	183	777	930
YIPF1	739	332	12276	238	51	100	460	386
DIO1	3	17	15	5	3	5	0	19
HSPB11	2807	1403	44308	984	194	367	1885	1379
LRRC42	1829	645	26850	458	98	194	1266	787
LDLRAD1	1	1	5	0	0	0	0	1
TMEM59	8169	2055	79235	1528	322	634	4136	2672
TCEANC2	259	154	3314	103	25	38	170	189
CDCP2	0	4	4	0	1	0	0	2
CYB5RL	323	145	5452	73	19	40	236	164
MRPL37	5039	925	71292	1008	168	337	2575	1622
SSBP3	2555	2132	25510	1525	327	577	1620	2846
ACOT11	71	33	630	77	2	14	44	80
FAM151A	1	3	13	2	0	2	0	2
MROH7	0	19	4	15	2	4	1	14
TTC4	212	600	2671	401	77	148	124	565
PARS2	450	84	5249	82	13	21	217	105
TTC22	17	8	330	5	0	0	21	4
LEXM	1	2	22	0	1	3	1	6
DHCR24	3319	709	34765	874	153	286	2003	1031
TMEM61	10	3	624	8	0	2	7	3
BSND	14	2	128	0	0	1	5	2
PCSK9	1186	48	4023	135	39	39	374	207
USP24	569	1435	6550	773	212	255	399	1145
PLPP3	1023	835	16632	940	183	362	543	1460
PRKAA2	242	1049	4360	511	114	240	384	652
FYB2	15	390	116	152	58	103	6	61
C8A	0	0	0	0	0	0	0	0
C8B	0	1	1	0	0	0	0	2
DAB1	403	1594	5389	1397	342	1099	293	2409
OMA1	1173	216	10882	161	25	60	615	295
TACSTD2	104	7	784	175	19	64	38	6
MYSM1	4435	735	39327	1030	248	317	1922	2249
JUN	5478	788	45117	1384	269	394	2113	1041
FGGY	508	701	6350	668	133	198	267	1075
HOOK1	1798	255	22476	336	75	109	1077	617
CYP2J2	12	5	229	5	0	2	9	1
C1orf87	0	4	37	0	0	2	1	2
NFIA	472	1342	3587	429	302	351	261	1005
TM2D1	1995	874	20394	555	148	240	1146	867
PATJ	1183	1002	12430	2040	339	577	627	2171
L1TD1	57914	1831	743739	12027	1734	2951	31417	16258
KANK4	36	90	419	78	15	51	24	66
USP1	4116	1850	41473	1179	229	441	2191	1955
DOCK7	883	1979	8826	1048	258	400	535	1650
ANGPTL3	2	7	7	3	1	2	1	4
ATG4C	1089	667	12592	462	111	187	716	762
FOXD3	1082	50	17831	89	13	19	535	300
ALG6	1096	418	12786	290	68	106	613	521
ITGB3BP	2978	2319	40603	1272	245	475	2650	1932
EFCAB7	117	352	2577	153	44	68	91	259
PGM1	5557	579	93433	1526	263	480	4488	2467
ROR1	857	2829	9884	3501	661	1152	982	4412
UBE2U	0	5	8	2	0	0	0	2
CACHD1	1214	2523	17803	3066	365	760	898	3153
RAVER2	299	506	3665	363	87	120	209	536
JAK1	1031	1031	7219	666	181	230	468	1032
AK4	5091	702	43488	1146	224	491	2964	2761
DNAJC6	26	282	246	213	63	87	39	228
LEPROT	2024	925	22538	710	125	295	1190	963
LEPR	17	290	612	167	36	44	40	225
PDE4B	142	1385	1825	220	129	229	43	663
SGIP1	15	39	367	28	5	10	6	54
TCTEX1D1	6	81	109	20	6	11	10	33
INSL5	1	0	2	0	0	0	0	0
WDR78	26	544	303	146	41	78	27	241
MIER1	2581	1494	28118	1010	205	413	1626	1512
SLC35D1	69	355	966	179	47	81	51	258
C1orf141	0	10	4	2	2	0	0	2
IL23R	0	2	9	1	0	0	0	1
IL12RB2	11	19	120	65	6	18	20	85
SERBP1	48118	9488	586322	10744	1767	3811	29466	16679
GADD45A	1681	634	15264	428	53	145	650	688
GNG12	287	707	4971	272	54	130	279	456
DIRAS3	10	18	129	12	5	5	11	15
WLS	298	5827	3353	2199	628	1240	366	2399
RPE65	1	37	8	5	3	2	0	2
DEPDC1	1704	768	19265	556	85	205	1124	838
LRRC7	23	158	268	120	23	66	17	178
LRRC40	1641	765	16975	553	105	220	972	869
SRSF11	18606	5067	223225	4318	778	1540	11372	6736
ANKRD13C	913	1009	7869	690	155	250	409	988
HHLA3	436	291	6378	221	23	150	478	282
CTH	654	363	8273	211	31	93	308	323
PTGER3	4	1	105	5	2	7	7	6
ZRANB2	6103	2801	77867	2158	393	771	3783	2766
NEGR1	5	1648	70	509	173	222	13	915
LRRIQ3	28	223	749	20	10	22	22	170
FPGT	142	415	1478	82	36	72	55	227
TNNI3K	1	260	5	27	9	27	0	105
LRRC53	0	2	0	1	1	1	0	1
ERICH3	0	1	17	5	1	2	0	1
CRYZ	894	417	12871	306	58	126	13	506
TYW3	3734	1337	42582	947	152	312	48	1493
LHX8	40	1	112	6	4	2	6	3
SLC44A5	77	1154	748	339	123	146	37	593
ACADM	3068	1251	36597	708	173	291	1774	1210
RABGGTB	5611	563	64873	688	120	229	2762	1112
MSH4	3	14	48	35	4	6	2	31
ASB17	0	4	0	0	1	0	0	1
ST6GALNAC3	110	2556	1614	1586	354	701	153	2095
ST6GALNAC5	99	1217	430	802	236	477	67	1445
PIGK	759	535	12146	364	65	139	585	679
AK5	58	44	2059	60	9	19	59	101
AC118549.1	1227	1570	14599	1100	225	446	824	1662
USP33	1871	1585	19344	1012	211	343	1084	1389
MIGA1	520	414	5144	297	77	127	265	419
NEXN	71	337	1662	267	61	105	88	163
FUBP1	5005	2862	57178	2261	379	751	4152	3108
DNAJB4	346	219	4187	156	31	75	330	184
GIPC2	81	30	832	48	16	17	57	86
PTGFR	1	37	28	3	6	1	0	12
IFI44L	0	6	16	1	0	3	0	3
IFI44	1	0	3	0	0	0	0	0
ADGRL4	5	15	83	9	1	8	3	14
ADGRL2	820	3178	14061	2302	520	1416	721	2899
TTLL7	110	370	2230	233	48	115	97	240
PRKACB	301	1609	4505	1055	198	430	328	1279
SAMD13	33	78	212	51	17	15	54	68
DNASE2B	0	3	1	0	0	0	0	1
RPF1	1509	603	22186	422	73	165	927	550
GNG5	11427	7084	175626	5391	1061	1857	11053	7584
SPATA1	12	73	257	48	12	28	13	64
CTBS	165	324	2373	113	36	56	182	183
SSX2IP	626	646	7800	332	65	140	498	481
LPAR3	998	51	5429	121	35	45	333	353
MCOLN2	6	17	1529	36	1	7	73	40
WDR63	13	113	135	54	9	18	2	42
MCOLN3	432	18	9538	128	11	18	185	105
SYDE2	456	209	4031	261	43	84	324	303
C1orf52	2754	739	33725	721	123	223	1398	949
BCL10	1699	388	20627	418	72	147	975	593
DDAH1	491	508	7762	321	72	128	240	530
CCN1	1967	516	24388	1143	116	369	1048	432
ZNHIT6	1197	701	16391	536	103	209	770	753
COL24A1	18	76	120	38	6	19	7	55
ODF2L	954	1095	14430	639	132	306	820	918
CLCA2	0	1	6	0	0	0	0	0
CLCA1	0	4	0	0	0	0	0	1
CLCA4	0	0	0	0	0	0	0	0
SH3GLB1	2163	919	25008	751	170	265	1276	906
SELENOF	6675	1901	78922	1573	322	557	3963	2253
HS2ST1	555	2202	5780	1422	325	529	358	2300
LMO4	5736	1308	65832	1441	276	566	3307	2290
PKN2	2290	2817	25989	1735	343	679	1243	2871
GTF2B	2309	693	26930	486	95	162	901	741
KYAT3	1400	971	12229	574	117	224	807	864
RBMXL1	1334	208	14153	224	43	98	574	314
GBP3	0	1	9	0	0	2	0	2
GBP1	1	9	33	0	0	0	0	3
GBP2	3	9	12	17	2	4	0	3
GBP7	0	0	1	0	0	0	0	0
GBP4	5	3	33	2	2	1	1	5
GBP5	0	1	1	0	0	0	0	0
GBP6	0	0	3	1	0	1	1	0
LRRC8B	738	575	7697	303	69	133	432	633
LRRC8C	30	111	575	73	19	40	26	98
LRRC8D	993	1360	13525	893	179	383	602	1496
ZNF326	5734	1740	67088	1551	283	569	3018	2102
BARHL2	19	89	76	5	4	0	2	4
ZNF644	2919	3121	30291	2310	473	857	1665	3177
HFM1	41	780	427	354	83	143	24	438
CDC7	941	1002	11852	594	148	235	582	959
TGFBR3	104	296	1127	152	43	83	42	159
BRDT	11	3	129	1	0	1	5	3
EPHX4	51	54	436	24	10	11	32	25
SETSIP	19	2	307	0	0	1	15	4
BTBD8	173	230	1484	111	37	60	117	204
C1orf146	1	4	1	0	0	0	0	1
GLMN	1619	1227	16635	858	187	373	1147	1280
RPAP2	1335	1126	13672	842	178	318	746	1170
GFI1	2	0	24	1	0	1	3	0
EVI5	839	2056	7717	1385	310	494	531	1785
RPL5	170853	45911	1955417	39973	7155	14994	101262	64000
DIPK1A	156	229	1598	356	63	95	87	373
MTF2	5961	2294	71335	2022	358	639	3627	3238
TMED5	1770	417	21306	365	76	146	839	603
CCDC18	1229	1149	15287	768	153	288	643	1229
DR1	3149	717	36921	675	125	267	1738	1113
FNBP1L	5056	3791	47700	3149	586	1118	3398	4823
BCAR3	186	1199	1645	554	133	180	134	851
DNTTIP2	4668	974	55476	1114	199	354	2472	1470
GCLM	1967	282	18504	375	66	133	945	472
ABCA4	1	26	70	20	4	11	2	16
ARHGAP29	393	268	5091	524	115	236	195	223
ABCD3	1263	799	10601	543	121	209	588	808
F3	1458	121	7611	84	20	32	291	358
SLC44A3	98	73	1629	98	19	33	105	153
CNN3	7463	5428	67193	2895	638	1162	4171	4557
ALG14	354	348	5494	163	40	70	227	285
TLCD4	107	151	3024	108	23	44	109	139
RWDD3	50	604	836	388	100	182	23	515
PTBP2	2237	4123	31293	3077	618	1235	1845	4734
DPYD	0	217	18	157	49	40	1	158
SNX7	920	558	14305	400	69	128	747	637
PLPPR5	28	40	737	29	6	9	54	36
PLPPR4	16	2	240	9	0	1	27	12
PALMD	5	36	94	9	2	6	12	17
FRRS1	41	172	479	89	17	30	46	125
AGL	1776	661	18771	482	106	224	1194	1020
SLC35A3	974	511	11327	348	85	130	535	579
MFSD14A	53	941	648	589	130	233	32	918
SASS6	1605	682	17805	489	81	180	848	746
TRMT13	1019	437	12272	302	65	105	627	413
LRRC39	4	25	57	15	3	7	5	34
DBT	1161	429	13988	366	65	121	719	544
RTCA	2469	603	28880	629	108	192	1308	879
CDC14A	142	1135	3004	549	97	259	144	1097
GPR88	0	0	2	0	0	0	1	1
VCAM1	6	15	24	2	6	4	2	7
EXTL2	2108	754	22735	520	115	233	1449	877
SLC30A7	853	606	9073	446	93	171	505	783
DPH5	2336	682	25409	521	106	191	1505	750
S1PR1	20	115	253	23	8	23	17	53
OLFM3	52	548	496	536	47	117	30	406
COL11A1	92	1233	1355	515	152	259	65	789
RNPC3	399	454	4120	283	61	122	285	411
AMY2B	12	51	82	16	8	9	6	57
AMY2A	0	1	1	0	0	0	0	0
AMY1A	0	3	0	0	1	0	0	0
AMY1B	0	0	0	0	0	0	0	0
AMY1C	0	0	0	0	0	0	0	0
PRMT6	1403	246	15333	254	47	102	691	375
NTNG1	251	245	1798	220	75	36	45	303
VAV3	276	266	3057	293	95	90	248	745
SLC25A24	769	617	4466	403	101	128	699	538
NBPF4	0	0	0	0	0	0	0	0
NBPF6	0	0	0	0	0	0	0	0
FAM102B	561	466	8100	513	105	123	470	622
HENMT1	349	107	3810	44	7	26	207	110
PRPF38B	6081	1255	73585	1128	222	459	3247	2029
FNDC7	7	3	25	3	1	5	1	8
STXBP3	1890	775	19163	571	115	230	993	821
AKNAD1	22	227	176	127	34	43	14	219
GPSM2	519	1038	5972	365	100	153	425	579
CLCC1	953	223	10807	140	47	68	514	300
WDR47	244	137	2558	87	22	39	98	133
TAF13	994	250	12721	248	34	74	534	347
TMEM167B	698	278	7252	166	30	72	335	261
C1orf194	13	151	205	9	16	24	5	52
KIAA1324	26	48	499	29	4	8	21	34
SARS	3821	1517	62224	1057	191	440	2286	1893
CELSR2	468	432	7919	158	41	97	270	342
PSRC1	2029	749	28583	453	95	183	1362	976
MYBPHL	26	14	169	4	0	5	8	19
SORT1	1051	467	13913	405	99	144	611	638
PSMA5	17845	2333	204964	2798	432	831	8488	4202
SYPL2	65	3	1101	13	9	4	27	40
ATXN7L2	98	42	1743	28	8	11	64	50
CYB561D1	56	42	999	30	4	10	38	54
AMIGO1	48	19	550	5	0	7	22	15
GPR61	4	2	64	2	0	1	1	2
GNAI3	5207	1783	61469	1510	276	572	3182	2116
GNAT2	1	0	27	0	0	0	2	3
AMPD2	392	137	5776	79	18	29	197	134
GSTM4	784	253	10597	176	30	70	364	259
GSTM2	17	108	436	20	11	11	22	29
GSTM1	0	72	654	23	1	9	8	24
GSTM5	61	16	1132	1	0	18	28	18
GSTM3	198	1477	3899	267	106	192	161	477
EPS8L3	1	0	4	0	0	0	0	0
CSF1	42	69	627	30	5	11	51	30
AHCYL1	5082	1792	55792	1176	256	463	2583	2113
STRIP1	409	194	6580	180	22	27	218	230
ALX3	13	7	162	3	1	0	9	6
UBL4B	0	0	5	0	0	0	0	0
SLC6A17	1	3	61	4	1	4	2	4
KCNC4	199	84	2763	68	13	26	106	119
RBM15	633	220	6958	201	39	87	307	318
SLC16A4	195	264	1176	122	22	55	80	201
LAMTOR5	11152	2992	153597	2488	489	814	6401	3064
PROK1	0	1	14	1	0	0	0	2
KCNA10	0	0	0	0	0	0	0	0
KCNA2	5	1	46	0	0	0	2	1
KCNA3	2	3	43	2	0	3	2	0
CD53	132	2	3222	3	0	2	43	10
LRIF1	1246	590	12133	289	68	157	505	565
DRAM2	1803	944	16397	571	121	214	1158	925
CEPT1	669	508	6931	400	56	154	376	527
DENND2D	57	10	798	2	4	6	23	34
CHI3L2	3	3	16	8	0	2	0	2
CHIA	0	0	0	0	0	0	0	0
PIFO	1361	224	17876	269	48	72	414	262
OVGP1	3	8	64	7	2	0	4	7
WDR77	4765	338	60431	412	47	138	2351	611
ATP5PB	11150	2907	127813	2590	481	858	6144	4500
C1orf162	4	1	99	3	2	1	1	4
TMIGD3	2	4	21	2	0	1	0	4
ADORA3	3	0	4	0	0	0	0	0
RAP1A	1775	1070	21691	776	122	285	982	1119
INKA2	592	125	8981	111	18	27	156	188
DDX20	1468	317	14782	294	63	90	712	409
KCND3	2	10	43	7	2	2	3	15
CTTNBP2NL	1138	971	11330	633	125	260	655	935
WNT2B	221	500	1835	138	56	94	112	379
ST7L	400	753	5561	480	86	144	344	683
CAPZA1	5619	1985	59847	1485	298	554	3427	2182
MOV10	106	197	3563	98	32	56	225	181
RHOC	1875	1111	35527	806	133	286	1230	1221
PPM1J	146	35	4574	70	14	43	237	118
TAFA3	2	1	178	4	0	2	4	5
SLC16A1	7225	1652	91965	2063	362	785	5545	3576
LRIG2	573	539	7130	440	116	168	464	720
MAGI3	187	1863	2616	1329	225	464	203	1473
PHTF1	685	1507	7517	541	134	281	432	1029
RSBN1	1293	791	16797	397	107	182	868	823
PTPN22	1	8	1	4	0	1	0	4
BCL2L15	1	3	28	1	0	0	4	3
AP4B1	199	86	3036	50	7	24	99	75
DCLRE1B	244	89	4730	58	7	25	164	103
HIPK1	1215	489	14565	369	72	133	763	568
OLFML3	4486	283	59397	1512	148	105	3158	1059
SYT6	1589	131	19688	655	108	104	1206	736
TRIM33	2413	1938	24817	1335	284	448	1577	2059
BCAS2	4652	1357	64503	1184	202	418	2949	1643
DENND2C	127	21	2265	78	13	14	70	65
AMPD1	0	0	0	0	0	0	0	2
NRAS	1860	653	27286	628	102	230	1404	1071
CSDE1	16951	4951	182193	4195	773	1709	10487	7028
SIKE1	2449	744	30530	651	101	251	1911	1042
SYCP1	18	8	353	5	0	3	12	11
TSHB	0	0	0	0	0	0	0	0
TSPAN2	138	136	4052	147	29	66	155	111
NGF	23	54	167	55	7	31	8	44
VANGL1	478	150	4691	262	27	50	272	292
CASQ2	0	6	1	8	0	1	2	4
NHLH2	59	50	811	33	4	10	47	77
SLC22A15	53	158	738	254	30	41	30	340
MAB21L3	1	1	2	4	1	4	0	2
ATP1A1	3980	820	50360	1023	154	357	2367	1413
CD58	189	249	2090	190	46	72	153	166
IGSF3	413	179	4656	227	29	91	252	268
CD2	0	1	2	0	0	0	0	0
PTGFRN	583	292	6520	231	49	101	307	433
CD101	10	16	114	11	3	3	7	66
TTF2	3640	875	39335	673	156	286	1765	1104
TRIM45	137	79	1666	55	4	29	123	78
VTCN1	0	44	27	244	13	56	1	10
MAN1A2	822	1632	8631	927	217	364	579	1355
TENT5C	20	12	219	24	1	9	11	53
GDAP2	485	480	5717	286	64	109	284	420
WDR3	1817	482	19052	486	101	147	1118	651
SPAG17	28	309	431	80	41	14	12	134
TBX15	1	8	40	11	0	2	4	4
WARS2	510	544	6962	309	55	147	292	486
HAO2	2	2	5	1	1	0	2	2
HSD3B2	0	1	2	0	0	0	0	0
HSD3B1	0	0	0	9	0	0	0	1
ZNF697	271	73	3775	123	17	37	118	175
PHGDH	13220	4322	184869	4119	530	1495	10801	5595
HMGCS2	1	3	22	3	0	0	1	3
REG4	1	2	10	0	0	0	0	0
ADAM30	0	0	0	0	0	0	0	1
NOTCH2	631	863	6943	406	84	190	389	669
SEC22B	578	601	6698	410	77	169	340	575
AC253572.1	1	1	9	0	0	0	0	0
NBPF26	3	71	36	52	5	6	3	57
PPIAL4A	3	0	24	0	0	0	0	0
FCGR1B	0	0	0	0	0	0	0	0
FAM72B	129	44	2091	25	1	7	99	55
SRGAP2C	216	503	1920	222	52	97	137	490
HIST2H3PS2	0	2	72	31	0	0	1	2
FAM72C	187	20	1821	16	7	11	152	42
IGKV1OR1-1	0	0	0	0	0	0	0	1
PPIAL4E	0	0	0	0	0	0	0	0
NBPF15	44	206	334	109	30	30	32	129
PPIAL4F	0	0	0	0	0	0	0	0
SRGAP2B	66	565	479	324	98	78	50	490
FAM72D	259	61	1631	48	10	6	221	47
PPIAL4D	0	0	0	0	0	0	0	0
NBPF20	10	28	93	13	5	7	6	6
GPR89A	435	207	4182	246	49	36	290	215
PDZK1	2	40	27	33	4	9	5	45
CD160	5	7	34	10	1	3	12	11
RNF115	5067	1144	42305	1513	287	359	2647	1389
POLR3C	1225	419	11812	529	94	99	796	409
NUDT17	112	41	1334	43	9	19	62	48
PIAS3	669	234	6960	245	52	66	608	239
ANKRD35	304	100	5789	180	21	52	576	187
ITGA10	4	7	48	6	1	3	2	12
PEX11B	420	147	3153	150	26	36	206	132
RBM8A	25186	3666	239097	5899	789	1372	14021	5552
LIX1L	48	274	2465	165	37	56	80	146
ANKRD34A	2	5	87	3	2	2	0	5
POLR3GL	224	578	3940	350	84	114	285	355
TXNIP	1178	820	8587	1067	197	312	1066	1022
HJV	34	37	419	8	2	2	34	10
NBPF10	6	51	122	25	4	6	2	25
NOTCH2NLA	1	45	12	24	6	10	0	32
PPIAL4H	0	0	8	0	0	0	0	0
NBPF12	37	276	348	170	48	39	39	138
PRKAB2	2130	415	14942	513	137	153	1215	750
FMO5	87	48	806	47	32	15	50	119
CHD1L	2676	34	18910	49	17	11	1854	69
BCL9	740	924	4426	852	210	251	552	852
ACP6	416	163	2910	195	20	47	399	222
GJA5	14	6	149	46	0	0	11	10
GJA8	0	0	0	0	0	0	0	0
GPR89B	327	184	2594	174	52	45	178	177
NBPF11	106	260	1427	224	45	40	89	232
PPIAL4G	0	4	0	0	0	0	0	1
NBPF14	23	36	406	44	14	13	62	69
NOTCH2NLB	0	1	2	0	0	0	0	0
NUDT4B	0	1	0	1	0	3	0	4
PDE4DIP	393	304	4151	201	45	69	235	180
NBPF9	8	88	126	39	7	15	8	64
NOTCH2NLC	16	160	82	82	19	32	9	101
NBPF19	1	67	6	41	12	14	0	61
PPIAL4C	0	0	1	0	0	0	0	0
FCGR1A	1	0	4	0	0	0	0	0
HIST2H2BF	101	79	838	50	14	9	44	61
HIST2H3D	2	3	77	3	0	1	3	4
HIST2H4A	40	4	101	2	0	0	10	3
HIST2H3C	0	0	0	0	0	0	0	0
HIST2H2AA3	0	0	0	0	0	0	0	0
HIST2H2AA4	0	150	0	65	23	23	0	82
HIST2H3A	0	1	0	0	0	0	0	1
HIST2H4B	0	18	0	11	4	9	0	28
HIST2H2BE	81	62	549	33	11	9	50	29
HIST2H2AC	601	346	4240	158	50	49	405	176
HIST2H2AB	87	63	785	47	7	11	68	42
BOLA1	1385	235	8844	325	65	72	872	278
SV2A	1613	214	13726	375	72	99	967	340
SF3B4	6357	725	57919	895	122	232	2999	1002
MTMR11	151	33	1124	38	4	8	79	39
OTUD7B	821	551	8148	512	139	129	465	582
VPS45	819	691	7077	597	127	164	482	633
PLEKHO1	1568	1139	14750	868	218	278	1166	834
ANP32E	21759	4383	152705	4458	895	1319	13358	5178
CA14	901	630	15708	526	96	133	1035	532
APH1A	6130	1011	63695	1055	186	302	3524	1243
C1orf54	1015	1123	9379	776	145	239	1092	883
CIART	326	78	6072	120	21	38	336	118
MRPS21	22045	3773	185046	4454	805	1098	12897	5084
PRPF3	1648	582	14858	706	125	159	1020	576
RPRD2	1773	1841	12802	1469	334	412	1003	1692
TARS2	1577	287	12017	336	57	76	827	427
ECM1	19	4	296	18	1	1	14	6
ADAMTSL4	119	17	1370	38	13	9	64	29
MCL1	7008	1099	47921	1861	307	495	3159	1656
ENSA	17160	2961	175972	4364	712	881	8617	5031
GOLPH3L	2496	354	22350	601	112	159	1382	670
HORMAD1	1	1	18	4	0	0	0	3
CTSS	0	7	20	6	1	2	0	8
CTSK	233	64	1424	76	19	3	289	96
ARNT	1150	596	8021	576	137	156	632	606
CTXND2	0	10	4	1	0	0	1	0
SETDB1	958	670	7795	630	141	154	636	638
CERS2	3157	485	28416	750	135	181	2130	855
ANXA9	144	12	928	141	4	8	215	23
MINDY1	168	81	1272	52	13	13	99	65
PRUNE1	1310	148	7423	201	48	55	674	219
BNIPL	120	27	278	136	6	12	107	37
C1orf56	1120	280	9235	259	78	58	761	270
CDC42SE1	3569	460	25971	668	121	202	2090	740
MLLT11	4574	1620	36161	1256	236	426	1668	1386
GABPB2	184	242	1878	203	37	55	108	174
SEMA6C	133	87	1961	76	20	18	111	87
TNFAIP8L2	5	1	47	1	0	0	2	1
SCNM1	2027	479	20764	509	107	118	1090	551
LYSMD1	250	60	1880	45	5	15	150	47
TMOD4	0	0	3	0	0	0	0	1
VPS72	3984	943	34790	921	206	232	2453	1158
PIP5K1A	2160	1046	15462	1384	296	344	1114	1322
PSMD4	16713	2211	122299	3172	556	719	7432	2982
ZNF687	703	80	6381	168	20	34	414	121
PI4KB	768	212	7441	238	44	62	415	240
RFX5	569	116	6996	149	37	47	381	166
SELENBP1	549	219	8621	270	49	57	467	203
PSMB4	19223	1970	189735	3185	497	789	12354	3714
POGZ	2915	1830	25332	1822	358	517	2010	1783
CGN	956	63	8695	314	37	69	609	338
TUFT1	167	65	1524	132	13	36	95	62
SNX27	3495	704	28359	1018	192	229	1935	1071
CELF3	10	11	142	11	0	3	8	11
RIIAD1	23	5	184	10	9	3	14	4
MRPL9	5935	1006	53562	1181	194	262	3185	1178
OAZ3	107	32	884	10	2	4	46	24
TDRKH	458	161	3638	183	51	41	320	174
LINGO4	0	0	0	1	0	0	0	0
RORC	24	0	200	3	0	0	6	4
C2CD4D	54	2	566	9	1	1	24	5
THEM5	0	0	0	1	0	0	0	0
THEM4	994	182	9060	223	45	60	532	289
S100A10	27583	962	203520	4128	701	926	7242	3641
S100A11	46031	3857	343730	11369	931	1513	16128	5649
TCHHL1	0	0	0	0	0	0	0	0
TCHH	67	10	548	1	1	7	16	13
RPTN	0	0	0	0	0	0	0	0
HRNR	0	0	1	0	0	0	0	0
FLG	0	0	0	0	0	0	1	0
FLG2	0	0	3	1	0	0	0	1
CRNN	0	0	0	0	0	0	0	0
LCE5A	0	0	0	0	0	0	0	0
CRCT1	0	0	0	0	0	0	0	0
LCE3E	0	0	0	0	0	0	0	0
LCE3D	0	0	0	0	0	0	0	0
LCE3C	0	0	0	0	0	0	0	0
LCE3B	0	0	0	0	0	0	0	0
LCE3A	0	0	0	0	0	0	0	0
LCE2D	0	0	0	0	0	0	0	0
LCE2C	0	0	0	0	0	0	0	0
LCE2B	0	0	0	0	0	0	0	0
LCE2A	0	0	0	0	0	0	0	0
LCE4A	0	0	0	0	0	0	0	0
C1orf68	0	0	0	0	0	0	0	0
KPRP	0	0	0	0	0	0	0	0
LCE1F	0	0	0	0	0	0	0	0
LCE1E	3	0	5	0	0	1	0	0
LCE1D	0	0	1	0	0	0	0	0
LCE1C	1	0	0	0	0	0	0	0
LCE1B	0	0	0	0	0	0	0	0
LCE1A	0	0	0	0	0	0	0	0
LCE6A	0	0	0	0	0	0	0	0
AL162596.1	0	0	0	0	0	0	0	0
SMCP	0	1	0	0	0	0	0	0
IVL	0	0	0	0	0	0	0	0
SPRR5	0	0	0	0	0	0	0	0
SPRR4	0	0	0	0	0	0	0	0
SPRR1A	0	0	0	0	0	0	0	0
SPRR3	1	0	29	2	1	15	0	0
SPRR1B	0	0	8	0	0	1	0	0
SPRR2D	0	0	7	1	0	0	0	0
SPRR2A	2	0	1	0	0	0	2	0
SPRR2B	0	0	0	0	0	0	0	0
SPRR2E	0	0	2	0	0	0	0	0
SPRR2F	2	1	15	1	0	0	3	0
SPRR2G	0	0	1	0	0	0	0	0
LELP1	3	0	26	0	0	0	0	0
PRR9	1	0	9	0	0	0	0	0
LOR	5	0	46	1	1	0	4	0
PGLYRP3	0	0	0	0	0	0	0	0
PGLYRP4	0	2	4	0	0	1	0	0
S100A9	3	6	112	9	0	17	0	2
S100A12	0	0	0	0	0	0	0	0
S100A8	0	0	2	0	0	0	0	0
S100A7A	0	0	0	0	0	0	0	0
S100A7L2	0	0	0	0	0	0	0	0
S100A7	0	0	16	0	0	0	1	0
S100A6	2854	716	29723	1222	75	422	689	475
S100A5	5	3	51	2	0	0	2	2
S100A4	2243	133	25496	629	29	135	951	468
S100A3	6	0	47	10	0	0	1	1
S100A2	25	3	211	5	1	2	7	2
S100A16	622	72	7022	360	44	100	418	135
S100A14	206	25	2400	115	6	35	111	95
S100A13	6377	1728	56453	1838	328	481	3969	1845
S100A1	134	14	1848	36	4	5	114	27
CHTOP	5321	1116	53986	1138	166	329	2826	1401
SNAPIN	2204	710	20682	641	145	156	1465	662
ILF2	30945	4744	240446	5553	910	1374	14952	5919
NPR1	100	3	952	27	3	8	54	23
INTS3	126	346	1154	400	81	108	110	396
SLC27A3	370	61	3433	223	34	31	186	226
GATAD2B	118	1635	981	1949	385	434	71	1738
DENND4B	1223	184	11233	256	62	57	850	319
CRTC2	344	61	3238	68	16	13	178	82
SLC39A1	292	1130	3367	1732	276	428	160	2168
CREB3L4	1695	239	13108	303	80	75	922	360
JTB	9821	1947	67537	2526	453	610	4964	2464
RAB13	12972	1928	91021	3761	637	873	5726	3988
RPS27	259782	35560	1839286	40128	7444	11040	160762	48067
NUP210L	6	88	36	125	23	23	3	108
TPM3	31258	3839	266638	7002	1133	1646	17888	7800
C1orf189	5	13	116	2	1	1	2	12
C1orf43	9289	1866	90171	2143	418	511	6365	2357
UBAP2L	4898	977	49659	1222	208	296	2866	1097
HAX1	6188	1193	58435	1630	232	375	4166	1528
AQP10	1	0	14	0	0	0	0	0
ATP8B2	727	169	5040	185	42	47	356	229
IL6R	196	6	557	19	22	3	72	54
SHE	23	2	199	7	4	4	18	11
TDRD10	9	1	132	3	1	1	2	9
UBE2Q1	3095	361	24401	563	83	130	1616	537
CHRNB2	13	4	140	2	1	0	9	6
ADAR	5426	1045	44635	1629	319	355	3177	1555
KCNN3	47	418	321	145	67	72	18	214
PMVK	3682	912	24771	775	192	252	1519	819
PBXIP1	363	388	4206	272	62	103	350	279
PYGO2	481	218	5072	160	36	62	368	188
SHC1	3578	376	26462	590	69	173	1785	634
CKS1B	6297	6739	60851	7348	1203	1787	4219	7811
FLAD1	3033	582	29149	754	138	201	1625	816
LENEP	0	2	19	2	0	0	0	0
ZBTB7B	373	26	3019	89	9	18	189	48
DCST2	7	22	60	17	3	3	5	18
DCST1	0	10	6	6	2	0	0	12
ADAM15	481	132	4778	105	24	41	255	119
EFNA4	2143	401	21657	466	96	158	1349	586
EFNA3	997	138	12443	203	49	69	721	229
EFNA1	176	31	1008	164	14	46	147	51
SLC50A1	2680	482	22236	626	98	153	1487	678
DPM3	1547	1035	16627	673	175	171	1185	927
KRTCAP2	6062	3413	55530	3899	699	970	4265	3349
TRIM46	296	52	3593	96	15	23	166	55
MUC1	82	32	2270	29	9	9	86	22
THBS3	175	294	2216	144	25	57	90	120
MTX1	1604	808	15473	1010	181	260	934	1349
GBA	32	126	233	139	12	30	14	134
FAM189B	10	300	61	232	58	70	5	210
SCAMP3	59	422	912	413	79	106	44	475
CLK2	111	316	924	321	63	81	80	337
HCN3	0	58	24	28	10	11	2	39
PKLR	0	5	15	6	2	0	0	5
FDPS	13426	6630	107188	5357	1077	1360	7780	4718
RUSC1	2725	360	28177	485	93	132	1504	539
ASH1L	3135	2730	18834	3074	611	658	1727	2900
MSTO1	404	116	4768	121	37	29	186	140
YY1AP1	1785	432	14988	496	102	90	871	532
DAP3	6115	1122	45523	1394	289	331	3053	1611
GON4L	3215	1745	27209	1428	272	325	1818	1443
SYT11	449	995	6926	220	72	140	99	389
RIT1	1234	546	12356	461	81	136	797	545
KHDC4	1777	628	16738	675	140	154	1104	521
RXFP4	0	0	0	1	0	0	0	0
ARHGEF2	784	322	8185	314	59	73	633	356
SSR2	13565	3299	118122	3447	698	1013	8858	4277
UBQLN4	323	247	3282	265	44	73	302	248
LAMTOR2	3904	1245	44977	1225	282	351	2943	1402
RAB25	1247	134	21108	577	145	160	2276	791
MEX3A	1755	1092	11251	1002	241	324	1844	1283
LMNA	5436	995	32792	1213	219	321	1681	1137
SEMA4A	278	31	4217	45	15	10	172	76
SLC25A44	1201	103	9068	175	39	43	380	200
PMF1	11011	2045	102721	2405	458	595	7379	2781
BGLAP	32	209	330	149	41	53	22	195
PAQR6	143	13	2278	45	10	6	122	40
SMG5	769	402	8652	501	81	102	450	465
TMEM79	57	43	632	28	11	13	63	24
GLMP	1638	303	17761	458	82	82	1060	402
VHLL	0	0	0	0	0	0	0	0
CCT3	46598	5451	397111	7473	1231	1988	25639	8737
TSACC	507	20	7171	69	18	16	310	74
RHBG	28	3	175	20	1	1	37	10
C1orf61	258	131	2533	305	41	62	385	194
MEF2D	390	83	4178	144	18	24	192	124
IQGAP3	322	212	2950	197	40	49	267	185
TTC24	4	0	23	0	0	1	1	0
NAXE	6813	1089	60051	1492	266	267	4066	1404
GPATCH4	8374	802	80144	1204	221	277	5201	1498
HAPLN2	9	8	239	7	0	4	17	4
BCAN	181	14	4226	34	2	9	90	29
NES	9566	4093	88749	2942	748	816	3455	3897
CRABP2	7706	3753	77073	6031	670	1185	5896	3950
ISG20L2	3016	373	23938	522	87	111	1498	525
RRNAD1	525	259	6073	283	35	65	319	288
MRPL24	1568	295	12085	341	81	72	857	378
HDGF	7336	2528	86749	2851	485	958	7378	3314
PRCC	3588	671	34807	846	159	184	1803	947
SH2D2A	425	33	3961	73	9	12	320	64
NTRK1	3	8	49	9	0	0	2	10
INSRR	0	1	7	2	0	1	2	0
PEAR1	7	9	100	1	1	1	5	8
LRRC71	2	2	52	1	0	0	2	3
ARHGEF11	555	815	4887	1139	209	192	403	987
ETV3L	2	2	33	11	2	2	5	8
ETV3	451	165	3781	322	41	57	319	217
FCRL5	23	0	439	9	0	0	8	7
FCRL4	0	0	0	0	0	0	0	0
FCRL3	0	1	0	0	0	0	0	0
FCRL2	0	1	3	0	0	0	2	0
FCRL1	0	0	0	0	0	0	0	0
CD5L	0	0	0	0	0	0	0	0
KIRREL1	480	678	3611	687	133	164	198	788
AL138899.3	0	0	1	0	0	0	0	0
CD1D	760	18	5478	223	37	14	535	134
CD1A	0	0	0	0	0	0	1	0
CD1C	1	0	18	1	0	0	0	0
CD1B	0	0	2	0	0	0	0	0
CD1E	0	0	0	0	0	0	0	0
OR10T2	0	0	1	0	0	0	0	0
OR10K2	0	0	0	0	0	0	0	0
OR10K1	0	0	2	0	1	0	0	0
OR10R2	0	0	0	0	0	0	0	0
OR6Y1	0	0	1	0	0	0	0	0
OR6P1	0	0	0	0	0	0	0	0
OR10X1	0	0	0	0	0	0	0	0
OR10Z1	0	0	1	0	0	0	0	0
SPTA1	2	5	3	0	0	0	1	0
OR6K2	0	0	0	0	0	0	0	0
OR6K3	0	0	1	0	0	1	0	0
OR6N1	0	0	1	0	0	0	0	0
OR6K6	0	0	0	0	0	0	0	0
OR6N2	0	0	0	0	0	0	0	0
MNDA	0	0	0	0	0	0	0	0
PYHIN1	0	1	1	1	1	0	0	2
IFI16	413	144	864	373	42	50	179	170
AIM2	8	295	132	236	46	65	7	174
CADM3	48	31	625	31	6	13	60	41
ACKR1	1	0	27	1	1	0	2	2
FCER1A	2	0	1	0	0	0	0	0
OR10J1	0	0	0	0	0	0	0	0
OR10J5	0	0	0	0	0	0	0	0
APCS	0	0	0	0	0	0	0	0
CRP	0	0	0	0	0	0	0	0
DUSP23	2895	430	32820	1018	163	157	2281	731
FCRL6	0	0	0	0	0	0	0	0
SLAMF8	0	1	1	0	0	0	0	0
AL590560.2	1	0	28	0	0	0	0	0
VSIG8	0	0	20	2	0	0	0	0
CFAP45	23	50	151	17	6	6	12	11
TAGLN2	6988	480	51249	1840	215	253	1781	878
IGSF9	558	173	5433	159	41	34	346	153
SLAMF9	0	0	6	0	0	0	0	0
KCNJ10	10	7	237	9	1	1	4	7
PIGM	603	182	5551	216	34	59	395	171
KCNJ9	2	0	21	2	0	0	2	1
IGSF8	2306	147	29476	389	78	60	1332	409
ATP1A2	371	623	5141	419	62	123	344	343
ATP1A4	36	28	324	23	2	3	14	13
CASQ1	149	3	1275	19	2	2	28	10
PEA15	2142	567	25032	565	120	150	877	616
DCAF8	1228	800	12280	853	197	237	660	961
PEX19	2941	558	27358	590	121	188	1727	758
COPA	5170	1393	38083	1418	289	364	2416	1551
NCSTN	1642	359	16832	407	73	103	985	404
NHLH1	37	44	513	34	6	5	29	43
VANGL2	1890	673	10759	555	114	169	1007	664
SLAMF6	0	0	3	0	0	0	0	0
CD84	1	3	3	0	0	1	0	0
SLAMF1	1	0	3	2	1	0	0	1
CD48	16	1	78	4	1	0	12	12
SLAMF7	0	0	7	0	0	0	0	0
LY9	0	0	1	0	0	0	0	1
CD244	1	1	3	1	0	0	2	0
ITLN1	0	1	17	2	0	1	3	0
ITLN2	166	11	6123	123	6	11	290	117
F11R	2403	375	21559	1323	235	358	1572	1695
TSTD1	16951	1286	120747	2904	758	885	12123	3640
USF1	509	91	5035	99	36	38	609	260
ARHGAP30	8	6	41	20	1	7	5	9
NECTIN4	170	5	589	75	7	23	18	18
KLHDC9	407	232	3810	161	52	50	318	177
PFDN2	23336	3145	183234	3588	706	861	12327	3827
NIT1	1980	487	25457	494	96	112	1235	514
DEDD	1005	245	9217	292	52	66	634	335
UFC1	7878	2470	53946	2955	484	620	4600	2360
USP21	166	105	1628	64	13	25	103	109
PPOX	706	240	8202	227	62	70	572	281
B4GALT3	1570	309	14928	326	64	72	893	363
ADAMTS4	187	9	1057	26	3	4	59	35
NDUFS2	12753	1932	75414	2237	433	547	5900	2349
FCER1G	24	3	222	10	0	1	9	8
APOA2	275	320	2018	246	40	100	111	277
TOMM40L	577	51	4928	74	12	26	201	102
NR1I3	7	6	16	5	1	0	3	2
PCP4L1	59	14	637	27	3	9	12	12
MPZ	171	34	1620	35	6	7	70	32
SDHC	6117	2055	65946	2402	399	639	3283	2375
CFAP126	19	81	176	7	9	10	8	19
FCGR2A	0	8	45	7	0	1	4	1
HSPA6	16	4	189	0	1	8	43	1
FCGR3A	0	0	2	0	0	0	0	0
FCGR3B	0	0	0	0	0	0	0	0
FCGR2B	0	0	9	0	0	0	0	0
FCRLA	0	0	1	0	0	0	0	0
FCRLB	16	7	125	4	2	1	10	8
DUSP12	1555	595	15221	462	101	132	1220	550
ATF6	916	855	7964	744	149	204	711	719
OLFML2B	13	77	159	47	28	28	16	54
NOS1AP	502	1575	3227	1529	266	376	397	1512
SPATA46	0	1	0	1	0	0	0	1
C1orf226	207	73	1414	80	15	20	144	67
SH2D1B	0	0	1	0	0	0	0	2
UHMK1	1628	529	8971	600	110	137	977	511
UAP1	1801	579	13221	448	80	127	1104	594
DDR2	21	98	412	91	13	21	8	84
HSD17B7	1508	601	14072	718	121	136	898	570
CCDC190	2	5	5	2	0	0	0	1
RGS4	24	20	197	24	2	2	19	9
RGS5	215	141	2980	143	12	48	162	146
NUF2	5138	1873	40218	1408	309	329	2939	1359
PBX1	7239	4601	68691	7386	1517	1893	6293	7353
LMX1A	18	1811	255	770	151	288	24	496
RXRG	7	56	112	29	17	7	6	30
LRRC52	0	0	4	1	0	0	0	0
MGST3	25730	5644	179718	5504	1037	1388	13571	5587
ALDH9A1	5816	946	47036	1145	225	315	2995	1167
TMCO1	5714	1732	43553	1657	327	467	3385	1634
UCK2	2752	1166	23101	1326	231	339	1558	1387
FAM78B	168	24	1029	56	8	13	44	81
POGK	1416	515	9239	498	98	143	953	527
TADA1	889	435	7175	395	84	98	530	368
ILDR2	51	1435	471	417	189	258	26	613
MAEL	193	125	649	32	8	8	23	58
GPA33	3	62	55	54	7	15	9	40
DUSP27	5	9	26	8	0	2	1	1
POU2F1	2696	2997	26689	3619	647	865	1767	4148
CD247	34	86	255	32	3	10	28	35
CREG1	987	588	10337	692	104	183	753	477
RCSD1	2	8	29	17	0	4	5	6
MPZL1	2374	1446	20756	2210	275	463	1471	1311
ADCY10	6	47	41	71	3	12	3	44
MPC2	7196	1709	64499	2046	348	461	2950	1693
DCAF6	922	928	6924	1382	280	335	432	1279
GPR161	265	515	3830	281	76	98	221	423
TIPRL	3815	1140	39243	1233	249	325	2438	1353
SFT2D2	1121	417	8073	390	99	104	552	454
TBX19	51	30	445	37	7	6	24	37
XCL2	5	0	20	0	0	0	0	0
XCL1	76	1	112	5	5	1	18	0
DPT	0	0	1	0	0	0	0	0
ATP1B1	4426	993	37048	1318	262	338	2979	1609
NME7	832	1496	8574	953	234	351	804	1052
BLZF1	573	304	4300	346	71	106	376	294
CCDC181	197	410	3074	195	27	67	341	231
SLC19A2	678	338	5903	429	84	90	378	361
F5	10	1	50	7	2	1	1	10
SELP	0	1	1	0	0	0	0	1
C1orf112	1261	410	8233	423	74	112	700	379
SELL	18	2	100	3	1	0	5	0
SELE	0	1	1	0	0	1	0	2
METTL18	475	213	7139	280	45	67	504	238
SCYL3	352	182	2413	152	37	39	225	155
KIFAP3	240	379	2393	443	83	88	159	270
METTL11B	4	12	9	7	3	1	0	4
GORAB	639	260	5352	260	41	65	346	260
PRRX1	16	215	206	30	7	28	18	170
MROH9	0	37	2	17	11	3	0	14
FMO3	1	3	6	4	1	0	0	1
FMO2	1	9	7	7	0	1	0	2
FMO1	6	27	69	30	5	6	4	17
FMO4	63	99	966	80	22	45	46	62
PRRC2C	27854	6217	221155	8072	1337	1940	15674	8342
MYOCOS	0	9	25	22	5	2	2	73
MYOC	0	1	2	0	0	1	0	0
VAMP4	499	211	3482	160	43	57	289	288
EEF1AKNMT	2569	255	23823	398	81	98	1313	414
DNM3	55	195	479	204	30	40	37	182
PIGC	1098	577	11791	534	114	137	769	460
C1orf105	0	7	4	16	0	6	1	1
SUCO	2401	1470	20261	1746	340	460	1610	1502
FASLG	0	0	0	1	0	0	0	0
TNFSF18	0	2	0	0	0	0	0	1
TNFSF4	28	7	354	9	2	2	17	8
PRDX6	68092	6362	625264	11298	1641	2557	26098	11974
SLC9C2	2	10	6	9	4	4	0	18
ANKRD45	70	209	796	66	33	24	40	82
TEX50	0	0	0	0	0	0	0	0
KLHL20	623	655	5501	501	108	116	325	524
CENPL	1522	326	10004	360	82	79	805	310
DARS2	2205	310	13948	348	91	81	893	489
ZBTB37	858	289	6719	249	61	103	533	304
SERPINC1	1	5	15	1	0	1	3	4
RC3H1	894	1433	7667	1513	330	334	527	1296
RABGAP1L	3499	2962	27928	4998	945	801	2641	4320
GPR52	3	3	19	1	0	0	4	3
CACYBP	22853	3099	203946	4294	694	1048	11900	4745
MRPS14	4578	883	37718	1028	194	261	2520	1050
TNN	33	4	211	17	3	0	18	12
KIAA0040	564	5	5024	126	15	17	276	69
TNR	0	2	7	5	1	2	0	3
COP1	1872	2886	14224	2879	582	703	1157	2925
PAPPA2	157	22	661	345	33	12	114	94
ASTN1	26	229	538	137	29	79	28	162
BRINP2	3	3	60	2	1	1	1	1
SEC16B	17	4	232	16	8	2	12	25
RASAL2	2599	3118	22422	4136	881	936	1397	4533
CLEC20A	1	0	5	2	1	0	0	1
TEX35	13	4	93	1	0	0	6	1
RALGPS2	2027	2267	12686	1959	536	561	1248	2131
ANGPTL1	13	243	48	232	56	53	13	216
FAM20B	1049	606	9018	557	119	143	777	605
TOR3A	2397	315	26824	529	94	100	1185	601
ABL2	1487	1201	9702	1239	280	282	812	1039
SOAT1	126	310	1118	226	53	73	88	175
AXDND1	8	32	35	13	3	7	1	37
NPHS2	3	1	10	1	0	0	0	0
TDRD5	26	21	105	20	6	4	18	18
FAM163A	3	5	30	2	1	0	1	8
TOR1AIP2	3096	666	22188	907	144	213	1732	785
TOR1AIP1	1363	367	9811	405	80	107	798	448
CEP350	2932	2025	26195	1803	404	479	1795	2016
QSOX1	938	112	15615	273	48	51	752	359
LHX4	129	17	534	17	21	21	60	45
ACBD6	5845	2566	55764	2557	514	681	3866	3009
XPR1	782	1813	6941	1242	336	413	679	1588
KIAA1614	12	14	211	24	4	4	12	28
STX6	1960	510	16427	747	163	199	1356	733
MR1	2	8	43	18	8	1	5	6
IER5	514	331	3412	392	55	106	477	322
CACNA1E	6	57	55	69	23	23	5	53
ZNF648	7	2	58	3	0	1	6	1
GLUL	6822	1868	45247	2167	405	552	4529	2372
TEDDM1	0	0	0	0	0	0	0	0
RGSL1	0	0	0	2	1	0	0	1
RNASEL	69	27	462	24	6	5	46	13
RGS16	6558	184	26773	496	132	81	1647	382
RGS8	14	4	111	13	1	0	1	2
NPL	133	23	1578	82	13	11	98	43
DHX9	8342	3075	76941	3215	622	914	4817	3593
SHCBP1L	23	3	13	1	1	2	3	9
LAMC1	6536	957	25997	1083	545	274	4861	2004
LAMC2	302	22	2854	85	19	11	161	63
NMNAT2	209	66	2257	264	26	65	105	152
SMG7	1282	1102	12125	1235	239	281	852	1115
NCF2	8	16	100	14	0	7	2	36
ARPC5	12007	2545	113230	3483	612	754	6286	3284
RGL1	48	809	583	400	110	154	20	509
APOBEC4	0	4	0	3	0	1	0	2
COLGALT2	43	149	1181	62	21	31	45	97
TSEN15	1409	936	19084	664	104	164	1015	601
C1orf21	1159	1128	14638	1222	286	475	850	1089
EDEM3	541	417	3580	327	72	96	343	301
NIBAN1	296	122	3571	127	23	54	283	169
RNF2	2422	1032	16816	1043	220	263	1536	1224
TRMT1L	1440	411	14591	442	110	134	1014	535
SWT1	374	262	2133	245	48	64	151	230
IVNS1ABP	3689	1300	23047	1987	216	369	2682	1606
HMCN1	89	785	242	372	80	117	26	370
PRG4	2	1	8	2	1	1	0	1
TPR	12965	3812	98694	4182	777	1097	9266	4615
ODR4	1283	724	9268	770	179	229	870	715
OCLM	1	0	8	0	0	1	1	1
PDC	0	2	0	2	0	1	0	2
PTGS2	2	3	65	35	1	4	7	0
PLA2G4A	35	54	345	30	1	8	44	17
BRINP3	0	127	13	49	42	20	0	78
RGS18	1	0	0	1	0	0	0	0
RGS21	0	0	1	2	1	0	1	1
RGS1	2	0	15	1	0	0	1	0
RGS13	7	3	106	4	1	0	6	4
AL136454.1	635	96	5687	69	19	29	335	146
RGS2	541	172	4829	124	48	41	410	176
UCHL5	3441	816	24507	970	178	224	1845	992
RO60	3883	1988	30102	1695	384	495	2614	1903
GLRX2	967	262	11682	305	49	77	601	270
CDC73	4150	1425	31111	1715	324	448	2301	2006
B3GALT2	3	4	26	4	0	2	3	6
KCNT2	130	3568	1442	2939	593	791	131	3054
CFH	0	3	7	2	0	1	0	1
CFHR3	1	11	409	41	2	0	43	0
CFHR1	0	0	4	1	0	0	0	1
CFHR4	0	2	7	2	0	0	0	0
CFHR2	0	1	1	0	0	0	0	0
CFHR5	1	0	0	0	0	0	0	0
F13B	0	0	0	0	1	0	1	2
ASPM	6906	2981	51979	2628	474	766	4572	2641
ZBTB41	416	353	2617	230	51	85	246	242
CRB1	8	84	43	26	11	18	1	54
DENND1B	43	480	1157	530	99	96	67	382
C1orf53	65	59	1307	43	6	12	62	52
LHX9	50	5	574	9	1	5	31	16
NEK7	721	971	5982	890	194	247	490	947
ATP6V1G3	2	4	10	8	1	1	2	1
PTPRC	1	7	13	2	0	0	1	1
NR5A2	228	75	820	175	211	28	209	637
ZNF281	5109	557	36306	974	160	288	2746	1103
KIF14	2044	1268	15113	970	204	249	1179	1020
DDX59	1056	418	8706	452	93	97	680	396
CAMSAP2	1482	1566	10388	1352	303	365	771	1435
GPR25	0	0	0	0	0	0	0	0
INAVA	437	239	3401	323	56	79	267	275
KIF21B	152	78	1422	105	17	24	108	112
CACNA1S	1	2	6	7	1	1	1	3
ASCL5	7	4	51	2	1	1	5	5
TMEM9	3996	964	42127	1170	168	312	3196	1055
IGFN1	11	0	6	1	0	0	0	0
PKP1	11	0	181	6	0	0	11	1
TNNT2	83	13	803	85	2	7	59	11
LAD1	926	13	6737	168	18	17	495	110
TNNI1	22	28	559	30	6	8	17	20
PHLDA3	6089	232	45163	548	46	107	1443	689
CSRP1	543	172	10474	337	44	74	198	160
NAV1	1226	1379	6996	1010	270	349	829	1388
IPO9	3550	1564	30129	1655	341	380	2229	1587
SHISA4	118	62	2097	74	20	24	81	70
LMOD1	15	75	159	86	8	22	9	38
TIMM17A	7413	914	62514	1204	248	267	3439	1238
RNPEP	2540	550	20226	712	137	165	1355	910
ELF3	2111	37	12330	278	58	63	1099	196
GPR37L1	3	2	104	4	1	3	8	4
ARL8A	3913	395	37200	654	110	116	1963	720
PTPN7	12	5	143	12	0	0	10	7
LGR6	8	3	54	11	2	3	5	7
UBE2T	5687	2354	108990	2259	456	553	6375	2775
PPP1R12B	440	982	3990	840	250	263	261	1098
SYT2	405	45	1288	64	7	25	170	85
KDM5B	13178	3181	94940	4455	794	1118	8789	4630
RABIF	1589	261	13103	288	52	62	618	317
KLHL12	1114	268	9745	309	59	80	707	359
ADIPOR1	4071	455	39890	729	102	160	2086	749
CYB5R1	790	153	7994	189	37	67	311	198
TMEM183A	2967	1085	25136	1551	247	392	1821	1679
PPFIA4	147	62	1531	124	21	43	191	100
MYOG	0	0	1	1	0	0	0	1
ADORA1	125	21	369	31	5	6	33	43
MYBPH	0	0	0	0	0	0	0	0
CHI3L1	4	5	50	5	1	0	1	1
CHIT1	0	4	2	1	1	1	0	1
BTG2	445	662	4355	598	72	180	250	297
FMOD	4	8	62	5	0	1	2	3
PRELP	28	11	154	12	1	3	20	8
OPTC	9	7	107	16	2	1	13	6
ATP2B4	537	860	4912	941	173	211	379	638
LAX1	1	1	7	0	0	0	0	1
ZC3H11A	37	27	469	13	2	8	46	23
ZBED6	36	25	224	28	8	6	17	20
SNRPE	28309	7431	223624	7931	1380	1981	17376	8371
SOX13	1410	576	9559	528	145	153	751	675
ETNK2	615	84	6171	168	29	42	325	115
REN	1	12	30	1	0	0	4	1
KISS1	6	0	62	1	0	1	2	1
GOLT1A	89	6	1278	44	6	8	101	59
PLEKHA6	138	516	662	351	92	118	75	294
PPP1R15B	1099	280	9877	342	65	94	564	403
PIK3C2B	274	465	2162	357	110	130	219	405
MDM4	3772	1256	24535	1164	208	372	2104	1327
LRRN2	69	221	770	324	55	56	123	189
NFASC	131	131	1134	159	38	36	93	182
CNTN2	35	18	320	10	1	6	27	13
TMEM81	96	8	844	17	2	4	47	19
RBBP5	1773	482	14099	589	90	152	900	536
DSTYK	1188	550	8575	581	113	115	762	582
TMCC2	195	68	1918	66	9	26	111	95
NUAK2	271	776	2123	555	102	145	115	301
KLHDC8A	38	154	411	70	14	22	27	80
LEMD1	97	269	523	190	39	42	170	209
BLACAT1	129	220	670	110	33	39	106	122
CDK18	411	79	5170	171	36	33	505	189
MFSD4A	15	17	132	17	4	6	11	42
ELK4	1112	308	5862	314	80	119	649	429
SLC45A3	230	46	1659	59	19	17	93	53
NUCKS1	58073	16452	460527	19622	3329	4746	44372	19244
RAB29	1081	79	13571	172	33	44	753	162
SLC41A1	985	130	8277	178	21	53	622	196
PM20D1	1	5	101	2	0	3	0	6
SLC26A9	0	1	1	2	1	0	0	1
RAB7B	4	5	43	6	0	4	3	9
CTSE	1	3	10	1	1	0	4	2
RHEX	0	14	3	0	4	1	0	2
AVPR1B	2	7	28	1	0	0	1	1
FAM72A	75	8	775	20	2	2	55	18
SRGAP2	530	887	4481	566	148	141	319	716
IKBKE	149	33	2277	64	7	6	131	38
RASSF5	27	5	365	15	2	4	11	11
EIF2D	2036	511	18462	450	101	101	1207	495
DYRK3	173	165	2600	152	45	45	217	127
MAPKAPK2	1280	381	12955	554	72	130	716	521
IL10	0	1	1	0	0	0	0	1
IL19	1	8	3	2	0	1	0	1
IL20	0	0	4	0	0	0	0	0
IL24	1	0	32	0	0	0	0	0
FCMR	6	0	106	1	0	2	9	0
PIGR	0	0	7	0	0	0	0	0
FCAMR	0	0	0	0	0	0	0	0
C1orf116	38	4	331	12	1	2	32	11
PFKFB2	348	64	3250	100	15	14	207	120
YOD1	530	149	3296	187	30	34	313	149
C4BPB	0	1	2	0	0	0	0	0
C4BPA	0	0	9	0	0	0	0	2
CD55	986	194	10430	568	72	96	1124	306
CR2	63	1	723	17	1	3	77	22
CR1	77	5	547	7	3	1	26	24
CR1L	3568	108	18283	713	304	77	930	2103
CD46	4395	1772	31868	1807	375	487	2987	1940
CD34	4	1	60	0	1	0	4	6
PLXNA2	29	438	325	550	114	93	21	231
CAMK1G	8	21	84	47	2	8	8	14
LAMB3	34	2	123	10	2	0	12	3
G0S2	67	28	1649	45	2	5	37	23
HSD11B1	0	17	8	7	1	2	0	14
TRAF3IP3	0	4	11	1	2	1	2	4
C1orf74	244	33	2435	75	12	14	200	55
IRF6	423	13	3815	99	26	36	221	77
UTP25	1132	155	8530	275	44	62	632	254
SYT14	1265	350	10190	1003	249	219	851	1002
SERTAD4	581	25	1643	161	13	13	232	81
HHAT	10	461	132	199	54	70	11	262
KCNH1	3	32	26	17	2	36	1	18
RCOR3	1428	822	12370	926	197	236	879	942
TRAF5	795	410	5851	617	94	128	585	419
RD3	4	9	64	7	1	1	2	7
SLC30A1	768	181	6255	196	33	57	349	232
NEK2	1454	700	10960	449	103	151	1083	504
LPGAT1	443	600	3306	499	131	156	227	501
INTS7	717	608	6898	664	142	161	453	634
DTL	2608	1414	17355	1308	295	380	1424	1399
PPP2R5A	2022	317	16703	541	105	114	1318	584
PACC1	1185	420	10803	357	66	94	685	487
NENF	2211	518	27852	769	163	206	1807	662
ATF3	593	540	5977	778	123	221	446	382
FAM71A	1	2	8	0	0	0	0	0
BATF3	178	13	2711	21	1	5	162	62
NSL1	6285	1550	49719	1504	287	449	4186	2030
TATDN3	1388	452	11172	463	90	111	893	470
SPATA45	19	16	353	15	7	3	13	17
FLVCR1	4046	670	36842	1198	192	325	3038	1921
VASH2	3906	407	65618	2551	314	933	6713	7455
ANGEL2	1284	559	11343	577	120	152	840	629
RPS6KC1	888	1213	6777	1193	292	291	511	1227
PROX1	125	217	755	157	33	35	51	155
SMYD2	932	532	4791	614	74	105	403	411
PTPN14	2998	850	14685	1432	199	316	1086	1242
CENPF	23449	10102	201021	8734	1648	2476	15059	9570
KCNK2	2	48	34	20	9	9	13	22
KCTD3	2410	753	15432	735	168	233	1218	892
USH2A	64	60	251	73	19	18	18	134
ESRRG	24	452	258	248	77	91	30	479
GPATCH2	2238	1219	17536	1111	204	333	1129	1106
SPATA17	145	597	710	261	62	71	89	295
RRP15	6452	753	44943	1080	127	267	3292	1174
TGFB2	25	77	146	62	16	19	17	59
LYPLAL1	1804	1078	16556	974	127	260	1702	930
ZC3H11B	5	13	30	4	0	3	1	9
SLC30A10	7	43	98	27	6	11	4	32
EPRS	12849	2100	87841	3105	301	694	7238	3061
BPNT1	947	226	7536	215	28	51	424	193
IARS2	4533	529	32102	1086	162	293	2697	1265
RAB3GAP2	2895	1149	20976	1353	193	320	1692	1510
MARK1	440	1413	4314	1469	210	357	429	1529
C1orf115	350	64	3083	89	11	29	232	141
MARC2	167	108	2485	138	13	21	160	113
MARC1	1430	294	15929	535	44	131	891	464
HLX	3	0	73	3	0	0	7	8
DUSP10	267	55	2874	196	11	21	126	89
HHIPL2	0	3	13	12	0	0	1	2
TAF1A	564	303	5144	272	33	71	480	273
MIA3	2146	1035	21275	1023	150	309	1821	1236
AIDA	919	777	7252	1161	122	254	472	1214
BROX	1921	484	13047	510	62	150	1199	649
FAM177B	2	4	26	4	3	1	4	6
DISP1	90	1020	1102	638	100	226	102	611
TLR5	7	15	53	20	2	1	17	7
SUSD4	70	14	992	71	5	41	32	36
CCDC185	3	0	3	0	0	0	0	0
CAPN8	0	2	15	3	0	1	0	0
CAPN2	525	725	4772	547	68	162	439	384
TP53BP2	1649	924	9886	902	136	215	946	844
FBXO28	2207	751	13662	1158	116	257	1019	1053
DEGS1	2388	748	27444	889	94	203	1708	646
NVL	2080	758	16810	981	136	209	1044	1072
CNIH4	22957	2185	191812	3565	427	898	12125	3752
WDR26	1767	592	12255	858	123	182	815	826
CNIH3	334	247	2033	408	43	61	238	313
DNAH14	1249	2529	15022	2760	433	831	972	1514
LBR	4612	1708	26117	1702	253	504	2200	1784
ENAH	16201	5782	129446	7177	925	2001	10146	7606
SRP9	22255	7670	215729	7686	1064	2124	15495	8833
EPHX1	2688	149	33072	502	20	93	1120	517
TMEM63A	1047	74	7796	179	64	34	397	301
LEFTY1	5547	29	36276	286	224	43	1103	963
PYCR2	2763	297	36822	493	53	115	1343	548
LEFTY2	3204	15	27287	108	41	69	602	292
SDE2	1257	226	8633	313	43	70	544	315
H3F3A	2726	42266	51203	44186	5956	12849	2643	50203
ACBD3	5183	1149	42570	1583	186	363	2714	1439
MIXL1	326	88	1331	835	37	17	320	684
LIN9	1232	855	7313	920	108	201	750	856
PARP1	42120	4778	342025	7571	1095	1792	21063	7837
STUM	11	10	184	35	4	4	3	10
ITPKB	277	213	987	138	52	49	153	188
PSEN2	573	79	3572	156	24	37	329	158
COQ8A	1472	163	9862	274	28	56	644	310
CDC42BPA	1779	3280	12213	2812	403	677	996	3101
ZNF678	1341	829	8328	677	114	192	508	774
SNAP47	2315	501	20483	526	46	120	1224	581
JMJD4	1277	170	10530	256	16	52	699	189
PRSS38	1	1	18	1	0	0	0	2
WNT9A	94	395	248	281	52	69	15	149
WNT3A	36	1005	354	643	98	186	20	574
ARF1	14676	3878	133776	3654	455	1003	8044	4780
C1orf35	4407	1104	44041	1040	124	260	2740	1179
MRPL55	6545	1122	56141	1436	146	310	3866	1221
GUK1	10700	2767	95726	3177	413	796	6737	3097
GJC2	8	7	167	5	1	1	17	15
IBA57	413	110	3497	102	5	38	250	113
OBSCN	695	462	5780	589	87	133	515	539
TRIM11	974	162	8805	184	18	47	534	214
TRIM17	34	26	307	17	4	7	27	19
HIST3H3	1	0	3	0	0	0	0	0
HIST3H2A	1944	448	10844	318	26	115	940	484
HIST3H2BB	61	32	236	18	2	6	42	21
RNF187	10465	1077	61197	1314	202	291	5023	1952
RHOU	964	401	2885	541	37	134	457	454
RAB4A	6243	1350	40070	1368	170	354	3695	1545
SPHAR	0	0	0	0	0	0	0	0
CCSAP	2617	202	6596	201	35	78	791	279
ACTA1	2602	14	13923	59	2	17	324	40
NUP133	1979	640	13570	828	113	180	1106	764
ABCB10	456	259	4407	257	37	73	226	240
TAF5L	888	237	6762	276	28	57	452	304
URB2	801	198	6812	265	30	49	462	236
GALNT2	1382	981	13145	970	127	259	774	1134
PGBD5	311	103	3437	152	25	69	188	217
COG2	1909	493	14289	547	66	128	953	523
AGT	2	6	34	6	1	0	2	4
CAPN9	7	23	31	17	7	8	5	15
C1orf198	459	251	4290	227	31	90	307	241
TTC13	151	232	995	159	34	61	112	184
ARV1	923	426	6580	334	51	90	563	397
FAM89A	446	307	2157	404	37	75	150	303
TRIM67	0	8	4	6	0	4	0	7
AL109810.2	0	0	0	0	0	0	0	0
C1orf131	2035	401	17296	596	69	145	1122	497
GNPAT	1461	602	12016	613	91	205	904	733
EXOC8	310	56	2288	84	5	19	166	81
SPRTN	932	320	6843	271	43	94	517	324
EGLN1	99	539	1083	702	114	201	116	790
TSNAX	5542	1034	38594	1252	167	311	2929	1399
DISC1	82	373	570	362	51	90	43	386
SIPA1L2	1298	606	5056	624	122	217	443	914
MAP10	166	97	1171	86	8	19	73	62
NTPCR	8060	1845	72369	1815	242	470	3762	2449
PCNX2	1057	702	9118	1925	258	371	716	2017
MAP3K21	786	57	4431	298	57	61	503	312
KCNK1	1154	141	9197	514	78	106	743	387
SLC35F3	105	303	926	668	63	185	73	403
COA6	9921	1237	65911	1861	187	386	3961	1502
TARBP1	705	1087	3932	693	84	194	456	819
IRF2BP2	2503	688	12600	531	77	139	1290	818
TOMM20	26565	5405	214603	7664	982	1983	18780	9755
RBM34	273	70	1950	58	7	17	145	54
ARID4B	5866	3454	40652	3312	537	831	3440	4020
GGPS1	2247	629	19593	566	56	127	1269	676
TBCE	507	169	3250	157	22	66	329	239
TBCE.1	369	55	2011	68	7	22	175	67
B3GALNT2	2337	894	11840	849	141	229	1188	845
GNG4	1823	257	13221	623	77	186	851	698
LYST	64	165	387	130	22	50	27	134
NID1	503	97	4528	136	24	33	262	202
GPR137B	498	350	3947	257	51	73	275	257
ERO1B	172	251	720	149	11	36	113	208
EDARADD	166	86	1889	122	8	22	77	122
LGALS8	452	191	4862	157	21	36	166	133
HEATR1	3113	735	21571	1011	116	263	1931	910
ACTN2	43	50	665	110	6	9	43	71
MTR	1296	972	13645	1123	108	283	983	915
MT1HL1	22	0	492	0	0	1	1	0
RYR2	193	283	1559	2974	306	318	185	3189
ZP4	0	3	2	1	1	1	0	0
MTRNR2L11	2	0	28	0	0	0	5	0
CHRM3	398	544	3929	1707	175	286	314	1409
FMN2	38	1088	558	317	134	184	16	837
GREM2	28	34	140	35	6	2	13	43
RGS7	44	637	826	1565	64	135	73	610
FH	4089	1085	42728	1144	150	275	2424	1180
KMO	6	3	20	7	2	2	3	10
OPN3	676	554	3876	413	69	112	706	474
CHML	1669	433	13964	679	58	163	1154	634
WDR64	0	33	7	19	9	13	0	15
EXO1	859	370	6290	392	58	114	418	397
BECN2	0	0	0	0	0	0	0	0
MAP1LC3C	5	25	57	13	3	5	2	8
PLD5	102	184	1681	817	48	114	75	442
CEP170	784	1791	6648	1621	245	452	493	1915
SDCCAG8	1578	911	8932	1334	297	299	683	3007
AKT3	92	2538	682	1809	376	627	54	2304
ZBTB18	325	198	2793	182	41	47	261	204
C1orf100	0	9	1	6	0	1	0	5
ADSS	8183	1022	48622	1631	229	422	4566	1881
CATSPERE	10	104	35	108	28	21	13	100
DESI2	8835	1441	62083	2381	281	441	4100	2300
AL451007.3	36	18	154	14	2	5	24	10
COX20	7560	1204	86926	1595	229	444	4569	1761
HNRNPU	35472	8825	342228	9290	1293	3076	21809	12616
EFCAB2	1450	1034	12335	993	135	323	808	995
KIF26B	2	636	9	1437	66	232	1	552
SMYD3	1194	5501	9680	4878	734	1411	941	5060
TFB2M	2413	308	19699	480	60	99	1083	462
CNST	843	455	6692	465	61	149	413	561
SCCPDH	1582	1095	23252	773	126	245	1380	802
AHCTF1	2487	1224	18885	1391	199	340	1443	1420
ZNF695	781	472	6860	598	83	130	459	695
ZNF670	1090	684	6437	798	113	162	641	710
ZNF669	1116	211	10515	287	36	89	569	320
ZNF124	1167	678	5958	863	98	217	548	819
ZNF496	1490	451	11646	594	83	156	847	669
NLRP3	3	3	37	2	0	4	4	2
OR2B11	0	1	0	0	0	1	0	0
GCSAML	0	4	8	1	0	1	0	1
OR2C3	1	0	0	0	0	0	0	0
GCSAML-AS1	0	0	0	0	0	0	0	0
OR2G2	0	0	0	0	0	0	0	0
OR2G3	0	0	0	0	0	0	0	0
OR13G1	0	1	0	0	1	1	0	0
OR6F1	0	1	2	0	1	0	0	1
OR14A2	0	0	0	0	0	0	0	0
OR14K1	0	0	1	0	0	0	0	0
OR1C1	0	2	0	0	0	0	0	1
OR14A16	10	1	307	10	0	0	15	12
OR11L1	0	1	2	0	0	0	0	0
TRIM58	347	22	1845	27	10	7	87	42
OR2W3	1	0	1	0	0	0	0	0
OR2T8	2	0	5	0	0	0	1	0
OR2AJ1	3	0	1	0	1	0	0	2
OR2L8	1	0	1	1	0	0	3	1
OR2AK2	2	0	0	0	0	0	2	2
OR2L5	1	0	1	3	0	0	0	2
OR2L2	4	4	6	2	4	3	8	4
OR2L3	0	0	0	0	1	0	0	1
OR2L13	0	0	4	0	0	0	1	0
OR2M5	0	0	0	0	0	0	0	0
OR2M2	0	0	0	0	0	0	0	0
OR2M3	0	0	4	0	0	0	0	0
OR2M4	0	1	1	0	0	0	0	0
OR2T33	0	0	0	0	0	0	0	2
OR2T12	1	0	1	0	0	0	1	0
OR2M7	0	0	0	0	0	0	0	0
OR14C36	0	0	0	0	0	0	0	0
OR2T4	0	0	0	0	0	0	0	0
OR2T6	0	0	0	0	0	0	0	0
OR2T1	0	0	0	0	0	0	0	0
OR2T2	0	0	0	0	0	0	0	0
OR2T3	0	0	0	0	0	0	0	0
OR2T5	0	0	0	0	0	0	0	0
OR2G6	1	1	1	0	0	0	0	0
OR2T29	0	0	0	0	0	0	0	0
OR2T34	0	0	0	0	0	0	0	0
OR2T10	0	0	0	0	0	0	0	0
OR2T11	0	0	0	0	0	0	0	0
OR2T35	0	0	0	0	0	0	0	0
OR2T27	0	0	0	0	0	0	0	0
OR14I1	0	0	0	0	0	0	0	0
LYPD8	0	0	1	0	0	0	0	0
SH3BP5L	442	101	3663	113	11	22	186	132
ZNF672	743	222	7761	249	23	48	402	234
ZNF692	478	169	5153	144	21	36	354	187
PGBD2	380	137	3612	140	10	36	171	126
FAM110C	65	14	1401	14	1	13	51	45
SH3YL1	1655	487	13259	499	72	200	700	695
ACP1	10044	3468	131533	2657	444	984	6467	4158
ALKAL2	311	62	3882	151	8	27	110	202
TMEM18	1972	802	21328	681	100	223	1511	1080
SNTG2	175	487	3288	2025	263	317	153	2678
TPO	1	84	1	18	5	3	0	10
PXDN	3389	792	33203	505	124	243	1377	1185
MYT1L	2	8	58	17	4	2	23	27
EIPR1	1122	586	13013	529	101	204	601	886
TRAPPC12	273	629	3193	468	94	157	95	787
ADI1	431	1118	2287	832	105	301	192	1104
RNASEH1	2123	687	26064	690	93	278	1221	1255
RPS7	201197	52153	2317274	47358	8060	16999	120008	71934
COLEC11	6	8	414	1	2	6	25	34
ALLC	2	4	5	0	0	0	0	6
DCDC2C	2	9	84	6	1	2	1	2
SOX11	4131	2548	32480	1142	354	828	3474	2569
CMPK2	24	24	221	15	6	1	7	16
RSAD2	2	10	13	5	1	1	0	4
RNF144A	109	1155	1217	353	118	226	93	788
ID2	1363	6283	11128	3139	605	1296	2555	3863
KIDINS220	1083	1172	13019	750	174	287	828	1078
MBOAT2	382	1183	5843	757	133	302	290	996
ASAP2	323	1259	5209	422	140	300	216	1027
ITGB1BP1	2193	863	32993	711	144	219	1119	738
CPSF3	2827	1084	34478	730	154	283	1886	1272
IAH1	277	946	20086	307	109	248	675	538
ADAM17	1363	1186	14309	667	162	292	832	1052
YWHAQ	13184	6388	143428	4612	882	1630	6506	7466
TAF1B	1403	1045	16069	636	177	307	972	1117
GRHL1	128	50	931	62	10	33	45	45
KLF11	340	112	2050	113	32	45	222	198
CYS1	20	16	356	9	1	1	14	23
RRM2	4489	1952	40979	1410	283	573	2448	2537
HPCAL1	351	347	4043	184	57	85	181	350
ODC1	6249	5358	44315	1791	497	853	3343	3063
NOL10	2546	1051	29922	946	141	306	1278	1225
ATP6V1C2	56	42	933	38	8	19	44	57
PDIA6	25687	7467	301039	5991	1186	2484	16364	10686
KCNF1	21	12	222	12	2	1	9	6
C2orf50	17	13	179	11	2	2	3	11
SLC66A3	808	118	7938	142	28	44	361	236
ROCK2	2425	2251	26597	1332	288	570	1218	2080
E2F6	577	452	5165	272	56	99	323	390
GREB1	403	2179	4855	676	188	304	193	1396
NTSR2	8	0	50	0	0	0	2	2
LPIN1	366	413	3599	237	46	87	301	318
TRIB2	754	299	4048	182	44	108	385	403
LRATD1	31	211	630	36	12	48	33	76
NBAS	930	2271	10158	1244	283	428	644	1829
DDX1	4336	1365	59014	1163	201	414	2758	1689
MYCN	2205	564	25864	390	72	182	1409	674
FAM49A	82	119	1250	72	14	44	51	136
RAD51AP2	6	5	81	4	0	1	5	2
VSNL1	3105	94	32095	343	93	228	2373	859
SMC6	3939	1563	49514	1389	262	451	2304	2229
GEN1	614	684	5733	453	88	162	310	673
MSGN1	1	3	8	3	2	0	1	0
KCNS3	996	67	9227	185	64	43	529	415
RDH14	2442	519	30574	559	91	147	1482	771
NT5C1B	0	3	0	1	1	0	1	1
OSR1	2	1	41	5	0	2	3	0
TTC32	389	307	5655	158	31	61	246	434
WDR35	245	901	3591	375	82	191	141	568
MATN3	44	30	865	29	5	21	27	38
LAPTM4A	16870	2817	193486	3407	503	1023	10079	4752
SDC1	850	226	6754	115	25	77	306	306
PUM2	1431	3399	15501	2207	505	882	883	3222
RHOB	1898	660	16870	673	75	258	682	733
HS1BP3	664	206	7957	147	45	51	341	266
GDF7	19	345	225	160	63	157	13	124
LDAH	1029	1414	8340	695	169	303	414	1125
APOB	46	54	456	20	4	10	29	32
TDRD15	1	2	5	0	0	0	0	1
KLHL29	73	352	1110	289	68	143	34	444
ATAD2B	774	1550	7576	894	278	362	547	1514
UBXN2A	1631	1311	14299	786	191	315	843	1221
MFSD2B	75	37	800	13	5	13	39	40
WDCP	529	197	5864	150	29	57	308	249
FKBP1B	2897	383	54228	556	112	232	2396	1109
SF3B6	21666	4034	226379	3696	694	1274	11534	5874
FAM228B	61	464	1012	202	62	115	51	270
TP53I3	1391	577	24878	495	74	168	1082	722
PFN4	8	24	82	10	4	4	4	13
FAM228A	26	24	88	5	5	5	3	16
ITSN2	1467	354	17269	439	90	112	634	785
NCOA1	941	1996	11705	1352	334	456	609	2069
PTRHD1	4882	1161	60428	826	151	361	2840	1510
CENPO	586	509	7513	315	66	132	306	481
ADCY3	349	271	4297	226	35	97	107	362
DNAJC27	231	287	2395	147	28	63	139	222
EFR3B	196	649	1968	245	71	106	99	485
POMC	268	34	3868	47	7	20	183	141
DNMT3A	3721	746	41157	863	168	335	2193	1577
DTNB	509	1865	7833	1146	317	460	364	2100
ASXL2	1344	572	15006	785	124	201	678	991
KIF3C	653	238	7289	237	41	87	375	365
RAB10	5686	2462	72106	2247	454	834	3381	3769
GAREM2	325	188	4684	105	40	54	193	254
HADHA	5228	2336	65313	1751	345	618	3423	2579
HADHB	2630	1031	34416	715	143	268	1342	1132
ADGRF3	2	47	45	18	4	9	1	17
SELENOI	1500	766	14790	571	132	213	713	925
DRC1	5	210	77	21	6	26	4	50
OTOF	0	2	9	3	0	1	1	2
FAM166C	3	1	71	1	0	2	1	0
CIB4	2	8	9	3	0	1	1	1
KCNK3	3	7	25	4	0	1	1	7
SLC35F6	561	141	6252	127	19	38	229	159
CENPA	2511	1270	21781	589	135	260	1220	1149
DPYSL5	48	1727	904	366	140	251	37	904
MAPRE3	85	166	1433	65	19	37	40	104
TMEM214	610	126	8937	121	21	45	301	163
AGBL5	534	445	8433	272	66	110	352	366
OST4	14963	4395	183683	3704	649	1436	8171	4890
EMILIN1	84	26	1980	44	3	17	50	41
KHK	772	135	10770	131	23	47	351	163
CGREF1	85	33	1418	23	3	9	46	34
ABHD1	16	5	254	5	1	0	20	8
PREB	1349	241	21924	194	31	75	663	420
PRR30	0	0	0	0	0	0	0	0
TCF23	1	1	4	1	0	0	1	3
SLC5A6	2019	194	22860	258	34	97	1058	386
ATRAID	7233	2300	113294	1733	382	699	4881	2668
CAD	1578	446	15940	347	57	108	1013	584
SLC30A3	72	1	1171	14	1	2	21	22
DNAJC5G	5	1	35	2	0	0	2	2
TRIM54	180	4	2612	53	1	9	97	33
UCN	7	4	217	3	2	1	7	9
MPV17	2221	1024	27955	730	152	280	1441	1129
GTF3C2	2201	633	24785	634	130	202	1115	908
EIF2B4	1659	352	23342	277	57	107	843	488
SNX17	2617	808	35647	533	106	233	1362	988
ZNF513	285	62	4223	40	11	24	185	94
PPM1G	17240	3287	207539	3118	567	1011	8719	4867
NRBP1	5091	1088	60031	1082	186	329	2575	1568
KRTCAP3	2894	86	35726	456	83	120	1969	590
IFT172	201	332	2212	160	32	64	124	276
FNDC4	262	254	8053	103	33	77	192	203
GCKR	1	2	31	1	0	2	3	2
C2orf16	0	2	8	3	0	1	0	2
ZNF512	685	770	9772	457	102	179	453	587
CCDC121	85	93	619	32	7	21	43	55
GPN1	2408	579	26762	512	114	177	1601	804
SUPT7L	853	408	13326	275	49	118	481	350
SLC4A1AP	1663	574	20161	447	93	161	921	702
MRPL33	5075	1707	57563	1156	223	420	2759	1732
RBKS	133	140	1038	80	12	31	126	99
BABAM2	1247	1693	16880	1104	233	489	739	1665
FOSL2	81	61	983	82	16	25	78	47
PLB1	1	23	47	17	0	6	4	5
PPP1CB	6497	2445	63588	2035	327	758	3631	2863
SPDYA	5	116	60	75	10	18	6	164
TRMT61B	1274	583	14310	366	68	168	548	641
WDR43	6733	1474	77516	1927	304	590	3471	2843
TOGARAM2	5	10	245	9	2	7	14	24
PCARE	0	2	8	0	0	1	1	1
CLIP4	10	115	120	39	8	24	7	60
ALK	3	177	52	289	19	38	1	101
YPEL5	1033	652	13448	688	95	231	610	794
LBH	1116	304	16586	384	44	118	682	821
LCLAT1	522	1081	5347	858	146	292	383	1178
CAPN13	15	17	225	49	5	10	13	12
GALNT14	162	41	3074	102	11	46	107	99
CAPN14	0	7	8	3	0	0	1	4
EHD3	110	105	2035	54	7	22	86	89
XDH	34	179	287	111	28	41	34	138
SRD5A2	3	2	6	0	0	1	0	0
MEMO1	324	121	3190	89	17	29	207	123
DPY30	11874	2520	144082	2243	367	820	6886	3295
SPAST	970	804	10709	478	124	216	659	844
SLC30A6	859	659	9231	481	96	164	416	650
NLRC4	0	31	2	11	3	4	0	28
YIPF4	1850	898	22905	546	125	216	995	902
BIRC6	2954	3002	31057	2573	501	852	1395	3515
TTC27	838	539	10825	419	76	157	579	732
LTBP1	613	1622	7180	805	155	335	418	1288
RASGRP3	3	22	83	8	4	2	3	6
FAM98A	3948	627	48407	797	167	240	1863	1230
CRIM1	626	762	8993	787	142	253	266	1336
FEZ2	1155	1162	18650	913	150	300	1034	1150
VIT	15	52	41	29	11	17	1	29
STRN	1478	904	15171	829	142	238	883	1110
HEATR5B	213	411	3248	286	61	107	149	388
GPATCH11	374	321	4148	173	42	63	226	234
EIF2AK2	3147	1169	34469	1027	125	327	1875	1373
SULT6B1	1	3	17	0	1	0	2	7
CEBPZOS	6354	1149	72782	1051	282	422	2348	1803
CEBPZ	13061	1460	173156	2036	302	592	5970	3427
NDUFAF7	2495	460	30715	485	55	154	1009	996
PRKD3	1208	1228	13608	1045	187	275	754	1151
QPCT	1233	39	19248	313	14	16	114	233
CDC42EP3	774	213	10923	589	67	148	449	544
RMDN2	70	136	819	94	21	44	76	113
CYP1B1	259	100	3152	434	34	70	111	170
ATL2	1599	1062	16272	847	123	253	908	1128
HNRNPLL	1537	1050	19646	807	168	266	1021	1257
GALM	684	349	11709	256	55	86	446	694
SRSF7	29986	6265	208976	6532	1058	2131	12733	10144
GEMIN6	2837	456	33790	494	77	150	1441	674
DHX57	738	740	8732	489	90	185	455	710
MORN2	774	956	11749	383	102	203	535	549
ARHGEF33	33	29	545	9	4	5	28	27
SOS1	1005	2271	9018	1682	358	567	597	2579
CDKL4	11	39	30	16	6	2	3	46
MAP4K3	1206	2021	11887	1446	327	548	818	2175
TMEM178A	66	333	1268	85	24	68	95	196
THUMPD2	1088	930	18676	634	114	215	1005	849
SLC8A1	16	864	211	351	138	228	26	543
C2orf91	14	10	55	5	1	1	6	9
PKDCC	616	373	4080	557	33	275	238	446
EML4	1769	2469	20983	1936	316	690	1161	2331
COX7A2L	14219	4124	153648	2906	628	1122	8615	5253
KCNG3	284	149	2795	1038	192	228	331	1219
MTA3	8022	1905	109747	2919	636	888	5322	4597
OXER1	6	5	169	1	0	1	12	8
HAAO	32	76	1208	89	16	32	44	137
ZFP36L2	8133	1136	51541	1904	281	475	5730	1934
THADA	642	1140	6999	688	144	280	402	1104
PLEKHH2	102	132	1728	70	19	37	105	164
C1GALT1C1L	16	0	338	1	0	2	9	7
DYNC2LI1	733	802	9359	285	82	140	442	492
ABCG5	1	2	28	1	0	4	1	3
ABCG8	24	4	108	3	0	0	13	18
LRPPRC	7225	2105	83883	2306	377	737	4275	3362
PPM1B	3252	1036	46666	1271	268	531	1231	2126
SLC3A1	10	38	74	27	12	9	5	39
PREPL	1334	925	12433	418	120	171	692	615
CAMKMT	836	2144	9195	1843	470	872	562	3236
SIX3	492	428	397	88	54	156	232	477
SIX2	19	3	148	3	0	6	6	2
SRBD1	1247	1144	13091	845	176	318	721	1374
PRKCE	16	518	201	220	59	82	14	385
EPAS1	72	19	494	544	13	96	19	33
TMEM247	0	0	1	0	0	1	0	0
ATP6V1E2	195	85	3918	119	21	43	127	97
RHOQ	1516	595	20179	503	92	197	1082	919
PIGF	1194	1246	18618	679	150	312	940	1066
CRIPT	3010	835	33831	688	115	270	1636	944
SOCS5	449	144	4205	136	19	49	285	165
MCFD2	2639	1003	36007	861	147	274	1701	1131
TTC7A	133	259	1861	183	32	65	79	290
STPG4	0	45	5	42	5	9	0	128
CALM2	34582	14376	477506	10160	1945	3655	21958	14677
EPCAM	25450	621	348442	3931	509	845	9111	5351
MSH2	6763	2174	65144	1934	382	820	3690	3859
KCNK12	967	74	10107	399	46	42	503	677
MSH6	8528	2254	89530	2096	383	789	4257	3232
FBXO11	1436	3040	14728	1980	408	708	881	2899
FOXN2	500	726	5473	360	65	125	354	610
PPP1R21	355	453	6102	486	108	193	339	774
STON1	108	113	1756	87	9	28	101	89
STON1-GTF2A1L	15	29	54	13	8	9	4	21
GTF2A1L	1	0	5	0	0	0	0	0
LHCGR	14	9	374	19	3	5	2	23
FSHR	0	19	9	19	3	4	0	19
NRXN1	423	434	6751	1091	150	610	730	1913
ASB3	1253	1429	12190	878	223	339	779	1365
CHAC2	1154	260	14623	228	31	72	653	324
ERLEC1	2079	809	26987	600	112	238	1191	825
GPR75	5	1	80	6	0	0	2	4
PSME4	2092	1425	18639	1102	200	432	977	1720
ACYP2	214	1522	3569	709	174	322	216	1134
TSPYL6	0	0	0	0	0	0	0	1
C2orf73	1	15	2	1	0	1	0	2
SPTBN1	3716	1301	42558	1556	305	547	2411	2260
EML6	38	26	587	44	11	11	15	61
RTN4	16686	4349	194145	4655	749	1639	9267	6840
CLHC1	100	429	1421	207	38	98	69	335
RPS27A	386232	56860	3648982	62412	10176	20291	206669	96424
MTIF2	2568	618	32756	679	119	218	1559	1109
CCDC88A	2102	3064	31004	1337	327	609	1928	2395
CFAP36	1497	1418	22238	637	144	304	1019	1054
PPP4R3B	1542	1085	16460	818	172	344	970	1253
PNPT1	3927	974	35363	787	144	217	1693	1151
EFEMP1	247	185	4802	107	10	51	196	134
CCDC85A	5	45	138	71	10	15	1	70
VRK2	671	623	6830	523	94	186	435	671
FANCL	1406	1533	19325	1025	199	402	966	1556
BCL11A	2508	244	21554	958	106	141	1526	802
PAPOLG	687	520	6971	306	53	107	422	458
REL	510	234	6860	208	36	55	385	199
PUS10	318	140	1628	71	19	28	86	128
PEX13	817	601	11691	356	96	174	614	583
KIAA1841	387	873	4828	404	110	170	254	619
C2orf74	623	394	9479	280	39	61	262	539
USP34	2852	3209	31147	2250	472	752	1665	3566
XPO1	9785	3975	113388	3946	716	1449	5419	5711
FAM161A	1579	900	23067	534	96	206	674	773
CCT4	24665	4451	301711	4867	760	1662	14484	7401
COMMD1	2512	1693	37360	1633	252	518	1354	1779
B3GNT2	2119	157	16895	354	36	103	816	503
TMEM17	76	80	810	31	13	26	56	60
EHBP1	833	2982	9822	1770	385	672	517	2554
OTX1	65	405	842	39	14	41	47	109
WDPCP	175	2147	2650	1030	250	516	232	1535
MDH1	14899	3174	178641	2664	525	1030	9655	4424
UGP2	30207	1902	358771	5094	748	1351	20310	8144
VPS54	313	1603	3479	839	212	303	216	1185
PELI1	1320	895	15286	739	198	279	711	1323
LGALSL	1090	501	15478	335	48	148	741	457
AFTPH	862	576	10619	349	71	146	485	616
SERTAD2	188	373	1935	232	52	111	144	382
SLC1A4	27	132	703	55	13	26	13	63
CEP68	625	591	6890	346	81	151	313	489
RAB1A	5145	1916	63894	1457	239	561	2943	2095
ACTR2	6519	2410	68756	2280	407	848	3985	3584
SPRED2	503	930	5558	553	121	211	209	955
MEIS1	7	878	104	216	56	165	5	325
ETAA1	636	340	8601	257	49	94	375	312
C1D	4285	1071	48694	943	176	302	2253	1343
WDR92	671	446	9775	356	59	130	511	488
PNO1	4186	597	50256	842	138	216	2348	1128
PPP3R1	1140	1335	11138	947	176	301	697	1562
CNRIP1	38	77	649	13	15	26	39	39
PLEK	1	0	3	1	0	0	1	0
FBXO48	145	58	1568	34	5	16	60	53
APLF	87	290	1916	274	38	88	60	282
PROKR1	22	4	269	5	0	3	6	4
ARHGAP25	40	171	481	185	32	37	34	187
BMP10	0	0	2	0	0	0	0	0
GKN2	0	1	1	0	0	0	0	0
GKN1	3	3	84	0	1	0	15	11
ANTXR1	332	1727	5105	657	172	288	333	1259
GFPT1	2665	1029	30873	837	150	308	1666	1465
NFU1	2594	1006	36110	589	178	322	1674	1249
AAK1	1772	933	15366	761	156	226	654	1010
ANXA4	610	223	11089	275	41	71	280	239
GMCL1	2231	915	24777	516	137	257	1295	1148
SNRNP27	1502	683	20902	387	79	186	1178	737
MXD1	143	153	1581	115	25	56	72	181
ASPRV1	21	1	319	3	0	0	6	6
PCBP1	24345	3494	286842	3730	637	1278	11907	6453
C2orf42	141	164	1802	102	29	28	76	155
TIA1	2389	1024	30587	749	97	316	1541	1281
PCYOX1	1097	518	15774	341	89	183	755	584
SNRPG	19543	4828	248731	4634	716	1561	10537	6472
FAM136A	7782	1497	112982	1602	275	560	5051	2357
TGFA	19	8	885	21	0	5	11	24
ADD2	1908	573	30221	801	142	230	1526	1304
FIGLA	0	0	31	0	0	0	0	1
CLEC4F	0	0	0	0	0	0	0	0
CD207	0	0	0	0	0	0	0	0
VAX2	1	5	8	2	0	0	0	1
ATP6V1B1	1	0	10	0	0	0	1	0
ANKRD53	9	9	462	8	1	3	2	14
TEX261	349	118	5195	87	18	35	191	98
NAGK	1158	336	24371	346	62	130	691	464
MCEE	397	250	7274	175	42	65	298	267
MPHOSPH10	3950	1050	52856	879	164	283	2278	1457
PAIP2B	919	215	14937	263	58	112	507	496
ZNF638	4646	3787	51287	2634	556	1067	2805	3983
DYSF	139	18	2225	101	15	18	107	134
CYP26B1	3	2	36	2	0	3	3	4
EXOC6B	443	2768	4660	2169	467	821	332	3419
SPR	213	5	5113	48	2	10	127	55
EMX1	20	12	336	8	3	7	6	30
SFXN5	889	368	9497	345	61	87	341	539
RAB11FIP5	90	37	1508	40	9	13	67	54
NOTO	2	4	85	1	0	2	4	2
SMYD5	461	145	8017	123	15	44	290	165
PRADC1	638	243	10496	127	49	71	320	220
CCT7	14531	3524	191912	2866	444	1028	8214	4645
FBXO41	173	14	2583	70	8	18	102	77
EGR4	19	1	130	13	0	3	16	0
ALMS1	919	1581	10605	955	226	363	587	1374
NAT8	0	0	0	0	0	0	0	0
TPRKB	3441	1658	59435	1276	217	414	2874	1869
DUSP11	1182	374	16366	305	48	110	687	435
C2orf78	0	2	64	1	0	0	1	1
STAMBP	1367	716	24751	549	85	190	1020	804
ACTG2	27	22	1721	27	6	4	17	15
DGUOK	6794	2746	107174	2254	399	797	4376	3096
TET3	125	771	1722	531	86	168	134	786
BOLA3	11094	1165	125948	1436	230	501	5082	2112
MOB1A	4789	1373	47562	1039	225	452	2129	1860
MTHFD2	6731	1421	92437	1536	173	495	3279	2449
SLC4A5	32	203	336	92	15	22	17	87
DCTN1	2028	695	25341	512	111	214	1256	769
C2orf81	49	192	799	52	15	52	34	95
WDR54	2938	1739	50117	863	239	508	2433	1652
RTKN	1331	181	19347	304	57	76	640	424
INO80B	35	99	779	93	18	29	32	100
WBP1	38	856	471	524	126	217	26	853
MOGS	988	452	13400	267	52	108	545	365
MRPL53	174	20	1701	16	3	5	75	18
CCDC142	168	72	3425	44	10	19	90	88
TTC31	683	195	9169	180	31	40	467	226
LBX2	19	3	397	9	0	3	9	16
PCGF1	232	134	3815	78	7	36	175	91
TLX2	5	4	332	4	3	2	2	7
DQX1	19	1	358	3	0	1	10	9
AUP1	4255	717	59456	704	102	248	2130	1011
HTRA2	853	296	12462	183	38	65	488	333
LOXL3	91	242	4302	114	27	72	129	190
DOK1	70	128	4345	57	9	34	108	86
M1AP	72	32	1115	67	19	20	69	104
SEMA4F	32	25	717	18	2	6	30	40
HK2	675	220	11597	266	50	113	683	488
POLE4	2864	830	29696	626	108	264	1710	882
TACR1	9	68	56	83	8	26	3	50
EVA1A	88	87	878	49	8	18	43	50
MRPL19	6100	1414	65279	1218	217	423	3256	1891
GCFC2	444	938	5454	467	98	175	479	576
LRRTM4	209	4809	3440	3793	842	1269	286	8901
REG3G	0	0	0	0	0	0	0	0
REG1B	0	0	0	0	0	0	0	0
REG1A	68	5	18	1	0	0	2	0
REG3A	0	0	1	0	0	0	0	0
CTNNA2	71	9910	1294	2864	843	1960	121	5750
LRRTM1	35	36	757	28	5	19	14	26
SUCLG1	6023	1243	62997	1087	182	336	2556	1628
DNAH6	10	440	74	94	34	54	17	179
TRABD2A	142	57	1462	41	9	22	56	81
TMSB10	67349	18140	592117	19809	3038	5952	34790	21969
KCMF1	5748	1668	57705	1881	295	602	3442	2532
TCF7L1	3111	1612	59249	2348	450	703	2692	4227
TGOLN2	2338	624	27830	561	111	211	1370	912
RETSAT	217	78	2448	35	12	17	107	77
ELMOD3	242	310	2814	152	45	60	92	204
CAPG	6237	131	62528	845	114	136	2569	966
SH2D6	5	3	116	5	0	1	3	10
MAT2A	3876	1198	52428	993	171	392	1856	1391
GGCX	1368	477	17971	325	72	133	837	435
VAMP8	4332	510	45969	1785	160	261	2333	1792
VAMP5	431	848	6602	335	99	143	204	404
RNF181	7195	1795	89959	1597	276	529	4151	2482
TMEM150A	1126	175	18817	240	34	60	663	248
USP39	2140	898	27562	585	131	196	1183	954
C2orf68	1618	489	19490	362	82	115	998	554
SFTPB	1	3	2	2	0	1	0	3
GNLY	4	3	44	6	0	0	1	5
ATOH8	4	50	113	17	4	10	6	29
ST3GAL5	106	165	2030	72	30	35	98	135
POLR1A	678	384	7970	326	67	130	426	526
PTCD3	4457	945	48702	830	173	329	2299	1450
IMMT	4911	1738	54612	1248	254	406	3007	1637
MRPL35	2796	557	30598	479	85	201	1563	784
REEP1	19	51	445	29	7	9	24	47
KDM3A	682	774	7967	614	125	227	567	569
CHMP3	557	1102	7035	603	124	238	372	765
RNF103	165	163	1755	135	30	44	104	181
RMND5A	2027	548	20788	540	87	198	1183	896
CD8A	8	17	131	1	1	5	3	3
CD8B	6	4	157	2	1	1	3	1
RGPD1	0	2	2	5	0	0	0	7
PLGLB1	1	11	5	8	1	0	0	8
IGKV3OR2-268	0	0	0	0	0	0	0	0
PLGLB2	0	28	0	10	2	1	1	10
RGPD2	1	4	0	64	0	1	0	31
KRCC1	482	668	10523	427	87	161	628	636
SMYD1	0	6	11	7	1	1	0	2
FABP1	9	33	182	20	2	5	7	27
THNSL2	139	147	2482	164	31	43	152	176
FOXI3	250	45	1781	116	13	17	146	80
TEX37	6	2	94	3	0	0	3	4
EIF2AK3	351	445	4791	382	73	128	197	584
RPIA	1703	617	20406	357	72	145	810	647
IGKC	4	0	22	0	0	0	8	1
IGKJ5	0	0	0	0	0	0	0	0
IGKJ4	0	0	0	0	0	0	0	0
IGKJ3	0	0	0	0	0	0	0	0
IGKJ2	0	0	0	0	0	0	0	0
IGKJ1	0	0	0	0	0	0	0	0
IGKV4-1	0	0	0	0	0	0	0	0
IGKV5-2	0	0	0	0	0	0	0	0
IGKV7-3	0	0	0	0	0	0	0	0
IGKV2-4	0	0	0	0	0	0	0	0
IGKV1-5	0	0	0	0	0	0	0	0
IGKV1-6	0	0	0	0	0	0	0	0
IGKV3-7	0	0	0	0	0	0	0	0
IGKV1-8	0	0	0	0	0	0	0	0
IGKV1-9	0	0	0	0	0	0	0	0
IGKV2-10	0	0	0	0	0	0	0	0
IGKV3-11	0	0	0	0	0	0	0	0
IGKV1-12	0	0	0	0	0	0	0	0
IGKV1-13	0	0	0	0	0	0	0	0
IGKV2-14	0	0	0	0	0	0	0	0
IGKV3-15	0	0	0	0	0	0	0	0
IGKV1-16	0	0	0	0	0	0	0	0
IGKV1-17	0	0	0	0	0	0	0	0
IGKV2-18	0	0	0	0	0	0	0	0
IGKV2-19	0	0	0	0	0	0	0	0
IGKV3-20	0	0	0	0	0	0	0	0
IGKV6-21	0	0	0	0	0	0	0	0
IGKV1-22	0	0	0	0	0	0	0	0
IGKV2-23	0	0	0	0	0	0	0	0
IGKV2-24	0	0	0	0	0	0	0	0
IGKV3-25	0	0	0	0	0	0	0	0
IGKV2-26	0	0	0	0	0	0	0	0
IGKV1-27	0	0	0	0	0	0	0	0
IGKV2-28	0	0	0	0	0	0	0	0
IGKV2-29	0	0	0	0	0	0	0	0
IGKV2-30	0	0	0	0	0	0	0	0
IGKV3-31	0	0	0	0	0	0	0	0
IGKV1-32	0	0	0	0	0	0	0	0
IGKV1-33	0	0	0	0	0	0	0	0
IGKV3-34	0	0	0	0	0	0	0	0
IGKV1-35	0	0	0	0	0	0	0	0
IGKV2-36	0	0	0	0	0	0	0	0
IGKV1-37	0	0	0	0	0	0	0	0
IGKV2-38	0	0	0	0	0	0	0	0
IGKV1-39	0	0	0	0	0	0	0	0
IGKV2-40	0	0	0	0	0	0	0	0
IGKV2D-40	0	0	0	0	0	0	0	0
IGKV1D-39	0	0	0	0	0	0	0	0
IGKV2D-38	0	0	0	0	0	0	0	0
IGKV1D-37	0	0	0	0	0	0	0	0
IGKV2D-36	0	0	0	0	0	0	0	0
IGKV1D-35	0	0	0	0	0	0	0	0
IGKV3D-34	0	0	0	0	0	0	0	0
IGKV1D-33	0	0	0	0	0	0	0	0
IGKV1D-32	0	0	0	0	0	0	0	0
IGKV3D-31	0	0	0	0	0	0	0	0
IGKV2D-30	0	0	0	0	0	0	0	0
IGKV2D-29	0	0	0	0	0	0	0	0
IGKV2D-28	0	0	0	0	0	0	0	0
IGKV1D-27	0	0	0	0	0	0	0	0
IGKV2D-26	0	0	0	0	0	0	0	0
IGKV3D-25	0	0	0	0	0	0	0	0
IGKV2D-24	0	0	0	0	0	0	0	0
IGKV2D-23	0	0	0	0	0	0	0	0
IGKV1D-22	0	0	0	0	0	0	0	0
IGKV6D-21	0	0	0	0	0	0	0	0
IGKV3D-20	0	0	0	0	0	0	0	0
IGKV2D-19	0	0	1	0	0	0	0	0
IGKV2D-18	0	0	0	0	0	0	0	0
IGKV6D-41	0	0	0	0	0	0	0	0
IGKV1D-17	0	0	0	0	0	0	0	0
IGKV1D-16	0	0	0	0	0	0	0	0
IGKV3D-15	0	0	0	0	0	0	0	0
IGKV2D-14	0	0	0	0	0	0	0	0
IGKV1D-13	0	0	0	0	0	0	0	0
IGKV1D-12	0	0	0	0	0	0	0	0
IGKV3D-11	0	0	0	0	0	0	0	0
IGKV2D-10	0	0	0	0	0	0	0	0
IGKV1D-42	0	0	0	0	0	0	0	0
IGKV1D-43	0	0	1	0	0	0	0	1
IGKV1D-8	0	0	0	0	0	0	0	0
IGKV3D-7	0	0	0	0	0	0	0	0
IGKV1OR2-118	0	0	0	0	0	0	0	0
IGKV1OR2-1	0	0	0	0	0	0	0	0
AL845331.2	0	0	0	0	0	0	0	0
TEKT4	1	0	14	2	1	0	1	0
MAL	6	19	106	11	3	3	4	12
MRPS5	5814	1330	60830	1362	201	349	3070	1921
ZNF514	402	195	6513	172	36	53	299	261
ZNF2	93	81	858	62	18	17	70	85
AC092835.1	77	298	1074	247	56	105	46	387
PROM2	68	8	598	28	1	4	76	16
KCNIP3	15	15	216	11	2	6	7	21
FAHD2A	513	449	7967	366	63	123	345	630
TRIM43B	6	0	0	0	0	0	0	0
TRIM43	13	0	0	0	0	0	0	0
ANKRD36C	117	394	2089	164	55	80	102	312
GPAT2	137	3	1534	5	5	4	87	18
ADRA2B	23	3	436	6	1	0	5	10
ASTL	0	1	3	0	0	0	0	3
DUSP2	202	14	3030	96	5	9	132	20
STARD7	4617	901	51279	1067	153	345	2381	1553
TMEM127	479	115	6174	119	23	42	197	173
CIAO1	3818	1004	41737	821	164	284	2014	1272
SNRNP200	4159	1550	48709	1146	227	476	2499	1754
ITPRIPL1	267	51	3689	74	6	18	156	84
NCAPH	1338	777	17555	444	99	168	804	761
NEURL3	0	2	17	2	0	0	0	1
ARID5A	340	49	2848	78	18	23	185	117
KANSL3	271	446	4313	271	64	104	185	387
FER1L5	5	59	148	39	5	13	8	52
LMAN2L	425	400	7324	204	41	71	289	312
CNNM4	212	182	2264	129	23	49	129	190
CNNM3	648	167	8231	134	29	45	354	250
ANKRD23	15	149	111	78	19	35	5	132
ANKRD39	1371	251	15619	158	40	76	604	362
SEMA4C	945	140	10796	152	19	58	480	229
FAM178B	31	12	287	9	1	11	9	15
IGKV2OR2-1	0	0	0	0	0	0	0	0
IGKV2OR2-2	0	0	0	0	0	0	0	0
IGKV1OR2-3	0	0	0	0	0	0	0	0
FAHD2B	752	271	12408	218	32	88	439	372
ANKRD36	102	551	2106	268	69	131	110	431
IGKV1OR2-9	0	0	0	0	0	0	0	0
IGKV2OR2-10	0	0	0	0	0	0	0	0
IGKV2OR2-7D	0	0	0	0	0	0	0	0
IGKV3OR2-5	0	0	0	0	0	0	0	0
IGKV1OR2-6	0	0	0	0	0	0	0	0
IGKV2OR2-7	0	0	0	0	0	0	0	0
IGKV2OR2-8	0	0	0	0	0	0	0	0
IGKV1OR2-11	0	0	0	0	0	0	0	0
ANKRD36B	92	387	1141	100	42	53	56	181
COX5B	39645	4839	414510	5431	984	1717	19568	9036
ACTR1B	927	484	11403	274	54	108	542	440
C2orf92	34	87	434	93	13	32	24	85
ZAP70	9	1	39	5	1	3	5	7
TMEM131	775	1305	11022	871	199	339	501	1326
VWA3B	1	25	35	3	0	1	4	10
CNGA3	0	3	3	3	1	2	0	1
INPP4A	444	547	5190	543	90	178	298	733
COA5	2070	696	23535	589	120	244	1240	838
UNC50	2629	902	35970	658	117	256	1662	963
MGAT4A	198	145	2066	87	20	47	85	138
KIAA1211L	3	11	87	10	1	5	0	10
TSGA10	312	322	3950	209	46	98	237	321
C2orf15	217	37	2568	49	6	23	158	53
AC079447.1	4	383	53	264	35	85	2	237
LIPT1	494	127	4765	115	21	39	301	122
MITD1	3235	652	44238	622	111	206	2087	992
MRPL30	1378	342	15572	296	64	144	851	464
LYG2	33	21	744	14	2	2	26	13
LYG1	10	52	230	47	4	8	7	29
TXNDC9	4670	920	48171	820	154	294	2155	1234
EIF5B	11001	2516	132146	2379	421	828	6861	3703
REV1	1083	826	13958	592	124	222	580	909
AFF3	42	1073	537	469	213	274	20	484
LONRF2	17	7	338	20	10	8	2	11
CHST10	322	183	3682	115	24	58	275	197
NMS	0	0	2	0	0	0	0	0
PDCL3	3106	785	38141	722	132	244	1677	1094
NPAS2	24	22	526	62	22	21	19	71
RPL31	50346	12275	531808	11020	2110	4357	33059	18373
TBC1D8	311	260	2460	317	109	91	147	847
CNOT11	2232	534	30574	503	75	146	1230	790
RNF149	841	631	8327	549	130	184	520	750
CREG2	3	5	174	19	2	9	15	12
RFX8	6	15	80	3	0	3	2	16
MAP4K4	4882	3798	43583	2280	500	936	2876	4173
IL1R2	2	3	52	5	1	1	0	3
IL1R1	5	47	46	75	8	15	4	13
IL1RL2	0	4	8	0	0	0	0	0
IL1RL1	0	0	0	0	0	0	0	0
IL18R1	2	17	8	8	1	1	3	10
IL18RAP	0	1	0	0	0	0	0	1
SLC9A4	6	1	12	0	0	1	0	1
SLC9A2	5	9	32	8	0	2	4	3
MFSD9	280	115	3770	96	24	43	174	137
TMEM182	94	319	1249	210	59	98	79	346
POU3F3	17	416	156	66	31	74	8	224
MRPS9	6606	1611	74769	1310	262	473	3628	2141
GPR45	0	0	0	0	0	0	0	0
TGFBRAP1	595	219	6367	205	34	62	286	252
C2orf49	1137	455	16005	337	40	116	752	457
FHL2	1275	965	15621	790	114	194	625	459
NCK2	1457	786	16715	573	137	233	939	1020
ECRG4	109	12	2528	34	4	14	53	43
UXS1	3197	922	32215	632	127	227	1331	1196
RGPD3	0	5	2	6	0	0	2	3
CD8B2	2	1	33	1	0	0	0	0
ST6GAL2	174	1026	791	263	107	136	259	581
RGPD4	1	5	3	3	1	2	1	4
SLC5A7	0	3	12	2	0	1	2	2
SULT1C3	0	2	0	0	0	0	0	0
SULT1C2	26	34	1793	23	3	9	27	25
SULT1C4	51	228	825	57	11	28	58	90
GCC2	4971	1601	45023	1170	263	498	2524	2240
LIMS1	3549	1722	28804	1379	253	445	1866	2103
RANBP2	3369	1374	34136	1128	192	403	2004	1670
CCDC138	1077	2327	8211	1230	324	526	733	1945
EDAR	0	35	2	12	3	8	1	6
SH3RF3	4	713	103	153	33	90	4	303
SEPTIN10	2293	1957	27126	1201	262	513	1660	1921
SOWAHC	860	164	6543	161	37	59	443	235
RGPD5	0	96	1	65	8	24	0	64
LIMS3	0	1	0	1	0	1	0	0
MALL	0	31	53	16	2	7	3	60
NPHP1	204	483	2561	176	42	84	130	270
MTLN	723	383	11076	354	29	78	986	512
LIMS4	0	0	0	0	0	0	0	0
RGPD6	0	2	0	0	1	0	0	1
BUB1	2999	1151	36520	1311	153	451	1678	1381
ACOXL	265	66	1905	821	108	228	108	947
BCL2L11	704	266	6899	225	43	104	299	393
ANAPC1	917	580	12807	583	102	211	592	906
MERTK	113	83	1499	163	14	34	56	138
TMEM87B	274	226	4383	213	35	71	220	327
FBLN7	9	565	68	83	38	90	3	256
ZC3H8	1038	594	11820	392	76	165	608	529
ZC3H6	372	915	5156	350	89	184	521	621
RGPD8	17	56	54	18	6	10	6	20
TTL	682	599	9203	346	87	135	454	633
POLR1B	1176	276	12034	288	56	79	648	404
CHCHD5	3823	1417	48274	781	169	385	2129	1433
SLC20A1	2183	594	27445	574	90	224	915	774
NT5DC4	4	6	123	2	1	0	0	12
CKAP2L	915	704	14698	342	78	177	584	611
IL1A	4	7	162	8	0	4	9	3
IL1B	0	0	13	1	1	0	0	3
IL37	10	2	182	3	1	0	9	5
IL36G	2	1	15	1	0	0	3	1
IL36A	0	0	0	0	0	0	0	0
IL36B	0	0	0	0	0	0	0	0
IL36RN	0	0	4	2	0	0	0	0
IL1F10	0	0	0	0	0	0	0	0
IL1RN	0	1	0	0	0	0	0	0
PSD4	7	18	168	29	5	7	14	12
PAX8	15	508	38	116	13	60	5	303
IGKV1OR2-108	0	0	0	0	0	0	0	0
CBWD2	326	306	4924	244	41	76	193	299
FOXD4L1	0	0	1	0	0	0	0	0
RABL2A	73	246	1090	70	17	35	84	88
SLC35F5	482	633	8155	395	80	157	418	600
ACTR3	6521	2219	81145	2046	356	701	3261	2676
DPP10	162	7309	2370	2481	1315	1188	156	3770
DDX18	9466	1910	103251	2073	322	638	5545	2982
CCDC93	636	621	10390	299	80	116	343	513
INSIG2	798	417	14267	289	82	203	928	518
EN1	5	100	17	31	0	20	0	26
MARCO	0	4	1	1	0	0	0	1
C1QL2	99	1	400	7	0	0	42	10
STEAP3	250	11	3124	72	5	10	188	67
C2orf76	460	366	4981	153	41	55	280	227
DBI	16740	5311	184983	4806	923	1446	8913	5896
TMEM37	467	44	5000	100	18	28	184	100
SCTR	0	11	2	3	6	6	0	6
CFAP221	8	274	139	57	28	34	6	123
TMEM177	2804	317	21738	376	74	111	1420	529
PTPN4	1272	1631	11192	1407	284	470	793	2076
EPB41L5	1617	1392	15742	1523	324	419	703	1864
TMEM185B	352	94	4470	104	18	39	222	111
RALB	446	346	7748	209	35	94	247	358
INHBB	22	5	155	4	2	4	6	8
GLI2	1376	1638	13993	1076	288	422	650	2246
TFCP2L1	180	11	2002	38	1	5	63	51
CLASP1	603	2579	8210	1513	343	554	432	2618
NIFK	10858	1559	128523	1941	337	608	5386	2979
TSN	4305	1034	54328	909	154	341	2579	1530
CNTNAP5	18	89	111	76	28	30	5	142
GYPC	836	1512	28056	769	168	259	528	1137
TEX51	0	0	0	0	0	0	0	0
BIN1	596	521	7400	300	61	100	470	449
CYP27C1	110	192	657	69	12	48	75	128
ERCC3	713	412	9712	327	69	101	368	518
MAP3K2	1194	1007	10697	707	154	256	645	958
PROC	92	4	1466	5	6	5	23	12
IWS1	4401	1637	54186	1442	298	526	2340	2190
MYO7B	0	0	6	0	0	0	0	1
LIMS2	28	10	753	10	2	9	11	11
GPR17	2	2	26	0	1	1	1	0
WDR33	3596	1963	46430	1615	297	571	2085	2367
SFT2D3	447	386	4176	194	43	95	432	295
POLR2D	2635	792	32784	551	133	215	1549	1009
AMMECR1L	347	179	4738	175	33	75	226	264
SAP130	781	765	10560	530	106	178	441	830
UGGT1	1240	614	14849	476	101	194	751	828
HS6ST1	609	466	5523	391	79	132	261	594
RAB6C	5	0	23	0	0	0	0	1
POTEF	1	15	133	190	4	11	4	76
CCDC74B	153	205	1392	43	40	42	89	81
SMPD4	243	447	2435	392	64	142	96	672
MZT2B	9622	4418	108911	2596	609	1139	6801	4292
TUBA3E	1	0	92	2	0	0	2	1
CCDC115	1211	417	19494	297	61	111	1032	467
IMP4	4640	457	56227	542	102	199	2272	877
PTPN18	167	329	3050	96	32	56	148	158
POTEI	0	2	7	11	1	2	1	23
CFC1B	0	2	25	4	0	0	0	0
CFC1	18	7	564	9	1	1	3	12
POTEJ	1	4	4	0	0	0	0	1
GPR148	0	0	0	0	0	0	0	0
AMER3	10	2	107	5	0	0	0	2
ARHGEF4	175	159	2055	169	38	49	88	248
SMIM39	0	0	0	0	0	0	0	0
FAM168B	1012	977	12943	760	145	283	553	1157
PLEKHB2	3940	776	52039	686	138	289	2190	1837
POTEE	2	0	211	2	0	0	1	16
RAB6D	0	0	29	0	0	0	0	4
MZT2A	6987	1630	57297	1581	414	532	3744	2221
TUBA3D	8	6	261	2	1	3	3	5
CCDC74A	287	361	4010	112	25	44	126	191
ANKRD30BL	1	181	2	9	17	56	2	70
GPR39	10	31	149	79	10	9	8	98
LYPD1	208	823	2792	173	56	128	116	176
NCKAP5	22	4304	252	586	232	242	17	1744
MGAT5	460	1561	6102	1163	243	391	186	2051
TMEM163	18	63	496	149	26	27	9	110
ACMSD	1	32	0	20	3	9	0	20
CCNT2	1155	1033	13948	670	140	270	719	1055
MAP3K19	3	14	22	4	3	6	3	17
RAB3GAP1	1188	1271	11904	921	183	317	635	1331
ZRANB3	283	2546	6241	1209	307	567	326	1827
R3HDM1	1592	3207	17475	2231	422	797	972	3266
UBXN4	10725	3724	109967	2651	579	1044	5199	4194
LCT	0	4	9	4	0	0	0	23
MCM6	3286	1178	33065	955	158	329	1758	1430
DARS	7970	2052	99854	2168	410	799	5145	3415
CXCR4	131	651	1567	131	57	140	103	336
THSD7B	15	86	354	161	5	40	10	215
HNMT	70	26	1041	149	3	7	21	35
SPOPL	331	537	3274	480	65	135	218	575
NXPH2	21	67	266	68	5	22	17	51
LRP1B	7	1037	61	339	599	404	4	342
KYNU	11	20	133	19	6	3	10	16
ARHGAP15	7	446	99	45	6	46	7	91
GTDC1	233	1856	2644	764	192	406	198	1527
ZEB2	81	2805	724	748	273	510	71	1361
ACVR2A	313	625	3703	429	98	218	290	590
ORC4	2605	1258	35244	988	188	383	1430	1447
MBD5	681	4008	7392	2417	533	968	420	3690
EPC2	696	1286	8186	993	180	380	451	1364
KIF5C	2982	1851	36232	1215	327	492	1254	2406
LYPD6B	79	83	702	259	36	82	80	105
LYPD6	205	248	2221	507	51	113	97	374
MMADHC	7355	1452	88245	1430	214	489	4392	2206
RND3	1721	750	21739	570	137	242	1474	1609
RBM43	149	124	1431	74	18	20	88	85
NMI	1349	62	10263	138	26	20	613	264
TNFAIP6	70	0	8718	9	0	1	21	15
RIF1	8340	2075	82795	2133	469	692	3797	3655
NEB	187	40	3124	76	16	17	68	183
ARL5A	1441	1952	13299	1615	291	587	853	2597
CACNB4	170	536	3147	190	88	123	223	484
STAM2	432	385	5537	278	50	96	244	392
FMNL2	1361	3614	12471	2069	469	882	789	3710
PRPF40A	14612	3939	172333	3621	618	1267	8227	5783
ARL6IP6	3538	1573	36750	914	223	425	1988	1555
RPRM	3923	204	31842	562	92	74	1440	755
GALNT13	147	1220	1452	1439	310	383	162	1344
KCNJ3	2	8	81	19	0	8	3	25
NR4A2	15	40	210	30	5	9	11	14
GPD2	362	569	3790	398	79	153	185	445
GALNT5	6	12	129	6	2	8	2	2
ERMN	5	10	80	3	1	5	7	6
CYTIP	6	5	46	18	6	1	2	10
ACVR1C	88	17	883	25	6	5	56	49
ACVR1	398	394	5043	366	83	113	311	545
UPP2	0	104	3	26	9	18	0	49
CCDC148	37	393	586	119	34	86	25	268
PKP4	1344	2065	17803	1702	324	579	941	2437
DAPL1	1	24	71	25	8	7	0	37
TANC1	283	1104	1620	663	115	200	111	696
WDSUB1	635	246	9388	222	40	96	275	280
BAZ2B	1384	3600	21651	2222	455	944	1056	3138
MARCH7	3179	2091	33343	1694	304	624	2124	2275
CD302	10	69	613	65	19	26	24	162
LY75	19	7	319	26	7	10	29	36
PLA2R1	23	55	217	69	13	32	11	42
ITGB6	1	6	19	196	6	40	0	3
RBMS1	2131	1921	20836	1683	277	471	1570	2230
TANK	891	801	10209	586	114	199	566	773
PSMD14	9002	2299	94897	2189	367	762	4166	2979
TBR1	1	5	13	4	3	1	2	18
SLC4A10	1	52	18	17	0	7	0	23
DPP4	22	26	340	30	2	4	20	19
GCG	0	0	0	0	0	0	0	0
FAP	2	5	42	3	0	0	0	0
IFIH1	7	7	210	6	2	0	7	8
GCA	1998	574	29020	495	106	237	1891	862
KCNH7	2	404	59	148	51	36	2	372
FIGN	530	2101	6734	1052	251	533	458	1701
GRB14	278	176	4116	254	50	87	229	277
COBLL1	159	262	2397	216	68	115	150	284
SLC38A11	0	5	10	0	3	4	1	5
SCN3A	3	71	44	33	19	26	2	49
SCN2A	11	10	425	16	3	7	7	23
CSRNP3	288	2410	4962	827	347	621	397	2154
GALNT3	1500	54	22238	263	76	81	1208	701
TTC21B	446	770	5908	480	121	156	360	707
SCN1A	4	44	159	25	11	10	7	43
SCN9A	101	57	1861	67	24	37	102	89
SCN7A	3	49	17	14	5	39	2	12
XIRP2	14	13	344	28	2	3	12	211
B3GALT1	555	34	12371	84	9	24	362	168
STK39	421	1267	5630	599	164	255	475	1140
CERS6	978	1877	13680	1346	227	502	595	1761
NOSTRIN	1	106	8	50	10	16	0	139
SPC25	1753	1099	17607	826	167	273	961	1480
G6PC2	0	0	0	0	0	0	0	2
ABCB11	0	6	0	1	2	2	0	2
DHRS9	0	0	3	0	0	0	0	1
LRP2	58	1496	669	619	161	352	37	1026
BBS5	20	202	282	42	18	47	11	90
KLHL41	1	9	14	6	1	2	3	6
FASTKD1	1162	650	12557	542	107	197	567	853
PPIG	12029	3952	152768	3084	691	1233	7676	5191
CCDC173	39	590	503	141	54	75	32	206
PHOSPHO2	454	187	6182	141	22	45	436	188
KLHL23	2374	2455	31379	1293	303	612	2171	2335
SSB	36162	6378	459213	7092	1058	2373	19030	10516
METTL5	9150	2257	117925	2204	398	707	6010	3065
UBR3	489	1308	5475	851	180	274	205	1205
MYO3B	18	137	260	138	17	34	8	188
SP5	322	723	571	811	59	132	784	528
ERICH2	69	113	505	120	14	35	91	118
GAD1	196	457	490	411	38	43	232	520
GORASP2	3007	1054	37771	834	175	271	1614	1260
TLK1	3472	2510	29425	1885	378	650	1769	2929
METTL8	2577	723	26768	562	141	275	1133	1322
DCAF17	954	405	10446	304	64	127	565	570
CYBRD1	141	143	2653	66	19	53	53	148
DYNC1I2	1780	2415	24414	1431	336	612	1158	2215
SLC25A12	382	825	4133	348	79	116	216	506
HAT1	5328	1612	56607	1215	221	410	3053	1754
METAP1D	245	372	3065	214	63	101	172	321
DLX1	6	4	93	3	1	5	3	3
DLX2	13	79	172	38	3	11	17	25
ITGA6	3736	1433	46958	1113	241	642	2179	1706
PDK1	1439	294	20230	775	125	299	1916	894
RAPGEF4	24	297	394	238	40	104	13	267
MAP3K20	503	877	5605	445	118	199	319	666
CDCA7	3718	716	37280	608	109	218	1831	1127
SP3	1925	1581	18609	1007	245	402	1137	1671
OLA1	13677	4856	100304	3436	720	1279	6323	6099
SP9	208	38	247	1	35	6	53	23
CIR1	2191	1163	28865	784	159	295	1339	1253
SCRN3	506	578	4880	273	62	141	369	502
GPR155	77	178	885	50	9	27	75	63
WIPF1	81	349	499	259	36	62	74	220
CHRNA1	2	2	20	2	0	2	0	5
CHN1	570	2029	9993	1019	218	433	475	1541
ATF2	850	1330	12538	658	150	291	577	1238
ATP5MC3	53934	8373	696217	8667	1380	2943	26795	13273
LNPK	548	759	5617	334	104	184	370	600
EVX2	0	0	1	0	0	1	0	0
HOXD13	5	0	8	1	0	0	0	0
HOXD12	0	0	0	0	0	0	0	0
HOXD11	0	0	8	0	0	0	1	0
HOXD10	0	0	3	0	0	0	0	0
HOXD9	0	0	7	0	0	0	1	0
HOXD8	0	0	2	1	0	0	1	0
HOXD3	0	2	2	3	0	0	0	1
HOXD4	0	0	1	0	0	0	1	0
HOXD1	3	0	18	2	0	0	5	1
MTX2	4573	1477	46838	1251	231	421	2392	1750
HNRNPA3	22967	10714	273021	11380	1706	3866	13089	17766
NFE2L2	1868	743	19099	649	139	196	862	785
AGPS	1173	1021	16125	695	124	274	798	1094
TTC30B	151	96	1599	49	8	16	65	45
TTC30A	110	69	1468	53	15	19	55	80
PDE11A	0	172	75	30	5	9	1	64
RBM45	467	245	6412	141	24	68	283	212
OSBPL6	185	313	2647	377	63	98	150	561
PRKRA	2196	1387	28289	868	158	374	1424	1186
PJVK	32	80	668	44	14	18	39	69
FKBP7	89	362	2005	97	13	56	105	175
PLEKHA3	1628	589	22387	455	74	169	919	619
TTN	403	135	5530	130	29	60	72	254
CCDC141	262	24	3270	59	2	27	40	257
SESTD1	2140	1603	12105	568	253	281	772	1341
ZNF385B	22	71	428	134	19	49	24	140
CWC22	2316	838	29905	650	125	279	1329	920
UBE2E3	5785	5211	76085	2587	581	1253	4271	4386
ITGA4	15	29	336	25	3	9	24	29
CERKL	0	6	14	5	0	2	2	7
NEUROD1	14	33	191	22	3	4	11	29
ITPRID2	113	332	1577	220	29	77	94	191
PPP1R1C	223	72	1971	95	17	35	76	104
PDE1A	10	702	61	131	178	285	1	401
DNAJC10	2524	1087	36430	869	150	353	1834	1401
FRZB	38	306	1265	389	65	156	38	294
NCKAP1	4095	1760	40692	1643	337	488	2178	2420
DUSP19	86	105	1273	38	17	29	112	98
NUP35	2236	606	32083	559	78	183	1440	884
ZNF804A	4	243	37	398	24	20	2	155
FSIP2	63	754	947	325	120	190	124	423
ZC3H15	11215	2887	137158	2392	416	832	6042	3545
ITGAV	538	635	8254	637	114	195	434	713
FAM171B	463	624	9592	366	82	143	347	768
ZSWIM2	0	12	4	3	0	0	0	1
CALCRL	7	174	466	48	16	24	9	130
TFPI	427	651	3177	483	55	124	263	946
GULP1	5784	3363	72892	2529	567	1264	2413	5122
DIRC1	0	0	2	0	0	0	0	0
COL3A1	78	80	1899	406	27	95	35	30
COL5A2	109	963	3810	296	88	193	92	586
WDR75	2556	719	29937	692	130	247	1567	1024
SLC40A1	8	25	107	38	4	4	5	10
ASNSD1	1746	401	16568	364	68	92	908	465
ASDURF	0	0	8	0	0	0	2	1
ANKAR	78	299	737	173	30	55	36	235
OSGEPL1	578	433	5999	163	57	87	428	292
ORMDL1	3833	1710	55137	1102	231	487	2597	1751
PMS1	1853	1139	20520	783	174	333	1093	1144
C2orf88	38	143	530	63	16	29	24	143
MSTN	1	4	14	4	1	1	0	3
HIBCH	2255	2482	25386	1298	293	572	1373	2181
INPP1	63	114	1554	39	14	18	68	50
MFSD6	18	30	673	30	8	16	15	42
NEMP2	93	99	1094	41	10	22	67	75
NAB1	169	331	2583	153	37	62	142	283
GLS	1838	927	17860	946	185	302	1024	1789
STAT1	1128	491	14349	457	65	124	895	566
STAT4	5	143	75	32	9	12	5	68
MYO1B	1051	1269	9928	715	180	319	753	1279
NABP1	255	22	2916	72	14	45	114	73
CAVIN2	4	4	31	3	1	1	0	5
TMEFF2	278	123	1295	80	35	29	34	143
SLC39A10	5647	2285	67617	1852	428	806	3973	3523
DNAH7	8	570	223	123	39	104	17	218
STK17B	304	273	3679	195	52	86	255	354
HECW2	45	712	539	290	118	138	40	447
CCDC150	598	716	6165	486	123	167	375	801
GTF3C3	1032	588	13862	405	90	176	796	660
C2orf66	2	1	21	1	1	1	1	4
PGAP1	380	1485	4833	627	153	329	355	1202
ANKRD44	18	137	192	68	16	32	11	96
SF3B1	10022	3542	99361	3052	524	1044	6126	4246
COQ10B	1780	267	21893	335	51	137	882	546
HSPD1	66188	13684	765975	14321	2198	5117	39248	27555
HSPE1	69467	9314	807875	10480	1646	3368	38759	18682
MOB4	4301	1505	56926	1345	266	461	2856	2171
RFTN2	33	911	459	284	88	134	33	663
MARS2	368	55	5378	76	8	28	222	101
BOLL	2	5	52	4	4	2	1	2
PLCL1	1	52	23	101	22	19	1	48
SATB2	321	460	660	222	146	64	98	451
FTCDNL1	74	35	1111	59	24	30	78	63
C2orf69	1662	366	18672	376	61	137	910	540
TYW5	1164	449	14035	345	76	126	698	484
MAIP1	2397	377	32191	382	76	136	1262	645
SPATS2L	5600	942	71519	2112	316	536	1678	3067
KCTD18	175	116	2006	61	22	28	136	83
SGO2	3739	1609	42008	1014	181	388	2136	1953
AOX1	11	23	179	8	3	3	14	25
BZW1	6811	3287	73907	2718	456	1174	3669	4371
CLK1	531	279	5844	211	40	64	277	305
PPIL3	1586	431	20485	273	63	107	1104	435
NIF3L1	2281	690	29842	579	100	230	1253	928
ORC2	1548	1100	16533	910	172	329	881	1311
FAM126B	349	369	3049	197	44	88	143	321
NDUFB3	7945	2305	89350	1657	301	574	4107	2378
CFLAR	860	726	6374	257	77	107	362	588
CASP10	91	16	1199	45	2	12	32	36
CASP8	341	19	6654	122	14	8	132	75
FLACC1	3	23	34	18	6	4	0	15
TRAK2	440	258	5495	226	33	84	202	343
STRADB	1068	439	14561	369	63	121	681	481
C2CD6	13	5	66	10	1	2	3	10
TMEM237	1295	705	22146	375	76	183	832	654
MPP4	0	3	25	4	0	1	1	10
ALS2	533	436	6280	359	76	147	337	520
CDK15	0	13	11	15	2	5	0	18
FZD7	4153	432	50582	784	58	278	1273	694
KIAA2012	8	53	52	14	9	5	9	34
SUMO1	22212	4802	248455	4743	823	1647	11491	6975
NOP58	8799	2055	88813	2428	376	662	4515	3316
BMPR2	870	2421	8235	1872	451	543	576	2946
FAM117B	386	1677	4760	830	206	358	356	1624
ICA1L	362	458	3483	199	61	67	288	388
WDR12	4341	830	47574	837	163	261	2414	1365
CARF	86	347	1298	187	44	62	88	235
NBEAL1	1146	842	11625	709	148	248	703	1134
CYP20A1	1177	917	14178	664	123	262	731	928
ABI2	3405	3128	42222	1845	420	789	2523	3016
RAPH1	306	888	3518	590	119	239	188	806
CD28	1	0	13	1	0	0	0	2
CTLA4	0	0	0	0	0	0	0	2
ICOS	0	0	0	0	0	0	0	0
PARD3B	104	2528	1700	1275	296	566	67	1680
NRP2	481	1051	5623	435	38	243	278	624
INO80D	1664	849	17352	997	176	273	1103	1419
NDUFS1	3418	1188	40489	925	194	335	1779	1440
EEF1B2	89321	16983	905173	16155	2824	6021	49749	27079
GPR1	5	121	43	40	13	16	4	43
ZDBF2	254	398	902	321	74	94	250	353
ADAM23	274	1022	3747	632	211	246	296	1087
FAM237A	0	0	0	0	0	0	0	3
DYTN	1	10	0	2	0	4	0	5
MDH1B	62	103	870	45	14	29	40	74
FASTKD2	2828	657	25509	589	109	170	1324	812
CPO	15	12	386	13	4	5	10	51
KLF7	790	376	11809	470	115	143	275	582
CREB1	2125	2113	24947	1513	317	514	1471	2260
METTL21A	3743	836	43737	671	135	265	1775	1291
CCNYL1	761	360	10487	390	71	132	501	619
FZD5	2404	49	30879	283	59	129	1184	655
PLEKHM3	134	271	1792	189	38	79	95	322
CRYGD	398	62	5246	62	7	19	196	81
CRYGC	1	2	19	0	0	0	1	1
CRYGB	46	0	731	2	1	0	14	16
CRYGA	0	7	1	0	0	0	0	0
C2orf80	1	20	55	9	1	11	2	8
IDH1	7353	1390	72565	1607	302	572	3577	2535
PIKFYVE	646	769	8729	508	109	183	439	834
PTH2R	12	24	1187	16	3	5	11	69
MAP2	79	4491	815	965	333	845	69	2532
UNC80	7	51	114	14	9	18	10	30
RPE	2273	542	28104	573	97	223	1325	766
KANSL1L	262	1013	4206	696	135	277	252	935
ACADL	6	13	122	32	4	12	7	7
MYL1	2	0	2	2	0	0	1	0
LANCL1	272	539	5095	272	53	147	245	411
CPS1	58	215	1646	89	13	79	43	143
ERBB4	34	11212	182	1415	1135	1892	13	4263
IKZF2	57	544	451	264	87	161	55	391
SPAG16	1142	1576	14320	941	230	442	848	1480
VWC2L	0	36	0	26	8	14	0	37
BARD1	3147	1782	24468	1238	312	431	1958	1747
ABCA12	2	34	14	14	4	19	0	13
ATIC	8095	1310	90903	1513	249	462	4835	2405
FN1	1090	1417	16088	1114	177	406	1102	1046
MREG	437	158	4720	154	34	39	238	308
PECR	695	269	8134	208	44	80	385	322
TMEM169	27	216	382	51	13	44	23	120
XRCC5	29636	9710	316495	7976	1540	2970	18420	13327
MARCH4	3	8	82	10	1	5	2	7
SMARCAL1	493	316	6667	241	64	89	302	370
RPL37A	205686	29846	2127281	25023	5104	11176	122000	36008
IGFBP2	19484	13573	426500	10296	2817	6420	20876	16088
IGFBP5	123	1677	1532	1254	215	838	174	1033
TNP1	0	0	0	0	0	0	0	0
TNS1	23	49	324	60	9	10	19	39
RUFY4	1	1	32	2	0	1	5	1
CXCR2	13	0	185	2	0	0	2	10
CXCR1	0	0	0	0	0	0	0	0
ARPC2	19385	4125	257611	4340	668	1433	10495	6472
GPBAR1	5	36	64	12	2	2	6	11
AAMP	4278	700	67432	694	116	232	2148	994
PNKD	3431	1227	47057	815	194	323	1872	1405
TMBIM1	207	35	3685	78	14	28	252	86
CATIP	3	22	51	8	1	2	1	9
SLC11A1	6	6	142	6	1	1	8	2
CTDSP1	280	276	5969	168	40	78	247	222
VIL1	34	18	1041	38	4	5	27	32
USP37	856	950	8185	575	123	240	457	857
CNOT9	1921	748	24244	544	142	222	1194	824
PLCD4	4	21	30	3	0	4	1	13
ZNF142	356	200	3474	115	27	35	124	198
BCS1L	921	221	11256	159	28	51	496	263
RNF25	414	150	6662	119	22	31	229	155
STK36	257	111	2947	71	16	32	122	120
TTLL4	798	269	11008	203	43	53	412	285
CYP27A1	101	226	1755	134	33	23	141	210
PRKAG3	0	1	4	0	1	0	0	1
WNT6	6	52	62	161	34	71	19	5
WNT10A	4	3	9	1	0	4	0	1
CDK5R2	7	9	84	2	0	3	4	7
FEV	1	3	6	1	0	0	0	0
CRYBA2	0	2	7	2	0	0	0	1
CFAP65	18	23	143	12	2	8	12	13
IHH	4	3	63	1	4	2	4	6
NHEJ1	7	275	80	243	65	74	4	350
SLC23A3	1	1	38	3	2	1	0	4
CNPPD1	583	192	9113	123	23	61	316	212
RETREG2	1278	354	17059	276	53	135	777	441
ZFAND2B	737	271	9761	182	38	64	397	311
ABCB6	14	166	168	124	27	52	7	191
ATG9A	22	142	189	101	15	34	11	188
ANKZF1	1528	274	17928	258	71	106	966	431
GLB1L	237	55	3302	36	16	20	110	83
STK16	1104	412	15404	263	55	128	676	475
TUBA4A	1796	28	32579	225	30	70	574	233
TUBA4B	3	1	37	0	0	1	0	3
DNAJB2	542	185	9648	133	32	59	322	210
PTPRN	1156	10	28732	41	5	18	182	47
RESP18	11	1	632	0	0	0	0	2
DNPEP	2366	277	35991	460	79	147	1356	626
DES	174	6	2408	61	3	3	82	43
SPEG	266	60	4268	76	16	20	146	111
SPEGNB	5	2	77	3	0	1	0	18
GMPPA	1169	139	15744	152	27	58	460	308
ASIC4	6	1	69	1	0	2	2	8
CHPF	1809	110	28158	254	29	85	808	353
TMEM198	189	32	3968	27	2	10	92	54
OBSL1	1992	524	30724	460	94	170	1358	661
INHA	18	13	373	16	1	9	12	8
STK11IP	291	129	4262	63	14	16	145	118
SLC4A3	114	36	1646	27	5	16	95	41
EPHA4	133	827	1905	615	133	305	114	948
PAX3	66	2712	681	991	286	371	35	1428
CCDC140	17	69	136	41	13	8	4	16
SGPP2	19	36	120	26	4	27	15	37
FARSB	2330	714	26098	577	112	216	1102	898
MOGAT1	4	7	54	9	0	6	4	11
ACSL3	4289	1946	31009	1500	304	522	2406	2186
KCNE4	1	4	22	4	1	1	1	8
SCG2	15	24	135	28	8	19	4	12
AP1S3	344	203	3251	166	35	47	146	293
WDFY1	2118	894	37061	1040	152	375	1466	1647
MRPL44	5101	794	58951	867	140	257	2512	1167
SERPINE2	2606	1350	21589	2718	186	303	2218	3229
FAM124B	102	6	1158	7	0	4	38	32
CUL3	3374	2909	40681	2001	395	737	2172	3024
CCDC195	0	2	0	0	0	0	0	0
DOCK10	13	200	122	49	28	39	6	73
NYAP2	1	3	7	1	2	2	0	3
IRS1	432	442	5669	216	52	103	267	312
RHBDD1	249	1005	2656	526	101	194	128	723
COL4A4	44	20	689	26	8	8	25	74
COL4A3	4	37	97	22	6	10	1	60
MFF	4366	1699	57762	1367	239	474	2536	1844
TM4SF20	0	4	4	1	0	1	0	2
SCYGR1	0	0	0	0	0	0	0	0
AGFG1	2939	1126	33418	992	161	392	1415	1446
SCYGR2	0	0	0	0	0	0	0	0
C2orf83	0	1	4	0	0	0	0	1
SCYGR3	0	0	0	0	0	0	0	0
SCYGR4	0	1	0	0	0	0	0	0
SCYGR5	0	0	0	0	0	0	0	0
SLC19A3	121	10	2697	37	1	6	39	21
SCYGR6	0	0	0	0	0	0	0	0
SCYGR7	0	0	0	0	0	0	0	0
SCYGR8	0	0	0	0	0	0	0	0
CCL20	0	0	1	0	0	0	0	0
DAW1	24	29	299	17	0	1	7	3
SPHKAP	0	8	2	7	0	2	0	2
PID1	41	60	483	89	6	34	18	86
DNER	22	343	432	167	89	90	14	160
TRIP12	2334	1817	21935	1319	266	457	1160	1963
FBXO36	755	418	4933	239	82	108	366	501
SLC16A14	52	346	508	112	42	58	26	158
SP110	108	21	1965	63	10	17	54	43
SP140	32	16	418	3	1	4	1	11
SP140L	358	73	664	92	89	7	134	60
SP100	5	6	137	18	2	8	9	11
CAB39	1180	926	13477	688	148	256	643	1041
ITM2C	9431	1029	149824	1907	228	612	4821	2506
GPR55	4	3	6	4	0	2	0	2
SPATA3	0	1	0	3	0	2	0	1
C2orf72	58	1	698	41	4	8	36	19
PSMD1	12156	2659	147721	2827	475	876	5370	3996
HTR2B	6	12	10	8	2	2	1	14
ARMC9	740	1107	9260	692	145	251	526	1100
B3GNT7	3604	71	26722	400	51	62	1637	704
NCL	91902	14958	997925	16001	2722	5928	51492	25495
NMUR1	23	6	162	2	0	2	8	4
TEX44	0	0	0	0	0	0	0	0
PTMA	290785	60644	2387383	63083	12088	23072	153507	117636
PDE6D	475	462	11259	240	66	144	404	500
COPS7B	1532	470	21558	361	77	124	848	558
NPPC	288	125	3374	25	36	32	81	91
DIS3L2	475	1295	4183	728	134	231	243	1118
ALPP	15	0	20	0	0	0	0	0
ALPG	1185	2	4788	3	3	3	109	16
ALPI	0	0	0	0	0	1	0	0
ECEL1	499	48	8103	22	14	12	179	137
PRSS56	7	29	135	7	2	3	6	19
CHRND	1	7	22	6	1	0	1	8
CHRNG	0	7	14	8	0	6	2	4
TIGD1	138	132	1749	52	12	27	105	85
EIF4E2	7166	1548	90176	1330	255	458	4050	2582
EFHD1	154	338	1927	133	36	54	195	184
GIGYF2	3645	1903	44680	1388	260	522	2016	2234
KCNJ13	7	29	58	19	7	11	5	13
SNORC	45	58	490	25	16	20	33	96
NGEF	53	109	632	30	5	17	36	52
NEU2	0	0	0	0	0	0	0	0
INPP5D	433	99	4664	97	11	29	137	244
ATG16L1	655	157	4858	199	39	55	370	253
SAG	2	2	10	1	0	1	1	4
DGKD	446	418	4390	311	57	124	248	410
USP40	165	297	2174	140	51	69	109	262
UGT1A8	2	5	19	4	2	2	1	10
UGT1A10	0	0	10	0	0	0	0	0
UGT1A9	2	0	17	0	0	0	1	0
UGT1A7	1	1	18	0	1	0	0	0
UGT1A6	0	0	11	0	0	0	0	0
UGT1A5	0	0	0	0	0	0	0	0
UGT1A4	0	0	0	0	0	0	0	1
UGT1A3	0	0	2	0	0	0	0	0
UGT1A1	1	0	22	0	0	0	0	0
MROH2A	1	2	25	0	0	0	1	1
HJURP	1853	534	23712	397	69	167	1211	612
TRPM8	1	8	32	3	1	1	4	7
SPP2	0	0	0	1	0	1	0	1
ARL4C	542	2194	6139	862	160	687	550	1468
SH3BP4	545	563	6355	242	71	136	331	577
AGAP1	1076	4156	9787	2776	674	1140	556	5471
GBX2	613	92	716	76	22	42	200	187
ASB18	3	138	5	27	15	22	2	64
IQCA1	235	199	4130	190	14	58	153	175
ACKR3	29	195	540	84	29	48	34	116
COPS8	3422	1657	47976	996	189	380	2227	1496
COL6A3	37	33	512	33	3	7	36	29
MLPH	162	6	1075	53	2	22	89	30
PRLH	0	0	4	1	0	0	0	4
RAB17	371	8	12865	180	2	6	89	388
LRRFIP1	4122	1551	45622	1153	220	444	2375	2194
RBM44	4	13	61	2	2	2	1	11
RAMP1	65	17	1020	46	13	9	28	17
UBE2F	2315	863	29180	781	131	304	1207	1226
SCLY	1054	840	11668	735	143	224	651	986
ESPNL	7	1	87	3	0	0	6	4
KLHL30	0	1	1	0	0	0	0	0
ERFE	14	16	198	5	3	4	10	11
ILKAP	1784	785	25677	531	107	199	925	742
HES6	3080	1961	29834	696	218	344	1502	1630
PER2	237	286	1652	144	31	80	131	143
TRAF3IP1	1291	611	17503	448	108	184	683	696
ASB1	811	177	14075	184	31	52	462	259
TWIST2	370	1	2485	51	14	20	132	84
HDAC4	264	1026	2901	754	151	262	163	1289
NDUFA10	6520	1465	67298	1325	239	482	3229	1918
OR6B2	0	0	0	0	0	0	0	0
OR6B3	0	0	0	0	0	0	0	0
COPS9	9603	2358	122045	2008	345	650	4680	2848
OTOS	5	1	356	3	0	2	4	1
GPC1	599	252	8172	137	31	79	349	286
ANKMY1	51	197	543	109	39	36	24	135
DUSP28	219	68	2890	46	12	14	129	75
RNPEPL1	421	118	5903	95	23	38	268	141
CAPN10	501	180	7820	117	36	45	318	177
GPR35	2	3	55	1	1	1	1	4
AQP12B	0	0	0	0	0	0	0	0
AQP12A	0	0	0	0	0	0	0	0
KIF1A	2728	675	47191	641	75	204	1196	876
AGXT	0	2	12	0	0	0	1	0
MAB21L4	9	4	155	1	4	7	0	0
CROCC2	0	3	1	2	0	1	0	1
SNED1	28	205	503	219	33	91	12	185
MTERF4	1740	652	22495	480	106	166	929	693
PASK	575	181	6453	140	28	40	363	285
PPP1R7	4462	1015	54461	992	181	333	2322	1518
ANO7	100	61	1490	59	5	15	80	75
HDLBP	6471	1831	78847	1506	288	539	3031	2189
SEPTIN2	9509	3616	125163	2784	505	1149	5476	4319
FARP2	337	505	3048	425	60	155	181	598
STK25	3073	956	46121	699	117	280	1940	1334
BOK	565	50	6019	108	17	31	471	126
THAP4	1970	320	25993	330	81	109	1081	514
ATG4B	1463	668	20066	488	92	171	823	856
DTYMK	6537	2409	72990	1482	277	608	3811	2693
ING5	1235	721	14517	486	78	173	941	753
D2HGDH	186	234	2305	115	24	54	102	202
GAL3ST2	0	7	0	4	0	2	0	4
NEU4	0	7	0	6	0	0	0	1
PDCD1	0	0	1	1	0	1	0	0
RTP5	0	0	0	0	0	0	0	0
FAM240C	2	4	102	6	1	3	2	4
CHL1	7	206	106	6	20	26	12	74
CNTN6	3	70	20	7	7	17	3	23
CNTN4	14	754	171	72	112	331	18	527
IL5RA	1	7	7	6	1	2	0	8
TRNT1	1970	629	21640	539	117	167	1010	840
CRBN	2194	1042	27497	655	154	291	1419	1045
SUMF1	548	2145	6726	1551	273	581	315	2222
LRRN1	1845	1537	38853	1351	231	614	1563	2120
SETMAR	382	342	4815	179	30	75	243	278
ITPR1	126	476	2532	110	37	70	107	239
BHLHE40	279	21	4004	135	13	26	298	89
ARL8B	1329	750	16499	616	114	220	650	993
EDEM1	232	144	2646	86	18	29	140	207
GRM7	34	218	210	182	72	86	15	486
LMCD1	443	200	10447	272	17	67	391	182
SSUH2	11	30	119	25	0	12	7	30
CAV3	0	126	5	42	15	21	1	89
OXTR	117	20	1717	21	3	9	49	30
RAD18	1358	829	13786	552	131	238	666	824
SRGAP3	261	2484	2849	509	243	376	228	1325
THUMPD3	2526	926	34766	604	164	269	1495	1271
SETD5	3459	3367	41820	2474	477	940	2060	3708
LHFPL4	50	25	1099	218	23	51	63	227
MTMR14	2061	343	30878	405	78	148	1039	636
CPNE9	77	10	2501	31	4	17	41	63
BRPF1	392	111	4756	98	21	39	233	177
OGG1	699	329	9923	203	49	87	490	385
CAMK1	192	143	3935	116	25	53	144	137
TADA3	2244	965	32027	596	126	251	1247	1050
ARPC4	7540	1258	83987	1125	192	428	3341	1775
TTLL3	63	223	1060	100	24	42	42	199
RPUSD3	2747	566	33531	576	111	156	1432	899
CIDEC	1	0	6	0	0	1	0	0
JAGN1	3025	860	40382	782	118	247	1631	985
IL17RE	222	71	2900	50	6	21	142	91
IL17RC	215	43	2453	41	6	20	101	54
CRELD1	473	300	5431	140	42	87	346	281
PRRT3	296	82	3599	79	15	44	208	120
EMC3	2457	945	31793	737	144	275	1243	1050
FANCD2	2148	860	26852	653	138	248	1525	1105
FANCD2OS	1	98	5	48	10	16	1	82
BRK1	14568	3808	193316	3111	652	1067	7634	4908
VHL	936	457	11065	311	76	137	485	493
IRAK2	13	48	353	13	2	5	17	35
TATDN2	228	114	2919	99	12	31	136	168
GHRL	113	27	544	32	10	6	110	36
SEC13	2886	1155	42285	899	156	332	1668	1319
ATP2B2	6	15	49	17	2	10	1	26
SLC6A11	35	40	245	51	6	15	33	33
SLC6A1	3	32	45	9	3	4	3	10
HRH1	4	8	56	7	0	2	2	6
ATG7	287	1005	2791	627	146	226	179	846
VGLL4	1918	2393	24259	1107	282	631	1179	1814
TAMM41	1202	602	13583	359	88	118	631	570
SYN2	171	176	1981	297	63	88	68	442
TIMP4	3342	15	29953	321	23	51	824	224
PPARG	12	15	377	81	15	18	6	21
TSEN2	774	659	8088	393	81	138	389	571
MKRN2OS	25	132	422	97	21	40	20	109
MKRN2	1054	444	10991	270	62	127	544	455
RAF1	1940	1240	22319	862	151	330	1052	1373
TMEM40	15	8	119	23	14	17	7	3
CAND2	211	213	2507	80	24	48	126	216
RPL32	257376	51327	2704899	44170	8337	16729	151199	71671
IQSEC1	578	395	5935	344	71	139	257	719
NUP210	536	331	9526	218	57	111	335	400
HDAC11	190	60	3099	61	11	19	103	84
FBLN2	344	224	3532	96	14	22	192	192
WNT7A	5	41	84	14	7	6	3	17
CHCHD4	1666	173	18177	215	39	72	860	370
TMEM43	752	271	9156	212	43	83	358	310
XPC	1701	955	26476	684	130	259	989	968
LSM3	19920	3334	232339	3570	567	1016	11145	4911
SLC6A6	2163	277	22441	364	81	142	1231	982
GRIP2	281	75	2874	80	22	34	152	169
CCDC174	1356	495	16746	357	64	130	726	466
C3orf20	0	16	0	6	2	5	1	16
FGD5	63	27	1604	54	6	15	40	104
NR2C2	500	677	5857	736	121	213	300	874
MRPS25	4628	744	64897	780	160	267	1963	1136
RBSN	683	385	7326	228	53	95	358	288
CAPN7	473	747	7175	449	98	139	293	504
SH3BP5	470	445	5233	297	47	125	275	335
METTL6	712	532	10163	366	53	156	415	528
EAF1	713	211	7877	196	36	69	360	266
COLQ	15	139	316	78	8	32	16	108
HACL1	1900	541	17726	453	87	159	1097	784
BTD	554	426	9107	325	79	134	418	575
ANKRD28	986	1359	12437	892	201	341	534	1625
GALNT15	1	9	8	2	0	0	1	9
DPH3	4368	1023	61227	926	170	354	2591	1588
OXNAD1	827	515	11094	426	75	125	439	601
RFTN1	26	121	465	75	11	17	12	84
DAZL	178	10	1417	39	2	42	69	396
PLCL2	84	531	1005	336	63	174	48	396
TBC1D5	703	5476	9771	3519	864	1176	624	5074
SATB1	784	297	8549	184	51	103	545	367
KCNH8	74	284	1450	587	72	196	37	651
EFHB	31	46	641	16	2	10	8	28
RAB5A	4147	850	62833	986	181	349	2256	1583
PP2D1	1	22	5	12	3	8	1	21
KAT2B	28	266	504	153	32	48	18	164
SGO1	2423	1105	32403	777	135	320	1566	1221
ZNF385D	11	424	478	363	76	123	32	675
UBE2E2	2730	3580	31435	2974	683	1166	1626	4586
UBE2E1	3606	2196	41689	1729	344	637	2530	2724
NKIRAS1	488	306	4421	227	53	83	271	336
RPL15	156646	51441	1880824	52244	8544	19350	96018	78234
NR1D2	618	553	7180	407	68	158	345	475
THRB	102	77	1582	621	77	107	84	319
RARB	12	157	46	67	29	67	3	81
TOP2B	3043	2160	32390	1444	319	606	1836	2375
NGLY1	1828	738	23436	640	131	223	895	832
OXSM	146	123	1850	51	9	26	62	82
LRRC3B	45	87	864	167	15	52	79	100
NEK10	14	159	153	205	17	33	5	132
SLC4A7	2489	2108	20306	1215	299	486	1566	2887
EOMES	41	42	118	331	7	7	168	318
CMC1	3253	1314	34582	1016	217	385	2414	1581
AZI2	1096	838	14508	476	112	194	956	795
ZCWPW2	13	289	149	135	36	42	18	161
RBMS3	98	1885	5155	570	278	210	124	1804
TGFBR2	297	264	2785	227	39	91	105	492
GADL1	3	9	86	4	2	0	1	3
STT3B	2293	2423	26113	1438	232	576	1743	2264
OSBPL10	1724	373	29171	1081	242	335	956	2523
ZNF860	211	8	3052	35	9	14	103	78
GPD1L	84	34	860	44	6	10	49	25
CMTM8	1358	716	17780	591	126	266	778	872
CMTM7	703	607	12554	417	75	156	480	697
CMTM6	5179	1249	69463	1086	214	464	3320	2114
DYNC1LI1	4242	1758	52338	1458	279	502	2790	2171
CNOT10	1195	999	13245	686	130	227	669	966
TRIM71	5582	1381	62138	2647	411	970	3719	4045
CCR4	0	0	11	0	0	0	0	2
GLB1	1083	406	20729	518	58	159	836	554
TMPPE	30	5	421	9	2	5	15	11
CRTAP	4337	524	62131	1120	167	337	2744	1506
SUSD5	66	15	1570	39	3	7	32	44
FBXL2	102	675	1455	508	82	149	87	483
UBP1	1053	450	13793	470	109	174	568	745
CLASP2	760	2596	8779	1803	382	635	468	2834
PDCD6IP	2536	1117	35688	985	218	277	1465	1502
ARPP21	1	3	14	4	0	5	0	3
STAC	36	126	598	162	12	33	33	98
DCLK3	19	8	243	7	4	5	6	10
TRANK1	76	415	1963	169	32	66	85	405
EPM2AIP1	610	634	6455	302	76	146	355	376
MLH1	1038	699	14260	373	76	170	607	677
LRRFIP2	1809	1430	24519	1018	185	370	1037	1391
GOLGA4	7027	3435	71776	2385	546	898	3446	4249
ITGA9	36	195	483	135	25	43	14	174
CTDSPL	1514	1324	25943	821	186	408	1162	1252
VILL	73	35	1438	21	2	6	64	38
PLCD1	116	122	1320	48	9	26	56	103
DLEC1	4	24	63	15	3	3	4	17
ACAA1	1454	240	15313	218	38	101	574	344
MYD88	472	68	6055	83	22	27	251	140
OXSR1	1430	1001	16364	726	152	332	763	1152
SLC22A13	2	7	52	4	0	1	3	15
SLC22A14	0	6	8	3	0	0	0	10
XYLB	104	262	1394	179	28	72	45	254
ACVR2B	3250	1329	39665	1097	227	485	2692	2014
EXOG	435	518	5945	316	64	116	328	377
SCN5A	114	44	1458	79	14	24	68	155
SCN10A	1	1	1	6	0	0	0	0
SCN11A	12	121	132	45	10	38	11	108
WDR48	1369	889	15623	580	117	228	798	803
GORASP1	277	115	5131	80	14	27	182	126
TTC21A	29	93	687	34	9	19	21	60
CSRNP1	130	26	1758	69	7	15	76	37
XIRP1	0	1	3	0	0	0	0	0
CX3CR1	0	1	12	0	0	0	1	1
CCR8	2	0	23	0	0	0	0	1
SLC25A38	1630	272	26442	348	53	110	972	509
RPSA	245621	41825	2997013	43711	7927	16315	145196	86595
MOBP	16	0	195	10	1	0	6	19
MYRIP	12	69	464	137	10	24	16	100
EIF1B	11153	3165	136473	2537	458	1052	6303	3684
ENTPD3	4	16	129	7	3	5	6	10
RPL14	161713	36690	1575728	31841	6489	12517	83985	60101
ZNF619	116	43	1833	6	5	18	43	74
ZNF620	982	428	11914	281	56	124	507	510
ZNF621	388	367	5226	204	37	64	225	368
CTNNB1	6113	3112	72651	2509	395	889	4142	3549
ULK4	568	1416	4738	1033	329	423	245	2042
TRAK1	760	1062	9515	534	151	282	341	1024
CCK	218	22	5694	66	2	11	148	30
LYZL4	0	0	5	0	0	0	0	0
VIPR1	37	11	728	27	3	6	39	18
SEC22C	1304	564	16516	284	71	159	825	653
SS18L2	7109	1497	77902	1465	253	438	5006	1909
NKTR	3939	2532	59496	1389	304	631	2598	2538
ZBTB47	47	87	572	31	4	13	33	34
KLHL40	2	2	9	2	1	0	1	1
HHATL	3	3	19	2	0	0	0	1
CCDC13	3	50	39	20	4	7	1	22
HIGD1A	4971	1245	55893	974	180	345	2634	1683
ACKR2	1	9	15	8	3	1	4	6
KRBOX1	77	2	851	0	0	2	7	12
CYP8B1	0	4	0	1	0	0	0	0
ZNF662	239	3	1344	0	2	6	102	62
GASK1A	87	31	974	80	18	40	61	99
POMGNT2	364	121	5834	97	24	40	216	159
SNRK	360	455	3640	296	63	88	204	411
ANO10	911	1682	12790	1159	260	459	862	1852
ABHD5	1017	279	8455	231	50	53	614	359
TOPAZ1	1	2	5	1	1	0	0	1
TCAIM	824	706	7974	542	91	207	568	641
ZNF445	626	595	8363	364	72	158	483	489
ZNF852	129	138	1560	105	20	40	67	165
ZKSCAN7	80	159	1415	63	12	40	61	89
ZNF660	531	368	5595	212	48	91	400	315
ZNF197	275	904	3433	348	88	151	196	549
ZNF35	795	322	9562	236	45	95	375	339
ZNF502	490	99	3305	51	25	21	136	191
ZNF501	351	100	3717	90	19	21	152	129
KIAA1143	2127	715	23309	602	112	199	1102	918
KIF15	1506	1387	14771	643	166	265	955	1166
TMEM42	633	341	11037	194	28	116	513	338
TGM4	0	0	8	3	0	0	1	8
ZDHHC3	2286	535	31618	581	100	204	1205	930
EXOSC7	6818	1766	112175	1490	294	500	5071	2401
CLEC3B	0	0	0	0	0	0	0	1
CDCP1	680	19	7053	114	14	35	310	217
TMEM158	3911	130	30471	333	45	130	1270	778
LARS2	1070	607	13728	555	96	203	441	1032
LIMD1	532	285	5313	263	58	70	228	415
SACM1L	1445	541	18917	480	93	187	990	842
SLC6A20	5	4	94	1	1	1	8	20
LZTFL1	340	330	5484	143	35	65	222	264
CCR9	0	2	1	1	0	2	0	0
FYCO1	152	79	2119	94	19	24	123	155
CXCR6	0	0	5	2	0	0	1	1
XCR1	0	0	0	0	0	0	0	0
CCR3	0	0	2	9	0	1	1	0
CCR1	1	3	2	1	0	0	1	0
CCR2	0	0	0	1	0	0	0	0
CCR5	0	0	0	0	0	0	0	0
CCRL2	0	0	0	0	0	0	0	0
LTF	13	1	120	3	0	0	1	1
RTP3	1	0	17	0	0	0	1	1
LRRC2	266	12	2384	44	10	9	160	105
TDGF1	33598	541	355372	4130	619	1106	16950	7994
FAM240A	6	0	70	2	0	1	3	2
ALS2CL	73	8	724	16	4	3	26	26
TMIE	17	6	197	6	0	1	20	13
PRSS45P	28	14	77	17	2	3	24	19
MYL3	22	17	554	22	4	8	39	18
PTH1R	1045	117	3838	274	59	36	994	440
CCDC12	4571	1438	58219	1141	230	417	2315	1657
NBEAL2	441	41	6271	74	10	16	197	85
SETD2	2633	2607	21626	1714	408	594	1381	2676
KIF9	844	501	8102	214	57	83	342	366
KLHL18	758	286	7251	249	48	99	336	395
PTPN23	1115	213	14339	206	40	81	553	279
SCAP	733	483	12913	345	79	134	592	508
ELP6	2068	1015	28117	641	169	283	1714	1019
CSPG5	191	256	2223	64	15	32	163	164
SMARCC1	13636	5897	142496	5164	1017	1979	8380	8100
DHX30	2454	1245	27603	737	168	302	1427	1259
MAP4	5291	2507	50035	2581	536	756	2884	3489
CDC25A	1733	328	18117	335	67	109	767	609
CAMP	0	0	13	0	0	0	1	0
ZNF589	1486	587	16777	709	154	279	918	1257
NME6	1217	499	14624	322	64	115	678	436
SPINK8	1	75	18	23	1	17	1	65
FBXW12	6	46	136	15	6	12	8	28
PLXNB1	528	219	7226	146	29	64	344	274
CCDC51	2553	220	23927	289	54	111	1044	497
TMA7	28283	7060	313426	6079	1056	2032	12279	8758
ATRIP	510	164	5266	108	29	51	217	153
TREX1	0	0	0	0	0	0	0	0
SHISA5	4432	597	68606	580	82	241	1792	931
PFKFB4	218	189	3307	190	69	108	247	298
UCN2	3	0	29	0	0	0	1	0
COL7A1	465	12	3184	18	3	5	105	16
UQCRC1	8279	1698	100048	1368	233	475	3640	2442
TMEM89	0	0	21	1	0	0	1	1
SLC26A6	459	91	7071	93	13	26	242	136
CELSR3	205	61	2961	47	9	24	141	87
NCKIPSD	627	158	9307	171	35	79	404	228
IP6K2	2623	1557	40778	1179	235	539	1550	1629
PRKAR2A	3927	793	42850	669	124	224	1833	1260
SLC25A20	176	61	1905	42	15	19	85	67
ARIH2OS	77	80	1014	20	10	11	59	51
ARIH2	5722	997	73111	981	180	358	2674	1714
P4HTM	384	439	8120	151	56	112	333	294
WDR6	2571	492	31043	501	72	180	1417	785
DALRD3	1729	659	24581	331	84	159	1045	720
NDUFAF3	3911	1758	55454	906	118	307	2462	1309
IMPDH2	12914	2937	156338	2619	452	924	9278	4754
QRICH1	1541	913	19312	767	167	230	791	997
QARS	4733	786	58791	670	137	287	2793	1365
USP19	596	160	9088	118	22	44	334	160
LAMB2	246	180	5566	105	22	40	175	137
CCDC71	333	124	6994	86	15	37	172	127
KLHDC8B	365	877	6989	341	62	170	262	473
C3orf84	0	3	0	5	0	1	0	15
CCDC36	8	26	151	8	4	6	1	21
C3orf62	98	60	1200	55	8	22	65	80
USP4	926	501	13431	329	64	129	488	509
RHOA	21889	5218	293345	5227	843	1875	11603	8493
TCTA	240	90	6316	105	14	34	112	95
AMT	64	327	758	398	77	129	38	592
NICN1	0	49	4	46	11	14	0	36
DAG1	2604	652	27730	678	133	286	1277	975
BSN	31	45	486	30	5	14	17	54
APEH	3123	484	35230	515	77	173	1416	991
MST1	130	32	1748	26	10	17	70	47
RNF123	288	93	3133	65	17	27	154	110
AMIGO3	4	2	27	0	0	0	3	0
GMPPB	1083	200	15441	156	28	46	555	286
IP6K1	744	847	9012	650	124	220	425	914
CDHR4	0	1	48	1	0	0	0	1
INKA1	89	16	2387	10	0	5	63	22
UBA7	8	3	249	2	1	1	5	2
TRAIP	613	189	8831	164	31	46	368	254
CAMKV	825	28	9790	108	11	21	463	113
MST1R	21	3	428	11	2	1	17	12
MON1A	306	68	4587	63	14	15	162	92
RBM6	2629	2714	30358	1931	343	687	1707	2654
RBM5	1523	685	15996	468	106	202	833	759
SEMA3F	302	134	3270	106	17	39	192	190
GNAT1	2	3	24	0	0	0	1	1
SLC38A3	7	13	132	2	0	1	4	10
GNAI2	9288	4567	143759	2936	601	1335	6613	5745
SEMA3B	244	37	2886	37	4	14	103	79
LSMEM2	17	6	163	5	3	4	6	17
IFRD2	3408	419	39466	511	62	118	1803	735
HYAL3	67	45	1567	30	4	17	55	31
NAA80	220	95	4552	56	12	25	156	87
HYAL1	68	24	738	26	6	1	46	21
HYAL2	2481	1225	33067	733	155	295	1628	1108
TUSC2	3394	681	43482	625	97	215	1674	911
RASSF1	556	205	7541	120	25	68	317	191
ZMYND10	15	25	141	12	2	5	6	12
NPRL2	730	212	9309	168	37	73	354	297
CYB561D2	914	225	12682	194	37	68	496	264
TMEM115	980	303	13707	227	38	82	534	369
CACNA2D2	315	142	6494	123	21	51	239	259
C3orf18	105	38	1557	31	5	16	60	43
HEMK1	387	170	4791	102	21	47	191	131
CISH	60	19	1049	7	2	3	35	22
MAPKAPK3	1715	339	26268	279	45	100	942	525
DOCK3	143	2892	2048	1681	367	787	64	3081
MANF	7164	1786	95504	1333	272	442	4156	2278
RBM15B	2127	476	27772	422	80	162	1327	729
DCAF1	872	715	10845	446	96	173	482	628
RAD54L2	1088	782	12753	606	129	169	572	792
TEX264	1089	242	15890	252	56	80	511	321
GRM2	33	6	366	9	2	2	17	17
IQCF6	0	0	2	0	0	0	0	0
IQCF3	0	0	0	0	0	0	0	0
IQCF2	0	0	0	0	0	0	0	0
IQCF5	1	0	0	0	0	0	0	0
IQCF1	0	0	3	0	1	0	0	0
RRP9	2458	314	41529	344	68	117	1269	552
PARP3	13	12	458	4	2	1	17	4
GPR62	10	3	109	6	0	2	10	10
PCBP4	334	460	5217	194	44	98	230	352
ABHD14B	252	114	3091	54	11	24	185	112
ABHD14A	252	533	3055	159	54	82	193	286
ACY1	23	187	336	205	43	68	12	352
RPL29	147049	43325	1683089	38349	5262	12995	110081	59885
DUSP7	375	49	4329	56	12	16	165	76
POC1A	1325	455	20682	324	74	145	748	605
ALAS1	1321	373	18454	302	58	116	702	499
TLR9	0	0	0	0	0	0	0	1
TWF2	2809	285	31359	449	61	131	1168	677
PPM1M	88	9	1449	13	2	6	42	31
WDR82	2728	770	31609	598	117	223	1411	960
GLYCTK	248	30	3908	31	12	9	130	57
DNAH1	4	35	87	17	4	10	4	27
BAP1	627	180	9002	117	13	45	337	196
PHF7	532	226	9112	128	33	47	437	233
SEMA3G	29	4	269	5	0	2	17	6
TNNC1	95	84	1966	73	2	25	144	67
NISCH	712	440	8751	289	40	112	380	443
STAB1	19	0	470	2	0	2	20	4
NT5DC2	7942	2961	94350	1851	359	662	5011	2890
SMIM4	1903	469	33813	481	97	126	1396	699
PBRM1	3221	2455	36718	1621	366	655	1889	2520
GNL3	8617	1370	104986	1511	273	495	4783	2566
GLT8D1	1389	814	18686	378	93	179	1000	653
SPCS1	18887	3919	231267	3307	626	1170	10743	4735
NEK4	838	534	7756	327	55	112	548	523
ITIH1	1	1	1	0	0	0	0	0
ITIH3	1	0	3	0	0	0	0	1
ITIH4	10	14	192	6	2	3	6	22
MUSTN1	0	244	0	150	30	26	0	132
STIMATE	222	173	3725	160	48	46	100	268
SFMBT1	573	787	3926	315	91	172	226	639
RFT1	1389	324	13280	286	50	120	699	432
PRKCD	431	30	5394	83	6	20	199	96
TKT	55662	6114	625694	7014	1508	2336	30401	16118
DCP1A	1096	777	13449	536	114	208	572	840
CACNA1D	18	50	368	59	9	28	10	91
CHDH	324	64	2948	65	18	17	199	103
IL17RB	100	70	1110	16	5	8	60	51
ACTR8	739	184	8627	197	32	70	404	254
SELENOK	7518	1942	85732	1223	245	491	3466	1958
CACNA2D3	309	234	3720	745	259	386	141	1871
LRTM1	175	3	884	17	2	9	52	42
WNT5A	36	180	475	68	12	76	24	115
ERC2	219	1404	2651	1473	277	539	118	2376
CCDC66	1866	1296	19652	820	152	292	971	1155
TASOR	1036	994	7493	565	147	244	674	883
ARHGEF3	175	327	1807	361	75	96	57	831
SPATA12	59	10	703	26	4	3	20	46
IL17RD	1352	1363	13922	682	167	266	604	1620
HESX1	1252	95	40753	178	20	116	446	215
APPL1	5589	1050	59903	969	190	319	2265	1810
ASB14	2	9	9	10	2	1	1	22
DNAH12	3	40	17	10	3	7	0	12
PDE12	973	214	9226	210	47	70	530	271
ARF4	9541	2398	108439	2436	392	843	4693	3441
DENND6A	340	630	4107	359	87	131	226	514
SLMAP	1506	1352	15755	1068	217	365	718	1829
FLNB	3176	469	27536	982	215	267	997	1494
DNASE1L3	1	1	2	0	0	0	1	1
ABHD6	189	206	3581	110	47	54	116	210
RPP14	1068	197	11731	210	28	63	558	285
HTD2	3	0	24	2	0	0	1	1
PXK	278	173	4554	118	23	45	147	189
PDHB	9234	1212	95357	1653	249	446	4502	2422
KCTD6	1012	556	11179	338	50	121	640	509
ACOX2	42	34	476	19	1	4	23	16
FAM107A	11	90	107	25	6	20	6	27
FAM3D	1	11	36	0	1	2	3	3
C3orf67	370	772	5518	683	133	207	255	866
FHIT	452	3789	4417	1843	563	1142	238	4217
PTPRG	1471	4135	20669	7124	1070	2625	1266	14808
C3orf14	1745	467	27906	363	75	153	940	592
FEZF2	61	80	658	77	18	43	29	92
CADPS	545	430	9708	527	86	152	167	565
SYNPR	18	100	318	145	34	39	7	169
SNTN	6	7	69	5	1	0	6	2
C3orf49	2	7	10	5	1	3	3	11
THOC7	6917	1752	70674	1975	338	499	5140	2486
ATXN7	30	420	378	343	58	114	23	507
PSMD6	7083	1348	93294	1272	203	458	3215	2078
PRICKLE2	34	425	598	449	58	168	53	502
ADAMTS9	23	410	237	308	47	94	28	300
MAGI1	1186	4644	16174	3554	734	1441	790	5023
SLC25A26	2021	768	30452	802	135	296	1190	1089
LRIG1	1275	759	13290	713	152	370	673	1407
KBTBD8	145	20	1452	40	3	11	86	51
SUCLG2	1508	1488	16763	810	202	324	1253	1751
TAFA1	0	59	19	14	3	20	0	39
TAFA4	74	528	1429	112	48	48	70	304
EOGT	170	115	2375	244	18	31	149	203
TMF1	2074	834	20520	524	122	218	959	915
UBA3	2245	886	23702	718	126	263	1263	1017
ARL6IP5	2123	1602	24240	943	225	473	1377	1438
LMOD3	5	5	50	6	1	0	6	8
FRMD4B	243	757	2118	426	86	150	115	507
MITF	46	39	1014	47	4	18	26	33
MDFIC2	0	1	0	3	0	0	0	4
FOXP1	1535	3983	14699	2205	480	905	932	3401
EIF4E3	720	202	4477	178	40	70	271	302
GPR27	450	200	5727	113	36	29	396	152
PROK2	49	11	810	10	7	0	53	12
RYBP	3084	940	26452	1110	203	329	1654	1546
SHQ1	772	351	7941	330	48	96	413	472
GXYLT2	60	243	941	145	22	30	105	171
PPP4R2	4451	2221	50059	1628	346	630	2514	2598
EBLN2	220	65	1862	63	11	20	118	71
PDZRN3	37	566	500	753	81	216	22	384
CNTN3	11	204	109	13	31	53	3	105
FRG2C	44	0	39	0	0	0	2	4
ZNF717	240	333	3574	243	128	99	3	754
ROBO2	62	2315	1100	997	395	549	58	4268
ROBO1	1661	3899	16318	3628	835	1092	1067	4826
GBE1	336	653	4923	434	103	306	436	1022
CADM2	111	649	5702	711	100	637	84	1023
VGLL3	36	101	939	136	24	76	40	78
CHMP2B	4446	876	65536	942	160	310	2434	1359
POU1F1	1	1	1	0	0	0	0	2
HTR1F	2	0	49	0	0	0	3	3
CGGBP1	2454	2153	30169	1189	261	517	1406	1793
ZNF654	317	937	3848	521	110	224	179	744
C3orf38	1415	724	14827	533	107	207	794	730
CSNKA2IP	0	3	1	0	0	1	0	2
EPHA3	3	1481	91	303	327	342	11	898
PROS1	93	564	450	107	35	95	124	283
ARL13B	566	1012	6573	246	92	209	313	665
STX19	2	41	4	15	3	12	0	28
DHFR2	31	50	509	17	10	11	42	40
NSUN3	276	519	3004	129	61	103	177	338
MTRNR2L12	552	3375	5816	2586	453	976	326	3707
EPHA6	3	277	69	247	46	84	2	286
ARL6	262	256	4123	184	39	64	133	211
CRYBG3	926	275	8022	229	59	72	385	564
RIOX2	684	234	5415	166	20	51	308	259
GABRR3	0	5	0	11	1	5	0	23
OR5AC2	0	0	0	0	0	0	0	0
OR5H1	0	0	1	1	0	0	0	0
OR5H14	0	1	4	1	0	0	0	1
OR5H15	0	0	1	0	0	0	0	0
OR5H6	0	0	57	0	0	1	1	0
OR5H2	0	0	1	1	0	0	0	0
OR5K4	0	0	0	0	0	0	0	0
OR5K3	0	0	0	0	0	0	0	0
OR5K1	0	1	0	0	0	0	0	0
OR5K2	0	0	0	0	0	0	0	0
CLDND1	2085	764	27680	596	106	232	1225	852
GPR15	0	0	0	0	0	0	0	0
CPOX	907	210	9441	174	28	60	538	280
ST3GAL6	225	370	1550	305	67	84	200	397
DCBLD2	1697	2142	15985	1253	314	570	1289	2001
COL8A1	16	9	75	8	5	6	5	11
CMSS1	4848	2474	61181	2387	489	811	3006	3198
FILIP1L	6	888	73	678	180	284	8	794
TBC1D23	4463	640	34988	961	242	242	2144	1544
NIT2	5980	652	62148	672	156	242	2294	962
TOMM70	2568	697	29073	606	117	202	1199	1003
LNP1	157	247	2928	103	34	52	115	208
TMEM45A	342	426	8293	343	57	142	482	338
ADGRG7	0	3	3	0	1	0	0	1
TFG	4228	1843	60295	1332	271	565	2601	1814
ABI3BP	4	23	62	13	4	1	0	22
IMPG2	2	19	36	4	6	8	4	46
SENP7	357	1258	5015	464	138	218	201	788
TRMT10C	7492	1121	96996	1367	202	417	3290	1747
PCNP	9404	2105	107706	2014	357	764	5064	3398
ZBTB11	764	352	9080	269	57	88	397	461
RPL24	209240	42401	2276518	36186	6330	13046	125694	60619
CEP97	511	649	5457	262	76	138	263	505
NXPE3	415	227	6424	157	26	50	250	232
NFKBIZ	110	69	1788	87	14	20	88	114
ZPLD1	1	3	2	3	1	0	0	1
ALCAM	254	835	3125	944	160	189	255	667
CBLB	259	1601	4084	919	141	390	249	1258
CCDC54	0	0	0	0	0	0	0	0
BBX	3168	3898	30616	2394	290	913	2251	3965
CD47	1111	1016	7419	516	140	260	449	577
IFT57	1846	1789	27887	752	230	346	1295	969
HHLA2	0	2	9	1	0	0	0	0
MYH15	4	12	14	8	1	3	0	13
CIP2A	1716	1006	24584	645	135	258	1114	927
DZIP3	1162	1177	18531	643	108	308	1017	1172
RETNLB	0	0	0	0	1	0	0	0
TRAT1	0	0	0	0	1	1	0	0
GUCA1C	0	0	0	0	0	0	0	1
MORC1	1	2	30	4	1	1	2	1
C3orf85	0	1	3	0	0	0	0	0
DPPA2	2740	37	24853	117	58	79	1335	622
DPPA4	27890	1522	345866	4143	972	1512	16067	9588
NECTIN3	932	1304	15122	683	190	377	792	1281
CD96	19	40	180	18	3	2	6	16
ZBED2	0	0	0	0	0	0	1	0
PLCXD2	9	57	260	35	5	12	6	49
PHLDB2	928	675	6651	678	139	194	602	997
ABHD10	843	478	11327	252	61	102	525	389
TAGLN3	107	623	1395	177	64	97	94	394
TMPRSS7	1	18	8	3	4	0	0	13
C3orf52	328	75	4347	143	22	36	243	138
GCSAM	1	0	0	1	1	1	0	0
SLC9C1	14	87	30	63	7	18	7	180
CD200	1879	639	25710	457	94	169	991	1045
BTLA	2	6	20	6	1	0	2	10
ATG3	4618	761	52969	722	110	203	1893	1200
SLC35A5	747	477	7713	256	65	117	392	509
CCDC80	185	642	2154	272	75	165	89	347
CD200R1L	0	2	6	6	5	2	0	5
CD200R1	3	4	27	3	2	3	0	8
GTPBP8	1598	484	22752	508	58	201	805	626
NEPRO	1746	628	17269	478	99	180	950	742
BOC	66	2125	1251	503	165	361	73	1257
CFAP44	7	243	118	127	28	68	3	176
SPICE1	354	666	4075	288	74	136	225	428
SIDT1	0	6	5	4	1	2	0	7
USF3	475	436	5135	248	70	104	340	373
NAA50	5743	1537	65267	1483	224	495	2956	2361
ATP6V1A	2349	615	37264	628	92	254	1210	1027
GRAMD1C	26	234	530	55	20	44	33	83
ZDHHC23	433	37	5399	75	9	22	234	91
CCDC191	61	538	1077	182	49	94	56	335
QTRT2	1648	425	17073	425	76	129	833	597
DRD3	2	71	372	4	1	2	3	27
ZNF80	0	0	1	0	0	0	0	1
TIGIT	3	2	48	1	1	0	3	4
ZBTB20	82	3505	935	974	326	646	79	1873
GAP43	2590	1071	43864	787	246	434	1093	928
LSAMP	172	6090	1514	1827	777	1139	109	4131
IGSF11	59	50	1965	84	17	23	29	92
TEX55	0	1	0	0	0	0	0	2
UPK1B	7	22	114	8	5	8	7	9
B4GALT4	3074	410	45727	437	92	161	1598	926
ARHGAP31	104	196	1246	167	33	33	40	267
TMEM39A	783	459	10649	342	52	149	475	482
POGLUT1	753	475	11305	247	61	102	457	389
TIMMDC1	5840	1187	63343	982	156	362	2817	1642
CD80	0	3	7	3	1	0	0	2
ADPRH	20	16	450	12	2	7	22	15
PLA1A	1	0	2	0	0	0	0	7
POPDC2	6	2	89	12	1	3	2	8
COX17	7482	1420	95852	1577	240	469	3562	2199
MAATS1	15	506	327	79	42	103	22	218
NR1I2	56	4	900	9	1	5	12	14
GSK3B	1726	2860	25068	1810	371	681	1069	3036
GPR156	8	106	101	135	28	20	14	126
LRRC58	2149	461	22073	372	89	124	1061	530
FSTL1	2028	1161	36425	990	172	422	1753	1788
NDUFB4	14170	4143	165143	4217	739	1286	9531	6290
HGD	6	16	34	6	1	3	4	13
RABL3	771	451	7261	312	82	118	470	463
GTF2E1	2517	329	19041	494	89	148	1456	1068
STXBP5L	38	440	326	692	158	115	43	863
POLQ	648	921	7534	742	142	262	371	1085
ARGFX	4	0	42	0	0	1	5	2
FBXO40	1	2	14	0	0	0	0	1
HCLS1	32	3	1573	8	1	3	7	59
GOLGB1	4181	2385	59211	1708	336	725	2371	2586
IQCB1	1529	1386	20531	993	226	391	1256	1577
EAF2	394	131	6743	105	38	35	268	218
SLC15A2	56	37	335	29	6	14	38	61
ILDR1	16	2	641	12	2	9	19	20
CD86	2	0	30	3	1	2	2	2
CASR	2	11	23	14	0	11	2	4
CSTA	7	3	217	1	0	2	9	3
CCDC58	3958	764	63050	716	133	385	2111	1070
FAM162A	15014	2340	186884	3622	740	1470	12875	6019
WDR5B	48	60	872	28	2	10	23	25
KPNA1	1430	1541	16182	894	194	305	846	1396
PARP9	76	23	1345	25	8	3	29	32
DTX3L	104	20	1870	40	5	11	47	35
PARP15	3	4	79	4	1	1	1	6
PARP14	559	330	7074	219	41	94	339	375
HSPBAP1	331	274	5280	203	32	78	248	315
SLC49A4	485	599	5879	367	114	147	294	523
SEMA5B	80	582	2071	162	62	131	54	473
PDIA5	469	321	6077	228	49	63	238	340
SEC22A	436	828	4870	430	119	158	202	705
ADCY5	205	81	1397	79	17	35	107	116
HACD2	517	431	8385	349	71	149	447	607
MYLK	222	344	2313	308	50	88	171	268
CCDC14	1491	1916	18249	1018	231	466	1109	1465
ROPN1	4	2	101	2	0	2	8	0
KALRN	69	1410	991	844	186	251	64	1007
UMPS	4105	760	37153	702	159	254	1667	1033
ITGB5	3115	584	51243	996	174	250	2089	1772
MUC13	0	5	1	1	0	0	0	2
HEG1	104	457	1058	165	56	76	108	303
SLC12A8	200	102	3034	211	24	44	158	200
ZNF148	1208	2427	13393	1520	322	534	850	2211
SNX4	1542	1070	18129	676	160	272	815	876
OSBPL11	952	816	12385	484	107	164	664	691
ALG1L	86	25	319	17	2	6	39	19
ROPN1B	5	4	112	2	0	1	3	2
SLC41A3	391	341	7189	177	50	79	325	219
ALDH1L1	5	13	288	7	0	1	15	8
KLF15	162	65	2280	49	3	19	95	37
CFAP100	23	92	116	26	4	14	5	51
ZXDC	575	494	7082	527	105	200	312	780
UROC1	0	0	31	1	0	0	1	0
CHST13	35	6	1074	17	0	3	87	15
C3orf22	0	1	2	1	0	0	0	0
AC024558.2	0	74	0	63	22	19	0	92
TXNRD3	63	133	722	66	19	19	42	113
CHCHD6	2051	1157	28642	825	200	302	1356	1354
PLXNA1	466	202	5936	147	31	62	262	244
C3orf56	3	0	0	0	0	0	1	0
PRR20G	8	0	227	1	0	0	4	2
TPRA1	531	119	7525	161	29	56	251	216
MCM2	1537	519	17532	363	63	125	699	556
PODXL2	578	415	7926	209	56	110	536	320
ABTB1	140	36	2103	20	3	10	33	42
MGLL	56	96	852	35	10	14	16	72
KBTBD12	7	10	68	15	1	5	5	15
SEC61A1	1704	417	23257	384	57	145	845	579
RUVBL1	10230	2042	108609	1986	357	655	5617	2467
EEFSEC	573	437	8828	407	83	122	317	568
DNAJB8	0	0	1	0	0	0	0	0
GATA2	134	18	422	46	7	3	62	27
RPN1	3300	737	42785	711	117	226	1799	985
RAB7A	7949	1983	109392	2176	393	619	3450	3263
ACAD9	632	357	7403	235	45	56	393	314
KIAA1257	89	918	1383	208	56	121	75	478
EFCC1	5	606	71	86	53	93	3	258
GP9	0	0	2	0	0	0	0	0
RAB43	2	37	58	116	23	28	0	177
ISY1	767	539	9624	415	71	149	493	529
CNBP	17340	5763	226250	4430	878	1665	11757	7203
COPG1	1078	345	14288	251	40	85	587	371
HMCES	1272	596	14886	339	63	143	678	646
H1FX	9574	8028	101241	3557	819	1592	7352	6529
EFCAB12	4	39	57	6	6	9	2	15
MBD4	2730	874	34004	618	130	224	1521	1122
IFT122	222	573	2914	204	69	103	169	393
RHO	0	0	1	0	0	0	0	1
H1FOO	0	1	1	0	0	0	0	0
PLXND1	170	54	1730	79	5	14	72	109
TMCC1	593	2162	6064	1289	341	560	413	1886
TRH	26	84	438	54	11	76	22	73
ALG1L2	28	63	359	77	4	15	27	62
COL6A5	0	4	5	2	0	0	5	1
COL6A6	0	20	38	28	4	10	1	18
PIK3R4	611	417	7729	337	74	121	309	507
ATP2C1	1217	979	15144	664	146	255	823	1038
ASTE1	217	149	2793	86	10	34	126	121
NEK11	61	438	814	186	42	98	40	225
NUDT16	1203	554	18463	249	63	104	646	462
MRPL3	11692	3028	135954	2346	376	684	6350	3652
CPNE4	27	172	347	252	24	69	32	207
ACPP	23	15	240	24	3	10	24	15
DNAJC13	627	641	8102	388	78	154	361	590
ACAD11	35	561	381	265	76	121	16	813
ACKR4	1	26	15	12	5	6	1	24
UBA5	2259	809	28022	526	136	238	1389	1013
NPHP3	180	450	3289	221	50	115	159	359
TMEM108	356	614	4795	682	152	166	215	1189
BFSP2	12	13	57	11	2	1	3	59
CDV3	8115	1913	89249	1612	361	658	5210	2657
TOPBP1	1760	977	20267	949	184	304	1118	1287
TF	12	15	121	13	2	4	15	8
SRPRB	2002	410	23279	422	77	147	1119	564
RAB6B	705	160	11183	185	41	84	297	235
SLCO2A1	9	31	168	182	12	8	18	53
RYK	1900	1618	18039	1162	246	398	1233	1706
AMOTL2	535	269	4177	363	38	87	361	306
ANAPC13	1494	1292	22793	532	199	262	1238	1182
CEP63	1308	840	12695	618	111	201	767	840
EPHB1	56	763	1046	580	88	173	79	672
KY	0	7	3	8	0	1	0	1
PPP2R3A	590	1461	6622	1212	207	376	434	1422
MSL2	414	479	4115	369	85	117	262	527
PCCB	1852	933	25037	615	151	204	1249	1028
STAG1	977	4620	10682	2850	580	923	571	3862
SLC35G2	204	376	2109	175	27	80	56	258
NCK1	1696	1240	16194	628	123	197	1029	994
IL20RB	89	69	1092	83	12	19	34	164
SOX14	6	0	86	5	4	4	5	6
CLDN18	0	11	5	3	2	6	1	13
DZIP1L	44	181	881	78	26	60	54	162
A4GNT	0	0	0	1	0	0	0	0
DBR1	626	242	7101	197	40	84	393	301
ARMC8	1343	980	16278	800	171	300	848	1319
NME9	2	146	39	62	15	24	2	107
MRAS	173	279	1927	158	39	84	219	244
ESYT3	55	10	682	20	3	3	40	31
CEP70	964	975	8743	522	110	228	589	848
FAIM	626	161	9243	229	23	78	359	199
PIK3CB	870	846	7199	767	167	206	450	1181
FOXL2	48	9	612	1	0	1	18	11
FOXL2NB	14	2	364	0	1	1	6	5
PRR23A	14	0	20	0	0	0	3	0
MRPS22	3733	887	48438	687	111	271	1880	1046
PRR23B	0	0	0	0	0	0	0	0
PRR23C	0	0	2	0	0	0	0	0
COPB2	4397	1722	49576	1506	263	523	2329	2079
RBP2	1	25	39	12	2	2	2	22
RBP1	3637	1361	42712	1671	152	420	1682	1803
NMNAT3	154	76	2052	99	13	16	101	83
CLSTN2	13	112	155	84	23	44	6	109
TRIM42	0	0	1	0	0	0	0	0
SLC25A36	4262	1580	50285	1369	232	497	2606	2091
SPSB4	191	563	2827	344	50	86	231	545
PXYLP1	356	371	4480	259	57	83	237	366
ZBTB38	324	331	4589	298	57	102	213	298
RASA2	636	1283	7343	843	184	294	449	1248
RNF7	10925	3324	171759	3019	567	1014	6488	4397
GRK7	0	5	3	10	1	3	0	10
ATP1B3	11452	3423	158128	3111	616	1006	8007	4412
TFDP2	4669	3099	62551	1974	366	853	2855	3103
GK5	528	348	6279	230	49	96	417	346
XRN1	804	1515	7753	869	213	322	447	1240
ATR	267	1053	4622	536	105	247	477	965
PLS1	566	316	5611	204	38	87	393	329
TRPC1	242	1218	3768	727	152	286	199	1150
PCOLCE2	859	244	3930	311	71	74	616	338
PAQR9	30	26	274	7	0	4	15	16
U2SURP	11973	3376	96998	2848	499	949	6336	4437
CHST2	671	182	6361	77	23	24	533	211
SLC9A9	13	109	246	135	10	26	10	211
DIPK2A	604	781	5374	784	129	200	548	1169
PLOD2	1018	330	14939	497	75	152	1051	679
PLSCR4	60	143	667	116	25	28	35	205
PLSCR2	13	44	82	19	4	2	6	340
PLSCR1	3893	450	40381	627	107	76	1249	1061
PLSCR5	1	9	8	51	0	5	0	0
ZIC4	53	1058	756	128	76	150	42	359
ZIC1	147	4944	1678	493	444	675	125	1809
AGTR1	2	1	19	2	1	2	1	5
CPB1	0	0	1	1	1	0	0	3
CPA3	0	0	1	1	0	0	1	2
GYG1	1894	279	39731	380	65	139	766	810
HLTF	3406	1835	41991	997	255	449	1963	2454
HPS3	1012	400	13363	419	75	134	623	641
CP	17	24	469	18	3	10	18	38
TM4SF18	25	5	332	5	0	3	43	11
TM4SF1	10	12	96	4	1	0	9	11
TM4SF4	0	0	6	0	0	0	0	1
WWTR1	2112	766	15730	1098	213	338	688	1059
COMMD2	3852	1342	48478	984	197	391	2372	1502
ANKUB1	0	692	1	452	125	221	0	936
RNF13	2005	942	22204	678	172	278	1071	1160
PFN2	4866	3867	64077	1859	371	791	3213	2822
TSC22D2	778	795	10538	775	120	251	534	1027
SERP1	12338	2678	140368	2609	423	867	6816	3063
EIF2A	4880	1256	54079	1033	174	385	2616	1506
SELENOT	4030	1102	46349	863	135	323	1976	1272
ERICH6	0	18	8	2	4	0	0	3
SIAH2	405	70	5945	174	21	45	188	95
MINDY4B	3	1	24	3	2	0	0	3
CLRN1	120	6	2150	2	0	1	3	34
MED12L	376	1692	5468	1100	207	424	219	1641
GPR171	30	34	134	14	5	8	24	38
P2RY14	1	334	14	237	46	89	1	284
GPR87	21	12	117	11	3	9	3	9
P2RY13	7	5	23	1	0	2	0	3
P2RY12	0	42	3	22	10	10	0	31
IGSF10	188	139	2344	70	14	39	110	130
AADACL2	0	0	0	0	0	0	0	0
AADAC	0	0	0	0	0	0	0	0
SUCNR1	0	0	5	0	0	0	0	0
MBNL1	279	1621	2901	673	208	366	205	1325
P2RY1	213	69	1769	54	10	11	72	128
RAP2B	2684	535	31137	642	108	246	1377	1132
ARHGEF26	15	591	173	271	64	115	13	479
DHX36	7201	2383	80361	2091	374	753	4029	3010
GPR149	1	14	11	2	1	0	0	5
MME	188	43	4564	100	11	23	69	53
STRIT1	1	6	161	1	0	0	5	2
PLCH1	435	3569	9293	1161	267	698	356	2019
C3orf33	147	321	2037	164	33	74	110	183
SLC33A1	531	423	6343	296	68	113	370	467
GMPS	4843	3398	50724	1997	394	825	3002	2844
KCNAB1	43	14	167	14	2	2	28	14
SSR3	12129	2714	161008	2714	474	1152	7007	4251
TIPARP	208	259	1683	105	21	63	102	184
LEKR1	2	202	9	34	16	25	1	66
CCNL1	2341	865	26688	832	139	237	1175	979
VEPH1	218	254	4124	142	46	98	53	263
PTX3	17	343	487	87	55	139	39	190
SLC66A1L	91	8	1075	25	1	7	30	26
SHOX2	15	3	184	2	3	1	17	4
RSRC1	2587	2300	32423	1396	311	547	1469	2346
MLF1	1694	1168	29077	734	141	298	1498	873
GFM1	1630	472	18246	393	64	141	803	490
LXN	353	149	5565	107	38	69	298	218
RARRES1	9	86	99	48	13	19	10	101
MFSD1	372	160	5183	101	23	46	202	178
IQCJ-SCHIP1	34	337	271	243	41	83	12	164
IQCJ	0	1	0	0	0	0	1	1
SCHIP1	41	50	579	25	8	9	32	36
IL12A	39	4	314	3	0	5	11	10
C3orf80	9	5	199	4	0	0	8	3
IFT80	448	1081	5428	443	125	264	301	837
SMC4	5860	3743	65870	2263	453	857	3081	3985
TRIM59	985	1126	8376	752	150	290	627	996
KPNA4	3342	1804	33159	1609	298	546	1960	2012
ARL14	0	2	3	1	0	0	0	0
PPM1L	156	1421	1437	757	220	415	157	1266
B3GALNT1	104	210	1731	80	22	37	75	85
NMD3	1865	615	19375	491	76	207	977	757
SPTSSB	77	15	3273	26	3	9	85	52
OTOL1	0	0	3	0	0	0	0	0
SI	0	0	1	0	0	0	0	1
SLITRK3	11	31	509	20	4	6	18	24
BCHE	18	473	249	163	30	55	33	199
ZBBX	27	168	259	56	15	20	22	70
SERPINI2	4	171	29	17	20	19	0	43
WDR49	7	679	133	101	81	85	14	203
PDCD10	5967	1107	70489	1256	200	403	3247	1745
SERPINI1	177	63	2121	58	10	32	163	78
GOLIM4	1699	1119	22264	550	176	310	1266	1147
MECOM	188	1868	406	601	434	463	145	2555
ACTRT3	317	36	3658	39	9	12	155	58
MYNN	903	281	9559	278	36	98	506	366
LRRC34	480	381	3328	154	49	52	336	305
LRRIQ4	2	4	32	7	2	1	5	7
LRRC31	0	5	1	0	1	0	0	1
SAMD7	0	0	1	0	0	0	0	0
SEC62	5360	2454	78693	2012	373	723	3306	2775
GPR160	3250	69	31786	383	118	113	1478	780
PHC3	493	1063	5405	711	168	232	309	930
PRKCI	2923	922	28902	1034	182	374	1654	1894
SKIL	16614	1557	135077	3218	588	727	7816	5446
CLDN11	91	139	1315	102	13	49	89	191
SLC7A14	2	1	64	5	0	2	3	18
RPL22L1	23837	3994	321571	5462	501	1212	10171	4834
EIF5A2	422	122	6146	133	15	41	220	130
SLC2A2	0	7	2	2	0	0	0	1
TNIK	414	1970	1267	1086	163	262	156	1376
PLD1	26	84	289	54	6	20	4	47
TMEM212	0	5	0	2	0	1	0	0
FNDC3B	931	3480	12983	2391	502	910	515	3775
GHSR	0	0	1	0	0	0	1	0
TNFSF10	1	3	28	2	1	1	2	3
NCEH1	465	168	1662	149	20	41	66	201
ECT2	3556	2020	35983	1298	269	496	1774	2015
SPATA16	1	7	31	55	0	19	8	25
NLGN1	232	6154	2034	2223	496	921	123	3642
NAALADL2	15	1618	91	724	260	503	7	965
TBL1XR1	4092	3347	36645	3279	597	1062	2402	4819
KCNMB2	1	92	14	254	68	28	0	119
ZMAT3	1317	574	14192	305	44	123	446	710
PIK3CA	382	725	4114	476	84	180	237	754
KCNMB3	38	129	636	106	25	36	30	141
ZNF639	1283	374	14035	360	50	105	656	416
MFN1	1300	680	13085	472	86	189	644	832
GNB4	692	536	7726	374	113	180	633	686
ACTL6A	4185	1720	51426	1267	231	405	2932	1921
MRPL47	12644	2186	149240	2025	316	655	6975	2917
NDUFB5	10926	2192	133951	1769	340	654	6671	3178
USP13	893	897	10680	595	118	226	554	952
PEX5L	12	70	283	58	11	12	7	91
TTC14	1418	748	19707	415	77	157	832	600
CCDC39	40	22	1204	23	11	20	29	39
FXR1	10797	3982	124219	3264	627	1311	6926	4976
DNAJC19	7085	1613	85410	1713	310	595	3972	2199
SOX2	16053	5412	176672	3047	638	1423	9665	5625
ATP11B	323	909	4639	422	109	188	189	646
DCUN1D1	1434	899	16011	661	128	260	873	1117
MCCC1	354	509	4740	324	69	132	263	462
LAMP3	25	8	107	5	1	2	4	2
MCF2L2	125	501	1868	320	52	103	126	810
B3GNT5	128	449	1487	127	43	88	95	285
KLHL6	3	7	28	1	0	0	1	3
KLHL24	1187	590	10632	481	101	161	648	816
YEATS2	814	1556	9237	966	265	374	562	1583
MAP6D1	3	19	23	26	6	9	1	49
PARL	4749	1136	54719	1081	175	395	2281	1401
ABCC5	1061	501	11857	397	67	123	503	614
HTR3D	0	0	0	0	0	0	0	0
HTR3C	0	2	6	0	0	0	1	3
HTR3E	1	9	5	3	1	1	1	9
EIF2B5	1481	376	16824	276	57	92	623	405
DVL3	1115	364	12948	240	51	96	547	428
AP2M1	17171	2546	160229	2968	468	948	8182	4263
ABCF3	822	148	10588	136	22	35	389	193
VWA5B2	4	0	42	0	0	0	1	0
ALG3	2950	481	42439	630	100	208	1867	922
EEF1AKMT4	1557	123	21863	241	39	63	1017	383
CAMK2N2	687	39	9138	81	15	41	286	224
ECE2	1	1	4	9	0	1	0	4
PSMD2	12541	2299	117615	1943	348	673	5981	3309
EIF4G1	7201	976	83392	1179	200	412	3337	1682
FAM131A	456	179	5934	113	23	51	272	163
CLCN2	143	66	1529	32	5	10	83	83
POLR2H	7811	1764	84317	1452	259	537	5027	2396
THPO	15	4	683	7	1	0	7	18
CHRD	3	18	208	19	5	4	5	13
EPHB3	51	75	337	53	6	13	24	54
MAGEF1	3296	1473	38025	868	152	274	2082	1565
VPS8	533	867	7503	562	137	201	323	1062
C3orf70	36	160	332	64	34	31	28	62
EHHADH	99	69	2436	95	3	28	44	110
MAP3K13	832	1449	19021	850	115	320	561	1206
TMEM41A	1128	238	14278	223	56	89	726	332
LIPH	7	10	57	7	1	0	6	6
SENP2	1668	640	24329	698	105	192	840	1038
IGF2BP2	5654	6536	46147	4142	1000	1583	3567	7094
TRA2B	9286	2363	84542	1929	389	722	4929	3421
ETV5	1083	744	6503	374	89	147	575	1006
DGKG	9	80	68	49	39	63	6	60
CRYGS	8	67	153	56	21	16	5	44
TBCCD1	187	200	2286	72	16	37	87	110
DNAJB11	2899	1005	37003	900	133	262	1477	1325
AHSG	32	32	350	18	6	10	11	31
FETUB	0	0	17	0	0	0	0	1
HRG	0	1	8	0	0	0	0	1
KNG1	13	1	107	0	0	0	4	3
EIF4A2	16879	5053	210693	3321	666	1477	11018	5906
RFC4	3729	1566	48169	1108	196	373	2800	1632
ADIPOQ	1	0	6	0	0	0	0	0
ST6GAL1	1664	1024	20001	1281	389	337	918	2547
RPL39L	5200	939	69257	2183	455	563	4372	3541
RTP1	241	14	2670	41	3	11	76	82
MASP1	45	52	853	41	16	12	25	48
RTP4	7	0	29	0	1	0	0	0
SST	139	117	1660	69	21	40	56	109
RTP2	0	0	1	0	0	0	0	0
BCL6	63	119	1466	107	16	48	32	152
AC072022.2	2	4	25	3	1	3	2	5
LPP	1576	3514	22241	2839	567	921	913	3280
TPRG1	12	176	120	391	49	45	14	214
TP63	2	16	8	18	7	26	0	17
P3H2	176	367	3817	505	141	149	517	871
CLDN1	96	142	996	32	11	16	53	60
CLDN16	2	9	7	4	2	1	3	6
TMEM207	2	1	7	1	0	0	0	1
IL1RAP	35	47	340	78	10	18	19	92
GMNC	3	284	15	16	3	21	1	48
OSTN	1	20	13	2	4	3	1	9
UTS2B	1	11	15	5	1	2	0	5
CCDC50	977	1120	11114	558	130	293	734	965
PYDC2	0	0	0	0	0	0	0	0
FGF12	216	2007	1670	751	119	240	148	1335
MB21D2	1291	399	10553	744	136	235	487	1095
PLAAT1	229	141	2746	108	20	26	229	114
ATP13A5	0	2	2	1	4	0	0	6
ATP13A4	2	15	22	4	5	10	1	10
OPA1	1638	1242	20385	886	199	352	976	1460
HES1	4839	1576	19816	1970	403	573	1683	1439
CPN2	0	1	1	0	1	0	0	0
LRRC15	0	0	0	0	0	0	0	0
GP5	1	0	17	2	0	0	0	0
ATP13A3	1925	1083	19931	718	159	321	1053	1276
TMEM44	308	224	3619	183	39	56	216	215
LSG1	2028	416	28516	479	96	158	1275	766
FAM43A	117	23	1200	48	4	13	72	44
XXYLT1	894	885	12948	782	132	290	607	1114
ACAP2	2021	1980	19782	1280	302	471	1245	2140
PPP1R2	1841	820	23247	781	117	232	1339	916
APOD	5	0	48	0	0	0	2	2
MUC20	3	31	28	13	0	5	1	8
MUC4	4	19	19	35	4	6	0	84
TNK2	318	120	3528	111	27	30	128	168
TFRC	1432	359	21839	439	97	144	601	703
ZDHHC19	37	19	671	31	3	18	47	34
SLC51A	24	24	413	23	1	9	10	43
PCYT1A	902	275	11561	253	42	110	308	407
TCTEX1D2	1035	2341	14771	971	241	476	741	1273
TM4SF19	4	3	45	2	0	1	2	7
UBXN7	1778	1120	21544	812	149	365	1256	1441
RNF168	1858	963	24152	658	172	241	1120	983
SMCO1	0	0	9	1	0	0	0	1
WDR53	508	235	6525	185	41	67	298	267
FBXO45	1815	364	18807	331	75	92	1010	525
NRROS	98	2	852	6	1	2	56	22
PIGX	1219	542	15601	354	66	106	514	427
CEP19	168	209	2801	85	26	49	120	132
PAK2	5746	2910	55920	1713	474	691	4166	3238
SENP5	1031	1181	11015	864	157	288	632	1187
NCBP2	5865	1657	49449	1150	233	477	3835	2159
NCBP2AS2	5725	1027	56997	1013	239	322	3144	1711
PIGZ	10	61	35	36	11	14	11	40
MELTF	145	44	2091	38	5	20	75	65
DLG1	1723	3694	19607	2280	508	814	1071	3693
BDH1	46	125	465	175	26	49	22	330
RUBCN	184	200	2985	118	25	43	107	236
FYTTD1	877	694	7858	343	98	153	454	701
LRCH3	700	1253	7983	950	197	320	492	1482
IQCG	227	482	2177	319	67	164	175	395
RPL35A	196558	36323	2066722	31913	5846	11128	110101	51461
LMLN	192	185	2158	77	29	52	108	140
ZNF595	629	249	6501	91	23	78	330	376
ZNF718	698	886	2663	795	189	330	211	1354
ZNF732	408	261	5930	392	34	170	234	630
ZNF141	1097	724	11091	555	104	161	601	707
ZNF721	2401	2081	25695	1252	309	556	1271	2128
PIGG	303	232	4043	212	49	81	223	294
TMEM271	33	0	297	3	2	0	4	1
PDE6B	339	132	6996	119	8	54	279	193
ATP5ME	26677	3761	324758	3529	678	1238	13956	5730
MYL5	139	77	2895	47	15	14	116	71
SLC49A3	247	7	3132	39	4	14	108	42
PCGF3	993	547	11656	373	77	135	567	562
CPLX1	158	14	659	10	2	3	69	45
GAK	1106	307	13500	290	75	103	468	488
TMEM175	94	127	1385	49	12	19	51	81
DGKQ	255	53	3114	26	5	11	80	89
SLC26A1	11	4	151	4	1	1	6	1
IDUA	175	13	2580	14	4	9	45	36
FGFRL1	616	98	7231	64	13	24	182	128
RNF212	45	86	1670	20	7	22	45	27
SPON2	101	47	781	17	6	5	49	53
CTBP1	2229	712	28210	485	120	178	1266	768
MAEA	3174	662	39449	645	95	213	1484	1088
UVSSA	271	221	3640	123	31	49	212	214
CRIPAK	138	30	2961	20	4	14	108	48
NKX1-1	5	0	29	0	0	0	0	0
FAM53A	24	88	313	28	10	20	18	69
SLBP	5616	986	49533	873	174	264	2343	1336
TACC3	4043	1118	49302	877	159	314	1988	1341
TMEM129	565	167	14986	122	24	51	430	230
FGFR3	441	122	1860	158	26	47	252	120
LETM1	1402	320	14045	252	57	56	724	355
NSD2	1021	3314	11575	1575	345	631	866	2427
NELFA	2304	602	26080	463	93	154	1146	860
C4orf48	3361	3450	40977	1254	386	593	1916	2398
NAT8L	488	76	3835	37	7	26	163	133
POLN	18	4	341	4	0	1	10	4
HAUS3	562	178	7577	186	30	58	329	207
MXD4	914	710	16128	532	98	201	444	655
ZFYVE28	37	18	990	38	12	14	17	60
CFAP99	2	6	129	3	0	0	1	1
RNF4	2109	713	21832	612	138	220	927	1069
FAM193A	661	1016	7899	721	164	221	369	1044
TNIP2	1928	294	19619	354	50	121	957	502
SH3BP2	298	93	3810	90	18	42	198	145
ADD1	1697	1395	23275	905	223	348	942	1377
MFSD10	3652	798	40116	755	145	254	2325	1228
NOP14	2053	417	25046	505	93	183	1349	720
GRK4	60	175	1203	95	25	59	51	119
HTT	1328	1221	15321	825	189	310	663	1326
MSANTD1	1	4	61	9	2	0	4	23
RGS12	345	792	3357	404	91	155	172	656
HGFAC	2	2	39	1	0	0	0	0
DOK7	4	4	46	2	1	3	8	2
LRPAP1	3907	1760	72503	1325	209	448	1600	2228
ADRA2C	621	102	6638	183	16	38	298	190
OTOP1	0	1	0	1	0	1	0	2
TMEM128	950	516	9640	297	60	112	541	358
LYAR	8479	771	93237	964	127	256	3619	1414
ZBTB49	156	86	1736	59	18	23	88	107
NSG1	1132	166	17569	292	66	100	1252	455
STX18	1442	1127	17576	597	116	215	826	929
MSX1	96	2011	1254	612	143	224	127	719
CYTL1	113	14	3464	36	4	8	248	51
STK32B	10	49	305	57	13	11	13	67
EVC2	204	137	2252	141	39	44	135	233
EVC	43	199	526	135	33	42	28	201
CRMP1	2533	364	32329	436	130	184	1064	1322
C4orf50	0	1	16	8	3	3	1	4
JAKMIP1	55	3	600	28	1	5	101	18
AC092442.1	0	0	0	0	0	0	0	0
WFS1	452	116	6298	106	14	28	187	138
PPP2R2C	203	15	2422	33	5	23	66	90
MAN2B2	116	77	1870	41	15	28	82	105
MRFAP1	12583	3012	133981	2209	444	866	7289	3672
AC093323.1	682	214	5603	160	29	70	384	258
S100P	4	44	67	8	0	8	2	0
MRFAP1L1	1744	590	21446	504	98	217	1118	780
BLOC1S4	2891	672	33006	620	116	200	1499	966
KIAA0232	1290	1982	13867	1021	229	424	691	1500
TBC1D14	858	539	10554	390	88	166	461	631
CCDC96	15	74	332	21	5	20	7	29
TADA2B	321	138	3939	103	22	36	197	152
GRPEL1	5353	516	50509	664	120	236	2677	997
SORCS2	23	317	2312	138	59	48	120	231
PSAPL1	0	0	9	0	0	0	2	0
AFAP1	456	269	3145	259	48	103	246	452
ABLIM2	28	24	394	26	9	8	15	47
SH3TC1	1	1	6	3	1	0	0	1
HTRA3	16	9	362	9	0	4	31	15
ACOX3	192	181	1586	132	28	34	109	236
TRMT44	208	209	3308	163	14	56	145	228
GPR78	2	3	22	38	2	0	4	3
CPZ	13	3	105	8	1	0	17	11
HMX1	85	60	191	43	14	18	38	98
FAM90A26	0	1	10	0	0	0	0	0
USP17L10	0	0	0	0	0	0	0	0
USP17L11	0	0	0	0	0	0	0	0
USP17L12	0	0	0	0	0	0	0	0
USP17L13	0	0	0	0	0	0	0	0
USP17L15	0	0	0	0	0	0	0	0
USP17L17	0	0	0	0	0	0	0	0
USP17L18	0	0	0	0	0	0	0	0
USP17L19	0	0	0	0	0	0	0	0
USP17L20	0	0	0	0	0	0	0	0
USP17L21	0	0	0	0	0	0	0	0
USP17L22	0	0	0	0	0	0	0	0
USP17L23	0	0	0	0	0	0	0	0
USP17L24	0	0	0	0	0	0	0	0
USP17L25	0	0	0	0	0	0	0	0
USP17L26	0	0	0	0	0	0	0	0
USP17L5	0	0	0	0	0	0	0	0
USP17L27	0	0	0	0	0	0	0	0
USP17L28	0	0	0	0	0	0	0	0
USP17L29	0	0	0	0	0	0	0	0
USP17L30	0	0	0	0	0	0	0	0
DEFB131A	0	0	0	0	0	0	0	1
SLC2A9	9	4	127	6	1	2	5	11
DRD5	4	0	40	1	0	0	1	0
WDR1	8683	882	116305	1607	213	381	3478	2025
ZNF518B	127	441	973	227	55	88	161	319
CLNK	1	12	10	5	1	1	2	3
HS3ST1	69	78	1001	65	14	23	29	44
RAB28	1346	1780	16518	921	201	380	881	1532
NKX3-2	2	0	21	0	0	0	1	0
BOD1L1	4263	1668	47971	1446	341	543	2431	2294
CPEB2	40	66	618	114	30	30	49	93
C1QTNF7	0	49	8	6	0	5	0	19
CC2D2A	523	617	5645	350	83	119	369	501
FBXL5	1287	2378	15758	1512	271	553	676	2350
FAM200B	2122	941	25851	507	113	224	1233	984
BST1	124	32	1944	23	6	9	76	52
CD38	9	11	91	7	1	0	3	11
FGFBP1	8	0	46	9	0	2	2	1
FGFBP2	9	2	134	1	0	0	7	3
PROM1	397	788	5421	315	97	130	396	624
TAPT1	168	315	2303	164	45	73	132	266
LDB2	1512	1631	27197	3045	488	715	1098	4816
QDPR	3020	874	49272	842	130	269	1997	1172
CLRN2	0	0	1	0	0	0	0	1
LAP3	2930	541	44653	682	98	214	1941	935
MED28	5882	1908	72943	1516	227	583	3627	2278
FAM184B	333	181	2114	126	16	47	42	179
DCAF16	936	633	10765	400	89	187	583	676
NCAPG	2635	1725	27474	816	216	432	1823	1788
LCORL	752	3633	9588	1517	419	728	609	2699
SLIT2	109	7234	1521	3154	701	1149	119	2898
PACRGL	479	634	5047	327	73	158	301	534
KCNIP4	7	242	183	246	22	179	13	267
ADGRA3	932	2138	8871	1453	274	525	573	1970
PPARGC1A	63	47	483	35	31	15	15	73
DHX15	5712	1806	70270	1597	284	597	3164	2351
SOD3	42	31	1980	29	13	15	66	38
CCDC149	72	213	710	124	33	39	69	118
LGI2	137	98	1067	76	12	18	93	99
SEPSECS	139	198	1320	93	26	42	95	167
PI4K2B	485	262	5187	185	57	74	315	293
ZCCHC4	365	341	3896	154	44	71	215	287
ANAPC4	753	301	8625	254	47	108	411	396
SLC34A2	35	4	33	4	1	1	7	2
SEL1L3	470	341	4991	336	42	126	236	434
SMIM20	4399	1216	53701	959	187	379	3003	1602
RBPJ	12853	2963	153186	3215	812	1020	7965	6614
CCKAR	0	0	0	0	0	1	0	0
TBC1D19	81	821	1104	267	76	134	52	420
STIM2	884	889	11974	519	95	156	597	727
PCDH7	130	5795	1887	1941	467	1300	134	3440
ARAP2	21	102	92	29	7	19	20	35
DTHD1	1	39	1	1	0	0	0	11
NWD2	1	29	5	25	4	1	0	7
C4orf19	24	101	171	121	35	57	26	65
RELL1	289	460	3649	278	67	108	252	406
PGM2	1644	328	14786	319	66	145	971	534
TBC1D1	1527	872	14911	693	174	283	852	1151
PTTG2	17	2	240	0	0	0	12	1
KLF3	778	1085	12509	479	108	214	402	737
TLR10	0	1	4	0	0	0	1	0
TLR1	1	2	4	3	0	1	0	0
TLR6	3	3	13	2	1	1	1	0
FAM114A1	193	319	4643	252	46	93	135	234
TMEM156	0	6	1	1	0	1	0	2
KLHL5	345	974	4221	607	155	270	245	717
WDR19	278	569	4454	290	60	109	192	401
RFC1	4766	2445	54869	1793	371	652	2876	2659
KLB	51	7	182	7	4	6	20	17
RPL9	183572	42691	1700587	38776	6811	14929	128370	61988
LIAS	1717	335	18567	294	53	132	956	490
UGDH	2543	849	30495	570	109	261	1696	1162
SMIM14	4084	853	59620	949	268	352	2363	2207
UBE2K	7921	3213	97311	2894	518	928	4520	4359
PDS5A	2862	2904	29176	1966	448	711	1557	3029
N4BP2	2595	1973	25681	1151	261	485	1471	1967
RHOH	86	289	867	49	10	77	33	219
CHRNA9	21	22	214	17	6	4	22	30
RBM47	4838	708	51229	2138	647	488	2467	4505
NSUN7	586	696	6164	484	83	220	379	763
APBB2	714	1713	7903	1052	241	512	597	1955
UCHL1	29515	4964	423669	5182	664	1902	12643	7138
LIMCH1	585	125	2517	175	23	200	74	155
PHOX2B	0	0	2	0	0	1	0	0
TMEM33	3117	695	34497	629	105	270	1487	1176
DCAF4L1	27	1	216	6	0	1	9	2
SLC30A9	1777	1601	20389	1034	221	371	1097	1566
BEND4	727	59	6528	128	20	50	419	276
SHISA3	69	5	741	28	4	8	48	37
ATP8A1	160	463	1458	317	113	120	148	550
GRXCR1	0	0	10	3	0	0	0	0
KCTD8	39	163	627	200	34	95	56	318
YIPF7	2	29	25	8	0	7	0	15
GUF1	1476	525	16887	352	83	146	898	700
GNPDA2	189	323	1956	72	33	69	150	210
GABRG1	3	0	120	0	0	5	3	1
GABRA2	11	12	334	1	5	3	18	16
COX7B2	4	1	36	1	0	1	2	1
GABRA4	1	0	41	0	0	0	1	1
GABRB1	1	23	14	1	2	10	0	4
COMMD8	656	565	7670	55	57	112	479	376
ATP10D	31	175	949	10	19	53	38	70
CORIN	1	60	38	14	0	7	3	40
NFXL1	1190	558	11479	431	102	154	726	675
NIPAL1	561	43	4499	242	21	66	253	279
CNGA1	208	14	2398	91	7	22	81	151
TXK	3	11	46	20	1	10	2	39
TEC	160	98	1836	134	26	33	104	228
SLAIN2	910	941	10340	547	128	173	554	872
SLC10A4	25	17	265	6	6	7	25	25
ZAR1	23	1	60	0	0	0	6	7
FRYL	1210	2372	11772	1359	283	478	615	2354
OCIAD1	10646	3103	110009	2463	501	994	5572	3621
OCIAD2	8837	860	122026	1713	283	529	5308	2845
CWH43	1	1	7	0	0	0	0	1
DCUN1D4	569	743	6701	477	100	175	295	612
LRRC66	1	2	18	10	1	1	0	22
SGCB	1213	554	17867	467	80	173	665	665
SPATA18	85	53	1092	31	2	17	28	87
USP46	1951	1044	19114	663	145	247	1278	1237
ERVMER34-1	248	48	5395	65	15	30	218	247
RASL11B	1735	24	21450	14	1	5	921	55
SCFD2	218	689	2815	478	119	169	161	740
FIP1L1	2911	1452	35879	893	209	371	1708	1585
LNX1	294	69	4690	166	21	46	276	242
CHIC2	898	593	9991	388	98	141	599	739
GSX2	19	11	88	0	3	0	7	7
PDGFRA	288	73	7994	123	12	16	96	139
KIT	315	483	2501	188	56	67	230	361
KDR	2152	87	23722	418	57	86	643	881
SRD5A3	1502	671	14173	447	100	158	1143	813
TMEM165	6202	1766	61330	1867	305	601	3038	2376
CLOCK	987	1361	10655	817	210	296	718	1445
PDCL2	92	48	399	20	5	7	41	68
NMU	874	1836	30001	439	161	334	971	1458
EXOC1L	0	1	16	0	0	1	1	2
EXOC1	908	713	12115	440	93	139	519	656
CEP135	1005	831	11706	526	99	210	592	729
KIAA1211	165	3752	1292	1915	498	618	97	2653
AASDH	1089	704	14307	406	98	170	740	755
PPAT	3688	1299	53773	1141	240	462	2559	2378
PAICS	17977	3689	199016	3914	696	1428	10203	6705
SRP72	7671	2302	75746	1730	335	656	4170	2915
ARL9	24	65	194	16	6	9	18	63
THEGL	0	22	11	14	4	6	1	21
HOPX	6	10	52	6	5	8	2	8
SPINK2	111	7	737	52	7	4	91	28
REST	6358	1601	47834	1856	315	603	3291	2557
NOA1	2001	390	21706	401	76	146	1244	633
POLR2B	3439	1314	37667	1064	211	337	1919	1630
IGFBP7	342	486	1739	946	117	203	91	172
ADGRL3	377	10984	5609	3276	1007	1930	236	6067
TECRL	2	4	34	5	0	0	0	1
EPHA5	2	11	28	20	5	8	3	18
CENPC	1050	1138	12384	600	149	245	769	954
STAP1	0	6	0	1	1	1	0	5
UBA6	1647	1147	16858	791	188	308	952	1334
GNRHR	0	7	0	6	1	1	0	14
TMPRSS11D	0	26	1	19	0	6	0	40
TMPRSS11A	0	16	0	11	3	6	0	36
TMPRSS11F	1	2	3	1	0	1	0	5
TMPRSS11B	0	0	3	0	0	0	0	0
YTHDC1	992	1688	10862	1817	333	620	559	2391
TMPRSS11E	22	9	217	48	11	10	21	66
UGT2B17	0	0	1	0	0	1	0	1
UGT2B15	0	0	6	1	0	0	2	3
UGT2B10	0	0	0	0	0	0	0	0
UGT2A3	0	0	0	0	0	0	0	0
UGT2B7	0	12	3	9	0	1	1	5
UGT2B11	1	4	8	0	0	0	0	1
UGT2B28	0	0	0	0	0	0	0	0
UGT2B4	1	37	70	10	4	6	4	27
UGT2A1	5	1	18	0	0	5	3	0
UGT2A2	0	0	0	0	0	0	0	0
SULT1B1	0	0	0	0	0	1	0	1
SULT1E1	1	1	10	2	1	12	0	2
CSN1S1	1	0	10	0	0	0	0	0
CSN2	0	0	0	0	0	0	0	0
STATH	0	0	2	0	0	0	0	0
HTN3	10	0	118	0	0	0	1	0
HTN1	11	0	2056	0	0	0	2	1
PRR27	0	1	4	0	0	0	0	0
ODAM	1	1	12	0	2	3	1	1
FDCSP	0	0	0	0	0	0	0	0
CSN3	0	0	0	0	0	0	0	0
CABS1	0	3	0	0	0	0	0	0
SMR3A	0	0	0	0	0	0	0	0
SMR3B	0	1	0	0	0	0	0	0
OPRPN	0	0	0	0	0	1	0	0
MUC7	0	0	0	1	0	0	0	0
AMTN	0	0	0	0	0	0	0	0
AMBN	4	5	26	5	4	16	1	6
ENAM	0	1	0	0	0	0	0	1
JCHAIN	1	0	2	0	0	0	1	2
UTP3	2035	401	29633	454	61	146	926	671
RUFY3	1447	2292	14081	1120	255	503	1070	1975
GRSF1	6196	1122	69539	1230	229	457	2984	1903
MOB1B	555	1301	5999	700	239	388	332	1028
DCK	1551	331	16478	288	47	116	937	505
SLC4A4	22	178	442	75	33	70	31	177
GC	10	1	99	1	1	1	12	4
NPFFR2	129	32	1505	121	53	9	129	392
ADAMTS3	65	4125	974	874	412	712	63	1744
COX18	659	265	7672	174	42	67	397	331
ANKRD17	2869	3860	35565	2974	559	1025	1815	3986
ALB	3	4	20	5	0	1	1	2
AFP	216	106	3328	81	18	31	159	128
AFM	1	5	0	1	0	1	0	2
RASSF6	7	10	91	7	2	4	5	11
CXCL8	7	0	14	1	0	0	3	0
CXCL6	56	17	1364	19	0	7	43	18
PF4V1	42	1	461	5	0	4	15	11
CXCL1	76	1	721	4	0	0	19	8
PF4	418	7	12751	55	8	11	152	98
PPBP	52	3	1343	2	0	0	9	153
CXCL5	380	14	10179	52	5	22	254	215
CXCL3	240	22	5111	32	1	14	106	46
CXCL2	20	15	479	15	1	4	14	4
MTHFD2L	572	922	7074	430	106	193	338	548
EPGN	0	2	7	1	1	0	2	1
EREG	1	0	6	0	0	0	0	0
AREG	19	3	204	78	1	3	7	0
BTC	3	18	58	6	1	5	4	3
PARM1	235	171	1879	95	29	47	99	145
RCHY1	2418	442	27230	506	91	160	1293	710
THAP6	445	387	4936	185	29	99	276	261
ODAPH	5	0	113	3	0	5	2	4
CDKL2	109	56	3458	43	6	32	82	54
G3BP2	13812	2564	139678	2859	665	1027	6803	5564
USO1	10901	1368	105632	1674	441	613	5371	3606
PPEF2	1	10	7	0	0	0	0	4
NAAA	182	78	4120	83	9	12	82	139
SDAD1	3341	1081	40147	976	170	328	1769	1352
CXCL9	0	0	1	0	0	0	0	0
ART3	9	3	177	2	3	1	6	12
CXCL10	0	0	0	0	0	0	1	0
CXCL11	0	0	10	0	0	0	0	9
NUP54	4081	1453	39104	1507	257	450	2449	2356
SCARB2	923	831	14681	507	103	234	760	871
FAM47E	15	143	285	25	6	26	8	68
STBD1	5	43	140	68	8	31	7	83
CCDC158	0	1	25	4	2	0	1	1
SHROOM3	821	3925	8657	1224	356	771	568	3159
SOWAHB	19	3	263	4	2	0	1	5
SEPTIN11	5202	3792	54797	1894	531	847	2848	3580
CCNI	20301	9550	235021	6428	1212	2480	13986	9164
CCNG2	520	566	5797	419	79	197	376	588
CXCL13	0	37	21	131	4	16	2	19
CNOT6L	700	412	5673	317	76	95	333	504
MRPL1	3761	1194	41788	885	193	332	1491	1291
FRAS1	654	2419	7473	2987	683	797	556	3813
ANXA3	1441	122	20735	957	75	184	576	273
BMP2K	601	919	7765	720	164	234	340	1043
PAQR3	582	400	6195	308	60	117	348	477
NAA11	2	9	5	1	1	1	0	3
GK2	0	0	0	0	0	0	0	0
ANTXR2	41	602	647	161	41	89	57	311
PRDM8	0	1	12	1	0	0	3	1
FGF5	0	1	3	0	0	0	0	1
CFAP299	0	31	8	9	6	6	1	9
BMP3	0	3	4	3	0	0	4	5
PRKG2	43	33	571	45	11	15	39	88
RASGEF1B	126	173	1349	504	98	119	96	490
HNRNPD	25149	8600	326263	7278	1390	2906	15587	12112
HNRNPDL	30195	6852	322233	6433	1078	2072	15112	9415
ENOPH1	5992	825	76678	931	165	310	3292	1577
TMEM150C	114	186	1111	97	29	35	106	221
SCD5	88	1113	674	260	114	221	38	616
SEC31A	3468	2172	32900	1573	300	525	1715	2174
THAP9	333	335	3141	187	49	95	219	277
LIN54	263	494	3260	307	45	113	139	437
COPS4	2940	1063	34103	746	162	305	1751	1090
PLAC8	48	8	797	19	1	11	49	17
COQ2	1157	390	19126	352	54	129	813	470
HPSE	98	2	2472	16	2	4	69	13
HELQ	707	322	8757	234	41	62	365	288
MRPS18C	8322	1712	101969	1486	257	530	4662	2347
ABRAXAS1	1320	622	15696	408	95	187	1148	713
GPAT3	46	4	1423	4	0	2	19	4
NKX6-1	2	23	44	6	0	3	5	4
CDS1	651	187	8475	239	55	102	368	304
WDFY3	580	2178	7087	1642	381	557	392	2522
ARHGAP24	21	519	434	401	56	145	12	451
MAPK10	121	5619	1140	2027	475	1643	67	4908
PTPN13	701	2951	9412	1402	306	772	466	2132
SLC10A6	1	2	3	1	1	0	0	1
C4orf36	1	47	32	19	6	14	0	38
AFF1	1285	1070	14043	1932	438	551	834	3089
KLHL8	340	818	3075	337	95	174	242	566
HSD17B13	0	16	5	5	0	0	0	13
HSD17B11	687	526	5989	190	66	98	454	339
NUDT9	2253	648	25815	490	112	163	1057	765
SPARCL1	46	687	642	132	90	150	61	155
DSPP	0	0	2	0	0	0	1	0
DMP1	0	0	11	0	1	0	1	0
IBSP	0	1	1	1	0	0	1	0
MEPE	1	0	1	0	0	0	0	2
SPP1	46204	235	305116	345	44	238	6524	2975
PKD2	745	1838	8900	1182	254	486	525	1714
ABCG2	307	23	3209	151	6	19	116	127
PPM1K	558	360	9203	193	41	61	365	388
HERC6	114	13	2463	54	4	13	67	51
HERC5	1484	62	20486	177	12	53	442	420
PYURF	3621	1535	49673	1103	175	404	2078	1434
PIGY	0	0	0	0	0	0	0	0
HERC3	7	80	187	99	20	45	10	91
NAP1L5	104	106	1891	94	13	25	61	58
FAM13A	748	2171	11100	1039	292	442	551	1969
TIGD2	100	80	1017	40	9	17	62	61
GPRIN3	25	24	376	28	12	8	42	41
SNCA	541	1100	19432	387	95	233	542	786
MMRN1	29	1301	256	239	147	228	12	542
CCSER1	16	239	178	379	131	317	11	346
GRID2	2215	3898	37712	15343	4451	2803	1761	32030
ATOH1	11	18	372	8	3	7	14	22
SMARCAD1	2536	1574	23057	1105	214	421	1259	1692
HPGDS	0	5	1	7	2	2	0	15
PDLIM5	1065	2157	12863	1354	322	565	652	1635
BMPR1B	8	1231	162	171	142	208	16	627
UNC5C	2	5835	85	1769	633	976	13	2708
PDHA2	0	0	4	0	0	0	0	0
STPG2	14	437	187	191	70	111	8	412
RAP1GDS1	1119	1484	11531	1115	216	382	740	1702
TSPAN5	875	1098	10105	786	175	303	850	1636
EIF4E	3491	2319	39197	2031	326	681	1986	3038
METAP1	2796	772	29962	831	130	268	1653	1270
ADH5	18484	3829	197697	3908	705	1332	10604	5785
ADH4	1	23	27	15	5	3	2	17
ADH6	1	4	34	5	1	2	0	7
ADH1A	0	3	2	1	0	0	1	1
ADH1B	0	2	1	0	0	0	0	0
ADH1C	0	0	0	0	0	0	0	0
ADH7	0	0	0	0	0	0	0	0
C4orf17	0	0	1	0	0	0	0	0
TRMT10A	486	234	4378	109	18	59	235	206
MTTP	7	46	197	9	9	27	8	42
C4orf54	2	1	7	0	0	0	1	0
DAPP1	1	0	4	4	0	2	0	0
LAMTOR3	1544	763	19574	466	91	190	894	668
DNAJB14	2116	1399	22013	955	185	420	1228	1564
H2AFZ	98933	28229	1136484	20277	3058	7031	54154	29575
DDIT4L	95	21	942	29	6	47	81	55
EMCN	0	7	6	7	1	3	2	6
PPP3CA	1432	1946	19746	1724	310	632	1181	2689
BANK1	28	46	251	40	15	11	14	48
SLC39A8	745	359	15420	327	45	121	526	539
NFKB1	229	336	2626	219	52	60	135	205
MANBA	633	358	9033	622	132	152	341	723
UBE2D3	12613	4217	151371	3667	672	1367	7127	5558
CISD2	3466	1370	43143	1036	188	477	2169	1848
SLC9B1	30	173	213	80	20	35	14	85
SLC9B2	60	289	650	93	21	49	65	164
BDH2	1715	1086	21363	569	132	210	1084	954
CENPE	3359	2450	42008	1764	279	557	2140	2448
TACR3	8	115	129	85	6	8	12	65
CXXC4	47	457	978	177	47	145	36	239
TET2	43	692	723	389	73	175	58	453
PPA2	1596	1876	22483	1052	225	467	1247	1526
ARHGEF38	0	50	10	17	10	34	0	25
INTS12	518	644	6805	391	78	153	274	389
GSTCD	761	929	7973	833	159	290	461	1117
NPNT	83	24	821	42	2	18	45	43
TBCK	414	1653	3565	1161	236	417	259	1294
AIMP1	7354	1488	69608	1312	213	433	3911	1843
GIMD1	0	0	0	0	0	0	0	0
DKK2	0	18	43	21	4	8	0	14
PAPSS1	1888	1158	25274	634	150	262	1494	1055
SGMS2	8	20	72	48	5	16	5	20
CYP2U1	101	110	3374	88	5	33	121	68
HADH	2170	1052	22482	782	164	260	1642	986
LEF1	64	1201	279	532	77	125	58	473
RPL34	150006	32932	1423849	29092	5161	10377	86210	41143
OSTC	16094	4170	210593	3760	652	1363	10960	4911
ETNPPL	9	6	144	10	0	3	13	9
COL25A1	30	127	635	315	45	102	38	254
SEC24B	529	1055	5612	650	138	224	248	972
MCUB	1133	355	15346	277	85	143	460	454
CASP6	2426	717	24124	600	132	227	1574	1023
PLA2G12A	762	507	7981	708	125	256	510	1031
CFI	1	1	7	0	0	0	1	0
GAR1	3360	829	42896	855	150	265	2072	1112
RRH	8	13	28	10	2	3	7	19
LRIT3	1	0	18	1	0	0	0	1
EGF	34	168	416	96	20	43	27	170
ELOVL6	2531	2294	24159	1535	351	539	1611	2671
ENPEP	21	165	279	177	28	60	18	74
PITX2	635	633	847	128	81	46	238	638
FAM241A	34	9	672	46	1	21	24	20
AP1AR	960	467	12395	362	73	120	613	510
TIFA	49	131	437	57	18	19	37	57
ALPK1	1	48	34	22	9	11	5	23
NEUROG2	2	25	48	4	5	5	4	13
ZGRF1	1350	648	8916	469	121	178	703	922
LARP7	4177	1886	44486	1399	317	492	2411	2353
ANK2	527	2227	6704	4480	841	1146	424	7398
CAMK2D	753	1710	8907	907	241	279	483	1316
ARSJ	26	20	522	41	3	7	44	23
UGT8	773	137	7700	219	41	61	507	548
NDST4	7	553	28	69	11	22	1	319
MTRNR2L13	0	0	2	0	0	0	0	0
TRAM1L1	45	67	430	27	8	24	29	50
NDST3	5	41	145	62	16	26	22	38
PRSS12	121	37	1608	281	21	44	99	101
METTL14	1134	607	14244	364	82	146	652	587
SEC24D	735	549	9110	521	70	146	502	646
SYNPO2	27	17	611	118	11	21	50	87
MYOZ2	1	1	8	1	1	0	0	0
USP53	1043	406	10026	531	136	173	568	855
C4orf3	10579	2724	164478	3370	620	1283	7723	4124
FABP2	0	0	9	0	0	0	0	0
PDE5A	438	591	5776	579	110	168	403	788
MAD2L1	12629	2780	134063	1966	359	697	7246	3192
PRDM5	455	752	4825	688	195	240	339	1204
NDNF	6	77	66	31	10	13	13	42
TNIP3	0	2	10	2	0	1	1	1
QRFPR	18	18	156	10	0	0	7	7
ANXA5	13740	2999	165164	2691	523	1036	6246	2723
TMEM155	29	5	471	7	0	4	9	6
EXOSC9	3627	959	45993	811	131	285	2014	1165
CCNA2	6254	1431	75035	1129	190	395	3443	1799
BBS7	981	699	15207	451	93	165	698	598
TRPC3	0	35	44	6	1	5	4	13
KIAA1109	706	1318	9913	801	171	320	551	1248
ADAD1	0	2	2	0	0	0	0	0
IL2	0	0	0	0	0	0	0	0
IL21	0	0	0	0	0	0	0	0
BBS12	155	108	1855	48	13	14	79	78
FGF2	4472	712	54955	1503	220	378	2368	1889
NUDT6	263	238	3651	184	34	60	221	223
SPATA5	891	1798	9317	1461	305	525	443	2318
SPRY1	1882	533	19389	262	73	164	1457	715
ANKRD50	359	279	4745	332	64	116	304	389
FAT4	312	480	1263	160	65	71	66	273
INTU	861	1133	9192	477	138	236	549	898
SLC25A31	0	7	16	0	0	0	1	7
HSPA4L	277	446	2621	100	28	59	195	292
PLK4	740	460	8974	333	42	94	433	448
MFSD8	663	425	8368	334	64	126	365	452
ABHD18	474	555	5757	453	105	164	277	631
LARP1B	2354	856	27093	929	162	303	1194	1587
PGRMC2	2910	932	37286	956	165	361	2050	1223
JADE1	6965	602	98499	1410	249	494	3192	2586
SCLT1	702	2399	9760	1192	267	436	536	1525
C4orf33	307	158	3414	104	28	39	216	151
PCDH10	366	89	4388	616	23	58	288	347
PABPC4L	65	75	769	42	3	18	39	53
PCDH18	425	311	5753	191	37	97	300	318
SLC7A11	493	759	9698	556	42	216	237	581
NOCT	703	223	8176	379	63	111	318	541
ELF2	1907	2088	26258	1923	490	580	1097	3789
MGARP	90	9	1912	7	4	2	38	42
NDUFC1	9034	2399	87335	1734	359	651	4659	2699
NAA15	5586	1550	66352	1461	278	512	3088	2476
RAB33B	367	124	5498	144	41	42	286	195
SETD7	210	193	1404	159	27	41	94	174
MGST2	646	275	5849	334	43	86	378	467
MAML3	241	3418	1399	2186	434	690	160	3038
SCOC	4089	1845	46530	971	177	423	2239	1642
CLGN	65	533	1087	135	78	84	107	349
MGAT4D	0	1	0	1	0	0	0	3
ELMOD2	609	611	7035	339	80	138	448	625
UCP1	9	9	467	7	2	1	8	7
TBC1D9	25	519	323	262	73	130	18	252
RNF150	52	674	1115	222	89	134	45	555
ZNF330	2299	601	26957	407	76	163	1318	747
IL15	434	18	3289	44	10	14	97	78
INPP4B	3	246	126	316	38	105	7	280
USP38	417	203	4436	176	34	73	280	261
GAB1	311	1077	3304	682	207	275	192	1077
SMARCA5	11550	4149	120145	3494	679	1335	6898	5604
FREM3	5	13	33	12	2	4	0	13
GYPE	0	14	83	10	1	3	6	12
GYPB	2	2	16	2	0	1	45	11
GYPA	0	1	1	0	0	0	19	0
HHIP	135	583	2743	107	21	47	40	139
ANAPC10	2171	1152	22129	908	168	339	1113	1282
ABCE1	6270	1398	62363	1432	227	521	3491	2140
OTUD4	1680	413	16024	407	79	160	984	649
SMAD1	804	846	10083	541	114	174	566	671
MMAA	105	77	1333	59	6	13	67	89
C4orf51	108	61	130	224	126	24	55	777
ZNF827	1277	1293	13030	1338	270	371	847	2004
LSM6	10687	2455	101602	2236	409	650	5121	2647
REELD1	0	1	6	1	0	0	1	1
SLC10A7	57	340	659	146	41	71	27	239
POU4F2	0	0	7	1	0	0	1	0
TTC29	8	221	135	267	7	69	9	149
EDNRA	30	303	361	107	28	72	49	126
TMEM184C	521	462	7817	292	80	127	382	455
PRMT9	309	335	3909	198	42	63	224	253
ARHGAP10	664	729	4255	656	98	147	384	507
NR3C2	23	95	726	221	53	52	37	182
IQCM	4	60	40	65	17	12	2	112
DCLK2	7	764	227	125	115	118	12	274
LRBA	1425	3506	13692	2660	552	936	804	4362
MAB21L2	13	75	136	14	0	6	6	14
RPS3A	176269	72451	2373324	55473	11079	23389	136693	96370
SH3D19	666	2950	8423	1718	360	637	383	2697
PRSS48	0	118	31	66	16	25	0	85
FAM160A1	499	345	6279	792	182	296	167	1216
GATB	492	259	6980	165	32	83	281	349
FBXW7	1372	1606	12122	1675	240	429	736	1909
TMEM154	292	72	1233	170	12	27	84	136
TIGD4	83	152	1109	85	23	27	32	120
ARFIP1	1914	1367	19249	997	177	380	1029	1486
FHDC1	490	38	8102	130	20	35	243	215
TRIM2	912	1942	16561	977	293	482	544	1670
MND1	3414	1505	28172	807	201	359	1841	1458
TMEM131L	665	701	6841	482	123	208	379	1064
TLR2	12	7	281	11	0	0	9	16
RNF175	162	1744	3455	497	173	291	262	968
SFRP2	16288	5352	263901	3922	958	1708	13942	9254
DCHS2	1	28	106	19	6	5	2	34
PLRG1	2866	890	36398	774	134	266	1721	1053
FGB	20	29	203	13	6	5	8	31
FGA	7	8	105	5	0	1	10	6
FGG	10	7	125	5	0	2	5	8
LRAT	543	61	20365	189	52	45	538	407
RBM46	1465	8	4909	10	10	15	647	338
NPY2R	16	5	125	3	0	1	5	3
MAP9	1148	739	18355	346	105	195	604	572
GUCY1A1	2	240	48	151	15	60	0	115
GUCY1B1	427	376	991	174	67	107	121	329
ASIC5	0	1	0	0	1	0	0	0
TDO2	0	6	5	2	0	1	0	4
CTSO	4	60	15	33	7	13	0	29
PDGFC	129	1097	925	271	129	329	58	641
GLRB	3	153	128	24	11	23	7	62
GRIA2	2	18	45	4	0	14	1	26
GASK1B	7	57	83	21	5	7	4	19
TMEM144	104	59	1731	72	10	22	130	96
RXFP1	3	7	44	1	0	1	0	4
C4orf46	884	282	8953	271	60	122	462	417
ETFDH	321	325	4316	168	37	67	195	259
PPID	4436	1322	58754	1162	206	402	2660	1960
FNIP2	494	494	6452	305	72	138	316	495
C4orf45	1	42	4	26	8	25	0	38
RAPGEF2	715	1561	8404	1092	260	401	449	1969
FSTL5	6	65	98	48	7	33	5	112
NAF1	1453	690	15968	556	81	185	824	851
NPY1R	95	20	8408	177	6	21	134	84
NPY5R	9	3	1383	27	0	2	7	11
TKTL2	5	0	21	0	0	0	0	0
TMA16	4133	1285	47942	913	164	364	2440	1558
MARCH1	67	289	468	334	113	75	28	459
SMIM31	3	1	4	4	0	2	1	5
APELA	1157	71	30108	296	19	114	1244	363
TRIM61	103	66	5888	7	25	45	5	7
FAM218A	61	48	1130	36	7	14	17	4
TRIM60	14	1	112	1	0	0	4	1
TRIM75P	1	0	0	0	0	0	0	0
TMEM192	949	342	11237	285	32	83	614	383
KLHL2	206	276	3746	211	50	106	154	326
GK3P	0	0	6	0	0	0	0	0
MSMO1	6209	2563	49988	2194	391	645	3730	2652
CPE	248	1797	4102	904	177	410	349	1926
TLL1	3	76	55	32	1	39	3	52
SPOCK3	25	148	69	35	13	14	3	154
ANXA10	0	0	7	2	0	0	0	0
DDX60	36	124	353	39	8	14	53	59
DDX60L	18	52	200	20	10	5	9	16
PALLD	290	3369	3213	1763	352	874	248	1565
CBR4	2002	1665	23471	934	205	429	1203	1701
SH3RF1	411	1283	3869	709	184	287	268	1061
NEK1	558	1137	7892	640	147	296	413	975
CLCN3	1225	1082	16590	655	179	276	793	1131
HPF1	2862	2222	29865	1179	278	525	2937	1854
MFAP3L	441	130	1781	121	33	21	112	213
AADAT	403	436	2301	179	41	77	139	324
GALNTL6	3	538	50	400	130	473	1	345
GALNT7	2817	1745	26836	1375	296	484	2395	2751
HMGB2	16597	10395	209273	5339	1030	2271	13789	9185
SAP30	3493	974	46289	706	139	270	2316	1163
SCRG1	58	86	498	32	6	24	47	48
HAND2	4	2	78	4	0	1	3	1
FBXO8	434	198	4876	107	24	43	224	183
CEP44	781	628	8624	369	77	145	567	604
HPGD	4061	229	15150	827	147	62	1316	283
GLRA3	24	6	121	13	3	2	8	10
ADAM29	2	6	13	3	2	0	2	5
GPM6A	32	2846	498	720	310	497	38	1483
WDR17	11	662	348	138	49	97	23	315
SPATA4	7	8	71	5	2	1	0	1
ASB5	1	2	1	3	0	2	3	13
SPCS3	3862	1577	47479	1193	209	494	2535	2079
VEGFC	19	386	173	51	21	26	19	155
NEIL3	295	477	2776	196	65	90	90	332
AGA	295	119	3553	93	12	43	201	149
TENM3	1234	11303	10250	4034	1307	2000	532	8385
DCTD	1457	725	18526	387	72	167	866	630
WWC2	1346	1344	29488	1662	272	508	1230	2474
CLDN22	1	1	5	0	1	1	0	1
CLDN24	0	0	0	0	0	0	0	0
CDKN2AIP	1017	414	8811	330	65	122	630	449
ING2	2305	784	25425	617	111	230	1499	845
RWDD4	1583	754	16795	547	106	186	969	819
TRAPPC11	1042	731	10599	429	93	168	614	674
STOX2	528	1384	3439	908	314	353	499	1566
ENPP6	1	10	89	14	1	2	5	8
IRF2	801	320	7730	197	48	86	432	408
CASP3	10284	856	65433	1065	414	302	4426	2702
PRIMPOL	221	450	1899	181	41	94	133	385
CENPU	4277	2002	29649	1150	159	464	2864	1955
ACSL1	112	32	1764	26	9	15	48	40
HELT	10	0	107	0	0	0	3	0
SLC25A4	7355	793	140911	1284	225	419	4301	2209
CFAP97	2559	1362	21358	420	191	295	1768	1190
SNX25	227	1067	3521	644	167	235	142	1107
LRP2BP	30	77	297	41	22	28	15	117
ANKRD37	412	114	7014	86	53	76	804	274
UFSP2	1423	597	19494	491	98	180	901	632
C4orf47	109	318	1463	271	59	166	224	275
CCDC110	36	17	978	18	6	9	34	13
PDLIM3	87	93	1794	76	11	30	49	78
SORBS2	760	969	6529	749	226	214	1094	1912
TLR3	61	3	231	13	2	5	21	11
FAM149A	157	65	1479	92	18	23	73	128
CYP4V2	31	113	268	71	14	5	15	87
KLKB1	1266	38	11454	553	43	40	478	772
F11	17	8	244	12	0	1	11	13
MTNR1A	0	8	4	2	6	4	0	7
FAT1	1290	1954	17835	1195	292	562	1313	1729
ZFP42	5243	91	57461	791	123	266	3313	610
TRIML2	4816	47	33752	342	122	73	1675	993
TRIML1	1	0	7	2	0	0	0	0
FRG1	1778	997	23153	723	137	277	990	1165
FRG2	0	0	0	0	0	0	0	0
DUX4	1	0	22	1	0	0	0	0
PLEKHG4B	661	553	8454	574	134	271	437	738
LRRC14B	2	1	14	0	0	0	0	1
CCDC127	1196	433	13634	325	67	139	676	526
SDHA	2208	834	26028	503	124	221	1367	935
PDCD6	330	1759	4100	1656	317	554	193	2498
AHRR	34	34	164	56	8	6	10	90
EXOC3	640	311	7966	210	47	70	357	286
SLC9A3	266	12	2852	1	1	2	168	15
CEP72	256	204	2717	131	28	42	170	235
TPPP	30	11	474	8	1	3	9	15
ZDHHC11B	21	16	246	12	3	8	7	13
AC026740.3	6	1	109	0	1	0	0	1
ZDHHC11	70	81	1450	98	14	31	38	78
BRD9	1860	642	18537	417	90	169	1025	737
TRIP13	1991	271	20423	303	45	90	950	466
NKD2	2	76	15	40	9	23	0	80
SLC12A7	3	171	85	99	27	39	8	169
SLC6A19	0	0	0	1	0	0	0	3
SLC6A18	0	0	0	2	0	0	0	1
TERT	368	57	3763	71	12	29	158	122
CLPTM1L	3144	702	38095	620	106	220	1796	997
SLC6A3	1	3	10	4	1	2	0	15
LPCAT1	272	390	2552	433	80	169	155	804
MRPL36	6629	1201	74092	1169	184	356	3589	1625
NDUFS6	25281	5967	310001	4849	872	1581	13633	7835
IRX4	636	11	728	8	13	3	130	95
IRX2	137	1688	17357	1307	276	521	2711	2094
C5orf38	24	332	2229	284	61	100	338	384
IRX1	33	555	758	239	60	167	182	419
ADAMTS16	981	121	9841	432	92	106	198	919
ICE1	2623	1015	37439	938	168	340	1387	1375
MED10	3244	806	45339	703	112	223	1747	1034
UBE2QL1	12	46	898	24	8	4	18	49
NSUN2	1988	340	21507	458	49	138	898	620
SRD5A1	668	272	9781	297	56	98	438	471
TENT4A	419	602	5319	423	99	146	270	702
ADCY2	812	1931	7790	2939	723	759	231	3651
C5orf49	17	103	332	30	12	34	17	37
MTRR	619	250	7607	208	42	78	326	272
FASTKD3	446	94	4745	73	13	31	196	122
SEMA5A	145	1073	1171	671	222	448	127	785
TAS2R1	0	0	0	0	0	0	1	1
ATPSCKMT	452	430	4957	195	68	107	207	346
CCT5	29449	5445	329001	5324	918	1810	15715	8797
CMBL	906	929	8809	325	83	132	372	666
MARCH6	1643	2334	16172	1146	310	543	1174	1990
ROPN1L	19	29	270	5	1	7	9	23
ANKRD33B	510	44	3253	130	6	36	133	111
DAP	465	988	8607	566	117	200	358	662
CTNND2	98	3140	1757	1104	355	611	140	1979
DNAH5	21	27	256	24	7	9	15	41
TRIO	704	2581	7304	1927	409	592	382	3306
OTULINL	422	141	4895	111	17	40	209	179
OTULIN	769	392	8545	223	51	100	357	345
ANKH	308	162	2645	202	50	43	174	240
FBXL7	245	5077	3344	2252	601	994	137	4727
MARCH11	19	21	349	42	5	11	9	47
ZNF622	2367	367	31024	471	57	127	1156	670
RETREG1	270	60	3639	75	19	32	118	121
MYO10	6576	1310	85999	1835	315	639	3559	2857
BASP1	7910	3699	75885	3164	634	1288	6082	4031
LINC02218	0	1	0	0	0	0	0	0
AC106774.4	0	0	1	0	0	5	0	0
TAF11L2	0	0	0	0	0	0	0	0
TAF11L3	0	0	0	0	0	0	0	0
TAF11L4	0	0	0	0	0	0	0	0
TAF11L5	0	0	0	0	0	0	0	0
TAF11L6	0	0	0	0	0	0	0	0
TAF11L7	0	0	0	0	0	0	0	0
TAF11L8	0	0	0	0	0	0	0	0
TAF11L9	0	0	0	0	0	0	0	0
TAF11L10	0	0	0	0	0	0	0	0
TAF11L11	14	0	4	0	0	0	0	0
TAF11L12	10	0	3	0	0	0	0	0
TAF11L13	1	0	1	0	0	0	0	0
TAF11L14	0	0	0	0	0	0	0	0
H3.Y	772	2	395	1	0	33	1	0
CDH18	6	1565	77	764	65	217	6	564
CDH12	6	171	52	43	23	41	2	73
PRDM9	4	2	40	1	0	0	1	1
CDH10	3	629	68	217	76	124	5	347
CDH9	7	45	63	53	5	29	12	42
CDH6	173	4887	1695	1671	205	558	306	1826
DROSHA	1098	649	14779	510	88	166	740	800
C5orf22	621	397	6371	274	68	105	343	394
PDZD2	324	255	4172	458	151	139	127	1486
GOLPH3	2392	1115	26954	1084	228	351	1389	1566
MTMR12	926	481	10197	400	99	149	536	738
ZFR	3112	2835	39953	1683	362	710	2215	2665
SUB1	35107	6264	398654	7568	1175	2331	18664	8330
NPR3	29	31	321	16	8	25	29	16
TARS	10435	1384	131037	2013	297	639	4637	2994
ADAMTS12	344	1084	2725	454	140	183	179	796
RXFP3	0	0	0	0	0	0	0	0
SLC45A2	1	8	36	1	2	1	0	10
AMACR	41	156	443	94	21	39	30	169
C1QTNF3	18	70	238	37	11	14	30	78
RAI14	1508	1674	28983	1154	223	410	1081	2039
TTC23L	8	208	253	46	14	40	10	103
RAD1	2359	493	25908	429	93	182	1426	703
BRIX1	7779	1200	97673	1215	225	386	4346	1969
DNAJC21	4725	1667	53920	1202	266	484	2381	2104
AGXT2	1	1	6	2	0	1	1	3
PRLR	79	53	297	194	20	49	59	144
SPEF2	37	310	193	97	35	69	36	145
IL7R	0	5	9	0	0	0	0	3
CAPSL	3	19	65	0	1	2	2	2
UGT3A1	49	12	1180	41	3	12	65	53
UGT3A2	784	64	15156	144	17	43	452	216
LMBRD2	149	163	1959	95	18	34	89	151
SKP2	1555	695	23257	495	93	200	1234	743
NADK2	345	404	4690	167	72	110	234	323
RANBP3L	0	18	1	10	3	4	0	19
SLC1A3	680	995	3265	414	248	189	515	1981
NIPBL	2879	3652	36709	2201	479	897	1865	3343
CPLANE1	311	1066	4312	516	144	220	190	596
NUP155	2022	704	18369	585	101	207	1243	856
WDR70	1204	1817	14962	1160	231	469	779	1873
GDNF	63	43	185	25	3	3	11	14
EGFLAM	16	112	320	95	19	10	5	134
LIFR	218	375	3960	254	62	128	174	378
OSMR	19	19	261	21	1	7	11	18
RICTOR	796	942	6591	671	170	244	496	1119
FYB1	1	4	4	7	2	0	0	2
C9	0	1	1	0	0	0	1	0
DAB2	99	260	1048	45	11	39	72	97
TTC33	295	436	4425	185	53	79	247	352
PTGER4	10	4	199	5	1	0	5	1
PRKAA1	510	447	5727	313	63	92	345	423
RPL37	168239	26693	1576176	27141	4706	10585	98940	39523
CARD6	4	4	119	3	0	0	3	9
C7	8	7	151	5	0	2	3	3
MROH2B	0	0	0	1	0	0	0	1
C6	0	3	0	0	0	0	0	0
PLCXD3	4	45	105	46	2	20	11	32
OXCT1	746	828	10494	418	79	189	641	660
C5orf51	768	413	9735	335	50	131	471	452
FBXO4	37	175	581	80	8	31	40	79
GHR	15	210	78	126	39	51	3	199
CCDC152	488	613	20476	318	12	144	632	935
SELENOP	505	575	6489	492	105	162	1012	605
ANXA2R	39	62	21	38	7	1	22	64
ZNF131	2231	1551	19835	1008	208	378	1364	1638
NIM1K	0	21	17	11	5	2	1	15
HMGCS1	3399	4473	32583	2006	520	800	2060	3057
CCL28	499	17	5397	59	9	10	193	143
TMEM267	443	538	3754	290	68	116	306	410
C5orf34	314	299	5701	156	27	73	239	213
PAIP1	2096	1645	29733	1471	237	562	1367	2062
NNT	376	583	6404	270	64	112	190	434
FGF10	7	61	140	50	3	7	1	26
MRPS30	4297	781	53035	681	128	257	2224	1169
HCN1	35	43	236	122	25	27	31	114
EMB	1043	410	12905	364	75	132	805	675
PARP8	264	1112	3254	867	151	329	186	1064
ISL1	57	81	809	152	13	51	40	52
ITGA1	52	46	626	48	14	18	42	37
PELO	1479	268	18038	346	35	109	712	376
ITGA2	207	241	3604	191	52	61	208	193
MOCS2	1489	547	20100	430	76	157	922	632
FST	1324	1036	24699	2229	110	961	1947	1239
NDUFS4	6300	3054	86302	2017	331	719	3807	2964
ARL15	316	2698	3150	2459	461	804	215	3390
HSPB3	0	0	0	0	0	0	0	1
SNX18	640	196	7210	244	40	101	317	354
ESM1	7	8	67	4	1	0	1	9
GZMK	1	9	28	1	0	0	1	2
GZMA	2	1	9	0	0	0	0	0
CDC20B	12	23	46	9	0	2	3	8
GPX8	1393	1133	25030	738	105	280	1620	1006
MCIDAS	3	0	21	0	0	0	2	0
CCNO	25	14	317	1	1	1	21	6
DHX29	4651	1022	47852	1073	163	302	2191	1324
MTREX	2059	1490	22385	1158	252	368	1430	1530
PLPP1	3778	1065	45739	2349	527	593	1564	4110
SLC38A9	667	600	8665	501	117	183	364	821
DDX4	9	1	105	3	0	1	2	3
IL31RA	0	4	6	2	0	0	1	2
IL6ST	258	296	2128	241	40	68	112	182
ANKRD55	1	6	11	4	1	1	0	12
C5orf67	0	4	0	0	0	0	0	2
MAP3K1	722	353	5960	352	53	102	426	483
SETD9	521	208	1842	114	33	55	93	182
MIER3	487	337	4725	271	55	78	324	371
GPBP1	5940	3158	56965	2384	496	925	3482	3442
ACTBL2	0	0	0	0	0	0	0	0
PLK2	540	325	9826	168	42	115	189	284
GAPT	0	0	0	0	0	0	0	0
RAB3C	92	293	1127	167	66	89	233	243
PDE4D	96	1470	436	1490	208	420	53	1596
DEPDC1B	2077	1635	22778	977	183	319	1206	1502
ELOVL7	137	30	2439	156	30	39	76	247
ERCC8	507	1237	5602	698	126	284	367	1167
NDUFAF2	2386	1677	28827	1353	236	467	1381	1806
SMIM15	3204	761	31764	712	132	237	1704	1040
ZSWIM6	412	4854	3105	1953	569	904	360	3796
KIF2A	3573	2732	40874	2083	428	749	2148	2951
DIMT1	2653	707	33747	590	108	206	1562	802
IPO11	839	510	10260	475	92	150	444	735
LRRC70	4	0	12	1	0	0	0	0
HTR1A	1	0	19	0	0	0	0	0
RNF180	82	304	758	275	74	105	64	321
RGS7BP	22	41	310	38	11	9	34	40
SHISAL2B	550	190	5377	360	51	90	540	466
SREK1IP1	3211	1417	33048	779	213	435	2069	1972
CWC27	3620	2171	46801	1703	291	580	2701	2783
ADAMTS6	135	1759	1651	1086	266	426	161	1159
CENPK	3096	2225	41149	1255	279	534	2015	2696
PPWD1	1218	755	15796	556	102	200	743	727
TRIM23	678	299	7732	246	38	91	417	306
SHLD3	189	60	2506	48	10	14	119	59
TRAPPC13	796	424	7803	258	48	113	440	419
SGTB	666	264	7656	246	32	65	341	300
NLN	3635	877	39086	1413	248	490	2439	2057
ERBIN	974	2183	12319	1447	312	514	625	2268
SREK1	3523	1997	42784	1210	245	495	2148	1882
MAST4	171	537	2086	453	77	148	99	597
CD180	0	0	0	0	0	0	0	0
PIK3R1	330	1279	3584	762	132	267	207	743
SLC30A5	1875	642	19677	502	108	154	961	710
CCNB1	14373	3633	179602	2697	469	982	6699	4184
CENPH	6764	2425	70897	1438	319	635	4386	2692
MRPS36	4454	1119	55335	1055	211	380	2673	1776
CDK7	1287	456	18198	457	98	136	692	667
CCDC125	79	113	889	15	48	84	66	159
AK6	163	873	2284	825	137	302	63	1265
TAF9	5	1255	121	1157	198	459	3	2126
RAD17	523	630	5887	464	82	201	305	756
MARVELD2	243	95	3460	226	38	74	132	324
OCLN	199	225	1520	412	111	153	95	589
GTF2H2C	171	169	2067	169	25	47	86	237
SERF1B	0	9	1	5	0	6	0	9
SMN2	0	45	12	37	1	19	0	65
SERF1A	0	36	1	24	8	12	0	39
SMN1	189	146	3100	104	26	32	119	150
NAIP	1	91	5	49	9	40	0	85
GTF2H2	441	288	2813	271	58	83	254	520
BDP1	1099	1498	12649	1066	257	450	613	1657
MCCC2	1859	519	24345	528	82	170	1091	844
CARTPT	0	0	6	0	0	0	0	0
MAP1B	8459	15491	114030	5311	1563	2869	4288	10030
MRPS27	2714	1264	28866	816	166	359	1840	1444
PTCD2	496	199	4619	142	26	57	271	237
ZNF366	1	11	2	1	0	3	0	5
TNPO1	4738	3161	53494	2248	408	797	2856	3009
FCHO2	342	717	2462	337	83	112	155	631
TMEM171	46	3	377	6	2	2	19	20
TMEM174	0	0	0	0	0	0	0	0
FOXD1	435	119	475	9	17	4	38	199
BTF3	70767	14344	785746	14280	2390	4941	39309	24006
ANKRA2	627	267	6975	151	44	64	287	267
UTP15	1176	220	13718	247	29	86	574	338
ARHGEF28	14	39	110	39	5	4	12	37
ENC1	283	385	1977	405	41	208	153	408
HEXB	2565	410	41161	457	87	147	1445	720
GFM2	995	393	10333	250	62	116	478	489
NSA2	9920	3291	141196	2967	397	1117	6969	5324
FAM169A	1131	976	14918	1108	220	290	659	2115
GCNT4	10	47	207	40	3	9	7	18
ANKRD31	5	28	168	16	2	11	13	25
HMGCR	3405	1888	25350	1315	294	517	1854	1827
CERT1	3715	1298	40917	1051	224	350	2102	1977
POLK	566	668	6815	301	83	161	369	526
ANKDD1B	59	22	176	28	4	4	17	56
POC5	532	402	7036	258	35	91	277	375
SV2C	11	204	72	91	30	26	6	77
IQGAP2	2795	1150	42518	1092	276	441	2169	2444
F2RL2	1	6	23	3	0	3	4	13
F2R	645	452	6477	203	60	110	423	452
F2RL1	1210	48	9755	236	52	45	500	277
S100Z	1	12	53	84	0	0	2	18
CRHBP	1	2	68	6	0	0	2	8
AGGF1	230	822	4002	494	123	234	259	791
ZBED3	267	263	4742	180	31	83	234	214
PDE8B	4	206	90	88	16	38	8	111
WDR41	1034	903	13743	596	119	206	893	718
OTP	0	0	12	0	0	0	1	0
TBCA	26429	5307	264412	6255	1025	1853	12187	7352
AP3B1	1827	2338	17234	1516	351	551	1050	2384
SCAMP1	1727	1006	16929	539	122	257	1134	1038
LHFPL2	361	534	3774	446	115	174	271	832
ARSB	174	465	3236	235	56	96	115	428
DMGDH	16	136	184	50	16	19	14	119
BHMT2	70	5	204	2	1	5	11	6
BHMT	38	20	600	4	0	7	4	16
JMY	1127	237	12499	323	63	103	628	521
HOMER1	1673	1118	22571	1205	202	351	1108	1622
TENT2	760	1250	10560	870	184	360	470	1353
CMYA5	143	72	1431	83	14	26	87	106
MTX3	718	401	8395	255	60	139	547	482
THBS4	92	338	2277	165	30	74	88	253
SERINC5	4144	1063	38602	2057	336	527	1747	3067
SPZ1	2	0	6	0	0	0	0	0
ZFYVE16	939	1638	9672	737	201	356	690	998
FAM151B	15	164	175	46	20	33	15	83
ANKRD34B	38	5	405	12	1	9	24	11
DHFR	682	1663	7424	1093	169	445	421	1407
MSH3	1182	1180	13935	765	174	277	769	1294
RASGRF2	346	65	6008	274	57	64	141	358
CKMT2	25	60	427	77	11	36	33	64
ZCCHC9	2264	908	28471	576	91	213	1188	898
ACOT12	0	10	10	11	0	2	2	8
SSBP2	987	6363	13711	2581	675	1393	823	4760
ATG10	1210	807	11629	1050	140	287	889	1910
RPS23	271229	68409	3076498	60946	10868	22793	162205	99980
ATP6AP1L	75	174	937	63	25	50	85	149
TMEM167A	12757	2211	123347	2492	347	855	6106	4035
XRCC4	1304	910	14407	672	154	231	775	1204
VCAN	13338	3977	201178	5259	672	1368	7394	7046
HAPLN1	474	655	608	1044	176	359	714	415
EDIL3	1552	605	12574	856	194	261	838	1244
COX7C	75656	11428	900963	11482	1959	4114	40557	18512
RASA1	526	1430	6533	890	171	317	465	1413
CCNH	1610	1462	28684	808	195	298	868	1174
TMEM161B	667	475	7858	318	54	124	328	594
MEF2C	8	87	128	42	24	29	21	75
CETN3	2488	755	28754	466	110	176	1532	804
MBLAC2	153	104	1883	64	21	22	115	110
POLR3G	6835	459	63309	1765	371	511	5672	3401
LYSMD3	489	319	5484	244	41	69	224	285
ADGRV1	988	8084	16483	2587	958	1876	1046	6345
ARRDC3	411	1086	2095	296	75	254	396	442
NR2F1	155	5260	2004	1861	718	1196	108	2468
FAM172A	426	1886	5076	1180	282	491	342	1891
POU5F2	51	40	516	25	7	7	31	27
KIAA0825	202	492	2716	5016	749	1422	93	8418
SLF1	1364	1274	15741	777	161	303	1027	1236
MCTP1	108	143	1468	294	107	68	94	644
FAM81B	3	39	43	11	2	8	2	12
TTC37	2191	1399	26066	962	207	364	1379	1550
ARSK	662	381	13393	227	43	85	630	439
GPR150	4	3	72	2	1	0	5	2
RFESD	186	98	2299	51	20	21	216	104
SPATA9	1	10	7	3	3	5	1	3
RHOBTB3	96	1499	1323	597	147	256	297	938
GLRX	668	321	9604	285	49	99	515	414
ELL2	230	346	4076	586	58	142	207	403
PCSK1	101	295	426	29	14	10	85	121
CAST	832	1589	12669	897	176	467	676	945
ERAP1	48	146	656	76	26	33	52	76
ERAP2	4	1	21	2	0	0	2	6
LNPEP	294	495	3590	199	52	83	133	355
LIX1	82	2392	761	522	88	293	44	1192
RIOK2	2420	549	24883	522	78	173	1243	652
RGMB	703	532	7787	324	57	133	306	481
CHD1	3355	2323	34652	1538	319	614	2097	2317
FAM174A	554	151	7366	138	21	37	279	168
ST8SIA4	40	548	123	86	25	30	8	349
SLCO4C1	296	46	1578	182	39	37	125	207
SLCO6A1	5	163	52	288	90	20	9	175
PAM	287	3858	4099	1965	464	938	221	2476
GIN1	393	204	4150	138	20	54	212	194
PPIP5K2	1997	1101	17135	575	151	277	751	1355
C5orf30	592	275	6835	223	58	108	439	328
NUDT12	511	302	5546	194	32	94	213	255
EFNA5	563	8719	5009	4338	884	2098	595	5373
FBXL17	128	1986	1691	1262	306	494	113	1694
FER	467	2505	6447	1470	365	587	293	2392
PJA2	1763	2128	22993	1011	196	475	1170	1255
MAN2A1	2000	1704	23596	1233	261	447	1560	2283
TMEM232	42	514	503	316	70	151	42	1039
SLC25A46	899	421	12106	325	45	114	395	371
TSLP	71	1	1145	24	2	4	31	6
WDR36	1909	641	18666	479	90	185	1070	817
CAMK4	89	282	1732	113	30	50	90	233
STARD4	643	419	6887	321	67	134	453	476
NREP	4048	2623	51100	2020	415	977	3632	3028
EPB41L4A	75	926	768	336	141	204	42	723
APC	1314	1572	13437	901	237	359	730	1374
SRP19	6180	1852	82814	1893	318	657	3146	2657
REEP5	4637	993	72602	1123	167	347	2416	1404
DCP2	4622	1574	62471	1565	276	641	2918	2754
MCC	700	1536	4180	1481	243	386	439	1751
TSSK1B	1	0	5	2	0	0	0	0
YTHDC2	831	1118	10685	617	108	228	389	1020
KCNN2	566	279	9622	633	77	136	418	673
TRIM36	128	287	1233	182	44	74	139	289
PGGT1B	1139	552	10721	326	77	134	680	607
CCDC112	1767	861	20998	611	110	257	1321	944
FEM1C	281	202	2957	191	30	64	178	320
TICAM2	1	70	2	24	7	17	0	64
TMED7	1624	702	22484	535	111	218	932	838
CDO1	288	819	7642	201	71	133	368	568
ATG12	3271	1106	38790	956	162	301	2187	1531
AP3S1	3821	2174	44430	1160	282	557	2410	2167
LVRN	3	13	27	2	0	2	2	8
ARL14EPL	0	2	1	0	0	0	0	3
COMMD10	2756	2523	30668	2099	351	734	1595	3208
SEMA6A	19764	2749	184630	7371	1388	1990	11320	13228
DTWD2	719	431	8603	641	66	159	317	803
DMXL1	1283	950	14464	968	167	314	540	1356
TNFAIP8	1338	556	12420	625	137	232	946	997
HSD17B4	5875	1525	101592	1914	369	687	4595	3523
FAM170A	0	0	1	0	0	0	0	0
PRR16	23	215	538	89	16	13	14	160
FTMT	1	0	0	0	0	0	0	0
SRFBP1	2750	1060	29238	874	156	287	1743	1317
LOX	12	15	378	3	1	7	52	17
ZNF474	4	2	23	0	0	2	1	2
AC010255.3	0	3	1	2	1	0	0	2
SNCAIP	110	367	2047	138	68	59	53	252
SNX2	5915	1982	73973	1675	291	592	3654	2224
SNX24	535	953	6824	549	112	269	404	638
PPIC	1330	174	23971	389	64	94	1029	314
PRDM6	3	23	54	11	1	3	3	14
CEP120	280	414	3983	245	58	105	172	388
CSNK1G3	1346	1074	15288	726	128	323	789	1168
ZNF608	994	3012	9498	1851	311	717	764	2322
GRAMD2B	270	147	3474	177	45	86	202	228
ALDH7A1	5901	2575	79820	1853	465	820	3629	3552
PHAX	6191	1186	75235	1272	190	413	2963	1899
TEX43	0	1	9	1	0	0	0	13
LMNB1	5752	2843	70088	1838	378	777	3791	4047
MARCH3	645	209	8349	456	83	103	423	762
C5orf63	333	174	2558	23	23	34	100	178
MEGF10	64	276	4853	231	46	71	121	486
PRRC1	1202	447	17586	413	78	94	702	727
CTXN3	0	2	11	0	0	1	0	0
CCDC192	18	64	251	51	28	7	5	88
SLC12A2	514	589	7926	360	110	159	413	493
FBN2	123	4771	810	1033	292	422	150	2717
SLC27A6	8	348	440	141	15	54	17	125
ISOC1	848	643	9355	322	63	93	911	482
ADAMTS19	922	1922	4819	2641	489	661	903	2230
MINAR2	3	16	21	22	6	4	4	32
CHSY3	10	209	176	180	23	38	9	187
HINT1	65127	15492	737000	13300	2577	4519	35006	19132
LYRM7	1121	368	12127	217	40	98	798	379
CDC42SE2	1174	1630	14012	875	214	358	824	1363
RAPGEF6	305	1522	3746	996	207	388	163	1493
FNIP1	1423	1488	17202	1160	239	347	660	1585
MEIKIN	0	8	2	0	0	2	0	16
ACSL6	11	14	191	4	1	1	7	10
IL3	0	0	0	0	0	0	0	0
CSF2	0	0	1	0	0	0	0	0
P4HA2	483	194	12265	210	49	85	435	347
PDLIM4	565	405	9286	248	68	105	327	342
SLC22A4	4	23	72	13	8	7	3	22
SLC22A5	58	85	818	58	14	24	42	45
IRF1	160	25	2582	52	3	23	116	67
IL5	2	3	4	2	0	1	0	1
RAD50	295	1373	4941	1231	240	491	170	2005
IL13	0	0	1	0	0	0	0	2
IL4	0	0	0	0	1	0	0	0
KIF3A	1389	864	24478	452	97	190	766	718
CCNI2	17	0	338	5	1	0	6	1
SEPTIN8	304	156	5267	136	25	45	153	174
SOWAHA	3	0	58	13	0	1	3	1
SHROOM1	102	19	1420	39	2	7	82	44
GDF9	2	4	23	0	0	3	1	4
UQCRQ	10781	2352	139774	1716	338	654	5480	2630
LEAP2	200	39	1128	44	6	13	90	72
AFF4	1785	1663	21263	1368	243	407	967	1694
ZCCHC10	2847	827	27668	691	142	244	1315	943
HSPA4	16052	2605	180739	3084	522	1115	8248	5180
FSTL4	50	40	781	208	36	55	25	353
C5orf15	1385	784	22520	442	93	234	907	791
VDAC1	21083	4111	210112	4177	812	1297	11032	6502
TCF7	901	163	5922	269	41	69	377	373
SKP1	31094	7373	312874	6472	1080	2137	14843	8901
PPP2CA	5949	2146	72187	1818	332	635	3241	2623
CDKL3	103	482	1646	242	42	119	110	399
UBE2B	3739	1750	45392	1387	249	462	1825	1702
CDKN2AIPNL	3409	827	46687	908	138	381	2271	1358
JADE2	1416	27	12384	160	27	41	442	252
SAR1B	2300	803	23038	479	89	202	1041	790
SEC24A	999	372	10525	352	60	104	412	545
CAMLG	6033	1584	78232	1414	261	486	3215	2071
DDX46	15631	3404	160307	3435	528	1192	9370	5249
C5orf24	808	697	9384	321	69	184	584	529
TXNDC15	902	535	13062	304	66	131	604	519
PCBD2	914	565	8307	496	96	169	453	729
CATSPER3	11	4	206	2	0	0	5	2
PITX1	19	11	232	20	1	7	8	16
H2AFY	1411	3850	39265	1821	359	741	2035	2823
DCANP1	0	0	0	0	0	0	0	0
TIFAB	0	0	0	0	0	0	0	0
NEUROG1	25	45	243	18	1	2	13	12
CXCL14	83	58	1139	60	68	143	20	35
SLC25A48	21	16	415	28	4	6	14	37
IL9	0	0	0	0	0	0	0	0
LECT2	0	6	0	28	0	0	0	2
TGFBI	31	28	784	251	16	63	41	38
SMAD5	2477	1383	26439	1140	193	357	1812	1482
SMIM32	2	9	36	11	0	2	7	11
TRPC7	0	1	4	2	1	1	0	5
SPOCK1	152	107	1471	102	36	53	125	157
KLHL3	210	187	2835	148	34	57	180	263
HNRNPA0	14928	4080	168221	3225	645	1405	8024	5482
MYOT	0	26	1	4	6	0	0	2
PKD2L2	19	50	64	17	2	12	2	104
FAM13B	427	1382	4882	969	206	329	247	1225
WNT8A	2	21	4	133	4	11	8	16
NME5	40	403	601	107	38	74	42	181
BRD8	1462	790	14918	420	92	219	740	729
KIF20A	947	427	11523	235	49	78	639	378
CDC23	1272	534	15199	409	79	174	761	577
GFRA3	64	12	649	12	1	6	28	19
CDC25C	965	838	10719	509	113	184	585	849
FAM53C	1243	436	12871	508	88	160	708	590
KDM3B	1809	1596	19843	1232	262	462	1269	1710
REEP2	493	355	7858	174	43	78	318	261
EGR1	1227	724	6646	876	112	273	903	285
ETF1	5609	1185	64111	1410	195	475	2803	2164
HSPA9	19548	2157	240233	2786	434	897	8956	4539
CTNNA1	7286	3162	64622	2723	519	872	3567	4146
LRRTM2	13	25	80	4	0	6	11	17
SIL1	299	1073	3701	544	134	248	203	919
MATR3	130	48	1622	100	13	29	71	183
MATR3.1	317	319	3522	219	37	96	201	328
PAIP2	10756	3485	111942	2430	438	946	5440	3916
SLC23A1	5	13	85	4	0	6	4	13
MZB1	10	1	286	1	0	1	7	10
PROB1	27	6	468	3	0	0	11	11
SPATA24	328	189	5162	119	24	59	269	166
DNAJC18	706	492	9127	322	61	123	606	455
ECSCR	35	6	503	25	0	3	44	27
SMIM33	0	0	0	0	0	0	0	1
TMEM173	1	1	22	1	0	0	2	2
UBE2D2	11702	4358	158488	4413	762	1298	7572	5875
CXXC5	6437	1395	46812	1456	249	373	3341	2376
PSD2	3	9	62	3	1	2	3	3
NRG2	56	53	490	38	10	11	18	48
PURA	973	333	11999	256	103	95	536	553
IGIP	12	16	172	4	0	3	8	11
CYSTM1	3583	1405	60607	1028	233	323	2033	1589
PFDN1	3189	1418	42350	1091	174	366	1930	1594
HBEGF	94	4	1167	12	3	5	41	35
SLC4A9	0	4	15	5	4	5	3	6
ANKHD1	1230	2601	17388	1505	320	596	548	2672
SRA1	3574	1056	48871	731	119	329	1500	1448
EIF4EBP3	7	79	172	125	13	34	0	149
APBB3	100	30	1820	28	5	12	59	45
SLC35A4	974	197	13998	191	27	68	514	265
CD14	4	0	123	2	0	1	0	2
NDUFA2	9393	2541	116097	1853	346	691	5253	2894
TMCO6	348	93	3608	76	18	26	214	119
IK	5179	2116	63340	1411	287	591	2924	2263
WDR55	1280	190	15333	199	36	61	686	367
DND1	1009	9	2729	12	4	5	233	95
HARS	2513	636	29710	478	74	171	1215	796
HARS2	555	224	7284	167	44	59	275	231
ZMAT2	4585	1412	57790	1148	219	410	2444	1900
PCDHA1	76	4	731	16	2	2	28	46
PCDHA2	1	16	45	6	0	3	2	8
PCDHA3	15	5	159	5	0	1	13	10
PCDHA4	41	48	698	39	6	7	32	49
PCDHA5	15	14	117	13	2	4	9	16
PCDHA6	21	4	73	3	0	1	6	17
PCDHA7	15	10	116	3	2	1	12	5
PCDHA8	0	4	10	2	0	1	0	0
PCDHA9	24	51	386	18	5	14	31	39
PCDHA10	136	184	2398	117	36	48	104	222
PCDHA11	61	12	474	16	5	5	11	32
PCDHA12	220	123	3575	84	10	45	134	148
PCDHA13	92	11	583	14	2	1	15	24
PCDHAC1	76	6	705	11	3	6	23	47
PCDHAC2	48	2	508	7	1	4	11	18
PCDHB1	2	1	50	2	1	1	5	3
PCDHB2	261	230	3372	151	32	62	270	240
PCDHB3	90	26	1048	15	1	6	54	65
PCDHB4	17	34	313	8	2	2	23	23
PCDHB5	311	115	5194	171	4	20	111	248
PCDHB6	2	5	52	3	0	1	0	5
PCDHB7	1	3	46	5	0	0	3	4
PCDHB8	1	1	54	0	0	0	2	5
PCDHB16	44	39	602	35	6	3	55	80
PCDHB9	18	18	194	10	3	2	17	25
PCDHB10	16	17	379	14	6	6	18	28
PCDHB11	6	14	115	10	0	4	9	18
PCDHB12	10	10	243	10	2	2	11	14
PCDHB13	22	13	481	21	0	1	16	27
PCDHB14	46	47	646	34	0	12	45	64
PCDHB15	136	97	2832	62	10	17	81	68
TAF7	5595	2182	61201	1713	276	525	3063	2372
SLC25A2	0	0	6	0	1	0	0	1
PCDHGA1	23	4	198	19	0	2	8	42
PCDHGA2	33	0	131	0	0	0	6	4
PCDHGA3	21	0	109	5	2	1	6	14
PCDHGB1	10	2	133	3	0	0	6	8
PCDHGA4	10	2	65	3	1	1	2	8
PCDHGB2	8	2	94	2	1	0	7	6
PCDHGA5	59	2	493	11	4	0	31	33
PCDHGB3	3	3	43	1	0	0	2	3
PCDHGA6	97	4	717	17	3	4	45	29
PCDHGA7	18	1	156	6	0	0	10	5
PCDHGB4	6	7	112	8	1	2	5	4
PCDHGA8	33	11	491	21	3	5	33	22
PCDHGB5	22	0	282	11	0	0	9	11
PCDHGA9	7	4	132	3	1	0	3	8
PCDHGB6	86	271	944	41	17	42	58	122
PCDHGA10	222	165	2736	101	21	57	163	190
PCDHGB7	25	40	301	32	4	11	21	33
PCDHGA11	17	9	209	7	2	4	6	23
PCDHGA12	16	11	126	12	2	0	11	13
PCDHGC3	36	51	227	30	8	11	23	43
PCDHGC4	5	14	26	2	0	0	0	7
PCDHGC5	0	1	7	2	0	0	1	2
DIAPH1	2393	862	28988	824	149	305	1186	1260
HDAC3	2974	997	39935	767	146	313	1718	1141
RELL2	406	26	6840	25	8	10	167	59
FCHSD1	149	29	2499	27	6	16	108	70
ARAP3	266	186	4784	104	18	40	250	272
PCDH1	1371	61	14564	213	23	76	589	308
DELE1	675	383	11263	246	63	106	489	419
PCDH12	0	7	20	1	2	2	1	9
RNF14	696	237	8001	172	40	63	336	276
GNPDA1	4649	1190	83363	1170	217	359	2822	1963
NDFIP1	2648	1695	36917	1258	229	446	1888	1620
SPRY4	1469	175	11091	348	81	99	620	697
FGF1	6	19	184	29	4	8	3	53
ARHGAP26	747	673	8403	802	157	265	341	1589
NR3C1	403	190	2208	189	42	53	213	259
HMHB1	0	0	0	0	0	0	0	0
YIPF5	2289	674	27979	546	108	223	1246	906
KCTD16	5	168	126	69	23	36	8	110
PRELID2	381	735	4579	1032	178	462	345	1000
GRXCR2	0	0	1	1	0	0	0	1
SH3RF2	50	47	333	53	10	16	18	57
PLAC8L1	37	29	474	14	3	8	14	70
LARS	11224	3131	108006	2939	515	1019	6314	4565
RBM27	1626	1442	17786	1178	225	443	772	1843
POU4F3	2	0	20	0	0	0	0	3
TCERG1	5811	2363	74043	1869	338	646	3235	2902
GPR151	0	0	2	0	0	0	0	1
PPP2R2B	784	391	20335	1012	79	330	1218	1360
STK32A	13	34	367	56	6	22	26	76
DPYSL3	8041	1994	68019	1886	462	860	5034	3520
JAKMIP2	148	1589	3448	836	236	425	173	1470
SPINK1	20	10	605	26	1	12	39	25
SCGB3A2	7916	213	112562	1527	86	274	2196	1457
C5orf46	0	1	0	14	3	5	0	1
SPINK5	211	858	2520	567	57	196	137	960
SPINK14	0	0	0	4	1	1	0	4
SPINK6	0	1	0	3	1	0	0	4
MARCOL	0	6	2	3	0	2	0	9
SPINK13	9	2	118	0	1	0	2	4
SPINK7	1	1	2	0	0	0	0	0
SPINK9	0	5	0	2	1	0	0	1
FBXO38	541	501	6979	283	78	119	257	451
HTR4	0	4	1	8	1	0	0	1
ADRB2	17	8	538	4	0	1	2	10
SH3TC2	2	11	16	0	0	4	2	5
ABLIM3	3	2	72	6	0	1	1	14
AFAP1L1	105	17	1835	47	1	11	55	57
GRPEL2	759	192	10019	204	33	56	353	232
PCYOX1L	109	111	1699	51	11	32	72	100
IL17B	0	2	21	1	0	0	2	2
CSNK1A1	9825	3549	106216	3025	534	1134	5008	4742
ARHGEF37	21	64	356	26	8	16	17	37
PPARGC1B	1114	69	12811	255	41	73	426	390
PDE6A	2	5	28	8	1	0	1	3
SLC26A2	547	325	7045	239	47	87	381	294
TIGD6	75	72	792	27	7	11	51	49
HMGXB3	1061	471	13412	369	66	131	537	498
CSF1R	2	5	23	7	0	1	1	5
PDGFRB	19	80	181	39	3	12	24	39
CDX1	44	8	38	151	4	1	43	14
SLC6A7	1	0	11	3	0	0	1	4
CAMK2A	4	23	39	18	2	4	3	16
ARSI	98	18	1156	19	2	6	69	26
TCOF1	6585	787	80610	1058	147	287	3386	1476
CD74	530	115	15231	173	12	35	412	201
RPS14	257325	58724	3234015	49582	9608	18274	152565	81037
NDST1	541	321	7512	299	43	97	303	388
SYNPO	3	13	94	10	1	1	3	8
MYOZ3	604	43	7203	60	13	22	443	135
RBM22	1681	847	20087	511	99	191	982	815
DCTN4	672	900	8086	545	88	227	475	703
SMIM3	1218	119	11306	95	41	87	264	148
IRGM	1	16	35	7	1	3	1	6
ZNF300	224	272	5454	143	38	78	35	210
GPX3	441	87	10440	80	10	33	186	108
TNIP1	680	186	10347	210	46	99	489	307
ANXA6	822	709	17559	354	70	127	570	691
CCDC69	100	46	2058	67	9	20	68	57
GM2A	586	130	12364	163	29	52	448	283
SLC36A3	0	3	0	0	0	0	0	1
SLC36A2	1	1	5	2	0	2	3	1
SLC36A1	140	148	1912	95	23	28	94	152
FAT2	0	7	18	3	1	1	1	9
SPARC	4329	2106	41189	1278	254	612	1920	1731
ATOX1	7071	2046	86916	1874	397	610	3892	2486
G3BP1	14641	3308	165501	4091	648	1297	8412	5899
GLRA1	0	5	2	18	11	14	0	23
NMUR2	1	3	14	1	1	0	3	2
GRIA1	130	1101	395	241	68	309	14	840
FAM114A2	458	332	4135	175	38	88	321	261
MFAP3	98	346	1098	177	42	79	64	251
GALNT10	294	463	2785	273	80	105	152	480
SAP30L	768	330	9097	275	49	88	416	364
HAND1	33	74	492	630	8	54	32	30
LARP1	7140	1350	89503	1703	305	563	4067	2604
FAXDC2	62	266	914	111	29	58	54	234
CNOT8	1311	493	15309	334	55	156	781	610
GEMIN5	1566	366	14336	320	62	96	706	468
MRPL22	6953	1780	93202	1437	259	485	4009	2078
KIF4B	8	6	110	4	0	2	9	5
SGCD	2	44	78	37	25	22	7	64
PPP1R2B	6	1	21	1	0	1	1	1
TIMD4	0	0	14	0	0	0	0	3
HAVCR1	1	3	0	1	0	0	0	1
HAVCR2	2	93	9	33	8	23	0	79
MED7	1581	436	16849	335	64	137	810	485
ITK	5	2	36	2	1	1	1	0
FAM71B	0	0	0	0	0	0	0	0
CYFIP2	924	784	10934	343	72	139	436	673
FNDC9	0	1	0	0	0	1	0	1
ADAM19	129	210	1191	173	39	49	111	234
NIPAL4	2	2	14	2	0	0	0	3
SOX30	9	70	44	19	19	12	4	34
C5orf52	0	9	1	1	0	0	0	0
THG1L	1324	374	13197	247	52	118	714	510
LSM11	154	104	1430	65	23	21	110	105
CLINT1	5376	1625	53514	1615	298	505	2668	2227
EBF1	11	695	169	126	31	52	10	257
RNF145	519	1113	6502	539	120	209	554	866
UBLCP1	2272	996	34154	681	147	309	824	1143
IL12B	0	1	3	0	0	0	1	0
ADRA1B	0	9	10	33	8	18	0	2
TTC1	5290	1386	69579	1325	205	427	2633	1943
PWWP2A	2227	1229	30157	969	207	424	1209	1761
FABP6	83	39	2926	32	3	14	99	79
CCNJL	278	340	4438	230	51	71	217	448
C1QTNF2	19	17	378	6	0	5	5	11
ZBED8	123	151	2067	62	12	22	101	111
SLU7	1503	615	24590	442	67	144	832	706
PTTG1	14578	6265	209550	4195	750	1604	10297	6427
ATP10B	1	12	8	4	0	2	1	12
GABRB2	15	85	68	149	12	7	34	84
GABRA6	0	7	0	1	3	0	1	0
GABRA1	0	4	28	1	1	0	2	1
GABRG2	101	47	1803	149	55	43	70	140
CCNG1	13857	3491	183138	2650	480	1000	7768	4936
NUDCD2	5863	1851	82305	1283	305	502	3584	2073
HMMR	5494	1814	59037	1455	218	575	3262	2328
MAT2B	1549	861	19967	373	85	212	921	761
TENM2	24	2498	243	608	350	666	16	918
WWC1	513	567	6173	602	85	193	398	725
RARS	4275	1375	54574	1190	167	403	2631	1704
FBLL1	84	7	884	5	3	1	23	17
PANK3	2145	942	23083	714	152	306	1281	1203
SLIT3	21	1502	358	987	131	270	28	513
SPDL1	2393	802	30212	642	102	218	1315	931
DOCK2	138	17	2376	43	1	4	57	113
INSYN2B	6	14	46	12	4	4	1	15
FOXI1	1	0	2	0	0	0	0	0
C5orf58	356	3	863	14	8	0	126	29
LCP2	10	1	132	1	0	0	8	4
KCNIP1	7	183	124	154	48	54	9	158
KCNMB1	17	11	414	9	0	1	12	13
GABRP	69	21	1139	654	37	111	45	131
RANBP17	722	2245	7641	1835	345	689	487	2166
TLX3	8	12	167	11	0	3	9	11
NPM1	133788	32221	1635871	35544	5018	12161	74097	53623
FGF18	230	147	455	70	7	33	84	219
SMIM23	0	3	0	0	0	0	0	0
FBXW11	1318	1731	21043	1386	222	507	992	1735
STK10	317	116	3608	137	30	43	93	241
EFCAB9	3	7	6	1	1	0	3	8
UBTD2	1040	1484	12052	978	214	385	519	1418
SH3PXD2B	926	967	9116	691	140	209	550	1020
NEURL1B	91	114	1423	62	16	20	56	95
DUSP1	581	320	5085	212	36	80	320	200
ERGIC1	1361	924	21216	751	112	266	888	1216
RPL26L1	4422	1727	62610	1252	236	454	2495	1961
ATP6V0E1	14524	1836	164700	2532	412	776	5618	3484
CREBRF	703	392	7680	233	33	101	369	397
BNIP1	991	290	12628	165	35	55	528	326
NKX2-5	21	14	82	9	1	2	2	7
STC2	1410	166	22916	362	39	204	774	546
BOD1	7348	2820	116121	2016	378	880	5349	3219
CPEB4	589	275	6004	257	44	102	326	391
C5orf47	26	4	386	10	5	1	17	21
NSG2	3	11	49	7	0	2	5	12
MSX2	228	2286	1094	1051	166	373	301	970
DRD1	4	1	28	1	0	0	2	1
SFXN1	1791	1528	20464	1039	175	394	1178	1662
HRH2	222	18	5766	44	16	12	115	124
CPLX2	30	59	85	61	20	34	9	78
THOC3	1902	942	24262	594	100	268	373	1294
FAM153B	0	2	4	7	2	0	5	3
SIMC1	201	1062	1753	369	127	157	143	743
KIAA1191	1614	548	21817	407	70	163	1002	654
ARL10	165	153	2135	66	24	39	80	77
NOP16	4199	293	79295	655	72	154	1994	819
HIGD2A	9360	2561	116549	1768	390	708	5675	3216
CLTB	2398	642	31883	620	104	207	1102	790
FAF2	2553	1238	29924	935	175	349	1418	1315
RNF44	1699	310	19550	301	58	107	888	503
CDHR2	0	17	17	5	2	1	0	20
GPRIN1	208	49	1450	32	4	9	72	39
SNCB	104	7	2250	31	5	20	71	33
EIF4E1B	15	0	98	11	0	0	4	2
TSPAN17	735	177	9648	127	31	82	470	244
UNC5A	29	15	254	8	4	2	9	14
HK3	0	1	2	1	0	0	0	4
UIMC1	1128	1018	13928	831	171	240	620	1074
ZNF346	422	410	6721	284	62	111	279	442
FGFR4	1495	76	15298	191	39	62	671	275
NSD1	6584	2740	54432	2625	533	738	3324	3921
RAB24	98	54	1489	25	5	14	59	39
MXD3	298	437	5576	126	38	84	238	364
PRELID1	28564	4404	332304	4813	789	1559	14720	7123
LMAN2	7370	1407	100311	1469	353	495	4516	2462
RGS14	923	120	10375	125	91	53	958	253
SLC34A1	2	0	5	0	0	1	1	1
PFN3	78	1	110	0	0	0	8	4
F12	1418	33	8893	95	28	33	534	258
GRK6	1984	421	22894	339	59	98	973	568
PRR7	1200	527	12979	230	70	115	820	469
DBN1	6686	1682	75166	1336	194	527	4072	2032
PDLIM7	1998	1679	31715	914	170	452	1012	1205
DOK3	56	20	786	36	3	8	22	52
DDX41	1435	315	18340	223	47	93	1110	471
FAM193B	453	369	6241	303	64	87	235	453
TMED9	10871	2237	167042	1870	330	755	5999	3364
B4GALT7	1210	333	18841	284	39	79	642	352
FAM153A	3	4	88	30	7	2	15	1
PROP1	0	0	0	1	0	0	0	0
N4BP3	1457	93	20428	174	22	69	598	303
RMND5B	3741	517	41302	574	134	167	1629	1079
NHP2	14811	3149	175171	2645	466	950	8120	4425
GMCL2	4	1	13	0	0	0	0	0
HNRNPAB	27389	5372	302088	5383	891	1987	14651	9061
PHYKPL	405	799	5090	427	74	140	288	683
COL23A1	101	590	2833	434	47	98	62	616
CLK4	402	332	4495	166	40	59	245	238
AC113348.1	0	2	0	0	0	0	0	0
ZNF354A	730	409	6906	278	52	76	428	396
ZNF354B	135	121	2275	85	21	33	79	141
ZFP2	20	154	284	53	9	28	17	114
ZNF454	416	4	3199	131	1	3	120	106
GRM6	7	2	30	3	0	1	0	7
ZNF879	144	71	1755	30	7	10	90	49
ZNF354C	161	337	1704	170	34	30	126	100
ADAMTS2	157	182	2215	97	12	47	60	181
RUFY1	1303	998	9629	615	127	231	609	956
HNRNPH1	15116	2928	161889	2504	456	1055	9345	4131
CBY3	0	21	16	14	4	0	2	14
CANX	14775	3448	201282	2978	611	1304	8890	5561
MAML1	1028	550	10740	445	99	184	541	576
LTC4S	79	96	1489	30	14	21	54	46
MGAT4B	2411	656	36793	416	87	140	1341	807
SQSTM1	7196	840	80038	1260	146	351	2186	1623
MRNIP	885	449	9854	323	75	119	733	463
TBC1D9B	777	334	10708	302	68	135	567	489
RNF130	2164	5204	32934	2267	672	1291	1650	4763
RASGEF1C	5	86	66	39	17	25	13	66
MAPK9	1770	580	18337	568	107	170	903	772
GFPT2	1776	217	23467	685	112	124	963	936
CNOT6	1023	1259	10962	874	164	336	634	1289
SCGB3A1	11	1	157	2	0	2	3	1
FLT4	42	56	757	13	11	7	34	47
OR2Y1	0	0	0	0	0	0	0	0
MGAT1	1124	353	13877	226	63	96	688	406
ZFP62	632	297	7205	189	41	80	494	259
BTNL8	3	2	47	5	1	0	0	7
BTNL3	0	1	0	1	0	0	0	1
BTNL9	55	2	318	6	6	3	15	22
OR2V1	0	0	1	0	0	0	0	0
OR2V2	0	0	0	0	0	0	0	0
TRIM7	10	3	73	0	0	1	1	4
TRIM41	381	136	5108	83	19	34	252	179
RACK1	182074	32194	2024731	30303	5504	11315	108564	47593
TRIM52	265	139	3110	80	21	19	194	115
OR4F3	0	0	0	0	0	0	0	0
DUSP22	543	267	11175	156	38	92	385	443
IRF4	27	7	295	6	2	0	7	20
EXOC2	1397	963	17203	844	157	254	506	1622
HUS1B	118	7	1244	16	0	3	22	14
FOXQ1	17	49	96	22	3	3	5	20
FOXF2	1	61	31	2	0	1	3	15
FOXC1	715	267	129	49	41	34	274	314
GMDS	1172	1027	18876	1058	239	326	586	1796
MYLK4	1	3	26	10	0	3	0	6
WRNIP1	1156	393	13755	286	72	144	564	462
SERPINB1	706	345	7243	225	68	46	487	271
SERPINB9	16761	598	239670	4776	464	447	7634	3122
SERPINB6	1638	425	21778	443	66	141	828	489
NQO2	4506	913	135752	1171	177	402	3853	1808
RIPK1	432	288	7331	335	58	88	280	371
BPHL	1415	594	14461	447	122	267	909	890
TUBB2A	20134	1413	249593	4290	456	646	10511	6121
TUBB2B	46025	8589	517373	14634	1882	2585	28679	14161
PSMG4	2464	660	34312	702	110	175	1783	942
SLC22A23	906	566	8619	972	208	327	543	1722
PXDC1	288	55	1555	69	19	28	139	109
FAM50B	238	91	3457	64	10	27	132	84
PRPF4B	3846	1817	43586	1370	250	515	2264	1956
FAM217A	1	44	0	28	4	5	1	42
C6orf201	0	11	14	4	0	0	0	5
ECI2	2554	1399	39397	889	259	336	2959	1336
CDYL	1983	1671	22486	1681	279	512	1229	2269
RPP40	1233	162	12570	163	30	71	592	291
PPP1R3G	8	9	104	3	2	2	6	10
LYRM4	4784	1969	57679	1291	268	568	3303	2212
FARS2	690	1719	7714	991	231	452	303	1503
NRN1	219	142	2931	78	17	95	161	103
F13A1	2	24	48	28	1	2	0	9
LY86	0	4	2	2	0	0	0	1
RREB1	1019	626	7462	631	142	211	564	876
SSR1	2888	777	32810	589	124	261	1732	1155
CAGE1	3	17	57	6	2	3	3	12
RIOK1	2438	521	25983	516	79	135	1195	672
DSP	4418	1111	16950	1949	276	605	2619	2232
SNRNP48	1323	557	20130	405	67	156	935	625
BMP6	18	71	173	32	12	20	20	56
TXNDC5	53	752	772	596	88	211	35	985
BLOC1S5	912	588	14048	389	80	154	530	690
EEF1E1	11677	2021	138383	2164	256	704	6734	3250
SLC35B3	335	351	4426	249	46	98	281	308
TFAP2A	105	368	481	506	33	152	207	180
GCNT2	1617	371	13467	761	101	232	630	843
C6orf52	53	73	696	29	4	23	38	47
PAK1IP1	5830	863	73085	1092	143	283	2564	1592
TMEM14C	12949	3854	173358	3287	536	1078	7341	4801
TMEM14B	14416	3534	145890	3066	537	1084	7353	3982
MAK	12	508	100	200	57	115	4	292
GCM2	0	2	8	0	0	0	0	0
SYCP2L	46	353	456	36	27	91	31	202
ELOVL2	28	130	801	49	10	37	6	90
SMIM13	805	192	7863	184	39	51	378	299
ERVFRD-1	1	0	4	2	1	0	0	0
NEDD9	45	834	456	240	65	115	33	351
TMEM170B	78	264	1294	101	29	43	76	153
ADTRP	7	2	39	4	0	1	8	8
HIVEP1	542	1212	4903	749	156	213	429	1283
EDN1	277	22	552	57	5	29	53	34
PHACTR1	227	831	3910	905	137	358	201	1075
TBC1D7	1522	575	23921	404	69	201	1112	670
GFOD1	150	101	2526	119	16	38	111	176
SIRT5	593	359	8807	275	39	103	378	380
NOL7	11384	2347	143787	2177	378	805	6131	3374
RANBP9	974	1149	10832	668	140	267	631	1158
MCUR1	4057	1231	49541	1202	139	431	2159	1598
RNF182	33	404	451	96	38	90	40	264
CD83	205	233	4438	126	33	98	147	178
JARID2	15778	2925	138730	6317	1276	2133	7996	13004
DTNBP1	811	625	12171	498	101	163	507	797
MYLIP	1193	315	9875	296	60	124	827	779
GMPR	54	140	543	150	11	21	24	176
ATXN1	346	874	3502	877	241	304	152	1066
STMND1	6	3	65	0	1	1	1	4
RBM24	43	152	224	36	8	22	22	60
CAP2	860	1252	7801	868	180	288	484	1077
FAM8A1	351	177	4091	116	20	44	223	194
NUP153	1886	1272	18147	1097	208	375	888	1405
KIF13A	701	1440	8037	1058	236	325	534	1599
NHLRC1	45	5	418	13	0	1	22	17
TPMT	1568	328	12829	355	66	138	1039	589
KDM1B	201	242	1729	130	42	57	125	269
DEK	19652	8240	218273	5570	1150	2424	13132	9745
RNF144B	126	26	1232	42	3	25	85	46
ID4	1418	2747	13720	1776	339	852	1349	1749
MBOAT1	553	55	4204	132	38	12	328	288
E2F3	1829	1061	19629	1222	192	390	1176	1661
CDKAL1	900	3106	8065	2097	416	750	552	3383
SOX4	24837	2986	330712	4634	746	1691	14248	8151
PRL	0	0	3	1	0	0	2	0
HDGFL1	147	1	56	0	0	0	34	4
NRSN1	4	5	34	2	2	2	0	4
DCDC2	58	42	2040	76	8	8	39	42
KAAG1	2	0	11	0	0	0	0	0
MRS2	10903	657	139261	1369	274	316	4561	2793
GPLD1	65	106	1266	58	9	20	101	99
ALDH5A1	45	151	1013	64	16	25	82	93
KIAA0319	15	20	243	18	1	2	16	34
TDP2	2099	525	27045	475	99	145	1052	821
ACOT13	8561	1422	109407	1568	299	447	4132	2866
C6orf62	2907	534	34042	618	108	234	1646	1048
GMNN	6366	2178	85051	1719	273	568	3303	2465
ARMH2	0	1	0	0	0	0	0	1
RIPOR2	171	116	1707	119	10	32	72	125
CARMIL1	1304	672	14345	886	175	280	843	1474
SCGN	0	8	16	7	1	0	2	4
HIST1H2AA	17	0	195	0	0	0	5	0
HIST1H2BA	1	0	27	0	0	0	0	0
SLC17A4	1	1	0	0	0	0	0	0
SLC17A1	0	0	0	1	0	0	0	0
SLC17A3	0	0	19	1	0	0	0	0
SLC17A2	0	1	0	0	0	0	0	0
TRIM38	182	14	2606	102	11	32	136	107
HIST1H1A	456	417	32787	348	69	311	420	1408
HIST1H3A	5	22	391	21	1	9	7	41
HIST1H4A	3	9	178	10	1	5	7	20
HIST1H4B	9	9	168	8	0	3	7	6
HIST1H3B	337	408	4320	156	40	54	176	293
HIST1H2AB	35	30	534	13	5	5	18	25
HIST1H2BB	3	25	50	12	3	0	1	1
HIST1H3C	1	30	26	17	9	1	0	2
HIST1H1C	1588	1255	13797	528	152	187	756	891
HFE	26	32	384	16	9	4	25	15
HIST1H4C	23693	7000	400969	3831	845	1408	12131	6607
HIST1H1T	3	2	110	0	0	0	2	2
HIST1H2BC	167	143	1426	75	10	29	88	84
HIST1H2AC	1024	776	6934	350	65	169	424	423
HIST1H1E	884	927	11702	379	100	145	472	581
HIST1H2BD	133	234	1292	95	32	41	96	165
HIST1H2BE	30	75	531	25	4	13	39	52
HIST1H4D	26	22	443	17	1	3	25	24
HIST1H3D	0	159	0	54	9	23	0	127
HIST1H2AD	1	38	10	12	4	8	0	24
HIST1H2BF	103	68	1019	50	9	18	58	49
HIST1H4E	130	112	1885	45	12	20	92	83
HIST1H2BG	142	109	931	55	9	9	73	80
HIST1H2AE	105	72	1365	32	7	11	63	57
HIST1H3E	44	75	567	59	8	7	36	66
HIST1H1D	2868	2768	28358	1394	280	440	770	1706
HIST1H4F	17	21	297	11	4	3	6	21
HIST1H4G	0	0	0	0	0	0	0	0
HIST1H3F	119	109	1314	35	7	23	65	98
HIST1H2BH	402	162	3766	117	4	41	179	141
HIST1H3G	322	317	3866	124	25	53	137	195
HIST1H2BI	20	11	358	6	2	3	7	12
HIST1H4H	189	163	2112	120	18	47	107	120
BTN3A2	64	64	1003	21	5	14	56	33
BTN2A2	210	194	3512	79	26	33	149	144
BTN3A1	23	68	365	16	4	13	38	35
BTN3A3	4	24	110	4	1	2	3	10
BTN2A1	320	219	4959	125	38	43	181	207
BTN1A1	2	2	20	1	0	0	1	4
HMGN4	3982	818	42646	760	138	279	2101	1085
ABT1	2717	535	36682	529	91	178	1428	753
ZNF322	611	798	7889	687	127	244	267	965
HIST1H2BJ	248	110	1620	72	14	14	73	80
HIST1H2AG	228	234	2175	108	23	40	88	166
HIST1H4I	69	59	874	29	7	11	47	48
HIST1H2BK	21	31	514	9	5	6	28	24
HIST1H2AH	240	342	2651	131	25	52	131	217
PRSS16	289	9	5194	88	14	31	161	93
POM121L2	0	6	2	0	1	1	0	6
ZNF391	179	113	2220	81	12	30	64	108
ZNF184	229	144	2377	86	17	46	123	136
HIST1H2BL	58	19	382	19	1	6	11	21
HIST1H2AI	33	47	326	84	21	12	12	46
HIST1H3H	143	86	1178	56	10	27	57	69
HIST1H2AJ	43	52	639	18	5	6	24	36
HIST1H2BM	28	30	550	21	4	8	7	13
HIST1H4J	18	19	215	12	1	10	8	24
HIST1H4K	0	1	0	0	1	0	0	0
HIST1H2BN	206	233	1193	166	18	24	119	148
HIST1H2AK	48	43	479	18	1	8	18	16
HIST1H2AL	91	78	1172	35	4	11	26	39
HIST1H1B	1439	842	14343	428	97	157	413	554
HIST1H3I	51	35	531	15	3	9	4	32
HIST1H4L	5	12	46	8	1	4	0	7
HIST1H3J	51	200	656	133	16	41	26	191
HIST1H2AM	46	34	685	12	6	10	23	21
HIST1H2BO	20	18	222	4	0	4	10	11
OR2B2	0	0	1	0	0	0	0	0
OR2B6	14	15	439	7	1	0	5	2
ZNF165	457	30	7675	81	13	21	221	100
ZSCAN16	454	131	6202	118	28	41	258	173
ZKSCAN8	307	336	3543	209	49	77	209	281
ZSCAN9	384	259	4282	175	30	61	298	284
ZKSCAN4	266	94	4131	65	12	24	203	137
NKAPL	228	10	3127	6	1	3	33	35
ZSCAN26	386	307	4471	223	38	113	195	269
PGBD1	438	354	6666	259	57	102	259	334
ZSCAN31	136	69	1127	51	12	21	107	51
ZKSCAN3	198	79	2574	78	10	30	109	94
ZSCAN12	203	288	1993	126	41	59	104	199
ZSCAN23	30	278	291	95	19	49	25	151
GPX6	0	4	1	1	0	0	0	0
GPX5	0	1	0	0	0	0	0	0
ZBED9	13	134	61	72	17	20	4	89
TRIM27	36	591	628	582	100	205	37	868
ZNF311	9	92	227	7	6	32	11	48
OR2W1	0	0	0	0	0	0	0	0
OR2B3	0	0	0	0	0	0	0	0
OR2J1	0	0	0	0	1	0	0	0
OR2J3	0	1	0	0	0	0	0	1
OR2J2	0	0	0	0	0	2	0	0
OR14J1	0	1	0	0	0	0	0	1
OR5V1	0	2	0	0	0	0	0	0
OR12D3	0	0	0	0	0	0	0	0
OR12D2	0	0	0	0	0	0	0	0
OR11A1	0	2	0	0	0	0	0	0
OR10C1	0	0	0	0	0	0	0	0
OR2H1	0	1	0	0	0	0	0	0
MAS1L	0	0	0	0	0	0	0	0
OR2I1P	0	0	0	0	0	0	0	0
UBD	0	0	0	0	0	0	0	0
GABBR1	29	390	377	682	79	161	14	623
OR2H2	0	3	0	13	2	1	0	24
MOG	8	1	63	13	2	5	1	35
ZFP57	18	13	32	15	4	8	2	13
HLA-F	26	6	857	17	2	5	16	34
HLA-G	2	3	224	18	0	7	1	18
HLA-A	425	780	7682	1198	304	591	149	2496
ZNRD1	2874	1304	29205	666	120	235	945	1256
PPP1R11	32	566	432	404	72	162	23	589
RNF39	0	6	1	5	1	2	0	20
TRIM31	0	1	0	0	0	2	0	2
TRIM40	0	0	0	0	0	0	0	0
TRIM10	0	0	2	0	0	0	0	0
TRIM15	0	3	9	2	0	0	0	2
TRIM26	94	419	959	370	104	155	49	597
TRIM39	4	90	16	76	12	34	2	90
RPP21	331	1416	4769	1233	257	473	193	1767
HLA-E	57	244	1142	304	56	114	60	421
GNL1	364	416	5633	358	59	131	152	538
PRR3	11	376	71	168	37	85	0	235
ABCF1	5022	1579	64694	1679	236	603	2847	2336
PPP1R10	1171	1393	12305	1004	209	347	613	1584
MRPS18B	34	867	776	741	131	253	28	1275
ATAT1	55	461	1143	235	45	92	61	339
C6orf136	223	178	3758	140	26	47	148	231
DHX16	654	314	8743	244	42	93	398	401
PPP1R18	2	246	9	128	26	68	1	244
NRM	1	378	57	193	43	102	5	342
MDC1	114	836	1395	423	103	206	75	575
TUBB	468	23252	5582	17655	3231	6880	334	32115
FLOT1	820	826	13100	753	157	318	646	1380
IER3	48	285	167	596	151	155	107	1169
DDR1	12	628	141	360	91	168	3	523
GTF2H4	575	395	9168	306	42	102	414	443
VARS2	39	78	585	50	17	27	29	107
SFTA2	2	0	21	0	0	0	0	1
MUCL3	0	2	0	2	0	4	0	1
MUC21	0	2	0	0	0	0	0	0
MUC22	0	0	0	0	0	1	0	1
C6orf15	0	0	0	0	0	0	0	0
PSORS1C1	0	4	16	6	1	1	0	3
CDSN	0	0	0	3	0	0	0	0
PSORS1C2	0	1	0	9	0	0	0	5
CCHCR1	306	324	6787	323	35	86	206	390
TCF19	0	96	128	54	17	31	4	120
POU5F1	2652	2190	38440	13037	2057	2286	1947	21086
HLA-C	105	651	7840	729	150	298	41	1151
HLA-B	31	323	1012	220	37	89	22	424
MICA	170	87	2108	40	11	38	79	80
MICB	10	38	77	54	18	12	2	103
MCCD1	0	0	0	0	0	0	0	0
DDX39B	42	3578	976	3097	536	1348	34	5106
ATP6V1G2	1	49	16	29	4	18	0	46
NFKBIL1	2	456	48	215	55	114	5	370
LTA	0	0	0	0	0	0	0	1
TNF	0	0	0	2	1	0	0	1
LTB	1	3	2	12	0	1	0	10
LST1	0	1	17	1	0	0	0	1
NCR3	3	0	24	1	0	1	0	0
AIF1	159	45	6673	87	8	16	201	221
PRRC2A	1240	750	18869	787	160	235	640	1121
BAG6	1623	636	25422	492	83	166	977	809
APOM	185	184	2824	65	23	42	148	135
C6orf47	0	125	0	104	23	37	0	168
GPANK1	361	537	4597	389	60	182	277	710
CSNK2B	4565	2324	65536	1992	330	742	2605	3394
LY6G5B	0	36	0	26	10	7	0	42
LY6G5C	1	6	37	20	0	2	1	9
ABHD16A	3	412	59	274	63	94	1	391
LY6G6F	0	1	0	1	0	0	0	0
LY6G6E	0	0	0	1	0	0	0	0
LY6G6D	0	8	1	27	3	7	0	5
MPIG6B	0	4	0	4	0	2	0	20
LY6G6C	0	5	0	2	0	4	0	8
DDAH2	572	3231	9510	1254	350	652	532	2345
CLIC1	1377	4767	29611	4552	659	1278	649	6292
MSH5	4	570	80	221	76	103	4	378
SAPCD1	0	58	0	14	3	10	0	24
VWA7	0	6	6	3	0	1	0	4
VARS	737	468	7806	360	62	137	436	642
LSM2	190	3357	3699	2484	419	892	121	3923
HSPA1L	0	5	0	7	0	5	0	8
HSPA1A	0	810	5	455	63	189	1	790
HSPA1B	0	334	0	164	37	61	0	154
NEU1	19	447	305	499	70	136	10	790
SLC44A4	2	11	43	19	1	6	2	21
EHMT2	1759	1213	17749	941	200	358	1093	1238
C2	0	33	5	29	4	12	0	37
ZBTB12	0	108	1	63	12	25	0	73
CFB	1	3	1	1	1	3	0	2
NELFE	3632	1244	49922	1014	170	347	2417	1593
SKIV2L	198	111	2275	97	18	34	106	155
DXO	300	150	5778	117	16	42	182	181
STK19	17	474	604	282	37	98	10	357
C4A	0	0	0	0	0	0	0	0
C4B	0	0	0	0	0	0	0	0
CYP21A2	0	1	0	0	0	0	0	0
TNXB	7	38	179	24	4	11	5	62
ATF6B	26	355	429	189	38	68	19	283
FKBPL	0	144	5	133	32	46	1	204
PRRT1	0	13	1	12	0	2	0	12
PPT2	0	116	14	71	22	45	1	120
EGFL8	2	70	18	33	19	19	0	87
AGPAT1	31	653	397	482	73	181	19	766
RNF5	21	1846	780	1173	244	504	14	2331
AGER	11	30	265	9	2	7	9	31
PBX2	56	530	696	296	79	149	35	546
GPSM3	2	38	46	68	18	17	1	123
NOTCH4	0	49	1	26	3	14	0	38
TSBP1	0	70	0	66	11	19	0	71
BTNL2	0	6	0	1	0	0	0	3
HLA-DRA	2	6	397	18	1	11	14	26
HLA-DRB5	1	9	6	3	0	1	0	1
HLA-DRB1	18	67	459	53	30	11	52	74
HLA-DQA1	0	3	0	1	3	0	125	4
HLA-DQB1	232	34	66	43	80	19	2729	140
HLA-DQA2	0	0	0	0	0	0	0	0
HLA-DQB2	0	0	7	0	0	2	0	1
HLA-DOB	0	1	1	1	1	0	0	1
TAP2	1	28	30	31	5	11	0	46
PSMB8	91	15	3856	119	12	23	88	123
PSMB9	19	6	924	6	2	4	19	9
TAP1	2	5	76	22	3	8	1	38
HLA-DMB	2	16	192	20	5	2	9	25
HLA-DMA	88	75	2177	249	16	36	89	102
BRD2	532	951	6418	754	124	309	309	1313
HLA-DOA	9	18	203	35	8	22	8	62
HLA-DPA1	16	7	342	29	3	2	19	16
HLA-DPB1	316	97	3503	155	28	29	98	194
COL11A2	2	10	31	5	4	1	0	8
RXRB	13	147	106	61	13	18	2	145
SLC39A7	840	1148	10467	707	122	290	528	1245
HSD17B8	165	233	2635	45	19	40	135	125
RING1	25	472	573	200	52	102	33	355
VPS52	24	239	435	166	31	53	24	283
RPS18	455554	68749	4150380	72102	12804	25528	258086	116223
B3GALT4	0	98	0	48	21	21	0	73
WDR46	2029	436	25065	436	79	163	938	795
PFDN6	4624	962	58614	1044	191	401	2703	1806
RGL2	15	208	134	164	25	61	7	262
TAPBP	35	260	557	287	52	66	17	289
ZBTB22	0	112	1	85	14	25	0	92
DAXX	1376	504	19483	500	99	188	619	818
SMIM40	0	0	0	0	0	0	0	0
KIFC1	973	943	13756	568	119	232	584	1010
PHF1	34	267	606	145	35	65	27	268
CUTA	7497	5488	115131	3301	631	1311	4889	5397
SYNGAP1	45	483	563	309	46	103	31	481
ZBTB9	0	70	0	78	11	27	0	114
BAK1	755	169	8576	171	22	48	258	294
ITPR3	570	26	3803	86	24	27	171	211
UQCC2	7927	4636	106112	2835	450	966	6621	3643
IP6K3	2	2	62	10	1	1	3	6
LEMD2	959	241	11508	191	42	77	456	298
MLN	31	7	811	2	2	1	9	21
GRM4	493	34	7275	178	11	42	326	535
HMGA1	81694	10079	1042113	12137	1844	4313	45309	21128
SMIM29	823	179	10392	131	35	45	342	257
NUDT3	1699	558	21606	336	87	144	1078	690
RPS10-NUDT3	35	215	711	197	31	79	28	412
RPS10	33750	7668	291598	6752	1038	2321	21582	12401
PACSIN1	184	20	2664	53	8	19	119	73
SPDEF	9	2	167	3	0	0	11	1
ILRUN	1448	726	26449	688	130	229	744	1002
SNRPC	12141	3298	189225	2576	458	937	7118	4027
UHRF1BP1	382	420	4357	284	65	95	240	406
TAF11	4148	1040	51341	816	176	329	2214	1305
ANKS1A	836	1135	10030	2522	205	438	511	1492
TCP11	2	13	55	5	3	1	4	10
SCUBE3	69	466	867	209	52	105	64	259
ZNF76	323	272	5932	142	35	86	283	222
DEF6	83	35	1847	28	8	18	79	72
PPARD	172	262	2839	171	30	53	108	252
FANCE	472	153	6380	118	17	32	255	163
RPL10A	157176	33893	1716842	29361	5259	11114	88913	46980
TEAD3	436	176	6595	209	32	56	245	274
TULP1	92	21	1770	22	5	7	42	25
FKBP5	780	899	9857	794	111	214	658	1081
ARMC12	11	24	262	8	3	10	23	29
CLPSL2	125	15	2293	27	6	2	123	40
CLPSL1	55	6	184	7	1	1	31	14
CLPS	0	0	6	0	0	0	0	0
LHFPL5	63	212	372	149	29	51	44	179
SRPK1	8119	3093	75284	2243	475	777	4563	3670
SLC26A8	3	26	102	7	2	4	1	12
MAPK14	833	793	9932	590	115	232	442	910
MAPK13	674	33	9120	107	15	19	295	157
BRPF3	471	245	5167	174	37	71	301	252
PNPLA1	2	8	13	2	1	3	0	7
BNIP5	0	2	22	0	0	0	2	0
ETV7	19	12	505	20	1	2	10	7
PXT1	2	9	22	5	1	1	1	7
KCTD20	1002	802	10164	452	110	152	532	642
STK38	415	718	5734	401	93	176	334	660
SRSF3	36726	9833	283753	9368	1510	3213	17461	14011
CDKN1A	1161	260	10412	134	19	75	243	382
RAB44	1	2	4	3	0	0	0	1
CPNE5	6	12	125	4	3	1	8	12
PPIL1	3164	1286	48555	852	167	351	2477	1474
C6orf89	387	444	5027	227	51	108	266	313
PI16	2	2	15	0	0	0	0	4
MTCH1	8636	2372	159590	2032	367	835	5109	3188
FGD2	3	2	61	2	0	1	0	2
PIM1	4547	479	40597	572	95	175	1351	837
TMEM217	16	2	250	5	0	1	11	10
AL353579.1	0	0	0	0	0	0	0	0
TBC1D22B	412	271	5152	216	48	78	220	339
RNF8	2860	692	34028	728	133	251	1521	1107
CMTR1	437	254	5834	177	32	103	281	256
CCDC167	1378	1951	11077	947	168	311	936	1321
MDGA1	18	167	307	61	16	31	15	108
ZFAND3	830	4228	12017	2837	576	1014	540	3952
BTBD9	48	1501	766	972	237	297	26	1369
GLO1	11227	3220	126141	2712	530	894	6286	3934
DNAH8	2	12	19	6	0	1	0	13
GLP1R	14	15	187	15	2	5	17	20
SAYSD1	520	268	7080	194	36	66	375	242
KCNK5	168	32	3607	45	8	17	151	116
KCNK17	33	5	648	10	3	2	12	19
KCNK16	2	1	1	0	0	0	0	0
KIF6	38	63	580	34	5	19	38	87
DAAM2	39	49	661	39	8	13	27	32
MOCS1	205	63	3728	49	15	25	103	85
LRFN2	9	16	47	19	3	8	2	33
UNC5CL	25	19	321	9	4	2	16	15
OARD1	3207	1378	38096	813	150	363	2141	1375
TSPO2	0	0	2	0	0	0	0	0
APOBEC2	0	23	17	9	0	5	0	6
NFYA	529	214	4937	251	43	57	252	272
TREML1	16	0	186	2	0	0	6	5
TREM2	5	1	21	0	0	0	1	0
TREML2	3	0	19	0	0	0	1	0
TREML4	0	0	0	0	0	0	0	0
TREM1	0	0	3	0	0	0	1	0
NCR2	0	0	0	0	0	0	0	0
FOXP4	441	437	832	127	47	63	120	312
MDFI	1421	637	5996	495	76	143	878	625
TFEB	47	11	324	14	3	1	22	22
PGC	1	0	11	0	0	0	1	0
FRS3	53	45	928	21	2	8	43	35
PRICKLE4	0	5	0	0	2	2	0	4
TOMM6	0	4468	0	3778	636	1292	0	5333
USP49	394	660	4126	378	104	194	219	677
MED20	880	168	8893	177	42	63	459	253
BYSL	1885	275	23926	317	47	87	795	423
CCND3	625	140	8439	181	28	52	320	200
TAF8	1033	379	11286	316	62	129	561	438
C6orf132	958	51	10473	189	15	67	552	222
AL096814.2	25	1	288	1	0	1	15	6
GUCA1A	0	0	0	0	0	0	0	0
AL096814.1	0	0	0	0	0	0	0	0
GUCA1B	35	70	579	24	4	20	15	74
MRPS10	4492	1003	57332	967	151	342	2312	1492
TRERF1	475	972	8292	937	169	279	360	1527
UBR2	907	832	12868	642	121	241	488	908
PRPH2	19	3	460	5	1	1	10	7
TBCC	1977	284	27206	420	56	113	1019	512
BICRAL	247	667	2795	539	104	173	195	690
RPL7L1	5989	1696	71710	1888	303	714	2694	2846
C6orf226	283	228	4873	101	11	56	271	187
PTCRA	0	2	10	3	0	0	0	6
CNPY3	2783	826	52993	660	117	293	1910	1180
GNMT	13	0	469	3	1	3	9	7
PEX6	582	265	4842	163	27	57	319	308
PPP2R5D	656	378	9699	214	39	80	410	380
MEA1	4051	1317	59714	1089	173	350	2383	1631
KLHDC3	3472	765	49254	695	126	260	1884	1096
RRP36	5152	944	58735	953	142	322	2279	1615
CUL7	177	248	2922	113	22	45	161	202
KLC4	291	178	4838	121	20	60	167	189
MRPL2	4102	705	51083	671	112	225	2282	999
PTK7	1426	861	16198	765	133	258	907	1048
SRF	541	403	8823	275	53	77	336	290
CUL9	49	111	811	62	17	21	45	110
DNPH1	2845	1882	41259	1125	278	396	2420	1376
TTBK1	5	6	197	4	1	3	4	14
SLC22A7	0	2	2	2	0	0	0	0
CRIP3	472	91	7501	120	23	46	499	147
ZNF318	822	314	10129	231	53	93	551	292
ABCC10	208	132	2259	81	16	29	104	113
DLK2	18	10	409	6	1	1	3	10
TJAP1	574	263	7768	186	35	73	330	272
LRRC73	41	50	1074	9	8	11	23	28
POLR1C	1458	626	19111	499	86	155	654	670
YIPF3	3166	1140	40516	733	153	296	1888	1248
XPO5	1622	570	19643	462	103	162	1041	703
POLH	284	308	2679	156	33	57	110	294
GTPBP2	393	183	5007	109	30	58	247	202
MAD2L1BP	1108	278	14739	218	36	101	596	369
RSPH9	52	174	671	45	18	33	32	110
MRPS18A	3178	710	45569	724	86	220	1681	1035
VEGFA	653	243	10601	303	55	166	509	408
C6orf223	21	4	142	13	1	2	14	5
MRPL14	11012	2454	131172	2227	394	800	5849	3518
TMEM63B	808	251	10152	233	57	84	456	346
CAPN11	22	5	402	3	2	2	20	16
MYMX	556	9	2254	15	5	8	117	49
SLC29A1	3776	338	39043	512	75	147	1633	858
HSP90AB1	179436	35425	2155950	35614	5848	12789	100505	57730
SLC35B2	942	238	17202	211	32	65	475	304
NFKBIE	247	97	5159	77	12	30	147	119
TMEM151B	68	21	1763	27	4	10	35	50
TCTE1	1	9	28	3	2	1	1	6
AARS2	649	191	7744	140	27	41	246	206
SPATS1	0	4	0	4	1	0	0	8
CDC5L	4526	2095	56936	1461	268	476	2620	2214
SUPT3H	1219	3356	12310	2159	472	803	850	3089
RUNX2	5	192	36	111	24	38	2	114
CLIC5	3	10	37	61	2	13	2	4
ENPP4	105	66	1463	48	7	20	70	68
ENPP5	265	24	3622	101	12	28	212	111
RCAN2	54	237	1150	260	50	88	95	266
CYP39A1	19	180	453	77	23	42	18	101
SLC25A27	22	241	884	123	17	69	37	125
TDRD6	38	5	71	4	0	1	6	6
PLA2G7	30	26	1095	60	5	19	103	38
ANKRD66	0	5	15	2	0	1	2	1
MEP1A	5	4	27	2	0	0	1	2
ADGRF5	0	1	4	0	0	1	0	0
ADGRF1	1	1	7	0	0	0	0	1
TNFRSF21	665	304	6332	287	48	100	379	391
CD2AP	3290	1399	41182	1628	268	529	1888	2400
ADGRF2	0	8	7	16	0	1	0	12
ADGRF4	0	0	2	4	0	0	0	0
OPN5	1	4	2	0	0	0	0	4
PTCHD4	5	1090	86	225	22	151	4	764
MMUT	701	435	8968	201	45	80	436	330
CENPQ	1050	624	10524	347	63	128	528	578
GLYATL3	0	1	0	0	0	0	0	2
C6orf141	106	51	343	78	27	91	180	85
RHAG	2	3	3	0	1	2	5	1
CRISP2	17	7	331	2	1	0	3	4
CRISP3	0	0	0	0	0	0	0	0
PGK2	0	0	1	0	0	0	0	0
CRISP1	0	1	1	0	0	0	0	0
DEFB133	0	7	3	0	0	1	1	0
DEFB114	0	0	0	0	0	0	0	0
DEFB113	0	0	0	0	0	0	0	0
DEFB110	0	0	0	0	0	0	0	0
DEFB112	0	0	0	0	0	0	0	0
TFAP2D	1	0	4	3	0	1	0	1
TFAP2B	44	288	365	320	52	99	23	192
PKHD1	1	115	31	51	8	8	1	63
IL17A	0	0	1	0	0	0	0	0
IL17F	0	0	0	1	0	0	0	2
MCM3	9119	1787	109609	2058	323	729	5406	3220
PAQR8	179	106	1792	52	22	33	185	134
EFHC1	300	1008	7013	271	94	193	313	572
TRAM2	463	270	5699	163	39	70	196	280
TMEM14A	638	490	9264	280	58	128	490	374
GSTA2	6	17	68	8	3	0	10	7
GSTA1	14	15	71	8	1	1	10	19
GSTA5	0	1	1	0	0	0	0	0
GSTA3	11	0	127	1	0	1	2	0
GSTA4	1298	1318	14387	479	139	270	758	861
ICK	828	440	8697	248	40	94	449	381
FBXO9	1678	454	21678	506	70	134	932	632
GCM1	0	0	3	0	0	1	0	1
ELOVL5	2125	1402	29164	907	218	330	1492	1347
GCLC	1374	378	12295	459	96	162	722	661
KLHL31	6	14	49	6	1	5	3	5
LRRC1	459	254	5508	188	43	95	271	364
MLIP	0	6	11	4	0	0	0	5
TINAG	0	1	4	0	0	0	0	1
FAM83B	229	52	1731	130	14	36	101	83
HCRTR2	2	69	31	23	8	16	0	46
GFRAL	0	6	2	3	0	1	0	12
HMGCLL1	6	499	98	103	45	103	5	154
BMP5	4	1475	122	610	115	310	12	681
COL21A1	125	53	1389	45	8	19	98	98
DST	3493	2822	53944	2542	570	1065	2001	3683
BEND6	57	19	421	75	8	12	16	31
KIAA1586	895	830	11483	504	109	196	550	642
ZNF451	1337	1194	14735	798	131	312	733	1052
BAG2	1703	348	13201	218	34	99	857	479
RAB23	436	324	6464	174	45	87	319	340
PRIM2	2227	2116	28773	1760	328	631	1531	2933
KHDRBS2	53	2999	851	1755	409	727	111	2459
FKBP1C	70	4	779	5	2	2	24	5
LGSN	3	7	37	2	1	3	1	6
PTP4A1	1	4	9	1	2	4	2	2
AL135905.2	30	18	376	27	2	3	16	31
PHF3	3666	2268	47911	1560	335	603	2214	2455
EYS	9	118	15	42	14	25	3	134
ADGRB3	8	2298	115	272	114	305	3	992
LMBRD1	854	770	8605	516	90	178	510	694
COL19A1	0	24	6	10	1	8	0	21
COL9A1	88	967	3565	129	42	128	155	344
FAM135A	609	1602	6311	846	210	350	365	1413
SDHAF4	473	410	5159	206	50	110	351	348
SMAP1	3324	2158	40841	1474	328	543	2479	2051
B3GAT2	109	95	1038	60	24	23	104	76
OGFRL1	193	208	3237	112	26	42	172	171
RIMS1	21	344	167	213	66	122	22	210
KCNQ5	6	361	89	282	19	107	9	131
KHDC1L	119	3	55	2	1	0	1	7
KHDC1	153	613	4805	360	78	129	240	515
DPPA5	7276	22	21046	29	26	32	1796	1088
KHDC3L	335	9	2217	0	0	0	47	30
OOEP	86	201	550	361	35	78	32	330
DDX43	120	11	966	2	0	2	40	24
CGAS	603	140	2561	46	34	61	260	241
MTO1	793	297	9664	196	50	78	469	405
EEF1A1	41273	100046	603917	97152	16717	38458	26048	172606
SLC17A5	1131	234	14425	229	65	66	526	440
CD109	101	37	824	69	18	26	49	51
COL12A1	18	20	456	114	13	49	9	7
COX7A2	35276	5290	397563	4823	909	1587	17057	8117
TMEM30A	1757	675	23008	459	115	226	875	891
FILIP1	440	186	12043	221	26	113	253	202
SENP6	3214	3091	40250	2470	452	847	2004	3534
MYO6	2607	844	22648	1234	237	344	1605	1637
IMPG1	4	7	63	5	1	3	3	6
HTR1B	1	0	21	1	0	0	0	0
MEI4	39	200	237	67	32	30	11	124
IRAK1BP1	389	1445	3971	498	139	266	237	844
PHIP	5778	3904	65740	2768	526	988	4042	4437
HMGN3	20074	6639	273122	5288	880	1930	11930	6887
LCA5	211	334	3588	157	41	86	191	228
SH3BGRL2	299	333	3357	233	52	114	253	363
ELOVL4	752	212	13093	224	42	58	476	307
TTK	2968	1069	30817	820	154	282	1843	1165
BCKDHB	556	2419	10766	1346	287	633	666	1706
TENT5A	137	131	2158	98	23	49	73	115
IBTK	2023	1627	19091	730	191	361	849	1360
TPBG	1367	6172	14371	1441	427	1310	992	3010
UBE3D	809	2847	9696	1200	301	714	635	2090
DOP1A	327	642	3914	498	108	225	178	816
PGM3	1766	771	22481	627	106	187	1149	852
RWDD2A	281	139	4925	90	17	42	174	136
ME1	481	253	3684	337	33	95	138	290
PRSS35	100	108	589	40	14	30	29	44
SNAP91	16	98	475	66	14	30	12	69
RIPPLY2	49	10	541	3	2	1	25	7
CYB5R4	618	376	7954	255	58	97	250	446
MRAP2	539	126	6459	93	35	15	127	229
CEP162	606	995	5534	475	99	201	373	688
TBX18	0	5	5	3	1	3	0	0
NT5E	3	4	66	7	0	1	7	5
SNX14	860	700	10484	521	136	212	454	768
SYNCRIP	10281	2668	116074	2845	489	1065	5357	4655
HTR1E	2	16	38	6	6	21	1	41
CGA	1	3	34	19	1	1	0	1
ZNF292	3770	3960	44373	2848	636	1135	2537	4278
GJB7	61	31	2035	123	21	23	115	102
SMIM8	1194	731	12778	432	110	190	732	693
C6orf163	36	19	598	15	2	4	36	24
CFAP206	3	74	24	29	3	16	1	40
SLC35A1	390	383	4749	186	64	90	180	342
RARS2	1932	1547	24853	1001	188	378	1335	1331
ORC3	2558	1247	30541	934	198	355	1713	1320
AKIRIN2	4270	1056	51850	1001	177	379	2948	1788
SPACA1	1	0	8	0	0	0	0	0
CNR1	76	138	1197	50	24	25	15	90
RNGTT	822	1885	9742	1193	261	439	534	1917
PNRC1	3228	964	32745	1135	192	398	1645	1272
SRSF12	294	717	4667	326	63	142	183	350
PM20D2	243	216	6545	191	35	68	152	150
GABRR1	13	7	117	16	2	7	5	13
GABRR2	2	8	11	7	1	4	0	9
UBE2J1	236	682	5633	407	80	152	228	401
RRAGD	389	444	14659	231	79	91	247	325
ANKRD6	57	836	1080	330	102	203	29	539
LYRM2	1492	1621	21072	713	151	340	978	1076
MDN1	7314	1143	83478	2266	481	670	4342	3934
CASP8AP2	1689	1072	15770	668	153	260	739	1015
GJA10	0	7	19	6	0	1	2	8
BACH2	117	1710	2142	869	199	349	51	1100
MAP3K7	1568	799	19348	681	126	241	961	1016
EPHA7	359	2472	4559	1071	526	1212	173	2160
MANEA	313	385	5368	202	41	90	212	387
FUT9	30	680	589	265	28	118	41	433
UFL1	1692	999	18247	637	139	269	1043	898
FHL5	0	1	2	0	0	0	0	0
GPR63	229	337	2492	191	52	87	202	308
NDUFAF4	6069	900	76552	1093	143	324	3008	1257
KLHL32	9	131	239	31	20	33	8	46
MMS22L	1401	1647	12971	1151	291	443	733	1757
POU3F2	31	889	242	119	85	149	8	478
FBXL4	448	691	5049	419	107	147	332	637
FAXC	434	261	8734	233	70	104	276	362
COQ3	1474	363	23415	296	52	159	918	503
PNISR	15138	6351	213679	4324	826	1763	10529	6360
USP45	669	591	7288	403	100	153	425	689
TSTD3	284	1001	2900	509	102	197	227	639
CCNC	9780	1292	104882	1698	246	472	4324	2108
PRDM13	7	0	106	1	0	1	3	0
MCHR2	0	2	3	4	0	2	1	2
SIM1	0	3	24	6	0	1	1	3
ASCC3	3661	3075	42752	2238	356	784	1596	4160
GRIK2	13	570	431	282	35	75	25	624
HACE1	258	759	3392	399	87	152	161	645
LIN28B	3786	3413	39709	2494	517	992	2326	4043
BVES	25	61	660	34	5	6	31	46
POPDC3	263	10	3081	23	9	4	228	29
PREP	973	547	11780	496	105	160	667	830
PRDM1	72	190	490	126	8	65	20	141
ATG5	2848	1084	34315	943	154	318	1567	1412
CRYBG1	294	40	2403	177	34	49	132	255
RTN4IP1	833	290	9272	224	46	90	504	365
QRSL1	1939	577	22594	460	106	196	991	734
CD24	32219	5541	477125	11301	1441	4160	25414	16751
MTRES1	1817	567	24398	410	83	163	950	723
BEND3	506	267	5851	249	72	98	394	427
PDSS2	708	1592	8809	1113	284	389	460	2029
SOBP	61	1376	1962	445	144	230	90	1171
SCML4	1	0	3	7	0	1	0	3
SEC63	3282	1691	36425	1133	309	482	2082	2004
OSTM1	1315	431	14256	401	94	114	594	567
NR2E1	3	10	43	4	1	5	0	10
SNX3	11819	2522	144925	2188	442	739	6157	3282
AFG1L	237	461	3686	337	89	117	153	523
FOXO3	608	671	10661	646	140	256	384	1145
ARMC2	65	693	941	197	58	115	35	398
SESN1	1233	718	15851	431	87	177	528	805
CEP57L1	438	928	5664	297	84	165	345	573
CD164	2667	808	32043	884	128	340	1794	996
PPIL6	54	480	615	95	47	74	33	178
SMPD2	336	117	4131	64	17	28	158	105
MICAL1	410	122	6900	108	22	29	282	179
ZBTB24	1172	298	13084	327	54	100	611	441
AK9	74	273	1376	88	36	63	52	175
FIG4	414	405	6346	264	58	122	302	487
GPR6	1	1	27	1	0	0	0	2
WASF1	559	1899	9614	692	192	400	464	1156
CDC40	2936	1029	32766	745	153	270	1736	1370
METTL24	2	539	36	165	51	93	1	212
DDO	2	0	2	0	0	0	0	1
SLC22A16	0	0	3	4	0	0	1	3
CDK19	334	2294	4693	1199	308	466	267	1835
AMD1	6771	1376	84008	1593	253	497	3761	2333
GTF3C6	10382	2990	132398	2298	427	816	6351	3012
RPF2	4600	878	64263	1023	150	271	3099	1728
SLC16A10	935	259	21074	414	79	117	526	686
MFSD4B	1044	1040	18174	606	130	303	619	1010
REV3L	414	2026	6480	770	195	338	293	1561
TRAF3IP2	528	151	5246	147	37	54	353	319
FYN	1027	2369	17798	1274	270	488	848	1858
CCN6	4	0	30	0	1	0	1	4
TUBE1	563	281	7394	158	40	61	342	287
FAM229B	1121	1207	12637	396	122	270	1032	790
LAMA4	21	124	479	34	21	34	15	87
RFPL4B	55	0	7	0	0	0	0	0
MARCKS	5085	15422	58337	5946	1821	3696	7320	9840
HDAC2	14071	4301	173776	3426	637	1385	8785	6389
HS3ST5	128	86	2751	437	48	195	100	1101
FRK	6	7	114	23	6	11	9	12
NT5DC1	1985	840	20287	944	166	334	1169	1346
COL10A1	1	20	13	18	4	5	1	22
TSPYL4	440	646	5167	272	77	147	277	379
DSE	1141	910	9316	554	145	242	632	1216
TSPYL1	2107	582	23797	477	102	218	1179	652
CALHM6	18	60	245	53	8	13	17	47
TRAPPC3L	0	1	2	0	0	1	1	0
CALHM5	0	20	15	6	0	2	3	19
CALHM4	1	0	4	0	0	1	0	0
RWDD1	6889	2356	87694	1728	368	568	3724	2485
RSPH4A	16	76	326	12	12	16	19	32
ZUP1	1003	305	10581	244	49	98	540	420
KPNA5	686	782	8148	391	121	175	455	658
FAM162B	89	15	3088	21	2	10	81	34
GPRC6A	40	6	151	2	1	0	17	5
RFX6	1	12	13	4	0	2	1	2
VGLL2	12	0	111	2	0	3	6	1
ROS1	1	0	0	0	0	1	0	0
DCBLD1	290	106	3479	120	43	51	227	193
GOPC	2332	763	30360	354	142	222	691	1006
NUS1	1029	878	11424	787	118	241	543	1164
SLC35F1	288	7375	1687	1838	1877	2281	249	3948
CEP85L	398	805	5396	396	79	168	260	589
PLN	1	15	5	7	1	9	0	6
MCM9	198	746	1979	433	107	137	166	768
ASF1A	2234	680	27850	575	91	204	1175	810
FAM184A	228	543	4281	376	81	162	269	507
MAN1A1	88	300	1652	251	78	68	101	376
TBC1D32	198	1380	2551	660	171	296	121	995
GJA1	16116	1375	168166	4542	488	1244	8342	5586
HSF2	430	760	7677	310	90	137	344	453
SERINC1	1170	877	15532	516	103	289	806	736
PKIB	2029	2257	21344	432	58	565	1220	1339
FABP7	394	5880	4287	728	294	464	253	2512
SMPDL3A	63	98	877	46	9	34	36	53
CLVS2	7	92	49	17	17	26	10	61
TRDN	3056	81	25824	1197	5	133	861	974
NKAIN2	8	1181	97	966	176	309	8	983
RNF217	121	536	2906	365	72	107	225	439
TPD52L1	292	189	2644	121	41	90	295	211
HDDC2	4287	2068	60268	1441	273	476	3979	1788
HEY2	1784	92	28929	328	67	80	704	388
NCOA7	200	235	4562	280	35	94	188	294
HINT3	569	343	8468	197	47	102	460	294
TRMT11	1907	1732	18776	1238	227	438	1180	1704
CENPW	6936	2462	86571	1573	292	616	3715	2882
RSPO3	158	4654	1578	957	452	916	138	2310
RNF146	1216	734	13616	431	98	190	818	617
ECHDC1	3630	1757	59308	1022	206	378	1568	1765
KIAA0408	1	230	44	42	24	35	4	122
SOGA3	1	494	36	113	37	89	2	225
C6orf58	8	40	51	13	3	4	3	26
THEMIS	0	9	0	3	0	1	0	4
PTPRK	144	3744	1630	2281	544	910	101	3719
LAMA2	202	355	1430	459	51	62	83	652
ARHGAP18	353	178	6751	176	29	110	210	228
TMEM244	0	1	0	0	0	0	0	0
L3MBTL3	479	525	4297	256	81	102	344	426
SAMD3	18	63	237	140	13	21	20	261
TMEM200A	70	31	1185	86	12	27	50	109
SMLR1	3	7	32	1	1	0	5	4
EPB41L2	2145	1916	31446	1580	282	517	1890	2072
AKAP7	690	377	18621	381	79	103	567	447
ARG1	22	5	57	9	0	0	1	266
MED23	417	551	4678	305	62	135	269	490
ENPP3	1	15	30	5	0	3	1	5
OR2A4	0	0	0	0	0	0	0	0
CTAGE9	0	1	81	0	0	1	0	0
ENPP1	1812	160	28616	414	47	84	919	581
CCN2	1535	769	19924	813	195	477	1356	491
MOXD1	24	66	482	40	7	24	41	55
STX7	1259	447	16200	405	102	166	754	571
TAAR9	0	0	0	0	0	0	0	0
TAAR8	0	0	0	0	0	0	0	0
TAAR6	0	0	0	0	0	0	0	0
TAAR5	0	0	0	0	0	0	0	0
TAAR2	0	0	0	0	0	0	0	0
TAAR1	0	0	0	0	0	0	0	0
VNN1	1	0	10	0	0	0	0	0
VNN3	0	0	0	0	0	0	0	0
VNN2	0	2	1	1	0	0	0	0
SLC18B1	974	269	8378	172	57	75	422	330
RPS12	376014	61537	3549924	65363	10500	22660	203982	98538
EYA4	24	308	117	241	41	187	7	138
TCF21	7	1	83	2	0	0	2	4
TBPL1	3055	914	40575	707	123	264	1699	1091
SLC2A12	42	132	553	83	13	44	39	117
SGK1	1033	49	3863	101	18	16	221	176
ALDH8A1	3	1	59	1	1	1	0	10
HBS1L	2187	1001	24722	805	194	293	1358	1484
MYB	146	52	2070	35	13	12	108	71
AHI1	598	1994	9212	863	211	391	598	1461
PDE7B	3	102	20	18	8	16	1	52
MTFR2	771	150	10097	153	20	41	384	232
BCLAF1	5033	2886	57357	2544	427	989	2907	3509
MAP7	1551	440	25527	946	221	307	1109	2087
MAP3K5	33	42	729	89	12	28	25	118
PEX7	621	368	9728	279	67	107	492	442
SLC35D3	45	8	962	3	0	0	19	18
IL20RA	52	5	770	10	4	4	32	18
IL22RA2	0	1	0	0	0	0	0	0
IFNGR1	878	427	12103	318	59	101	700	454
OLIG3	60	235	134	124	54	84	27	179
TNFAIP3	65	46	804	76	3	18	30	32
PERP	9142	1342	86732	1877	291	662	3471	2459
ARFGEF3	820	186	12301	443	84	149	594	663
PBOV1	1	1	6	1	0	0	0	0
SMIM28	0	0	3	0	0	0	0	0
HEBP2	5415	898	47253	1474	212	389	2579	1832
NHSL1	597	2431	6106	1440	414	581	389	2657
GVQW2	16	52	328	28	5	22	18	72
CCDC28A	395	227	6026	180	28	55	240	209
ECT2L	13	32	48	10	1	6	5	24
REPS1	1291	1227	14356	946	200	352	808	1304
ABRACL	14794	2180	193199	3015	417	941	8074	3967
HECA	162	250	1870	185	25	53	103	174
TXLNB	3	42	62	24	7	20	2	15
CITED2	1357	1820	15520	1284	214	643	1398	1487
NMBR	0	20	2	5	1	3	0	3
GJE1	0	0	0	0	0	0	0	0
VTA1	2520	1084	31189	880	155	297	1474	1316
ADGRG6	28	186	856	36	12	17	30	70
HIVEP2	184	368	1660	447	125	121	157	774
AIG1	2529	1560	46759	1215	174	513	1522	1540
ADAT2	624	343	5535	184	37	91	481	333
PEX3	1218	370	15396	346	65	112	725	443
FUCA2	1681	1094	30473	719	138	274	1331	1090
PHACTR2	3931	2327	53617	1422	368	670	1716	2562
LTV1	3774	717	43308	700	111	221	1728	990
ZC2HC1B	0	1	0	2	0	2	1	0
PLAGL1	84	3972	795	978	217	356	62	1447
SF3B5	8345	3152	113184	2188	423	826	5196	3181
STX11	4	1	146	0	2	0	2	3
UTRN	1386	3365	35187	2256	449	948	1143	3953
EPM2A	131	294	1264	212	47	87	105	263
FBXO30	523	395	4992	271	50	120	326	380
SHPRH	2607	1782	27067	1090	258	442	1517	1819
GRM1	6	97	86	33	8	19	2	108
RAB32	429	1185	8079	492	92	184	317	664
ADGB	2	21	19	11	1	2	1	8
STXBP5	188	1240	1774	659	188	266	101	1186
SAMD5	54	552	885	111	38	165	54	202
SASH1	881	1631	10819	946	199	374	356	1507
UST	608	1908	11438	2043	403	604	306	4735
TAB2	1193	1521	12413	1018	202	363	653	1453
SUMO4	147	61	758	34	10	14	69	48
ZC3H12D	4	2	51	1	1	0	0	2
PPIL4	3628	1452	37143	926	208	360	2095	1555
GINM1	1637	853	17408	524	130	260	893	917
KATNA1	1947	313	19811	382	83	142	945	537
LATS1	520	848	5996	526	113	222	352	774
NUP43	1493	536	16698	488	92	168	946	843
PCMT1	11115	1749	133156	1817	318	684	5161	2968
LRP11	52	380	1259	184	67	125	50	366
RAET1E	0	3	4	0	1	0	0	2
RAET1G	1	0	36	1	0	1	0	1
ULBP2	7	1	100	0	0	0	0	4
ULBP1	10	16	164	4	0	6	5	3
RAET1L	4	1	24	0	0	0	0	0
ULBP3	48	50	484	16	3	15	25	38
PPP1R14C	142	132	341	81	43	44	36	108
IYD	0	3	3	2	1	1	0	0
PLEKHG1	29	1853	357	371	132	266	23	874
MTHFD1L	2515	1374	28463	1852	270	531	1624	2507
AKAP12	9984	2803	79684	1934	444	846	3863	3805
ZBTB2	537	233	5538	227	34	81	261	348
RMND1	1914	712	20433	486	123	180	892	886
ARMT1	11394	673	104059	1021	240	301	4616	2195
CCDC170	13	31	121	15	5	1	5	20
ESR1	1	12	42	12	3	2	2	19
SYNE1	96	409	1081	183	48	82	37	214
MYCT1	381	5	4131	23	9	5	121	97
VIP	0	0	3	0	0	1	0	2
FBXO5	2559	1119	27628	789	127	314	1733	1316
MTRF1L	877	435	11265	410	79	158	418	588
RGS17	349	282	4672	192	56	81	248	500
OPRM1	1	2	3	6	0	1	0	12
IPCEF1	5	35	82	24	6	6	12	45
CNKSR3	144	513	922	371	58	102	104	404
SCAF8	853	1947	8446	1343	243	492	528	1781
TIAM2	399	1151	4826	790	131	335	312	1472
TFB1M	2381	638	21635	610	107	218	1703	913
CLDN20	1	36	5	21	3	11	0	57
NOX3	2	6	1	10	1	2	0	6
ARID1B	3138	5044	28429	4136	765	1314	2010	5984
TMEM242	2031	645	23621	511	108	205	1086	787
ZDHHC14	243	263	2726	274	56	152	151	550
SNX9	1988	1399	12965	928	256	325	629	1743
SYNJ2	343	105	1789	205	25	33	132	197
SERAC1	359	219	3236	159	28	64	252	248
GTF2H5	5337	2222	52844	1611	325	591	3926	2074
TULP4	1024	1022	10689	865	178	341	720	1323
TMEM181	1122	589	12599	624	132	194	745	937
DYNLT1	8069	3924	89564	2236	514	995	4484	3585
SYTL3	2	31	58	12	1	5	1	28
EZR	19776	1732	191015	4052	643	1237	7069	5743
RSPH3	196	515	1909	154	47	95	109	243
TAGAP	0	2	0	2	1	0	0	1
FNDC1	11	2	65	1	0	2	2	4
SOD2	1485	1431	12996	763	191	319	645	1377
WTAP	4063	1951	41597	1646	294	568	2241	2340
ACAT2	7549	4710	75411	2777	506	1017	4596	4276
TCP1	18680	2574	203558	2426	484	846	9407	4886
MRPL18	9480	1366	102722	1335	289	444	4528	2600
PNLDC1	9	1	188	1	0	0	7	9
MAS1	7	4	48	3	0	1	2	9
IGF2R	1278	1031	20776	867	146	298	796	1236
SLC22A1	8	14	37	19	2	4	11	16
SLC22A2	54	8	572	33	1	5	25	161
SLC22A3	46	94	330	362	62	14	22	373
LPA	1	3	4	0	3	1	0	2
PLG	0	6	2	1	0	1	0	1
MAP3K4	1404	1290	12063	995	226	320	801	1498
AGPAT4	637	1383	8177	942	194	329	436	1319
PRKN	14	2150	192	868	282	484	9	1198
PACRG	26	193	214	62	25	63	7	81
QKI	3724	7134	45477	2991	700	1393	2436	5056
C6orf118	9	239	251	63	27	47	12	98
PDE10A	18	2029	344	253	155	261	9	1043
TBXT	17	23	22	168	14	14	29	65
PRR18	8	5	144	0	0	2	1	1
SFT2D1	6319	905	74845	984	161	346	3186	1457
MPC1	1206	639	16608	258	96	135	531	522
RPS6KA2	273	858	4247	671	133	270	159	1202
RAMACL	23	5	224	20	0	3	11	20
RNASET2	5643	445	43610	594	164	220	2436	1217
FGFR1OP	915	1238	11900	641	137	265	572	1039
CCR6	4	1	101	3	0	3	1	7
TCP10L2	2	1	35	4	1	1	2	12
GPR31	0	0	0	0	0	0	0	0
UNC93A	30	0	100	11	6	1	17	20
TTLL2	0	3	10	2	0	0	1	4
TCP10	0	0	5	0	0	0	0	2
AFDN	4699	2872	52544	2108	420	837	2672	3296
KIF25	53	17	287	18	9	3	42	25
FRMD1	2	1	123	2	0	0	4	2
DACT2	41	3	308	8	0	7	31	15
SMOC2	49	24	199	33	11	17	51	49
THBS2	564	32	7737	79	20	29	327	132
WDR27	332	655	4125	765	155	236	224	1041
C6orf120	1269	298	15889	308	59	105	726	444
PHF10	1104	526	8961	311	88	162	516	593
TCTE3	0	98	1	42	11	16	0	46
ERMARD	121	208	1314	124	26	50	75	150
DLL1	13	365	72	116	48	71	5	344
FAM120B	36	929	657	522	112	213	21	798
PSMB1	33648	6010	417089	5971	959	1983	17163	8955
TBP	993	298	10589	241	53	89	505	348
PDCD2	9686	1394	116189	1694	298	494	6253	2500
FAM20C	420	96	2905	193	36	41	239	281
AC187653.1	2	0	27	0	0	0	1	0
PDGFA	5394	284	31877	586	219	250	2720	2250
PRKAR1B	1200	290	16617	518	76	134	640	775
DNAAF5	1527	435	18760	414	93	158	830	725
SUN1	1781	601	22066	614	145	251	1125	1045
GET4	28	19	494	18	4	11	20	33
ADAP1	60	11	942	5	1	2	25	21
COX19	1381	489	15109	404	81	138	742	545
CYP2W1	0	0	12	2	0	0	2	0
C7orf50	2491	2230	40819	1134	247	565	1628	1993
GPR146	14	13	375	20	2	15	43	27
GPER1	3	34	21	16	7	8	1	21
ZFAND2A	675	201	5331	101	28	87	478	224
UNCX	31	3	181	1	0	2	2	8
MICALL2	109	64	1039	29	8	17	46	61
INTS1	1288	319	16692	287	49	107	718	416
MAFK	220	27	2276	29	4	12	75	29
TMEM184A	19	4	78	7	0	0	9	3
PSMG3	569	744	37061	301	50	195	880	443
ELFN1	111	110	992	25	5	21	53	87
MAD1L1	20	773	232	635	106	196	12	1122
MRM2	1	707	47	553	68	193	4	859
NUDT1	8176	1984	84899	1624	326	483	4627	2884
SNX8	863	420	13765	493	105	170	548	687
EIF3B	9001	1159	108688	1500	225	505	5175	2517
CHST12	1302	265	15190	273	67	74	455	468
GRIFIN	0	0	0	1	0	0	0	0
LFNG	461	283	5235	150	28	90	172	230
BRAT1	726	370	9679	241	60	103	454	410
IQCE	247	435	2770	158	54	88	101	248
TTYH3	838	578	9865	330	71	136	597	544
AMZ1	14	141	181	90	23	41	12	138
GNA12	1741	781	20370	766	166	279	816	1313
CARD11	241	40	3735	249	23	39	118	240
SDK1	62	5148	805	3517	687	1261	51	4013
FOXK1	349	940	2677	347	111	187	282	662
AP5Z1	345	207	5721	199	23	55	151	165
RADIL	63	363	861	94	44	48	50	249
PAPOLB	12	16	75	3	3	0	4	14
MMD2	1	15	34	6	1	1	0	12
RBAK	343	178	4131	139	28	58	199	224
WIPI2	4371	1100	50478	958	191	349	2253	1692
SLC29A4	116	264	1706	74	33	56	78	160
TNRC18	391	1350	679	435	166	217	136	978
FBXL18	521	226	6260	192	36	77	255	328
ACTB	197239	31458	2668079	46194	6627	13492	98720	57242
FSCN1	9850	2396	88853	2327	404	724	4680	3811
RNF216	1517	1290	17168	933	194	326	816	1351
OCM	0	3	11	2	0	3	0	2
CCZ1	1443	330	18190	404	44	92	779	394
RSPH10B	2	1	38	1	0	0	3	3
PMS2	302	330	3204	190	49	95	191	307
AIMP2	2967	833	47103	789	133	232	2080	1131
EIF2AK1	3059	1468	36605	1002	227	373	1830	1374
ANKRD61	2	9	20	7	0	5	4	8
USP42	785	652	9209	443	73	148	451	539
CYTH3	164	381	2358	244	57	92	107	440
FAM220A	4	1	40	2	0	0	3	4
AC009412.1	0	0	0	0	0	0	0	0
RAC1	24344	5757	329929	6151	916	2119	13716	9778
DAGLB	454	192	6139	178	49	74	240	310
KDELR2	6603	1827	74936	1442	240	648	3487	2358
GRID2IP	2	33	163	36	5	23	5	62
ZDHHC4	1729	688	32173	576	106	227	1064	763
C7orf26	583	213	7983	147	31	64	333	241
ZNF853	170	53	2598	37	10	17	93	55
ZNF316	141	134	2995	87	10	33	79	115
ZNF12	927	299	11218	253	57	95	607	398
RSPH10B2	0	2	10	4	1	1	0	2
CCZ1B	486	320	6852	165	37	62	287	346
C1GALT1	4302	848	47536	1514	233	414	2352	2335
COL28A1	26	33	348	29	1	12	21	40
MIOS	915	459	10608	398	76	134	453	492
RPA3	9891	2700	144725	2114	385	817	6536	3407
UMAD1	466	981	7304	638	170	276	234	1102
GLCCI1	644	2379	11513	966	280	429	522	1757
ICA1	949	128	17096	268	42	79	577	448
NXPH1	5	25	36	45	9	9	0	47
NDUFA4	76708	12148	901663	12120	2202	4295	37303	19298
PHF14	5644	3604	87228	1944	468	998	3446	3459
THSD7A	57	1164	659	438	108	169	50	627
TMEM106B	1460	1052	14534	604	150	289	1022	831
VWDE	440	122	6136	512	80	105	180	655
AC013470.2	18	19	62	55	9	12	14	36
SCIN	81	2	247	3	0	3	26	8
ARL4A	1916	1782	27858	820	187	351	1342	1389
ETV1	1900	1060	26908	654	164	251	1241	1340
DGKB	5	1018	134	143	100	240	7	832
AGMO	43	121	453	202	16	63	22	137
MEOX2	1	12	309	5	0	1	2	11
CRPPA	66	236	822	199	38	63	53	242
SOSTDC1	11	34	106	13	4	2	17	23
LRRC72	0	0	0	1	1	0	0	1
ANKMY2	210	553	3733	221	62	123	180	413
BZW2	5345	1907	55520	1523	289	570	3313	2671
TSPAN13	2302	2598	20540	724	157	363	1342	1792
AGR2	0	2	7	1	0	3	0	5
AGR3	0	3	2	8	0	2	0	1
AHR	81	164	1022	525	40	88	51	226
SNX13	728	1037	8684	644	132	249	501	1007
PRPS1L1	0	0	2	0	0	0	0	0
HDAC9	57	1138	998	406	89	189	147	804
TWIST1	102	112	1200	81	14	18	16	37
FERD3L	0	0	1	0	0	0	0	0
TWISTNB	3514	648	38381	693	110	203	1981	1032
TMEM196	1	35	12	5	9	16	2	46
MACC1	680	59	5012	333	72	106	315	300
ITGB8	53	1157	526	306	109	245	41	617
ABCB5	2	27	13	26	2	5	1	56
SP8	731	264	3509	203	40	67	580	438
SP4	761	659	8687	538	97	190	476	901
DNAH11	249	152	2478	329	92	72	179	271
CDCA7L	4698	1036	50115	794	195	367	2879	1747
RAPGEF5	266	253	1520	404	62	54	158	514
STEAP1B	351	298	3635	1419	50	122	164	1966
IL6	98	2	1327	28	1	4	23	11
TOMM7	64775	4263	596443	5577	1359	1637	26925	13226
FAM126A	2133	740	31107	903	165	284	1317	1721
KLHL7	2439	1239	30201	865	185	499	1700	1633
NUP42	2288	837	21826	628	108	165	989	747
GPNMB	49	13	5130	21	2	8	30	9
MALSU1	5252	1146	81591	1175	183	358	2814	1699
IGF2BP3	6090	5631	92865	6045	1032	1820	5926	8222
TRA2A	3593	2439	35973	2032	352	750	2194	2744
CCDC126	160	332	2192	202	40	86	88	245
FAM221A	828	314	11276	183	36	86	533	341
STK31	43	28	244	17	6	9	12	45
NPY	94	32	2110	106	24	137	39	92
MPP6	2519	2197	32303	2109	430	807	1992	2630
GSDME	233	146	3136	79	14	36	138	109
OSBPL3	238	641	3125	289	71	125	147	659
CYCS	39718	3472	503369	4915	748	1498	19321	8584
C7orf31	38	85	864	33	8	11	50	64
NPVF	0	0	0	0	0	0	0	0
NFE2L3	4109	289	36676	715	128	249	2484	1355
HNRNPA2B1	63666	19285	772510	16247	2506	6195	34357	27132
CBX3	14841	4118	186299	3498	651	1248	7984	5193
SNX10	472	368	5922	209	48	96	327	312
SKAP2	114	98	2474	132	9	42	113	154
HOXA1	2	6	4	13	2	3	4	2
HOXA2	0	6	7	14	3	11	2	0
HOXA3	1	3	11	7	0	5	1	1
HOXA4	0	0	4	1	0	0	0	0
HOXA5	0	0	2	1	0	0	0	0
HOXA6	0	0	1	0	0	0	0	0
HOXA7	1	5	14	1	0	0	0	0
HOXA9	1	3	22	1	0	0	0	0
HOXA10	0	0	34	1	1	0	1	1
HOXA11	0	0	10	1	0	0	0	0
HOXA13	1	2	12	2	0	2	0	0
EVX1	7	3	13	54	0	1	11	8
HIBADH	1493	1612	14086	940	229	356	894	1568
TAX1BP1	5772	2593	75350	1946	454	802	3871	3499
JAZF1	1242	403	14068	1010	209	250	401	1711
CREB5	476	289	2752	263	61	116	75	333
TRIL	26	251	295	114	11	44	24	91
CPVL	2213	482	30680	657	77	209	1029	525
AC004593.3	0	5	24	1	2	0	0	4
CHN2	14	9	818	32	1	6	21	9
PRR15	599	21	5504	146	12	30	316	143
WIPF3	677	139	8054	278	39	96	359	329
SCRN1	2293	590	19801	523	123	219	880	1074
FKBP14	1161	411	8286	284	68	117	688	547
PLEKHA8	1352	1262	12746	840	167	339	751	1487
MTURN	262	220	4145	124	34	43	180	182
ZNRF2	1026	730	11216	640	106	217	625	757
NOD1	54	183	498	136	26	44	30	173
GGCT	9700	2843	120563	2256	437	827	5796	3711
GARS	5399	1521	100671	1641	195	520	2971	2504
CRHR2	4	8	24	4	6	2	1	6
INMT	11	40	115	34	7	9	13	35
MINDY4	42	237	594	139	14	39	27	132
AQP1	7	3	123	2	0	0	4	2
GHRHR	46	16	375	25	2	2	23	24
ADCYAP1R1	66	104	616	37	7	15	33	59
NEUROD6	0	0	1	0	0	0	0	0
ITPRID1	44	7	228	29	1	1	1	521
PPP1R17	99	60	4503	106	10	21	98	137
PDE1C	19	213	113	83	34	25	9	127
LSM5	14887	4101	177400	3115	560	1151	9581	4818
AVL9	940	935	9774	787	151	252	545	1323
KBTBD2	683	575	6626	418	79	145	361	525
FKBP9	93	153	1585	91	33	40	59	103
NT5C3A	1691	1108	20239	649	137	248	983	1057
RP9	1039	782	11633	495	90	189	600	664
BBS9	1791	1765	34676	1029	355	1195	521	7225
BMPER	24	61	189	98	12	48	6	144
NPSR1	0	4	6	1	2	4	0	6
DPY19L1	265	858	3933	300	65	166	184	566
TBX20	1	4	6	7	0	1	1	22
HERPUD2	500	432	6879	268	56	110	350	427
SEPTIN7	12561	6689	135984	4642	922	1803	8313	6809
EEPD1	114	226	1548	223	34	58	103	338
KIAA0895	19	183	397	65	16	30	11	53
ANLN	1983	1124	18944	851	135	243	1038	1020
AOAH	15	60	47	15	2	6	0	32
ELMO1	91	776	1032	473	96	137	55	906
GPR141	1	0	62	2	0	0	3	2
EPDR1	126	128	1643	126	15	49	122	103
NME8	2	7	63	1	0	0	7	3
SFRP4	2	21	20	13	2	8	2	6
STARD3NL	1897	1232	29839	695	148	297	1255	1080
TRGC2	0	0	0	0	0	0	0	2
TRGJ2	0	0	0	0	0	0	0	0
TRGJP2	0	0	0	0	0	0	0	0
TRGC1	0	0	2	1	0	0	5	7
TRGJ1	0	0	0	0	0	0	0	0
TRGJP	0	0	0	0	0	0	0	0
TRGJP1	0	0	0	0	0	0	0	0
TRGV11	0	0	0	0	0	0	0	0
TRGVB	0	0	0	0	0	0	0	0
TRGV10	0	0	0	0	0	0	0	0
TRGV9	1	0	6	1	0	0	0	0
TRGVA	0	0	0	0	0	0	0	0
TRGV8	0	0	1	0	0	0	0	0
TRGV7	0	0	3	0	0	0	0	0
TRGV6	0	0	0	0	0	0	0	0
TRGV5P	0	0	0	0	0	0	0	0
TRGV5	0	0	0	0	0	0	0	0
TRGV4	0	0	0	0	0	0	0	0
TRGV3	0	0	0	0	0	0	0	0
TRGV2	0	0	0	0	0	0	0	0
TRGV1	0	0	0	0	0	0	0	0
AMPH	64	930	1781	234	79	149	64	548
VPS41	945	1061	12100	742	146	300	682	1163
POU6F2	99	828	1459	816	253	279	119	1163
YAE1	1176	582	15518	362	76	181	667	456
RALA	5895	1761	84421	1759	303	687	3478	3025
CDK13	1704	1836	20838	1516	324	508	1111	2145
MPLKIP	5637	1598	56495	1193	234	401	3690	1939
SUGCT	253	873	1944	367	120	180	117	818
INHBA	59	1	708	46	1	6	6	6
GLI3	333	6739	4671	1973	563	1250	379	3923
C7orf25	45	115	261	97	8	37	16	123
PSMA2	8708	5366	97223	5875	965	1901	4175	9387
MRPL32	8658	1016	108321	1221	175	397	4074	1946
HECW1	98	95	980	108	14	39	29	278
STK17A	1660	438	20871	364	62	152	567	669
COA1	7445	4150	101225	3092	606	1118	4717	4479
BLVRA	1160	196	20557	304	60	135	577	323
MRPS24	104	2574	1289	2098	403	692	53	3138
URGCP	307	302	4243	190	43	82	150	231
UBE2D4	328	289	4405	125	39	56	210	157
SPDYE1	4	72	18	37	13	17	4	39
DBNL	2012	484	28039	422	72	150	1028	600
PGAM2	414	303	7947	196	28	19	140	98
POLM	489	128	5703	66	14	35	302	145
AEBP1	460	254	7962	123	32	46	313	245
POLD2	5350	1812	70204	1190	227	461	3036	1870
MYL7	27	5	556	27	1	3	29	10
GCK	123	38	1891	34	6	16	88	35
YKT6	1045	306	18435	264	37	87	547	468
CAMK2B	10	26	154	5	6	5	8	20
NUDCD3	882	655	11117	518	104	162	595	754
NPC1L1	0	3	18	2	0	0	0	1
DDX56	2025	457	25373	365	64	149	1020	652
TMED4	3050	1589	36452	827	164	406	1914	1640
OGDH	1180	921	16508	577	125	188	584	832
ZMIZ2	412	181	6842	152	26	50	259	218
PPIA	30551	21768	433666	19309	3330	7366	17534	34555
H2AFV	13244	5615	151411	3684	747	1539	7198	5751
PURB	1059	428	12536	354	75	128	716	530
MYO1G	16	3	125	1	0	0	2	5
CCM2	1050	913	16590	579	107	255	687	921
NACAD	125	33	2930	36	4	21	45	58
TBRG4	4731	487	72502	621	100	203	2218	831
RAMP3	48	0	1278	4	0	0	17	9
ADCY1	458	260	5563	238	34	60	207	406
CCDC201	0	0	1	0	0	0	0	0
IGFBP1	1	0	21	1	0	0	2	0
IGFBP3	242	74	4556	867	7	125	136	51
TNS3	814	1086	6854	912	181	270	463	1211
PKD1L1	3	13	45	17	3	4	1	14
HUS1	1075	280	11396	234	34	89	515	348
SUN3	25	2	143	5	1	3	4	12
C7orf57	262	21	949	10	6	2	49	37
UPP1	6792	463	69800	701	124	190	2744	1198
ABCA13	20	85	53	16	1	22	2	35
CDC14C	0	0	3	0	0	0	0	0
VWC2	2	36	64	21	4	9	3	43
ZPBP	1	22	47	10	3	7	1	12
SPATA48	0	0	0	3	0	0	0	0
IKZF1	15	166	401	37	6	16	17	99
FIGNL1	151	490	1885	121	27	55	124	298
DDC	1	10	41	4	0	2	2	5
GRB10	973	1168	11839	931	188	309	596	1864
COBL	1664	151	24817	755	98	216	583	1444
POM121L12	0	0	0	0	0	0	0	0
VSTM2A	12	1	632	0	1	0	13	4
SEC61G	28956	3915	378459	4494	743	1383	17602	6174
EGFR	75	460	1146	206	57	107	73	260
LANCL2	411	519	5621	384	78	132	220	500
VOPP1	732	793	9908	703	169	293	419	1642
SEPTIN14	0	3	3	0	1	0	0	0
ZNF713	89	453	883	256	49	74	63	354
NIPSNAP2	3233	1563	41375	1103	267	353	1511	1803
MRPS17	1233	721	16214	1037	168	300	680	1393
PSPH	1334	703	19077	568	96	213	877	784
CCT6A	28342	5559	296700	5192	877	1750	15137	8288
SUMF2	1845	598	24273	489	114	222	1411	763
PHKG1	203	93	2152	53	14	23	185	75
CHCHD2	12213	286	226066	6493	39	489	2126	321
NUPR2	38	0	84	0	0	0	5	1
ZNF479	0	0	0	0	0	0	0	0
ZNF716	2	0	2	2	0	0	3	0
AC115220.1	0	0	0	0	0	0	0	0
ZNF727	0	0	0	0	0	0	18	0
ZNF735	0	0	0	0	0	0	0	0
ZNF679	0	1	0	0	0	0	0	0
ZNF736	15	18	64	464	42	0	48	404
ZNF680	1372	728	11185	711	71	227	476	945
ZNF107	872	548	8797	534	99	156	372	656
ZNF138	1894	883	19110	707	81	258	746	1209
ZNF273	1288	503	12290	378	76	143	640	577
ZNF117	107	289	1998	176	14	51	85	187
ERV3-1	294	279	3336	168	17	45	177	183
ZNF92	1774	733	15650	563	119	178	935	892
VKORC1L1	2356	958	30153	910	184	316	1472	1305
GUSB	1654	704	27350	527	89	203	1032	804
ASL	740	379	11239	353	52	96	515	477
CRCP	1185	597	13278	522	96	165	687	781
TPST1	337	1997	4724	970	180	341	192	1484
KCTD7	149	176	2635	93	21	34	131	170
RABGEF1	155	1623	1806	921	199	373	71	1396
TMEM248	1883	561	24451	550	99	218	1080	750
SBDS	3688	767	40680	640	126	222	1705	908
TYW1	1316	893	14899	730	123	227	748	1025
SPDYE21P	1	40	10	26	5	10	0	36
AUTS2	1617	9766	22578	4705	1039	2035	1025	6167
GALNT17	368	1519	5177	3871	626	860	285	5529
CALN1	265	571	3509	666	114	256	172	1153
TYW1B	415	676	5584	401	103	132	350	619
POM121	1070	590	8271	521	110	154	611	760
TRIM74	1	0	19	0	1	0	2	0
SPDYE8P	0	0	0	0	0	0	0	0
SPDYE17	0	0	0	1	1	1	0	0
SPDYE9P	0	2	0	1	0	0	0	2
NSUN5	1430	422	27270	451	80	146	998	644
TRIM50	0	0	11	2	2	1	1	2
FKBP6	3	7	19	2	2	0	6	7
FZD9	71	46	1008	20	3	2	55	33
BAZ1B	5283	2527	61500	1799	361	675	2722	2830
BCL7B	1269	393	15935	309	48	119	685	457
TBL2	495	334	6139	205	41	80	558	311
MLXIPL	60	17	1059	28	3	15	34	28
VPS37D	140	153	1764	53	15	38	122	144
DNAJC30	623	199	10157	166	31	66	395	203
BUD23	6558	1220	79574	1247	208	437	3956	1805
STX1A	80	41	1486	20	6	8	56	49
ABHD11	858	217	10438	216	42	74	361	260
CLDN3	922	122	11310	282	31	145	592	239
CLDN4	618	82	2797	444	54	161	437	149
METTL27	548	173	3599	72	22	15	396	227
TMEM270	0	0	9	1	0	0	0	1
ELN	27	42	347	27	11	17	27	29
LIMK1	1090	332	14465	298	52	103	658	441
EIF4H	4225	1643	63211	1688	291	617	2577	2681
LAT2	11	65	152	46	7	21	3	89
RFC2	3752	1088	39852	836	172	343	2068	1423
CLIP2	238	530	2677	302	91	124	114	704
GTF2IRD1	446	1222	5293	624	143	228	262	989
GTF2I	4808	5759	60329	4340	849	1585	2667	6488
NCF1	39	3	540	17	1	6	14	11
GTF2IRD2	35	115	544	61	23	43	24	103
CASTOR2	538	298	5811	306	56	100	299	462
RCC1L	2317	643	32093	521	87	199	1216	798
GTF2IRD2B	26	201	327	110	19	53	23	108
AC211486.7	0	0	0	0	0	0	0	0
AC211486.8	0	0	0	0	0	0	0	0
AC211486.6	0	0	0	0	0	0	0	0
TRIM73	6	320	44	177	46	80	2	291
POM121C	1553	677	23924	445	76	165	899	706
SPDYE5	5	73	18	61	8	17	0	56
HIP1	1861	1181	23895	1046	200	345	1290	1717
CCL26	494	10	5607	181	12	10	279	140
CCL24	0	0	0	0	0	0	0	0
RHBDD2	369	708	7907	194	56	129	209	353
POR	3272	1177	41644	752	187	286	1676	1192
TMEM120A	409	195	7575	145	18	43	268	188
STYXL1	709	354	13220	388	75	105	521	511
MDH2	14984	2811	209562	3864	511	1101	9662	4865
SRRM3	351	147	4741	157	23	41	181	234
HSPB1	6988	2271	81703	2297	382	741	5551	3245
YWHAG	7019	1466	80372	1519	282	591	3755	2603
SSC4D	149	204	2007	154	32	54	112	218
ZP3	88	114	5521	75	25	19	179	88
DTX2	60	125	490	155	22	34	31	271
UPK3B	1	2	4	8	0	3	0	6
SPDYE16	1	16	0	7	3	3	0	5
POMZP3	48	132	736	70	33	41	134	108
CCDC146	16	460	222	142	30	78	9	312
FGL2	3	6	10	2	0	1	1	1
GSAP	62	119	554	128	17	23	41	124
PTPN12	5172	1977	52624	1920	330	575	2652	2683
RSBN1L	2431	1407	26534	892	200	355	1496	1512
TMEM60	1744	836	29632	532	111	175	1223	823
PHTF2	868	1206	9407	672	174	302	532	1123
MAGI2	700	3195	9869	2414	511	911	670	5356
GNAI1	866	914	11185	628	139	248	606	969
CD36	4	29	136	10	2	7	7	19
GNAT3	0	1	16	2	0	0	0	0
SEMA3C	87	601	476	310	105	263	53	384
HGF	0	20	38	6	3	9	0	7
CACNA2D1	939	1550	9190	1947	530	535	658	3078
PCLO	193	652	5961	221	76	153	115	539
SEMA3E	180	158	439	383	177	226	33	525
SEMA3A	670	1281	17283	1046	260	441	553	1604
SEMA3D	100	706	1788	296	82	156	65	340
GRM3	33	119	212	59	25	51	24	161
KIAA1324L	382	1335	5364	785	170	150	201	1040
DMTF1	1352	1271	14146	955	184	357	841	1074
TMEM243	992	315	14664	407	53	130	818	460
CROT	152	466	2652	173	47	101	125	327
ABCB4	12	76	129	26	6	13	12	36
ABCB1	2	17	106	6	3	5	1	22
RUNDC3B	42	17	328	32	4	8	43	29
SLC25A40	288	362	3296	175	39	96	186	333
DBF4	4191	1684	49695	1215	214	415	2080	2002
ADAM22	169	431	2352	311	50	121	148	441
SRI	9900	2802	126474	2515	496	857	6559	3657
STEAP4	0	0	14	2	2	0	1	0
ZNF804B	1	54	2	72	5	25	0	89
TEX47	0	0	0	0	0	0	0	0
STEAP1	107	92	3351	59	29	29	86	57
STEAP2	187	70	5169	213	24	56	243	148
CFAP69	18	337	535	92	35	70	19	135
FAM237B	0	0	6	0	0	1	0	0
GTPBP10	648	570	7989	325	77	169	378	506
CLDN12	476	256	7462	199	36	85	369	313
CDK14	429	4261	2218	1490	648	755	265	4413
FZD1	69	121	897	44	9	48	72	78
MTERF1	562	502	6367	252	57	126	326	443
AKAP9	3028	2972	33304	1576	401	739	2012	2794
CYP51A1	260	3056	2502	1996	435	634	171	2305
LRRD1	0	27	20	8	1	7	1	16
KRIT1	1022	1074	13478	715	132	278	592	1082
ANKIB1	1135	2129	12104	1357	305	486	688	2209
GATAD1	2378	1085	37972	766	135	284	2036	1252
ERVW-1	2	0	40	1	0	0	0	1
PEX1	1374	452	15417	327	72	125	745	579
RBM48	491	293	5307	211	41	61	299	256
FAM133B	2725	2168	35298	1559	329	587	1651	2238
CDK6	2073	2571	24085	1366	292	508	624	2211
SAMD9	1	1	13	0	0	0	0	0
SAMD9L	1	0	2	0	0	0	0	2
HEPACAM2	0	0	4	1	0	0	0	2
VPS50	320	568	4120	343	70	122	191	535
CALCR	19	11	393	100	3	4	6	103
GNGT1	48	1452	464	2373	471	385	12	1700
TFPI2	397	21	8010	47	3	23	157	68
GNG11	218	470	3105	206	54	85	228	342
BET1	2049	720	26315	570	93	211	1252	712
COL1A2	715	727	8004	771	125	173	383	538
CASD1	710	1244	9175	698	146	332	490	1213
SGCE	537	1443	7580	563	197	328	495	1067
PEG10	1560	3045	19606	1009	317	739	2296	2560
PPP1R9A	1088	3578	10868	1861	479	913	741	3535
PON1	9	11	315	5	2	2	24	23
PON3	21	9	1824	29	1	9	28	17
PON2	878	2342	12157	950	205	509	900	1374
ASB4	1	7	9	5	0	0	0	1
PDK4	6	11	37	13	4	15	0	2
DYNC1I1	74	123	384	283	43	63	39	259
SLC25A13	3229	1861	38039	1656	262	501	1969	2078
SEM1	22948	5188	263015	5250	804	1630	12416	6764
DLX6	5	2	12	23	3	14	21	2
DLX5	28	26	73	172	22	82	37	6
SDHAF3	2831	1063	38921	678	151	317	1513	973
TAC1	90	23	3035	21	1	13	47	10
ASNS	2356	47	37989	37	2	10	2106	33
OCM2	0	0	9	0	0	0	0	0
LMTK2	372	538	5465	495	91	178	264	770
BHLHA15	0	0	4	0	0	0	0	0
TECPR1	188	167	2218	60	16	40	86	140
BRI3	15068	4900	210572	3517	686	1314	8227	5555
BAIAP2L1	559	447	10369	580	71	172	458	644
NPTX2	553	96	5541	78	18	41	208	131
TMEM130	23	16	403	13	1	8	9	14
TRRAP	1079	1057	11885	731	142	302	534	1134
SMURF1	383	978	4754	721	128	228	184	992
KPNA7	0	2	4	2	0	0	0	1
ARPC1A	9520	2232	94077	2055	385	668	4812	3036
ARPC1B	2155	797	24855	1171	181	325	1076	1612
PDAP1	12451	2990	156745	2580	428	1024	7081	4238
BUD31	6878	1898	89744	1396	219	496	3768	2311
PTCD1	519	225	7398	193	34	67	258	302
CPSF4	1759	664	24215	486	97	195	1081	781
ATP5MF	23167	4907	273261	4177	728	1501	13240	6519
ZNF789	346	331	3318	240	46	103	166	309
ZNF394	1169	268	13428	247	51	88	545	344
ZKSCAN5	351	188	4879	136	20	53	200	245
FAM200A	539	308	6774	187	44	76	301	245
ZNF655	1034	466	13656	359	78	140	628	554
TMEM225B	20	26	633	7	2	6	9	26
ZSCAN25	201	132	2733	93	23	53	115	144
CYP3A5	123	30	1046	19	12	10	90	28
CYP3A7	0	10	1	10	3	3	0	4
CYP3A4	0	1	13	1	1	0	1	2
CYP3A43	2	10	6	9	0	0	0	4
OR2AE1	1	0	1	0	0	0	0	0
TRIM4	294	136	5359	200	22	81	253	255
GJC3	95	3	3107	28	5	5	46	60
AZGP1	3	2	158	5	0	1	3	1
ZKSCAN1	1613	1620	16423	894	191	401	1152	1340
ZSCAN21	831	327	11002	248	56	115	534	440
ZNF3	1107	412	12697	270	53	118	550	473
COPS6	7394	2079	96077	1581	315	584	4690	2566
MCM7	8259	2339	103839	1536	298	618	4125	2971
AP4M1	961	256	10369	199	33	67	491	303
TAF6	2238	536	33766	411	84	153	1281	661
CNPY4	494	361	8257	149	35	80	288	337
MBLAC1	146	21	2279	15	3	10	54	34
LAMTOR4	15810	2779	174477	2650	504	990	8133	4570
MAP11	285	42	4014	36	0	12	127	58
GAL3ST4	100	32	1771	18	2	11	35	63
GPC2	865	515	11925	176	46	138	669	562
STAG3	138	174	1902	52	20	35	45	170
CASTOR3	178	756	2021	373	84	164	134	783
PVRIG	0	4	27	0	0	1	0	1
SPDYE3	9	260	74	69	20	32	6	126
PILRB	671	267	6836	272	46	61	222	324
PILRA	27	66	339	89	11	24	15	132
ZCWPW1	152	106	1936	65	9	26	60	78
MEPCE	709	216	10768	200	33	86	574	291
PPP1R35	5017	931	72650	754	136	267	2614	1275
C7orf61	13	16	81	11	1	5	7	11
TSC22D4	835	149	9448	256	29	46	359	205
NYAP1	70	49	1151	17	5	16	34	48
AGFG2	68	92	934	94	12	28	37	82
SAP25	435	14	4238	21	6	10	225	54
LRCH4	527	126	7079	98	19	37	303	152
FBXO24	16	20	225	16	3	8	15	23
PCOLCE	1043	126	15243	142	31	42	591	276
MOSPD3	925	349	12665	149	42	94	457	318
TFR2	119	26	1077	26	2	6	35	40
ACTL6B	95	7	1434	26	0	10	72	28
GNB2	5918	1707	74533	1086	246	448	2859	1882
GIGYF1	2491	517	27853	584	103	181	1288	861
POP7	8893	1130	103403	1297	211	472	4072	2017
EPO	40	1	503	0	1	0	8	4
ZAN	5	8	80	9	1	5	4	13
EPHB4	1221	328	15173	340	57	128	635	531
SLC12A9	657	241	10212	229	45	70	369	276
TRIP6	6431	529	83014	895	95	232	2960	1275
SRRT	4181	1063	50249	960	160	327	2169	1241
UFSP1	134	21	1753	17	4	15	71	29
ACHE	450	40	8389	89	8	16	110	151
MUC3A	662	29	11142	141	26	29	296	268
MUC12	383	506	6630	151	35	69	186	287
MUC17	0	2	1	0	0	1	0	1
TRIM56	673	266	7840	240	20	52	383	266
SERPINE1	95	23	831	73	17	10	13	42
AP1S1	5932	1306	87200	1209	204	350	2248	1638
VGF	1591	53	32959	132	12	39	501	226
NAT16	58	5	791	4	0	2	8	12
MOGAT3	39	3	1368	6	0	2	12	4
PLOD3	827	161	14049	181	30	54	393	250
ZNHIT1	6539	1825	83526	1419	284	547	3444	2214
CLDN15	168	17	2711	22	5	10	93	28
FIS1	10468	2491	130484	2103	437	750	4860	3369
IFT22	2271	1267	25772	564	131	317	1087	1027
COL26A1	339	601	6457	385	87	167	248	739
MYL10	12	0	170	0	0	0	7	3
CUX1	1730	4141	17729	3830	763	1189	1059	5992
SH2B2	558	141	6564	158	22	35	255	202
SPDYE6	2	8	3	16	3	2	0	3
PRKRIP1	918	1009	13017	808	145	275	602	990
ORAI2	1058	533	15663	267	49	116	464	408
ALKBH4	1361	332	17708	314	54	103	693	462
LRWD1	1374	271	20623	184	71	75	794	459
POLR2J	7159	2321	86785	1701	257	657	3794	2280
RASA4B	2	14	8	6	0	2	0	14
POLR2J3	128	1184	1543	1239	255	274	69	608
UPK3BL2	0	8	0	10	2	1	0	7
SPDYE2	0	276	0	125	32	23	0	182
RASA4	3	88	53	19	2	12	3	27
UPK3BL1	9	507	524	240	48	104	16	118
SPDYE2B	0	6	0	5	2	1	0	5
POLR2J2	194	64	1288	62	18	22	138	47
FAM185A	135	248	1575	143	38	63	98	185
FBXL13	49	360	776	316	47	128	75	369
LRRC17	37	599	617	112	28	46	52	288
NFE4	5	2	29	8	1	0	1	4
ARMC10	159	1018	4281	866	160	340	153	1301
NAPEPLD	19	350	223	157	33	70	21	269
PMPCB	4599	1220	60069	1153	177	436	2767	1856
DNAJC2	6822	1224	79637	1513	213	417	3708	1881
PSMC2	5442	1148	71821	997	171	382	2813	1581
SLC26A5	12	67	128	42	17	16	5	59
RELN	11	69	128	17	7	10	11	33
ORC5	543	745	5498	394	70	177	302	620
LHFPL3	0	63	3	22	11	8	0	67
KMT2E	2196	4383	22847	1842	364	757	1789	2980
SRPK2	3365	4107	42417	3031	693	970	2188	4823
PUS7	2157	669	20850	959	184	295	1384	1504
RINT1	782	385	9234	356	47	108	426	409
EFCAB10	500	122	5075	140	36	51	196	264
ATXN7L1	996	1288	11836	1789	411	484	641	2802
CDHR3	196	292	2124	627	144	127	104	929
SYPL1	6070	794	65842	1326	192	388	3200	1603
NAMPT	2267	1114	28549	1214	220	410	1452	1772
CCDC71L	1223	345	10825	306	45	119	679	384
PIK3CG	0	0	1	0	0	0	0	1
PRKAR2B	3125	928	26101	572	121	242	1369	1158
HBP1	2138	533	19849	534	100	160	952	709
COG5	447	2110	6981	1399	279	519	371	2041
GPR22	5	7	11	2	0	0	3	3
DUS4L	594	254	6833	162	42	80	409	276
BCAP29	1299	884	14301	504	110	240	859	791
SLC26A4	6	9	14	3	0	1	1	5
CBLL1	872	398	10851	277	56	105	547	416
SLC26A3	1	25	12	28	5	7	0	36
DLD	3574	725	40615	705	132	248	1580	932
LAMB1	1092	371	9645	529	96	195	649	614
LAMB4	0	7	1	5	1	1	0	2
NRCAM	26	909	571	242	86	171	30	597
PNPLA8	1093	611	13838	394	104	221	598	567
THAP5	786	401	7924	191	52	91	470	327
DNAJB9	622	274	6922	192	50	84	437	275
IMMP2L	435	2754	4612	2592	438	1249	287	2976
LRRN3	6	242	188	83	29	52	11	238
DOCK4	648	1585	6973	1115	282	413	322	2545
ZNF277	1660	816	19030	698	134	270	879	1301
IFRD1	1651	734	15558	737	93	234	1033	1010
LSMEM1	20	17	328	8	0	6	9	37
TMEM168	341	814	3454	407	92	175	240	502
BMT2	117	711	1601	475	101	181	86	621
GPR85	10	81	66	17	1	11	4	21
SMIM30	1665	692	24336	520	76	174	1284	740
PPP1R3A	0	5	0	3	0	0	0	2
FOXP2	20	451	104	137	52	62	9	221
MDFIC	48	753	606	337	94	144	75	340
TFEC	1	5	19	1	0	0	1	2
TES	1009	138	8859	304	51	147	567	367
CAV2	681	31	5889	65	8	20	152	45
CAV1	2753	54	17793	235	18	64	945	219
MET	311	50	2666	187	32	23	164	124
CAPZA2	5342	1716	74164	1576	257	570	3373	2249
ST7	264	403	4979	215	47	78	198	333
WNT2	0	7	8	10	0	3	0	3
ASZ1	2	1	6	1	0	0	1	0
CFTR	7	44	57	24	11	14	8	33
CTTNBP2	264	471	4618	355	84	221	213	559
LSM8	7685	2175	96669	1574	291	602	4314	2447
ANKRD7	11	203	594	30	6	46	2	41
KCND2	127	607	2424	1364	117	415	122	2232
TSPAN12	378	342	3795	198	42	91	313	294
ING3	982	422	12087	286	52	126	493	440
CPED1	3	83	72	38	2	5	5	19
WNT16	4	4	28	1	0	0	0	3
FAM3C	904	1012	12936	810	138	279	553	1156
PTPRZ1	4936	3492	46119	2622	566	1216	2904	5343
AASS	9337	1894	212195	2697	378	1313	3062	6619
FEZF1	65	124	570	57	22	58	64	100
CADPS2	1190	1184	13822	704	455	227	270	2167
RNF133	5	0	13	0	0	0	0	2
RNF148	5	0	104	0	1	1	2	1
TAS2R16	0	0	0	0	0	0	0	0
SLC13A1	0	0	0	0	0	0	0	0
IQUB	20	216	298	38	18	26	12	72
NDUFA5	8960	1993	109361	1583	355	598	4287	2507
ASB15	1	7	7	2	0	2	0	1
LMOD2	3	4	14	7	0	2	3	9
WASL	3930	1178	51970	1266	208	328	1753	1872
HYAL4	48	0	30	0	0	0	3	1
SPAM1	0	0	34	4	0	0	1	6
TMEM229A	5	5	278	9	1	4	9	8
SSU72P8	0	0	0	0	0	0	0	0
GPR37	269	32	3238	47	8	16	138	71
C7orf77	1	0	3	0	0	0	0	0
POT1	457	646	5775	327	86	150	361	528
GRM8	18	375	144	128	63	109	16	243
ZNF800	228	272	2845	153	31	72	103	216
GCC1	151	64	2676	51	9	19	100	94
ARF5	4235	1490	81700	1325	198	417	2858	1559
FSCN3	6	6	110	8	2	5	5	12
PAX4	2	1	34	3	0	0	0	0
SND1	3136	2031	55314	1839	356	649	2175	3134
LRRC4	123	288	1052	99	30	64	95	238
LEP	3	2	18	1	0	0	2	1
RBM28	3149	1113	38606	994	169	335	1944	1212
PRRT4	23	13	294	11	0	4	20	9
IMPDH1	318	273	5155	122	34	83	270	251
HILPDA	4452	1319	30463	985	179	487	2851	1587
METTL2B	2018	724	19160	615	141	258	1015	920
FAM71F2	1	8	77	8	2	4	0	20
FAM71F1	62	5	659	11	0	1	16	13
CALU	9962	3748	140567	2869	508	1051	5741	4582
OPN1SW	0	19	8	18	2	4	0	9
CCDC136	322	399	6634	151	33	113	205	339
FLNC	212	55	5031	65	7	11	82	49
KCP	181	104	1494	59	9	11	91	87
ATP6V1F	11004	2921	147455	2078	445	778	5241	3316
ATP6V1FNB	2	2	41	0	0	1	0	6
IRF5	13	1	91	1	0	1	2	6
TNPO3	3378	1586	41526	1226	266	435	1942	2123
AC011005.1	6	4	90	6	0	1	3	6
TSPAN33	680	136	13549	182	29	49	350	254
SMO	410	823	6657	389	95	177	304	564
AHCYL2	367	2498	5555	1161	337	476	213	2191
STRIP2	127	133	1909	110	28	34	79	193
SMKR1	125	61	505	19	7	18	21	31
NRF1	393	1229	4661	936	153	321	233	1346
UBE2H	3768	2344	44780	2184	399	716	2059	3151
ZC3HC1	1109	587	17380	370	83	168	715	621
KLHDC10	468	1110	7843	644	124	262	424	846
TMEM209	784	686	7658	315	79	145	533	523
SSMEM1	0	0	0	0	0	0	0	1
CPA2	13	15	160	9	2	4	8	10
CPA4	0	7	11	2	1	1	0	5
CPA5	0	14	3	3	0	6	0	10
CPA1	3	4	12	0	0	0	0	0
CEP41	434	449	6374	203	62	108	283	352
MEST	5058	4430	69746	1563	341	1040	3707	3236
COPG2	780	1245	9374	624	151	284	621	1076
TSGA13	0	8	13	1	0	0	0	3
KLF14	3	0	16	1	0	0	0	0
MKLN1	1429	2311	16222	1494	316	612	942	2471
PODXL	6174	438	72874	2076	247	650	4718	2819
PLXNA4	15	26	248	20	7	11	4	51
CHCHD3	8698	2987	124750	2899	524	926	4359	4212
EXOC4	996	4448	10853	3068	610	1134	616	4573
LRGUK	24	195	506	164	30	90	15	275
SLC35B4	1367	548	18651	432	80	165	774	659
AKR1B1	3867	1544	64789	1093	198	369	2444	1702
AKR1B10	4	3	39	5	2	1	0	3
AKR1B15	2	2	75	2	0	3	1	2
BPGM	825	360	11444	215	42	101	532	419
CALD1	11658	3490	157095	3929	696	1288	7006	5300
AGBL3	61	414	884	200	47	82	36	268
CYREN	1449	596	19762	519	97	185	544	705
TMEM140	4	24	39	21	2	9	3	28
WDR91	168	89	2411	67	13	22	87	89
STRA8	0	0	24	1	1	0	2	0
CNOT4	1694	1437	17323	1113	225	392	889	1575
NUP205	1741	978	20173	851	165	307	1074	1267
STMP1	6491	3214	59432	2387	393	861	4064	3126
SLC13A4	23	129	405	62	14	22	33	72
FAM180A	0	1	1	0	0	0	0	1
MTPN	4835	2360	61638	1664	308	629	2940	2766
LUZP6	0	0	0	0	0	0	0	0
CHRM2	3	101	16	132	38	10	3	80
PTN	728	17081	11946	5318	1498	2336	720	8998
DGKI	13	67	169	80	20	35	2	265
CREB3L2	1035	670	12419	612	109	185	531	863
AKR1D1	12	11	80	21	2	7	6	15
TRIM24	8167	4573	104456	4530	678	1372	3637	6991
SVOPL	78	37	1546	18	9	4	30	32
ATP6V0A4	42	11	315	15	3	5	28	13
TMEM213	13	11	92	8	2	5	6	23
KIAA1549	493	981	5446	546	136	242	313	1048
ZC3HAV1L	29	94	413	51	9	35	26	71
ZC3HAV1	1542	303	17482	415	75	105	926	744
TTC26	270	408	3195	190	60	76	131	272
UBN2	1995	828	17902	745	171	261	1134	1287
FMC1	913	759	10675	371	87	139	553	626
LUC7L2	2689	3064	30337	1962	377	806	1429	3160
KLRG2	386	15	2530	79	16	32	128	114
CLEC2L	4	52	165	38	8	8	24	34
HIPK2	780	1836	9187	754	220	399	643	1434
TBXAS1	27	182	229	59	14	26	29	126
PARP12	109	16	1084	24	2	9	75	37
KDM7A	494	408	3972	264	62	131	257	478
SLC37A3	916	508	9303	382	79	135	476	664
RAB19	13	4	152	11	5	4	8	30
MKRN1	6560	768	69146	869	224	292	3112	1808
DENND2A	134	917	1654	414	127	142	62	627
ADCK2	570	38	7864	79	12	31	177	96
NDUFB2	14172	3463	189414	3486	570	1111	8484	4708
BRAF	1037	3208	12096	1935	376	737	707	2757
MRPS33	5443	1334	74592	1098	196	416	3372	1676
TMEM178B	166	1347	2588	773	249	304	183	2201
AGK	156	678	2021	446	84	144	102	700
DENND11	23	469	288	227	55	106	18	493
WEE2	0	8	0	1	1	1	0	3
SSBP1	29404	5326	397435	6072	815	1912	17434	8272
TAS2R3	1	0	3	1	0	0	0	0
TAS2R4	62	51	805	35	8	11	62	45
TAS2R5	4	5	37	1	0	2	3	4
PRSS37	0	1	0	0	0	0	0	0
MGAM	0	71	1	29	3	19	0	38
OR9A4	0	4	5	0	0	0	2	1
CLEC5A	0	11	4	4	0	1	0	3
TAS2R38	0	0	0	0	0	0	0	0
MGAM2	0	10	0	4	1	1	0	5
PRSS58	0	0	0	0	0	0	0	0
TRBV1	0	0	0	0	0	0	0	0
TRBV2	0	0	0	0	0	0	0	0
TRBV3-1	0	0	0	0	0	0	0	0
TRBV4-1	0	0	0	0	0	0	0	0
TRBV5-1	0	0	0	0	0	0	0	0
TRBV6-1	0	0	0	0	0	0	0	0
TRBV7-1	0	0	0	0	0	0	0	0
TRBV4-2	0	0	0	0	0	0	0	0
TRBV6-2	0	0	0	0	0	0	0	0
TRBV7-2	0	0	0	0	0	0	0	0
TRBV8-1	0	0	0	0	0	0	0	0
TRBV5-2	0	0	0	0	0	0	0	0
TRBV6-4	0	0	0	0	0	0	0	0
TRBV7-3	0	0	1	1	0	0	0	0
TRBV8-2	0	0	0	0	0	0	0	0
TRBV5-3	0	0	0	0	0	0	0	0
TRBV9	0	0	0	0	0	0	0	0
TRBV10-1	0	0	0	0	0	0	0	0
TRBV11-1	0	0	0	0	0	0	0	0
TRBV12-1	0	0	0	0	0	0	0	0
TRBV10-2	0	0	0	0	0	0	0	0
TRBV12-2	0	0	0	0	0	0	0	0
TRBV6-5	0	0	0	0	0	0	0	0
TRBV7-4	0	0	0	0	1	0	0	0
TRBV5-4	0	0	0	0	0	0	0	0
TRBV6-6	0	0	0	0	0	0	0	0
TRBV7-5	0	0	0	0	0	0	0	0
TRBV5-5	0	0	0	0	0	0	0	0
TRBV6-7	0	0	0	0	0	0	0	0
TRBV7-6	0	0	0	0	0	0	0	0
TRBV5-6	0	0	0	0	0	0	0	0
TRBV6-8	0	0	0	0	0	0	0	0
TRBV7-7	0	0	0	0	0	0	0	0
TRBV5-7	0	0	0	0	0	0	0	0
TRBV7-9	0	0	0	0	0	0	0	0
TRBV13	0	0	0	0	0	0	0	0
TRBV10-3	0	0	0	0	0	0	0	0
TRBV11-3	0	0	0	0	0	0	0	0
TRBV12-3	0	0	0	0	0	0	0	0
TRBV12-4	0	0	0	0	0	0	0	0
TRBV12-5	0	0	0	0	0	0	0	0
TRBV14	0	0	0	0	0	0	0	0
TRBV15	0	0	0	0	0	0	0	0
TRBV16	0	0	0	0	0	0	0	0
TRBV17	0	0	0	0	1	0	0	0
TRBV18	0	0	0	0	0	0	0	0
TRBV19	0	0	0	0	0	0	0	0
TRBV20-1	0	0	0	0	0	0	0	0
TRBV21-1	0	0	0	0	0	0	0	0
TRBV22-1	0	0	0	0	0	0	0	0
TRBV23-1	0	0	0	0	0	0	0	0
TRBV24-1	0	0	0	0	0	0	0	0
MTRNR2L6	0	1	0	1	0	1	0	2
TRBV25-1	0	0	0	0	0	0	0	0
TRBVA	0	0	0	0	0	0	0	0
TRBV26	0	0	0	0	0	0	0	0
TRBVB	0	0	1	0	0	0	0	2
TRBV27	0	0	0	0	0	0	0	0
TRBV28	0	0	0	0	0	0	0	0
TRBV29-1	0	0	0	0	0	0	0	0
PRSS1	1	2	25	36	0	2	1	28
PRSS2	5	14	18	54	2	0	1	51
TRBD1	0	0	0	0	0	0	0	0
TRBJ1-1	0	0	0	0	0	0	0	0
TRBJ1-2	0	0	0	0	0	0	0	0
TRBJ1-3	0	0	0	0	0	0	0	0
TRBJ1-4	0	0	0	0	0	0	0	0
TRBJ1-5	0	0	0	0	0	0	0	0
TRBJ1-6	0	0	0	0	0	0	0	0
TRBC1	1	0	27	1	0	0	0	3
TRBJ2-1	0	0	0	0	0	0	0	0
TRBJ2-2	0	0	0	0	0	0	0	0
TRBJ2-2P	0	0	0	0	0	0	0	0
TRBJ2-3	0	0	0	0	0	0	0	0
TRBJ2-4	0	0	0	0	0	0	0	0
TRBJ2-5	0	0	0	1	0	0	0	0
TRBJ2-6	0	1	0	0	0	0	0	0
TRBJ2-7	0	0	0	0	0	0	0	0
TRBC2	126	5	2016	120	1	8	83	57
TRBV30	1	0	7	2	1	0	0	1
EPHB6	155	101	2268	126	17	42	76	186
TRPV6	2	2	17	12	0	1	0	5
TRPV5	1	2	0	2	0	0	0	5
LLCFC1	0	0	0	0	0	0	0	0
KEL	1	133	80	211	17	18	1	115
OR9A2	0	0	0	0	0	0	0	0
OR6V1	0	0	0	0	0	0	0	0
PIP	0	2	0	0	0	0	0	0
TAS2R39	0	0	0	0	0	0	1	0
TAS2R40	0	1	0	0	0	0	0	0
GSTK1	877	420	13730	345	53	154	698	484
TMEM139	23	18	555	24	5	3	27	17
CASP2	527	463	5962	314	58	118	417	477
CLCN1	50	5	805	15	0	3	20	15
FAM131B	181	40	2464	27	8	11	90	48
ZYX	2660	364	36203	619	96	180	1277	705
EPHA1	2782	54	26682	244	60	65	1151	497
TAS2R60	0	0	9	0	0	1	0	1
TAS2R41	0	0	7	0	0	0	0	0
CTAGE15	0	0	14	0	0	0	1	0
TCAF2	3	1	25	1	0	0	2	2
TCAF2C	0	0	0	0	0	0	0	0
CTAGE6	1	0	0	0	0	1	0	0
TCAF1	217	1698	2371	615	164	328	300	1159
OR2F2	0	0	0	0	0	0	0	0
OR2F1	1	1	11	1	0	2	1	3
OR6B1	0	0	0	0	0	0	0	0
OR2A5	0	0	0	2	0	0	1	0
OR2A25	0	0	1	0	0	0	0	0
OR2A12	0	0	2	1	0	0	2	0
OR2A2	0	0	0	0	0	0	0	0
OR2A14	0	0	0	5	0	1	0	1
CTAGE4	1	0	61	0	0	0	1	0
ARHGEF35	311	70	4918	282	62	56	80	523
OR2A42	2	5	13	1	0	0	0	3
OR2A7	0	3	9	7	0	1	1	4
CTAGE8	0	0	3	0	0	0	0	0
OR2A1	0	0	10	1	0	0	1	1
ARHGEF5	524	36	8072	178	10	71	276	171
NOBOX	0	1	2	0	0	0	1	1
TPK1	73	430	1188	149	42	44	44	235
CNTNAP2	268	8164	3402	4500	804	1529	196	5991
C7orf33	1	3	1	0	0	0	0	3
CUL1	2231	1571	22281	1318	222	404	1303	1760
EZH2	2112	2530	23865	1242	297	615	1386	2296
PDIA4	8088	1490	100663	1409	302	488	5253	3015
ZNF786	356	263	4592	201	50	65	187	286
ZNF425	91	132	1560	138	42	41	87	126
ZNF398	2438	384	24558	1053	207	223	1030	1454
ZNF282	470	200	6912	151	18	53	236	220
ZNF212	409	285	5960	207	50	84	245	326
ZNF783	85	136	1388	91	25	32	97	103
ZNF777	248	169	3199	109	33	47	130	168
ZNF746	389	188	5154	140	29	45	240	177
KRBA1	151	68	2605	39	13	26	95	64
ZNF467	30	97	562	59	15	20	27	32
SSPO	12	34	131	12	2	8	8	21
ZNF862	11	346	167	166	23	55	11	186
ATP6V0E2	690	578	24644	299	52	148	534	469
ACTR3C	6	14	59	22	4	4	2	18
ZBED6CL	23	0	455	5	0	0	10	8
LRRC61	300	11	8416	99	7	8	153	161
RARRES2	4302	2431	45564	1229	265	565	6493	2442
REPIN1	1530	610	13956	337	81	147	847	604
ZNF775	1455	476	17174	353	82	129	1120	661
AC073111.4	565	81	4066	62	19	26	325	164
GIMAP8	0	0	1	2	0	0	0	0
GIMAP7	0	0	1	0	0	0	1	0
GIMAP4	7	1	197	1	1	1	7	2
GIMAP6	0	0	0	0	0	0	0	0
GIMAP2	0	1	3	0	0	0	1	0
GIMAP1	0	0	6	0	0	0	0	0
GIMAP5	2	2	17	1	0	0	0	0
TMEM176B	10	7	292	21	1	3	9	5
TMEM176A	16	2	361	25	1	5	8	6
AOC1	0	3	9	1	0	1	1	4
KCNH2	258	43	2443	67	10	17	93	65
NOS3	145	34	1863	40	5	7	131	50
ATG9B	50	69	613	17	1	8	63	31
ABCB8	473	226	5584	116	33	49	247	204
ASIC3	11	1	296	1	0	0	17	5
CDK5	817	247	11237	137	40	77	412	291
SLC4A2	832	135	11356	131	22	47	367	212
FASTK	716	255	11872	222	38	99	666	324
TMUB1	1529	383	18943	282	62	97	847	501
AGAP3	373	413	4551	188	51	84	285	452
GBX1	0	6	0	5	1	1	0	4
ASB10	1	1	11	1	0	0	2	1
IQCA1L	0	0	1	0	0	0	0	2
AC021097.2	2	1	4	0	0	1	0	2
ABCF2	0	432	2	334	58	100	0	541
CHPF2	233	73	3037	57	21	22	134	79
SMARCD3	86	305	1110	85	22	52	62	190
NUB1	1355	815	12943	539	98	230	773	756
WDR86	61	187	1081	81	16	53	74	216
CRYGN	21	4	198	6	0	2	18	10
RHEB	7330	3450	84198	2862	566	976	4385	4713
PRKAG2	1094	267	7239	199	59	93	456	550
GALNTL5	0	1	34	1	0	0	4	3
GALNT11	1019	908	15342	529	135	195	838	990
KMT2C	2200	2690	20633	1716	441	625	992	2684
XRCC2	1317	771	13316	515	109	203	796	643
ACTR3B	869	497	11021	331	62	111	589	518
DPP6	30	155	889	339	74	131	64	413
PAXIP1	1061	367	10713	279	57	104	553	453
HTR5A	0	0	86	0	0	0	1	0
INSIG1	1028	577	9767	440	79	129	662	519
EN2	8	896	32	61	7	36	1	369
CNPY1	12	18	51	3	0	3	6	11
RBM33	1673	1520	17371	934	195	357	946	1398
SHH	5	4	42	2	0	3	7	15
RNF32	47	59	520	29	9	19	19	37
LMBR1	832	1328	7977	923	178	277	484	1611
NOM1	2186	368	25503	446	60	141	1099	594
MNX1	11	13	140	6	2	3	10	32
UBE3C	1253	1325	11079	1167	227	357	550	1884
DNAJB6	14743	2572	177531	3303	690	1038	6542	7164
PTPRN2	12	1401	314	388	190	358	26	1434
NCAPG2	889	859	13788	684	112	236	780	1113
ESYT2	795	575	14238	642	152	275	385	1092
WDR60	1310	1169	32752	642	167	357	784	1231
VIPR2	77	88	1236	184	46	43	174	193
PLCXD1	37	350	369	451	81	159	24	761
GTPBP6	145	844	2310	398	89	148	59	986
PPP2R3B	657	666	6997	502	102	155	341	950
SHOX	0	3	0	4	0	1	0	2
CRLF2	0	2	0	3	0	1	0	3
CSF2RA	2	49	26	126	9	10	0	63
IL3RA	0	220	36	111	20	29	1	164
SLC25A6	1422	7340	21740	7660	1234	2235	753	13289
ASMTL	169	788	4896	511	91	127	109	759
P2RY8	0	2	0	4	1	0	0	3
AKAP17A	188	370	3334	327	60	70	178	538
ASMT	2	4	121	6	0	1	8	5
DHRSX	78	1868	1770	1157	238	274	57	1907
ZBED1	1	324	14	280	48	55	0	483
CD99	156	2302	2004	1455	300	316	150	1667
XG	30	5	253	43	12	1	5	35
GYG2	635	356	9610	526	139	133	369	401
ARSD	253	80	3880	127	31	36	127	68
ARSE	1543	195	10013	514	65	66	250	560
ARSH	0	0	0	0	0	0	0	0
ARSF	1	2	14	2	0	1	0	3
MXRA5	32	45	726	87	17	18	31	43
PRKX	1971	597	24248	923	153	179	797	756
NLGN4X	1454	1423	42218	3560	548	562	1138	3082
VCX3A	17	2	94	2	0	1	4	6
PUDP	967	687	15298	1435	318	241	360	865
STS	65	330	1290	1015	160	110	27	797
VCX	44	0	1237	8	3	0	6	4
PNPLA4	999	456	37752	750	137	136	702	511
VCX2	3	1	534	0	0	0	0	0
VCX3B	19	0	604	8	0	1	17	6
ANOS1	830	849	14174	1897	241	219	773	1021
FAM9A	0	0	14	1	0	0	1	0
FAM9B	2	4	90	4	1	0	2	9
TBL1X	712	2129	10077	2171	573	578	578	2314
GPR143	1658	178	83297	700	72	100	644	515
SHROOM2	265	284	4549	531	93	92	116	384
CLDN34	4	0	49	6	2	0	3	1
WWC3	604	397	15033	601	74	125	377	458
CLCN4	94	177	1801	163	37	40	58	114
MID1	1058	3085	23697	3456	906	969	752	2492
HCCS	2108	303	50956	661	46	128	1050	507
ARHGAP6	9	652	313	492	75	129	9	450
AMELX	0	0	0	0	0	0	0	0
MSL3	804	401	17958	444	86	107	436	314
FRMPD4	76	85	1686	853	323	58	27	651
PRPS2	2467	349	23511	396	81	97	786	494
TLR7	0	0	4	1	1	1	0	1
TLR8	0	0	0	0	0	0	0	0
TMSB4X	210901	32449	2327547	53665	11871	12546	72981	47853
FAM9C	422	0	675	0	0	0	32	18
ATXN3L	0	0	0	0	0	0	0	0
EGFL6	134	7	4382	29	8	10	46	26
TCEANC	102	59	1716	40	7	13	51	48
RAB9A	4505	554	68215	1155	224	221	1364	775
TRAPPC2	927	399	11722	502	111	121	297	321
OFD1	2668	599	45646	891	207	195	1036	708
GPM6B	6894	2485	105256	2655	971	708	2714	3559
GEMIN8	917	309	16547	449	93	89	367	359
GLRA2	1	163	9	137	25	22	0	84
FANCB	712	645	14154	842	117	159	393	634
MOSPD2	865	328	16787	438	60	109	385	347
ASB9	68	6	1165	26	0	1	18	11
ASB11	0	1	1	0	0	0	0	1
PIGA	278	132	2917	180	19	43	90	104
VEGFD	3	13	55	11	2	11	2	19
PIR	1270	696	13161	746	134	232	460	518
BMX	0	13	0	7	0	9	0	7
ACE2	0	3	2	5	0	1	0	0
CLTRN	83	48	1521	60	4	22	59	40
CA5B	125	378	2025	606	54	143	76	413
ZRSR2	1012	232	13820	294	59	104	346	233
AP1S2	10603	2668	82316	4367	1281	1413	5145	3198
GRPR	73	41	2533	390	51	82	81	312
MAGEB17	1	13	40	91	28	9	1	254
CTPS2	1364	667	17675	974	190	287	473	826
S100G	0	0	3	0	0	0	0	2
SYAP1	6306	856	79902	1650	256	394	1797	1293
TXLNG	6211	508	76797	1119	199	289	1713	1023
RBBP7	7436	1568	105184	2043	433	455	2755	1715
REPS2	51	22	1325	86	25	13	38	69
NHS	169	541	4445	1162	184	244	103	556
SCML1	274	423	4653	182	56	95	96	221
RAI2	17	14	875	37	6	5	5	12
BEND2	0	0	0	2	0	1	0	0
SCML2	424	669	8466	619	59	113	296	522
CDKL5	681	452	14976	1136	128	202	372	847
RS1	3	10	26	2	3	3	1	3
PPEF1	2	32	41	30	4	9	2	18
PHKA2	299	246	9545	374	30	80	204	236
ADGRG2	337	47	10036	177	34	24	149	279
PDHA1	8737	1403	216088	2740	242	496	4228	2252
MAP3K15	63	35	775	82	17	7	12	80
SH3KBP1	654	239	12564	1027	66	190	494	751
BCLAF3	293	304	9585	326	29	73	208	312
MAP7D2	102	50	2425	69	13	16	63	60
EIF1AX	5744	3407	135557	6553	1031	1264	4161	5349
RPS6KA3	311	1097	8203	1107	147	266	270	931
CNKSR2	271	761	8843	670	118	187	291	596
KLHL34	48	2	733	21	4	2	32	16
SMPX	2	4	110	15	2	5	2	5
MBTPS2	287	329	3789	325	39	72	165	289
YY2	58	22	740	47	2	5	25	34
SMS	17544	3181	418976	6467	1090	1162	8686	4339
PHEX	27	28	95	18	2	5	2	21
CBLL2	0	0	1	0	0	0	0	0
DDX53	19	1	106	2	0	0	3	2
PTCHD1	355	41	3121	357	35	33	139	222
PRDX4	26122	2952	390034	6239	924	908	10610	4973
ACOT9	2487	450	39092	751	86	120	643	620
SAT1	5935	2762	76093	2369	427	454	2631	2365
APOO	3500	1044	57082	1288	303	261	1292	1160
CXorf58	3	13	40	5	1	2	1	3
KLHL15	144	202	2397	326	61	60	97	197
EIF2S3	24478	2002	308910	4836	804	934	9155	4254
ZFX	1167	785	12411	986	202	334	366	754
PDK3	2825	652	45210	1354	308	327	1231	1223
PCYT1B	536	125	11617	304	61	65	257	215
POLA1	1117	1625	15670	2083	395	443	408	1848
ARX	61	65	1376	84	21	45	30	76
MAGEB18	1	0	1	0	0	0	0	0
MAGEB6B	0	0	0	0	0	0	0	0
MAGEB6	3	0	47	0	0	0	0	0
MAGEB5	0	0	0	0	0	0	0	0
PPP4R3C	2	0	1	0	0	0	0	0
DCAF8L2	0	0	0	0	0	1	0	2
MAGEB10	0	0	2	0	0	0	1	2
DCAF8L1	0	0	2	0	0	0	0	0
IL1RAPL1	29	1072	159	1502	251	445	13	1089
MAGEB2	71	1	354	1	0	0	3	1
MAGEB3	1	3	4	5	0	1	0	3
MAGEB4	0	0	2	0	0	0	0	0
MAGEB1	10	0	101	0	0	0	4	2
NR0B1	11	6	114	17	1	0	2	2
CXorf21	0	0	0	0	1	0	0	0
GK	275	215	2661	225	22	48	103	133
TAB3	319	221	2377	292	22	51	108	176
FTHL17	0	0	1	0	0	0	0	0
DMD	1793	2320	1909	3013	702	808	480	3847
FAM47A	0	1	1	0	0	0	0	0
TMEM47	1348	705	27786	617	82	211	458	605
FAM47B	0	0	0	0	0	0	0	0
MAGEB16	3	0	6	0	0	0	1	0
CFAP47	7	190	19	62	26	32	1	63
FAM47C	0	0	2	0	0	0	0	0
PRRG1	444	262	7121	408	35	53	179	304
LANCL3	60	10	811	31	6	3	21	29
XK	130	23	1598	74	2	7	48	43
CYBB	5	1	64	3	1	2	1	6
DYNLT3	792	300	6940	362	24	86	350	240
HYPM	0	0	6	0	0	0	0	0
AL121578.2	0	0	4	2	0	0	0	0
SYTL5	5	14	68	52	5	4	3	12
SRPX	478	64	9723	91	17	29	166	72
RPGR	844	592	13492	543	81	115	402	460
OTC	0	1	2	0	0	0	0	2
TSPAN7	112	105	3618	129	20	22	143	93
MID1IP1	4944	384	88647	1166	96	241	2105	1023
BCOR	1272	1106	17318	760	152	162	677	1398
ATP6AP2	9268	1301	127855	2372	231	496	2929	1990
MPC1L	13	0	83	0	0	0	1	1
CXorf38	1231	221	15290	263	31	65	328	320
MED14	1708	644	23737	1145	96	211	560	768
USP9X	10237	2004	176118	5287	381	1069	4360	4072
DDX3X	7137	2131	87040	2842	341	804	3003	2966
NYX	14	10	45	2	1	2	7	9
CASK	2060	2466	27858	3092	362	726	1069	2689
GPR34	0	16	5	22	3	1	0	18
GPR82	181	60	1150	72	6	24	74	51
PPP1R2C	2	0	19	0	0	0	0	1
MAOA	201	164	2864	145	16	23	64	101
MAOB	41	10	731	35	3	10	34	19
NDP	4	10	104	15	1	3	4	7
EFHC2	42	87	530	40	9	8	27	78
FUNDC1	2426	576	55401	796	100	141	1269	737
DUSP21	0	0	0	0	0	0	0	0
KDM6A	1011	1573	22188	3378	345	526	476	2214
DIPK2B	0	4	9	0	0	0	0	1
KRBOX4	300	325	3537	179	35	75	169	263
ZNF674	158	71	3208	75	21	25	55	110
CHST7	758	84	18585	195	20	42	313	239
SLC9A7	283	117	5734	464	53	61	181	379
RP2	312	177	7268	232	30	42	162	229
JADE3	367	680	7975	883	75	169	200	657
RGN	134	30	8298	78	1	13	42	32
NDUFB11	20921	6059	512309	8289	879	1662	10159	6227
RBM10	1970	562	33605	703	94	164	918	664
UBA1	5623	802	88022	1181	183	279	1807	1141
CDK16	3549	760	57795	929	166	190	1188	809
USP11	3141	944	52507	1033	187	237	1120	1000
ZNF157	24	29	298	39	10	14	7	52
ZNF41	74	111	1739	169	25	29	42	153
ARAF	496	236	15053	314	32	58	288	201
SYN1	74	11	3570	47	5	11	69	33
TIMP1	3774	599	122843	1825	117	353	2492	1248
CFP	19	2	1582	14	0	0	26	11
ELK1	764	184	21873	371	28	58	471	265
UXT	6741	2038	182229	1936	307	611	4541	2284
ZNF81	279	274	4496	183	27	73	111	289
ZNF182	240	82	4491	76	14	32	161	122
ZNF630	19	5	390	32	10	14	12	65
SPACA5	0	0	0	0	0	0	0	0
SPACA5B	0	0	0	0	0	0	0	0
SSX5	0	0	26	0	0	0	0	0
SSX1	0	0	10	0	0	0	0	0
SSX3	1	0	35	0	0	0	1	3
SSX4	0	0	0	0	0	0	0	0
SSX4B	0	0	0	0	0	0	0	0
SLC38A5	519	46	6180	162	15	14	300	69
FTSJ1	926	255	12600	431	43	72	511	346
PORCN	387	66	5476	107	13	26	180	82
EBP	5038	1598	58307	1624	238	407	3318	1800
TBC1D25	233	91	3447	98	14	24	114	92
RBM3	13179	2232	140676	1994	295	730	6379	3177
WDR13	975	445	14177	433	46	107	515	384
WAS	12	8	350	21	1	4	5	7
SUV39H1	193	64	3027	111	15	9	151	74
GLOD5	3	0	140	2	0	2	3	5
GATA1	0	2	35	0	0	0	0	1
HDAC6	285	261	6773	212	35	65	160	190
ERAS	69	2	1717	4	0	2	16	7
PCSK1N	646	210	17200	153	86	133	305	260
PQBP1	3677	793	102310	1257	114	236	2211	1112
TIMM17B	4807	1951	136968	2410	233	565	2741	2236
SLC35A2	861	103	24625	233	18	43	280	211
PIM2	5086	119	122854	1011	61	136	1676	997
OTUD5	982	353	25357	570	56	101	447	460
KCND1	52	5	1397	21	0	3	15	12
GRIPAP1	1527	466	34312	607	59	152	756	485
TFE3	889	117	26430	406	32	61	350	247
CCDC120	249	99	6259	165	15	23	111	116
PRAF2	463	561	18594	302	37	101	318	284
WDR45	1087	303	29266	455	40	88	458	311
GPKOW	625	209	13354	218	16	65	336	211
MAGIX	32	14	968	23	3	8	22	16
PLP2	416	27	15208	147	6	28	235	69
PRICKLE3	303	43	8660	137	10	21	189	99
SYP	132	63	3196	60	5	11	68	55
CACNA1F	92	7	1932	36	3	8	43	34
CCDC22	404	249	7244	266	39	54	242	194
FOXP3	5	2	121	4	1	0	1	4
PPP1R3F	132	280	2876	201	47	87	147	218
GAGE10	1	2	19	10	1	1	1	11
GAGE12J	3	0	7	0	0	0	1	0
GAGE13	0	0	0	0	0	0	0	0
GAGE2E	0	0	0	0	0	0	0	0
GAGE12B	0	0	0	0	0	0	0	0
GAGE12C	0	0	0	0	0	0	0	0
GAGE12D	0	0	0	0	0	0	0	0
GAGE12F	0	0	0	0	0	0	0	0
GAGE12E	0	0	0	0	0	0	0	0
GAGE12G	0	0	0	0	0	0	0	0
GAGE12H	0	0	0	0	0	0	12	0
GAGE1	3	0	4	0	0	0	0	0
GAGE2A	4	0	5	0	0	0	4	1
PAGE1	0	0	2	0	0	0	0	0
PAGE4	27	13	924	5	1	3	31	7
USP27X	221	99	5512	191	6	27	112	135
CLCN5	523	466	12953	743	69	123	297	519
AKAP4	0	2	11	2	0	0	0	1
CCNB3	4	13	95	3	5	2	5	11
DGKK	5	9	548	8	1	2	6	12
SHROOM4	89	746	1650	779	49	138	58	628
BMP15	0	0	0	0	0	0	0	0
NUDT10	614	137	7744	232	21	39	419	229
EZHIP	1	1	22	0	0	0	3	5
NUDT11	1380	447	12296	491	60	102	793	524
CENPVL3	123	122	2104	101	16	20	106	113
CENPVL2	0	0	0	0	0	0	0	0
CENPVL1	0	0	0	0	0	0	0	0
GSPT2	1830	562	21950	619	105	188	1142	814
MAGED1	1365	2334	19760	3031	380	611	1100	2253
MAGED4B	0	1	0	0	0	0	0	0
MAGED4	3	3	43	0	0	0	1	1
XAGE2	17	37	124	24	2	36	3	0
XAGE1A	0	0	0	0	0	0	0	0
XAGE1B	0	0	0	0	0	0	0	0
SSX7	0	0	0	0	0	0	0	0
SSX2	0	0	0	0	0	0	0	0
SSX2B	0	0	0	0	0	0	0	0
SPANXN5	0	0	0	0	0	0	0	0
XAGE5	0	0	0	0	0	0	0	0
XAGE3	0	1	9	0	0	0	0	0
FAM156B	0	0	0	0	0	0	0	0
FAM156A	0	80	5	63	11	14	0	60
GPR173	53	615	1043	543	70	189	45	518
TSPYL2	310	208	5558	332	33	69	258	273
KANTR	285	673	4794	888	100	202	198	658
KDM5C	1202	322	21362	541	48	107	505	418
IQSEC2	436	114	9177	311	44	50	244	409
SMC1A	4809	2331	94936	2832	322	636	3298	2697
RIBC1	45	72	1364	44	7	11	40	30
HSD17B10	5389	1488	85411	1667	203	400	3164	1711
HUWE1	4150	2253	43519	1727	372	679	2348	2873
PHF8	657	342	5420	254	54	82	317	395
FAM120C	314	256	5042	205	37	76	246	297
WNK3	1802	1368	24523	905	192	378	1387	1312
TSR2	2874	735	52720	1157	116	277	1639	1122
FGD1	479	330	5529	349	33	70	231	326
GNL3L	1608	372	14686	725	65	127	868	517
ITIH6	1	6	5	4	0	1	1	2
MAGED2	4991	3255	77506	1935	366	760	3471	2938
TRO	209	195	2822	92	19	51	141	159
PFKFB1	1	12	3	8	2	2	1	16
APEX2	900	140	8843	170	26	52	413	223
ALAS2	0	2	10	0	0	0	19	2
PAGE2B	3	0	17	0	0	0	0	0
PAGE2	0	0	5	0	0	0	0	1
FAM104B	1236	585	7991	376	67	123	779	522
MTRNR2L10	4	9	51	13	3	3	0	17
PAGE5	1	0	0	0	0	0	2	0
PAGE3	0	0	0	0	0	0	0	0
MAGEH1	506	469	527	244	17	8	310	304
USP51	581	289	161	197	21	1	358	244
FOXR2	0	0	0	0	0	0	0	0
RRAGB	273	336	245	183	34	3	190	279
KLF8	171	51	100	93	10	1	127	96
UBQLN2	628	289	7492	387	35	82	348	284
NBDY	4272	3124	64947	3634	347	664	2530	2906
SPIN3	305	200	4447	350	35	73	212	258
SPIN2B	250	131	3746	144	17	23	188	109
SPIN2A	49	30	839	60	4	8	46	40
FAAH2	508	485	6130	803	99	146	128	1142
ZXDB	230	27	2307	82	11	17	95	74
NLRP2B	4	0	3	0	0	0	1	0
ZXDA	38	1	20	30	2	1	35	13
SPIN4	328	124	4014	134	17	44	175	183
ARHGEF9	790	1149	11966	631	123	227	586	897
AMER1	195	83	1576	75	9	27	159	100
ASB12	2	2	55	2	0	0	3	3
MTMR8	86	261	904	204	51	76	42	344
ZC4H2	494	1442	7375	824	183	375	342	1362
ZC3H12B	19	529	223	267	65	107	22	389
LAS1L	2725	584	30848	636	97	205	1451	1016
MSN	1864	1056	33387	845	124	268	1220	1312
VSIG4	0	0	0	0	0	0	0	0
HEPH	229	580	441	31	83	151	218	500
EDA2R	308	146	3283	80	16	37	115	163
AR	458	321	3764	322	40	114	388	483
OPHN1	111	623	1371	524	125	186	74	603
YIPF6	2884	996	36669	737	156	280	2080	1250
STARD8	21	20	91	20	2	8	19	23
EFNB1	359	482	1585	419	56	99	211	415
PJA1	902	425	19349	564	50	128	555	476
FAM155B	101	46	1243	19	7	15	60	58
EDA	218	1002	4642	849	154	359	135	1202
AWAT2	0	0	2	1	0	0	0	0
OTUD6A	3	1	48	7	0	0	3	3
IGBP1	3560	1088	45758	1036	184	373	1828	1599
DGAT2L6	0	12	0	5	0	2	0	5
AWAT1	0	1	0	2	0	1	0	2
P2RY4	0	0	1	1	0	0	0	0
ARR3	0	4	0	2	1	2	0	3
RAB41	0	0	3	0	0	0	0	0
PDZD11	2229	806	28340	613	118	236	1077	829
KIF4A	1576	1538	20086	776	200	291	1086	1318
GDPD2	54	120	1844	63	12	45	208	89
DLG3	1329	638	19492	527	80	189	785	769
TEX11	8	11	125	4	1	2	4	7
SLC7A3	1759	155	27448	230	24	100	915	340
SNX12	897	244	14971	198	34	76	443	339
FOXO4	432	28	3136	65	10	20	97	94
CXorf65	0	1	8	4	0	0	0	4
IL2RG	0	0	32	1	0	0	2	0
MED12	252	217	2137	139	24	54	172	181
NLGN3	106	173	2924	59	20	38	37	84
GJB1	0	2	13	2	0	2	0	4
ZMYM3	1137	274	16274	242	40	106	690	359
NONO	12384	4497	154129	2944	581	1372	7966	5439
ITGB1BP2	36	11	676	10	1	4	7	12
TAF1	1091	708	9501	480	85	176	546	805
OGT	1186	905	16310	647	139	265	769	962
GCNA	31	29	484	27	9	11	13	74
CXCR3	1	0	0	0	0	0	0	1
BX276092.9	0	0	5	0	0	0	0	1
CXorf49	0	0	0	0	0	0	0	0
CXorf49B	0	0	0	0	0	0	0	0
NHSL2	265	498	2654	681	66	163	186	617
RTL5	22	75	494	24	7	19	13	40
PIN4	2936	1773	40507	1894	218	361	3023	1446
ERCC6L	886	290	9978	275	53	109	460	408
RPS4X	185198	43441	3101708	71593	6871	14428	107093	58473
CITED1	3	22	113	29	1	5	1	44
HDAC8	732	1930	9994	2212	286	447	502	1918
PHKA1	182	94	2070	237	27	30	71	164
DMRTC1B	0	4	0	0	0	1	0	2
FAM236B	0	0	0	0	0	0	0	0
FAM236D	0	0	0	0	0	0	0	0
DMRTC1	0	1	0	0	0	0	0	2
FAM236C	0	0	0	0	0	0	0	0
FAM236A	0	0	2	0	0	0	0	0
PABPC1L2B	2	0	147	0	0	0	3	1
PABPC1L2A	2	1	195	1	0	0	3	2
NAP1L2	264	109	3292	90	15	35	169	116
CDX4	239	7	3526	68	10	4	69	53
CHIC1	274	459	2744	640	77	107	158	560
ZCCHC13	0	1	3	0	0	0	0	0
SLC16A2	2384	900	20877	1101	197	216	404	1196
RLIM	1225	726	13289	577	92	199	600	671
NEXMIF	18	300	228	96	42	57	17	169
ABCB7	1977	1102	17595	883	168	289	1100	1421
UPRT	502	185	6649	309	64	65	437	502
ZDHHC15	77	264	1463	119	38	80	45	211
MAGEE2	2	0	14	0	0	0	0	3
PBDC1	6260	1228	65518	1235	210	390	3217	1828
MAGEE1	186	50	2405	50	2	13	61	76
FGF16	39	3	637	10	0	6	9	11
ATRX	5513	5164	78148	6353	643	1342	3716	4951
MAGT1	1674	770	19801	1082	107	227	921	757
COX7B	36626	4127	357772	7920	754	1361	15029	6813
ATP7A	113	92	1606	89	10	23	58	67
PGK1	34890	3859	384819	15415	1433	3415	20942	12130
PGAM4	31	0	360	2	1	3	15	7
TAF9B	609	451	6314	277	52	96	95	377
CYSLTR1	1	3	13	0	0	0	0	3
RTL3	0	0	0	0	0	0	0	0
LPAR4	85	205	1493	60	18	42	99	159
P2RY10	0	0	3	0	0	0	0	0
GPR174	0	0	0	0	0	0	0	0
ITM2A	1432	113	23092	226	30	40	845	347
TBX22	0	11	3	0	2	4	0	7
TENT5D	0	27	28	1	3	1	1	7
BRWD3	2310	1165	14417	1193	204	339	956	1618
HMGN5	4864	1112	29560	935	190	295	2117	1268
SH3BGRL	3967	1988	34825	1763	280	522	1843	2020
POU3F4	49	368	1564	24	26	25	36	211
CYLC1	0	1	0	1	0	0	0	0
RPS6KA6	513	366	2970	321	70	73	206	412
HDX	358	580	2801	479	97	155	155	521
APOOL	1203	832	8677	812	95	159	534	855
SATL1	38	37	349	82	6	20	22	39
ZNF711	444	578	4826	565	60	149	231	515
POF1B	0	10	20	5	2	10	0	3
CHM	2125	692	20615	954	101	196	644	916
DACH2	27	1586	213	1008	301	456	33	905
KLHL4	308	253	4102	1323	119	135	251	524
CPXCR1	0	0	1	0	0	0	0	0
TGIF2LX	0	0	0	0	0	0	0	0
PABPC5	123	132	2005	89	18	16	21	61
PCDH11X	436	2080	5909	4338	869	700	237	2349
NAP1L3	262	188	12835	281	45	50	210	187
FAM133A	30	40	2354	35	9	11	43	36
DIAPH2	8284	1536	158223	4489	639	884	2300	3938
RPA4	61	6	581	20	2	3	31	13
PCDH19	62	193	783	55	27	29	59	120
TNMD	43	12	984	108	11	1	140	47
TSPAN6	2807	1681	66929	1927	237	522	2494	1818
SRPX2	2	2	16	4	1	1	1	8
SYTL4	2	17	52	18	5	1	5	5
CSTF2	876	301	11875	432	38	72	397	345
NOX1	0	3	1	4	0	4	0	12
XKRX	9	10	108	11	1	1	5	8
ARL13A	0	1	0	1	0	1	0	4
TRMT2B	263	173	3125	247	35	64	183	170
TMEM35A	124	131	1914	118	21	30	90	101
CENPI	295	543	2876	367	61	136	192	451
DRP2	1	26	50	10	1	3	2	14
TAF7L	23	13	186	9	2	1	10	12
TIMM8A	3992	388	41967	1038	78	137	1757	695
BTK	4	0	56	5	0	1	2	0
RPL36A	10255	22531	120829	32876	3082	6777	6501	27831
GLA	1981	420	27363	851	66	169	947	661
HNRNPH2	2876	1162	34350	1786	160	352	1801	1266
ARMCX4	188	476	3636	498	82	116	104	431
ARMCX1	1634	504	24709	732	66	125	795	517
ARMCX6	62	511	828	753	80	172	50	469
ARMCX3	1840	872	25545	1143	124	243	1060	833
ARMCX2	3077	608	45133	1389	86	238	2014	943
NXF5	0	0	0	1	0	0	0	1
ZMAT1	55	256	1036	198	15	45	81	155
TCEAL2	789	354	17085	367	100	175	724	379
TCEAL6	8	0	180	1	1	0	10	4
BEX5	354	52	9789	105	29	37	256	144
TCP11X1	0	0	0	0	0	0	0	0
NXF2	0	0	0	0	0	0	0	0
NXF2B	0	1	0	1	0	1	0	2
TCP11X2	0	0	0	0	0	0	0	0
TMSB15A	995	6473	20131	2774	556	1080	1813	3725
ARMCX5	336	110	4052	136	23	27	219	127
GPRASP1	47	63	737	44	7	11	26	50
GPRASP2	353	181	4209	108	16	28	125	128
ARMCX5-GPRASP2	1	408	6	313	45	102	0	303
BHLHB9	9	9	115	7	1	3	9	9
RAB40AL	3	1	29	0	0	0	3	1
BEX1	1351	1100	50454	1342	212	349	1525	1249
NXF3	0	1	9	0	0	0	0	0
BEX4	4677	1973	136679	3019	345	554	3398	2084
TCEAL8	6648	1391	161477	2819	384	542	3884	1819
TCEAL5	140	316	9974	214	5	71	33	188
BEX2	1665	715	76279	969	175	247	1168	629
TCEAL7	573	685	33393	428	108	178	345	526
TCEAL9	3427	1374	114427	2412	348	457	1998	1414
BEX3	26433	8846	874135	13108	2304	2832	16930	9045
RAB40A	2	36	54	19	3	10	2	20
TCEAL4	6685	1982	175325	3258	351	708	3349	2194
TCEAL3	905	524	35467	536	104	165	441	400
TCEAL1	320	158	7494	153	28	29	135	106
MORF4L2	17704	3665	254157	5760	791	1373	6109	4209
GLRA4	5	0	77	6	0	0	0	2
TMEM31	39	18	599	7	0	3	15	20
PLP1	1145	279	21941	542	107	228	695	527
RAB9B	13	110	427	42	12	19	11	52
TMSB15B	13	174	418	131	38	40	13	130
H2BFWT	6	0	92	0	0	1	3	2
H2BFM	8	0	208	3	0	0	3	2
TMSB15B.1	1	95	22	55	11	13	0	43
SLC25A53	80	261	2421	215	61	66	79	187
ZCCHC18	43	101	1122	45	18	18	51	49
FAM199X	905	462	20232	637	108	140	494	509
ESX1	0	1	34	2	0	0	0	0
IL1RAPL2	4	273	529	193	118	94	3	337
TEX13A	0	0	5	0	0	0	1	0
NRK	141	18	3313	97	6	22	75	51
SERPINA7	1	1	5	1	1	0	0	0
PWWP3B	15	152	293	73	10	22	14	72
RADX	14	84	854	71	17	14	23	37
RNF128	7	21	415	28	6	10	7	19
TBC1D8B	67	18	2456	87	19	24	92	53
MORC4	186	247	3378	190	57	65	59	160
RIPPLY1	0	0	26	4	0	0	1	0
CLDN2	0	3	1	1	0	0	0	0
RBM41	559	780	11142	844	199	231	362	663
NUP62CL	68	316	1993	194	30	44	64	176
PIH1D3	0	12	11	2	0	0	0	1
FRMPD3	25	56	168	69	23	19	7	55
PRPS1	2874	700	67440	1115	211	238	1812	981
TSC22D3	312	244	8708	295	43	65	252	181
NCBP2L	0	0	3	0	1	1	0	0
MID2	25	29	574	54	7	6	14	35
TEX13B	17	1	60	4	1	0	16	2
VSIG1	52	1	662	22	0	0	17	11
PSMD10	2854	665	47435	910	178	219	1182	851
ATG4A	332	90	4632	62	26	27	105	74
COL4A6	183	3088	2824	1537	424	676	261	1508
COL4A5	274	3224	4413	2586	700	855	263	2483
IRS4	65	30	1586	29	9	10	23	26
GUCY2F	0	29	25	17	6	6	1	9
NXT2	540	143	13936	233	43	72	285	199
KCNE5	108	51	4952	126	13	22	78	62
ACSL4	1035	879	16356	947	217	208	515	575
TMEM164	113	484	3505	452	109	126	85	325
AMMECR1	1026	495	14846	640	159	154	582	656
RTL9	3	4	53	4	0	3	1	3
CHRDL1	53	158	1093	96	25	27	25	64
PAK3	75	1391	2506	1008	341	415	71	942
CAPN6	46	17	1582	58	7	17	27	17
DCX	117	163	2070	137	47	97	65	174
SERTM2	4	1	139	2	1	2	1	3
ALG13	1567	822	22678	1008	193	277	536	826
TRPC5	1	7	10	58	6	11	4	14
TRPC5OS	0	2	3	2	1	0	1	3
RTL4	0	0	8	0	0	0	0	0
LHFPL1	108	133	1479	137	39	34	34	127
AMOT	71	307	1110	443	56	93	55	132
HTR2C	115	66	2088	453	141	56	47	300
IL13RA2	1	3	46	1	2	0	0	0
LRCH2	309	333	5867	248	41	70	70	235
RBMXL3	0	0	3	0	0	0	0	0
LUZP4	6	1	42	0	0	0	1	0
PLS3	10453	787	94014	2567	470	488	3050	1889
AGTR2	0	0	3	0	0	0	0	0
SLC6A14	0	0	3	0	0	0	1	0
CT83	15	1	69	33	1	0	8	3
KLHL13	78	472	943	372	38	61	100	289
WDR44	579	403	12442	671	77	131	264	698
DOCK11	255	688	7126	418	53	130	126	559
IL13RA1	122	184	4615	210	29	45	91	152
ZCCHC12	13	17	485	15	1	1	9	7
LONRF3	5	15	55	6	1	0	2	2
AL772284.2	0	0	0	0	0	0	0	0
KIAA1210	0	0	6	1	0	0	0	2
PGRMC1	9063	5145	114187	6565	669	1282	7830	4649
SLC25A43	199	80	1734	321	24	44	88	163
SLC25A5	53700	5765	605869	14523	1162	2057	24250	11710
CXorf56	467	157	6230	298	25	55	290	192
UBE2A	3268	868	46725	1683	143	297	1938	1232
NKRF	378	168	2941	235	29	38	294	244
SEPTIN6	1146	864	11602	888	153	181	1110	964
SOWAHD	115	6	1454	30	2	1	110	36
RPL39	20595	35880	188939	57566	5106	10443	13085	45330
UPF3B	4029	1560	63704	2464	210	491	3320	2021
RNF113A	941	241	14309	412	42	49	515	338
NDUFA1	11024	2311	134344	3834	388	649	5845	3104
AKAP14	5	5	99	8	0	2	3	2
NKAP	2164	922	32413	1245	127	222	1372	1037
RHOXF2B	0	0	1	0	0	0	0	0
RHOXF1	11	5	321	4	0	0	11	5
RHOXF2	0	0	1	0	0	0	0	0
ZBTB33	271	175	2269	253	24	57	188	212
TMEM255A	3	135	69	53	18	38	2	73
ATP1B4	0	0	0	0	0	0	0	0
LAMP2	1315	602	18823	930	90	183	752	607
CUL4B	907	413	10903	565	71	127	414	474
MCTS1	4819	1440	60409	2040	202	398	2823	1580
C1GALT1C1	1345	365	13888	550	33	116	760	392
CT47B1	0	0	0	0	0	0	0	0
AC008162.2	0	0	0	0	0	0	0	0
CT47A12	0	0	0	0	0	0	0	0
CT47A11	0	0	0	0	0	0	0	0
CT47A10	0	0	0	0	0	0	0	0
CT47A9	0	0	0	0	0	0	0	0
CT47A8	0	0	0	0	0	0	0	0
CT47A7	0	0	0	0	0	0	0	0
CT47A6	0	0	0	0	0	0	0	0
CT47A5	0	0	0	0	0	0	0	0
CT47A4	0	0	0	0	0	0	0	0
CT47A3	0	0	0	0	0	0	0	0
CT47A2	0	0	0	0	0	0	0	0
CT47A1	0	0	0	0	0	0	0	0
GLUD2	10	11	77	7	1	6	15	16
GRIA3	61	182	692	350	28	68	60	180
THOC2	3138	2380	33526	3007	298	617	2183	2310
XIAP	1912	764	13397	963	95	181	770	760
STAG2	6072	2093	48588	3541	326	620	2114	2732
SH2D1A	2	0	10	1	0	0	0	1
TEX13D	3	1	14	0	0	0	1	0
TENM1	50	204	575	384	97	31	49	562
TEX13C	24	0	90	2	0	0	6	5
DCAF12L2	44	50	250	20	1	4	13	12
DCAF12L1	75	9	820	22	1	4	45	15
PRR32	0	0	0	0	0	0	0	0
ACTRT1	0	0	4	1	0	0	0	0
SMARCA1	2671	1891	34409	2309	236	549	1717	1930
OCRL	327	286	3751	327	50	66	196	270
APLN	13	8	210	6	2	4	17	14
XPNPEP2	2	50	46	8	2	0	3	4
SASH3	0	2	2	2	0	0	0	2
ZDHHC9	643	199	7311	358	37	77	409	313
UTP14A	1547	337	14523	721	65	151	715	483
BCORL1	166	269	881	165	32	46	69	176
ELF4	48	23	176	47	2	6	19	23
AIFM1	1980	589	25183	863	97	161	1154	689
RAB33A	59	178	708	66	11	39	33	91
ZNF280C	249	640	1940	542	76	157	161	488
SLC25A14	356	199	4374	214	28	57	227	214
GPR119	0	0	0	0	0	0	0	0
RBMX2	1974	764	23410	1090	115	231	1140	614
ENOX2	239	546	3562	668	83	155	217	519
ARHGAP36	0	3	37	2	0	0	0	1
IGSF1	429	1212	13089	2142	392	284	254	1272
OR13H1	0	0	1	0	0	0	0	1
STK26	1689	1004	34587	1307	269	367	1379	1064
FRMD7	0	0	1	2	0	0	0	1
RAP2C	734	252	12924	449	62	105	390	290
MBNL3	60	215	1432	344	63	90	84	127
HS6ST2	70	552	1728	765	161	287	57	660
USP26	0	1	15	1	0	0	1	0
TFDP3	0	0	0	0	0	0	0	0
GPC4	1639	598	57493	1802	199	361	1331	1845
GPC3	790	2990	25188	2539	501	787	1388	2681
CCDC160	211	776	4912	720	127	176	279	411
PHF6	2440	2622	29980	2435	316	645	1804	2195
HPRT1	3728	739	45578	1365	114	260	1975	1063
PLAC1	3	10	175	28	0	0	8	20
FAM122B	566	266	8054	315	32	85	421	291
FAM122C	63	207	899	207	18	52	78	177
MOSPD1	1347	301	13674	711	47	123	603	537
SMIM10	52	25	1236	85	2	4	46	37
RTL8B	211	187	3553	218	27	48	252	136
RTL8C	1208	858	20461	1016	111	234	892	705
RTL8A	2341	1046	32394	1285	152	294	1521	946
SMIM10L2B	74	28	1235	49	5	6	53	26
ETDB	0	0	0	0	0	0	0	0
CT55	0	3	8	3	0	0	0	2
ZNF75D	294	298	4407	687	58	115	134	454
ETDA	0	0	0	0	0	0	0	0
ETDC	0	0	0	0	0	0	0	0
ZNF449	217	99	2541	173	16	27	137	118
SMIM10L2A	528	28	8267	117	19	20	310	96
INTS6L	142	404	1721	351	58	69	88	313
CT45A1	0	0	0	0	0	0	0	0
CT45A3	0	0	0	0	0	0	0	0
CT45A5	0	0	0	0	0	0	0	0
CT45A6	0	0	0	0	0	0	0	0
CT45A2	0	0	0	0	0	0	0	0
CT45A7	0	0	0	0	0	0	0	0
CT45A8	0	0	0	0	0	0	0	0
CT45A9	0	0	0	0	0	0	0	0
CT45A10	0	0	12	0	0	0	0	0
SAGE1	0	0	4	0	0	0	0	0
MMGT1	572	261	8036	435	39	101	409	370
SLC9A6	196	189	2793	291	35	59	145	210
FHL1	1232	759	15164	882	123	176	713	472
MAP7D3	1340	506	17772	773	89	147	1005	552
ADGRG4	0	0	0	0	0	0	0	0
BRS3	0	0	0	0	0	0	0	0
HTATSF1	4362	1747	48412	2390	254	477	2632	1757
VGLL1	0	6	19	66	8	13	0	0
CD40LG	0	0	0	0	0	0	0	0
ARHGEF6	8	30	624	58	6	8	42	68
RBMX	12913	4798	170687	4864	712	1452	8289	5881
GPR101	0	1	7	1	0	0	0	3
ZIC3	2223	666	21669	868	102	198	1168	884
FGF13	868	5123	7574	2158	766	693	358	4564
F9	0	0	0	0	0	0	0	0
MCF2	12	12	648	25	3	10	12	28
ATP11C	2013	884	14930	1285	160	249	1081	1234
CXorf66	0	0	0	0	0	0	0	0
SOX3	223	571	4354	162	73	67	135	304
CDR1	1	7	9	1	0	0	0	1
SPANXB1	23	1	56	0	0	0	4	0
LDOC1	778	485	10407	10	56	100	432	360
SPANXC	5	1	6	0	0	0	1	0
SPANXA1	0	0	0	0	0	0	0	0
SPANXA2	0	0	0	0	0	0	0	0
SPANXD	8	0	9	0	0	0	0	0
MAGEC3	0	8	0	0	0	2	0	3
MAGEC1	0	0	0	0	0	0	0	0
MAGEC2	0	0	5	0	0	0	0	0
SPANXN4	0	0	0	0	0	0	0	0
SPANXN3	0	0	2	0	0	0	0	0
SLITRK4	369	75	237	3	7	15	89	104
SPANXN2	0	0	0	0	0	0	0	0
SPANXN1	0	0	0	0	0	0	0	2
SLITRK2	91	15	114	0	4	3	13	12
CXorf51B	0	0	0	0	0	0	0	0
CXorf51A	0	0	0	0	0	0	0	0
FMR1	1206	715	7888	760	117	230	522	668
FMR1NB	0	3	4	1	0	0	0	2
AFF2	82	691	959	492	103	153	51	516
AC231656.1	0	0	0	0	1	0	0	0
IDS	116	387	1703	429	57	126	88	354
CXorf40A	120	38	1707	70	7	7	96	57
HSFX3	0	0	0	0	0	0	0	0
MAGEA9B	0	0	1	0	0	0	0	0
HSFX2	0	0	0	0	0	0	0	0
TMEM185A	309	217	2809	233	18	55	134	173
MAGEA11	19	0	382	2	1	2	5	1
HSFX1	0	0	0	0	0	0	0	0
MAGEA9	0	0	8	0	0	0	0	0
MAGEA8	11	0	288	4	2	0	5	1
CXorf40B	523	99	6583	160	16	27	334	112
HSFX4	0	0	0	0	0	0	0	0
MAMLD1	10	123	119	100	19	33	7	75
MTM1	280	316	3636	607	53	91	170	446
MTMR1	268	281	3637	455	49	97	122	294
CD99L2	161	329	2074	386	51	69	66	371
HMGB3	46601	4622	500009	9127	922	1610	14484	9140
GPR50	0	0	13	1	1	1	8	0
VMA21	3018	1113	31638	1784	175	375	2048	1552
PASD1	0	1	3	1	0	0	0	0
PRRG3	138	84	2184	111	13	34	87	102
FATE1	4	1	92	4	0	0	2	1
CNGA2	0	0	0	0	0	0	0	0
MAGEA4	40	1	12743	10	2	0	117	482
GABRE	54	16	412	33	5	4	43	34
MAGEA10	0	0	13	0	0	0	0	0
GABRA3	47	82	553	120	23	34	24	113
GABRQ	129	8	1667	32	3	4	62	48
MAGEA3	60	0	388	0	0	0	2	0
CSAG2	0	0	0	0	0	0	0	0
MAGEA2B	0	0	0	0	0	0	0	0
CSAG1	12	0	163	0	0	0	0	0
MAGEA12	13	0	166	0	0	0	0	0
MAGEA2	0	0	0	0	0	0	0	0
CSAG3	1	0	39	0	0	0	0	1
MAGEA6	75	0	412	0	0	0	1	0
CETN2	1817	1452	21332	1171	169	322	1139	975
NSDHL	1050	410	13573	617	66	92	562	423
ZNF185	89	60	1034	108	8	26	97	59
PNMA5	10	0	104	3	0	0	9	1
PNMA3	125	41	1647	33	0	8	59	32
PNMA6A	262	88	2841	104	9	24	104	54
MAGEA1	1	0	7	0	0	0	0	0
AC236972.4	0	0	0	0	0	0	0	0
PNMA6F	2	10	43	1	0	0	0	1
ZNF275	311	130	3078	161	18	39	174	102
PNMA6E	2	0	2	0	0	0	0	0
ZFP92	7	1	70	0	0	1	2	1
TREX2	1	0	15	0	0	0	0	0
HAUS7	152	56	2612	83	6	16	56	86
BGN	25	26	289	51	5	5	26	32
ATP2B3	3	4	40	1	0	2	3	2
CCNQ	1327	381	18834	490	30	144	589	501
DUSP9	115	28	1282	33	7	1	81	49
PNCK	159	76	4297	108	10	25	119	77
SLC6A8	2624	360	30180	775	69	158	1406	650
BCAP31	6008	1180	90432	2567	204	461	3513	1967
ABCD1	134	39	1399	68	5	11	66	57
PLXNB3	0	0	1	2	0	0	0	0
SRPK3	10	0	24	0	0	2	0	1
IDH3G	3409	873	36231	649	118	258	1770	1172
SSR4	17415	4670	209118	4011	692	1433	11864	6203
PDZD4	793	106	11987	264	15	61	422	233
L1CAM	160	26	2284	107	10	18	136	82
AVPR2	2	0	5	0	0	0	1	0
ARHGAP4	827	53	8022	174	13	25	389	190
NAA10	5138	1293	61439	1893	177	365	3093	1670
RENBP	403	53	6724	143	10	14	151	99
HCFC1	2479	571	27557	641	99	200	1322	800
TMEM187	83	110	1222	96	20	32	78	84
IRAK1	702	188	9651	268	31	69	673	284
MECP2	720	723	8939	917	100	181	499	761
OPN1LW	0	0	3	0	0	0	0	0
OPN1MW	0	0	0	0	0	0	0	0
OPN1MW2	0	0	0	0	0	0	0	0
OPN1MW3	0	0	0	0	0	0	0	0
TEX28	0	0	0	0	0	0	0	0
TKTL1	18	70	480	61	7	6	21	46
FLNA	5767	1016	84354	2404	236	423	2381	1543
EMD	3655	899	52833	1592	129	255	2186	1010
RPL10	244749	64584	2901744	66042	9885	21665	152454	87932
DNASE1L1	231	128	3153	111	20	40	168	203
TAZ	600	274	7887	241	50	78	375	339
ATP6AP1	1257	527	22636	719	59	149	813	605
GDI1	1081	692	16552	578	73	145	776	630
FAM50A	3288	1114	59550	1637	157	299	2260	1440
PLXNA3	168	80	2026	73	12	25	117	110
LAGE3	9742	1405	120957	2772	272	481	6130	2129
UBL4A	1901	259	21511	470	46	75	906	434
SLC10A3	458	50	5508	120	12	22	248	106
FAM3A	1164	301	14328	573	60	84	658	467
G6PD	1358	361	17820	433	62	97	839	507
IKBKG	14	148	151	213	21	27	12	172
CTAG1A	0	0	0	0	0	0	0	1
CTAG1B	0	0	0	0	0	0	0	0
CTAG2	12	0	144	0	0	1	21	3
GAB3	28	2	549	15	0	1	8	15
DKC1	9208	1287	101714	2350	255	426	5122	2157
MPP1	613	38	18084	213	15	14	172	209
SMIM9	0	0	0	0	0	0	1	1
F8	15	42	261	51	5	16	22	40
H2AFB1	0	0	0	0	0	0	0	0
F8A1	246	41	3129	110	5	9	270	100
FUNDC2	3893	1952	51507	2253	257	449	2386	1999
CMC4	43	252	964	424	57	74	26	298
MTCP1	5	69	112	86	6	14	7	64
BRCC3	846	520	9026	822	75	166	477	572
VBP1	6285	2271	67013	3246	298	550	4026	2377
RAB39B	469	107	8977	194	25	51	244	234
CLIC2	40	10	257	30	0	3	5	26
H2AFB2	0	0	0	0	0	0	0	0
F8A2	0	0	0	0	0	0	0	0
F8A3	0	32	0	51	17	17	0	23
H2AFB3	0	0	0	0	0	0	0	0
TMLHE	470	484	5082	654	97	133	275	611
SPRY3	0	6	10	23	2	6	0	10
VAMP7	36	232	538	402	38	68	25	300
IL9R	0	1	1	0	0	0	0	0
OR4F21	0	0	0	0	0	0	0	1
ZNF596	42	29	639	44	6	23	35	51
FBXO25	479	178	8003	163	48	74	250	233
TDRP	1810	552	28205	974	122	305	1094	923
ERICH1	2219	653	31770	1060	206	274	1371	1709
DLGAP2	3	174	47	1293	109	153	3	3256
CLN8	9	164	163	335	60	120	2	710
ARHGEF10	7	961	113	1085	316	386	3	2374
KBTBD11	0	187	0	59	23	29	0	130
MYOM2	1	55	6	15	1	6	1	27
CSMD1	124	288	1557	791	63	127	14	508
MCPH1	985	837	9328	720	114	266	490	967
ANGPT2	121	195	653	139	32	55	71	143
AGPAT5	3720	1477	42047	999	213	414	2268	1889
XKR5	15	75	324	21	8	18	19	59
DEFB1	4	4	8	1	0	0	0	2
DEFA6	0	1	20	7	0	0	0	2
DEFA4	0	0	0	0	0	0	0	0
DEFA1	0	0	0	0	0	0	0	0
DEFA1B	0	0	0	0	0	0	0	0
DEFA3	0	0	0	0	0	0	0	0
DEFA5	0	10	18	1	0	1	3	3
USP17L1	0	0	0	0	0	0	0	0
USP17L4	0	0	0	0	0	0	0	0
ZNF705G	0	0	0	0	0	0	0	0
DEFB4B	0	0	2	0	0	0	0	0
DEFB103B	0	0	0	0	0	0	0	0
SPAG11B	0	0	0	0	0	0	0	0
DEFB104B	0	0	0	0	0	0	0	0
DEFB106B	0	0	0	0	0	0	0	0
DEFB105B	0	0	0	0	0	0	0	0
DEFB107B	0	0	0	0	0	0	0	0
PRR23D1	0	0	0	0	0	0	0	0
AC134684.11	0	0	0	0	0	0	0	0
AC134684.8	0	0	0	0	0	0	0	0
AC134684.9	0	0	0	0	0	0	0	0
AC084121.9	0	0	0	0	0	0	0	0
AC084121.11	0	0	0	0	0	0	0	0
AC084121.6	0	0	0	0	0	0	0	0
AC084121.12	0	0	0	0	0	0	0	0
AC084121.8	0	0	0	0	0	0	0	0
AC084121.7	0	0	0	0	0	0	0	0
AC084121.5	0	0	0	0	0	0	0	0
AC084121.13	0	0	0	0	0	0	0	0
PRR23D2	0	0	0	0	0	0	0	0
DEFB107A	0	0	0	0	0	0	0	0
DEFB105A	0	0	0	0	0	0	0	0
DEFB106A	0	0	0	0	0	0	0	0
DEFB104A	0	0	0	0	0	0	0	0
SPAG11A	0	0	2	0	0	0	0	0
DEFB103A	0	0	0	0	0	0	0	0
DEFB4A	2	0	5	0	0	0	0	0
ZNF705B	0	0	0	0	0	0	0	0
USP17L8	0	0	0	0	0	0	0	0
USP17L3	0	0	0	0	0	0	0	0
PRAG1	1104	475	13092	1220	163	303	508	1047
CLDN23	325	11	4302	51	13	12	134	50
MFHAS1	1521	649	20150	619	115	174	1316	1058
ERI1	906	540	11121	437	79	165	505	582
PPP1R3B	1371	132	8903	377	43	124	387	776
TNKS	899	2490	11242	1546	321	579	620	2498
MSRA	394	372	6689	340	70	108	313	491
PRSS51	1	12	3	40	0	2	0	8
PRSS55	0	4	5	5	0	0	0	2
RP1L1	3	5	31	4	1	2	3	12
C8orf74	0	1	0	1	1	0	0	3
SOX7	62	9	627	40	1	7	30	13
PINX1	0	643	0	760	122	220	0	1085
XKR6	402	1150	5165	1754	307	666	292	2297
MTMR9	2012	514	22140	451	93	144	970	804
SLC35G5	20	2	91	1	3	3	16	4
FAM167A	16	54	184	31	7	10	18	43
BLK	0	0	0	2	0	0	0	1
GATA4	66	70	216	108	17	4	19	214
NEIL2	636	249	6865	187	34	75	350	327
FDFT1	8442	4237	92467	3413	697	1112	5384	5186
CTSB	1534	405	22199	391	88	119	666	538
DEFB136	0	0	0	0	0	0	0	0
DEFB135	0	2	2	3	0	0	0	0
DEFB134	0	0	22	1	0	0	0	1
DEFB130B	0	0	0	0	0	0	0	0
ZNF705D	0	0	8	0	0	0	0	0
USP17L7	0	0	1	0	0	0	0	0
USP17L2	0	0	0	0	0	0	0	0
FAM86B1	21	84	834	61	10	22	36	74
DEFB130A	0	0	0	0	0	0	0	0
FAM86B2	12	6	154	8	2	0	8	0
LONRF1	1798	599	17622	766	125	207	1100	1040
TRMT9B	7	340	147	192	30	66	16	158
DLC1	39	170	747	142	20	84	21	119
C8orf48	41	38	885	26	2	13	25	26
SGCZ	1	172	20	27	21	25	0	67
TUSC3	2926	3406	39273	1897	389	804	1936	3141
MSR1	16	25	16	234	46	19	2	184
FGF20	11	21	215	3	1	3	14	14
MICU3	275	785	4882	427	116	166	204	722
ZDHHC2	674	420	8003	418	71	110	590	532
CNOT7	5343	1536	66449	1397	224	493	3365	2193
VPS37A	1962	496	22309	476	105	161	1089	671
MTMR7	52	189	663	105	25	48	36	141
SLC7A2	439	91	8913	311	19	66	341	169
PDGFRL	76	21	2154	23	6	8	53	41
MTUS1	343	152	3553	169	65	61	116	200
FGL1	9	2	142	2	2	1	0	64
PCM1	5592	3828	57831	2174	548	926	3286	3492
ASAH1	5802	1204	75434	763	225	307	3164	1303
NAT1	170	33	2516	45	5	14	80	67
NAT2	20	7	242	4	0	1	7	4
PSD3	990	3843	6785	1450	509	699	509	3959
SH2D4A	384	30	3935	113	9	27	163	115
CSGALNACT1	47	22	114	51	3	7	5	45
INTS10	1505	711	17658	405	84	150	1014	564
LPL	28	96	798	53	34	33	60	44
SLC18A1	0	1	5	0	0	0	0	0
ATP6V1B2	1839	420	26766	459	63	156	1031	662
LZTS1	80	64	1113	84	6	12	46	104
GFRA2	21	46	325	25	10	7	18	29
DOK2	7	0	42	0	0	0	4	2
XPO7	1205	1019	12885	686	132	277	638	1085
NPM2	180	8	1629	4	4	1	57	43
FGF17	1278	591	362	616	51	27	141	1023
DMTN	296	83	547	23	3	4	48	55
FAM160B2	682	126	2073	75	16	27	179	144
NUDT18	59	28	1236	44	6	12	68	44
HR	71	2	37	0	0	0	6	3
REEP4	993	258	11955	138	24	58	448	295
LGI3	1	0	2	0	0	1	0	0
SFTPC	2	0	2	0	0	0	1	1
BMP1	76	100	716	32	13	16	34	73
PHYHIP	43	22	882	8	2	5	35	14
POLR3D	3131	544	40264	550	113	197	1759	831
PIWIL2	687	31	2017	28	11	48	270	243
SLC39A14	1670	219	25144	377	58	110	855	705
PPP3CC	96	257	1698	180	32	43	49	162
SORBS3	783	417	16199	225	43	97	433	352
PDLIM2	2100	720	23026	709	112	263	1239	875
C8orf58	466	132	6625	155	15	55	342	224
CCAR2	1172	354	14783	218	41	118	535	377
BIN3	447	382	6712	292	60	103	292	387
EGR3	36	70	236	82	4	7	25	20
PEBP4	8	35	59	10	3	7	1	7
RHOBTB2	81	64	1434	56	18	22	45	81
TNFRSF10B	1231	1091	15623	629	85	248	484	1240
TNFRSF10C	30	78	645	56	4	20	16	113
TNFRSF10D	136	272	2336	208	25	65	106	371
TNFRSF10A	174	50	2229	56	3	21	67	69
CHMP7	563	215	9359	191	39	76	438	301
R3HCC1	894	595	13895	297	62	140	493	468
LOXL2	197	208	3459	161	31	61	203	201
ENTPD4	657	662	6496	366	58	133	409	535
SLC25A37	1644	893	19919	645	145	273	1284	972
NKX3-1	25	3	1004	9	0	1	22	8
NKX2-6	0	2	1	0	0	0	0	1
STC1	548	71	10765	183	21	73	603	259
ADAM28	7	28	168	30	3	40	12	8
ADAMDEC1	0	1	0	0	0	0	0	0
ADAM7	0	4	0	2	0	0	0	0
NEFM	1443	1009	21550	854	324	349	1035	525
NEFL	2068	469	22729	475	257	178	1323	933
DOCK5	482	185	3778	338	78	99	164	574
GNRH1	44	8	301	7	1	8	18	15
KCTD9	823	335	8255	240	54	104	426	461
CDCA2	2602	1107	30409	879	165	281	1450	1287
EBF2	37	72	157	72	106	16	29	486
PPP2R2A	5668	1971	61432	1990	351	554	3179	2656
BNIP3L	2869	2109	46119	1565	324	778	2432	2546
PNMA2	137	295	3220	65	40	52	92	168
DPYSL2	3281	2214	37293	1115	295	627	2445	2253
ADRA1A	0	8	99	27	1	8	9	11
STMN4	70	108	480	33	15	20	16	91
TRIM35	208	102	2587	67	18	30	98	121
PTK2B	18	102	271	58	10	23	15	89
CHRNA2	0	0	7	0	0	0	0	1
EPHX2	227	260	4221	205	38	72	128	207
CLU	7547	1395	134700	1852	315	560	4403	2633
SCARA3	248	89	4094	88	22	26	133	97
CCDC25	3562	1792	50314	1070	233	467	2394	1821
ESCO2	1905	534	17449	399	71	139	911	644
PBK	989	1124	8904	416	104	166	536	714
SCARA5	10	9	69	3	0	0	2	1
NUGGC	0	2	2	0	0	0	0	0
ELP3	746	554	8699	424	90	140	469	631
PNOC	2	6	13	2	1	1	7	4
ZNF395	430	85	4022	90	22	42	293	141
FBXO16	230	744	4159	351	101	212	195	592
FZD3	2270	5968	19411	1640	507	1133	1707	3433
EXTL3	592	764	7802	403	112	156	273	713
INTS9	273	454	3525	240	54	83	158	399
HMBOX1	616	821	3947	535	118	225	382	882
KIF13B	205	458	2788	329	65	128	142	501
DUSP4	119	252	1989	133	31	55	78	220
SARAF	7076	2017	83848	1416	310	594	3895	2269
LEPROTL1	3380	1187	31173	915	171	367	1873	1447
MBOAT4	0	5	2	2	1	1	0	7
DCTN6	2483	765	27912	445	98	190	1455	781
RBPMS	6995	2267	99688	5042	810	1419	5373	7916
GTF2E2	2314	736	29288	608	124	180	1199	1022
SMIM18	3	22	16	5	7	5	0	20
GSR	1693	472	18692	492	105	139	904	736
UBXN8	609	138	8674	140	21	56	348	154
PPP2CB	3080	1539	35761	1200	220	446	1958	1803
TEX15	316	99	2672	134	26	46	157	131
PURG	85	429	1575	119	55	97	81	274
WRN	1243	1876	13075	1336	301	443	1031	2073
NRG1	160	640	1325	262	71	157	60	389
AC083977.1	0	0	0	0	0	0	0	0
FUT10	646	605	5721	497	113	155	380	741
TTI2	1193	477	11310	320	52	112	538	505
MAK16	2534	335	23769	460	65	143	1327	632
RNF122	85	198	942	124	32	65	87	242
DUSP26	56	41	451	30	6	11	23	38
UNC5D	370	1668	6173	3663	297	1151	209	3273
KCNU1	0	0	0	0	0	0	0	3
ZNF703	88	33	812	36	13	14	35	19
ERLIN2	1087	521	14794	363	81	168	777	636
PLPBP	1112	703	15190	330	81	191	662	586
ADGRA2	66	32	718	20	1	3	23	52
BRF2	756	214	8613	197	25	73	367	225
RAB11FIP1	1921	1018	17294	942	143	339	1054	1053
GOT1L1	0	0	1	0	0	0	0	0
ADRB3	4	0	54	1	0	0	3	0
EIF4EBP1	8364	2348	125693	2102	284	704	5487	2805
ASH2L	3013	669	30291	704	142	257	1605	1063
STAR	58	12	774	15	4	8	48	35
LSM1	5231	1038	55285	869	150	286	2576	1507
BAG4	1727	475	19846	408	65	163	878	746
DDHD2	114	399	1712	160	38	75	124	280
PLPP5	2180	702	25903	473	123	264	1483	998
NSD3	2806	2821	30807	1415	320	670	1913	2541
LETM2	55	69	728	34	10	18	21	71
FGFR1	3549	3200	50606	3017	509	1148	3833	4479
C8orf86	2	13	8	27	0	4	0	13
TACC1	587	368	6652	416	66	101	318	255
PLEKHA2	1507	35	2771	96	41	20	273	88
HTRA4	16	1	49	2	0	0	4	3
TM2D2	3814	563	42674	671	122	240	1825	942
ADAM9	216	571	1766	336	93	120	122	503
ADAM32	1	112	41	55	10	17	2	56
ADAM18	1	5	12	11	0	9	1	10
ADAM2	0	4	2	0	0	1	0	2
IDO1	571	19	19734	246	7	128	285	338
IDO2	0	5	14	0	1	1	1	15
TCIM	16	94	95	316	10	44	2	22
ZMAT4	149	592	5587	466	170	296	77	960
SFRP1	645	894	36622	1459	191	1175	2100	3227
GOLGA7	2229	791	28694	551	125	241	1125	981
GINS4	1229	483	13671	349	48	153	739	543
GPAT4	648	332	10217	195	51	101	389	321
NKX6-3	0	1	15	1	0	1	0	2
ANK1	106	87	1326	55	15	13	35	158
KAT6A	1408	1694	15458	965	226	389	778	1490
AP3M2	657	558	7839	348	81	144	524	458
PLAT	142	54	3190	66	6	11	39	69
IKBKB	356	263	4895	234	47	54	262	317
POLB	628	525	8191	408	77	122	528	608
DKK4	1	6	5	70	1	0	3	165
VDAC3	10857	2756	110783	2157	422	757	5207	3150
SLC20A2	772	1154	9737	915	175	373	455	1201
SMIM19	2091	1575	26514	1084	212	371	1992	1494
CHRNB3	0	0	4	1	0	1	1	1
CHRNA6	3	2	13	1	0	0	0	1
THAP1	1447	322	17074	284	44	99	828	379
RNF170	856	473	10555	313	71	119	547	484
HOOK3	1432	1668	14791	852	242	357	812	1545
FNTA	4175	1365	31999	1184	261	417	2471	1773
POMK	95	162	973	117	21	44	76	157
HGSNAT	236	426	2029	224	73	67	142	320
IGLV8OR8-1	0	0	0	0	0	0	0	0
SPIDR	853	2566	7998	2150	441	883	471	3772
CEBPD	332	46	2996	133	14	43	128	82
PRKDC	16576	7385	160252	5968	1161	2223	10668	9934
MCM4	5549	1374	52965	1223	218	539	3278	2026
UBE2V2	9034	2556	98763	2024	365	756	5222	2995
EFCAB1	25	150	290	28	5	16	24	37
SNAI2	12	65	212	74	2	16	10	40
PPDPFL	0	0	3	0	0	0	0	0
SNTG1	90	117	1073	122	68	24	61	683
PXDNL	1	109	22	86	16	24	1	119
PCMTD1	1391	1657	11316	1005	222	399	1035	1586
ST18	6	12	30	17	3	2	1	32
ALKAL1	119	1	651	7	5	0	19	39
RB1CC1	4137	1895	39384	1398	277	537	2162	2365
NPBWR1	0	0	0	0	0	0	0	0
OPRK1	20	68	1056	51	20	59	34	57
ATP6V1H	1895	634	23134	650	137	232	1129	1045
RGS20	254	530	686	56	103	82	77	382
TCEA1	12714	4000	139924	4084	989	1625	5858	9432
LYPLA1	12809	2137	137977	2289	472	731	6664	4482
MRPL15	10402	1167	130633	1380	234	447	3551	2270
SOX17	27	68	123	203	1	4	20	162
RP1	19	3	34	2	0	0	0	4
XKR4	105	92	1349	738	67	71	110	395
TMEM68	1429	578	15578	440	68	160	874	820
TGS1	4749	1015	44279	891	181	290	2164	1479
LYN	604	360	7694	614	75	143	546	816
RPS20	91246	19900	922267	17632	3121	6647	59252	28571
MOS	0	1	13	0	0	1	1	0
PLAG1	334	527	3204	333	69	117	281	501
CHCHD7	2571	408	26264	474	80	155	1490	657
SDR16C5	10	1	79	1	0	1	5	4
PENK	5	2	79	0	1	0	4	3
IMPAD1	799	406	10251	191	52	102	618	436
FAM110B	165	679	2188	307	105	313	99	576
UBXN2B	684	574	8473	341	74	162	427	563
CYP7A1	0	0	0	0	0	0	0	0
SDCBP	5735	1611	58186	1276	261	467	3243	2049
NSMAF	650	579	4691	413	118	147	277	697
TOX	258	1413	5058	1024	245	417	211	1518
CA8	231	176	4466	197	32	39	109	181
RAB2A	5964	2845	78920	2157	454	753	3608	3214
CHD7	1245	4150	10734	1919	446	793	1973	3267
CLVS1	17	398	84	136	40	64	5	217
ASPH	1844	1215	15343	1031	198	408	1298	1323
NKAIN3	21	2658	215	509	279	694	22	1366
GGH	925	971	20347	608	107	245	810	616
TTPA	1	106	34	21	5	18	8	36
YTHDF3	1384	924	15078	853	146	296	760	1196
BHLHE22	0	4	15	2	0	0	1	3
CYP7B1	12	180	139	78	18	50	5	82
ARMC1	2687	1187	32094	806	142	337	1811	1215
MTFR1	987	797	10584	412	110	137	655	601
PDE7A	1253	2138	12478	1635	339	570	957	2128
DNAJC5B	2	4	13	2	0	0	0	0
TRIM55	2	3	23	138	2	25	2	6
CRH	7	1	83	48	2	15	0	2
RRS1	3519	392	45294	606	82	179	1703	762
ADHFE1	8	156	203	60	12	36	12	69
VXN	0	9	1	2	1	0	0	1
MYBL1	144	162	2390	69	16	42	111	165
VCPIP1	540	155	6378	143	37	51	296	221
SGK3	1007	593	9745	426	108	161	403	477
MCMDC2	32	37	259	20	6	5	26	28
TCF24	60	5	671	5	1	3	33	11
PPP1R42	3	117	39	23	8	17	0	37
COPS5	5193	1119	71342	1058	184	360	2799	1482
CSPP1	1113	924	14639	736	183	280	483	1020
ARFGEF1	3204	1269	26960	1640	345	500	1736	2765
CPA6	6	10	61	34	0	14	4	96
PREX2	1012	1081	15781	1382	290	586	783	2302
C8orf34	45	199	519	118	30	108	42	217
SULF1	77	941	1162	375	62	203	59	421
SLCO5A1	349	198	1561	125	69	49	155	363
PRDM14	1563	56	17094	385	89	106	527	516
NCOA2	713	2285	6956	1536	335	593	430	2324
TRAM1	4125	1311	46567	1097	194	447	2211	1881
LACTB2	1964	461	25820	422	71	129	1090	691
XKR9	7	8	47	9	2	4	3	19
EYA1	24	496	268	389	28	120	28	299
MSC	27	1	940	4	1	1	13	9
TRPA1	7	2	76	4	0	1	5	14
KCNB2	24	217	385	141	57	83	22	373
TERF1	49549	2464	535696	6413	1234	2454	25761	18283
SBSPON	95	5	459	50	3	9	36	20
C8orf89	1	0	10	4	0	0	3	1
RPL7	105499	26120	1170935	24492	4392	9024	59665	32881
RDH10	319	154	2561	78	18	35	170	148
STAU2	1323	2634	13106	1857	448	631	840	3077
UBE2W	1724	1535	17493	1086	230	418	898	1837
ELOC	12504	2200	167440	2287	392	709	6423	3513
TMEM70	3739	518	44138	514	97	190	1634	781
LY96	8	3	306	2	0	0	1	4
JPH1	474	69	6105	214	35	48	336	338
GDAP1	366	357	8366	255	64	142	298	413
PI15	13	17	219	21	8	5	9	33
CRISPLD1	660	1236	9389	417	143	333	468	841
HNF4G	33	58	428	99	9	28	11	87
ZFHX4	215	4357	2235	973	326	825	175	2616
PEX2	1677	1008	18436	519	124	259	1084	898
PKIA	657	1367	6126	552	179	283	374	1010
ZC2HC1A	781	748	11798	531	103	227	501	624
IL7	1	129	12	70	18	25	2	70
STMN2	187	366	1369	365	59	128	147	379
HEY1	122	156	2037	193	33	62	103	162
MRPS28	1927	1690	26084	1222	261	452	1074	2140
TPD52	3884	531	44121	1438	206	300	2824	1604
ZBTB10	653	647	5075	337	95	152	480	598
ZNF704	112	2266	1020	647	246	375	115	1316
PAG1	44	56	350	30	5	22	19	70
FABP5	34343	4083	287104	6282	948	1526	13446	9134
PMP2	0	8	9	2	0	0	0	1
FABP9	0	0	0	0	0	0	0	1
FABP4	0	0	13	3	0	0	0	0
FABP12	0	1	0	0	0	0	0	0
IMPA1	994	483	15382	368	78	124	953	599
SLC10A5	5	0	63	2	0	0	4	3
ZFAND1	2842	696	26189	503	144	154	1774	1012
CHMP4C	528	125	4883	214	36	36	893	593
SNX16	540	226	8204	266	29	71	431	318
RALYL	465	332	3793	892	393	194	283	1872
LRRCC1	637	548	7806	264	64	121	571	462
E2F5	1584	1316	16811	763	166	298	1236	1079
RBIS	8982	2225	114077	2216	386	684	5238	3137
CA13	88	70	986	43	15	24	55	86
CA1	0	15	1	11	2	3	27	13
CA3	32	129	633	65	18	32	58	77
CA2	1104	267	10390	240	21	60	275	366
ATP6V0D2	4	21	16	16	0	11	17	10
PSKH2	11	1	27	9	1	1	10	8
SLC7A13	0	0	0	0	0	0	0	0
WWP1	1146	989	12356	774	142	268	686	1129
RMDN1	1910	814	28902	579	115	238	1210	911
CPNE3	3083	1230	36425	936	204	324	1634	1144
CNGB3	3	13	20	3	3	1	5	3
CNBD1	1	23	6	33	15	7	0	109
DCAF4L2	0	0	0	0	0	0	0	0
MMP16	148	2157	4834	704	211	476	123	1909
RIPK2	648	279	12151	248	44	86	429	373
OSGIN2	618	298	8433	284	53	83	478	325
NBN	1790	811	18501	602	109	240	948	820
DECR1	1163	1701	14543	647	245	314	844	1112
CALB1	1376	52	17468	92	24	37	435	332
TMEM64	2193	435	29398	1083	101	76	907	1231
NECAB1	487	65	7837	211	12	13	143	236
C8orf88	367	344	7186	306	29	45	351	257
PIP4P2	1270	424	31254	604	68	116	992	696
OTUD6B	1153	197	15412	294	49	93	613	373
LRRC69	210	185	5488	117	26	39	129	191
SLC26A7	5	41	138	19	3	3	5	19
RUNX1T1	1273	349	11627	735	224	216	705	1663
TRIQK	451	713	7253	361	95	176	386	568
FAM92A	2041	1462	22031	710	191	301	982	937
RBM12B	1095	723	11856	500	96	225	729	825
TMEM67	272	810	2940	305	86	161	221	466
PDP1	495	119	7051	149	30	57	191	183
CDH17	0	4	14	0	1	0	2	3
GEM	93	184	1422	91	23	30	67	134
RAD54B	455	436	5799	285	66	103	245	387
FSBP	191	121	2614	81	23	34	146	147
VIRMA	1898	982	19916	709	127	227	1286	923
ESRP1	4343	191	54069	1138	225	298	2440	1545
DPY19L4	533	423	6004	271	59	120	334	439
INTS8	1045	740	9787	473	93	189	736	648
CCNE2	135	117	1259	65	13	37	93	99
NDUFAF6	1318	996	25286	602	125	219	720	880
TP53INP1	269	393	2924	137	33	66	135	301
PLEKHF2	385	168	3915	122	20	69	161	172
C8orf37	62	165	1123	54	19	41	64	84
GDF6	5	12	40	6	0	13	6	2
UQCRB	43067	7927	435167	6677	1225	2509	22312	10650
MTERF3	1265	448	17476	366	55	165	766	493
PTDSS1	1074	270	12761	298	47	90	649	394
SDC2	550	1396	11371	483	129	310	492	967
CPQ	59	392	1227	242	59	87	66	204
TSPYL5	129	172	3654	8	16	29	100	93
MTDH	6881	2864	81047	1931	404	693	3914	3112
LAPTM4B	30550	4867	344994	6708	1305	1660	17682	12266
MATN2	150	65	2239	119	19	34	100	196
RPL30	206682	45229	1983582	36673	6759	13567	127044	59124
ERICH5	143	10	2731	40	6	9	42	33
RIDA	2617	902	38370	696	120	252	1760	1052
POP1	642	240	6869	171	27	61	361	298
NIPAL2	17	25	300	36	7	7	12	38
STK3	473	2675	5981	1528	333	657	349	2152
KCNS2	1	2	4	0	0	0	1	1
OSR2	6	3	48	3	0	0	0	2
VPS13B	199	3057	2219	1649	382	655	149	2536
COX6C	31000	5880	332654	5449	1061	1720	15407	8047
RGS22	5	127	41	25	12	18	1	47
FBXO43	19	100	688	38	14	12	15	50
POLR2K	8787	1856	105427	1635	281	489	4711	2300
SPAG1	102	351	1284	125	47	60	42	184
RNF19A	571	615	5307	539	107	172	323	541
ANKRD46	1202	518	10830	279	93	138	587	492
SNX31	0	13	25	4	1	1	1	8
PABPC1	44906	6484	576939	8817	1444	3338	27339	14546
YWHAZ	17203	6916	194290	7010	1237	2100	9942	8582
ZNF706	8818	2760	116365	2043	396	679	4445	2976
GRHL2	223	148	2478	1162	190	242	251	896
NCALD	44	1681	401	634	189	441	37	783
RRM2B	1884	494	27400	340	86	189	1169	1158
UBR5	3580	2448	51044	2470	427	779	2137	3536
ODF1	0	1	4	0	0	1	0	0
KLF10	700	155	7515	264	33	73	393	248
AZIN1	3696	1066	37164	1168	206	336	2027	1560
ATP6V1C1	2004	427	28551	500	77	150	968	618
BAALC	45	279	724	152	62	102	30	128
FZD6	350	504	3058	435	102	180	256	526
CTHRC1	348	142	3414	591	54	147	163	78
SLC25A32	98	387	1304	330	54	111	56	486
DCAF13	10350	1593	122206	1757	265	599	5811	2457
RIMS2	933	1790	13677	4450	767	1194	609	6925
DPYS	17	13	171	13	0	5	12	14
DCSTAMP	0	0	0	0	0	0	0	0
LRP12	354	974	2866	460	116	208	302	713
ZFPM2	3	485	64	286	50	190	3	327
OXR1	670	1315	7247	735	187	302	501	998
ABRA	0	1	0	0	0	0	0	1
ANGPT1	199	520	1996	176	55	133	89	325
RSPO2	72	536	920	341	82	195	43	411
EIF3E	42550	9945	355591	7713	1473	2993	24523	12625
EMC2	3603	1201	40023	858	208	343	2277	1215
TMEM74	148	66	2226	53	10	33	149	80
TRHR	0	5	0	5	3	2	0	5
NUDCD1	3318	972	31107	834	311	274	2331	2146
ENY2	17960	4203	181302	3674	834	1279	12333	6608
PKHD1L1	3	8	74	9	1	3	0	10
EBAG9	1176	608	16852	338	89	149	845	580
SYBU	11	35	111	38	4	12	7	22
KCNV1	2	2	51	4	0	6	1	4
CSMD3	5	85	58	61	13	20	1	81
TRPS1	417	1426	2656	1009	254	393	220	1446
EIF3H	17897	4868	208951	4245	699	1515	10315	6406
UTP23	1387	597	20245	435	62	169	718	596
RAD21	7585	4165	91644	2674	455	1109	4782	4295
AARD	63	53	1384	21	5	15	70	32
SLC30A8	14	22	18	6	2	3	19	22
MED30	1901	689	25576	417	97	174	1456	708
EXT1	812	4403	8961	3080	659	1366	410	4720
SAMD12	418	934	4353	969	241	276	263	1189
TNFRSF11B	65	255	774	92	5	8	33	123
COLEC10	1	53	24	4	0	0	2	9
MAL2	4195	188	50401	815	124	271	2609	1060
CCN3	68	39	574	17	1	4	12	6
ENPP2	106	501	1968	150	53	135	87	438
TAF2	1027	924	12659	712	119	259	712	912
DSCC1	3129	570	36604	717	129	232	2022	1022
DEPTOR	420	51	2348	42	3	14	85	39
COL14A1	384	69	9209	138	9	59	184	151
MRPL13	9836	1948	108503	1883	287	635	4928	2601
MTBP	226	601	2336	348	94	140	157	530
SNTB1	166	224	2681	367	38	101	140	312
HAS2	528	416	2930	365	53	55	362	708
ZHX2	56	692	873	575	82	175	110	648
DERL1	2362	500	29964	499	70	205	1285	779
TBC1D31	866	670	9047	426	91	154	518	717
FAM83A	1	8	16	4	0	0	0	5
C8orf76	1221	581	17298	573	100	141	819	704
ZHX1	148	183	3339	103	24	61	72	125
ATAD2	992	1900	9515	1011	183	420	650	1420
WDYHV1	529	666	7505	377	86	125	498	515
FBXO32	21	18	284	17	0	11	8	17
KLHL38	0	0	0	0	0	0	0	0
ANXA13	0	2	0	0	0	0	0	1
FAM91A1	631	352	8531	268	45	102	351	372
FER1L6	0	11	0	4	2	3	0	5
TMEM65	439	1141	5566	474	121	246	266	761
TRMT12	418	159	6166	131	23	38	215	172
RNF139	714	275	8440	191	42	78	473	253
TATDN1	5350	1589	50626	1304	188	435	3220	1858
NDUFB9	15260	2445	206381	2503	381	900	8174	4037
MTSS1	338	666	2764	290	80	100	110	459
ZNF572	79	24	987	25	1	12	7	25
SQLE	7367	2652	71805	2218	430	767	4315	2786
WASHC5	946	460	10388	429	77	134	488	568
NSMCE2	1197	2619	17882	1990	356	640	846	2764
TRIB1	845	80	7756	130	16	53	393	224
LRATD2	1167	183	8954	233	50	113	570	306
POU5F1B	893	13	11648	74	16	15	473	137
MYC	4211	93	34179	500	97	135	2458	700
GSDMC	1	1	81	1	1	0	2	1
FAM49B	5107	2429	55786	1856	355	727	3303	2908
ASAP1	2226	2318	10317	1606	342	538	981	3466
ADCY8	106	38	938	95	20	24	16	80
EFR3A	1303	705	22073	581	89	195	462	1029
OC90	2	2	2	17	3	3	0	15
HHLA1	585	35	610	282	48	27	95	426
KCNQ3	47	251	410	231	72	71	28	335
LRRC6	87	436	1656	109	37	70	61	218
TMEM71	1	2	18	0	0	0	0	0
PHF20L1	1745	1002	19706	649	168	322	1081	1105
TG	0	2	4	4	1	0	0	1
SLA	7	1	65	4	1	3	6	6
CCN4	1	0	4	5	0	0	1	0
NDRG1	69	20	665	77	6	27	81	36
ST3GAL1	109	156	1534	91	30	61	59	113
ZFAT	113	163	1208	136	25	52	71	214
KHDRBS3	1289	963	14788	778	136	318	964	1292
FAM135B	0	111	1	3	21	26	1	63
COL22A1	18	124	30	27	33	30	16	115
KCNK9	16	9	449	5	1	2	4	22
TRAPPC9	181	1435	3080	947	220	388	97	1344
CHRAC1	1589	708	21969	498	101	218	1496	986
AGO2	3656	1176	36647	1337	250	454	2771	1917
PTK2	2196	5753	24696	3870	774	1380	1455	6001
DENND3	113	37	943	34	9	22	37	49
SLC45A4	207	214	2487	186	27	75	114	305
GPR20	0	4	0	11	1	1	0	3
PTP4A3	3	124	53	103	19	37	3	162
AC138647.1	0	0	14	1	0	0	1	0
TSNARE1	79	227	1180	203	52	58	44	322
ADGRB1	54	32	875	24	4	7	35	43
ARC	158	8	3317	57	2	1	121	37
JRK	311	150	4662	96	20	45	234	142
PSCA	2	1	20	1	2	0	1	2
LY6K	120	3	434	43	2	4	222	61
THEM6	197	12	2270	57	10	18	81	54
SLURP1	0	0	0	0	0	0	0	0
LYPD2	0	1	16	1	0	10	1	1
SLURP2	0	0	0	2	0	0	0	0
LYNX1	37	4	645	23	1	6	34	34
LY6D	0	0	1	0	0	0	0	0
GML	0	0	0	0	0	0	0	0
CYP11B1	0	0	0	0	0	0	0	0
CYP11B2	0	0	0	0	0	0	0	0
LY6E	95	864	807	1769	179	520	39	1641
LY6L	1	0	8	2	0	1	0	1
LY6H	0	350	22	120	52	82	0	160
GPIHBP1	0	0	0	0	0	0	0	0
ZFP41	126	76	1706	67	19	27	57	82
GLI4	538	237	9216	175	35	67	384	290
ZNF696	322	103	4863	86	20	23	203	128
TOP1MT	2083	250	21970	311	50	118	1554	661
RHPN1	220	140	4147	45	9	27	125	109
MAFA	730	11	4413	21	3	10	143	124
ZC3H3	413	187	5824	163	29	57	196	252
GSDMD	107	24	1180	141	17	26	31	120
MROH6	9	28	172	13	4	4	2	38
NAPRT	562	351	8142	118	49	55	615	398
EEF1D	15556	10999	189407	6443	1126	2744	8036	12078
TIGD5	0	147	0	119	29	43	0	215
PYCR3	3	84	49	81	19	22	1	112
TSTA3	962	511	15026	617	94	183	460	1036
ZNF623	2	273	77	183	45	59	1	265
ZNF707	2	86	31	67	10	18	0	78
CCDC166	0	0	0	0	0	0	0	0
MAPK15	10	83	101	15	9	16	3	35
FAM83H	0	58	5	104	9	39	1	155
IQANK1	6	52	32	73	16	23	1	93
SCRIB	99	236	1791	148	39	59	55	250
PUF60	517	2285	7903	1623	313	639	227	2905
NRBP2	625	102	10136	96	20	41	254	151
EPPK1	386	44	5940	46	9	29	188	74
PLEC	1499	338	11881	284	64	90	585	451
PARP10	15	7	356	6	2	1	14	19
GRINA	2085	562	33836	359	53	158	1022	671
SPATC1	1	6	3	7	2	5	0	21
OPLAH	231	40	3635	32	8	14	123	62
EXOSC4	2593	520	34804	418	74	131	1344	717
GPAA1	3456	558	46974	581	83	186	1610	863
CYC1	13096	2247	193007	1979	362	662	5970	3420
SHARPIN	2023	658	30140	500	93	157	1138	774
MAF1	4780	1050	61354	872	163	301	2408	1515
WDR97	4	1	34	2	1	0	2	0
HGH1	959	119	10732	90	18	34	444	185
MROH1	459	133	6664	187	43	42	241	283
BOP1	3852	368	38483	412	79	132	1877	782
SCX	700	89	5349	57	7	26	218	109
HSF1	1652	629	28882	487	86	136	900	719
DGAT1	714	267	9507	146	31	58	355	292
SCRT1	26	2	251	1	4	1	27	10
TMEM249	40	9	651	27	5	5	16	71
SLC52A2	2496	335	31884	362	58	124	1291	581
FBXL6	938	110	12192	124	17	34	495	247
ADCK5	268	45	3542	60	13	36	120	98
CPSF1	1039	400	13034	217	55	105	596	498
SLC39A4	2419	35	21073	175	37	45	874	186
VPS28	3892	2079	47959	1023	283	497	2200	1954
TONSL	1095	256	10173	168	31	64	530	289
CYHR1	2070	762	31014	490	110	215	1394	688
KIFC2	313	26	4549	38	12	15	178	85
FOXH1	14282	260	207491	1786	239	311	8351	2422
PPP1R16A	732	182	11322	169	36	76	527	289
GPT	79	3	549	2	1	2	29	8
MFSD3	2159	468	27234	328	96	163	1476	926
RECQL4	660	137	8481	111	20	38	349	156
LRRC14	886	178	14499	139	27	49	500	196
LRRC24	50	29	891	9	7	17	18	34
C8orf82	1670	410	20018	264	63	91	1023	449
ARHGAP39	364	218	4268	117	34	58	196	241
ZNF251	97	736	1086	597	134	151	47	766
ZNF34	388	78	4142	73	26	23	252	243
RPL8	310598	45615	3455702	47088	8738	16475	184019	83691
ZNF517	132	62	1215	35	7	12	84	81
ZNF7	1171	253	11879	242	41	68	560	335
COMMD5	2045	386	28831	306	58	127	1006	561
ZNF250	266	291	3722	169	43	61	174	285
ZNF16	484	339	5020	203	50	15	251	307
C8orf33	2246	784	26881	517	88	185	1371	860
WASHC1	164	213	2114	158	32	64	125	222
FOXD4	6	1	50	0	0	0	1	1
CBWD1	1113	356	11556	414	49	103	653	315
DOCK8	17	125	113	70	30	45	10	141
KANK1	591	1743	5564	1115	261	432	457	1425
DMRT1	6	11	98	3	0	2	7	2
DMRT3	17	48	238	24	11	21	8	39
DMRT2	1	2	19	2	0	0	2	1
SMARCA2	546	72	7328	335	31	75	299	248
VLDLR	370	71	8090	167	17	32	591	139
KCNV2	2	12	5	27	3	11	0	24
PUM3	4464	1375	46721	1360	256	477	2314	2280
RFX3	470	5808	6820	1686	581	1183	324	3420
GLIS3	31	2259	331	338	150	474	30	595
SLC1A1	25	65	372	83	24	29	62	52
SPATA6L	37	35	905	50	25	14	20	83
PLPP6	170	85	3011	53	19	23	110	127
CDC37L1	2200	356	24672	403	54	129	979	594
AK3	2226	1022	23986	672	157	245	1160	1104
RCL1	1024	310	11847	346	92	98	605	540
JAK2	52	263	619	140	28	47	35	203
IGHEP2	0	0	3	0	0	0	0	0
INSL6	14	10	102	17	6	3	3	22
INSL4	2	1	9	1	1	0	0	0
RLN2	179	67	3987	73	12	20	88	85
RLN1	27	9	475	20	3	7	17	20
PLGRKT	1945	1043	20975	717	142	213	1345	946
CD274	1	1	24	2	1	0	2	0
PDCD1LG2	0	20	1	6	3	3	0	9
RIC1	341	990	4130	590	132	213	180	861
ERMP1	250	181	2806	165	41	80	197	290
KIAA2026	749	835	9275	644	119	248	542	981
MLANA	0	5	5	3	3	0	0	7
RANBP6	280	283	3544	193	42	81	189	275
IL33	2	1	1	13	0	1	1	6
TPD52L3	0	0	0	0	0	0	0	0
UHRF2	374	1139	5690	602	125	232	441	924
GLDC	2922	733	29336	737	156	243	1070	1239
KDM4C	793	443	8118	812	242	277	342	1765
DMAC1	5237	1613	60129	1348	249	503	3336	1900
PTPRD	233	4549	4687	1701	571	1015	301	3695
TYRP1	11	3	64	1	0	2	5	0
LURAP1L	25	34	732	30	13	5	7	15
MPDZ	1047	2262	11013	977	254	451	735	1532
NFIB	96	289	746	327	87	126	199	393
ZDHHC21	555	1000	6263	444	107	216	322	741
CER1	247	36	2687	338	13	17	204	938
FREM1	79	8061	602	843	358	414	33	1715
TTC39B	357	206	4251	321	43	82	245	497
SNAPC3	2185	849	18268	528	120	223	1162	948
PSIP1	24801	6862	327188	6823	1212	2481	16050	11659
CCDC171	200	903	3454	399	102	246	230	791
C9orf92	0	21	7	19	7	9	1	21
BNC2	850	1310	8485	2170	519	735	579	3590
CNTLN	1712	1913	18053	939	325	432	1049	2049
SH3GL2	77	34	2068	146	18	55	52	199
ADAMTSL1	10	291	307	136	43	80	13	220
SAXO1	5	28	17	17	11	6	3	33
RRAGA	2867	673	37540	619	126	222	1383	898
HAUS6	2629	974	28169	745	177	276	1348	1251
PLIN2	6222	1309	59505	1322	185	496	2661	1727
DENND4C	533	1318	5269	894	220	301	277	1373
RPS6	287269	57764	3017809	56234	9506	21165	158391	86808
ACER2	25	226	403	142	31	42	16	228
SLC24A2	124	67	2390	364	82	98	60	804
MLLT3	136	2581	2193	600	212	469	99	1329
FOCAD	363	1965	4622	1402	303	489	253	1976
HACD4	183	102	1635	73	27	22	83	121
IFNB1	0	0	0	0	0	0	0	0
IFNW1	0	0	0	0	0	0	0	0
IFNA21	0	0	0	0	0	0	0	0
IFNA4	0	0	0	0	0	0	0	0
IFNA7	0	0	0	0	0	0	0	0
IFNA10	0	0	0	0	0	0	0	0
IFNA16	0	0	0	0	0	0	0	0
IFNA17	0	0	0	0	0	0	0	0
IFNA14	0	0	0	0	0	0	0	0
IFNA5	0	0	0	0	0	0	0	0
KLHL9	529	367	5779	280	59	101	266	362
IFNA6	0	0	1	0	0	0	0	0
IFNA13	0	0	0	0	0	0	0	0
IFNA2	0	0	0	1	0	0	0	0
IFNA8	0	0	0	0	0	0	0	0
IFNA1	0	0	0	0	0	0	0	0
IFNE	5	1	19	0	0	0	2	0
MTAP	2835	1889	30185	1599	311	662	1307	2513
CDKN2A	27	1	348	5	0	0	10	6
CDKN2B	3	8	57	47	1	10	1	13
DMRTA1	302	252	4542	146	22	57	146	258
ELAVL2	1044	488	6493	229	90	76	637	756
IZUMO3	0	0	0	0	0	0	0	0
TUSC1	652	361	9133	241	58	59	237	245
CAAP1	3633	1017	30307	907	183	317	1840	1709
PLAA	2371	702	25392	641	133	224	1168	976
IFT74	675	1166	10608	486	130	258	561	836
LRRC19	4	38	13	17	5	5	0	19
TEK	7	16	88	8	2	11	1	15
EQTN	4	6	43	3	2	1	2	3
MOB3B	989	1064	8624	483	140	224	681	1170
IFNK	0	0	1	1	0	0	0	0
C9orf72	686	944	8402	362	97	181	480	584
LINGO2	16	1537	309	877	171	447	23	825
ACO1	707	511	11643	416	76	147	727	585
DDX58	255	236	2740	163	43	64	166	265
TOPORS	2762	618	32489	660	90	269	1619	1094
SMIM27	462	272	7302	145	29	65	320	273
NDUFB6	6876	1962	94926	1534	291	567	4344	2391
TAF1L	2	1	8	0	0	0	1	0
TMEM215	10	5	442	1	0	0	11	6
APTX	2211	1209	28279	720	125	310	1173	1011
DNAJA1	14420	6837	221390	4343	805	1560	9379	6303
SMU1	2503	1127	33282	962	157	343	1782	1249
B4GALT1	456	309	5818	299	45	95	331	362
SPINK4	0	2	1	0	0	0	0	2
BAG1	3287	960	42211	721	139	326	1688	1289
CHMP5	5639	1597	68454	1241	242	396	3645	1996
NFX1	966	686	13682	639	124	209	574	818
AQP7	3	3	23	0	0	0	1	0
AQP3	27	14	770	18	1	14	23	17
NOL6	549	107	7827	82	15	31	300	137
ANKRD18B	48	122	1332	140	17	50	100	135
TRBV20OR9-2	1	0	14	0	0	0	0	2
TRBV21OR9-2	0	0	0	0	0	0	0	0
TRBV22OR9-2	0	0	0	0	0	0	0	0
TRBV23OR9-2	0	0	0	0	0	0	0	0
TRBV24OR9-2	0	0	0	0	0	0	0	0
TRBV25OR9-2	0	0	0	0	0	0	0	0
TRBV26OR9-2	2	1	8	3	0	2	6	6
PRSS3	4	21	289	16	1	6	8	13
TRBV29OR9-2	0	0	0	0	0	0	0	0
UBE2R2	4107	3587	54119	2317	467	880	3196	3602
UBAP2	3165	1317	32544	1356	256	413	1505	1722
DCAF12	620	435	7386	242	56	105	372	454
UBAP1	613	981	10731	729	156	272	372	943
KIF24	112	339	1549	144	35	73	64	209
NUDT2	1233	556	13477	327	70	155	417	605
MYORG	28	6	617	37	3	4	21	27
C9orf24	67	21	1679	43	8	7	27	77
FAM219A	311	190	4534	171	46	57	125	206
DNAI1	4	159	134	34	10	23	13	56
ENHO	826	487	13996	255	61	118	633	605
CNTFR	454	1015	3742	305	107	92	162	680
RPP25L	1028	533	14771	358	70	118	705	491
DCTN3	1652	1907	25926	762	231	399	1061	1379
ARID3C	0	0	3	0	0	1	0	0
SIGMAR1	1402	628	27076	434	92	169	1045	715
GALT	308	239	7259	161	25	64	206	214
IL11RA	65	117	1852	56	12	27	96	124
CCL27	13	3	285	5	1	1	11	9
AL162231.1	292	238	6006	115	29	55	248	242
CCL19	0	0	3	0	0	0	1	1
CCL21	0	0	0	0	0	0	0	0
FAM205A	0	0	0	0	0	0	0	0
FAM205C	0	0	0	0	0	0	0	0
PHF24	1	4	68	2	0	1	4	2
DNAJB5	340	100	5578	130	18	21	158	137
C9orf131	0	0	1	1	0	0	0	2
VCP	10926	2586	140758	2475	429	849	5253	4122
FANCG	1051	335	13432	245	54	83	607	449
PIGO	383	93	5706	80	11	29	216	123
STOML2	14686	3170	217717	2600	508	905	9298	4211
FAM214B	199	109	2095	73	15	20	100	81
UNC13B	702	496	11650	762	129	226	387	855
RUSC2	69	204	1201	147	29	30	32	211
FAM166B	6	18	233	10	1	4	1	5
TESK1	183	117	5038	77	12	35	143	103
CD72	107	68	2396	43	7	23	135	52
SIT1	171	2	4712	27	0	6	61	102
CCDC107	1242	616	17740	380	87	160	822	515
ARHGEF39	887	418	9887	239	48	86	539	469
CA9	56	20	1045	23	2	8	52	25
TPM2	7372	2361	158811	2840	319	840	4707	2797
TLN1	1860	1057	21643	804	156	290	1063	1027
CREB3	1014	409	18898	282	64	89	624	412
GBA2	888	229	13552	219	45	62	466	275
RGP1	560	233	8025	148	37	57	345	194
MSMP	26	3	560	7	2	1	42	13
NPR2	48	36	1137	36	2	11	44	49
SPAG8	9	36	243	1	4	4	10	3
HINT2	148	1333	3619	652	142	260	105	1007
TMEM8B	181	209	3457	88	17	48	127	152
FAM221B	1	28	42	9	2	9	1	9
OR13J1	0	0	0	0	0	0	0	0
HRCT1	0	0	9	0	0	0	0	1
SPAAR	2	2	29	3	1	0	1	6
OR2S2	0	0	0	0	0	0	0	0
RECK	312	699	5317	305	67	181	305	682
GLIPR2	162	135	3208	144	11	35	118	99
CCIN	1	0	8	1	0	0	0	1
CLTA	28000	5414	401607	5705	849	1712	15172	8233
GNE	42	327	1357	128	28	60	32	186
RNF38	961	2130	10014	1835	406	595	461	2657
MELK	1340	1366	14733	863	181	261	873	1301
PAX5	326	420	70	30	36	20	89	285
ZCCHC7	2242	2395	21977	1694	409	665	1307	2941
GRHPR	3148	1849	47160	999	204	446	2083	1847
ZBTB5	192	275	2479	202	46	68	124	252
POLR1E	1407	299	14993	244	52	124	910	463
FBXO10	90	559	1585	263	68	83	75	435
TOMM5	2088	4632	21180	3745	586	1273	1186	4621
FRMPD1	3	7	79	6	1	3	5	14
TRMT10B	390	421	5119	244	62	107	302	321
EXOSC3	4548	984	67135	950	174	348	2509	1334
DCAF10	602	1215	8633	734	137	242	509	894
SLC25A51	241	274	3278	191	36	63	162	251
SHB	200	160	2372	394	40	67	159	211
ALDH1B1	787	140	12938	196	22	66	577	244
IGFBPL1	566	1234	8740	393	104	212	561	946
ANKRD18A	54	53	1024	45	7	18	43	91
FAM240B	0	0	0	1	0	0	0	0
CNTNAP3	64	545	1254	372	46	167	17	367
SPATA31A1	0	0	15	0	0	0	1	0
BX664615.2	1	86	253	48	21	11	4	140
ANKRD20A2	0	0	2	0	0	0	0	1
IGKV1OR9-2	0	0	0	0	0	0	0	0
FOXD4L6	0	0	0	0	0	0	0	0
CBWD6	111	68	3221	52	11	14	73	72
CNTNAP3B	6	1732	303	799	128	211	12	1178
SPATA31A6	0	0	0	0	0	0	0	0
SPATA31A5	0	0	0	0	0	0	0	0
SPATA31A7	0	0	0	0	0	0	0	0
CNTNAP3C	2	58	161	48	4	15	0	21
AL391987.2	0	0	0	0	0	0	0	0
AL391987.1	0	0	0	0	0	0	0	0
ANKRD20A4	0	1	1	0	0	1	0	2
IGKV1OR-2	0	0	0	0	0	0	0	0
IGKV1OR9-1	0	0	0	0	0	0	0	0
FOXD4L5	0	1	0	0	0	0	0	0
CBWD5	129	268	2140	142	28	68	169	171
FOXD4L4	0	1	0	0	0	0	0	0
IGKV1OR-3	0	0	0	0	0	0	0	0
ANKRD20A3	0	5	2	7	0	0	1	5
ZNF658	40	92	410	66	12	26	20	103
SPATA31A3	0	0	0	0	0	0	0	0
AL627230.3	0	0	0	0	0	0	0	0
AL627230.1	0	1	0	0	0	0	0	0
ANKRD20A1	2	2	21	0	1	0	1	2
CBWD3	70	95	475	63	8	22	58	64
FOXD4L3	1	0	1	0	0	0	0	0
PGM5	1	19	69	17	2	9	3	23
TMEM252	0	0	0	0	0	0	0	0
PIP5K1B	125	1262	1653	340	131	229	109	726
FAM122A	762	172	11941	147	20	61	420	222
PRKACG	0	0	0	0	0	0	0	0
FXN	1683	672	20179	552	102	210	963	902
TJP2	161	348	1658	1010	156	236	80	1369
FAM189A2	104	16	3523	107	11	29	76	292
APBA1	2	114	32	96	16	33	1	93
PTAR1	3591	1227	44469	1183	264	430	1860	2121
C9orf135	5058	210	79746	955	68	125	2787	1915
MAMDC2	53	84	836	77	11	52	29	94
SMC5	1377	1908	20525	1168	283	469	889	1554
KLF9	71	4	814	6	1	1	36	23
TRPM3	250	4023	3263	2609	368	906	199	2746
CEMIP2	1077	2728	10366	1408	369	619	634	2171
ABHD17B	1774	1197	21179	1331	253	436	1017	2105
C9orf85	1519	725	17904	664	101	194	583	1173
C9orf57	1	6	0	1	0	0	0	1
GDA	26	172	140	17	38	30	44	103
ZFAND5	4981	1370	53655	1302	184	457	2623	2079
TMC1	4	18	270	17	3	5	3	38
ALDH1A1	22	32	443	22	5	102	22	30
ANXA1	3607	196	31207	466	56	307	727	132
RORB	27	118	585	120	17	16	70	126
TRPM6	26	13	379	14	2	8	22	13
C9orf40	1259	689	14052	424	92	144	1011	653
CARNMT1	1706	647	15421	576	117	198	946	873
NMRK1	326	103	3392	190	20	44	244	196
OSTF1	1469	124	15842	274	43	81	719	422
PCSK5	363	914	4977	610	173	209	264	1315
RFK	1403	586	12719	360	77	147	758	532
GCNT1	702	316	10394	313	52	118	511	520
PRUNE2	133	249	2078	293	28	90	97	147
FOXB2	13	0	91	4	0	0	6	3
VPS13A	1162	1330	13027	1003	199	409	842	1429
GNA14	706	60	5882	177	153	62	241	1215
GNAQ	2502	3234	26242	2118	466	767	1463	3420
CEP78	1285	1235	14663	540	161	283	823	1086
PSAT1	7696	2929	122815	2669	281	955	5814	3623
TLE4	1187	4341	11194	2033	412	1039	957	3355
TLE1	3812	1612	41411	1678	278	482	2404	2202
SPATA31D4	0	0	0	0	0	0	0	0
SPATA31D3	0	0	0	0	0	0	0	0
SPATA31D1	0	0	0	0	0	0	0	0
RASEF	115	21	2668	102	14	27	151	87
FRMD3	23	441	308	153	70	121	16	185
IDNK	41	231	438	103	28	40	40	112
UBQLN1	3735	1333	40649	1052	191	390	2120	1545
GKAP1	464	846	10050	409	113	185	406	606
KIF27	206	490	1807	247	57	110	134	344
C9orf64	311	162	816	3	24	33	123	149
HNRNPK	33003	7700	367554	7141	1171	2690	19166	10950
RMI1	1349	651	12695	447	98	235	756	749
SLC28A3	4	5	21	3	2	2	2	2
NTRK2	11	783	144	140	234	284	4	416
AGTPBP1	1184	1889	12970	1177	298	491	760	2025
NAA35	1677	1208	22670	830	174	268	966	1324
GOLM1	1494	2718	22920	1096	283	564	1385	2001
C9orf153	13	221	136	82	4	26	12	128
ISCA1	3709	889	44239	940	183	360	2270	1422
TUT7	610	499	8344	352	64	152	335	613
GAS1	187	779	1774	400	125	225	154	460
DAPK1	1475	1289	15937	1295	240	381	840	2077
CTSL	2569	538	40441	521	85	200	1118	624
SPATA31E1	2	0	25	0	0	0	0	0
AL353572.3	0	0	0	0	0	0	0	0
CDK20	62	61	1094	16	3	14	44	39
SPIN1	3861	1806	38907	1672	416	569	2008	2708
NXNL2	70	9	955	12	5	6	63	39
S1PR3	100	108	1486	74	6	18	69	134
SHC3	231	1050	2810	283	158	243	76	702
CKS2	24922	5481	342080	4455	662	1525	14916	7197
SECISBP2	3312	2099	41571	1326	303	567	2116	1949
SEMA4D	627	361	7887	328	51	115	462	555
GADD45G	239	133	4653	216	12	69	344	177
DIRAS2	3	10	85	21	2	3	4	6
SYK	71	14	1153	48	15	12	52	73
AUH	832	789	10939	719	183	236	451	1225
NFIL3	477	171	5199	170	30	57	314	246
ROR2	401	1588	3310	1362	220	339	163	1956
SPTLC1	3345	873	36686	749	169	298	1446	1344
IARS	5731	2026	64012	1933	292	609	2988	2778
NOL8	1980	622	19007	536	94	161	999	777
CENPP	521	1669	6208	1404	389	476	362	2539
OGN	9	65	57	55	21	28	5	95
OMD	1	85	22	42	23	19	2	91
ASPN	3	89	23	50	18	25	3	101
ECM2	10	112	58	100	27	29	3	142
IPPK	358	147	5282	110	20	33	189	205
BICD2	929	248	9143	206	51	78	403	374
ZNF484	173	235	1952	130	35	48	109	186
FGD3	14	12	280	17	6	9	15	24
SUSD3	243	15	2956	46	4	6	87	75
CARD19	632	178	10752	135	24	47	313	248
NINJ1	1047	368	13708	214	47	112	498	475
WNK2	744	1203	8498	589	157	260	411	1034
C9orf129	184	44	2888	297	27	50	134	444
FAM120AOS	2407	862	32012	653	131	276	1675	1008
FAM120A	2155	693	21932	772	126	243	1047	1114
PHF2	196	335	1618	135	39	48	114	250
BARX1	367	14	3983	58	5	29	259	155
PTPDC1	187	384	2456	261	60	64	159	352
ZNF169	115	219	1188	138	22	53	99	162
NUTM2F	0	3	7	0	0	0	0	1
MFSD14B	1765	676	18605	578	110	190	844	821
FBP2	3	54	28	11	2	7	1	23
FBP1	135	12	1078	31	7	10	63	60
AOPEP	449	1793	4701	1052	269	477	238	1630
FANCC	285	1062	3099	674	156	261	173	1058
PTCH1	2639	1919	18956	685	222	205	879	1245
ERCC6L2	848	1405	8658	807	171	321	503	1253
HSD17B3	0	0	5	0	0	0	0	0
AL160269.1	0	3	1	2	0	0	0	4
SLC35D2	892	240	16590	262	56	92	655	386
ZNF367	192	582	2080	313	75	122	110	512
HABP4	499	718	8001	441	122	124	409	559
CDC14B	885	1462	10647	1414	261	359	877	2058
PRXL2C	576	146	13724	177	32	57	403	252
ZNF510	246	207	3263	110	30	31	180	198
ZNF782	103	417	1654	197	48	90	49	286
MFSD14C	687	1366	10759	1013	183	359	618	1275
NUTM2G	0	12	1	13	3	1	0	10
CTSV	2834	332	65867	980	83	272	2181	1139
CCDC180	85	96	1008	70	15	36	72	160
TDRD7	41	119	611	43	6	23	13	60
TMOD1	25	14	284	34	5	9	26	38
TSTD2	511	745	6259	381	91	185	293	560
NCBP1	1284	513	14760	511	102	161	749	640
XPA	447	545	5917	244	78	109	254	361
FOXE1	30	1	26	0	0	0	3	2
TRMO	267	124	3221	96	18	29	132	109
HEMGN	0	0	1	1	0	0	0	0
ANP32B	17555	7736	166258	4809	982	1804	9988	7374
NANS	4278	663	58422	871	139	274	2768	1143
TRIM14	610	40	9948	133	12	31	247	162
CORO2A	1176	90	18871	381	49	91	840	478
TBC1D2	101	49	1916	131	30	30	53	147
GABBR2	46	40	988	63	2	29	23	66
ANKS6	1078	466	13083	403	73	125	597	686
GALNT12	467	376	6674	182	44	79	344	271
COL15A1	2	31	123	21	4	1	1	13
TGFBR1	788	1607	10332	883	199	452	714	1355
ALG2	1347	249	16142	298	55	105	661	412
SEC61B	23060	4735	274916	4455	747	1576	11712	6602
NR4A3	12	94	66	216	23	46	2	26
STX17	1346	561	12194	450	104	173	763	611
ERP44	2950	942	38670	833	153	300	1701	1312
INVS	138	2173	1442	1056	302	447	90	1446
TEX10	1669	686	21598	767	161	260	814	960
MSANTD3	1164	865	17482	556	124	216	903	782
TMEFF1	171	3466	2232	1814	423	684	173	3294
CAVIN4	383	370	4202	235	43	97	300	455
PLPPR1	3	95	50	257	54	44	3	400
BAAT	0	5	8	6	1	0	0	17
MRPL50	6717	1037	67508	925	169	364	3328	1415
ZNF189	239	256	2806	151	34	49	160	217
ALDOB	0	0	2	0	0	0	0	6
TMEM246	458	190	7939	130	42	48	308	208
RNF20	2142	738	27467	602	120	244	1418	980
GRIN3A	0	9	9	4	5	7	3	25
PPP3R2	0	1	2	0	0	0	1	0
CYLC2	0	0	0	0	0	0	0	0
SMC2	4853	1973	53308	1249	281	522	3509	2322
OR13F1	0	0	0	0	0	0	0	0
OR13C4	0	0	0	0	0	0	0	0
OR13C3	1	0	0	0	0	0	0	0
OR13C8	0	0	0	0	0	0	0	0
OR13C5	0	0	0	0	0	0	0	0
OR13C2	0	0	0	0	0	0	0	0
OR13C9	0	0	0	0	0	0	0	1
OR13D1	0	0	0	0	0	0	0	0
NIPSNAP3A	432	315	4285	150	48	50	441	264
NIPSNAP3B	27	81	191	24	1	13	26	32
ABCA1	615	499	1960	105	41	99	251	472
SLC44A1	3336	642	40463	809	162	328	2715	1716
FSD1L	209	1200	2575	435	152	243	138	823
FKTN	340	572	3526	319	80	112	261	450
TAL2	11	72	126	11	0	9	7	28
TMEM38B	1049	902	11939	368	93	151	578	684
ZNF462	3740	2658	44865	1879	367	842	2279	3354
RAD23B	9267	2843	100913	2664	479	967	4948	3596
KLF4	990	24	5409	39	12	20	320	112
ACTL7B	1	0	5	0	0	0	0	0
ACTL7A	0	0	0	0	0	1	0	0
ELP1	1006	493	11702	336	66	169	566	503
ABITRAM	235	250	3488	140	34	44	190	207
CTNNAL1	3056	1965	40383	1411	284	497	1814	2231
TMEM245	1832	1161	18800	853	212	358	1164	1429
FRRS1L	28	151	501	52	8	17	23	36
EPB41L4B	1012	83	12028	287	65	80	522	391
PTPN3	59	40	714	46	5	14	27	59
PALM2-AKAP2	1721	1258	13228	1165	182	350	1047	1240
C9orf152	0	6	5	1	0	0	0	4
TXN	55858	6838	605895	8145	1372	2311	26417	11924
TXNDC8	0	1	0	0	0	0	0	1
SVEP1	53	30	381	77	6	18	16	44
MUSK	0	31	16	7	4	3	2	8
LPAR1	80	163	619	143	46	88	80	262
OR2K2	0	0	0	0	0	0	0	0
ECPAS	2377	1160	28674	1086	206	342	1094	1637
ZNF483	2971	610	48562	652	141	232	1409	1481
PTGR1	3609	2777	28411	1141	226	593	1550	1696
DNAJC25	597	362	8251	290	64	89	336	354
GNG10	49	885	776	1004	183	400	21	1491
SHOC1	3	169	44	65	19	42	2	60
UGCG	2736	735	21617	605	120	165	1343	967
SUSD1	56	130	714	126	31	53	41	91
PTBP3	3881	1243	31484	1154	258	507	2188	2072
HSDL2	1653	939	15950	499	135	233	912	817
KIAA1958	1054	3834	8815	2222	617	1021	730	4012
INIP	1404	578	15602	431	76	139	846	879
SNX30	447	310	5003	368	66	100	271	559
SLC46A2	1	1	19	2	0	0	0	3
ZNF883	1057	449	11133	244	86	134	664	551
ZFP37	135	298	2246	110	32	40	179	160
SLC31A2	65	21	940	24	7	3	48	25
FKBP15	512	244	4923	220	44	72	247	295
SLC31A1	1631	410	22477	455	67	162	928	644
CDC26	42	1406	718	1249	210	466	24	1560
PRPF4	2289	507	28818	448	94	147	1287	596
RNF183	43	2	169	0	1	4	23	3
WDR31	13	169	261	37	8	35	25	60
BSPRY	561	15	5966	96	23	25	306	113
HDHD3	763	209	7646	225	36	58	399	198
ALAD	215	153	3376	89	16	36	138	170
POLE3	1887	751	25610	516	93	222	1479	767
C9orf43	31	22	364	7	5	6	13	10
RGS3	264	474	2134	230	54	103	109	279
ZNF618	765	1458	6694	766	156	398	553	1201
AMBP	15	18	259	9	1	5	24	9
KIF12	41	2	770	7	1	1	20	8
COL27A1	509	339	5413	253	53	75	246	472
ORM1	2	0	17	0	0	1	2	1
ORM2	18	1	177	2	0	0	20	3
AKNA	244	105	2770	116	20	37	109	168
WHRN	123	210	1404	132	30	52	118	254
ATP6V1G1	28298	4519	354778	4646	783	1603	13930	7482
TMEM268	158	66	1372	69	12	20	96	98
TEX53	0	3	0	0	0	0	0	2
TEX48	0	0	3	4	0	0	0	0
TNFSF15	4	1	49	14	0	3	2	0
TNFSF8	0	0	1	3	0	0	0	1
TNC	33	83	288	217	9	37	32	71
PAPPA	105	256	309	72	26	32	35	118
ASTN2	357	871	4285	870	187	365	199	1138
TRIM32	389	140	3878	110	23	44	207	121
TLR4	5	2	113	2	0	1	1	5
BRINP1	248	128	7886	263	42	78	203	354
CDK5RAP2	1424	1886	16912	1034	210	363	989	1572
MEGF9	38	779	379	222	58	146	16	509
FBXW2	1575	442	17942	415	62	139	807	651
B3GNT10	37	62	439	26	5	9	33	39
PSMD5	1622	898	9461	392	129	245	872	1060
PHF19	2098	353	22359	204	57	67	722	396
TRAF1	6	29	125	17	7	7	13	39
C5	5	119	40	37	8	15	6	53
CNTRL	252	1062	3338	309	92	196	362	558
RAB14	2623	1120	30828	918	171	338	1603	1406
GSN	283	228	5683	404	46	132	537	365
STOM	3780	222	11864	573	110	174	1953	602
DAB2IP	363	336	4545	255	47	93	207	347
TTLL11	16	91	336	33	7	14	4	46
NDUFA8	7561	1678	100489	1352	278	450	4468	2342
MORN5	9	37	131	6	2	4	7	14
LHX6	30	2	345	9	2	2	30	10
RBM18	967	390	11755	269	46	115	571	427
MRRF	909	433	13604	329	56	112	579	553
PTGS1	14	1	167	2	0	2	5	5
OR1J1	0	0	1	0	0	0	0	0
OR1J2	0	0	0	0	0	0	0	0
OR1J4	0	0	0	0	0	0	0	0
OR1N1	0	0	0	0	0	0	0	0
OR1N2	0	0	0	0	0	0	0	0
OR1L8	0	0	0	0	0	0	0	0
OR1Q1	0	0	0	0	0	0	0	0
OR1B1	0	0	0	0	0	0	0	0
OR1L1	0	0	0	0	0	0	0	0
OR1L3	0	0	0	0	0	0	0	0
OR1L4	0	0	0	0	0	0	0	0
OR1L6	0	0	0	0	0	0	0	0
OR5C1	0	0	0	0	0	0	0	0
PDCL	1861	663	21432	498	100	194	1106	847
OR1K1	0	0	0	0	0	0	0	0
RC3H2	920	1131	11217	748	144	294	534	1132
ZBTB6	357	192	3421	128	22	43	216	160
ZBTB26	114	211	1854	140	24	49	75	147
RABGAP1	1301	2096	16789	1569	304	520	932	2045
GPR21	1	0	3	1	0	0	0	0
STRBP	5188	2986	56294	2062	480	860	3271	3525
CRB2	52	747	830	168	60	109	43	351
DENND1A	187	1220	3024	1276	208	433	159	1590
LHX2	57	67	512	43	15	28	16	87
NEK6	507	191	3311	177	23	70	265	274
PSMB7	15567	3182	182074	2761	447	956	7721	3496
ADGRD2	7	11	75	4	0	3	4	9
NR5A1	6	3	37	6	2	3	0	11
NR6A1	2422	4659	107080	3805	637	1739	2339	5430
OLFML2A	54	34	793	62	6	10	31	77
WDR38	0	2	6	0	0	1	1	1
RPL35	128239	24618	1425531	21465	3761	8033	75413	32696
ARPC5L	7826	1107	95940	1451	239	429	3648	2015
GOLGA1	273	396	4009	201	53	87	145	324
SCAI	960	1252	8175	941	193	325	626	1458
PPP6C	2224	909	24290	691	121	280	1222	1106
RABEPK	990	345	14722	333	63	103	626	474
HSPA5	22007	4122	274834	3675	626	1277	12668	6490
GAPVD1	1409	605	16966	533	107	186	744	859
MAPKAP1	2906	1476	38877	1227	245	408	1704	2108
PBX3	1384	4590	18889	2487	753	1189	1195	4782
MVB12B	134	677	1226	284	72	124	67	508
LMX1B	17	659	237	145	48	87	38	174
ZBTB43	811	339	10799	254	67	124	394	389
ZBTB34	197	65	2498	71	11	32	123	108
RALGPS1	321	476	5462	374	78	177	231	628
ANGPTL2	51	92	637	56	10	28	75	74
GARNL3	35	314	398	252	80	100	27	412
SLC2A8	813	146	10926	191	30	72	323	290
ZNF79	78	76	810	51	6	6	40	84
RPL12	244809	39694	2903157	41587	7199	14894	140347	65735
LRSAM1	397	227	4518	217	48	93	143	341
NIBAN2	217	93	3350	101	9	31	168	126
STXBP1	443	307	7158	210	42	81	338	308
PTRH1	991	218	15017	163	30	57	454	268
CFAP157	4	21	58	6	3	1	4	17
TTC16	0	2	8	0	2	0	1	0
TOR2A	705	285	10896	184	44	75	404	307
SH2D3C	103	14	2927	36	9	13	34	50
CDK9	2036	288	31969	340	54	119	1191	588
FPGS	892	268	10370	225	49	82	462	358
ENG	81	17	1218	31	1	7	72	58
AK1	87	726	1480	418	83	129	75	600
ST6GALNAC6	7	308	96	133	23	64	5	291
ST6GALNAC4	395	105	6371	89	17	28	276	163
PIP5KL1	204	31	4518	62	18	25	200	105
DPM2	2837	804	46461	653	102	250	1723	1027
FAM102A	659	265	8103	251	47	86	316	318
NAIF1	163	34	2010	37	10	10	97	48
SLC25A25	304	162	4054	155	29	50	117	219
PTGES2	5251	606	56735	695	100	198	2327	1055
LCN2	84	1	1425	14	0	6	52	8
C9orf16	8338	2647	114359	1244	356	736	5668	2948
CIZ1	919	419	14532	271	48	104	584	413
DNM1	742	571	9772	342	103	148	488	703
GOLGA2	1460	520	18865	384	79	148	880	708
SWI5	2736	905	32064	678	99	295	1683	1007
TRUB2	2217	424	28921	369	71	128	979	568
COQ4	1810	699	26253	492	104	194	1096	634
SLC27A4	617	206	7115	164	25	51	267	256
URM1	2126	587	29062	457	81	171	1105	870
CERCAM	135	140	1394	114	22	47	108	147
ODF2	478	852	6048	306	92	124	215	556
GLE1	586	257	7225	177	42	71	287	299
SPTAN1	2192	1042	22453	925	201	310	1097	1253
WDR34	2159	791	23114	500	97	185	794	815
SET	81474	17741	1046490	18068	3211	7391	52918	32918
PKN3	276	256	4804	150	45	66	169	324
ZDHHC12	2780	460	41743	571	106	221	1756	757
ZER1	222	324	3846	297	45	87	176	316
TBC1D13	458	170	5570	133	19	39	238	173
ENDOG	1580	392	18232	351	85	146	792	593
SPOUT1	1	252	58	250	33	82	5	406
KYAT1	95	318	1293	264	44	82	53	377
LRRC8A	1870	412	18401	524	64	124	966	760
PHYHD1	635	46	10150	131	15	40	413	193
DOLK	756	137	8580	128	22	45	296	191
NUP188	1365	375	14903	312	67	125	697	491
SH3GLB2	1566	452	21848	339	66	162	825	544
MIGA2	295	80	4302	72	10	27	135	86
DOLPP1	689	168	10930	108	20	57	411	226
CRAT	209	130	3309	86	31	32	157	132
PTPA	1516	444	19898	352	94	126	903	627
IER5L	406	940	1171	301	61	136	224	733
NTMT1	5058	966	59010	886	147	313	2567	1519
C9orf50	1	1	10	3	0	1	0	0
ASB6	347	73	5450	70	11	24	189	114
PRRX2	1124	255	4804	172	20	37	342	324
PTGES	40	28	747	33	3	14	52	29
TOR1B	424	193	4530	127	19	69	217	238
TOR1A	1573	356	17722	340	48	99	940	540
C9orf78	4219	915	45769	878	176	283	2248	1282
USP20	100	126	1039	112	23	29	79	129
FNBP1	1225	957	13989	677	159	236	845	1159
GPR107	479	611	6703	377	77	156	324	571
NCS1	1505	420	14100	341	47	121	723	482
HMCN2	20	13	151	36	6	18	35	61
ASS1	1140	216	11843	389	19	73	746	388
FUBP3	2023	743	21390	762	120	255	1159	1150
PRDM12	7	13	197	8	1	3	9	11
EXOSC2	2024	385	22461	365	63	122	1136	560
ABL1	771	1353	8417	947	227	402	525	1568
QRFP	1	0	1	0	0	0	0	1
FIBCD1	168	17	2882	29	2	10	105	72
LAMC3	252	40	1629	152	63	17	159	264
AIF1L	3657	757	42207	866	116	270	1901	1253
NUP214	1349	913	13335	749	156	239	713	909
FAM78A	38	13	495	8	5	3	11	12
PLPP7	42	51	868	36	5	13	36	52
PRRC2B	2705	2538	39198	1891	445	714	1823	2911
POMT1	297	228	3340	149	35	57	165	246
UCK1	1162	284	18101	232	48	81	567	375
PRRT1B	0	0	0	4	0	0	0	3
RAPGEF1	938	633	11412	616	136	189	521	1012
MED27	1430	1061	20630	820	167	245	756	1256
NTNG2	30	43	368	26	8	17	24	35
SETX	2217	1161	22217	1021	196	307	1055	1480
TTF1	2840	1076	29283	834	151	244	1448	1035
CFAP77	7	81	189	56	13	20	7	61
BARHL1	12	11	153	21	7	7	10	7
DDX31	686	306	7304	330	68	94	413	464
GTF3C4	1643	471	15800	420	79	154	922	767
AK8	7	63	64	37	6	16	7	53
SPACA9	51	191	793	80	22	25	51	119
TSC1	858	380	10679	258	56	114	566	481
GFI1B	8	2	50	7	1	4	7	6
GTF3C5	1913	486	23784	378	70	145	963	627
CEL	49	23	618	20	1	3	37	49
RALGDS	392	316	3753	169	50	73	308	298
GBGT1	327	35	5632	60	7	21	217	84
OBP2B	0	0	2	0	0	0	0	0
ABO	25	22	226	20	3	3	10	22
SURF6	3083	364	31158	537	79	168	1413	792
MED22	1297	226	22290	250	41	85	771	379
RPL7A	282738	68082	3232887	53875	10371	21787	172754	95426
SURF1	3852	1011	55136	631	121	327	2223	1344
SURF2	5760	708	70976	833	134	288	2908	1185
SURF4	3618	743	54644	812	131	307	1788	1295
STKLD1	9	38	148	21	7	11	5	33
REXO4	2072	428	27476	383	60	148	1062	556
ADAMTS13	53	96	1308	52	14	20	53	87
CACFD1	286	212	5019	92	25	47	209	181
SLC2A6	514	82	11242	108	12	36	317	190
MYMK	0	1	3	2	0	0	0	0
ADAMTSL2	9	7	63	6	1	0	9	7
FAM163B	2	1	12	2	1	0	0	1
DBH	0	6	32	3	0	0	0	1
SARDH	51	40	662	54	8	11	75	61
VAV2	396	505	5172	335	56	131	203	730
BRD3OS	509	228	7278	96	36	44	267	207
BRD3	4714	1129	48704	856	138	331	2478	1465
WDR5	1832	396	21913	364	49	160	849	584
RXRA	598	332	5968	175	39	73	407	317
COL5A1	66	129	1188	155	13	51	49	153
FCN2	0	0	0	0	0	0	0	0
FCN1	1	7	4	5	0	8	0	15
OLFM1	435	148	7494	127	29	50	271	227
PPP1R26	471	110	6102	103	18	44	243	173
C9orf116	592	539	7586	159	74	130	398	378
MRPS2	4927	853	65811	944	135	272	2721	1314
LCN1	1	1	32	0	0	0	1	4
OBP2A	0	0	0	0	0	0	0	0
PAEP	2	0	107	5	1	1	2	0
AL354761.1	0	0	0	0	0	0	0	0
GLT6D1	1	0	0	0	0	0	1	0
LCN9	0	1	0	0	0	0	0	1
SOHLH1	1	0	11	0	0	0	2	0
KCNT1	3	0	24	3	1	0	0	3
CAMSAP1	849	936	7509	463	120	203	431	898
UBAC1	3900	907	48902	781	150	279	2060	1154
NACC2	381	112	4859	140	17	25	160	195
TMEM250	800	250	9321	183	36	65	597	350
LHX3	10	0	43	0	0	0	4	1
QSOX2	420	176	6823	107	31	66	243	203
CCDC187	2	0	14	0	0	1	1	2
GPSM1	160	98	1597	56	9	23	72	69
DNLZ	119	15	3179	23	3	4	67	17
CARD9	31	14	329	10	4	3	19	11
SNAPC4	509	201	4006	133	21	54	253	193
ENTR1	2425	576	24695	494	97	187	1592	1033
PMPCA	3380	652	35619	580	94	210	1727	801
INPP5E	365	112	5243	55	14	26	199	128
SEC16A	840	347	8455	302	34	112	407	421
NOTCH1	1042	354	8471	276	66	113	434	495
EGFL7	4572	403	51348	460	81	204	1807	1050
AGPAT2	2479	345	26873	356	64	135	815	646
DIPK1B	1944	911	24284	441	114	166	1075	723
LCN10	0	2	5	3	1	1	1	0
LCN6	0	0	0	0	0	0	0	0
LCN8	0	1	2	0	0	0	0	0
LCN15	42	10	666	14	1	2	21	8
TMEM141	6949	1232	120181	1321	257	485	3585	2187
CCDC183	19	47	273	20	2	7	10	34
RABL6	5069	1873	62007	1109	249	500	2856	2185
AJM1	57	25	653	9	3	11	25	15
PHPT1	16767	7944	190111	3861	780	1804	9838	6830
MAMDC4	64	27	1243	21	5	3	43	21
EDF1	21543	6302	326754	5073	937	1936	12131	7913
TRAF2	1078	237	15421	221	38	75	559	350
FBXW5	1956	408	25295	288	56	102	942	527
C8G	19	1	435	1	0	1	3	0
LCN12	33	4	545	4	1	1	19	2
PTGDS	63	21	1741	22	3	10	27	49
LCNL1	12	1	257	1	0	1	3	2
PAXX	3314	1562	38387	592	162	321	1757	1358
CLIC3	65	43	317	19	7	28	11	6
ABCA2	144	81	1838	32	12	21	63	58
FUT7	0	0	2	0	0	0	0	0
NPDC1	1360	361	24219	251	57	128	653	434
ENTPD2	129	1	4111	2	2	7	44	31
SAPCD2	1451	207	21306	162	23	56	624	342
UAP1L1	660	6	15929	55	5	8	176	96
MAN1B1	1140	322	14305	180	55	83	663	373
DPP7	1477	103	26376	171	34	84	553	327
GRIN1	29	3	808	6	1	2	7	9
LRRC26	117	58	968	32	19	17	50	157
TMEM210	0	0	4	0	0	0	0	0
ANAPC2	217	64	3507	49	16	22	172	63
SSNA1	7308	1509	83773	1271	195	434	3563	2121
TPRN	1167	178	15573	200	45	54	615	321
TMEM203	2703	745	29622	554	116	190	1624	924
NDOR1	176	140	1715	93	29	32	90	155
BX255925.3	219	32	3243	25	5	13	123	59
RNF208	356	64	5154	58	14	23	145	117
CYSRT1	276	8	2682	24	1	8	52	43
RNF224	4	0	98	2	0	1	1	0
SLC34A3	5	0	34	0	0	0	0	0
TUBB4B	24495	8178	300316	4748	848	1705	10806	8154
FAM166A	1	1	24	1	0	0	3	4
STPG3	16	0	202	1	2	1	1	3
NELFB	1848	510	26586	389	63	165	1059	616
TOR4A	75	9	1562	15	4	4	71	28
NRARP	2933	871	18445	619	156	264	1226	957
EXD3	179	556	3390	213	53	97	131	367
NOXA1	22	68	545	47	10	18	17	59
ENTPD8	14	2	282	2	1	2	7	6
NSMF	752	249	10466	152	31	71	446	275
PNPLA7	18	37	211	17	2	7	5	47
MRPL41	14188	2704	176414	2284	458	729	6756	3779
DPH7	1565	460	21940	306	65	122	864	525
ZMYND19	1878	463	20942	367	68	140	1015	648
ARRDC1	962	202	12839	175	38	76	504	295
EHMT1	4161	2775	36842	2131	516	760	2100	3714
CACNA1B	168	241	1857	558	118	155	87	1056
BET1L	712	140	8984	126	24	44	345	226
SCGB1C1	0	0	1	0	0	0	0	0
ODF3	0	0	0	0	0	0	0	0
RIC8A	1543	350	22046	279	52	106	858	440
SIRT3	343	373	5573	183	40	68	257	292
PSMD13	8458	1627	88527	1383	212	509	4043	2138
NLRP6	0	0	2	0	0	1	0	2
PGGHG	612	83	7163	75	17	24	398	131
IFITM5	39	0	298	1	0	0	4	3
IFITM2	2115	1166	40363	1595	123	318	1914	1441
IFITM1	10275	777	135596	3266	633	593	5012	5240
IFITM3	55339	5724	531574	8926	1519	2269	22359	14386
B4GALNT4	603	171	8392	125	26	60	254	209
PKP3	512	10	7072	113	9	32	213	63
SIGIRR	3012	307	34871	390	89	165	1242	594
ANO9	54	3	1849	26	4	10	59	32
PTDSS2	146	344	3082	276	58	108	93	506
RNH1	1276	1155	17306	818	156	277	821	1168
HRAS	1036	649	16843	475	122	204	528	790
LRRC56	8	8	142	6	2	1	12	12
LMNTD2	52	27	1271	18	4	6	19	42
RASSF7	22	123	294	188	24	73	4	337
PHRF1	277	323	2933	277	62	104	153	396
IRF7	446	110	3752	64	11	34	166	184
CDHR5	0	2	1	1	0	1	0	3
SCT	393	33	4030	73	17	26	281	120
DRD4	111	100	753	57	18	19	56	95
DEAF1	262	826	3356	574	147	234	171	973
EPS8L2	2342	67	27869	278	49	98	1290	417
TMEM80	856	268	11791	155	28	58	445	269
TALDO1	21543	2907	301113	3085	598	1081	9681	4735
GATD1	779	400	11383	261	61	104	542	353
CEND1	316	17	13444	35	2	14	87	65
SLC25A22	802	218	11034	150	22	62	467	271
PANO1	79	22	1980	9	2	8	40	18
PIDD1	568	157	5456	74	13	41	221	167
RPLP2	158686	25528	1447495	21520	3899	8384	81299	37678
PNPLA2	945	155	11664	167	25	54	367	254
CRACR2B	3046	123	28822	325	72	113	1366	501
CD151	3429	883	60119	873	115	235	2024	1217
POLR2L	12170	3334	134326	2701	464	925	5926	4194
TSPAN4	2491	669	31615	446	80	186	1360	706
CHID1	2658	1304	53408	840	167	324	1947	1497
AP2A2	653	722	4646	469	123	180	483	813
MUC6	0	13	0	26	4	5	0	20
MUC2	0	0	0	0	0	0	0	0
MUC5AC	0	0	2	0	0	0	0	0
MUC5B	13	1	410	1	0	2	18	1
TOLLIP	1035	298	16369	247	39	83	526	382
BRSK2	414	145	5531	60	23	49	143	168
MOB2	1153	263	15024	202	47	76	514	354
DUSP8	12	33	60	53	10	12	0	83
KRTAP5-1	0	0	0	0	0	0	0	0
KRTAP5-2	0	0	0	0	0	0	0	0
KRTAP5-3	0	0	0	0	0	0	0	0
KRTAP5-4	0	0	0	0	0	0	0	0
KRTAP5-5	0	0	0	0	0	0	0	0
KRTAP5-6	0	0	0	0	0	0	0	0
IFITM10	0	19	3	17	5	6	0	16
CTSD	5747	775	106898	868	105	304	2768	1444
SYT8	1	0	11	0	0	0	0	0
TNNI2	1	0	10	0	0	0	1	0
LSP1	22	9	100	1	1	1	1	2
PRR33	0	0	0	0	0	0	0	0
TNNT3	2	4	35	8	1	0	2	1
MRPL23	3293	660	72314	651	106	172	2979	853
IGF2	5	16	100	20	12	12	2	11
AC132217.2	0	2	0	0	0	0	0	0
INS	0	0	1	0	0	0	0	0
TH	3	0	92	4	1	1	5	0
ASCL2	149	10	675	28	2	3	36	25
C11orf21	0	0	0	0	0	0	0	0
TSPAN32	0	3	2	4	2	0	0	1
CD81	18332	3846	221109	3500	586	1228	9171	5630
TSSC4	2465	615	29703	469	77	161	1144	758
TRPM5	1	1	19	1	0	1	2	1
KCNQ1	23	80	442	62	8	22	10	109
CDKN1C	569	1431	6510	685	111	312	267	1187
SLC22A18AS	1	3	8	1	0	2	1	2
SLC22A18	105	39	2841	58	18	32	45	148
PHLDA2	2971	59	12013	274	55	66	574	663
NAP1L4	3082	3117	37844	2481	452	935	1915	3953
CARS	827	696	12647	668	89	231	481	792
OSBPL5	81	165	944	134	23	46	38	142
MRGPRG	0	0	0	0	0	0	0	0
MRGPRE	2	0	5	0	0	0	0	0
ZNF195	2660	833	33473	757	162	253	1463	1404
ART5	712	87	16705	156	19	33	261	214
ART1	0	3	0	2	1	1	0	8
CHRNA10	22	7	201	6	0	1	12	10
NUP98	1649	1201	19903	1091	174	306	877	1281
PGAP2	1321	445	19318	389	67	149	940	573
RHOG	1596	283	23909	341	40	93	837	436
STIM1	156	475	2621	323	69	102	88	415
RRM1	2474	1850	31445	947	203	427	1576	1692
SSU72P5	0	0	0	0	0	0	0	0
SSU72P2	0	0	0	0	0	0	0	0
SSU72P4	0	0	0	0	0	0	0	0
SSU72P3	0	0	0	0	0	0	0	0
SSU72P7	0	0	0	0	0	0	0	0
OR52B4	0	0	0	0	0	0	0	0
TRIM21	333	65	3093	25	12	35	131	90
OR52K2	0	0	1	0	0	0	0	0
OR52K1	0	0	3	0	0	0	1	0
OR52M1	0	0	0	0	0	0	0	0
OR52I2	0	0	0	0	0	0	0	0
OR52I1	2	2	1	1	0	1	0	2
TRIM68	71	57	1058	19	8	16	53	33
OR51D1	0	0	0	2	0	1	0	2
OR51E1	0	0	0	0	0	0	0	0
OR51E2	0	0	0	0	0	0	0	0
OR51C1P	0	0	0	0	0	0	0	0
MMP26	0	5	0	1	3	0	0	4
OR51F1	0	0	0	0	0	0	0	0
OR52R1	0	0	0	0	0	0	0	0
OR51F2	0	0	0	0	0	0	0	0
OR51S1	0	0	0	0	0	0	0	0
OR51T1	0	0	0	0	0	0	0	0
OR51A7	0	0	0	0	0	1	0	0
OR51G2	0	0	0	0	0	0	0	0
OR51G1	0	0	0	0	0	0	0	0
OR51A4	0	0	0	0	0	0	0	0
OR51A2	0	0	0	0	0	0	0	0
OR51L1	0	0	0	0	0	0	0	0
OR52J3	0	0	0	0	0	0	0	0
OR52E2	0	0	0	0	0	0	0	0
OR52A5	1	1	4	5	0	1	3	0
OR52A1	10	2	198	37	0	4	37	2
OR51V1	0	0	0	0	0	0	0	0
HBB	0	0	1	0	0	0	0	0
HBD	0	0	2	0	0	0	0	0
HBG1	0	0	2	0	0	0	11	0
HBG2	9	4	206	3	1	0	246	3
AC104389.5	9	217	76	114	17	50	5	173
HBE1	0	1	15	8	0	0	142	2
OR51B4	0	1	1	0	0	0	0	0
OR51B5	2	6	165	0	0	0	24	15
OR51B2	0	0	3	0	1	0	0	0
OR51B6	0	0	1	0	0	0	2	0
OR51M1	5	2	14	1	0	0	0	1
OR51Q1	0	0	0	0	0	0	0	0
OR51I1	0	0	2	0	0	0	0	0
OR51I2	0	7	0	1	0	0	0	2
OR52D1	0	0	0	0	0	0	0	0
UBQLN3	0	0	1	1	0	0	0	0
UBQLNL	7	6	36	2	0	0	2	4
OR52H1	1	2	4	0	0	0	0	1
OR52B6	0	0	0	0	0	0	1	0
TRIM6	1078	82	13813	257	24	61	362	234
TRIM34	1	48	8	51	2	12	1	54
TRIM5	684	365	8007	247	43	68	298	413
TRIM22	792	99	14641	170	12	15	189	388
OR56B1	1	0	5	1	0	0	0	1
OR52N4	0	0	5	0	0	0	0	1
OR52N5	1	0	6	0	0	0	0	0
OR52N1	4	0	5	0	0	0	0	0
OR52N2	1	0	59	0	0	0	5	1
OR52E6	1	0	0	1	0	0	0	0
OR52E8	1	0	1	1	0	0	0	0
OR52E4	0	0	1	0	0	0	0	0
OR52E5	0	1	0	1	1	0	0	1
OR56A3	0	0	0	4	1	4	1	2
OR56A5	1	0	0	0	0	0	0	1
OR52L1	0	0	0	0	0	0	0	0
OR56A4	1	2	6	3	0	0	0	5
OR56A1	6	8	50	9	2	1	5	6
OR56B4	0	1	0	0	0	0	0	0
OR52B2	0	0	0	0	0	0	0	0
OR52W1	0	0	0	0	0	0	0	0
C11orf42	0	16	0	7	3	3	0	5
FAM160A2	261	150	3423	110	18	45	177	137
CNGA4	0	12	1	11	7	6	0	16
CCKBR	71	17	1079	83	10	14	159	105
CAVIN3	2435	133	19310	360	152	57	1380	668
SMPD1	117	60	1887	46	10	19	54	42
APBB1	300	271	4234	156	24	65	169	196
HPX	3	6	66	5	0	2	2	4
TRIM3	152	78	2615	63	12	13	81	91
ARFIP2	1256	375	20008	262	54	116	722	412
TIMM10B	2014	591	22237	522	95	181	1046	658
DNHD1	41	359	1112	229	40	85	39	281
RRP8	927	214	10441	151	38	56	440	218
ILK	2690	1281	42684	867	179	303	1551	1494
TAF10	7574	2146	94937	1635	337	601	4312	2656
TPP1	849	225	14092	213	43	64	538	297
DCHS1	233	160	2093	87	23	39	77	160
MRPL17	6449	959	78465	1304	259	351	4305	2019
OR2AG2	23	13	172	6	3	3	16	11
OR2AG1	2	2	28	0	0	0	1	0
OR6A2	9	7	68	13	2	1	3	7
OR10A5	0	0	0	0	0	0	0	0
OR10A2	2	1	13	1	0	0	0	0
OR10A4	1	0	9	1	0	0	1	0
OR2D2	0	0	6	0	0	0	0	0
OR2D3	0	0	2	0	0	0	0	0
ZNF215	341	170	4458	164	26	39	177	197
ZNF214	64	189	762	57	14	28	39	101
NLRP14	0	21	13	5	1	1	0	4
RBMXL2	47	1	5	0	0	0	1	0
SYT9	4	43	217	45	12	11	3	49
OLFML1	1	5	20	3	0	3	0	7
PPFIBP2	104	55	1461	86	11	24	44	183
CYB5R2	608	103	7451	137	26	65	404	257
OVCH2	7	7	9	12	1	0	2	41
OR5P2	0	0	0	0	0	0	0	0
OR5P3	0	0	0	0	0	0	0	1
OR10A6	0	0	0	0	0	0	0	0
OR10A3	0	1	0	0	0	0	0	0
NLRP10	0	3	0	1	0	0	0	2
EIF3F	23737	5940	258146	4469	841	1684	12947	7274
TUB	257	117	2556	44	8	23	126	99
RIC3	863	346	12575	293	55	135	430	394
LMO1	34	40	199	124	5	117	42	27
STK33	665	3600	7002	1368	335	657	404	2243
TRIM66	35	192	644	71	20	35	30	107
RPL27A	125999	26632	1271859	21396	4373	8973	70171	42129
ST5	1329	1021	20648	606	105	207	304	901
AKIP1	790	464	12496	219	41	91	516	426
C11orf16	5	1	101	1	0	0	1	6
ASCL3	0	0	2	0	0	0	0	0
TMEM9B	1069	283	15464	185	45	103	612	360
NRIP3	274	41	6421	47	12	33	183	81
SCUBE2	19	35	553	21	4	13	28	51
DENND5A	809	1294	8764	909	193	304	489	1218
TMEM41B	2270	1113	20471	1074	205	336	1293	1336
IPO7	7013	2037	77330	1975	409	664	4302	3284
ZNF143	1763	845	18200	599	126	206	1043	904
WEE1	3501	1084	29088	1008	250	368	1941	1129
SWAP70	1579	590	23190	711	114	224	975	955
SBF2	1309	3591	7909	2324	456	785	488	3280
ADM	944	141	7319	299	27	102	714	211
AMPD3	32	42	414	118	14	30	28	138
MTRNR2L8	97	1505	1217	1347	268	479	61	1851
RNF141	966	475	12682	299	72	122	514	446
LYVE1	5	2	26	4	0	1	1	8
MRVI1	71	79	793	75	13	26	69	78
CTR9	2071	688	26053	520	105	201	1265	898
EIF4G2	15052	4180	168777	3255	664	1389	8195	5529
ZBED5	1452	696	16215	495	100	205	915	719
GALNT18	112	104	2593	147	13	62	62	209
CSNK2A3	26	8	290	8	1	3	13	15
USP47	1350	2663	15871	1499	279	570	951	1948
DKK3	280	357	3891	209	53	81	150	244
MICAL2	28	10	243	16	3	13	12	13
PARVA	526	459	7978	338	61	150	283	400
TEAD1	1318	3949	15336	2589	523	936	1306	3665
RASSF10	30	50	342	12	3	7	14	35
ARNTL	125	72	1814	58	14	18	53	72
BTBD10	1134	706	16818	496	103	218	690	840
PTH	0	1	0	0	0	0	0	0
FAR1	1460	1365	16961	1026	204	360	807	1443
SPON1	482	468	3016	213	109	112	380	646
RRAS2	5308	1478	91350	2438	445	796	3682	4744
COPB1	4101	1553	41180	1311	212	406	2372	1689
PSMA1	16666	3685	185415	3326	544	1038	8921	4814
PDE3B	155	1655	2046	863	218	238	210	1375
CYP2R1	291	398	4184	252	47	94	212	329
CALCB	176	318	4363	153	17	35	134	234
CALCA	102	3	2978	16	0	0	57	25
INSC	7	19	138	19	2	7	6	21
SOX6	41	1605	313	683	200	439	17	1063
C11orf58	16187	5114	188463	3845	737	1446	8708	5792
PLEKHA7	266	1120	4505	812	189	316	87	1241
RPS13	166909	40969	1739589	36066	5723	13014	99511	61567
PIK3C2A	3496	2006	39760	1748	336	625	2086	2438
NUCB2	688	1311	20454	683	149	300	679	757
NCR3LG1	2	50	168	13	4	7	4	20
KCNJ11	23	3	289	5	1	6	16	8
ABCC8	5	9	154	3	5	7	13	15
USH1C	13	9	307	19	2	6	16	21
OTOG	3	8	72	10	0	3	4	13
MYOD1	2	1	8	0	0	0	1	0
KCNC1	57	55	403	28	14	22	15	64
SERGEF	514	318	9390	391	85	129	256	561
TPH1	11	3	82	8	2	3	7	8
SAAL1	2118	666	26486	463	92	203	1190	799
MRGPRX3	0	1	0	0	1	0	0	0
MRGPRX4	0	0	0	0	0	0	0	0
SAA4	0	1	0	0	0	0	0	1
SAA2	0	0	2	0	0	0	0	0
SAA1	0	0	16	2	1	1	0	4
HPS5	757	484	8231	332	68	107	367	419
GTF2H1	1146	446	16258	420	80	132	583	542
LDHA	44723	5176	462475	11981	2150	5133	38972	17400
LDHC	43	5	332	9	0	1	21	7
LDHAL6A	13	14	179	14	2	4	6	23
TSG101	3597	1347	49496	1071	176	327	2158	1412
UEVLD	209	275	2445	187	44	59	156	259
SPTY2D1OS	86	166	760	109	15	42	55	123
SPTY2D1	952	404	10218	337	59	126	483	465
TMEM86A	22	6	758	13	3	3	18	13
IGSF22	6	4	127	3	0	2	4	4
PTPN5	29	29	646	35	7	13	37	47
MRGPRX1	0	0	0	0	0	0	0	0
MRGPRX2	0	0	0	0	0	0	0	0
ZDHHC13	686	353	8420	382	65	147	472	520
CSRP3	0	3	1	0	0	0	0	1
E2F8	357	187	3805	135	16	43	220	180
NAV2	1026	3564	11345	2193	607	949	1094	2797
DBX1	0	2	2	0	0	1	0	0
HTATIP2	4674	226	38434	608	94	141	1805	777
PRMT3	1466	725	13913	570	138	168	911	741
SLC6A5	1	0	6	1	0	0	0	0
NELL1	7	69	56	26	28	21	5	80
ANO5	239	630	2975	246	60	108	171	578
SLC17A6	11	12	120	6	0	2	27	20
FANCF	1618	386	13793	308	66	137	805	555
GAS2	61	301	633	101	30	55	54	132
SVIP	294	777	3276	256	71	148	250	416
CCDC179	0	0	0	1	0	1	0	1
LUZP2	73	219	5584	245	27	122	14	354
ANO3	0	747	21	66	27	87	0	491
MUC15	2	8	16	18	19	31	1	1
SLC5A12	73	46	486	135	35	8	70	38
FIBIN	5	9	98	0	1	2	3	1
BBOX1	1	57	8	87	18	13	2	21
CCDC34	3405	1966	42121	855	193	373	1931	1608
LGR4	1565	1072	21684	1043	276	538	1054	1944
LIN7C	1660	599	21367	480	73	205	1032	884
BDNF	350	52	5243	144	14	21	171	280
KIF18A	777	1050	10144	486	99	208	509	738
METTL15	535	1772	6595	1084	224	421	323	1702
KCNA4	0	2	7	3	0	0	1	1
FSHB	0	0	0	0	0	0	0	0
ARL14EP	1965	853	22258	572	110	243	1094	758
MPPED2	192	433	2851	258	20	77	86	336
DCDC1	10	489	91	103	45	122	14	250
DNAJC24	608	715	7790	393	93	190	413	616
IMMP1L	1287	2066	14249	1151	233	428	917	1489
ELP4	912	1901	8185	1126	248	505	587	1708
PAX6	1154	647	1820	136	92	98	492	360
RCN1	3392	4613	40127	2143	384	925	2150	3505
WT1	1	2	51	3	1	0	1	1
EIF3M	16161	3911	200763	3441	539	1205	9504	5255
CCDC73	4	20	41	12	1	7	1	33
PRRG4	239	15	3545	107	13	27	113	49
QSER1	3160	1513	35847	1586	301	580	2229	2402
DEPDC7	97	39	1636	36	11	10	71	34
TCP11L1	107	313	1798	169	29	62	78	294
CSTF3	3550	1469	34478	1019	253	388	1843	1625
HIPK3	322	599	3402	392	101	129	222	553
KIAA1549L	25	413	327	190	76	86	32	237
C11orf91	1	26	51	9	1	2	2	11
CD59	1211	1045	25373	805	142	291	643	1032
FBXO3	529	388	7232	224	20	93	417	363
LMO2	94	71	1292	36	11	35	55	84
CAPRIN1	6856	3018	75061	2180	457	812	4232	3415
NAT10	1493	387	17494	419	63	132	905	627
ABTB2	133	90	1415	171	25	31	51	333
CAT	902	378	6113	242	65	96	33	156
ELF5	0	1	6	1	4	17	0	0
EHF	0	0	5	0	0	1	0	0
APIP	2921	801	35429	577	153	287	1481	1053
PDHX	2041	743	24772	599	100	175	923	846
CD44	392	14	2839	73	5	13	184	44
SLC1A2	33	49	646	66	26	56	46	80
PAMR1	46	264	793	140	17	97	49	206
FJX1	427	1829	4505	466	147	331	417	690
TRIM44	2399	1941	28474	1215	244	516	2201	1842
LDLRAD3	348	2762	3571	1260	271	549	253	1912
COMMD9	1323	481	16291	360	64	122	633	531
PRR5L	27	330	824	108	47	77	38	168
TRAF6	250	263	3272	185	36	72	186	237
RAG1	30	7	227	9	4	1	18	8
RAG2	0	14	1	2	2	1	0	2
C11orf74	1382	918	16437	582	147	226	1237	977
LRRC4C	121	2221	1202	2171	306	352	45	2808
API5	3068	1448	28493	1147	227	408	1622	1566
TTC17	1267	2692	16576	1746	388	639	958	2592
HSD17B12	6608	1429	67392	1275	169	376	3354	1536
ALKBH3	188	284	5302	151	21	64	151	218
C11orf96	3410	178	1804	178	8	21	114	82
ACCSL	0	0	1	0	0	0	0	0
ACCS	38	22	482	19	4	7	48	33
EXT2	852	676	13289	437	102	165	461	730
ALX4	2	24	32	8	0	5	1	4
CD82	148	219	2644	102	21	83	72	151
TSPAN18	963	1158	7768	785	184	312	748	1289
TP53I11	999	233	17351	288	45	85	511	328
PRDM11	82	76	1139	53	11	35	44	79
SYT13	158	21	2861	33	8	18	112	76
CHST1	40	3	998	16	0	3	18	16
SLC35C1	199	44	2825	37	10	18	124	77
CRY2	174	134	2230	75	15	34	105	83
MAPK8IP1	335	110	5622	63	16	33	168	121
C11orf94	0	0	7	0	0	0	1	0
PEX16	1456	231	17952	259	59	89	691	386
LARGE2	1015	47	13207	164	23	48	478	322
PHF21A	530	1906	6484	1105	237	434	319	1486
CREB3L1	210	67	3532	92	8	31	107	83
DGKZ	1704	288	20467	340	75	107	915	638
MDK	32593	24176	380968	9582	2481	4668	19179	20030
CHRM4	0	0	3	0	0	0	0	0
AMBRA1	274	1177	3760	1014	192	290	105	1510
HARBI1	175	56	2030	46	8	22	93	66
ATG13	821	379	11526	372	90	126	404	504
ARHGAP1	760	201	8086	181	33	55	374	253
ZNF408	347	90	5076	104	15	24	216	143
F2	2	10	30	1	0	1	0	5
CKAP5	2969	2578	38921	1630	317	565	1667	2486
LRP4	423	704	4063	348	124	146	243	586
C11orf49	668	2871	8318	1179	362	605	441	2050
ARFGAP2	1605	532	18374	371	41	119	790	512
PACSIN3	4120	201	42483	526	60	122	1628	663
DDB2	1880	1140	27979	517	109	262	760	1375
ACP2	308	204	4776	141	30	54	280	182
NR1H3	263	205	4011	93	21	46	156	155
MADD	434	139	7060	122	34	40	237	219
MYBPC3	1	1	30	0	0	0	0	1
SPI1	8	3	198	4	2	1	3	9
SLC39A13	340	182	7191	90	28	51	240	194
PSMC3	9765	2087	121441	1811	277	722	5273	3107
RAPSN	6	3	107	2	3	1	2	26
CELF1	5719	2197	68673	2105	415	776	3241	3218
NDUFS3	8966	2015	110456	1486	288	533	4805	2442
PTPMT1	1521	397	19370	339	85	144	903	486
KBTBD4	593	194	7210	137	32	44	289	236
FAM180B	0	1	3	0	0	0	0	1
C1QTNF4	451	358	7552	96	52	73	324	363
MTCH2	10407	1722	126965	1927	298	599	5120	2642
AGBL2	15	47	278	28	4	10	18	33
FNBP4	4492	1655	49407	1513	251	494	2094	2027
NUP160	1868	1413	18461	983	200	344	1061	1388
PTPRJ	336	1037	3655	756	178	244	202	1162
OR4B1	0	0	0	0	0	0	0	0
OR4X2	0	0	0	0	0	0	0	0
OR4X1	0	0	0	0	0	0	0	0
OR4S1	0	0	0	0	0	0	0	0
OR4C3	0	0	0	0	0	0	0	0
OR4C5	0	0	0	0	0	0	0	0
OR4A47	0	0	0	0	0	0	0	0
TRIM51GP	1	0	0	0	0	0	0	0
TRIM49B	22	0	0	0	0	0	0	0
TRIM64C	0	0	0	0	0	0	0	0
FOLH1	8	0	25	1	0	1	1	2
OR4C13	0	0	0	0	0	0	0	0
OR4C12	0	0	0	0	0	0	0	0
OR4C46	0	0	0	0	0	0	0	0
OR4A5	0	0	0	0	0	0	0	0
TRIM48	1	0	3	0	0	0	0	1
OR4A16	0	0	0	0	0	0	0	0
OR4A15	0	0	0	0	0	0	0	0
OR4C15	0	0	0	0	0	0	0	0
OR4C16	0	0	0	0	0	0	0	0
OR4C11	0	0	0	0	0	0	0	0
OR4P4	0	0	1	0	0	0	0	1
OR4S2	0	0	0	0	0	0	0	0
OR4C6	0	0	0	0	0	0	0	0
OR5D3P	0	0	0	0	0	0	0	0
OR5D13	0	0	0	0	0	0	0	0
OR5D14	0	0	0	0	0	0	0	0
OR5L1	0	0	0	0	0	0	0	0
OR5D18	0	0	0	0	0	0	0	0
OR5L2	0	0	0	0	0	0	0	0
OR5D16	0	0	0	0	0	0	0	0
TRIM51	21	1	3	0	0	0	0	0
OR5W2	0	0	0	0	0	0	0	0
OR5I1	0	0	0	0	0	0	0	0
OR10AG1	0	0	3	0	0	0	1	2
OR5F1	0	0	0	0	0	0	0	0
OR5AS1	0	1	1	0	0	0	0	0
OR8I2	0	0	0	0	0	0	0	0
OR8H2	0	0	0	0	0	0	0	0
OR8H3	0	0	0	0	0	0	0	0
OR8J3	0	0	0	0	0	0	0	0
OR8K5	0	0	0	0	0	0	0	0
OR5J2	0	0	0	0	0	0	0	0
OR5T2	0	0	0	0	0	0	0	0
OR5T3	0	0	0	0	0	0	0	0
OR5T1	0	0	0	0	0	0	0	0
OR8H1	0	1	0	0	0	0	0	0
OR8K3	0	0	0	0	0	0	0	0
OR8K1	0	0	0	0	0	0	0	0
OR8J1	0	0	0	1	0	0	0	0
OR8U1	0	0	0	0	0	0	0	0
OR5R1	0	0	0	0	0	0	0	0
OR5M9	0	0	0	0	0	0	0	0
OR5M3	0	0	0	0	0	0	0	0
OR5M8	0	0	0	0	0	0	0	0
OR5M11	0	0	1	0	0	0	0	0
OR5M10	0	0	0	0	0	0	0	0
OR5M1	0	0	0	0	0	0	0	0
OR5AP2	0	0	0	0	0	0	0	0
OR5AR1	0	0	0	0	0	0	0	0
OR9G1	0	0	0	0	0	0	0	0
OR9G4	0	0	0	0	0	0	0	0
OR5AK2	0	0	0	0	0	0	0	0
LRRC55	2	15	62	15	1	3	3	4
APLNR	7	17	66	74	8	2	6	25
TNKS1BP1	842	340	9486	300	47	105	504	400
SSRP1	6876	2316	91899	1483	291	608	4535	2618
P2RX3	5	7	135	10	1	4	3	10
PRG3	0	0	0	0	0	0	0	0
PRG2	0	2	3	0	1	0	0	3
SLC43A3	277	100	4411	65	13	23	200	132
RTN4RL2	93	51	4516	61	3	29	106	64
SLC43A1	148	23	4602	53	4	15	107	67
TIMM10	5550	1347	68570	956	156	260	3230	1290
SMTNL1	12	8	363	4	0	3	14	7
UBE2L6	837	748	20326	339	61	226	545	577
SERPING1	550	678	12763	303	74	136	518	501
YPEL4	13	12	155	4	0	1	3	7
CLP1	1151	255	14564	289	47	88	556	419
ZDHHC5	1049	353	12490	356	59	151	539	542
MED19	1897	773	28034	491	80	212	1013	785
TMX2	4173	882	50179	748	165	299	2129	1270
SELENOH	16617	5241	226720	4663	798	1777	11169	6962
BTBD18	2	14	41	7	2	7	1	31
CTNND1	2593	2130	29770	2221	463	818	1479	2320
OR9Q1	0	1	0	5	0	0	0	0
OR6Q1	0	0	0	0	0	0	0	0
OR9I1	0	0	0	0	0	0	0	0
OR9Q2	0	0	0	0	0	0	0	0
OR1S2	0	0	0	0	0	0	0	0
OR1S1	0	0	0	0	0	0	0	0
OR10Q1	0	0	0	0	0	0	0	0
OR10W1	0	0	0	0	0	0	0	0
OR5B17	0	0	0	0	0	0	0	0
OR5B3	0	0	0	0	0	0	0	0
OR5B2	0	0	1	0	0	0	0	0
OR5B12	0	0	0	0	0	0	0	0
OR5B21	0	0	0	0	0	0	0	0
LPXN	16	115	369	78	13	31	18	103
ZFP91	720	774	9087	532	94	188	466	810
CNTF	2	6	14	4	0	2	1	3
GLYAT	0	2	2	0	0	1	0	2
GLYATL2	4	499	23	153	72	118	1	371
GLYATL1	116	85	1305	47	16	22	53	70
GLYATL1B	0	0	29	0	2	0	1	3
FAM111B	601	678	6987	366	76	132	496	623
FAM111A	443	275	7366	216	33	81	416	354
DTX4	109	873	1794	154	87	145	76	312
MPEG1	0	4	0	1	1	0	0	0
OR5AN1	0	0	2	0	0	0	1	0
OR5A2	1	0	2	0	0	0	0	0
OR5A1	0	0	7	0	0	0	0	1
OR4D6	0	0	0	0	0	0	0	0
OR4D10	0	0	0	1	0	0	0	0
OR4D11	0	0	0	0	0	0	0	0
OR4D9	2	5	13	5	0	1	0	6
OSBP	1647	511	19945	505	80	148	872	659
PATL1	902	334	11050	247	52	67	466	376
OR10V1	0	0	0	0	0	0	0	0
STX3	2697	276	35703	592	81	128	1381	789
MRPL16	7529	1065	90279	1118	191	379	3142	1674
CBLIF	0	3	3	2	0	0	0	9
TCN1	0	1	3	0	0	1	0	1
OOSP3	2	5	45	1	0	1	0	3
OOSP1	2	2	14	1	0	1	1	1
OOSP4A	0	0	1	0	0	0	0	0
OOSP4B	0	1	1	0	1	0	0	1
OOSP2	0	0	2	0	0	0	0	0
MS4A3	1	0	4	1	0	0	0	0
MS4A2	0	0	2	0	0	0	0	0
MS4A6A	0	92	10	9	3	5	1	14
MS4A4A	0	9	16	1	2	1	1	3
MS4A4E	2	1	1	1	1	0	0	1
MS4A6E	0	10	0	0	2	0	0	0
MS4A7	1	2	13	0	0	0	2	1
MS4A14	0	0	0	0	0	0	0	0
MS4A5	0	2	0	0	0	1	0	0
MS4A1	0	1	0	0	0	0	0	0
MS4A12	15	0	298	3	1	1	5	2
MS4A13	0	0	1	2	0	0	0	2
MS4A8	3	36	23	1	5	3	0	7
MS4A18	0	2	0	0	0	0	0	0
MS4A15	3	4	47	3	0	1	7	1
MS4A10	0	0	1	0	0	0	0	0
CCDC86	1360	190	24943	297	21	87	776	416
PTGDR2	1	0	21	0	0	0	5	1
ZP1	1	0	12	0	0	0	0	0
PRPF19	2041	607	30099	455	66	180	1198	840
TMEM109	521	340	5704	179	31	99	434	359
TMEM132A	481	578	6371	226	77	108	374	437
SLC15A3	163	11	3273	30	2	4	96	28
CD6	0	4	7	2	0	3	0	0
CD5	0	4	0	0	0	1	0	2
VPS37C	341	165	5018	166	26	57	187	197
PGA3	0	0	1	0	0	0	0	0
PGA4	0	0	0	0	0	0	0	0
PGA5	20	0	111	7	0	0	14	2
VWCE	298	89	3551	58	9	23	74	154
DDB1	3507	1049	41968	905	161	381	1730	1327
TKFC	695	205	7096	120	35	62	352	273
CYB561A3	373	182	4359	124	26	52	241	174
TMEM138	1216	394	15799	262	63	122	700	399
TMEM216	718	501	13636	330	58	164	700	485
CPSF7	1216	682	16336	519	112	177	753	668
SDHAF2	2296	769	27879	619	116	192	1291	894
PPP1R32	15	48	271	15	3	7	16	27
LRRC10B	121	261	709	52	17	39	62	102
SYT7	78	65	1061	93	10	28	109	58
DAGLA	11	38	147	25	6	10	18	32
MYRF	43	30	439	20	6	11	15	28
TMEM258	18801	4146	201827	3630	638	1283	11501	5112
FEN1	4036	1023	47954	898	148	299	2193	1405
FADS2	1440	1423	20891	737	167	288	978	1141
FADS1	3586	2345	47711	1255	240	554	2747	2162
FADS3	1248	85	18473	168	10	60	513	284
RAB3IL1	224	7	3715	36	5	12	117	58
BEST1	61	22	582	22	5	7	34	19
FTH1	152878	35452	1958132	37342	5865	13432	77386	51749
INCENP	1025	497	13212	291	63	125	673	492
SCGB1D1	1	0	34	0	0	0	0	0
SCGB2A1	3	2	38	0	0	0	0	0
SCGB1D2	22	1	146	3	1	0	3	2
SCGB2A2	0	0	0	0	0	1	0	0
SCGB1D4	0	1	3	0	0	1	0	0
ASRGL1	2744	939	19564	379	163	171	1362	1158
SCGB1A1	0	0	9	2	0	0	0	3
AHNAK	236	576	1057	543	48	191	131	372
EEF1G	124	21094	1111	15428	3009	6544	72	27037
TUT1	434	202	5523	126	23	43	240	185
MTA2	443	209	6271	191	39	82	313	356
EML3	189	56	2317	40	6	16	109	66
ROM1	43	31	426	10	2	9	25	28
B3GAT3	962	848	13310	412	84	189	684	727
GANAB	4214	1187	52236	852	132	314	2520	1445
INTS5	702	126	9817	141	28	33	368	152
C11orf98	263	190	2052	234	39	53	116	277
LBHD1	18	14	204	11	0	2	15	17
CSKMT	1669	176	7395	251	50	64	645	320
UQCC3	6351	1275	64470	1061	183	402	3811	1699
UBXN1	9912	2809	129467	2051	435	777	5172	3445
LRRN4CL	8	2	37	0	0	2	1	2
BSCL2	105	1463	1705	731	186	332	51	1386
GNG3	173	118	3480	55	11	29	140	106
HNRNPUL2	980	940	15408	621	124	292	617	1118
TTC9C	1389	474	17196	348	69	115	863	573
ZBTB3	839	59	9271	134	22	39	385	290
POLR2G	5430	2044	69151	1202	190	492	3671	1918
TAF6L	537	250	8463	145	36	61	243	261
TMEM223	4175	927	58475	919	153	294	2594	1361
TMEM179B	2943	764	33434	550	122	241	1609	938
NXF1	631	166	7250	119	26	42	325	196
STX5	932	570	15621	424	88	167	519	623
TEX54	0	0	1	0	0	0	0	0
WDR74	4477	546	58052	567	100	226	2299	1071
SLC3A2	8770	2117	96846	2633	314	915	5427	2924
CHRM1	1	1	5	0	0	0	2	2
SLC22A6	0	5	3	7	0	2	0	5
SLC22A8	0	0	0	0	0	0	0	0
SLC22A24	0	0	0	0	1	1	0	1
SLC22A10	0	3	1	5	0	0	0	7
SLC22A25	0	0	1	6	0	0	2	1
SLC22A9	3	1	45	4	0	0	5	0
PLAAT5	526	25	4520	104	31	20	217	283
LGALS12	211	1	1486	29	1	3	38	63
PLAAT4	93	0	2586	20	0	3	36	34
PLAAT2	13	0	234	1	0	0	5	7
PLAAT3	29863	457	433911	2784	451	809	11878	5553
ATL3	1159	260	10836	283	56	98	708	505
RTN3	7265	3629	107570	2848	631	1312	5005	5243
C11orf95	679	322	7764	231	37	85	433	347
SPINDOC	1394	399	18345	396	76	135	780	633
MARK2	1952	506	23775	508	102	187	1074	706
RCOR2	1824	544	26028	350	63	152	1281	670
NAA40	764	302	12906	195	46	77	437	326
COX8A	21232	5819	265280	3739	768	1417	11912	7138
OTUB1	3684	1223	58295	832	134	323	2135	1402
MACROD1	1056	466	22459	431	68	154	926	706
FLRT1	41	25	808	20	6	9	31	30
STIP1	9125	2179	124275	1929	365	750	5268	3186
FERMT3	16	12	403	15	1	8	13	29
TRPT1	1467	468	21261	323	81	149	700	624
NUDT22	2404	439	30362	369	90	145	1365	687
DNAJC4	635	580	10936	329	76	139	592	448
VEGFB	1914	674	48048	613	110	239	1375	820
FKBP2	442	279	6851	221	43	82	373	349
AP001453.3	2	3	20	4	1	0	2	2
PPP1R14B	17086	6447	231212	5611	1064	1763	11879	8894
PLCB3	1227	123	10923	235	22	49	640	267
BAD	1542	982	23208	480	139	225	973	887
GPR137	690	277	12530	172	36	80	380	339
KCNK4	9	1	118	3	0	0	2	9
CATSPERZ	110	8	1138	9	2	3	38	20
ESRRA	1878	150	20541	225	40	68	867	445
TRMT112	17944	4692	260430	3931	662	1452	10051	5648
PRDX5	22223	5104	365022	4779	763	1701	11933	7691
CCDC88B	111	12	1877	28	2	12	63	44
RPS6KA4	317	60	4206	52	5	19	166	77
SLC22A11	1	4	6	0	0	0	1	3
SLC22A12	0	0	0	0	0	0	0	0
NRXN2	70	141	1443	52	6	33	52	75
RASGRP2	5272	144	48077	293	40	55	1680	409
PYGM	108	72	1423	57	8	12	72	75
SF1	5566	2316	66024	1559	318	666	2852	1959
MAP4K2	304	117	4042	86	14	29	192	136
MEN1	1103	186	16493	192	27	66	482	288
CDC42BPG	256	23	2581	36	8	18	113	61
EHD1	461	200	6131	135	28	64	211	206
ATG2A	390	73	4421	63	14	22	137	109
PPP2R5B	157	64	2034	40	16	14	101	76
GPHA2	133	6	1961	24	1	6	56	15
MAJIN	9	2	43	3	0	2	0	3
BATF2	13	8	345	4	0	0	11	7
ARL2	11701	3242	172229	3182	546	1051	6796	4506
SNX15	9	203	125	149	29	80	2	221
SAC3D1	2032	752	31895	428	94	217	1064	875
NAALADL1	143	29	2959	18	4	17	82	30
CDCA5	2238	569	30185	509	94	213	1282	788
ZFPL1	1136	467	14464	303	60	88	733	400
TMEM262	0	1	31	2	0	0	0	1
VPS51	2794	692	35835	672	125	219	1686	952
TM7SF2	2043	1092	29596	669	156	261	1114	1192
ZNHIT2	1213	144	16177	178	29	56	627	279
FAU	101992	17274	1091159	15680	2894	5581	60275	25280
SYVN1	827	346	10478	388	38	120	358	699
MRPL49	1944	416	27875	323	53	147	917	556
SPDYC	27	4	859	8	3	4	12	17
CAPN1	3538	221	52289	638	85	180	2026	880
POLA2	1022	480	12317	284	58	95	611	442
CDC42EP2	0	52	9	43	12	34	1	100
DPF2	2277	674	26146	516	95	206	1364	766
TIGD3	24	23	702	12	2	9	15	20
SLC25A45	35	1	354	7	0	0	5	7
FRMD8	232	91	2533	70	12	28	116	93
SCYL1	853	342	13622	265	51	100	502	370
LTBP3	549	120	8209	76	12	43	164	125
ZNRD2	5087	758	57346	782	112	239	2416	1085
FAM89B	408	711	5523	270	86	139	274	454
EHBP1L1	63	49	1753	26	4	9	47	46
KCNK7	56	1	1514	14	1	2	27	27
MAP3K11	715	241	10541	173	36	75	443	283
PCNX3	488	85	6029	94	8	34	249	138
SIPA1	950	107	13510	149	23	57	463	234
RELA	561	187	7481	119	21	50	288	175
KAT5	796	409	11614	190	69	109	449	351
RNASEH2C	4171	1711	53595	1256	219	485	2658	1754
AP5B1	875	84	9612	125	19	29	284	177
OVOL1	475	5	2849	37	8	10	134	36
CFL1	54645	15605	716634	13429	2391	4762	27658	19872
SNX32	31	88	1110	50	13	30	33	126
MUS81	594	270	9922	163	31	56	417	249
EFEMP2	220	74	5984	102	9	31	116	89
CTSW	1	0	8	0	0	0	1	0
FIBP	6232	1633	82236	1690	312	505	3984	2140
CCDC85B	8358	1266	67378	1453	261	382	4331	2173
FOSL1	797	33	7760	117	10	14	133	154
C11orf68	670	254	13457	206	28	92	518	354
DRAP1	10383	3241	125329	2248	486	873	6133	3896
TSGA10IP	71	75	1097	35	5	20	118	63
SART1	1521	396	16659	336	63	115	811	496
EIF1AD	708	143	8403	135	27	50	345	220
BANF1	9527	5928	136912	4029	750	1597	5577	6523
CST6	361	42	4637	34	3	36	150	39
CATSPER1	1	0	10	0	0	0	0	1
GAL3ST3	373	111	8006	87	17	28	245	142
SF3B2	9574	3045	114394	2261	420	783	5151	3624
PACS1	567	983	5847	797	158	299	221	990
KLC2	710	230	11367	138	29	60	346	203
RAB1B	1724	394	23150	353	58	124	895	529
CNIH2	348	731	5071	207	92	138	256	500
YIF1A	5119	1009	77245	1037	123	305	2836	1274
TMEM151A	61	0	1498	8	0	2	17	13
CD248	25	21	484	10	0	5	22	10
RIN1	56	18	1008	11	2	5	55	22
BRMS1	2372	446	35119	420	75	123	1195	663
B4GAT1	902	586	12766	231	58	139	541	519
SLC29A2	503	176	8506	168	25	47	323	258
NPAS4	6	3	30	1	2	1	4	1
MRPL11	15550	2609	179819	2708	375	894	8323	4254
PELI3	174	78	3458	50	9	21	138	54
DPP3	2208	350	27122	344	54	120	1319	672
BBS1	53	389	577	195	49	66	22	262
ZDHHC24	583	242	10433	219	38	70	375	313
ACTN3	129	167	6048	100	17	28	168	156
CTSF	406	92	2265	6	15	34	117	59
CCDC87	5	2	164	2	1	2	3	1
CCS	1862	861	32138	725	127	198	1325	946
RBM14	1286	402	20047	369	59	148	802	513
RBM4	1690	2688	14446	1974	389	792	982	3194
RBM4B	720	607	7934	368	81	130	441	481
SPTBN2	193	140	1232	101	11	28	121	153
C11orf80	217	841	2821	398	110	195	139	774
RCE1	1155	215	20582	201	25	73	707	355
PC	145	169	2104	114	22	35	119	152
LRFN4	701	93	11159	107	23	38	401	181
C11orf86	9	3	140	5	0	0	6	5
SYT12	42	11	770	22	3	11	39	96
RHOD	420	109	7063	198	21	55	396	177
KDM2A	1547	1584	16342	1406	282	437	934	1957
GRK2	819	204	9708	182	40	47	518	286
ANKRD13D	678	330	8568	174	39	80	358	317
SSH3	371	58	4701	65	15	21	164	107
RAD9A	512	564	5714	202	60	91	248	322
POLD4	56	223	795	351	72	117	43	586
CLCF1	22	25	207	28	1	13	5	30
PPP1CA	9174	2212	115559	1982	295	635	5287	3103
TBC1D10C	7	23	101	4	0	2	3	10
CARNS1	5	2	116	0	0	2	5	2
RPS6KB2	1578	443	19677	349	58	123	863	524
CORO1B	4056	748	63694	772	128	224	2136	1268
PTPRCAP	0	0	0	0	0	0	0	0
GPR152	0	0	0	0	0	0	0	0
CABP4	2	0	18	0	0	0	1	3
TMEM134	2116	807	32170	589	114	260	1409	867
AIP	1116	619	18503	306	64	144	807	596
PITPNM1	325	179	5615	84	14	34	130	129
CDK2AP2	2465	710	35972	514	102	205	1322	792
CABP2	0	1	7	1	0	0	2	5
GSTP1	217418	28225	2098053	26088	4307	9424	79318	44849
NDUFV1	6609	1236	91116	1035	166	393	3031	1815
NUDT8	456	208	6775	84	27	49	212	194
TBX10	2	18	44	27	2	3	1	17
ACY3	85	1	657	3	0	4	33	7
ALDH3B2	5	2	3	10	1	2	6	4
UNC93B1	772	51	9263	149	25	44	444	165
ALDH3B1	5	7	23	2	0	2	2	4
NDUFS8	11997	4060	176063	2843	533	1091	7326	4709
TCIRG1	274	30	3400	58	8	8	163	63
CHKA	1489	1143	23524	1068	177	293	994	1335
KMT5B	2106	1779	20576	1078	230	407	1320	1728
C11orf24	1303	232	28762	217	28	61	603	377
LRP5	604	317	6449	256	51	84	310	503
PPP6R3	2131	2535	25113	2076	416	684	1154	3068
GAL	42663	863	261519	4456	269	877	11736	7441
TESMIN	1435	169	16119	306	66	76	996	637
CPT1A	859	72	6699	119	40	46	248	429
MRPL21	6944	1288	108116	1466	296	572	3981	2345
IGHMBP2	371	141	4100	87	15	35	179	174
MRGPRD	0	0	0	0	0	0	0	0
MRGPRF	265	12	3263	36	2	4	57	24
TPCN2	114	106	1235	86	18	22	48	118
SMIM38	0	2	1	0	0	0	0	0
MYEOV	17	6	105	5	0	1	7	4
CCND1	17339	5138	128281	3030	459	1088	8269	6669
LTO1	386	214	4489	137	23	56	202	220
FGF19	1341	596	14259	247	64	51	677	426
FGF4	2936	33	20292	139	77	24	944	624
FGF3	5	17	108	17	6	3	13	6
ANO1	40	14	879	17	2	6	44	19
FADD	1405	252	23079	292	43	97	773	548
PPFIA1	2889	1496	36322	1178	219	370	1417	1985
CTTN	9355	946	95756	1177	208	422	4589	2074
SHANK2	347	591	4531	1515	216	369	218	2277
DHCR7	2012	576	25305	510	110	189	1230	746
NADSYN1	376	155	8305	147	29	40	218	250
KRTAP5-7	0	1	0	2	0	0	2	0
KRTAP5-8	0	0	2	0	0	0	0	0
KRTAP5-9	0	0	5	0	0	0	0	0
KRTAP5-10	0	0	5	0	0	0	0	0
KRTAP5-11	0	0	4	22	0	1	0	9
FAM86C1	192	90	3010	84	23	13	132	141
ZNF705E	3	0	9	2	2	1	0	0
DEFB108B	0	1	1	0	1	0	0	1
AP002495.1	189	500	2427	309	67	127	128	406
DEFB131B	0	9	0	2	1	0	0	4
RNF121	760	630	11268	478	98	161	452	680
IL18BP	65	37	646	22	5	4	44	34
NUMA1	1276	889	15316	477	109	225	778	812
LRTOMT	123	165	1620	71	21	27	110	113
LAMTOR1	10994	2170	188496	2159	316	709	5892	3414
AP000812.4	0	0	1	0	0	0	0	0
ANAPC15	4152	1110	59157	777	155	315	1910	1359
FOLR3	1	1	195	0	0	0	5	1
FOLR1	12	83	207	56	2	15	18	23
FOLR2	0	0	43	1	0	1	1	1
INPPL1	412	154	6065	153	22	53	307	171
PHOX2A	24	15	175	16	2	1	17	13
CLPB	892	228	8300	197	37	72	412	334
PDE2A	40	12	826	15	2	5	37	20
ARAP1	399	84	6331	110	8	26	172	142
STARD10	405	164	6923	267	41	74	287	236
ATG16L2	149	203	2791	92	25	27	86	138
FCHSD2	144	2812	1829	1017	287	424	112	1638
P2RY2	9	4	225	20	0	2	7	1
P2RY6	1	2	35	234	4	34	0	5
ARHGEF17	95	299	1271	118	21	46	52	164
RELT	294	96	2147	45	11	25	100	70
FAM168A	241	1316	3064	888	188	325	155	1321
PLEKHB1	67	143	1297	57	12	29	56	77
RAB6A	2198	1100	26251	850	185	343	1174	1441
MRPL48	2683	828	38282	598	113	202	1356	1068
COA4	11707	1636	136794	2056	331	636	6682	2748
PAAF1	1060	675	12832	464	91	180	725	612
DNAJB13	11	28	66	5	1	2	6	6
UCP2	2657	773	31470	322	84	189	844	730
UCP3	3	5	99	3	1	3	5	7
C2CD3	234	722	2080	286	81	108	131	469
PPME1	1057	905	17210	605	113	222	825	869
P4HA3	23	134	487	67	19	31	42	80
PGM2L1	1721	343	20937	340	105	140	1683	794
KCNE3	64	3	452	24	2	1	40	13
LIPT2	471	120	8647	126	30	74	343	165
POLD3	1724	1387	18460	715	153	330	1124	1089
CHRDL2	6	8	79	2	2	2	6	1
RNF169	704	1041	5341	617	137	209	445	822
XRRA1	280	457	2692	215	88	111	199	377
SPCS2	5551	4069	61992	3030	591	1241	3427	4474
NEU3	230	142	3573	120	8	41	148	142
OR2AT4	1	1	5	0	0	0	0	1
SLCO2B1	1	9	3	4	2	1	0	8
TPBGL	6	3	154	8	0	2	12	3
ARRB1	2305	193	20137	517	85	49	664	1064
RPS3	399275	60460	3961631	55956	10619	21437	206190	105139
KLHL35	67	20	525	18	3	9	49	32
GDPD5	67	15	505	40	3	12	13	29
SERPINH1	9832	1328	136759	1927	236	677	4970	3427
MAP6	55	1062	899	160	122	196	30	422
MOGAT2	0	2	0	0	0	0	0	0
DGAT2	73	14	1052	42	6	3	80	14
UVRAG	1000	1835	11055	918	243	267	511	1473
WNT11	17	8	98	14	0	2	0	6
THAP12	952	679	10711	500	88	200	612	675
GVQW3	195	209	2498	77	19	47	208	181
EMSY	604	1131	7811	566	114	258	390	961
LRRC32	3	0	119	6	0	2	8	5
TSKU	395	128	4587	134	19	36	282	170
ACER3	657	787	7596	687	149	223	456	841
B3GNT6	0	2	9	1	0	0	1	1
CAPN5	366	51	4188	56	9	24	151	104
OMP	0	0	0	0	0	0	0	0
MYO7A	15	4	511	8	1	4	13	3
GDPD4	11	2	57	1	1	0	1	5
PAK1	6031	1573	74203	1967	483	690	3501	3207
CLNS1A	14395	3016	138418	2560	499	860	7319	3791
AQP11	150	94	2098	65	18	24	100	127
RSF1	5539	3735	82958	2536	559	1004	3716	4276
AAMDC	1618	740	26067	601	164	298	1202	909
INTS4	482	437	5917	272	71	95	323	463
KCTD14	264	47	5300	58	9	25	239	113
THRSP	0	5	3	2	0	3	0	9
NDUFC2	15069	5770	196880	5263	910	1755	8760	7172
ALG8	2214	1196	24156	885	178	381	1466	1354
KCTD21	15	22	358	26	6	3	13	14
USP35	56	25	978	19	9	7	32	29
GAB2	58	862	820	495	97	249	52	786
NARS2	1324	894	14865	697	140	266	774	1374
TENM4	84	3253	787	1789	422	529	100	2737
FAM181B	114	2228	1311	482	181	289	138	635
PRCP	1315	1218	20770	675	142	257	1084	870
DDIAS	708	324	6451	248	50	61	443	281
RAB30	185	199	2112	145	38	52	122	244
PCF11	1531	497	14474	499	87	183	863	806
ANKRD42	127	95	1721	68	13	35	78	101
CCDC90B	3117	1596	49958	1130	207	403	2017	1629
DLG2	115	2172	2028	1412	310	878	141	2790
TMEM126B	5825	1148	75538	959	169	377	3539	1466
TMEM126A	4563	1018	52930	880	167	294	2457	1219
CREBZF	1142	650	14312	396	75	199	724	621
CCDC89	0	3	8	0	0	0	0	1
SYTL2	52	94	960	44	6	19	22	99
CCDC83	0	2	0	2	0	2	0	3
PICALM	904	1355	12429	1317	237	332	499	1531
EED	1281	556	12954	378	73	152	807	584
HIKESHI	5262	1880	76979	1409	268	598	3717	2416
CCDC81	10	76	197	23	8	18	13	50
ME3	17	225	333	56	6	29	12	115
PRSS23	181	595	2438	355	60	174	114	395
FZD4	84	76	1136	63	8	16	42	100
TMEM135	674	1387	6900	839	180	323	448	1479
RAB38	712	106	11042	339	29	106	461	236
CTSC	8295	903	146922	2009	201	636	5555	2648
GRM5	4	70	21	22	12	18	1	34
TYR	2	3	12	6	1	4	0	5
NOX4	16	377	280	121	33	66	18	202
TRIM77	0	1	0	0	1	0	0	0
TRIM49	3	1	2	0	0	0	0	0
TRIM64B	35	0	36	0	0	0	0	0
TRIM49D1	0	0	0	0	0	0	0	0
TRIM49D2	0	0	0	0	0	0	0	0
TRIM64	0	0	0	0	0	0	0	0
TRIM49C	9	0	1	0	0	0	0	0
UBTFL1	0	0	0	0	0	0	0	0
NAALAD2	15	538	573	163	24	47	36	322
CHORDC1	5708	1258	59334	1181	173	390	2574	1735
FAT3	856	3628	3009	1239	521	1030	409	3353
MTNR1B	0	0	5	1	0	0	0	0
SLC36A4	1281	1475	15270	763	184	362	749	1072
DEUP1	31	36	258	24	6	9	13	20
SMCO4	2095	653	21878	576	86	194	1122	902
CEP295	736	940	7794	439	83	196	404	605
TAF1D	7608	1847	97814	1640	342	582	4547	2878
C11orf54	1397	755	15352	381	115	234	840	901
MED17	511	804	4689	571	118	196	296	737
VSTM5	3	7	21	32	3	8	9	14
HEPHL1	0	23	14	12	1	2	0	12
PANX1	408	257	3893	237	39	92	236	278
IZUMO1R	0	0	1	1	0	0	1	0
GPR83	10	2	66	1	0	2	3	4
MRE11	1831	830	24468	646	124	265	1206	1120
ANKRD49	658	217	9569	182	35	73	376	271
C11orf97	4	1	7	0	1	0	0	1
PIWIL4	6	23	32	40	19	10	4	22
FUT4	217	24	2765	22	9	11	111	45
AMOTL1	440	929	3409	658	128	187	221	831
CWC15	5359	2151	74669	1479	252	517	2877	2022
KDM4D	58	178	1204	80	22	25	53	91
KDM4E	1	0	1	0	0	0	0	0
KDM4F	1	0	0	0	0	0	0	0
SRSF8	813	380	6759	179	60	81	590	385
ENDOD1	103	44	1054	56	10	22	104	47
SESN3	954	1519	10167	1292	194	653	675	1352
FAM76B	646	443	7575	282	55	109	423	431
CEP57	3803	1982	48774	1362	295	568	2514	2313
MTMR2	1122	909	15150	662	129	224	761	917
MAML2	738	1384	6620	1338	393	576	305	3212
CCDC82	1148	970	16875	460	94	213	672	759
JRKL	145	128	1942	92	22	28	74	116
CNTN5	19	86	30	112	37	50	1	54
ARHGAP42	1076	577	12586	865	163	237	571	1406
PGR	0	5	25	2	1	2	0	0
TRPC6	49	49	645	59	31	12	6	267
ANGPTL5	0	10	1	3	0	1	0	4
CEP126	108	368	1192	126	35	66	67	189
CFAP300	95	584	1914	118	45	78	70	192
YAP1	2087	3132	24544	2150	420	773	1382	2969
BIRC3	1	3	48	3	0	1	1	3
BIRC2	952	554	11139	357	84	150	574	551
TMEM123	2242	2234	12335	1228	284	523	1803	2013
MMP7	0	0	0	0	0	0	0	0
MMP20	0	6	0	0	0	1	0	6
MMP27	0	0	0	0	0	0	0	0
MMP8	0	0	0	0	0	0	0	0
MMP10	0	0	34	1	1	0	1	2
MMP1	3	1	34	1	0	0	1	0
MMP3	3	7	75	13	5	0	0	6
MMP12	0	0	1	2	0	0	0	1
MMP13	0	0	3	0	0	0	0	0
DCUN1D5	11251	1431	119658	1887	289	550	5619	2740
DYNC2H1	471	2189	4597	744	217	422	495	1190
PDGFD	54	321	773	152	56	73	53	185
DDI1	0	1	0	0	0	0	0	0
CASP4	0	5	24	3	1	12	2	1
CASP5	0	0	5	1	0	0	1	0
CASP1	0	0	0	0	0	0	0	0
CARD16	3	0	50	0	0	0	0	0
CARD17	0	0	0	0	0	0	0	0
CARD18	0	3	2	7	1	1	0	5
GRIA4	37	226	1559	99	44	28	81	225
MSANTD4	808	445	10999	286	42	125	518	436
KBTBD3	329	140	4185	100	18	35	227	174
AASDHPPT	2990	1677	28670	860	188	403	1656	1545
GUCY1A2	27	168	215	62	39	50	17	81
CWF19L2	1643	1081	17863	705	132	276	928	1014
ALKBH8	324	178	4132	151	20	55	179	249
ELMOD1	29	31	435	56	5	31	12	30
SLN	4	8	53	36	1	88	0	6
SLC35F2	769	107	6968	245	31	75	421	303
RAB39A	241	154	3075	131	30	62	145	230
CUL5	1775	2281	20870	1286	295	492	1112	1927
ACAT1	2631	482	34975	573	109	181	1501	725
NPAT	805	421	8233	372	58	128	391	524
ATM	1552	1462	17498	812	211	409	1053	1486
C11orf65	67	188	607	57	17	35	38	140
POGLUT3	350	281	4910	119	31	72	223	220
EXPH5	227	116	3040	151	21	72	105	152
DDX10	2730	1240	38454	1186	214	351	1597	1785
C11orf87	8	12	151	7	0	6	4	9
RDX	5178	4375	59026	2178	507	950	3518	3626
ZC3H12C	36	815	417	412	107	163	28	535
FDX1	2927	791	35877	703	121	207	1344	896
ARHGAP20	7	4	40	7	3	7	4	2
C11orf53	0	0	2	1	0	0	0	1
COLCA2	26	31	540	10	5	9	18	20
POU2AF1	0	1	10	2	0	2	0	3
BTG4	1	1	14	1	0	1	1	4
C11orf88	1	23	45	4	0	3	1	5
LAYN	201	22	1848	101	4	9	52	39
SIK2	241	943	2786	533	134	181	124	680
PPP2R1B	2166	524	23856	525	107	186	1476	956
ALG9	80	417	1080	222	46	97	60	299
FDXACB1	122	52	1366	18	11	14	94	54
C11orf1	2256	786	39236	401	115	272	1440	921
CRYAB	305	23	2377	79	5	14	46	65
HSPB2	91	9	660	24	1	5	14	80
C11orf52	4	21	33	58	8	13	3	45
DIXDC1	697	852	10006	374	103	236	500	683
DLAT	2173	418	24436	445	84	154	1135	667
PIH1D2	24	139	480	37	10	26	23	54
NKAPD1	1151	618	14658	341	76	173	628	561
TIMM8B	10571	2205	137552	1971	371	659	5883	3206
SDHD	8083	1084	95219	1158	194	422	3632	2055
IL18	82	30	993	39	3	12	67	35
TEX12	24	5	463	4	1	2	9	12
BCO2	35	35	544	11	7	7	20	42
PTS	3320	1082	51018	877	158	320	1678	1394
PLET1	0	8	0	2	1	2	0	13
NCAM1	43	552	786	346	59	172	41	397
TTC12	78	355	1705	106	32	54	99	146
ANKK1	1	8	16	7	0	1	1	4
DRD2	3	8	81	4	1	2	1	2
TMPRSS5	11	36	97	14	3	6	6	25
ZW10	782	351	10058	255	51	91	440	370
CLDN25	0	0	0	0	0	0	0	0
USP28	6052	747	83455	1284	294	470	2472	2703
HTR3B	0	3	3	0	0	2	0	3
HTR3A	140	6	3006	20	0	7	78	29
ZBTB16	60	1250	619	185	84	151	26	633
NNMT	2	37	13	7	3	6	1	34
C11orf71	452	101	5706	131	21	37	219	164
RBM7	3319	462	37569	583	83	189	1829	955
REXO2	10043	852	112475	1835	186	484	4454	2237
NXPE1	0	1	0	4	0	2	0	3
NXPE4	0	0	0	0	0	0	0	0
NXPE2	0	1	3	1	0	0	0	0
CADM1	314	2482	3540	967	260	570	348	1716
BUD13	898	390	10238	267	63	102	568	396
ZPR1	2592	372	37323	517	61	167	1543	705
APOA5	2	0	40	0	0	0	0	1
APOA4	35	120	439	57	12	26	25	85
APOC3	28	63	364	28	8	12	17	52
APOA1	308	453	2172	251	54	118	189	360
SIK3	776	2884	8303	1987	456	692	386	2772
PAFAH1B2	4450	1414	49574	1258	251	462	2764	2025
SIDT2	173	122	1998	107	19	20	119	146
TAGLN	4208	493	102731	2169	130	301	2787	1440
PCSK7	1150	288	11947	274	44	78	535	285
RNF214	1666	881	19710	567	127	219	1157	858
BACE1	93	210	1968	138	36	49	67	197
CEP164	697	444	9033	229	57	91	382	358
DSCAML1	33	77	119	38	7	23	9	85
FXYD2	36	34	72	6	3	2	7	22
FXYD6	395	1123	8734	384	125	304	261	783
TMPRSS13	17	4	34	34	0	2	34	12
IL10RA	3	0	48	1	0	0	0	1
SMIM35	0	1	0	0	0	0	0	2
TMPRSS4	17	1	60	23	9	10	0	13
SCN4B	6	3	118	2	0	4	5	7
SCN2B	1	4	25	1	1	1	1	3
JAML	3	0	101	3	0	0	3	3
MPZL3	12	14	358	33	0	4	15	15
MPZL2	15	2	440	11	1	8	12	4
CD3E	1	0	25	0	0	0	0	0
CD3D	6	0	195	1	0	0	3	1
CD3G	0	0	127	1	0	1	3	1
UBE4A	1067	629	11182	523	98	179	589	686
ATP5MG	20580	7407	232590	6049	1112	2036	12145	9254
KMT2A	1797	2327	20165	1470	295	601	1249	2383
TTC36	10	8	83	6	1	3	4	3
TMEM25	319	207	4661	99	31	54	213	145
IFT46	392	328	6018	172	31	79	303	270
ARCN1	2994	1215	34569	949	168	339	1692	1450
PHLDB1	421	310	5550	162	22	57	304	247
TREH	1	3	23	2	0	0	1	4
DDX6	5581	2391	65147	2057	442	781	3622	3024
CXCR5	6	3	29	6	0	2	3	3
BCL9L	996	120	13730	235	25	52	418	277
UPK2	17	37	242	25	3	7	23	29
FOXR1	22	1	289	1	0	3	12	3
CCDC84	1090	435	9871	432	91	156	510	559
RPS25	98027	31933	1059142	25552	4947	9665	62338	44057
TRAPPC4	4988	1162	57655	1097	150	281	2386	1248
SLC37A4	1057	415	16775	234	66	109	703	494
HYOU1	1699	369	20864	293	49	131	900	564
VPS11	310	152	4005	99	19	39	174	150
HMBS	2355	508	33399	476	126	188	1456	925
H2AFX	4045	2315	49792	907	187	521	2281	2097
DPAGT1	1466	283	17592	252	51	94	790	430
C2CD2L	91	31	1171	17	2	6	41	35
HINFP	647	196	8609	184	38	67	333	241
ABCG4	6	6	265	1	0	2	3	6
NLRX1	93	120	1890	77	17	28	80	102
PDZD3	1	1	4	1	0	0	0	3
CCDC153	93	57	1919	52	7	16	101	53
CBL	2067	1062	25052	981	189	363	1203	1460
MCAM	1296	97	9751	125	31	37	334	200
RNF26	1511	368	21748	278	55	107	848	476
MFRP	0	1	0	0	0	0	0	0
C1QTNF5	0	0	0	1	0	0	0	0
USP2	132	52	1360	36	11	12	68	43
THY1	8713	549	148744	1501	250	509	7391	3827
NECTIN1	1005	309	15061	251	51	96	507	456
TRIM29	1	1	6	2	0	7	0	1
OAF	36	218	404	27	5	16	25	91
POU2F3	264	6	590	29	2	7	74	46
TLCD5	390	298	6519	145	34	74	329	239
ARHGEF12	804	1431	8285	715	180	328	475	1250
GRIK4	24	164	370	132	31	58	13	193
TBCEL	181	499	2464	301	82	135	108	499
TECTA	7	20	115	13	8	4	8	28
SC5D	2588	851	27764	700	181	231	1787	1145
SORL1	1376	267	14282	401	81	128	903	1024
BLID	0	1	3	1	0	0	0	2
UBASH3B	223	167	2676	273	42	110	90	378
CRTAM	1	0	11	0	0	0	0	3
JHY	54	107	418	66	11	29	17	63
BSX	1	2	0	1	0	0	0	1
HSPA8	67721	7899	980572	9858	1463	3202	37130	15366
CLMP	467	645	6514	820	112	186	419	1134
GRAMD1B	103	606	2870	315	50	135	95	438
SCN3B	39	6	652	7	0	5	17	11
ZNF202	389	97	6323	130	31	45	258	209
OR6X1	0	0	0	0	0	0	0	0
OR6M1	0	0	0	0	0	0	0	0
TMEM225	0	0	0	0	0	0	0	0
OR8D4	3	2	31	4	0	0	2	4
OR4D5	0	0	0	0	0	0	0	0
OR6T1	0	0	0	0	0	0	0	0
OR10S1	0	0	0	0	0	0	0	0
OR10G6	0	0	0	0	0	0	0	0
OR10G4	0	0	1	0	0	0	0	0
OR10G9	0	0	0	0	0	0	0	0
OR10G8	0	0	0	0	0	0	0	0
OR10G7	0	0	0	0	0	0	0	0
VWA5A	307	108	3309	88	19	31	131	123
OR10D3	0	0	2	0	0	0	0	1
OR8G1	0	0	3	0	0	0	0	0
OR8G5	1	0	13	0	0	0	0	0
OR8D1	0	0	0	0	0	0	0	1
OR8D2	0	0	0	0	0	0	0	0
OR8B2	0	0	0	0	0	0	0	0
OR8B3	0	0	0	0	0	0	0	0
OR8B4	0	0	0	0	0	0	0	0
OR8B8	0	0	0	0	0	0	0	0
OR8B12	0	0	0	0	0	0	0	0
OR8A1	5	1	8	0	0	0	1	0
PANX3	1	0	3	0	0	0	0	0
TBRG1	1740	612	27677	453	92	176	922	810
SIAE	37	24	550	21	0	10	29	24
SPA17	269	682	2007	152	35	137	274	258
NRGN	10	35	364	13	4	20	24	33
VSIG2	0	1	48	1	0	2	2	0
ESAM	5	0	143	3	0	2	3	6
MSANTD2	423	787	5942	497	125	175	327	673
ROBO3	85	79	2985	57	14	24	106	69
ROBO4	1	2	7	0	0	2	0	1
HEPACAM	1	1	2	0	0	0	0	2
HEPN1	1	2	8	1	0	0	0	2
CCDC15	86	181	2194	73	17	30	47	136
SLC37A2	2	4	38	2	1	2	2	8
TMEM218	936	712	9264	339	83	154	617	529
PKNOX2	10	1749	193	611	169	278	22	951
FEZ1	632	1751	13207	871	279	456	1560	1538
EI24	9908	1610	113124	1575	234	533	5521	2274
STT3A	2344	466	27763	440	83	182	1285	743
CHEK1	4255	1688	41947	1321	248	570	2665	2110
ACRV1	2	40	22	7	1	4	2	27
PATE1	0	0	1	0	0	0	1	0
PATE2	8	1	46	0	0	0	13	1
PATE3	0	0	0	0	0	0	0	0
PATE4	0	1	0	1	0	0	0	1
HYLS1	1104	273	8940	189	31	80	560	329
PUS3	1056	239	13764	239	41	89	516	306
DDX25	983	49	21102	190	22	48	519	209
VSIG10L2	3	20	11	11	4	1	4	9
CDON	482	5002	2843	2005	460	792	153	2532
RPUSD4	1116	281	17936	242	38	101	633	374
FAM118B	1464	505	21646	439	74	162	804	661
SRPRA	1853	623	20345	351	85	169	1003	611
FOXRED1	1790	577	23812	503	92	153	798	681
TIRAP	101	92	1165	67	12	25	43	113
DCPS	2084	542	26538	531	93	184	1180	736
ST3GAL4	437	209	6287	181	37	63	261	252
KIRREL3	2	168	24	134	13	85	1	127
ETS1	751	56	15427	188	37	41	484	547
FLI1	5	2	281	8	3	1	1	35
KCNJ1	10	5	49	0	0	0	2	1
KCNJ5	0	0	9	0	1	0	0	2
C11orf45	9	6	81	2	1	0	3	8
TP53AIP1	1	1	6	1	0	0	0	3
ARHGAP32	392	2550	5070	1276	351	510	306	2071
BARX2	3	6	16	30	18	13	1	3
TMEM45B	1	0	63	2	2	2	3	5
NFRKB	589	484	6630	260	51	112	360	450
PRDM10	131	357	1461	237	51	92	92	362
APLP2	10962	3365	103226	2803	606	1082	7144	4660
ST14	643	17	5692	91	35	39	264	138
ZBTB44	2922	1060	33606	870	165	323	1844	1731
ADAMTS8	167	775	2461	215	161	192	109	265
ADAMTS15	12	272	305	51	29	38	5	80
SNX19	305	422	3687	167	32	55	156	230
NTM	73	621	1346	1053	98	245	129	1447
OPCML	7	283	205	733	41	197	9	1081
SPATA19	2	0	2	0	0	0	0	0
IGSF9B	364	45	4923	182	30	44	204	236
JAM3	387	1434	5662	478	137	266	386	1158
NCAPD3	2776	947	28142	659	162	185	1402	1076
VPS26B	921	267	10436	194	66	82	558	375
THYN1	4987	1493	102222	1014	210	488	3465	2202
ACAD8	1678	300	12926	205	45	95	968	553
GLB1L3	913	46	8424	308	136	82	450	687
GLB1L2	116	72	2239	29	7	13	55	49
B3GAT1	193	106	2519	68	9	26	155	138
TUBB8	1	63	65	27	6	37	3	79
ZMYND11	834	1434	7967	804	176	341	642	1212
DIP2C	328	2087	3076	988	273	453	187	1900
PRR26	3	19	47	7	4	5	3	10
LARP4B	1360	1121	15310	1089	204	327	668	1733
GTPBP4	8516	1355	83069	1655	225	468	4162	1980
IDI2	12	4	80	5	1	0	5	15
IDI1	5983	2543	44429	1676	353	528	3049	2268
WDR37	198	410	2785	332	65	100	140	403
ADARB2	5	577	71	320	116	250	4	648
PFKP	2765	252	30739	566	98	227	1272	674
PITRM1	599	174	5372	137	31	41	240	189
KLF6	2580	591	25463	1015	144	248	1110	727
AKR1E2	27	222	375	61	18	38	33	132
AKR1C1	12	37	472	11	4	13	11	18
AKR1C2	4	22	83	7	1	6	6	20
AKR1C3	43	27	2500	16	0	6	29	38
AKR1C8P	0	3	0	0	0	0	0	1
AKR1C4	0	0	5	0	0	0	0	0
UCN3	0	0	0	0	0	0	0	0
TUBAL3	0	0	5	0	0	0	0	0
NET1	2441	578	22763	582	74	177	1106	944
CALML5	41	0	85	1	0	1	3	4
CALML3	1	0	5	0	0	0	0	0
ASB13	177	170	1974	104	33	32	158	139
TASOR2	1870	1087	16531	1023	184	321	869	1427
GDI2	14138	3912	153466	3469	687	1299	8578	5294
ANKRD16	743	255	8406	252	59	108	417	383
FBH1	1073	568	13720	415	101	115	556	596
IL15RA	17	3	226	4	2	5	7	12
IL2RA	0	5	0	0	0	0	0	3
RBM17	8884	2318	105883	1953	430	766	4941	3610
PFKFB3	359	330	3822	304	91	133	405	531
PRKCQ	1133	155	2442	313	37	47	163	450
SFMBT2	544	447	2113	391	105	115	157	782
ITIH5	56	44	1440	32	4	30	8	64
ITIH2	1	7	8	3	0	4	0	8
KIN	2116	551	29553	645	99	220	1234	949
ATP5F1C	21515	3870	266984	4002	677	1195	10207	5873
TAF3	1384	1097	18296	820	156	306	715	1245
GATA3	47	81	409	293	18	96	46	32
CELF2	1524	1025	18645	1028	228	381	815	1725
USP6NL	617	1153	5410	794	146	278	429	1107
ECHDC3	758	236	6995	12	7	86	574	283
PROSER2	326	44	3618	108	12	28	189	154
UPF2	2098	993	22324	835	135	268	1141	1178
DHTKD1	2494	962	21498	689	158	202	1819	1095
SEC61A2	534	435	7225	212	56	91	312	328
NUDT5	9340	1990	105992	1826	353	633	5210	3371
CDC123	9958	1855	122678	1854	315	640	5564	3107
CAMK1D	285	1346	2827	491	185	275	162	1077
CCDC3	74	52	1318	176	9	27	32	48
OPTN	759	195	11195	335	37	93	329	208
MCM10	2334	812	21605	580	112	213	1246	859
UCMA	61	2	1553	10	1	3	57	12
PHYH	1149	471	23200	328	79	119	1018	515
SEPHS1	27749	1732	303034	3725	540	1363	15191	7584
BEND7	220	460	2988	177	55	96	137	353
PRPF18	742	477	7298	285	61	92	344	443
FRMD4A	223	2526	2337	1126	412	632	149	1928
FAM107B	1534	1152	11263	930	154	320	732	1007
CDNF	13	42	274	15	3	11	12	29
HSPA14	570	153	7047	112	17	41	300	205
HSPA14.1	2681	493	25709	544	78	200	1201	769
SUV39H2	1158	711	13257	454	98	167	818	658
DCLRE1C	973	641	7869	391	88	150	629	552
MEIG1	21	51	198	17	6	9	15	19
OLAH	12	3	317	0	1	0	5	3
ACBD7	126	132	2978	107	13	37	135	127
RPP38	2423	612	28339	562	102	194	1308	791
NMT2	376	466	5061	288	47	135	203	379
FAM171A1	572	1235	4578	726	163	274	426	1114
ITGA8	1	211	30	42	7	11	0	41
MINDY3	284	499	3723	275	52	103	182	418
PTER	223	196	2016	140	37	44	199	204
C1QL3	19	10	96	3	0	3	4	10
RSU1	1917	676	25083	910	179	292	1016	1089
CUBN	13	144	133	27	11	20	8	35
TRDMT1	471	863	6621	269	91	173	537	640
VIM	5522	28349	109342	9167	2394	5290	6040	15829
ST8SIA6	49	59	453	118	28	42	38	203
HACD1	1005	269	17104	335	55	86	514	337
STAM	1399	745	17798	573	98	219	731	878
TMEM236	8	4	28	1	0	0	1	5
MRC1	3	5	49	4	1	1	0	7
SLC39A12	7	2	77	1	0	0	4	5
CACNB2	166	420	1329	673	123	179	105	1068
NSUN6	520	858	6890	526	121	215	363	811
ARL5B	1706	730	16832	690	120	262	1049	921
MALRD1	27	266	233	63	26	46	8	152
PLXDC2	774	1456	10015	2184	407	756	521	2646
NEBL	140	2481	1257	1347	202	616	121	1875
C10orf113	1	4	2	3	1	0	0	3
SKIDA1	166	415	1072	147	37	74	180	316
MLLT10	2482	2904	26959	2001	442	755	1336	3384
DNAJC1	847	1588	12339	965	231	400	739	1193
EBLN1	0	0	2	0	0	0	0	0
COMMD3	166	540	2415	172	48	99	175	257
BMI1	122	434	1711	123	34	87	75	243
SPAG6	10	120	70	33	14	24	5	27
AL513128.2	2	5	15	0	1	0	2	2
PIP4K2A	1038	631	14323	530	134	166	480	1298
ARMC3	16	416	153	54	21	42	5	116
MSRB2	2024	1606	30781	1255	204	469	1671	1842
PTF1A	7	2	19	0	5	0	2	1
C10orf67	2	48	40	11	8	7	2	33
OTUD1	339	78	3608	83	17	39	251	109
KIAA1217	990	1958	5923	2084	366	789	349	2513
ARHGAP21	910	2064	5827	839	237	410	443	1422
PRTFDC1	611	493	6836	272	79	172	358	403
ENKUR	20	180	137	57	21	43	9	48
THNSL1	247	181	2397	101	10	48	239	108
GPR158	5	36	74	36	2	19	2	43
MYO3A	156	596	2247	272	89	87	102	723
GAD2	827	23	12663	58	33	8	384	182
APBB1IP	1	4	57	9	2	1	1	2
PDSS1	947	284	9061	304	37	96	482	371
ABI1	1144	696	13935	664	102	198	665	881
ANKRD26	1160	1509	10982	576	149	252	701	1137
YME1L1	3115	1778	36959	1240	222	499	2078	2038
MASTL	1370	605	13784	357	85	142	713	685
ACBD5	1027	493	12537	316	84	116	725	421
RAB18	3614	968	35801	819	175	260	1548	1220
MKX	16	7	57	6	3	4	8	11
ARMC4	27	317	334	167	35	57	48	293
MPP7	248	269	3019	265	74	105	171	317
WAC	4554	2825	46746	2320	423	845	2730	3229
BAMBI	1431	795	11589	1066	140	225	1164	596
LYZL1	0	3	1	0	0	1	0	0
SVIL	822	1825	5440	1272	306	583	371	2062
JCAD	30	61	165	60	11	24	37	37
MTPAP	1382	352	13907	289	40	99	818	501
MAP3K8	205	689	2099	293	100	123	141	393
LYZL2	0	0	0	0	0	0	0	0
ZNF438	23	526	476	147	46	78	21	281
ZEB1	48	2730	405	664	213	333	44	1237
ARHGAP12	1146	1183	12269	980	203	296	740	1374
KIF5B	7260	3696	100901	2435	453	1009	5018	4169
EPC1	1883	2162	19979	1451	273	521	1173	1859
CCDC7	38	371	587	136	46	61	19	203
ITGB1	5431	2793	52419	2701	604	956	3048	4638
NRP1	26	375	1356	136	17	56	28	144
PARD3	1895	6273	22334	3839	907	1568	1198	6488
CUL2	1876	801	21144	620	143	243	1172	1096
CREM	1858	1008	18664	711	181	262	796	935
CCNY	2366	1888	33140	1421	283	561	1603	2360
GJD4	0	0	4	0	0	1	1	0
FZD8	290	44	3195	57	15	23	96	125
ANKRD30A	1	1	0	2	0	1	0	0
MTRNR2L7	0	0	0	0	0	0	0	0
ZNF248	279	255	135	250	81	10	129	346
ZNF25	27	75	198	24	7	10	15	39
ZNF33A	1396	937	10492	816	185	341	791	1148
ZNF37A	857	305	3351	217	6	93	258	371
IGKV1OR10-1	0	0	0	0	0	0	0	0
ZNF33B	720	557	7867	501	103	215	471	637
BMS1	4713	1047	50242	1090	180	369	2522	1453
RET	150	10	2604	51	5	14	61	96
CSGALNACT2	305	408	3651	206	61	60	194	331
RASGEF1A	1015	51	10598	131	21	37	519	215
FXYD4	20	2	125	1	1	2	6	0
HNRNPF	24079	3521	220596	3892	649	1247	11490	5782
ZNF487	116	215	1549	86	22	46	47	133
ZNF239	427	142	3317	119	17	20	194	155
ZNF485	465	86	3834	94	18	28	192	127
ZNF32	1675	656	16263	529	110	163	1069	829
C10orf142	2	5	43	4	1	0	4	3
CXCL12	2090	116	31540	437	62	115	1280	591
TMEM72	0	1	2	1	0	0	0	0
RASSF4	625	179	5875	107	35	39	302	308
DEPP1	23	13	217	20	6	3	12	6
ZNF22	4870	2627	51386	1578	315	606	2786	2756
OR13A1	0	0	0	2	0	0	0	4
ALOX5	3	11	21	25	10	8	1	35
MARCH8	80	352	1016	208	73	89	61	407
ZFAND4	200	305	2395	180	34	48	106	253
WASHC2C	1055	238	15963	259	39	79	627	501
AGAP4	15	76	304	63	13	27	20	121
TIMM23	2054	842	24978	724	139	270	1266	1088
NCOA4	2794	568	25904	678	151	213	1849	1158
MSMB	0	1	5	0	0	0	0	0
ANTXRL	0	0	0	0	0	0	0	0
ANXA8L1	0	0	1	0	0	1	1	0
NPY4R	0	0	0	0	0	0	0	0
GPRIN2	122	25	2294	48	3	19	89	33
SYT15	0	3	8	5	0	2	0	2
PTPN20	21	0	30	1	0	1	2	1
GDF10	17	131	131	70	16	18	15	91
GDF2	0	0	0	0	0	0	0	0
RBP3	0	0	2	0	0	0	0	0
ZNF488	124	11	1124	18	8	0	72	45
ANXA8	0	57	23	10	0	4	1	12
FAM25G	0	1	0	0	0	0	0	2
AGAP9	44	61	653	29	11	15	25	36
FO681492.1	0	2	0	1	0	2	0	1
NPY4R2	0	0	0	0	0	0	0	0
FAM25C	0	0	0	0	0	0	0	0
FRMPD2	2	30	22	11	0	5	0	23
MAPK8	1094	3450	12999	1846	376	753	676	3125
ARHGAP22	354	58	5256	152	10	40	175	125
WDFY4	0	4	1	4	4	3	0	5
LRRC18	0	0	4	1	0	0	0	0
VSTM4	9	81	122	27	5	10	7	44
FAM170B	0	0	0	0	0	0	0	0
TMEM273	0	4	9	0	0	1	0	1
C10orf71	0	2	0	1	0	1	0	3
DRGX	1	1	10	1	0	0	1	2
ERCC6	371	258	4220	200	40	65	233	246
CHAT	0	0	0	1	0	0	0	2
SLC18A3	0	0	16	0	0	0	2	1
C10orf53	3	3	34	3	0	2	1	0
OGDHL	431	12	7290	43	12	21	182	94
PARG	1209	882	13670	789	120	243	660	1183
TIMM23B	244	78	2528	68	17	28	105	148
AGAP6	151	0	1807	0	0	0	64	0
WASHC2A	1088	250	17390	282	34	78	557	346
ASAH2	7	6	75	3	0	1	3	5
SGMS1	607	834	9060	810	139	234	486	1358
ASAH2B	136	99	1750	72	11	24	110	78
A1CF	0	4	4	5	1	1	1	3
PRKG1	353	4235	3676	2134	704	1290	311	3066
CSTF2T	963	264	13245	322	47	102	606	372
DKK1	31	317	287	192	19	30	17	245
MBL2	0	0	0	0	0	0	0	0
PCDH15	564	221	412	295	33	176	59	1585
MTRNR2L5	0	1	10	0	0	0	1	0
ZWINT	4963	1054	51004	872	133	340	2556	1404
IPMK	935	384	6529	340	103	103	446	725
CISD1	7789	1413	84108	1367	289	418	4152	1901
UBE2D1	2997	951	33117	898	154	268	1805	1283
TFAM	6021	1560	76821	1466	232	529	3054	2211
BICC1	29	214	787	175	36	82	22	182
PHYHIPL	14	171	129	25	32	43	8	76
FAM13C	7	123	94	57	18	19	10	67
SLC16A9	171	503	2054	231	38	145	241	258
MRLN	1	3	23	0	0	1	1	4
CCDC6	1864	1041	22618	1025	199	329	1338	1347
ANK3	907	1490	15792	1568	358	561	675	2303
CDK1	8340	2321	99093	1526	270	586	5216	2641
RHOBTB1	105	495	1028	190	62	98	102	292
TMEM26	1	6	27	2	0	5	3	7
CABCOCO1	11	39	64	11	9	16	1	20
ARID5B	85	615	1064	230	74	135	37	222
RTKN2	1528	1082	13413	600	118	280	1011	1033
ZNF365	5	10	88	3	2	4	5	1
AC067752.1	0	0	0	0	0	0	0	0
ADO	1175	177	13175	219	33	76	621	343
EGR2	57	50	610	83	16	23	53	25
NRBF2	2593	584	33400	723	112	250	1171	978
JMJD1C	6293	6894	79371	5961	1215	2022	3739	8606
REEP3	2037	1679	21733	1119	214	454	1208	1670
CTNNA3	26	1093	222	1037	182	338	21	961
LRRTM3	36	114	145	74	28	38	34	135
DNAJC12	47	110	1106	57	10	14	66	69
SIRT1	2943	574	26304	801	199	296	1362	1476
HERC4	1777	1467	21699	1252	269	466	905	1905
MYPN	0	1	12	1	0	0	0	5
ATOH7	7	8	201	8	0	1	15	1
PBLD	52	151	725	71	13	26	34	106
HNRNPH3	15770	5847	228968	4165	824	1578	9918	6382
RUFY2	563	782	4789	372	83	174	347	563
DNA2	1373	847	12755	552	143	263	800	912
SLC25A16	1038	325	11594	347	81	100	349	437
TET1	9228	2484	74245	2667	662	899	5338	4652
CCAR1	7286	2358	105512	1911	362	671	4746	2933
STOX1	73	363	1187	159	38	60	83	194
DDX50	2169	1629	26494	986	211	336	1599	1362
DDX21	17951	1471	185396	2130	397	624	8455	3732
KIF1BP	2364	587	27187	544	94	186	973	892
SRGN	0	4	13	2	0	0	0	3
VPS26A	2845	1252	36661	872	182	344	1628	1413
SUPV3L1	1213	337	13854	342	69	113	662	538
HKDC1	2	11	71	5	1	2	1	4
HK1	4178	572	53468	821	141	321	2278	1672
TACR2	1	0	51	1	1	1	1	5
TSPAN15	67	171	1165	144	26	59	167	104
NEUROG3	2	0	38	1	1	1	3	5
FAM241B	729	306	11836	208	47	79	588	361
COL13A1	130	105	544	169	27	29	101	196
H2AFY2	1226	2876	6578	1018	279	567	1498	2486
AIFM2	519	38	5543	77	8	23	177	104
TYSND1	647	161	8372	145	22	54	396	265
SAR1A	4069	1182	41980	1051	157	380	2371	1706
PPA1	19148	3784	160188	3337	602	1047	10605	4556
NPFFR1	1	5	7	2	0	0	0	2
LRRC20	312	191	4112	146	35	48	182	217
EIF4EBP2	3581	1364	34266	1156	226	446	2381	1902
NODAL	11673	112	73662	919	289	189	3485	2317
PALD1	533	147	5716	167	30	58	244	320
PRF1	4	0	37	0	0	1	0	1
ADAMTS14	27	8	575	20	4	8	6	50
TBATA	0	1	2	0	0	0	1	0
SGPL1	709	550	7459	380	87	146	442	545
PCBD1	2489	911	51293	864	143	387	1933	1375
UNC5B	2029	108	13077	325	71	53	658	561
SLC29A3	166	99	3522	86	18	38	229	159
CDH23	69	89	715	71	21	27	66	126
C10orf105	2	0	7	2	0	0	2	1
VSIR	6	1	81	1	0	1	4	1
PSAP	7076	2142	119040	1534	382	740	4054	2986
CHST3	67	146	1164	44	15	35	54	87
SPOCK2	53	40	770	8	6	9	21	32
ASCC1	1368	671	16667	444	93	187	766	786
ANAPC16	6480	3130	94102	2442	430	984	4994	3210
DDIT4	4880	1542	73702	1568	374	1058	5359	3044
DNAJB12	1108	437	13224	321	55	104	646	446
MICU1	1736	1548	24677	1157	253	380	1050	1711
MCU	1293	1211	17158	1187	265	414	682	1993
OIT3	0	2	4	2	1	2	0	25
PLA2G12B	3	7	33	4	0	0	0	5
P4HA1	2743	1700	37093	1343	457	634	2818	2551
NUDT13	38	72	1323	50	7	18	77	97
ECD	1317	586	17041	504	103	158	661	705
FAM149B1	207	533	3027	266	52	120	167	385
DNAJC9	2766	1811	32538	846	197	388	1613	1690
MRPS16	11904	1900	114433	1758	292	714	4838	2598
CFAP70	18	72	441	35	8	8	6	58
ANXA7	6060	856	66457	1010	184	306	2650	1342
MSS51	39	47	439	28	8	7	24	72
PPP3CB	1505	1107	16383	750	164	304	891	1150
USP54	409	1486	6550	789	212	285	265	1275
MYOZ1	228	35	8358	61	15	43	179	116
SYNPO2L	7	23	155	2	1	3	2	9
AGAP5	27	43	716	23	2	9	13	35
SEC24C	633	257	7964	177	17	58	305	267
FUT11	258	184	5038	111	19	69	341	232
CHCHD1	8340	2054	103851	1738	292	575	5037	2537
ZSWIM8	225	160	3902	86	18	46	98	148
NDST2	38	84	365	47	16	24	20	91
CAMK2G	810	483	9497	449	80	155	423	635
PLAU	467	45	4581	79	9	31	171	132
C10orf55	4	4	50	1	0	0	3	2
VCL	5021	2914	50163	3507	643	1042	2431	2768
AP3M1	919	705	9944	421	93	155	602	625
ADK	1672	3169	20040	2284	481	865	1344	3723
KAT6B	2564	1610	24967	1220	275	464	1224	1787
DUPD1	0	0	0	0	0	0	0	0
DUSP13	29	2	607	14	1	2	27	22
SAMD8	592	471	5843	322	70	97	311	550
VDAC2	13053	3953	175409	4526	856	1508	7861	7605
COMTD1	3241	117	43692	427	53	115	1001	614
ZNF503	132	783	975	218	57	112	56	283
LRMDA	13	200	336	270	22	57	17	174
KCNMA1	177	83	2899	518	31	127	39	179
DLG5	69	532	672	495	128	172	35	756
POLR3A	1531	439	18817	399	68	147	780	615
RPS24	234735	58071	2572980	47520	9609	17062	131154	78630
ZMIZ1	1002	910	8446	530	125	213	527	1144
PPIF	3921	640	39647	570	102	174	1844	1000
ZCCHC24	136	105	2118	89	12	38	92	118
EIF5AL1	437	49	5733	79	6	22	270	105
SFTPA2	0	0	2	0	0	0	0	0
SFTPA1	0	0	0	0	0	0	0	0
NUTM2B	0	1	0	0	0	0	0	1
NUTM2E	0	0	7	0	0	0	0	1
SFTPD	68	3	754	19	0	8	18	20
TMEM254	778	446	8083	259	65	95	598	441
PLAC9	123	32	2093	89	13	8	134	83
ANXA11	2603	187	30151	531	99	109	1269	558
MAT1A	7	1	470	6	1	0	9	3
DYDC1	12	3	184	6	2	2	7	8
DYDC2	116	103	827	39	11	15	109	87
PRXL2A	3502	3560	30057	1929	478	712	2774	2935
TSPAN14	908	753	9348	514	112	213	788	795
SH2D4B	1	10	23	6	4	4	0	4
NRG3	78	7864	1297	4278	1223	1639	24	7862
GHITM	11003	1922	133966	1643	282	537	5094	2792
C10orf99	1	0	2	0	0	0	1	0
CDHR1	85	6	457	20	5	5	30	24
LRIT2	0	0	0	0	0	0	0	0
RGR	3	3	5	1	0	1	1	1
LRIT1	0	0	2	2	0	0	0	0
CCSER2	934	1431	10774	957	227	373	485	1498
GRID1	0	61	21	35	20	16	2	45
WAPL	2998	1203	33963	1043	214	393	1554	1585
OPN4	0	0	0	1	0	1	0	0
LDB3	23	17	164	11	2	2	15	26
BMPR1A	2184	3258	22439	3654	873	1037	1445	6426
MMRN2	22	8	211	7	3	0	17	35
SNCG	502	108	11669	247	16	46	363	733
ADIRF	22	24	184	7	1	0	12	19
FAM25A	1	0	2	0	0	0	0	1
GLUD1	2219	1196	24688	719	193	288	1341	1371
SHLD2	426	820	4513	703	146	233	273	1011
NUTM2A	0	0	3	1	0	0	0	0
NUTM2D	0	3	2	2	1	0	0	3
MINPP1	990	374	15210	307	40	152	723	589
PAPSS2	641	93	5778	323	36	71	385	516
ATAD1	2228	958	24378	713	157	268	1249	1026
KLLN	12	19	218	10	1	6	3	8
PTEN	1313	1735	16751	1398	272	551	831	2226
RNLS	181	456	4400	280	51	115	171	380
LIPJ	1	2	4	0	0	1	0	1
LIPF	0	0	1	0	0	0	0	1
LIPK	0	1	0	0	0	0	0	0
LIPN	1	0	4	0	0	0	1	0
LIPM	0	0	0	0	0	0	0	0
ANKRD22	3	0	12	1	0	2	0	0
STAMBPL1	53	63	1744	45	7	13	72	32
ACTA2	15	424	681	199	17	101	17	268
FAS	77	104	1341	36	2	13	15	33
CH25H	13	2	631	1	0	1	2	1
LIPA	141	757	10598	266	102	155	333	413
IFIT2	2	27	60	14	1	2	2	20
IFIT3	51	52	1233	29	7	8	15	27
IFIT1B	0	5	0	3	1	4	0	4
IFIT1	89	460	1527	195	106	155	53	194
IFIT5	121	246	1569	77	23	31	80	114
SLC16A12	125	22	424	61	43	8	132	280
PANK1	894	559	9334	413	87	161	590	731
KIF20B	7751	2101	73485	1697	322	632	4478	2926
HTR7	23	25	390	51	11	2	23	141
RPP30	4252	1170	62510	1083	205	379	2617	1584
ANKRD1	8	30	63	137	2	11	8	14
PCGF5	235	334	4953	227	76	96	209	186
HECTD2	190	1928	1328	617	148	194	165	1212
PPP1R3C	34	63	748	31	3	14	52	46
TNKS2	2224	1234	24905	999	194	317	1394	1368
FGFBP3	515	5811	8086	1204	272	691	654	2639
BTAF1	450	1075	5489	672	134	231	331	795
CPEB3	55	228	714	142	39	50	40	228
MARCH5	1466	1223	15495	754	154	284	867	1085
IDE	1015	792	10425	564	113	187	513	849
KIF11	2714	1586	29988	907	156	372	1670	1597
HHEX	180	29	1329	44	22	14	207	141
EXOC6	272	1578	2284	504	161	273	169	834
CYP26C1	3	70	27	19	1	55	1	25
CYP26A1	112	82	1091	478	28	81	511	511
MYOF	66	155	585	160	28	86	27	76
CEP55	913	591	10394	404	82	123	521	551
FFAR4	2	11	19	1	1	2	6	4
RBP4	70	66	557	34	12	14	48	46
PDE6C	0	14	0	3	0	1	0	18
FRA10AC1	1932	901	23796	624	150	234	1365	1091
LGI1	37	509	318	163	69	109	25	284
SLC35G1	152	457	1324	163	39	84	194	284
PLCE1	199	212	1637	167	26	56	105	144
NOC3L	3487	908	36073	764	119	236	1960	1179
TBC1D12	133	270	1961	152	30	62	79	188
HELLS	16565	3390	199324	2901	694	1294	10411	6495
CYP2C18	0	3	28	17	0	2	0	8
CYP2C19	1	0	4	2	0	1	1	4
CYP2C9	0	0	1	1	0	0	0	1
CYP2C8	9	14	101	8	0	1	9	20
ACSM6	11	111	112	44	9	24	8	77
PDLIM1	16265	499	153064	2279	360	599	6633	3713
SORBS1	761	380	7207	623	126	129	319	885
ALDH18A1	1705	595	18879	456	88	159	1009	726
TCTN3	1021	724	12129	407	95	160	648	536
ENTPD1	72	37	1130	76	14	12	56	68
CC2D2B	10	31	320	19	7	11	15	15
CCNJ	352	448	4257	254	56	135	285	444
ZNF518A	2002	1777	23955	1050	229	447	1214	1881
BLNK	0	10	6	4	1	5	0	5
DNTT	26	1	109	1	1	0	7	4
OPALIN	0	5	1	0	0	0	0	0
TLL2	179	119	808	72	62	47	107	411
TM9SF3	5036	1951	55831	1693	330	650	3062	2638
PIK3AP1	184	21	1331	40	17	7	50	120
LCOR	1083	2060	8743	1208	259	461	728	1937
SLIT1	18	513	276	199	67	147	19	321
ARHGAP19	458	753	4416	479	111	182	262	841
FRAT1	538	23	5732	61	20	15	192	78
FRAT2	8468	190	85684	912	120	239	2932	964
RRP12	900	237	12684	199	31	69	457	315
PGAM1	7145	2703	106237	4215	793	1679	4111	8080
EXOSC1	4558	1023	51833	954	146	324	2593	1213
ZDHHC16	1761	401	25041	361	70	120	953	472
MMS19	1279	584	17132	457	89	151	716	741
UBTD1	768	163	11213	192	35	49	325	357
ANKRD2	10	0	54	3	0	0	2	2
HOGA1	0	16	46	9	3	6	3	19
C10orf62	0	1	1	0	0	0	0	0
MORN4	229	673	7802	175	34	99	432	270
PI4K2A	377	185	5414	172	37	67	206	263
AVPI1	387	55	5349	83	16	25	240	107
MARVELD1	487	234	7843	102	19	50	410	222
ZFYVE27	417	243	5813	221	47	78	189	278
SFRP5	132	7	2210	16	2	4	46	30
GOLGA7B	3	2	30	1	0	1	2	1
CRTAC1	19	12	195	23	0	10	7	48
R3HCC1L	467	726	5016	458	91	142	295	687
LOXL4	5	6	123	3	0	1	1	6
PYROXD2	21	145	351	57	4	23	38	83
HPS1	2080	420	29166	428	77	179	1405	618
HPSE2	6	78	66	102	9	79	2	121
CNNM1	43	11	258	12	4	5	47	20
GOT1	2695	836	41603	658	95	188	1538	1047
NKX2-3	1	4	6	4	0	0	0	0
SLC25A28	366	157	6222	95	27	43	241	164
ENTPD7	216	168	2807	149	23	47	114	155
CUTC	2503	678	23399	521	77	166	1191	716
COX15	1136	604	14733	389	75	150	721	551
ABCC2	39	18	579	19	1	15	23	20
DNMBP	622	406	7573	411	74	128	442	524
CPN1	26	6	401	2	0	0	12	14
ERLIN1	761	388	9439	252	67	96	533	419
CHUK	471	309	5063	190	43	74	225	275
CWF19L1	523	375	3817	269	63	106	301	367
BLOC1S2	5024	1003	61490	911	139	420	2060	1401
PKD2L1	4	3	21	0	1	0	0	1
SCD	4715	2183	55640	1385	344	596	3183	2375
WNT8B	14	885	139	45	25	54	4	245
SEC31B	46	214	695	49	17	26	29	174
NDUFB8	13500	5045	153632	4052	775	1435	7235	5997
HIF1AN	929	389	11889	289	49	125	483	392
PAX2	85	345	36	60	6	10	25	138
SLF2	637	655	7526	349	74	141	435	538
MRPL43	5763	1320	72558	1099	236	395	2789	1808
SEMA4G	60	67	581	33	10	10	36	43
TWNK	480	78	6406	84	20	34	255	144
LZTS2	1034	376	13707	272	50	104	533	389
PDZD7	67	19	351	19	4	6	24	21
SFXN3	29	7	308	11	1	2	9	5
KAZALD1	22	89	164	12	6	13	14	39
TLX1	0	6	11	0	0	1	2	3
LBX1	27	1	7	1	0	0	2	3
BTRC	614	1178	6383	752	196	296	376	1056
DPCD	1795	1126	18889	582	136	276	1161	1044
POLL	661	177	8597	153	37	54	411	237
FBXW4	582	401	9363	402	64	124	463	557
FGF8	1560	658	5337	230	80	59	597	447
NPM3	8965	1041	79926	1164	222	358	4736	2373
OGA	2916	1862	26589	1363	278	552	1897	2151
KCNIP2	31	26	481	10	3	6	20	28
ARMH3	374	706	5368	504	111	184	198	814
HPS6	446	66	8073	86	19	26	198	122
LDB1	883	253	10183	211	40	93	408	384
PPRC1	1674	241	19191	355	74	103	785	530
NOLC1	6324	897	65261	1234	187	386	2933	1739
ELOVL3	4	0	57	1	0	0	1	3
PITX3	2	2	44	1	1	0	0	2
GBF1	576	950	7053	591	116	191	297	867
NFKB2	380	62	5865	77	13	29	214	91
PSD	82	65	1953	51	15	15	50	50
FBXL15	1417	377	26202	299	58	128	810	477
CUEDC2	1918	1661	32895	839	220	407	1631	1396
C10orf95	149	11	1546	13	5	6	64	22
MFSD13A	504	64	5850	51	15	17	218	140
ACTR1A	1131	667	19101	402	66	169	631	728
SUFU	75	448	1719	246	48	84	66	389
TRIM8	648	495	7764	222	61	113	395	385
ARL3	4588	3234	66395	1906	392	740	2946	2768
SFXN2	228	357	3454	182	43	60	219	196
WBP1L	452	222	6696	186	45	72	245	312
CYP17A1	0	0	4	0	0	0	0	1
BORCS7	937	1093	11809	354	107	187	610	622
AS3MT	1	477	66	208	36	109	5	345
CNNM2	407	528	6852	382	98	175	240	729
NT5C2	870	991	10656	829	176	260	519	1240
RPEL1	5	0	65	0	0	0	5	0
INA	1112	66	6123	104	39	44	532	250
PCGF6	1567	596	12732	457	86	141	783	698
TAF5	920	228	12293	220	41	58	553	296
ATP5MD	25463	3783	275938	3974	679	1195	12707	5369
PDCD11	3180	565	34774	565	107	161	1801	851
CALHM2	11	11	137	20	1	6	15	5
CALHM1	4	0	45	5	1	0	0	1
CALHM3	9	0	67	2	0	0	4	2
NEURL1	249	30	2829	19	12	12	166	31
SH3PXD2A	438	352	2204	308	77	80	268	454
STN1	606	306	7917	185	42	84	325	295
SLK	1999	914	19318	617	137	207	917	892
COL17A1	8	4	238	6	2	26	10	13
SFR1	789	369	8147	226	56	90	594	350
CFAP43	12	344	195	67	19	62	8	117
GSTO1	11462	1719	138712	3241	503	683	7277	3319
GSTO2	1905	268	18413	296	68	214	1735	969
ITPRIP	109	119	1590	113	20	40	75	95
CFAP58	8	13	59	11	6	6	9	34
SORCS3	39	490	452	242	69	123	10	388
SORCS1	22	370	460	209	49	133	30	420
XPNPEP1	765	377	13554	307	67	129	474	433
ADD3	2444	1886	27988	1086	273	614	1468	1890
MXI1	795	988	7916	681	182	245	769	851
SMNDC1	3410	788	31694	830	157	287	1741	1219
DUSP5	3076	113	20900	396	69	61	1077	538
SMC3	14752	4286	160687	3400	655	1191	8130	5121
RBM20	15	137	506	40	24	55	12	70
PDCD4	1196	1330	13549	689	123	337	788	908
BBIP1	1214	841	17128	430	104	192	761	683
SHOC2	871	851	10412	526	131	192	541	778
ADRA2A	340	15	5839	51	4	8	78	34
GPAM	395	239	4664	131	33	54	284	239
TECTB	0	0	1	1	0	1	0	0
ACSL5	1	3	13	3	2	1	1	15
ZDHHC6	861	335	10907	289	41	107	529	312
VTI1A	567	1715	8017	1384	291	487	340	2196
TCF7L2	2950	2491	51086	2916	364	1040	2114	3982
HABP2	0	1	4	1	0	0	0	1
NRAP	0	10	16	1	1	1	0	4
CASP7	188	195	2484	91	16	37	126	139
PLEKHS1	1	3	0	1	0	0	0	1
DCLRE1A	301	166	3181	115	21	32	194	170
NHLRC2	960	1219	10489	636	166	281	607	1049
ADRB1	7	0	120	1	0	1	6	4
CCDC186	1700	500	17859	492	88	196	961	826
TDRD1	209	6	875	31	10	5	100	47
VWA2	35	8	290	28	4	14	25	27
AFAP1L2	57	62	794	71	8	12	15	44
ABLIM1	709	882	6371	491	101	222	571	858
FAM160B1	283	412	3069	202	43	73	166	322
TRUB1	827	334	9386	222	54	118	425	477
ATRNL1	397	1720	3944	867	362	364	293	1909
GFRA1	17	81	459	82	14	32	10	121
CCDC172	172	13	5618	73	4	33	211	133
PNLIPRP3	0	3	1	0	1	0	0	1
PNLIP	0	0	15	1	0	0	0	0
PNLIPRP1	0	1	5	0	0	1	0	2
C10orf82	350	64	4262	180	9	30	315	151
HSPA12A	158	202	1856	164	28	68	112	204
ENO4	17	159	240	63	16	22	23	76
SHTN1	691	608	6384	548	112	189	471	496
VAX1	3	90	57	5	4	12	4	75
KCNK18	0	0	0	0	0	0	0	0
SLC18A2	88	35	969	34	7	12	42	49
PDZD8	1091	833	14101	567	131	191	772	946
EMX2	123	240	1207	97	35	69	54	172
RAB11FIP2	907	607	10476	421	87	177	493	664
FAM204A	2429	1534	29939	809	190	358	1536	1192
PRLHR	7	0	67	2	0	0	1	0
CACUL1	2709	1170	34707	950	187	311	1544	1527
NANOS1	269	65	3529	56	6	26	156	89
EIF3A	24637	4857	290426	5802	960	1966	15317	8846
DENND10	2838	949	34160	1048	169	361	1552	1662
SFXN4	1621	388	20001	381	61	93	766	401
PRDX3	16386	2875	185308	2290	466	939	8347	4079
GRK5	24	301	560	144	23	58	18	237
RGS10	2856	154	22305	233	105	117	1011	658
TIAL1	4515	1302	49227	1096	235	427	2476	1748
BAG3	519	166	5436	178	27	42	177	210
INPP5F	2239	603	35929	1211	124	380	1477	1256
MCMBP	2173	789	24498	589	125	221	1073	1001
SEC23IP	1580	559	18939	525	116	173	932	708
PLPP4	13	16	90	46	6	6	16	35
WDR11	1159	677	13719	476	122	175	648	669
FGFR2	1392	1656	17632	1487	354	556	879	1796
ATE1	1129	1943	12684	1055	235	405	591	1608
NSMCE4A	3123	1273	38014	894	183	310	2220	1408
TACC2	830	972	11784	515	108	215	477	813
BTBD16	0	3	7	4	0	7	8	14
PLEKHA1	2156	539	18093	583	144	165	1275	1023
ARMS2	0	0	3	0	0	0	0	1
HTRA1	278	537	3711	240	95	125	328	444
DMBT1	0	0	5	0	0	0	0	0
AL603764.2	0	0	1	0	0	0	0	0
C10orf120	0	0	2	0	0	0	0	0
CUZD1	1	5	3	14	3	5	1	34
FAM24B	126	19	1135	11	13	9	45	192
FAM24A	1	0	0	0	0	0	0	0
C10orf88	237	279	2366	168	29	47	218	254
PSTK	387	348	5186	179	50	69	340	277
IKZF5	281	168	3565	118	24	38	167	180
ACADSB	201	256	4227	184	56	52	188	342
HMX3	1	2	28	0	0	0	3	2
HMX2	23	3	511	6	1	5	51	16
BUB3	7567	2437	100482	1715	307	728	4973	3333
GPR26	2	0	46	0	0	1	0	0
CPXM2	52	18	520	136	7	40	47	44
CHST15	290	156	2513	195	33	48	93	215
OAT	6600	361	56089	922	161	267	2264	1405
NKX1-2	1838	76	9080	308	42	98	1017	385
LHPP	748	396	9566	469	75	139	689	597
FAM53B	187	246	1644	163	61	61	117	343
EEF1AKMT2	2503	1292	22535	829	174	330	1424	1282
ABRAXAS2	1435	450	15075	398	80	152	748	569
ZRANB1	1274	521	14908	404	99	170	682	666
CTBP2	9923	3303	101364	4315	746	1193	5040	6667
TEX36	1	3	1	1	0	0	0	2
EDRF1	996	535	12534	411	84	130	572	594
MMP21	1	7	10	4	1	3	2	7
UROS	2144	1028	25293	840	165	245	1484	911
BCCIP	4028	1305	54967	1148	185	419	2469	1622
DHX32	720	1010	7419	473	153	221	492	712
FANK1	117	280	384	171	58	89	64	214
ADAM12	31	82	154	69	44	31	20	73
C10orf90	28	5	117	7	3	2	6	36
DOCK1	853	2071	10457	1369	333	573	604	2877
INSYN2A	5	160	33	111	19	46	4	216
NPS	0	0	0	0	0	0	0	0
FOXI2	4	10	65	2	1	4	3	4
CLRN3	0	3	3	1	0	0	0	0
PTPRE	14	108	107	30	5	21	15	42
MKI67	4574	3652	55485	1612	296	830	2497	2451
MGMT	2788	1572	24909	572	249	383	1228	1731
EBF3	82	53	200	63	31	22	65	172
C10orf143	45	46	1126	41	12	19	30	92
GLRX3	11563	1903	132650	2025	336	655	5904	3135
TCERG1L	65	101	850	186	36	72	84	316
PPP2R2D	1398	777	16809	559	118	191	791	920
BNIP3	17241	2160	150878	5184	1034	1924	15721	7820
JAKMIP3	15	14	119	28	3	5	15	27
DPYSL4	367	358	8128	97	45	117	197	343
STK32C	671	403	10578	158	41	65	393	368
LRRC27	93	199	1004	64	22	39	59	133
PWWP2B	128	73	1485	66	9	20	110	59
INPP5A	426	322	5650	281	50	108	240	489
NKX6-2	136	9	1782	2	2	9	36	41
CFAP46	143	105	1859	46	9	15	48	102
ADGRA1	19	10	281	4	0	0	3	9
KNDC1	174	122	3005	107	38	39	68	247
UTF1	29158	339	262601	579	422	302	9981	5282
VENTX	1964	26	13358	89	59	30	850	537
ADAM8	62	2	1159	3	0	4	13	20
TUBGCP2	2412	830	24351	643	104	221	1297	935
ZNF511	3902	1100	52188	959	161	349	2506	1496
CALY	176	57	5228	33	5	16	65	74
PRAP1	36	8	568	25	2	6	15	51
FUOM	2555	403	41735	541	67	159	1417	756
ECHS1	6871	2709	107526	1827	298	703	4420	2925
PAOX	57	106	1632	76	9	24	61	118
MTG1	2650	1246	31849	858	186	338	1462	1543
SPRN	7	4	94	2	0	1	0	1
SCART1	5	32	44	39	4	15	3	30
CYP2E1	33	4	194	8	0	0	7	6
SYCE1	2	0	11	0	0	0	1	0
FRG2B	0	0	0	0	0	0	0	0
IQSEC3	4	5	116	8	3	7	17	25
SLC6A12	4	8	158	3	0	0	5	2
SLC6A13	3	1	37	1	1	1	1	11
KDM5A	2239	1456	25593	924	192	402	1486	1543
CCDC77	1162	647	11064	400	84	174	750	728
B4GALNT3	100	131	869	268	66	70	72	371
NINJ2	47	24	312	13	4	10	26	37
WNK1	3938	2516	49377	1718	388	649	2583	2917
RAD52	252	302	1986	168	32	55	91	212
ERC1	1291	2826	15382	2214	532	586	827	2868
WNT5B	120	609	1316	476	82	155	90	487
FBXL14	23	239	345	214	39	92	35	300
ADIPOR2	835	960	9663	820	159	249	484	992
CACNA2D4	7	26	86	14	5	6	5	15
LRTM2	0	4	5	0	0	0	0	1
DCP1B	521	375	8655	286	58	87	284	322
CACNA1C	16	289	187	442	55	125	8	279
FKBP4	21292	1548	224157	2188	324	708	12046	1894
ITFG2	858	333	10789	287	53	106	463	218
NRIP2	7	12	40	7	1	3	3	5
TEX52	0	6	2	5	1	0	0	1
FOXM1	2095	627	26772	427	84	145	1223	380
RHNO1	1665	539	21570	405	59	146	1290	352
TULP3	1379	780	15954	434	100	208	722	354
TEAD4	2439	197	34810	379	56	97	988	376
TSPAN9	323	239	4340	254	40	80	187	218
PRMT8	37	60	513	171	46	51	25	78
CRACR2A	16	34	245	43	6	6	18	14
PARP11	305	553	3763	290	77	141	237	290
CCND2	5487	3354	43616	2524	592	1065	5182	2445
TIGAR	561	725	5961	726	119	217	254	550
FGF23	24	20	335	10	1	5	29	5
FGF6	0	1	3	1	0	0	0	0
C12orf4	392	318	4112	247	49	66	208	159
RAD51AP1	3477	1340	44489	868	186	337	2770	828
DYRK4	678	542	8072	273	66	118	384	189
AKAP3	14	28	123	15	1	11	10	13
NDUFA9	4893	947	53292	718	153	232	2206	770
GALNT8	155	263	1352	292	63	67	67	187
KCNA6	0	0	0	0	0	0	0	0
KCNA1	10	0	164	3	0	1	1	1
KCNA5	10	6	170	8	0	0	10	8
NTF3	24	94	227	103	16	35	31	35
ANO2	9	147	260	114	15	30	22	95
VWF	7	17	47	23	0	7	8	13
CD9	26514	686	236485	3051	499	708	15021	5155
PLEKHG6	470	39	4601	119	19	32	261	132
TNFRSF1A	961	329	11803	302	41	110	740	446
SCNN1A	1380	36	12543	317	38	50	662	436
LTBR	38	11	710	30	4	9	45	29
CD27	6	2	128	3	1	2	11	8
TAPBPL	10	8	176	4	1	5	11	12
VAMP1	143	56	2490	32	8	17	70	46
MRPL51	23009	5100	256044	4619	686	1446	13893	6421
NCAPD2	2035	1144	23935	674	142	249	1471	1161
GAPDH	212352	43230	2535850	48136	7914	19459	143860	79131
IFFO1	114	87	2994	30	7	24	103	82
NOP2	90	271	952	276	55	92	58	419
CHD4	4863	3731	61796	2476	453	905	2981	3757
LPAR5	4	3	112	6	0	2	8	1
ACRBP	7	27	392	3	2	7	8	17
ING4	433	668	6636	249	63	148	354	431
ZNF384	547	202	7278	144	36	58	368	210
PIANP	119	48	3905	30	4	25	88	65
COPS7A	1767	392	21673	309	42	117	935	505
MLF2	8845	2104	144579	1935	335	624	5380	3081
PTMS	7427	12611	185946	5419	1292	3006	7687	8955
LAG3	29	26	1188	13	0	7	34	38
CD4	3	54	790	13	2	11	19	44
GPR162	40	98	1289	46	9	30	50	58
P3H3	211	291	7295	145	22	50	298	236
GNB3	49	34	1065	22	0	5	64	40
CDCA3	3279	1009	33784	560	107	205	1785	974
USP5	1645	347	22829	319	59	124	935	550
TPI1	48778	10615	778290	12438	1905	4933	35831	20417
SPSB2	2601	195	27091	172	47	78	826	501
LRRC23	571	431	7317	252	50	89	315	558
ENO2	3389	1129	113639	954	219	299	2459	1209
ATN1	1114	707	16641	328	83	142	764	539
C12orf57	6422	5075	80335	1878	522	1136	6090	4122
PTPN6	475	62	6784	193	21	45	260	301
PHB2	20242	3086	248180	3244	473	1026	10902	5472
EMG1	6646	734	83100	838	119	251	4323	1178
LPCAT3	1212	396	20213	325	63	145	896	585
C1S	74	171	1882	95	19	37	56	128
C1R	90	15	2321	24	2	10	76	42
C1RL	68	284	1809	152	33	71	118	237
RBP5	55	9	958	23	7	7	34	27
CLSTN3	187	193	3969	143	28	42	161	176
PEX5	446	126	7423	123	28	39	343	231
ACSM4	0	2	4	0	0	2	0	8
CD163L1	4	83	73	49	8	15	4	74
CD163	0	0	13	2	0	0	4	0
APOBEC1	0	0	6	0	0	0	0	0
GDF3	5805	88	46223	479	130	86	3394	1228
DPPA3	6080	49	4328	68	496	66	1694	1317
CLEC4C	2	3	16	3	3	1	4	5
NANOGNB	1	0	16	2	1	0	0	3
NANOG	3470	180	35040	1009	371	252	1843	2448
SLC2A14	131	22	2982	156	26	22	53	154
SLC2A3	8013	854	98770	2562	409	1126	5625	3408
FOXJ2	280	77	3110	63	16	35	215	101
C3AR1	1	3	0	0	0	0	0	1
NECAP1	838	181	9762	147	22	50	438	237
CLEC4A	5	10	98	8	2	3	3	9
ZNF705A	0	0	1	0	0	0	0	0
FAM90A1	30	4	126	12	0	0	28	11
CLEC6A	9	2	74	5	1	1	6	16
CLEC4D	25	3	233	3	0	2	20	23
CLEC4E	3	0	43	0	0	0	6	0
AICDA	9	1	108	4	1	1	3	4
MFAP5	24	9	256	35	0	5	4	1
RIMKLB	1211	857	15253	855	164	231	931	1008
A2ML1	59	19	1209	44	11	17	42	105
PHC1	1728	594	29409	1148	209	396	1381	2413
M6PR	2314	1167	40775	993	172	365	1389	1557
KLRG1	183	243	2774	129	32	65	199	210
A2M	7	117	31	31	11	14	4	51
PZP	1	72	12	22	10	16	2	28
KLRB1	3	63	94	11	3	6	2	15
CLEC2D	154	483	2684	240	65	139	156	425
CLECL1	0	1	0	0	0	0	1	1
CD69	4	2	16	1	0	0	0	2
KLRF1	5	0	87	1	0	2	6	4
CLEC2B	0	0	2	0	0	0	0	0
KLRF2	0	6	0	5	0	0	0	5
CLEC2A	1	52	8	14	0	6	2	47
CLEC12A	0	2	3	0	0	0	0	1
CLEC1B	1	0	10	0	0	0	0	0
CLEC12B	1	0	0	0	0	0	1	0
CLEC9A	0	1	2	0	0	0	0	0
CLEC1A	2	0	10	2	0	1	0	1
CLEC7A	199	1	168	4	8	2	154	32
OLR1	0	2	2	4	0	0	0	0
TMEM52B	0	2	1	2	1	1	0	0
GABARAPL1	2915	289	30827	442	80	123	1528	683
KLRD1	6	33	27	32	12	10	5	17
KLRK1	1	4	1	7	1	0	0	3
KLRC4	0	0	0	1	0	1	0	0
KLRC3	0	0	0	0	0	0	0	1
KLRC2	0	0	4	1	0	0	0	0
KLRC1	0	0	3	0	0	0	0	0
EIF2S3B	40	6	553	24	3	4	13	20
MAGOHB	5473	1234	61377	1130	154	373	2800	1063
STYK1	81	7	433	36	2	13	30	28
YBX3	19318	2498	193126	3487	519	1180	12033	4917
TAS2R7	0	0	0	0	0	0	0	0
TAS2R8	0	0	0	0	0	1	0	1
TAS2R9	0	0	0	0	1	0	0	1
PRH1	185	1705	909	1085	220	358	63	1356
TAS2R10	0	5	0	1	0	0	0	2
PRR4	3	120	23	43	3	16	0	55
TAS2R13	0	2	0	1	0	1	0	5
PRH2	0	4	0	0	0	0	0	1
TAS2R14	0	71	17	43	10	17	0	68
TAS2R50	0	2	0	0	0	0	0	2
TAS2R20	0	3	0	1	0	0	0	3
TAS2R19	0	8	0	6	1	2	0	7
TAS2R31	0	9	0	25	5	6	0	18
TAS2R46	0	7	0	2	0	1	0	3
TAS2R43	0	0	3	4	0	0	0	1
TAS2R30	0	18	0	14	3	2	0	30
SMIM10L1	0	910	0	716	136	318	0	1160
TAS2R42	0	0	0	0	0	0	0	0
PRB3	11	7	122	12	3	2	2	14
PRB4	0	1	0	0	0	0	0	0
PRB1	0	11	0	5	1	2	0	12
PRB2	0	1	1	0	0	1	0	8
ETV6	834	1058	12093	699	156	227	378	1143
BCL2L14	28	588	352	353	75	125	27	527
LRP6	1691	1999	18332	1335	278	465	1174	1957
MANSC1	188	93	2871	60	15	13	119	68
BORCS5	643	312	7287	184	54	83	404	390
DUSP16	538	582	8938	510	167	207	467	773
CREBL2	649	212	8929	158	50	73	447	276
GPR19	506	227	9133	216	29	84	279	253
CDKN1B	1213	689	13357	332	89	168	757	727
APOLD1	8	675	178	117	79	63	11	287
DDX47	45	18	419	9	2	2	26	16
GPRC5A	41	18	119	102	18	20	21	11
GPRC5D	0	1	1	3	0	1	0	0
HEBP1	1110	925	19285	698	100	294	1082	635
FAM234B	246	196	4129	143	16	43	187	165
GSG1	24	13	536	13	4	6	21	10
EMP1	15	21	122	14	0	15	1	6
GRIN2B	23	42	223	102	12	14	13	85
ATF7IP	2983	3006	29059	2219	469	840	1704	3353
PLBD1	1501	135	11635	158	79	69	1142	1024
GUCY2C	11	15	225	85	9	16	14	185
HIST4H4	96	37	966	24	11	11	62	38
H2AFJ	6231	1032	52676	1386	240	293	2303	1655
WBP11	5447	1511	69141	1409	249	451	3570	2032
C12orf60	69	103	869	38	9	21	71	100
SMCO3	0	1	1	1	0	0	0	1
ART4	0	10	11	5	5	0	0	6
MGP	3	6	44	1	0	0	1	4
ERP27	2	3	22	66	2	15	3	1
ARHGDIB	13	34	706	79	5	21	15	1
PDE6H	4	2	7	0	0	0	0	0
RERG	9	182	161	124	38	37	10	70
PTPRO	13	642	207	181	118	142	12	206
EPS8	203	1120	2271	370	130	189	154	742
STRAP	14685	3605	167266	3210	556	1189	9636	4652
DERA	429	1518	6782	829	188	346	655	1000
SLC15A5	0	17	0	1	0	2	0	7
MGST1	28894	8260	296956	5871	1119	2127	19561	8579
LMO3	70	1151	672	141	93	124	68	630
RERGL	16	23	29	12	7	7	2	17
PIK3C2G	1	25	6	48	17	33	0	5
PLCZ1	1	5	25	8	2	2	2	2
CAPZA3	0	0	0	0	0	0	0	0
PLEKHA5	4963	12516	60038	6555	1483	3207	2983	9822
AEBP2	2371	1118	30811	1003	241	400	1295	2421
PDE3A	14	328	838	529	87	97	93	389
SLCO1C1	0	9	42	4	0	0	2	5
SLCO1B3	0	1	0	0	0	0	1	0
SLCO1B7	0	0	0	0	0	0	0	1
SLCO1B1	71	168	1318	91	26	17	77	181
SLCO1A2	409	606	3388	544	115	85	299	640
IAPP	10	148	65	28	6	20	7	48
PYROXD1	394	270	2266	157	47	46	211	299
RECQL	1681	636	24140	597	123	190	1265	983
GOLT1B	1292	591	14763	463	88	188	803	712
SPX	6	10	95	3	0	1	15	6
GYS2	0	3	0	1	2	2	0	5
LDHB	73212	18220	822790	16834	2793	5561	52308	24315
KCNJ8	17	40	614	19	2	5	20	5
ABCC9	1	52	21	9	2	5	2	20
CMAS	4863	1103	68423	898	199	348	3161	1937
ST8SIA1	21	792	332	170	62	115	13	465
C2CD5	821	1024	9260	556	164	217	494	1206
ETNK1	2143	1963	22857	1224	311	569	1709	1971
SOX5	41	7873	627	2002	648	1249	58	4670
BCAT1	2159	2487	28242	1869	304	713	1926	3275
LRMP	0	5	5	1	0	1	0	1
CASC1	12	103	89	25	11	27	5	43
ETFRF1	753	398	7393	238	59	85	447	343
KRAS	7056	1981	75105	2057	397	732	4601	3326
LMNTD1	2	47	18	10	1	5	1	45
RASSF8	927	1554	11500	791	231	408	581	1578
BHLHE41	303	12	6679	47	9	20	309	66
SSPN	73	147	669	56	8	29	85	65
ITPR2	641	384	8701	487	68	161	458	1452
INTS13	2496	474	27310	486	113	233	1795	879
FGFR1OP2	1578	965	20884	584	124	250	1118	926
TM7SF3	2995	1027	38824	761	145	317	1501	1492
MED21	3535	737	37607	787	134	300	2144	1115
C12orf71	0	0	1	0	0	0	0	0
STK38L	990	831	15292	463	93	189	634	741
ARNTL2	236	143	2916	137	29	40	200	239
SMCO2	2	5	51	5	1	0	0	9
PPFIBP1	577	802	8071	905	90	215	496	653
REP15	12	5	168	8	0	0	13	8
MRPS35	5213	1095	63262	917	195	332	2840	1480
MANSC4	0	3	3	2	1	1	0	3
KLHL42	853	640	8982	369	91	170	581	545
PTHLH	3	0	69	0	0	2	1	1
CCDC91	1607	2210	25133	1256	298	609	865	2354
FAR2	838	305	9638	721	115	98	446	941
ERGIC2	3186	1277	36471	761	183	332	2087	1279
OVCH1	0	12	3	7	2	0	0	15
TMTC1	201	716	1897	531	103	164	85	557
IPO8	809	466	9540	335	72	168	641	578
CAPRIN2	660	291	6462	466	41	94	270	367
TSPAN11	15	347	431	75	30	56	23	134
DDX11	878	319	9825	260	58	114	640	406
SINHCAF	6589	4294	97696	4773	860	1763	5005	7930
DENND5B	434	2367	4963	960	302	476	300	1754
ETFBKMT	58	32	654	17	5	5	35	26
AMN1	650	304	8157	194	44	72	329	362
H3F3C	18	1	200	3	0	1	7	1
RESF1	4248	847	41269	959	186	305	1526	1422
BICD1	3386	2905	43906	2788	662	845	1191	5074
FGD4	1760	1429	21303	2732	548	845	1243	4101
DNM1L	2516	1353	29500	963	193	372	1495	1493
YARS2	2375	594	31166	571	96	183	1495	881
PKP2	888	269	11975	406	34	114	408	387
SYT10	46	61	530	24	9	25	29	28
ALG10	169	115	1897	57	16	34	144	116
ALG10B	102	117	1114	59	17	32	114	41
CPNE8	249	529	3777	337	72	94	161	338
KIF21A	1682	2300	18324	1184	375	502	1670	2116
ABCD2	0	11	6	2	2	1	0	5
C12orf40	6	104	89	107	26	30	2	141
SLC2A13	574	1125	6703	1549	467	415	485	2105
LRRK2	7	17	27	9	4	3	2	16
MUC19	16	20	376	17	0	2	6	61
CNTN1	73	24	1172	166	65	65	118	244
PDZRN4	12	332	159	64	11	38	6	98
GXYLT1	598	906	4559	471	105	171	561	661
YAF2	61	1342	549	514	121	199	109	763
PPHLN1	3079	1948	40596	1280	254	435	2520	1928
ZCRB1	4028	2574	47932	1439	338	615	3426	2183
PRICKLE1	353	273	7655	517	72	112	718	463
ADAMTS20	30	285	374	297	84	158	37	351
PUS7L	2302	727	21139	557	108	240	1106	996
IRAK4	310	185	3176	119	25	52	132	158
TWF1	927	527	11220	363	64	154	492	469
TMEM117	82	209	1219	175	91	142	21	176
NELL2	351	2280	5797	506	148	304	363	1286
DBX2	0	5	37	2	0	0	0	1
ANO6	1094	1276	11230	1055	234	303	700	1562
ARID2	1564	3087	17526	2149	441	747	1205	3186
SCAF11	4900	3012	53731	1974	361	733	3156	2807
SLC38A1	6520	2607	70470	3179	446	1007	4264	4188
SLC38A2	3936	1036	69693	1491	190	514	2617	2903
SLC38A4	31	67	1040	23	3	18	35	54
AMIGO2	213	77	2541	49	15	17	173	157
PCED1B	220	165	3831	219	91	35	177	340
RPAP3	1863	832	24075	582	89	203	1077	835
ENDOU	2	1	3	0	0	0	0	2
RAPGEF3	39	5	431	7	1	2	27	20
SLC48A1	248	146	4363	113	14	41	132	154
HDAC7	1164	477	12575	397	74	118	616	584
VDR	19	0	264	2	2	2	4	8
TMEM106C	1304	1447	24367	461	142	255	572	861
COL2A1	184	2387	3084	795	163	367	128	1378
SENP1	481	618	6188	359	85	144	409	493
PFKM	776	391	12847	249	61	115	759	453
ASB8	568	275	6263	137	31	69	292	244
CCDC184	18	46	586	19	5	4	10	39
OR10AD1	0	0	0	0	0	0	0	0
H1FNT	0	0	0	0	0	0	0	0
ZNF641	120	102	1849	66	16	31	74	86
ANP32D	2	0	31	0	0	0	1	0
C12orf54	1	2	17	1	0	0	1	0
OR8S1	0	0	1	0	0	0	0	0
OR5BS1P	0	0	0	0	0	0	0	0
LALBA	2	0	8	0	0	0	0	0
KANSL2	782	440	9026	436	80	129	493	531
CCNT1	919	526	8844	427	82	126	578	559
TEX49	0	0	0	3	1	1	0	1
ADCY6	20	217	906	90	28	52	53	108
CACNB3	31	127	884	62	16	21	82	73
DDX23	1940	610	23429	472	75	170	1251	626
RND1	66	141	1122	69	17	21	45	106
CCDC65	16	418	254	295	57	109	10	368
FKBP11	1542	291	17213	241	61	134	1484	506
ARF3	3984	993	49860	1181	176	370	2404	1630
WNT10B	35	253	291	41	21	45	26	51
WNT1	41	555	898	94	77	155	51	143
DDN	4	13	106	0	1	2	4	5
PRKAG1	1172	564	16670	369	71	151	760	576
KMT2D	594	306	6676	242	56	71	392	383
RHEBL1	376	53	6191	54	12	26	277	118
DHH	2	4	24	1	0	4	1	6
LMBR1L	505	260	6600	136	38	82	334	269
TUBA1B	65230	36036	816958	17052	3679	7758	40947	33898
TUBA1A	10624	25661	145783	6980	2544	4671	6557	17117
TUBA1C	35815	3121	384543	4559	645	1118	15894	6533
PRPH	95	12	595	9	1	6	39	19
TROAP	2371	593	20160	326	83	128	1440	540
C1QL4	2	1	9	1	0	1	1	3
DNAJC22	7	8	80	2	1	2	5	6
SPATS2	1512	2370	11337	1274	291	526	1403	2055
KCNH3	6	7	60	1	1	1	3	14
MCRS1	2674	785	35802	640	121	253	1709	1050
PRPF40B	412	586	3395	414	77	148	221	527
FAM186B	2	4	15	8	0	2	0	9
FMNL3	72	172	1578	134	24	50	93	162
TMBIM6	18180	4674	265466	4317	632	1672	12409	7206
NCKAP5L	394	254	6213	181	28	63	193	275
BCDIN3D	143	148	2057	94	19	29	137	92
FAIM2	9	23	148	8	3	5	9	14
AQP2	0	0	0	0	0	0	0	0
AQP5	50	3	1045	6	2	6	25	26
AQP6	0	1	3	1	0	0	0	2
RACGAP1	1275	682	13267	395	93	177	779	715
ASIC1	14	79	277	16	3	12	15	34
SMARCD1	3082	1045	36765	721	137	333	2014	1076
GPD1	10	2	188	4	1	0	11	3
COX14	4024	697	58749	720	137	251	2274	1069
CERS5	992	939	13809	706	139	218	660	885
LIMA1	1535	478	22361	993	185	249	1376	763
FAM186A	0	31	1	6	1	1	2	17
LARP4	3258	1185	34598	1134	210	425	1613	1687
DIP2B	559	1162	6383	920	196	321	271	1365
ATF1	1342	594	16837	548	91	169	930	853
TMPRSS12	0	6	9	5	1	0	1	1
METTL7A	272	34	5202	35	5	10	275	114
HIGD1C	0	7	5	3	0	1	0	12
SLC11A2	1059	507	12560	414	80	157	701	652
LETMD1	901	452	14796	259	56	136	727	518
CSRNP2	494	214	5578	150	49	53	276	253
TFCP2	1231	1381	14374	1122	248	426	848	1619
POU6F1	33	52	583	53	11	24	38	80
DAZAP2	1499	639	15032	416	91	162	901	550
SMAGP	508	74	5562	236	19	65	415	176
BIN2	2	2	24	3	0	2	2	2
CELA1	2	2	12	1	0	0	1	0
GALNT6	604	30	4805	185	18	22	318	110
SLC4A8	520	685	7867	323	105	120	281	665
SCN8A	393	718	2990	576	150	176	282	1084
C12orf81	5	2	31	2	0	1	0	3
FIGNL2	81	262	954	129	28	44	94	219
ANKRD33	36	4	420	7	0	2	39	9
ACVRL1	2	1	26	1	0	0	1	1
ACVR1B	266	456	2532	242	79	97	294	430
GRASP	94	79	3235	43	10	27	80	81
NR4A1	208	81	3017	181	18	54	145	86
ATG101	2899	491	38565	517	93	183	1552	789
SMIM41	5	7	190	1	0	3	9	8
KRT80	2	5	9	1	0	0	0	1
KRT7	119	126	1391	114	3	82	160	48
KRT86	6	3	35	3	0	1	3	2
KRT81	8	0	27	0	1	0	3	1
KRT83	0	0	0	0	0	0	1	0
KRT85	0	0	0	0	0	0	0	0
KRT84	0	0	0	0	0	0	0	0
KRT82	0	0	0	0	0	0	0	0
KRT75	0	0	75	0	0	0	4	0
KRT6B	0	0	0	0	0	0	0	0
KRT6C	0	0	1	0	0	0	0	0
KRT6A	0	0	0	0	0	0	0	0
KRT5	0	0	0	0	0	1	0	0
KRT71	0	0	0	0	0	0	0	0
KRT74	0	0	0	0	0	0	0	0
KRT72	0	0	7	0	0	1	0	0
KRT73	0	0	0	0	0	0	0	0
KRT2	0	0	0	0	0	0	0	0
KRT1	0	0	1	0	0	0	0	0
KRT77	0	1	5	0	0	0	0	0
KRT76	0	0	1	0	1	0	0	0
KRT3	0	0	1	0	0	0	0	0
KRT4	0	0	0	0	0	0	0	0
KRT79	1	0	1	0	0	0	0	0
KRT78	0	1	1	0	0	0	0	0
KRT8	19279	1926	175760	5412	576	1467	9542	4869
KRT18	53571	2810	407156	7674	1078	2109	24854	11209
EIF4B	15767	3788	181620	4033	720	1699	12417	7563
TNS2	36	12	412	13	2	4	22	15
SPRYD3	118	51	1234	34	5	16	84	49
IGFBP6	129	15	2549	9	0	16	54	31
SOAT2	0	0	9	3	0	2	0	0
CSAD	70	410	1165	167	34	105	63	233
ZNF740	144	204	2744	122	23	62	127	175
ITGB7	3	3	77	5	0	2	0	3
RARG	297	35	4120	166	11	30	268	135
AC021072.1	0	0	0	0	0	0	0	0
MFSD5	436	112	6203	101	13	31	263	158
ESPL1	371	156	4495	115	18	40	238	188
PFDN5	28253	9565	309398	7029	1350	2809	21094	10269
C12orf10	4222	1069	58503	756	136	323	2474	1463
AAAS	1417	630	23283	388	79	156	957	703
SP7	6	2	22	10	0	0	1	1
SP1	1185	426	9674	415	77	138	576	513
AMHR2	4	6	99	5	0	3	6	14
PRR13	7760	1054	85493	1289	288	358	3927	2376
PCBP2	20966	5804	244958	4991	859	1831	17478	7688
MAP3K12	631	217	5760	168	32	76	270	282
TARBP2	1344	322	20051	261	42	104	889	422
NPFF	17	7	82	20	4	1	18	27
ATF7	701	824	7860	526	110	181	463	721
ATP5MC2	39097	14429	443125	9144	1927	4058	28931	15856
CALCOCO1	162	178	2248	100	19	58	124	144
HOXC13	0	0	22	0	0	0	0	1
HOXC12	0	0	0	0	0	0	0	0
HOXC11	0	0	0	0	0	0	0	0
HOXC10	0	0	8	0	0	0	0	0
HOXC6	2	2	24	2	2	1	0	0
HOXC9	1	5	16	2	0	0	0	1
HOXC8	0	5	16	6	0	3	2	3
HOXC4	0	5	22	3	1	2	0	2
HOXC5	0	0	6	0	0	0	0	0
SMUG1	840	302	9704	277	56	87	569	347
CBX5	6049	5619	86104	3055	585	1517	5371	5395
HNRNPA1	47163	20268	589009	16332	2978	6894	34211	27924
NFE2	131	12	902	53	4	6	40	16
COPZ1	7819	2009	84218	1330	288	662	4288	2458
GPR84	0	0	1	0	0	0	1	0
ZNF385A	221	263	3945	197	34	56	135	204
ITGA5	69	199	922	227	23	36	61	179
GTSF1	42	2	1683	7	1	1	70	11
NCKAP1L	2	2	23	1	0	0	1	1
PDE1B	95	89	681	73	9	18	57	81
PPP1R1A	881	879	8576	647	145	172	936	743
LACRT	0	0	0	0	0	0	0	0
DCD	0	0	2	0	0	0	0	0
MUCL1	3	1	33	4	0	1	2	2
TESPA1	0	2	16	2	2	0	0	4
NEUROD4	8	10	57	7	1	7	8	24
OR9K2	1	0	0	0	0	0	0	0
OR10A7	1	0	0	0	0	0	0	0
OR6C74	0	0	0	0	0	0	0	0
OR6C6	0	0	0	0	0	0	0	0
OR6C1	0	2	0	0	0	0	0	1
OR6C3	0	0	1	0	0	0	0	0
OR6C75	0	1	1	1	0	0	0	0
OR6C65	0	0	0	0	0	0	0	0
OR6C76	0	0	0	0	0	0	0	0
OR6C2	0	0	0	0	0	0	0	0
OR6C70	0	0	1	0	0	0	0	0
OR6C68	0	0	0	0	0	0	0	0
OR6C4	1	0	0	1	0	0	0	0
OR2AP1	0	0	0	0	0	0	0	0
OR10P1	0	0	0	0	0	0	0	0
METTL7B	114	10	2136	36	1	8	73	31
ITGA7	252	86	5150	81	10	29	151	119
BLOC1S1	4754	1902	64754	1500	242	553	3099	2116
RDH5	62	50	554	33	6	18	30	44
CD63	38206	7464	680643	8736	1232	2560	23427	11390
GDF11	1337	852	20687	647	111	175	1095	748
SARNP	271	3328	2979	2540	483	932	165	3893
ORMDL2	2320	550	33462	565	85	205	1548	757
DNAJC14	552	142	8115	121	37	47	377	252
MMP19	19	4	233	8	2	0	7	12
PYM1	3496	676	44617	640	107	235	2023	1138
DGKA	121	53	1819	47	18	19	68	96
PMEL	2507	568	138434	580	67	324	1449	1192
CDK2	376	321	4106	178	42	80	304	286
RAB5B	1177	459	12957	358	80	120	631	523
SUOX	317	115	4378	79	20	30	188	109
IKZF4	398	322	5409	138	38	79	315	303
RPS26	77101	26996	735107	24718	4250	9106	50392	40301
ERBB3	1701	111	13127	328	52	72	856	399
PA2G4	24003	4400	271094	4184	668	1395	13452	7229
RPL41	46574	60232	590688	49198	8028	18779	30678	77708
ESYT1	1291	360	16983	274	61	133	767	493
ZC3H10	444	104	5430	73	15	28	278	129
MYL6B	7757	3212	109878	1931	368	913	4840	3400
MYL6	67337	14860	865168	13900	2476	5008	34889	17380
SMARCC2	1759	800	20299	474	121	247	1222	678
RNF41	1694	295	20796	331	58	99	989	471
NABP2	1186	622	16869	286	61	147	879	581
SLC39A5	3	5	37	4	1	2	5	10
ANKRD52	353	185	4528	132	19	73	193	182
COQ10A	906	215	14295	191	42	72	614	307
CS	2809	620	34376	597	133	221	1609	1012
CNPY2	6079	2814	88372	2647	487	1011	4508	4336
PAN2	245	102	3376	74	15	42	148	107
IL23A	445	16	5587	46	4	7	224	68
STAT2	320	206	4301	173	43	63	217	235
APOF	1	0	16	1	0	0	1	0
TIMELESS	1654	960	16024	472	105	235	1324	878
MIP	0	6	1	3	0	1	0	5
SPRYD4	1443	200	21398	244	48	68	809	303
GLS2	356	22	7317	48	2	20	189	114
RBMS2	180	375	3096	244	56	96	99	308
BAZ2A	2146	712	25867	526	108	227	1223	799
ATP5F1B	36408	5768	494920	5710	1012	2062	20909	10304
PTGES3	45649	9667	459621	8836	1693	3485	27145	14981
NACA	138177	38830	1438391	31086	5580	11289	96831	47757
PRIM1	1701	763	20448	606	155	256	1347	1112
HSD17B6	234	82	2558	45	12	18	118	49
SDR9C7	1	2	5	0	0	1	0	1
RDH16	12	6	131	3	0	1	18	8
GPR182	0	0	0	0	0	0	0	1
ZBTB39	426	151	5687	114	19	54	253	159
TAC3	285	47	8440	151	10	67	331	80
MYO1A	1	1	37	1	1	0	1	4
NEMP1	586	519	7828	330	71	160	403	530
NAB2	257	161	3731	94	18	42	173	140
STAT6	540	108	7597	152	24	50	363	232
LRP1	1427	460	24182	557	95	160	928	740
NXPH4	93	11	2087	21	10	9	65	38
SHMT2	4096	1124	66791	982	126	322	2988	1486
NDUFA4L2	223	55	14777	232	26	71	422	79
STAC3	129	43	2057	22	4	8	46	63
R3HDM2	868	2012	12463	1354	342	478	803	1932
INHBC	0	9	17	4	1	1	0	4
INHBE	134	36	4460	32	4	8	72	45
GLI1	596	108	8139	80	17	17	271	122
ARHGAP9	134	9	1442	18	5	5	53	20
MARS	2641	688	31757	814	93	209	1607	1045
DDIT3	993	326	14991	232	45	82	551	293
AC022506.1	0	0	0	0	0	0	0	0
MBD6	346	158	5130	97	26	44	270	216
DCTN2	4292	1767	62778	1260	215	575	2910	2064
KIF5A	262	26	6091	87	15	34	216	93
PIP4K2C	332	114	5345	113	17	23	291	139
DTX3	555	352	10046	179	37	64	493	302
ARHGEF25	2	116	92	43	9	26	7	62
SLC26A10	3	6	35	3	0	2	1	8
B4GALNT1	13	10	344	2	1	1	8	9
OS9	1640	700	26918	501	129	241	1450	1017
AGAP2	20	16	437	8	1	2	14	11
TSPAN31	849	568	14320	309	51	170	757	530
CDK4	8088	2673	139869	2023	316	727	5540	3184
MARCH9	266	166	9220	80	15	61	207	105
CYP27B1	32	1	1020	8	0	3	45	4
METTL1	747	154	14994	206	24	56	647	258
EEF1AKMT3	13	29	766	15	5	10	61	29
TSFM	35	736	250	755	110	250	15	1003
AVIL	25	62	365	41	10	17	26	73
CTDSP2	1290	393	15456	348	68	132	900	574
ATP23	176	213	2263	192	39	53	108	217
LRIG3	158	276	819	163	28	48	77	239
SLC16A7	212	73	4312	86	9	29	105	66
TAFA2	43	589	537	319	52	128	50	436
USP15	1371	1176	14249	754	157	308	824	1188
MON2	322	1518	4100	796	193	359	241	1185
PPM1H	577	1289	10066	1208	178	299	436	1397
AVPR1A	2	1	21	1	0	0	2	3
DPY19L2	26	108	287	59	11	25	27	50
RXYLT1	729	455	8619	234	79	86	617	350
SRGAP1	406	1757	7598	676	185	371	598	1437
C12orf66	256	54	2985	54	16	23	179	114
C12orf56	80	77	532	82	28	39	119	130
XPOT	2927	880	32714	869	143	299	1815	1241
TBK1	1322	658	12527	556	119	205	734	779
RASSF3	914	381	9333	572	117	168	478	882
GNS	335	317	5516	201	29	114	274	354
TBC1D30	62	50	535	59	14	26	28	58
WIF1	36	50	515	11	4	5	34	12
LEMD3	801	530	8728	508	80	173	533	663
MSRB3	13	381	283	216	61	142	17	138
HMGA2	1912	3740	19286	2283	402	904	1573	3454
LLPH	4243	832	44403	935	141	245	2150	1273
TMBIM4	2892	1967	31903	1185	257	535	1926	1769
IRAK3	20	13	408	25	5	8	20	32
HELB	783	245	6662	250	51	82	638	416
GRIP1	220	3495	2772	2119	635	884	147	3289
CAND1	3446	1724	32474	1224	248	464	1945	1576
DYRK2	1088	422	7981	351	47	122	713	442
IFNG	0	0	0	0	0	0	0	0
IL26	0	0	6	0	0	0	0	0
IL22	0	0	1	0	0	0	0	0
MDM1	357	311	5587	131	36	67	262	266
RAP1B	1418	2216	15209	1925	309	633	844	2747
NUP107	3120	1552	37246	1149	253	448	2204	1753
SLC35E3	1292	512	15434	300	78	157	976	697
MDM2	4144	1320	36197	998	221	413	1528	2010
CPM	48	12	773	11	1	0	65	12
CPSF6	5910	2494	60306	2102	356	706	3119	2757
LYZ	2	2	35	0	0	0	2	3
YEATS4	3682	1278	46046	896	176	329	2889	1477
FRS2	669	1448	6266	978	201	342	439	1161
CCT2	24900	5810	278176	5172	917	1839	15209	8183
LRRC10	0	0	5	0	0	0	0	0
BEST3	6	1	47	1	0	1	1	1
RAB3IP	2085	823	22545	648	169	248	1181	1130
MYRFL	86	25	578	44	2	17	51	47
CNOT2	3382	2516	38205	1740	383	681	2315	2816
KCNMB4	1477	749	13452	792	186	196	1272	1301
PTPRB	97	48	287	17	30	3	78	189
PTPRR	46	17	292	25	4	6	21	67
TSPAN8	2	6	7	1	0	1	2	4
LGR5	10	120	85	62	6	10	6	60
ZFC3H1	1541	670	18080	599	99	199	875	909
THAP2	318	430	3533	166	53	89	334	278
TMEM19	413	210	5170	117	19	50	273	173
RAB21	2078	672	26260	642	119	283	1259	991
TBC1D15	1817	774	12529	683	112	235	920	909
TPH2	1	7	68	6	0	6	2	7
TRHDE	193	313	2663	121	27	87	71	259
ATXN7L3B	2406	1593	27113	1385	228	570	1554	1832
KCNC2	1	2	6	2	0	1	0	2
CAPS2	18	526	459	206	46	106	10	269
GLIPR1L1	36	52	366	102	0	17	46	35
GLIPR1L2	9	51	151	6	1	9	1	29
GLIPR1	49	34	465	45	2	7	19	20
KRR1	4453	1071	62451	1037	153	353	2278	1526
PHLDA1	2487	103	20317	339	35	127	880	671
NAP1L1	52357	16375	526209	11392	2432	4695	35038	19536
BBS10	142	101	1669	56	12	24	119	80
OSBPL8	4466	2623	46032	2029	424	728	2551	3468
ZDHHC17	527	1017	6926	621	146	268	454	940
CSRP2	7851	6186	118980	3608	721	1761	6720	6594
E2F7	499	759	5173	344	81	174	326	600
NAV3	51	7075	486	2361	267	969	24	4190
SYT1	5238	1377	48557	3988	709	885	2224	5627
PAWR	9985	2196	128841	2842	496	1008	5759	4764
PPP1R12A	5326	2935	72698	2444	487	913	3743	3783
OTOGL	20	58	131	45	34	32	5	34
PTPRQ	5	10	14	20	22	9	0	15
MYF6	0	33	100	16	5	7	23	10
MYF5	3	0	40	0	0	0	5	0
LIN7A	49	413	1417	136	57	62	85	269
ACSS3	271	872	5398	490	111	159	205	702
PPFIA2	16	279	109	63	21	38	7	122
CCDC59	4289	1028	45908	909	158	322	2628	1245
METTL25	467	292	5002	273	41	122	282	401
TMTC2	60	3291	959	1577	426	873	62	2226
SLC6A15	163	185	1061	97	38	44	353	117
TSPAN19	7	41	86	6	8	5	1	15
LRRIQ1	78	885	894	178	69	164	63	355
ALX1	29	2	875	30	2	10	136	6
RASSF9	10	69	152	51	9	13	14	34
NTS	1238	254	4592	320	55	85	817	1265
MGAT4C	353	190	2746	1059	306	89	437	1916
C12orf50	0	1	6	0	1	0	1	0
C12orf29	955	323	13669	292	58	93	739	302
CEP290	726	1578	7304	611	178	299	670	1085
TMTC3	1434	453	15637	479	84	193	1005	780
KITLG	119	477	2068	123	41	55	146	286
DUSP6	412	919	3810	340	51	181	594	932
POC1B	376	608	3869	317	77	110	273	525
GALNT4	1	76	14	54	13	24	1	97
ATP2B1	2774	3427	29066	2061	357	764	2227	2724
CCER1	0	0	10	0	0	0	0	0
EPYC	0	0	2	0	0	0	0	0
KERA	0	0	0	0	0	0	0	0
LUM	49	59	704	443	22	60	27	29
DCN	13	16	386	104	7	15	5	5
BTG1	4562	1773	58961	1462	328	766	3237	2414
CLLU1OS	0	0	16	0	0	0	0	0
C12orf74	1	0	2	1	0	0	0	5
EEA1	2105	1168	24103	801	200	368	1186	1287
NUDT4	730	495	8514	588	105	187	530	932
UBE2N	12342	2353	136725	2501	427	798	6467	3585
MRPL42	12321	2521	111684	2125	422	854	7466	3314
SOCS2	3249	286	10928	302	107	165	2460	962
CRADD	303	756	2891	605	147	275	217	1158
PLXNC1	44	498	277	115	75	115	20	247
CEP83	530	1202	8916	663	165	275	474	1101
TMCC3	77	82	577	81	13	25	31	53
NDUFA12	11243	3214	153562	2503	488	827	6728	3689
NR2C1	1344	1260	15663	677	135	298	813	1170
FGD6	1505	690	18407	726	160	214	650	1248
VEZT	2161	1787	26728	1252	264	447	1416	1815
METAP2	8616	2247	101889	1997	375	694	6134	3040
USP44	10506	748	166882	2246	284	744	6998	3018
NTN4	146	175	975	63	33	40	43	325
SNRPF	34447	5854	396612	5315	775	1817	20095	7871
CCDC38	0	21	7	10	3	2	0	26
AMDHD1	27	9	408	5	2	3	19	12
HAL	4	7	47	4	1	0	0	12
LTA4H	3943	1140	56708	932	189	340	3298	1602
ELK3	275	148	2352	112	25	25	142	210
CDK17	286	871	3364	423	91	172	229	657
CFAP54	3	367	81	84	44	79	3	92
NEDD1	817	1071	9251	381	103	195	784	818
TMPO	8510	4047	81453	2585	525	1059	4958	4358
SLC25A3	45002	12401	544862	8414	1582	3157	28110	14263
IKBIP	863	1054	21726	498	84	211	529	857
APAF1	459	388	6679	262	61	122	280	450
ANKS1B	22	603	409	462	82	232	29	500
FAM71C	0	0	5	0	0	0	0	0
UHRF1BP1L	652	772	9731	582	120	199	432	821
ACTR6	2811	904	35900	748	127	263	2004	1109
DEPDC4	185	232	2292	129	26	52	123	219
SCYL2	746	864	9245	578	94	214	459	841
SLC17A8	0	30	26	9	9	9	2	13
NR1H4	0	0	4	0	0	0	0	3
GAS2L3	169	711	3217	301	53	119	189	475
ANO4	4	407	51	85	68	49	5	171
SLC5A8	1	1	4	0	0	0	0	4
UTP20	2120	489	22821	529	92	184	1385	823
ARL1	5048	1184	55144	1021	189	358	3079	1542
SPIC	0	0	3	0	0	0	0	2
MYBPC1	0	10	18	12	1	0	0	13
CHPT1	1354	565	19333	420	88	147	795	716
SYCP3	75	19	733	13	3	5	35	21
GNPTAB	1499	359	32563	524	72	160	1288	818
DRAM1	554	154	5643	138	10	27	258	278
WASHC3	876	426	15806	308	84	142	596	447
NUP37	4207	971	43897	813	122	284	2647	1188
PARPBP	2123	1097	13460	861	174	295	1170	1255
PMCH	2	0	20	0	0	0	2	0
IGF1	28	20	145	16	14	6	10	20
PAH	305	23	1345	35	8	11	26	37
ASCL1	57	338	427	57	13	31	23	231
C12orf42	5	16	64	25	4	6	2	16
STAB2	0	4	9	2	1	0	0	7
NT5DC3	134	261	1930	144	31	39	201	277
HSP90B1	40487	9199	395711	7780	1592	2882	25120	14274
C12orf73	1216	617	13571	377	76	146	726	599
TDG	3224	1126	39132	1071	199	341	1899	1525
GLT8D2	45	80	1224	46	9	29	100	71
HCFC2	42	100	721	54	13	26	38	64
NFYB	4706	1398	44780	1110	212	476	3205	1678
TXNRD1	2886	2418	31302	1827	362	712	1766	2799
EID3	127	94	1763	51	1	12	84	72
CHST11	543	1034	3835	646	152	299	312	1267
SLC41A2	57	43	1036	66	13	22	40	60
C12orf45	4796	1018	62013	1120	208	402	3338	1763
ALDH1L2	64	77	1228	70	6	43	54	98
WASHC4	2839	516	31811	748	120	229	1555	1010
APPL2	163	693	2997	362	71	148	241	628
C12orf75	1496	731	28582	475	74	214	1372	583
NUAK1	588	340	6104	328	52	117	204	411
CKAP4	2186	1446	25855	823	182	422	1569	1518
TCP11L2	82	115	1053	85	17	22	63	111
POLR3B	502	366	5242	287	56	79	336	370
RFX4	43	4361	299	795	542	702	23	2144
RIC8B	478	1013	7032	614	130	237	372	862
TMEM263	507	731	6650	438	69	150	349	538
MTERF2	298	292	5330	210	45	67	280	238
CRY1	705	624	8707	468	107	172	555	743
BTBD11	84	493	1044	213	112	147	63	487
PWP1	5602	829	59492	985	183	310	3187	1456
PRDM4	363	348	4511	172	38	70	233	260
ASCL4	0	4	4	2	0	1	1	0
WSCD2	6	174	40	94	14	29	7	99
CMKLR1	50	0	352	5	1	5	18	9
FICD	223	63	3044	61	16	25	148	75
SART3	2399	715	27932	548	123	210	1541	995
ISCU	7084	1587	83405	1175	214	432	3726	2223
TMEM119	1	7	35	5	0	0	1	4
SELPLG	0	2	19	0	1	0	0	7
CORO1C	1916	1029	20130	839	210	309	972	1167
SSH1	361	278	3348	233	54	82	197	313
DAO	0	6	0	1	0	1	0	1
SVOP	4	5	31	6	4	0	1	7
USP30	88	163	1529	78	33	27	70	111
ALKBH2	746	540	12564	293	61	120	650	441
UNG	5177	863	56323	851	130	426	3121	1554
ACACB	118	232	1697	174	30	62	88	247
FOXN4	2	7	44	5	1	2	0	4
MYO1H	11	47	74	27	6	8	9	33
KCTD10	663	312	8446	246	47	72	378	390
UBE3B	579	335	7874	179	40	71	394	301
MMAB	1410	972	16895	632	117	193	972	771
MVK	539	250	6651	113	29	33	263	245
FAM222A	88	68	434	54	10	17	25	85
TRPV4	48	26	744	68	7	14	34	49
GLTP	2294	610	24150	443	61	213	1197	873
TCHP	669	478	5008	335	59	107	494	416
GIT2	431	326	5362	241	52	64	305	330
ANKRD13A	281	206	4136	141	29	59	182	250
C12orf76	655	851	10067	342	94	151	622	661
IFT81	690	1838	7164	552	176	311	393	879
ATP2A2	3336	1231	35382	1064	228	364	1988	1607
ANAPC7	2636	928	31685	799	167	287	1518	1038
ARPC3	20956	4405	259374	4563	727	1523	12030	6780
GPN3	4928	1003	57227	1028	185	338	3194	1558
FAM216A	896	556	15387	304	74	174	782	533
VPS29	7745	1716	95211	1646	279	536	4054	2333
RAD9B	7	20	59	10	0	4	0	10
PPTC7	666	201	6996	175	40	74	373	314
TCTN1	174	501	3578	169	43	103	161	246
HVCN1	241	130	4384	89	22	39	165	158
PPP1CC	16668	3798	191965	3518	646	1340	11597	5691
CCDC63	16	16	163	8	3	4	14	20
MYL2	1	1	28	0	0	0	0	0
CUX2	87	721	813	489	152	151	48	867
PHETA1	189	67	2826	41	9	22	92	76
SH2B3	443	78	6681	165	12	42	167	201
ATXN2	3186	2552	36509	1843	377	668	1939	2671
BRAP	736	361	9128	347	62	113	479	453
ACAD10	317	360	3794	295	74	88	242	342
ALDH2	1774	1122	26939	527	141	267	987	905
MAPKAPK5	2426	636	25967	626	110	167	1474	869
TMEM116	323	345	5330	187	45	85	226	279
ERP29	18577	3119	276203	3522	566	1161	11009	5461
NAA25	2319	1008	23118	950	172	304	1363	1270
TRAFD1	560	302	7335	187	47	64	283	282
HECTD4	527	1436	6804	874	189	322	313	1310
RPL6	120581	54075	1407378	36099	7006	14478	77782	58187
PTPN11	3234	1116	37300	1138	205	428	1831	1723
RPH3A	3	11	49	19	3	6	0	26
OAS1	14	1	26	0	0	0	5	0
OAS3	10	2	306	3	2	1	14	6
OAS2	0	0	5	0	0	0	0	1
DTX1	56	29	1178	28	2	8	40	47
RASAL1	58	7	649	27	6	7	29	36
CFAP73	8	6	138	4	2	3	3	3
DDX54	3692	493	42256	498	88	172	2147	900
RITA1	1624	276	18438	260	43	78	1093	390
IQCD	57	125	861	49	10	17	53	77
TPCN1	177	152	2137	140	31	48	122	243
SLC8B1	183	55	1722	52	18	12	123	84
PLBD2	255	144	3937	116	14	47	143	181
SDS	5	8	69	5	0	3	2	8
SDSL	89	185	1168	45	20	28	68	135
LHX5	115	42	271	51	8	58	49	98
RBM19	914	280	11896	289	38	68	582	369
TBX5	2	2	12	1	0	0	1	9
TBX3	262	62	318	113	26	18	60	88
MED13L	1669	4656	13124	2810	576	1205	1016	4823
MAP1LC3B2	231	83	4033	64	16	27	124	85
C12orf49	2137	368	28906	400	82	156	1299	653
RNFT2	348	571	6580	307	56	149	243	521
HRK	678	34	9341	117	18	29	293	168
FBXW8	227	791	3648	393	105	159	223	608
TESC	328	99	7384	77	15	40	142	208
FBXO21	2839	1137	29589	836	167	312	2017	1328
NOS1	14	17	547	27	3	5	15	54
KSR2	149	136	1882	209	47	61	106	254
RFC5	2165	678	26883	408	86	190	1246	744
WSB2	2002	516	25100	396	92	127	1275	710
VSIG10	5610	437	59407	949	204	279	2300	1780
PEBP1	59863	10300	716515	8617	1953	3660	26132	19253
TAOK3	1591	434	16522	462	173	128	969	1074
SUDS3	5360	1164	58471	1012	232	355	3355	1840
SRRM4	60	119	610	83	24	27	50	102
HSPB8	125	28	1698	103	8	34	55	46
CCDC60	8	85	230	20	4	12	4	38
TMEM233	5	3	116	0	0	1	3	10
PRKAB1	419	180	8189	112	34	59	253	229
CIT	763	1246	9275	695	173	261	588	1205
BICDL1	256	51	3765	149	11	45	128	227
RAB35	667	162	8881	163	20	53	343	276
GCN1	1698	466	17677	459	89	147	980	744
RPLP0	115617	43305	1322014	41255	6832	14965	78124	61379
PXN	1609	193	13337	281	51	84	579	459
SIRT4	127	57	1682	56	7	20	99	53
PLA2G1B	0	2	6	0	0	0	1	0
MSI1	334	1263	3560	390	143	217	369	798
COX6A1	15203	6391	176901	5776	1125	2075	8895	9569
TRIAP1	6846	928	83847	1006	169	347	3031	1773
GATC	729	446	10280	362	61	145	535	496
SRSF9	23010	7108	278232	5407	1005	1951	14455	8775
DYNLL1	48474	14782	491510	11736	2127	4001	26257	18216
COQ5	2080	718	26189	519	112	186	1487	829
RNF10	2861	772	38441	721	122	279	1892	1116
POP5	4272	971	56994	885	174	320	3056	1401
CABP1	443	44	5440	89	17	64	254	168
MLEC	16272	4184	171297	2902	833	1905	9419	6700
UNC119B	405	278	6172	168	43	97	346	289
ACADS	255	66	4743	60	8	20	166	131
SPPL3	1839	1917	19538	1383	265	507	1086	1939
HNF1A	0	2	18	1	1	0	2	2
C12orf43	1514	455	19398	384	57	130	1057	591
OASL	1	0	8	0	1	0	0	5
P2RX7	4	39	105	17	5	9	5	31
P2RX4	235	328	2896	151	40	63	162	206
CAMKK2	1512	347	10605	480	104	87	800	697
ANAPC5	5812	1544	71557	1301	269	501	3745	2018
RNF34	2294	898	23898	686	145	263	1339	1115
KDM2B	2234	1091	23685	1380	237	394	1239	1883
ORAI1	2480	265	30497	430	75	118	1502	710
MORN3	80	61	491	43	6	14	52	45
TMEM120B	955	277	12050	431	83	114	489	512
RHOF	975	78	12255	114	14	33	438	209
SETD1B	691	161	5673	165	30	52	302	211
HPD	7	17	151	18	2	1	15	16
PSMD9	667	1133	11008	947	164	344	451	1090
WDR66	39	71	525	39	5	20	20	54
BCL7A	744	1025	6926	383	89	211	560	759
MLXIP	1467	299	14888	258	66	121	869	509
LRRC43	8	25	75	10	5	2	7	10
IL31	0	0	0	0	0	0	0	0
B3GNT4	129	6	1938	11	2	4	119	26
AC048338.2	1	0	32	0	3	0	0	0
DIABLO	65	34	655	37	5	13	37	45
VPS33A	1182	385	14519	369	54	131	724	548
CLIP1	1384	1686	13463	953	244	456	831	1376
ZCCHC8	1144	558	10991	352	71	135	672	625
RSRC2	7892	3124	95205	2091	402	870	5086	3434
KNTC1	797	837	5934	403	97	162	573	752
HCAR2	2	0	5	0	0	4	1	0
HCAR3	1	0	1	0	0	0	0	0
HCAR1	1	0	10	1	0	0	1	1
DENR	7956	1844	105849	1767	349	724	5672	3204
CCDC62	6	28	120	19	5	5	6	65
HIP1R	162	98	1157	65	20	30	125	192
VPS37B	360	408	2570	199	70	72	281	266
ABCB9	104	71	934	44	18	20	49	66
OGFOD2	668	91	6133	77	19	36	230	129
ARL6IP4	10130	3132	133756	2472	377	843	6622	3735
PITPNM2	241	64	1359	101	36	34	140	168
MPHOSPH9	851	1120	8450	523	115	237	706	930
C12orf65	1501	726	19459	388	72	168	1028	698
CDK2AP1	10418	2509	95800	2277	360	882	6183	3618
SBNO1	5921	1355	55651	1071	234	433	3124	1873
KMT5A	1210	570	13505	342	62	164	539	605
RILPL2	818	213	7667	126	17	59	371	192
SNRNP35	2363	675	22469	457	129	189	1295	812
RILPL1	940	539	4443	299	87	136	427	486
TMED2	8583	1179	76564	1378	247	478	4453	2281
DDX55	1779	540	21574	401	75	135	1017	687
EIF2B1	2208	570	26482	421	78	135	1420	679
GTF2H3	2273	676	18582	492	118	235	1176	873
TCTN2	125	140	1582	82	14	47	96	101
ATP6V0A2	1233	482	14221	458	84	154	917	610
DNAH10	25	44	178	19	4	7	33	23
CCDC92	9	549	26	132	46	70	1	315
ZNF664	452	502	2564	229	68	130	284	529
RFLNA	198	312	1219	103	45	81	92	216
NCOR2	2045	776	20721	838	143	219	1310	1070
SCARB1	597	151	7272	237	31	59	351	340
UBC	29068	8743	305954	7569	1326	2632	11988	10258
DHX37	784	104	11701	179	32	39	430	186
BRI3BP	1603	433	14437	222	55	110	844	578
AACS	1514	329	17406	333	94	125	610	614
TMEM132B	1035	391	11526	1168	262	382	795	2703
TMEM132C	27	6613	266	1228	359	671	23	2938
SLC15A4	1004	458	11785	395	80	128	665	513
GLT1D1	165	223	1326	165	42	39	119	193
TMEM132D	179	1330	2180	975	393	602	111	4162
FZD10	368	611	1269	164	60	85	68	290
PIWIL1	1	4	13	2	0	0	1	3
RIMBP2	9	190	96	97	23	54	13	138
STX2	594	542	7923	309	75	139	418	441
RAN	74288	16390	817860	14017	2303	5032	46186	23460
ADGRD1	5	13	54	16	2	6	1	9
SFSWAP	2381	1088	24983	834	170	279	1679	1461
MMP17	212	52	1814	122	20	25	273	148
ULK1	554	207	5443	196	31	74	311	280
PUS1	1569	141	19369	214	35	67	786	360
EP400	1532	1142	14923	690	122	248	956	1146
DDX51	1259	175	15244	133	26	71	602	282
NOC4L	2092	350	27371	286	39	108	1118	512
GALNT9	30	2	301	0	0	0	6	4
FBRSL1	1661	371	18726	311	60	127	823	572
LRCOL1	9	23	131	7	2	2	0	5
P2RX2	89	2	1553	2	3	8	48	23
POLE	792	570	8711	398	85	125	411	651
PXMP2	1183	761	17238	352	110	160	761	574
PGAM5	1938	215	21124	239	43	103	982	392
ANKLE2	1846	654	23155	544	111	247	1055	825
GOLGA3	891	339	9930	302	53	112	554	504
CHFR	1322	378	15489	485	110	156	695	768
ZNF605	827	280	7665	231	49	78	489	395
ZNF26	453	261	4582	189	36	59	284	291
ZNF84	1057	892	13277	641	128	243	740	999
ZNF140	540	261	6175	196	37	73	296	306
ZNF891	1049	267	11109	196	32	88	518	379
ZNF10	211	577	2339	373	64	176	134	603
ZNF268	767	324	6256	228	66	95	418	431
ANHX	51	0	2	0	0	0	17	5
TUBA3C	0	0	0	0	0	0	0	0
TPTE2	1	74	10	18	3	17	0	45
MPHOSPH8	3363	1305	46930	1090	202	393	1772	1431
PSPC1	2557	1841	26836	1403	306	522	1194	2383
ZMYM5	880	621	10704	419	101	173	420	707
ZMYM2	4994	3771	50231	2972	612	1113	2954	4622
GJA3	4	2	139	6	0	1	3	3
GJB2	3	0	19	3	0	0	4	3
GJB6	1	0	10	6	0	2	1	0
CRYL1	96	141	1674	50	28	29	79	145
IFT88	368	1122	3973	417	146	243	179	703
IL17D	65	24	911	19	5	12	30	25
EEF1AKMT1	233	483	3294	222	46	98	250	375
XPO4	1191	1288	11616	1012	209	384	690	1566
LATS2	466	543	5777	664	93	193	297	635
SAP18	43435	4647	532592	5013	960	1602	26226	14373
SKA3	5026	512	48288	547	121	172	2006	1171
MRPL57	14500	2961	144334	2248	553	899	7837	4203
ZDHHC20	935	1478	11981	1164	283	426	593	1712
MICU2	3026	2131	31146	1350	303	488	1711	1884
FGF9	19	180	177	17	23	29	9	73
SGCG	12	15	131	65	9	18	17	17
SACS	1095	1185	19311	731	115	298	859	979
TNFRSF19	27	647	416	307	47	85	26	259
MIPEP	596	489	7359	379	89	121	309	571
C1QTNF9B	7	0	73	1	0	0	0	1
SPATA13	392	1429	3291	426	170	299	183	996
C1QTNF9	0	3	3	2	1	3	2	7
PARP4	374	575	4332	409	87	146	227	477
ATP12A	6	9	187	120	8	9	18	12
RNF17	6	2	25	1	0	0	1	2
CENPJ	1127	745	13388	532	101	167	597	741
PABPC3	45	2	431	5	6	5	22	12
AMER2	81	344	518	135	44	109	84	249
MTMR6	534	322	5307	195	41	83	289	283
NUP58	1835	1278	19444	812	176	359	1085	1271
ATP8A2	123	115	3149	148	15	53	64	344
SHISA2	124	51	2366	100	3	136	128	160
RNF6	521	186	6312	146	22	61	274	225
CDK8	694	1589	9038	1096	237	390	607	1738
WASF3	445	1956	6007	640	174	348	370	1153
GPR12	2	1	53	1	0	1	0	3
USP12	844	564	10737	453	90	148	401	771
RPL21	101179	47850	999723	35719	6701	13733	68797	55230
RASL11A	105	2	1037	18	1	5	37	32
GTF3A	7156	1653	73451	1369	295	413	4114	2213
MTIF3	3235	1094	34634	869	138	262	1592	1112
LNX2	384	136	3785	221	41	58	210	277
POLR1D	16644	1862	186587	2780	491	837	9501	3778
GSX1	2	3	9	0	5	1	0	3
PDX1	1	0	0	0	0	0	0	0
CDX2	24	41	59	92	4	5	20	9
URAD	1	8	25	8	1	8	4	2
FLT3	10	18	63	18	2	8	0	7
PAN3	1302	2683	11905	2313	469	775	732	2998
FLT1	682	127	12306	484	91	90	838	1089
POMP	32078	4868	370240	5540	811	1620	15209	7309
SLC46A3	13	9	115	6	4	2	5	15
MTUS2	7	118	96	232	55	127	2	204
SLC7A1	862	612	12242	701	62	246	537	650
UBL3	1020	1109	12225	842	147	314	670	1068
KATNAL1	308	809	3460	323	66	151	187	530
UBE2L5	20	3	203	1	1	1	14	9
HMGB1	48909	31753	645827	23103	3878	8650	32158	39164
USPL1	421	562	4367	349	78	127	221	461
ALOX5AP	0	1	4	0	0	0	1	2
MEDAG	27	2	432	7	1	2	26	11
TEX26	5	12	22	9	3	7	1	6
HSPH1	7976	1558	76253	1432	257	483	3984	2556
B3GLCT	128	375	1038	213	52	86	66	283
RXFP2	0	1	0	1	0	0	0	0
FRY	40	186	1188	193	18	85	59	204
ZAR1L	5	2	89	1	0	0	3	1
BRCA2	1160	1071	16804	649	130	264	848	1145
N4BP2L1	98	64	1043	31	13	12	47	58
N4BP2L2	4992	3126	45523	1788	331	827	2847	2713
PDS5B	1888	2411	19132	1384	309	506	1299	2118
KL	0	1	1	2	0	3	1	0
STARD13	78	205	1050	154	24	50	41	191
RFC3	2510	2754	24916	1319	266	585	1255	2299
NBEA	328	3706	4960	2202	516	820	565	3524
MAB21L1	4	13	67	3	1	6	7	12
DCLK1	1887	807	16614	1225	187	239	632	1690
SOHLH2	407	93	1245	108	36	21	141	413
CCDC169	1869	271	37494	799	95	154	579	1104
SPART	8634	1611	71535	1549	311	518	2812	2336
CCNA1	992	27	4275	27	2	13	88	23
SERTM1	23	122	480	23	8	26	19	32
RFXAP	457	384	6103	174	53	102	324	302
SMAD9	28	412	408	104	34	68	100	187
ALG5	2035	924	22998	544	123	211	1038	850
EXOSC8	6672	2296	82401	1591	323	560	4182	2689
SUPT20H	2288	1104	26112	694	130	270	1350	1084
CSNK1A1L	1	0	31	1	0	0	1	1
POSTN	34	40	713	30	5	17	35	40
TRPC4	8	1481	165	287	110	187	28	795
UFM1	4515	1036	54084	782	161	367	1956	1560
FREM2	176	1090	2118	572	93	352	148	705
STOML3	2	40	21	2	0	2	1	5
PROSER1	1639	401	20455	408	66	169	957	664
NHLRC3	887	684	13262	380	88	186	641	564
LHFPL6	45	2462	685	1021	269	507	53	1883
COG6	389	788	5735	512	95	187	291	860
FOXO1	1049	737	16278	1533	248	363	961	2338
MRPS31	3480	1371	41664	910	181	335	1874	1221
SLC25A15	409	236	5381	162	37	54	288	265
ELF1	1015	580	7502	755	130	198	362	835
WBP4	2662	1301	32549	871	159	359	1488	1308
KBTBD6	565	116	5787	114	29	32	245	165
KBTBD7	1711	255	14298	243	52	77	694	472
MTRF1	420	298	5499	185	37	82	240	344
NAA16	936	1102	12861	536	144	246	578	1016
RGCC	26	14	403	19	10	16	14	16
VWA8	409	1467	4905	1031	209	338	255	1671
DGKH	286	871	2728	597	186	209	250	979
AKAP11	562	484	6863	308	60	130	378	447
TNFSF11	128	13	2006	15	0	3	32	31
FAM216B	0	1	12	4	0	0	0	1
EPSTI1	28	18	368	131	11	30	24	38
DNAJC15	6342	2474	66255	2220	337	606	3253	2728
ENOX1	10	178	165	144	26	77	12	143
CCDC122	127	164	1644	147	44	99	159	329
LACC1	65	16	1292	42	3	19	43	48
SMIM2	0	0	19	0	0	0	0	2
SERP2	72	217	1427	85	20	37	55	147
TSC22D1	4487	3605	55690	2707	429	1151	2514	4137
NUFIP1	1815	594	24679	574	106	182	1183	900
GPALPP1	1050	882	12372	506	142	217	754	811
GTF2F2	5703	2194	66459	1701	338	606	3256	2752
KCTD4	0	0	3	0	0	0	0	1
TPT1	202879	47167	2337980	38240	7061	15452	119558	63799
SLC25A30	87	32	1163	38	2	14	64	39
COG3	349	300	4511	201	30	84	169	307
ERICH6B	0	16	1	3	1	3	0	4
SPERT	4	1	27	0	0	0	0	1
SIAH3	5	40	72	3	7	8	5	10
ZC3H13	6810	2505	89110	2057	386	696	4272	3444
CPB2	0	16	0	2	0	4	0	10
LCP1	36	13	7051	115	2	11	10	14
LRRC63	0	32	2	25	3	5	1	11
RUBCNL	38	13	415	25	8	8	20	26
LRCH1	195	569	1859	355	100	117	111	633
ESD	5993	3918	81221	1922	427	744	4105	2931
HTR2A	1	5	7	1	3	1	0	1
SUCLA2	9749	1563	63712	1506	276	521	2695	2027
NUDT15	9313	905	59862	1062	124	322	2580	1266
MED4	3844	1513	41176	1155	231	431	2171	1719
ITM2B	26242	3701	169211	3396	702	1170	9584	5336
RB1	566	1197	7313	620	149	276	322	987
LPAR6	249	176	1806	103	23	34	160	163
RCBTB2	281	460	3861	249	58	116	211	374
CYSLTR2	0	2	1	2	0	3	0	0
FNDC3A	874	2634	9380	1568	345	556	584	2214
MLNR	1	0	3	0	1	0	0	0
CDADC1	244	281	4086	125	31	65	154	175
CAB39L	130	418	2406	176	40	91	101	285
SETDB2	227	202	3291	106	21	55	118	173
PHF11	442	241	4450	148	32	49	327	192
RCBTB1	457	343	6792	256	45	82	289	429
ARL11	71	4	879	33	2	7	47	16
EBPL	11764	2450	119073	2120	498	756	9155	3905
KPNA3	3446	1887	35227	1352	284	447	2052	2091
SPRYD7	719	272	10862	182	41	69	396	281
TRIM13	921	822	10120	450	110	180	875	781
KCNRG	22	17	155	7	0	1	20	10
DLEU7	141	612	1297	236	95	96	61	449
RNASEH2B	2537	837	36822	707	157	229	1568	1115
C13orf42	348	34	3413	323	48	72	75	537
FAM124A	2070	189	28430	321	82	102	971	833
SERPINE3	0	6	94	11	4	8	3	35
INTS6	1190	1047	12379	771	117	255	841	1368
WDFY2	1059	1612	15231	948	232	372	833	1761
DHRS12	198	263	2381	152	29	67	143	207
TMEM272	0	8	14	2	0	1	1	2
CCDC70	0	0	0	0	0	0	0	1
ATP7B	46	123	804	46	19	30	33	123
ALG11	285	381	2649	282	58	98	169	286
UTP14C	0	0	0	0	0	0	0	0
NEK5	66	128	802	60	23	31	61	84
NEK3	984	494	10444	268	81	128	667	606
THSD1	2	18	65	12	1	1	2	27
VPS36	1525	1019	12769	666	139	239	1006	978
CKAP2	2860	2130	30797	1337	239	462	1824	1609
HNRNPA1L2	58	35	1070	14	4	5	58	34
SUGT1	8747	2224	127320	2011	305	764	5564	3050
CNMD	8111	174	152043	1058	113	248	4751	1540
PCDH8	68	136	828	54	16	25	59	82
OLFM4	0	3	4	1	1	0	0	1
PRR20A	0	0	0	0	0	0	0	0
PRR20C	0	0	0	0	0	0	0	0
PRR20B	0	0	0	0	0	0	0	0
PRR20D	0	0	0	0	0	0	0	0
PRR20E	0	0	0	0	0	0	0	0
PCDH17	68	158	420	61	12	61	35	105
DIAPH3	2392	2612	27281	2514	395	811	1365	3262
TDRD3	975	1449	9190	686	213	280	612	1099
PCDH20	0	2	8	26	0	3	1	23
AL445989.1	0	0	9	1	0	0	2	1
AL445238.1	0	0	0	4	0	0	0	0
PCDH9	119	3091	1094	1624	399	1153	62	1429
KLHL1	0	9	1	3	3	2	0	1
DACH1	89	11359	821	2308	967	1701	70	6033
MZT1	4675	1540	49467	968	184	370	2957	1812
BORA	643	443	6859	198	38	78	344	305
DIS3	1948	689	19784	601	129	210	1036	760
PIBF1	532	2634	7093	1141	284	508	421	1900
KLF5	264	35	2289	120	23	47	129	139
KLF12	276	2043	3283	1033	239	481	181	1977
TBC1D4	699	827	6759	628	146	221	467	990
COMMD6	15230	5065	184856	3963	715	1477	10090	5307
UCHL3	5312	1119	51364	1059	187	312	2351	1707
LMO7	226	142	2448	178	28	36	147	252
KCTD12	85	67	1051	65	13	25	92	37
ACOD1	0	2	2	0	0	0	1	1
CLN5	590	373	6737	203	43	86	311	349
FBXL3	404	272	4599	192	41	77	237	287
MYCBP2	1714	1835	26663	1114	229	397	1229	1679
SCEL	1	1	14	0	1	0	1	0
SLAIN1	467	942	5953	360	111	149	312	683
EDNRB	3019	952	83535	1036	132	457	170	1678
POU4F1	19	16	221	22	3	5	18	32
OBI1	1403	915	9148	752	149	282	838	965
RBM26	3391	2590	39306	1649	352	693	2057	2716
NDFIP2	1303	426	13734	350	53	125	565	508
SPRY2	2825	1582	21062	717	162	286	1247	1483
SLITRK1	0	4	13	4	3	1	1	7
SLITRK6	14	14	107	11	5	11	11	1
SLITRK5	54	393	535	143	19	32	104	214
GPC5	3	131	38	285	38	82	2	106
GPC6	391	8633	5519	3523	1293	2039	521	8909
DCT	10	35	145	18	8	19	5	33
TGDS	971	320	9296	216	56	96	661	355
GPR180	722	455	5931	321	81	151	406	494
SOX21	603	308	5641	105	45	97	316	223
ABCC4	204	585	1944	326	48	101	146	411
CLDN10	934	264	9940	1411	123	202	1217	193
DZIP1	348	880	3846	347	89	155	234	689
DNAJC3	2412	569	26756	638	127	212	1307	966
UGGT2	687	2161	13457	1202	269	478	514	2110
HS6ST3	26	166	405	417	137	136	12	593
OXGR1	7	8	39	4	0	2	2	4
MBNL2	19	873	196	333	84	216	7	414
RAP2A	616	488	6945	449	91	141	392	591
IPO5	6535	2140	71498	1645	303	680	4188	2760
FARP1	1015	2368	14015	1358	297	554	734	2380
RNF113B	1	2	2	2	0	0	3	4
STK24	3553	1516	39753	1262	232	489	1993	2087
SLC15A1	28	12	599	46	4	6	23	16
DOCK9	233	220	2894	338	69	91	95	403
UBAC2	2524	1784	31970	1569	286	547	1479	2311
GPR18	3	18	12	11	0	8	1	14
GPR183	0	21	6	10	0	6	0	6
TM9SF2	2895	1081	35984	876	185	344	1803	1371
CLYBL	220	2156	3286	715	226	355	166	1745
ZIC5	522	772	4388	300	83	252	904	704
ZIC2	2412	3485	14205	1420	439	977	4825	3536
PCCA	1065	3749	12587	2500	543	963	738	4071
GGACT	30	64	381	20	14	12	45	46
TMTC4	545	655	6150	350	78	105	454	584
NALCN	20	165	89	43	24	22	3	47
ITGBL1	24	10	88	7	1	1	7	7
FGF14	5	276	62	81	35	44	5	188
TPP2	2095	966	23172	768	144	274	1260	1310
METTL21C	1	2	3	0	0	0	0	1
CCDC168	11	28	139	7	3	7	4	24
TEX30	823	655	9245	299	59	115	471	485
POGLUT2	283	338	5225	171	30	55	260	327
BIVM	137	185	2052	80	28	26	110	143
ERCC5	56	310	754	185	52	95	22	392
SLC10A2	0	0	1	0	0	1	0	0
DAOA	0	0	0	0	0	0	0	0
EFNB2	430	1725	3383	839	192	446	507	1566
ARGLU1	7931	4293	96455	2710	501	1177	5680	4061
FAM155A	90	1381	2798	2186	464	613	214	3553
LIG4	164	182	1947	68	19	33	81	120
ABHD13	462	339	6074	209	45	76	273	260
TNFSF13B	11	75	112	50	4	17	15	54
MYO16	1	437	36	119	71	79	4	240
IRS2	1288	292	12448	388	70	106	578	485
COL4A1	1629	713	7591	303	109	200	764	894
COL4A2	1553	1864	11033	615	218	418	827	1628
RAB20	597	39	8165	114	16	37	374	175
NAXD	379	218	6416	169	29	56	206	223
CARS2	1650	658	16907	490	90	203	897	697
ING1	1595	358	16782	325	56	118	885	530
ANKRD10	3183	1687	47331	1393	234	626	2061	2235
ARHGEF7	867	1033	10932	626	156	258	491	1114
TEX29	3	7	42	2	1	1	1	18
SOX1	117	600	315	58	80	112	49	337
SPACA7	0	0	0	3	2	0	0	0
TUBGCP3	258	891	3138	474	112	188	166	915
ATP11A	967	1035	8148	772	184	271	575	1472
MCF2L	160	630	1924	249	63	97	130	628
F7	13	2	161	2	0	0	2	3
F10	10	57	167	51	2	9	16	45
PROZ	3	1	15	1	0	1	1	1
PCID2	3304	879	36103	709	138	284	1745	1178
CUL4A	2553	882	38306	954	181	351	1372	1572
LAMP1	4904	899	82250	971	161	267	2614	1429
GRTP1	1953	364	36839	689	103	189	976	1019
ADPRHL1	26	25	417	25	8	8	16	47
DCUN1D2	264	498	3528	276	93	143	162	595
TMCO3	1333	480	15641	346	89	140	475	750
TFDP1	1463	892	15762	632	100	245	795	972
ATP4B	0	1	2	0	0	0	0	0
GRK1	0	1	2	0	0	0	0	0
TMEM255B	91	69	1653	28	6	17	90	109
GAS6	472	647	5798	218	62	111	209	373
C13orf46	0	0	0	1	0	0	0	6
RASA3	316	325	4031	146	36	70	139	380
CFAP97D2	0	4	3	1	0	0	0	5
CDC16	4196	791	34772	823	156	291	1369	1364
UPF3A	4129	2698	45138	1515	298	526	2561	2700
CHAMP1	1132	717	11830	389	84	153	544	438
OR11H12	0	0	0	0	0	0	0	0
POTEM	0	0	0	0	0	0	0	0
POTEG	0	1	0	1	0	1	0	0
OR11H2	0	0	0	0	0	0	0	0
OR4N2	0	0	0	2	0	1	0	0
OR4Q3	0	0	0	0	0	0	0	0
OR4M1	0	0	0	0	0	0	0	0
OR4K2	0	0	0	0	0	0	0	0
OR4K5	0	0	0	0	0	0	0	0
OR4K1	0	0	0	0	0	0	0	0
OR4K15	0	0	0	0	0	0	0	0
OR4K14	0	0	0	0	0	0	0	0
OR4K13	0	0	1	1	0	0	0	0
OR4L1	0	0	0	0	0	0	0	0
OR4K17	0	0	0	0	0	0	0	0
OR4N5	0	0	0	0	0	0	0	0
OR11G2	4	2	6	1	0	1	0	3
OR11H6	0	0	0	0	0	0	0	0
OR11H4	0	0	0	0	0	0	0	0
TTC5	938	426	12342	268	74	110	578	442
CCNB1IP1	10172	3723	132576	2621	385	942	8381	4586
PARP2	1359	515	18821	315	71	119	840	544
TEP1	59	93	743	51	13	13	33	76
KLHL33	0	0	31	0	0	0	1	0
OSGEP	1807	617	18227	529	96	159	851	804
APEX1	15772	3778	190956	3369	559	1162	10137	5036
PIP4P1	1216	273	19649	265	39	87	720	446
PNP	3399	495	43043	590	95	139	1441	728
RNASE10	0	0	0	0	0	0	0	0
RNASE9	1	0	51	1	0	0	0	3
RNASE11	0	1	1	0	0	0	0	0
RNASE12	0	0	0	0	0	0	0	0
OR6S1	0	0	0	0	0	0	0	0
ANG	185	49	3076	31	11	14	64	51
RNASE4	1	59	89	44	10	15	1	36
EDDM3A	0	0	4	0	0	0	0	1
EDDM3B	0	2	4	1	0	0	0	0
RNASE6	17	0	244	5	0	0	6	2
RNASE1	223	8	3949	14	1	2	21	70
RNASE3	0	0	0	0	0	0	0	0
RNASE2	0	0	0	0	0	0	0	0
METTL17	891	345	16423	218	39	93	648	419
SLC39A2	2	3	28	0	1	3	1	3
NDRG2	320	134	4785	137	31	50	222	168
TPPP2	2	1	17	4	0	0	1	3
RNASE13	0	0	0	0	0	0	0	0
RNASE7	0	0	0	0	0	0	0	0
RNASE8	0	0	0	0	0	0	0	0
ARHGEF40	508	449	5895	276	69	93	470	388
ZNF219	1352	929	19468	425	94	176	959	813
TMEM253	42	18	896	7	4	3	29	22
OR5AU1	0	0	5	0	0	0	0	0
HNRNPC	23838	11017	258292	9749	1735	3636	13587	15078
RPGRIP1	17	23	215	10	1	6	6	21
SUPT16H	12324	4122	125626	3599	617	1227	7705	5385
CHD8	3609	1325	38942	999	213	364	1848	1601
RAB2B	481	488	5942	270	65	121	332	497
TOX4	2091	856	28462	595	129	219	1319	901
METTL3	1657	453	30021	352	57	133	917	597
SALL2	2074	869	30710	634	123	254	1342	984
OR10G3	0	1	13	0	0	0	1	0
TRAV1-1	0	0	0	0	0	0	0	0
OR10G2	0	0	0	0	0	0	0	0
TRAV1-2	1	0	2	0	0	0	0	0
OR4E2	1	0	1	0	0	0	0	0
OR4E1	0	0	0	0	0	0	0	0
TRAV2	0	0	0	0	0	0	0	0
TRAV3	0	0	25	1	0	0	1	0
TRAV4	0	0	2	0	0	0	0	0
TRAV5	0	0	0	0	0	0	0	0
TRAV6	0	1	0	0	0	0	0	0
TRAV7	0	0	0	0	0	0	0	0
TRAV8-1	0	0	0	0	0	0	0	0
TRAV9-1	0	0	0	0	0	0	0	0
TRAV10	0	0	0	0	0	0	0	0
TRAV11	0	0	0	0	0	0	0	0
TRAV12-1	0	0	0	0	0	0	0	0
TRAV8-2	0	0	0	0	0	0	0	0
TRAV8-3	0	0	2	0	0	0	0	0
TRAV13-1	0	0	2	0	0	0	0	0
TRAV12-2	0	0	0	0	0	0	0	0
TRAV8-4	0	0	1	0	0	0	0	0
TRAV8-5	0	0	0	0	0	0	0	0
TRAV13-2	0	1	1	0	0	0	0	0
TRAV14DV4	0	0	0	0	0	0	0	0
TRAV9-2	0	0	0	0	0	0	0	0
TRAV15	0	0	0	0	0	0	0	0
TRAV12-3	0	0	0	0	0	0	0	0
TRAV8-6	0	0	0	0	0	0	0	0
TRAV16	0	0	0	0	0	0	0	0
TRAV17	0	0	11	0	0	0	0	1
TRAV18	0	0	2	0	1	0	1	1
TRAV19	0	0	5	0	0	0	3	1
TRAV20	0	0	0	0	0	0	0	0
TRAV21	0	0	0	0	0	0	0	0
TRAV22	0	0	2	0	0	0	0	0
TRAV23DV6	0	0	0	0	0	0	0	0
TRDV1	0	0	0	0	0	0	0	0
TRAV24	0	0	0	0	0	0	0	0
TRAV25	0	0	0	0	0	0	0	0
TRAV26-1	0	0	0	0	0	0	0	0
TRAV8-7	0	0	0	0	0	0	0	0
TRAV27	0	0	0	0	0	0	0	0
TRAV28	0	0	0	0	0	0	0	0
TRAV29DV5	0	0	0	0	0	0	0	0
TRAV30	0	0	0	0	1	0	0	0
TRAV31	0	0	0	0	0	0	0	0
TRAV32	0	0	0	0	0	0	0	0
TRAV33	0	0	0	0	0	0	0	0
TRAV26-2	0	0	0	0	0	0	0	0
TRAV34	0	0	0	0	0	0	0	0
TRAV35	0	0	0	0	0	0	0	0
TRAV36DV7	0	0	4	0	0	0	0	0
TRAV37	0	0	0	0	0	0	0	0
TRAV38-1	0	0	0	0	0	0	0	0
TRAV38-2DV8	0	0	0	0	0	0	0	0
TRAV39	0	0	0	0	0	0	0	0
TRAV40	0	0	0	0	0	0	0	0
TRAV41	0	0	2	0	0	0	0	0
TRDV2	0	0	0	0	0	0	0	0
TRDD1	0	0	0	0	0	0	0	0
TRDD2	0	0	0	0	0	0	0	0
TRDD3	0	0	0	0	0	0	0	0
TRDJ1	0	0	0	0	0	0	0	0
TRDJ4	0	0	0	0	0	0	0	0
TRDJ2	0	0	0	0	0	0	0	0
TRDJ3	0	0	0	0	0	0	0	0
TRDC	0	3	13	1	0	0	0	2
TRDV3	0	0	1	0	0	0	0	0
TRAJ61	0	0	0	0	0	0	0	0
TRAJ60	0	0	0	0	0	0	0	1
TRAJ59	0	0	0	0	0	0	0	0
TRAJ58	0	0	0	0	0	0	0	0
TRAJ57	0	0	0	0	0	0	0	0
TRAJ56	0	0	0	0	0	0	0	0
TRAJ55	0	0	0	0	0	0	0	0
TRAJ54	0	0	0	0	0	0	0	0
TRAJ53	0	0	0	0	0	0	0	0
TRAJ52	0	0	0	0	0	0	0	0
TRAJ51	0	0	0	0	0	0	0	0
TRAJ50	0	0	0	0	0	0	0	0
TRAJ49	0	0	0	0	0	0	0	0
TRAJ48	0	0	0	0	0	0	0	0
TRAJ47	0	0	0	0	0	0	0	0
TRAJ46	0	0	0	0	0	0	0	0
TRAJ45	0	0	0	0	0	0	0	0
TRAJ44	0	0	0	0	0	0	0	0
TRAJ43	0	0	0	0	0	0	0	0
TRAJ42	0	0	0	0	0	0	0	0
TRAJ41	0	0	0	0	0	0	0	0
TRAJ40	0	0	0	0	0	0	0	0
TRAJ39	0	0	0	0	0	0	0	0
TRAJ38	0	0	0	0	0	0	0	0
TRAJ37	0	0	0	0	0	0	0	0
TRAJ36	0	0	0	0	0	0	0	0
TRAJ35	0	0	0	0	0	0	0	0
TRAJ34	0	0	0	0	0	0	0	0
TRAJ33	0	0	0	0	0	0	0	0
TRAJ32	0	0	0	0	0	0	0	0
TRAJ31	0	1	0	0	0	0	0	0
TRAJ30	0	0	0	0	0	0	0	0
TRAJ29	0	0	0	0	0	0	0	0
TRAJ28	0	0	0	0	0	0	0	0
TRAJ27	0	0	0	0	0	0	0	0
TRAJ26	0	0	0	0	0	0	0	0
TRAJ25	0	0	0	0	0	0	0	0
TRAJ24	0	0	0	0	0	0	0	0
TRAJ23	0	1	0	0	0	0	0	0
TRAJ22	0	0	0	0	0	0	0	0
TRAJ21	0	0	0	0	0	0	0	0
TRAJ20	0	0	0	0	0	0	0	0
TRAJ19	0	0	0	0	0	0	0	0
TRAJ18	0	0	0	0	0	0	0	0
TRAJ17	0	0	0	0	0	0	0	0
TRAJ16	0	0	0	0	0	0	0	0
TRAJ14	0	0	0	0	0	0	0	0
TRAJ13	0	0	0	0	0	0	0	0
TRAJ12	0	0	0	0	0	0	0	0
TRAJ11	0	0	0	0	0	0	0	0
TRAJ10	0	0	0	0	0	0	0	0
TRAJ9	0	0	0	0	0	0	0	0
TRAJ8	0	0	0	0	0	0	0	0
TRAJ7	0	0	0	0	0	0	0	0
TRAJ6	0	0	0	0	0	0	0	0
TRAJ5	0	0	0	0	0	0	0	0
TRAJ4	0	0	0	0	0	0	0	0
TRAJ3	0	0	0	0	0	0	0	0
TRAJ2	0	0	0	0	0	0	0	0
TRAJ1	0	0	0	0	0	0	0	0
TRAC	85	11	1655	2	1	3	17	31
DAD1	13186	4284	181074	3171	528	1066	7200	4451
ABHD4	343	80	5642	59	25	22	121	97
OR6J1	0	2	0	0	0	1	0	0
OXA1L	3675	797	49645	564	106	236	1763	1188
SLC7A7	54	20	1330	45	2	9	29	22
MRPL52	9099	2263	124763	1894	314	669	5667	2880
MMP14	248	56	2441	40	5	17	74	105
LRP10	767	163	12016	122	26	37	258	187
REM2	59	33	831	13	5	6	24	15
RBM23	916	799	15256	489	106	173	604	669
PRMT5	3069	532	40918	521	75	170	1616	783
HAUS4	229	795	2520	480	127	194	193	877
AJUBA	166	187	3012	87	19	61	126	142
C14orf93	188	182	2579	83	24	45	131	191
PSMB5	28029	5294	331337	4484	795	1602	14312	7376
PSMB11	0	0	3	0	0	0	0	0
CDH24	114	102	1778	46	14	27	111	102
ACIN1	4882	1756	60271	1674	275	578	2494	2071
C14orf119	5209	930	68135	1156	178	361	3047	1561
LMLN2	0	0	1	0	0	0	1	2
CEBPE	2	0	20	1	0	0	3	3
SLC7A8	2196	336	22150	863	133	293	2045	1227
RNF212B	26	29	273	21	7	6	18	44
HOMEZ	74	191	1910	91	18	42	92	132
PPP1R3E	95	185	1950	56	15	28	93	66
BCL2L2	144	114	2586	80	9	36	143	87
BCL2L2-PABPN1	0	135	3	59	13	29	0	68
PABPN1	6586	2390	83758	1695	290	692	4181	2448
SLC22A17	234	385	5644	186	43	76	247	256
EFS	233	441	3301	217	49	88	258	356
IL25	0	0	13	0	0	0	0	1
CMTM5	1	31	119	9	2	11	12	15
MYH6	1	4	46	10	1	0	1	2
MYH7	0	7	19	0	0	0	0	2
NGDN	2699	647	36277	606	80	192	1249	835
ZFHX2	450	325	7236	219	49	69	460	329
THTPA	485	6	8963	3	2	4	439	6
AP1G2	654	67	9260	124	18	38	379	155
JPH4	153	59	4468	66	10	43	134	115
DHRS2	10	5	612	0	0	3	3	17
DHRS4	54	113	1567	137	15	37	73	213
DHRS4L2	311	247	2550	327	34	95	200	422
CARMIL3	33	9	409	6	0	4	19	12
CPNE6	0	0	45	0	0	0	1	0
NRL	42	70	891	40	2	14	31	60
PCK2	593	283	15511	267	23	104	500	390
DCAF11	1141	323	21306	259	59	99	736	420
FITM1	2	0	71	0	0	0	1	0
PSME1	3000	1204	50722	785	161	266	1775	1090
EMC9	2464	534	28931	506	81	197	1652	902
PSME2	5928	1608	62963	1161	183	384	3425	1769
RNF31	14	143	180	82	23	45	3	174
IRF9	80	50	894	28	6	14	31	60
REC8	931	405	12373	156	38	77	604	328
IPO4	726	201	7961	198	30	59	449	304
TM9SF1	169	425	2200	308	53	118	126	384
TSSK4	2	1	10	0	0	0	3	2
CHMP4A	3273	968	26938	705	126	264	1828	1230
MDP1	245	631	3656	422	82	144	171	569
NEDD8	20582	5156	233878	4344	795	1434	11069	6263
GMPR2	2452	698	40550	541	96	219	1537	970
TINF2	795	320	12282	194	40	72	502	315
TGM1	6	1	85	8	0	2	3	1
RABGGTA	453	105	6456	79	18	30	257	153
DHRS1	299	183	6360	108	28	64	193	112
NOP9	341	67	4006	62	16	22	189	120
CIDEB	50	8	65	14	0	6	123	6
LTB4R2	4	0	120	0	1	0	6	5
LTB4R	48	4	1022	24	1	6	61	25
ADCY4	4	1	113	0	1	2	2	2
RIPK3	5	0	124	1	0	0	1	1
NFATC4	509	193	8295	126	22	58	407	256
NYNRIN	182	98	3402	87	23	45	94	97
CBLN3	1	1	251	1	1	0	7	5
KHNYN	139	98	3333	58	16	27	108	96
SDR39U1	931	608	16724	302	52	128	811	568
CMA1	0	0	3	0	0	0	0	0
CTSG	0	1	14	0	0	0	1	0
GZMH	0	0	0	0	0	0	0	0
GZMB	0	0	1	0	0	0	0	0
STXBP6	699	187	16644	277	52	128	435	248
NOVA1	1023	2208	18238	880	301	488	991	1792
FOXG1	13	31	144	18	7	28	3	30
PRKD1	20	958	572	729	188	231	76	708
G2E3	2586	2070	26462	1346	239	472	1633	2099
SCFD1	3706	2266	45431	1640	289	602	2109	2504
COCH	425	156	5129	193	25	42	357	129
STRN3	1919	2574	21653	1826	397	754	1237	2676
AP4S1	490	334	5084	261	48	93	259	404
HECTD1	2947	1915	31050	1418	290	457	1438	1922
HEATR5A	626	421	8479	406	89	143	368	605
DTD2	395	293	3292	193	48	70	243	314
GPR33	0	0	0	1	0	0	0	0
NUBPL	628	1105	8875	632	151	266	419	979
ARHGAP5	1269	2287	12591	1145	280	548	761	1770
AKAP6	6	180	87	104	32	60	5	163
NPAS3	12	6919	108	1029	727	960	20	3587
EGLN3	958	254	12727	300	42	179	734	438
SPTSSA	4391	1254	49918	1086	144	344	2308	1490
EAPP	2975	1199	33022	842	162	348	1613	1186
SNX6	6627	2973	67707	2246	469	850	4593	3612
CFL2	716	736	10720	368	96	158	543	525
BAZ1A	2944	1880	18481	982	252	285	1612	1955
SRP54	3680	1575	36983	1248	243	443	2269	1824
FAM177A1	2791	945	33826	723	172	235	1840	1155
PPP2R3C	2084	985	19963	545	122	237	968	905
PRORP	62	909	757	673	164	252	42	1190
PSMA6	565	3686	5895	3703	610	1228	289	5226
NFKBIA	1766	268	14487	473	65	153	1006	584
INSM2	4	0	18	2	0	0	2	2
RALGAPA1	426	1458	5834	911	233	326	275	1264
BRMS1L	714	364	9406	277	59	114	441	444
MBIP	1995	839	28958	756	126	256	1257	797
SFTA3	1	14	17	0	1	0	1	4
NKX2-1	0	6	5	0	3	0	0	0
NKX2-8	0	1	22	0	1	0	0	2
PAX9	1	3	15	1	0	0	2	0
SLC25A21	513	704	4841	740	138	204	457	1408
MIPOL1	476	1203	5512	979	176	309	406	1044
FOXA1	6	12	25	1	6	4	2	2
TTC6	12	68	162	16	27	20	6	48
SSTR1	14	7	1017	1	1	2	22	5
CLEC14A	5	37	1062	11	9	15	3	34
SEC23A	1340	1139	14800	713	140	255	727	1069
GEMIN2	2344	660	32636	515	89	158	1512	671
TRAPPC6B	968	279	10620	257	51	106	501	345
PNN	16540	4658	180399	3418	702	1437	10388	5414
MIA2	654	524	6948	300	81	122	399	549
FBXO33	663	297	9254	333	62	113	331	458
LRFN5	667	222	2161	628	83	147	132	1175
FSCB	0	0	0	0	0	0	0	2
C14orf28	140	67	2679	43	12	18	100	98
KLHL28	407	559	4295	299	68	136	287	464
TOGARAM1	444	840	4859	539	125	195	249	681
PRPF39	589	736	5688	476	93	196	331	611
FKBP3	11568	4513	168244	3423	634	1337	7943	5096
FANCM	511	631	5339	309	74	138	311	501
MIS18BP1	6469	2373	66198	2001	369	717	3662	3143
RPL10L	41	1	308	0	0	0	1	5
MDGA2	332	1163	169	409	189	237	51	919
RPS29	65932	18421	684543	16752	3224	6543	39117	27482
LRR1	2441	640	25323	577	83	179	1327	854
RPL36AL	35390	4137	432439	5431	820	2056	18214	8968
MGAT2	914	218	10168	180	47	53	479	276
DNAAF2	2764	868	32360	767	131	260	1440	1074
POLE2	870	794	9469	455	80	174	547	682
KLHDC1	4	88	38	35	5	19	3	34
KLHDC2	3091	1054	37452	774	151	286	1840	1251
NEMF	2977	1609	33085	1195	259	422	1745	1802
ARF6	3356	574	35891	717	106	250	1727	1023
VCPKMT	593	349	6343	245	53	89	300	328
SOS2	339	1137	3483	548	161	226	250	958
L2HGDH	788	557	7914	378	106	145	484	619
DMAC2L	1236	493	16154	339	95	150	765	589
CDKL1	36	195	343	99	19	51	26	212
MAP4K5	786	1416	9404	873	203	372	493	1322
ATL1	144	120	2177	84	25	36	65	136
SAV1	3234	681	53042	703	118	226	2105	1192
NIN	471	1282	7346	627	166	236	428	1177
PYGL	2528	267	28633	366	96	119	1376	730
ABHD12B	2584	49	9122	210	132	32	615	945
TRIM9	45	45	582	44	9	26	36	83
TMX1	4011	1150	60569	884	186	418	2471	1491
FRMD6	351	313	2994	294	59	65	187	315
GNG2	137	503	2228	164	73	129	83	319
RTRAF	26019	5621	298891	5361	884	1834	14761	7922
NID2	33	52	655	47	5	12	20	33
PTGDR	4	1	37	2	0	0	0	6
PTGER2	8	0	336	2	0	2	6	2
TXNDC16	237	424	2938	229	56	89	180	335
GPR137C	57	1369	616	560	148	227	50	873
ERO1A	1465	447	20477	452	112	208	1351	705
PSMC6	9786	1902	105784	1764	275	635	4854	2685
STYX	1278	305	12012	372	87	123	736	665
GNPNAT1	3184	536	27483	623	106	261	1787	1084
FERMT2	2862	1868	37223	1778	292	602	1955	2132
DDHD1	811	919	8967	628	155	184	579	911
BMP4	624	250	5814	354	65	68	444	259
CDKN3	5003	1841	67942	1280	205	439	1902	1594
CNIH1	4225	1265	54461	1048	183	434	2498	1568
GMFB	2900	574	33446	676	110	240	1613	903
CGRRF1	964	431	11767	271	55	90	546	437
SAMD4A	276	173	3787	499	138	121	73	533
GCH1	332	47	3994	125	19	31	190	204
WDHD1	4716	1394	51903	1351	277	384	2265	2361
SOCS4	1187	505	17263	468	81	136	609	591
MAPK1IP1L	4275	1902	50679	1453	281	522	2725	2031
LGALS3	514	89	7994	342	24	120	332	159
DLGAP5	6669	2988	67672	2151	439	770	4721	3409
FBXO34	434	725	5256	532	108	181	291	643
ATG14	577	500	5424	371	73	156	328	492
TBPL2	10	15	110	4	0	0	1	9
KTN1	8475	4052	79671	3114	646	1232	5118	4878
PELI2	149	821	3606	418	138	225	146	884
TMEM260	468	442	4900	365	66	127	348	493
OTX2	315	444	5781	323	44	152	551	341
EXOC5	2184	1582	23901	892	191	375	1413	1467
AP5M1	1320	487	15044	360	59	139	608	599
NAA30	866	294	10021	270	51	88	522	464
CCDC198	4	6	30	1	0	0	2	0
SLC35F4	3	310	29	54	32	38	1	122
ARMH4	470	1058	7285	447	153	217	349	719
ACTR10	3443	974	36778	779	147	281	1746	973
PSMA3	22962	3460	269594	4101	589	1220	11488	5635
ARID4A	1124	1055	13251	462	123	232	604	919
TOMM20L	2	22	15	4	3	5	5	10
TIMM9	4241	807	54260	788	145	270	2715	1257
KIAA0586	1596	1145	17918	532	104	247	993	1119
DACT1	1299	106	10116	189	34	58	589	242
DAAM1	2414	2788	27558	1176	286	464	1208	2022
GPR135	33	139	410	89	28	37	27	101
L3HYPDH	249	125	3008	115	20	26	145	117
JKAMP	1849	934	18700	508	111	215	1074	771
CCDC175	2	116	39	53	16	11	4	69
RTN1	123	288	1193	124	40	67	116	216
LRRC9	24	353	217	135	36	65	18	147
PCNX4	986	1715	10787	1027	224	419	717	1413
DHRS7	1545	874	21358	497	116	199	1066	1023
PPM1A	1675	690	17393	508	92	206	826	847
C14orf39	28	162	118	143	15	24	51	95
SIX6	4	43	104	2	3	7	0	13
SIX1	11	109	281	29	5	23	13	65
SIX4	651	207	6957	156	28	63	378	363
MNAT1	4069	2544	45849	2036	459	758	1929	3448
TRMT5	1136	279	12556	276	47	114	692	410
SLC38A6	322	472	3661	237	48	104	167	415
PRKCH	56	64	743	178	21	68	48	122
TMEM30B	395	9	4882	60	15	22	137	103
HIF1A	4234	1861	52527	1848	304	606	2508	2400
SNAPC1	2111	725	24791	498	102	187	1321	831
SYT16	13	51	195	49	14	13	18	54
KCNH5	28	154	1296	161	25	41	19	278
RHOJ	2	27	34	22	2	7	2	22
GPHB5	0	1	0	0	0	0	0	0
PPP2R5E	3439	3041	35522	1983	447	841	2303	3371
WDR89	950	419	9488	304	55	127	605	495
SGPP1	66	196	1620	151	25	51	39	125
SYNE2	5510	5239	46405	2533	790	1337	2792	5998
ESR2	33	289	778	136	42	59	46	230
MTHFD1	2953	654	42507	706	111	233	1642	881
ZBTB25	399	249	3862	165	32	70	288	310
AKAP5	87	29	1026	22	5	8	49	44
ZBTB1	647	711	6039	559	88	211	421	720
HSPA2	1680	80	27825	320	46	54	610	261
PPP1R36	16	4	173	13	2	4	7	33
PLEKHG3	264	116	3938	120	9	33	167	154
SPTB	11	22	143	19	1	8	11	19
CHURC1	3634	1941	32716	1266	385	542	1904	2503
GPX2	682	12	1934	9	1	7	49	26
RAB15	793	63	12212	157	31	38	290	249
FNTB	245	352	3778	229	69	106	130	374
MAX	1505	582	23432	568	109	218	914	914
FUT8	551	2095	4598	1379	359	754	542	2060
CCDC196	0	13	0	12	4	3	0	8
GPHN	410	3771	4060	2272	520	704	205	3483
FAM71D	48	9	465	4	1	3	19	15
MPP5	637	869	6010	614	149	242	345	889
ATP6V1D	5169	1817	69972	1420	268	520	2924	2215
EIF2S1	7240	1249	80479	1286	227	402	3879	1811
PLEK2	54	1	673	12	0	2	9	11
TMEM229B	4	12	105	9	0	2	1	9
PLEKHH1	294	156	4066	176	24	38	255	214
PIGH	176	206	5564	81	24	70	109	136
ARG2	1050	492	22130	333	56	153	790	624
VTI1B	4819	1240	59593	1126	213	390	2301	1618
RDH11	6155	1137	84610	1240	227	438	3464	2022
RDH12	55	9	972	21	4	13	41	30
ZFYVE26	247	208	2903	207	40	58	120	311
RAD51B	260	4490	3061	2800	770	1379	150	4874
ZFP36L1	5519	4868	52900	2571	516	1095	2879	3566
ACTN1	6573	1141	99533	1711	190	461	3457	2203
DCAF5	778	839	10494	539	115	216	423	819
EXD2	573	220	7626	189	42	66	348	308
GALNT16	26	198	385	36	21	36	19	106
ERH	31254	7900	375847	6232	1094	2310	17275	9826
SLC39A9	408	450	5285	310	57	119	245	484
PLEKHD1	15	1	265	3	2	0	3	14
CCDC177	4	8	96	1	4	6	17	10
SUSD6	153	181	1374	86	17	50	39	154
SRSF5	9256	5069	93555	2750	508	1283	5274	4755
SLC10A1	0	29	5	37	9	12	0	67
SMOC1	29	671	451	157	116	212	8	279
SLC8A3	12	31	207	23	5	7	4	19
COX16	1006	2390	14271	1915	366	631	570	2687
SYNJ2BP	1826	628	26052	516	91	211	908	885
ADAM21	0	1	16	1	0	0	1	3
ADAM20	3	3	35	0	2	0	2	4
MED6	2265	978	27828	640	126	249	1372	956
TTC9	432	164	12035	212	39	87	354	333
MAP3K9	382	220	4570	244	45	86	281	313
PCNX1	722	1844	7401	1075	270	363	413	1828
SIPA1L1	1745	2748	17050	2022	500	706	947	3503
RGS6	4	123	124	221	20	46	8	182
DPF3	9	32	76	41	8	9	3	32
DCAF4	1641	69	11658	160	28	38	433	194
ZFYVE1	255	143	2934	137	26	39	110	137
RBM25	16619	3434	225891	3184	556	1130	9103	4971
PSEN1	668	826	8242	636	128	217	391	760
PAPLN	53	25	713	65	9	19	33	29
NUMB	1099	1287	14045	1111	231	356	631	1439
HEATR4	0	90	66	45	14	12	5	89
RIOX1	908	106	9220	97	17	45	401	160
ACOT1	2	39	37	12	1	2	6	14
ACOT2	30	121	316	27	13	10	21	70
ACOT4	51	22	661	21	3	4	38	20
ACOT6	3	20	40	13	0	2	3	14
DNAL1	670	379	9695	185	45	78	360	353
PNMA1	828	542	11555	330	74	159	514	443
ELMSAN1	297	379	3296	219	52	61	229	228
PTGR2	886	368	9966	239	95	100	994	539
ZNF410	34	569	286	322	58	125	19	401
FAM161B	21	83	379	30	2	10	11	41
COQ6	289	176	4181	93	20	39	173	142
ENTPD5	212	245	2382	132	43	56	127	189
BBOF1	32	265	457	47	22	33	12	49
ALDH6A1	872	634	14686	369	71	141	750	564
LIN52	353	1010	4110	749	142	242	253	868
VSX2	9	0	76	1	0	0	0	1
ABCD4	1427	382	17790	359	49	141	719	515
VRTN	2815	87	35001	658	67	137	1519	754
SYNDIG1L	5	0	33	1	1	2	4	8
NPC2	12505	2401	219777	2917	460	1053	7482	4103
ISCA2	5335	1271	72091	1068	195	346	3089	1623
LTBP2	11	10	61	6	3	5	5	9
AREL1	244	394	3096	267	58	92	135	386
FCF1	826	375	9697	270	50	102	492	418
YLPM1	2149	1342	25797	937	208	407	1371	1613
PROX2	2	1	11	0	0	1	1	0
DLST	1047	488	15343	438	102	147	583	579
RPS6KL1	211	49	4179	60	5	20	107	77
PGF	160	156	2197	66	5	23	62	106
EIF2B2	1715	556	25028	391	64	127	829	598
MLH3	613	662	6710	382	75	140	528	505
ACYP1	1540	1065	23487	465	126	175	908	807
ZC2HC1C	127	36	1465	26	8	6	50	34
NEK9	279	572	4733	248	65	154	212	515
TMED10	6439	1755	92162	1471	279	621	4095	2466
FOS	3145	1758	17966	2117	258	602	2068	592
JDP2	487	145	6766	226	13	78	295	219
BATF	0	2	3	2	0	1	0	1
FLVCR2	122	65	1413	55	17	21	55	131
TTLL5	407	1402	4220	789	165	275	268	1294
ERG28	4239	1845	53134	1376	246	500	3019	1839
IFT43	829	1122	13328	603	112	244	536	950
TGFB3	11	18	85	21	2	9	4	19
GPATCH2L	2031	1007	20445	821	174	281	1229	1314
ESRRB	3	27	29	18	2	3	0	49
VASH1	28	242	569	55	30	46	35	138
ANGEL1	366	120	4166	119	24	42	229	156
LRRC74A	0	0	1	2	0	0	0	0
IRF2BPL	4316	625	21835	503	154	168	2037	990
CIPC	401	190	4232	137	26	59	282	174
TMEM63C	34	29	391	28	2	13	16	40
ZDHHC22	198	14	2821	24	8	13	111	55
NGB	19	23	201	13	5	4	5	19
POMT2	276	238	3846	122	23	41	121	203
GSTZ1	1653	674	33390	544	81	235	1259	929
TMED8	785	456	8607	301	66	94	461	492
SAMD15	38	124	570	30	14	46	27	63
NOXRED1	2	26	32	17	4	13	0	48
VIPAS39	522	205	5976	129	25	49	323	245
AHSA1	7360	1200	102777	1220	208	360	3871	1813
ISM2	14	10	159	3	1	0	8	6
SPTLC2	1841	558	21781	650	130	186	1002	971
ALKBH1	597	335	9295	292	39	89	332	386
SLIRP	30704	3363	386171	4457	650	1358	15000	6609
SNW1	5539	1990	79138	1436	291	562	3314	2251
C14orf178	0	48	22	12	1	3	0	23
ADCK1	252	165	5156	154	31	44	103	148
NRXN3	131	1961	1512	1805	209	787	141	1495
DIO2	6	41	74	25	2	14	11	19
CEP128	363	1526	4755	954	228	342	302	1434
TSHR	0	37	13	17	8	8	2	24
GTF2A1	1311	709	16735	600	103	217	874	910
STON2	274	617	2393	347	81	180	190	618
SEL1L	713	465	8612	311	52	128	486	473
FLRT2	184	462	1073	382	95	138	137	541
GALC	218	318	2625	129	29	68	150	215
GPR65	1	0	2	1	0	0	0	0
KCNK10	38	1172	506	156	102	125	20	495
SPATA7	427	640	5985	355	76	177	276	701
PTPN21	122	272	1905	207	51	74	115	285
ZC3H14	2816	1444	35438	1096	211	414	1740	1521
EML5	25	93	388	61	23	61	16	124
TTC8	356	813	5866	352	77	162	280	526
FOXN3	5327	2672	59817	4780	1156	1479	3237	10135
EFCAB11	868	734	11233	597	154	230	621	830
TDP1	1417	577	16967	389	89	160	916	597
KCNK13	10	40	233	75	2	13	11	16
PSMC1	908	1888	9475	1552	266	566	453	2288
NRDE2	379	451	5181	230	47	85	269	350
CALM1	39613	9388	496651	9114	1609	3505	20394	15681
TTC7B	190	648	3955	437	104	139	130	588
RPS6KA5	228	791	3015	417	103	172	159	657
DGLUCY	253	477	5299	269	51	125	182	428
GPR68	3	11	33	4	1	0	3	9
CCDC88C	958	1004	6997	525	107	212	530	928
PPP4R3A	3388	1284	37403	1148	216	379	1932	1705
CATSPERB	0	7	3	38	8	8	1	49
TC2N	61	29	820	132	29	39	37	230
FBLN5	19	12	372	12	2	1	17	11
TRIP11	2299	1104	25428	955	149	330	1365	1304
ATXN3	2621	1002	24365	748	177	319	1249	1257
NDUFB1	9473	1998	94808	1946	358	485	4595	2447
CPSF2	4020	1091	37920	930	190	331	2057	1582
SLC24A4	3	9	76	15	0	1	4	7
RIN3	35	73	365	43	8	11	11	50
LGMN	1802	675	24152	507	109	181	1202	845
GOLGA5	871	353	11315	307	50	99	520	444
CHGA	17	10	184	17	2	2	7	28
ITPK1	19	233	236	306	66	101	15	554
MOAP1	2	297	38	205	37	90	3	267
TMEM251	8	608	259	489	79	143	3	693
GON7	9	382	194	219	53	88	9	363
UBR7	182	469	2607	219	50	100	94	417
BTBD7	173	1206	1831	837	162	306	90	1376
UNC79	3	354	80	200	27	82	3	426
COX8C	6	6	18	2	1	1	0	6
PRIMA1	8	49	16	40	16	15	3	91
FAM181A	0	443	0	35	26	52	0	174
ASB2	1	41	3	9	5	7	0	19
CCDC197	0	0	0	0	0	0	0	0
OTUB2	3	63	59	35	10	15	5	41
DDX24	770	2212	7562	1990	330	629	451	2545
IFI27L1	571	810	9041	402	114	158	439	686
IFI27	6	83	275	16	4	15	13	42
IFI27L2	629	909	12572	591	122	212	553	656
PPP4R4	9	410	236	181	37	72	8	256
SERPINA10	0	1	0	0	0	1	0	1
SERPINA6	0	2	0	0	0	0	0	0
SERPINA1	4	21	91	16	4	1	8	19
SERPINA11	7	1	216	3	0	0	5	3
SERPINA9	0	0	0	0	0	0	0	0
SERPINA12	0	1	1	0	0	0	0	0
SERPINA4	0	0	0	0	0	0	0	0
SERPINA5	11	31	489	28	2	7	29	27
SERPINA3	0	1	0	2	0	0	0	0
GSC	88	40	268	56	4	9	57	207
DICER1	2763	2089	24481	1250	240	523	1703	2007
CLMN	57	272	958	118	20	62	101	249
SYNE3	3	4	42	6	0	1	1	2
GLRX5	10108	3343	130791	2610	568	971	6419	3858
TCL1B	295	10	3347	121	7	9	189	20
TCL1A	245	8	2244	6	3	7	80	14
TUNAR	1359	107	28854	454	45	92	913	502
C14orf132	418	507	4438	250	53	132	340	370
BDKRB2	1	8	33	23	1	4	1	10
BDKRB1	0	0	22	4	0	0	0	3
ATG2B	269	267	3997	210	43	94	129	298
GSKIP	2055	512	27503	480	81	162	1270	685
AK7	85	154	1357	79	19	34	61	108
PAPOLA	7818	3220	95056	2411	478	955	5190	4062
VRK1	4886	1888	66958	1463	346	486	3225	2463
C14orf177	0	0	0	0	0	0	0	0
BCL11B	972	85	4865	303	82	48	441	606
SETD3	2074	699	24266	585	132	240	1156	1101
CCNK	2271	770	26849	663	106	230	1239	926
CCDC85C	367	358	4200	199	58	97	222	374
HHIPL1	117	47	1119	39	8	19	26	40
CYP46A1	54	504	635	188	74	164	27	316
EML1	371	1108	3915	483	122	193	273	692
EVL	1406	2235	15256	1052	265	443	826	1816
DEGS2	68	9	1540	5	0	1	40	10
YY1	11616	2486	120127	2454	424	900	6694	4227
SLC25A29	1713	696	19935	614	164	294	931	1169
SLC25A47	0	0	5	3	0	0	11	0
WARS	1877	411	33644	585	56	192	1003	787
WDR25	403	267	5788	183	35	73	193	318
BEGAIN	22	16	371	10	1	5	4	18
DLK1	554	1323	4121	242	82	150	221	498
RTL1	0	12	7	68	0	0	0	0
DIO3	19	30	183	34	6	34	4	26
PPP2R5C	2123	1506	23315	1058	211	363	1287	1528
DYNC1H1	5270	2885	62485	2016	418	821	3374	3211
HSP90AA1	177634	39077	1961651	29040	4966	10816	102627	55688
WDR20	1085	760	13555	558	124	204	591	816
MOK	60	419	953	134	47	75	59	210
ZNF839	232	233	2603	181	28	73	189	226
CINP	3177	579	32216	564	113	184	1642	931
TECPR2	402	573	6038	428	100	118	207	657
ANKRD9	2172	502	21433	375	83	124	1324	609
RCOR1	1755	1320	12941	1181	194	356	779	1742
TRAF3	659	1010	7646	514	122	199	249	1040
AMN	176	5	2761	5	1	8	56	31
CDC42BPB	2000	1048	21599	694	155	314	1075	1161
LBHD2	3	0	6	0	0	1	0	0
EXOC3L4	5	0	36	4	0	0	2	2
TNFAIP2	119	17	645	15	4	8	23	20
EIF5	14540	4622	197354	3263	523	1348	8555	6232
MARK3	2081	1940	24318	1278	233	401	1170	1810
CKB	30994	11795	388837	5182	1338	2222	14403	11466
TRMT61A	1030	81	14813	119	16	37	439	133
BAG5	1985	669	19556	569	100	201	957	885
KLC1	1920	1468	24061	917	188	433	1050	1701
COA8	2825	993	36718	788	188	315	1697	1146
XRCC3	470	251	5665	240	44	91	239	339
ZFYVE21	3821	685	52512	667	134	250	2139	1188
PPP1R13B	214	69	2589	216	29	57	86	201
ATP5MPL	21208	4943	215494	4011	686	1380	11844	5775
TDRD9	21	9	50	3	0	0	6	7
RD3L	0	0	0	0	0	0	0	0
ASPG	16	13	556	4	0	1	18	2
KIF26A	374	41	5800	87	8	22	180	130
TMEM179	1	14	9	17	1	2	2	21
C14orf180	0	0	0	0	0	0	0	0
INF2	749	132	9391	128	11	29	468	216
ADSSL1	105	122	2515	36	7	35	114	80
SIVA1	12432	2863	157322	2473	430	947	6161	3845
AKT1	1747	663	20871	317	93	142	796	763
ZBTB42	187	17	1655	19	0	6	59	25
CEP170B	334	34	4389	32	9	15	151	84
PLD4	5	3	60	0	0	0	1	0
AHNAK2	133	15	1235	40	3	7	54	69
CLBA1	72	143	960	77	23	37	47	121
CDCA4	4152	1171	37557	844	167	347	1842	1492
GPR132	3	4	4	1	0	0	0	2
JAG2	485	26	3450	24	4	16	154	70
NUDT14	1165	768	33791	453	80	179	1499	995
BRF1	275	270	3143	154	39	63	126	293
BTBD6	267	256	4154	113	25	60	157	166
PACS2	932	504	9587	346	70	144	494	584
TEX22	20	80	341	73	13	23	32	68
MTA1	1868	697	27568	551	87	214	1626	938
CRIP2	150	411	1703	142	43	94	87	292
CRIP1	134	1540	1852	513	193	277	56	667
TEDC1	618	182	5874	189	34	70	341	211
TMEM121	128	146	877	61	16	39	34	65
IGHA2	0	0	0	0	0	0	0	0
IGHE	0	0	0	0	0	0	0	0
IGHG4	0	0	0	0	0	0	0	0
IGHG2	0	0	0	0	0	0	0	0
IGHGP	0	0	0	0	0	0	0	0
IGHA1	0	0	0	0	0	0	0	0
IGHEP1	0	0	0	0	0	0	0	0
IGHG1	0	0	0	0	0	0	0	0
IGHG3	0	0	0	0	0	0	0	0
IGHD	0	0	0	0	0	0	0	0
IGHM	0	0	0	0	0	0	0	0
IGHJ6	0	0	0	0	0	0	0	0
IGHJ3P	0	0	0	0	0	0	0	0
IGHJ5	0	0	0	0	0	0	0	0
IGHJ4	0	0	0	0	0	0	0	0
IGHJ3	0	0	0	0	0	0	0	0
IGHJ2P	0	0	0	0	0	0	0	0
IGHJ2	0	0	0	0	0	0	0	0
IGHJ1	0	0	0	0	0	0	0	0
IGHD7-27	0	0	0	0	0	0	0	0
IGHJ1P	0	0	0	0	0	0	0	0
IGHD1-26	0	0	0	0	0	0	0	0
IGHD6-25	0	0	0	0	0	0	0	0
IGHD5-24	0	0	0	0	0	0	0	0
IGHD4-23	0	0	0	0	0	0	0	0
IGHD3-22	0	0	0	0	0	0	0	0
IGHD2-21	0	0	0	0	0	0	0	0
IGHD1-20	0	0	0	0	0	0	0	0
IGHD6-19	0	0	0	0	0	0	0	0
IGHD5-18	0	0	0	0	0	0	0	0
IGHD4-17	0	0	0	0	0	0	0	0
IGHD3-16	0	0	0	0	0	0	0	0
IGHD2-15	0	0	0	0	0	0	0	0
IGHD1-14	0	0	0	0	0	0	0	0
IGHD6-13	0	0	0	0	0	0	0	0
IGHD5-12	0	0	0	0	0	0	0	0
IGHD4-11	0	0	0	0	0	0	0	0
IGHD3-10	0	0	0	0	0	0	0	0
IGHD3-9	0	0	0	0	0	0	0	0
IGHD2-8	0	0	0	0	0	0	0	0
IGHD1-7	0	0	0	0	0	0	0	0
IGHD6-6	0	0	0	0	0	0	0	0
IGHD5-5	0	0	0	0	0	0	0	0
IGHD4-4	0	0	0	0	0	0	0	0
IGHD3-3	0	0	0	0	0	0	0	0
IGHD2-2	0	0	0	0	0	0	0	0
IGHD1-1	0	0	0	0	0	0	0	0
IGHV6-1	0	0	0	0	0	0	0	0
IGHVII-1-1	0	0	0	0	0	0	0	0
IGHV1-2	0	0	0	0	0	0	0	0
IGHVIII-2-1	0	0	0	0	0	0	0	0
IGHV1-3	0	0	0	0	0	0	0	0
IGHV4-4	0	0	0	0	0	0	0	0
IGHV7-4-1	0	0	0	0	0	0	0	0
IGHV2-5	0	0	0	0	0	0	0	0
IGHVIII-5-1	0	0	0	0	0	0	0	0
IGHVIII-5-2	0	0	0	0	0	0	0	0
IGHV3-6	0	0	0	0	0	0	0	0
IGHV3-7	0	0	0	0	0	0	0	0
IGHV3-64D	0	0	0	0	0	0	0	0
IGHV5-10-1	0	0	0	0	0	0	0	0
IGHV3-11	0	0	0	0	0	0	0	0
IGHVIII-11-1	0	0	0	0	0	0	0	0
IGHV1-12	0	0	0	0	0	0	0	0
IGHV3-13	0	0	0	0	0	0	0	0
IGHVIII-13-1	0	0	0	0	0	0	0	0
IGHV1-14	0	0	0	0	0	0	0	0
IGHV3-15	0	0	0	0	0	0	0	0
IGHVII-15-1	0	0	0	0	0	0	0	0
IGHV3-16	0	0	0	0	0	0	0	0
IGHVIII-16-1	0	0	0	0	0	0	0	0
IGHV1-17	0	0	0	0	0	0	0	0
IGHV1-18	0	0	0	0	0	0	0	0
IGHV3-19	0	0	0	0	0	0	0	0
IGHV3-20	0	0	0	0	0	0	0	0
IGHV3-21	0	0	0	0	0	0	0	0
IGHV3-22	0	0	0	0	0	0	0	0
IGHVII-22-1	0	0	0	0	0	0	0	0
IGHVIII-22-2	0	0	0	0	0	0	0	0
IGHV3-23	0	0	0	0	0	0	0	0
IGHV1-24	0	0	0	0	0	0	0	0
IGHV3-25	0	0	0	0	0	0	0	0
IGHVIII-25-1	0	0	0	0	0	0	0	0
IGHV2-26	0	0	0	0	0	0	0	0
IGHVIII-26-1	0	0	0	0	0	0	0	0
IGHVII-26-2	0	0	0	0	0	0	0	0
IGHV7-27	0	0	0	0	0	0	0	0
IGHV4-28	0	0	0	0	0	0	0	0
IGHVII-28-1	0	0	0	0	0	0	0	0
IGHV3-32	0	0	0	0	0	0	0	0
IGHV3-30	0	0	0	0	0	0	0	0
IGHVII-30-1	0	0	0	0	0	0	0	0
IGHV3-30-2	0	0	0	0	0	0	0	0
IGHV4-31	0	0	0	0	0	0	0	0
IGHVII-30-21	0	0	0	0	0	0	0	0
IGHV3-29	0	0	0	0	0	0	0	0
IGHV3-33	0	0	0	0	0	0	0	0
IGHVII-33-1	0	0	0	0	0	0	0	0
IGHV3-33-2	0	0	0	0	0	0	0	0
IGHV4-34	0	0	0	0	0	0	0	0
IGHV7-34-1	0	0	0	0	0	0	0	0
IGHV3-35	0	0	0	0	0	0	0	0
IGHV3-36	0	0	0	0	0	0	0	0
IGHV3-37	0	0	0	0	0	0	0	0
IGHV3-38	0	0	0	0	0	0	0	0
IGHVIII-38-1	0	0	0	0	0	0	0	0
IGHV4-39	0	0	0	0	0	0	0	0
IGHV7-40	0	0	0	0	0	0	0	0
IGHVII-40-1	0	0	0	0	0	0	0	0
IGHV3-41	0	0	0	0	0	0	0	0
IGHV3-42	0	0	0	0	0	0	0	0
IGHV3-43	0	0	0	0	0	0	0	0
IGHVII-43-1	0	0	0	0	0	0	0	0
IGHVIII-44	0	0	0	0	0	0	0	0
AC244452.3	0	0	0	0	0	0	0	0
IGHVIV-44-1	0	0	0	0	0	0	0	0
IGHVII-44-2	0	0	0	0	0	0	0	0
IGHV1-45	0	0	0	0	0	0	0	0
IGHV1-46	0	0	0	0	0	0	0	0
IGHVII-46-1	0	0	0	0	0	0	0	0
IGHV3-47	0	0	0	0	0	0	0	0
IGHVIII-47-1	0	0	0	0	0	0	0	0
IGHV3-48	0	0	0	0	0	0	0	0
IGHV3-49	0	0	0	0	0	0	0	0
IGHVII-49-1	0	0	0	0	0	0	0	0
IGHV3-50	0	0	0	0	0	0	0	0
IGHV5-51	0	0	0	0	0	0	0	0
IGHVIII-51-1	0	0	0	0	0	0	0	0
IGHVII-51-2	0	0	0	0	0	0	0	0
IGHV3-52	0	0	0	0	0	0	0	0
IGHV3-53	0	0	0	0	0	0	0	0
IGHVII-53-1	0	0	0	0	0	0	0	0
IGHV3-54	0	0	0	0	0	0	0	0
IGHV4-55	0	0	0	0	0	0	0	0
IGHV7-56	0	0	0	0	0	0	0	0
IGHV3-57	0	0	0	0	0	0	0	0
IGHV1-58	0	0	0	0	0	0	0	0
IGHV4-59	0	0	0	0	0	0	0	0
IGHV3-60	0	0	0	0	0	0	0	0
IGHVII-60-1	0	0	0	0	0	0	0	0
IGHV4-61	0	0	0	0	0	0	0	0
IGHV3-62	0	0	0	0	0	0	0	0
IGHVII-62-1	0	0	0	0	0	0	0	0
IGHV3-63	0	0	0	0	0	0	0	0
IGHV3-64	0	0	0	0	0	0	0	0
IGHV3-65	0	0	0	0	0	0	0	0
IGHVII-65-1	0	0	0	0	0	0	0	0
IGHV3-66	0	0	0	0	0	0	0	0
IGHV1-67	0	0	0	0	0	0	0	0
IGHVII-67-1	0	0	0	0	0	0	0	0
IGHVIII-67-2	0	0	0	0	0	0	0	0
IGHVIII-67-3	0	0	0	0	0	0	0	0
IGHVIII-67-4	0	0	0	0	0	0	0	0
IGHV1-68	0	0	0	0	0	0	0	0
IGHV1-69	0	0	0	0	0	0	0	0
IGHV2-70D	0	0	0	0	0	0	0	0
IGHV3-69-1	0	0	0	0	0	0	0	0
IGHV1-69-2	0	0	0	0	0	0	0	0
IGHV1-69D	0	0	0	0	0	0	0	0
IGHV2-70	0	0	0	0	0	0	0	0
IGHV3-71	0	0	0	0	0	0	0	0
IGHV3-72	0	0	0	0	0	0	0	0
IGHV3-73	0	0	0	0	0	0	0	0
IGHV3-74	0	0	0	0	0	0	0	0
IGHVII-74-1	0	0	0	0	0	0	0	0
IGHV3-75	0	0	0	0	0	0	0	0
IGHV3-76	0	0	0	0	0	0	0	0
IGHVIII-76-1	0	0	0	0	0	0	0	0
IGHV5-78	0	0	0	0	0	0	0	0
IGHVII-78-1	0	0	0	0	0	0	0	0
IGHV3-79	0	0	0	0	0	0	0	0
IGHV4-80	0	0	0	0	0	0	0	0
IGHV7-81	0	0	0	0	0	0	0	0
IGHVIII-82	0	0	0	0	0	0	0	0
IGHV1OR15-9	0	0	0	0	0	0	0	0
IGHV1OR15-2	0	0	0	0	0	0	0	0
IGHV3OR15-7	0	0	0	0	0	0	0	0
IGHD5OR15-5A	0	0	0	0	0	0	0	0
IGHD4OR15-4A	0	0	0	0	0	0	0	0
IGHD3OR15-3A	0	0	0	0	0	0	0	0
IGHD2OR15-2A	0	0	0	0	0	0	0	0
IGHD1OR15-1A	0	0	0	0	0	0	0	0
GOLGA6L6	0	0	1	0	0	0	0	0
IGHV1OR15-6	0	0	0	0	0	0	0	0
POTEB2	0	0	0	0	0	0	0	0
IGHD5OR15-5B	0	0	0	0	0	0	0	0
IGHD4OR15-4B	0	0	0	0	0	0	0	0
IGHD3OR15-3B	0	0	0	0	0	0	0	0
IGHD2OR15-2B	0	0	0	0	0	0	0	0
IGHD1OR15-1B	0	0	0	0	0	0	0	0
POTEB3	0	0	0	0	0	0	0	0
LINC02203	0	0	0	0	0	0	0	0
AC135068.1	0	0	0	0	0	0	0	0
AC135068.3	0	0	0	0	0	0	0	0
AC135068.8	0	0	0	0	0	0	0	0
AC135068.9	0	0	0	0	0	0	0	0
AC135068.2	0	0	0	0	0	0	0	0
AC134981.1	0	0	0	0	0	0	0	0
POTEB	0	0	0	0	0	0	0	0
OR4M2	0	0	0	0	0	0	0	0
OR4N4	0	0	0	0	0	0	0	0
IGHV1OR15-1	0	0	0	0	0	0	0	0
IGHV1OR15-3	0	0	0	0	0	0	0	0
IGHV4OR15-8	0	0	0	0	0	0	0	0
IGHV1OR15-4	0	0	0	0	0	0	0	0
GOLGA6L22	0	1	0	0	0	0	0	0
NIPA1	673	239	7900	234	63	94	341	364
NIPA2	3543	668	41461	808	134	264	1732	1130
CYFIP1	2079	1009	18629	759	142	284	980	1126
TUBGCP5	295	483	2205	312	82	129	189	415
GOLGA6L1	0	0	0	0	0	0	0	0
GOLGA8S	0	1	1	0	0	0	0	1
GOLGA6L2	0	0	4	0	0	1	0	0
MKRN3	45	163	31	26	13	15	3	91
MAGEL2	61	25	1831	37	7	13	37	53
NDN	2408	1868	26561	1527	210	338	1547	1405
NPAP1	3	1	17	2	0	2	1	3
SNRPN	19200	4088	320315	13479	1230	2564	13304	11585
SNURF	135	31	1458	93	4	10	71	73
UBE3A	4007	2339	53430	1792	360	686	2477	2709
ATP10A	17	73	520	54	6	17	18	88
GABRB3	5190	958	75720	3657	584	949	3596	7081
GABRA5	195	41	3813	92	16	16	243	140
GABRG3	8	197	269	224	44	71	16	202
OCA2	20	97	282	97	11	25	13	72
HERC2	996	1467	8421	980	218	380	666	2138
GOLGA8F	0	0	0	0	0	0	0	0
GOLGA8G	0	0	0	0	0	0	0	0
GOLGA8M	1	0	29	2	0	0	0	1
GOLGA6L7	5	1	60	1	1	0	9	8
APBA2	16	1104	199	443	83	152	18	738
FAM189A1	3	509	142	317	94	135	7	645
NSMCE3	1	679	0	567	96	200	0	692
TJP1	3398	2662	32875	2663	537	825	1741	3151
GOLGA8J	0	0	0	0	0	0	0	1
GOLGA8T	0	0	1	0	0	0	0	1
CHRFAM7A	2	10	24	3	1	0	1	7
GOLGA8R	0	6	4	1	0	2	0	5
GOLGA8Q	0	2	0	0	1	0	0	2
GOLGA8H	0	5	56	1	1	0	1	3
AC091057.6	4	105	25	49	9	19	0	76
ARHGAP11B	1	656	3	590	109	161	1	819
FAN1	82	325	994	242	55	89	53	365
MTMR10	27	140	214	138	33	45	17	217
TRPM1	2	6	8	11	4	1	0	10
KLF13	48	442	622	351	69	119	22	647
OTUD7A	4	190	84	198	52	66	5	404
CHRNA7	18	330	154	202	41	48	15	285
GOLGA8K	0	3	5	1	1	0	1	1
GOLGA8O	0	2	0	1	0	0	0	4
GOLGA8N	0	1	11	1	0	0	0	2
ARHGAP11A	222	577	3361	449	91	157	151	814
SCG5	71	1035	1537	645	72	193	78	878
GREM1	1	253	10	73	3	10	0	182
FMN1	59	226	359	222	24	61	21	378
RYR3	45	85	661	200	34	50	38	189
AVEN	1319	699	15264	764	137	241	915	900
CHRM5	0	123	5	75	23	23	0	79
EMC7	3460	825	56867	731	127	252	2029	1050
PGBD4	28	33	537	14	2	9	19	25
KATNBL1	2087	2083	30138	1305	257	541	1251	1800
EMC4	5321	1336	92992	1136	222	422	2881	1724
SLC12A6	234	270	2695	216	60	72	151	342
NOP10	19902	3243	258699	3368	507	1008	10497	4602
NUTM1	19	3	267	7	0	2	2	14
LPCAT4	751	147	10624	145	41	51	506	213
GOLGA8A	122	113	2986	89	28	83	225	237
GOLGA8B	148	256	1910	107	21	59	138	183
GJD2	5	3	41	3	0	1	0	2
ACTC1	295	79	10811	721	18	74	176	127
AQR	3355	1083	36393	1015	223	313	1780	1709
ZNF770	9270	820	75664	1182	331	474	3783	2931
NANOGP8	6	1	31	2	0	1	42	40
DPH6	1714	1589	20006	1418	264	457	788	1596
C15orf41	653	784	7297	674	138	277	463	1015
MEIS2	41	1367	332	1022	337	637	52	686
TMCO5A	0	0	1	0	0	0	0	0
SPRED1	1158	2363	13707	1404	288	484	698	2168
FAM98B	1514	831	17956	610	120	197	987	892
RASGRP1	58	192	679	95	25	40	60	225
THBS1	185	140	1555	341	21	59	138	75
FSIP1	57	337	720	86	29	61	40	160
GPR176	811	172	15355	617	146	87	518	1539
EIF2AK4	8717	1442	98363	1422	322	386	4048	2603
SRP14	46406	15426	495614	10864	2136	4148	25086	16758
BMF	70	102	755	48	16	31	64	89
BUB1B	3120	1400	32797	1146	239	414	2262	1786
PAK6	167	53	1521	64	16	29	79	169
PLCB2	240	53	2696	59	11	13	238	102
ANKRD63	0	0	1	0	0	0	0	0
INAFM2	217	68	3261	64	11	25	177	126
CCDC9B	9	1	99	2	0	0	8	2
PHGR1	0	0	0	0	0	0	0	0
DISP2	13	7	213	7	0	2	10	10
KNSTRN	3679	1060	45477	691	128	246	1935	915
IVD	2456	650	27226	565	110	203	1349	858
BAHD1	383	127	3708	188	31	46	155	252
CHST14	427	156	6311	107	12	38	173	158
CCDC32	495	318	6756	268	42	113	289	320
RPUSD2	1429	192	18754	208	38	71	656	308
KNL1	1744	1337	15452	672	166	211	944	1092
RAD51	1532	384	14282	351	76	111	757	527
RMDN3	1007	369	14111	296	53	117	545	449
GCHFR	1901	573	38834	605	115	248	1863	1036
DNAJC17	1346	487	17433	337	73	126	695	538
C15orf62	0	0	14	0	0	0	1	1
ZFYVE19	438	125	5244	105	20	33	204	152
PPP1R14D	1	0	12	0	0	0	1	0
SPINT1	3339	114	57169	592	72	185	1803	950
RHOV	287	11	3011	96	16	42	161	62
VPS18	682	116	11389	171	27	42	289	193
DLL4	1	2	42	0	1	0	3	9
CHAC1	470	100	14848	195	10	69	309	152
INO80	1165	845	15334	777	182	270	586	1085
EXD1	6	5	68	5	2	2	6	11
CHP1	2516	556	32642	535	99	168	1432	772
OIP5	1493	707	21585	538	100	156	1039	721
NUSAP1	400	3687	5150	2105	427	911	290	3782
NDUFAF1	891	317	12593	267	52	92	616	409
RTF1	7443	2889	86100	2222	437	801	4578	3346
ITPKA	12	6	369	1	0	0	5	10
LTK	2	1	88	2	0	0	3	3
RPAP1	1061	455	13674	336	74	138	648	498
TYRO3	578	269	9100	317	38	82	450	324
MGA	1664	1068	17072	859	206	291	918	1356
MAPKBP1	123	298	1836	178	38	58	66	274
JMJD7	1	155	3	70	24	40	0	93
PLA2G4B	2	32	5	14	3	8	0	26
SPTBN5	4	3	101	1	0	2	3	1
EHD4	1115	136	12756	250	40	82	788	428
PLA2G4E	0	2	0	0	0	0	0	0
PLA2G4D	6	0	30	2	0	0	3	0
PLA2G4F	0	0	8	1	0	0	0	0
VPS39	251	356	3847	201	50	96	161	299
TMEM87A	2916	1328	38775	1034	221	374	1583	1572
GANC	262	200	3169	122	31	48	136	226
CAPN3	2	17	28	22	4	5	0	28
ZNF106	3999	1429	36095	943	216	428	1994	1502
SNAP23	3606	715	33056	728	134	240	1690	1057
LRRC57	599	413	6268	185	41	87	330	352
HAUS2	1273	505	17397	406	65	171	767	573
STARD9	98	450	1386	271	64	107	65	353
CDAN1	124	109	1672	52	5	27	81	99
TTBK2	300	961	6002	496	115	202	257	812
UBR1	730	1035	7138	663	148	216	380	1063
TMEM62	124	138	1621	103	25	29	39	113
CCNDBP1	1499	393	20763	351	70	128	672	542
EPB42	0	1	2	0	0	0	2	0
TGM5	0	2	5	0	0	0	0	0
TGM7	4	0	68	3	0	1	5	0
LCMT2	202	56	2422	60	12	15	104	68
ADAL	345	333	5992	164	31	68	248	269
ZSCAN29	491	168	6061	132	27	64	287	200
TUBGCP4	1002	548	11424	325	64	124	674	494
TP53BP1	1508	1826	17292	1238	215	379	1258	1465
MAP1A	207	416	2729	138	40	87	78	220
PPIP5K1	108	114	1245	128	26	47	52	155
CKMT1B	774	20	7009	27	5	13	101	149
STRC	0	1	17	1	2	4	0	8
CATSPER2	67	91	831	135	32	55	24	165
CKMT1A	678	16	15793	42	15	20	442	151
PDIA3	18543	5091	200492	4286	890	1617	11322	8016
ELL3	1	13	44	12	5	5	0	34
SERF2	58661	12971	777518	12932	2310	4457	31044	17651
SERINC4	4	1	47	1	0	0	2	2
HYPK	161	28	1849	38	4	5	113	32
MFAP1	3522	1603	46065	1127	199	458	2472	1760
WDR76	593	453	6923	262	51	140	452	418
FRMD5	110	1417	1950	1631	390	619	110	2963
CASC4	1175	1802	14834	965	187	381	632	1566
CTDSPL2	1635	1620	15273	1124	248	444	1070	1764
EIF3J	5202	1515	57315	1243	241	487	2673	1838
SPG11	698	887	8061	603	116	243	480	959
PATL2	1	22	64	24	4	4	2	19
B2M	1671	2488	43501	2043	273	498	522	2595
TRIM69	3	124	135	71	20	25	1	102
TERB2	0	1	1	0	1	0	0	0
SORD	189	579	2123	453	99	163	150	619
DUOX2	2	1	92	2	1	0	1	3
DUOXA2	0	0	66	0	0	0	1	0
DUOXA1	0	1	44	4	0	1	2	4
DUOX1	16	146	281	67	18	23	15	121
SHF	262	437	4146	183	39	77	231	335
SLC28A2	5	10	42	0	1	3	10	8
GATM	342	126	5894	80	23	16	232	108
SPATA5L1	365	223	3672	150	27	50	217	210
C15orf48	7	6	94	68	0	7	0	5
SLC30A4	1	23	22	6	6	9	1	7
BLOC1S6	1945	932	19211	585	136	237	1439	1056
SQOR	8	9	58	1	2	4	3	5
SEMA6D	44	788	363	187	88	124	33	592
SLC24A5	7	31	111	16	1	5	2	28
MYEF2	2497	2249	31690	1260	258	467	1871	2001
CTXN2	5	13	138	6	3	3	12	14
SLC12A1	32	41	812	30	5	8	23	33
DUT	16721	3723	195900	3126	646	1146	9114	5352
FBN1	23	290	574	98	30	51	40	201
CEP152	776	535	8222	330	57	144	406	540
SHC4	2	23	94	10	3	3	2	22
EID1	6538	5972	124309	3402	692	1491	4385	4935
SECISBP2L	670	980	10923	680	135	220	540	834
COPS2	4316	1294	44368	1100	211	406	2213	1560
GALK2	1003	575	10141	407	59	151	396	542
FAM227B	180	532	2154	334	79	106	181	408
FGF7	1	13	19	1	1	2	2	7
DTWD1	2317	1205	21137	718	139	285	1354	1022
ATP8B4	2	12	25	15	0	5	1	13
SLC27A2	130	46	2078	45	7	17	114	73
HDC	5	17	62	1	2	6	2	14
GABPB1	1336	754	14020	628	125	213	869	990
USP8	3289	1110	37264	964	200	318	1861	1543
USP50	0	6	6	8	2	0	0	14
TRPM7	1078	1319	10921	1102	241	364	601	1583
SPPL2A	1625	848	19100	732	125	226	1002	1013
AP4E1	302	363	3675	270	57	83	161	415
TNFAIP8L3	28	107	310	128	13	20	13	105
CYP19A1	4	134	85	139	19	22	4	90
GLDN	6	76	92	74	21	15	9	71
DMXL2	178	732	6522	272	87	151	188	398
SCG3	2142	123	37560	547	71	133	1970	763
LYSMD2	289	13	6301	52	9	14	160	75
TMOD2	161	37	3110	75	15	17	69	94
TMOD3	2955	1507	28902	1301	284	437	2127	2216
LEO1	3233	883	40095	733	116	243	1711	1206
MAPK6	2968	1397	34724	1120	237	393	1748	1739
BCL2L10	76	2	621	1	3	5	47	42
GNB5	1102	300	18646	311	77	121	712	515
MYO5C	437	328	7903	267	55	82	288	390
MYO5A	575	659	9480	384	120	177	295	1020
ARPP19	5972	2146	77834	1583	309	595	3495	2274
FAM214A	262	345	4081	190	45	69	119	433
ONECUT1	550	217	4131	101	66	23	431	498
WDR72	1108	112	8139	225	56	40	465	473
UNC13C	5	14	277	25	2	27	1	42
RSL24D1	14070	3191	147151	2918	393	991	7969	4216
RAB27A	115	131	2336	130	15	41	92	146
PIGBOS1	1270	458	17086	300	67	127	813	552
PIGB	133	203	1823	107	30	43	109	168
CCPG1	840	451	13694	324	64	160	737	623
C15orf65	150	196	1710	60	26	35	91	148
DNAAF4	299	628	3163	191	66	113	253	347
PYGO1	28	832	274	191	59	114	24	321
PRTG	155	13510	1254	3782	1017	2257	167	6273
NEDD4	82	105	1230	117	12	50	37	95
RFX7	531	2467	5368	1800	386	514	333	2773
TEX9	323	1088	3908	363	106	215	250	667
MNS1	188	515	7095	162	56	127	198	238
ZNF280D	196	1236	4180	71	162	275	348	1080
TCF12	1147	7277	14328	3505	890	1622	787	6557
CGNL1	1841	321	21444	743	166	218	1128	1297
MYZAP	7	3	68	4	3	2	10	2
GCOM1	2	1	52	1	1	2	3	2
POLR2M	706	239	7886	199	48	72	435	343
ALDH1A2	2	66	47	70	5	8	0	57
AQP9	0	0	0	2	0	0	0	2
LIPC	1	8	4	6	1	2	0	7
ADAM10	2047	1973	21224	1489	325	504	1248	2202
MINDY2	1999	778	24850	667	134	219	1232	1057
RNF111	593	944	5755	754	131	240	296	1069
SLTM	14168	3242	212182	3008	517	1062	7644	4154
CCNB2	6154	2396	76782	1584	301	657	3972	2527
MYO1E	1491	1399	19394	1764	365	589	732	1419
LDHAL6B	1	1	0	0	0	0	1	1
FAM81A	24	254	527	65	18	50	15	66
GCNT3	0	4	3	4	0	0	0	3
GTF2A2	9145	2648	112204	2124	387	706	5011	2851
BNIP2	1611	501	20292	464	79	169	854	626
FOXB1	1509	383	8557	232	58	102	656	456
ANXA2	8778	2797	96325	2737	468	1181	2921	2060
ICE2	1825	1313	20559	836	163	309	1353	1316
RORA	499	2804	6370	2414	771	1127	462	4754
VPS13C	885	1025	12335	567	123	222	536	938
C2CD4A	0	0	51	0	0	0	3	0
C2CD4B	74	2	437	3	0	3	27	7
TLN2	435	836	6913	897	155	295	452	1241
TPM1	10034	3325	246068	8056	677	2097	13540	6224
LACTB	928	198	21036	268	44	79	837	467
RPS27L	30092	6341	401856	3985	576	1570	11401	9205
RAB8B	690	755	10815	462	121	236	544	906
APH1B	150	192	4675	147	36	72	188	180
CA12	31	37	979	75	8	26	49	62
USP3	149	1888	706	665	164	283	530	1077
FBXL22	19	21	191	15	3	7	33	25
HERC1	1299	1546	15653	997	223	354	523	1419
DAPK2	28	103	767	117	21	45	25	88
CIAO2A	3955	865	55229	742	142	279	1859	1097
SNX1	766	737	13683	402	85	190	423	674
SNX22	63	14	1103	24	4	4	61	43
PPIB	20167	5362	223327	5027	810	1574	10924	7685
CSNK1G1	548	1113	6474	710	160	244	302	1086
PCLAF	1182	2747	37818	1788	240	826	2562	2196
TRIP4	478	424	8377	303	56	90	328	382
ZNF609	1102	3342	13617	2051	455	733	642	2990
OAZ2	6313	1027	96529	1328	232	452	4357	1919
RBPMS2	7006	699	78808	1273	214	293	3318	1772
PIF1	4523	660	52125	517	107	241	2228	1202
PLEKHO2	324	48	3917	57	4	28	146	108
ANKDD1A	92	114	1481	96	15	28	69	155
SPG21	3466	950	39468	737	152	302	1987	1105
MTFMT	1059	427	13260	322	49	123	601	477
SLC51B	2	9	7	1	0	0	1	1
RASL12	180	52	1549	58	4	2	86	38
KBTBD13	2	0	4	0	0	0	0	0
UBAP1L	23	54	491	39	8	12	21	79
PDCD7	2800	1073	37177	740	136	326	1659	1264
CLPX	3321	675	31408	663	114	224	1631	903
CILP	1	0	9	0	0	0	1	0
PARP16	142	211	1770	83	20	41	103	189
IGDCC3	1220	3584	9707	1054	247	435	1154	2389
IGDCC4	123	283	1474	241	44	48	119	266
DPP8	1055	528	11804	474	93	149	626	654
HACD3	8024	4597	66138	2842	623	1223	5583	5080
INTS14	916	395	9166	270	49	102	492	358
SLC24A1	101	63	1764	51	19	24	98	70
DENND4A	150	470	2229	245	54	75	74	304
RAB11A	8039	2381	102407	1810	362	655	4688	2962
MEGF11	9	46	117	50	6	19	7	66
DIS3L	611	331	7443	238	51	78	479	352
TIPIN	1849	641	18097	513	78	179	1081	643
MAP2K1	2056	804	23783	831	165	280	1262	1256
SNAPC5	2958	772	36421	583	111	215	1511	914
RPL4	66041	16501	905799	13883	2659	5267	43503	23087
ZWILCH	2654	436	26353	413	91	160	1468	677
LCTL	255	77	1670	114	13	35	113	75
SMAD6	146	231	1212	184	34	60	94	263
SMAD3	708	942	4842	517	183	225	253	1054
AAGAB	1097	969	13328	570	104	215	632	812
IQCH	47	359	827	230	79	107	55	288
C15orf61	1336	344	13516	248	70	90	621	356
MAP2K5	638	942	7227	535	141	225	397	1005
SKOR1	3	6	27	3	0	1	6	4
PIAS1	1598	3240	17579	1431	329	524	1003	2562
CALML4	13	214	137	103	17	43	11	177
CLN6	441	417	4628	333	66	121	279	414
FEM1B	1596	372	18158	451	101	169	1000	719
ITGA11	12	8	87	11	1	5	6	11
CORO2B	29	103	392	62	6	33	26	77
ANP32A	10725	5207	154121	3928	665	1492	8043	6335
SPESP1	65	120	26	28	11	21	19	57
NOX5	1	1	8	3	0	1	0	0
GLCE	442	375	7427	321	62	131	332	513
PAQR5	176	36	2607	64	13	24	101	63
KIF23	3151	958	33740	757	119	252	1677	1118
RPLP1	415989	78110	3862383	74886	12458	26875	240885	113403
TLE3	1435	508	9467	540	102	168	844	715
UACA	2606	1149	25846	1020	217	364	1568	1531
LARP6	1219	192	15958	214	43	65	494	357
LRRC49	227	743	4385	218	68	135	198	473
THAP10	81	91	1871	62	13	26	58	71
THSD4	116	806	1691	743	199	274	76	1238
CT62	2	1	106	3	0	0	1	2
NR2E3	4	19	208	23	2	4	17	33
MYO9A	739	1274	10936	894	206	326	487	1330
SENP8	335	192	4542	130	29	50	181	156
GRAMD2A	10	12	118	15	3	5	8	15
PKM	31961	8024	525871	7665	1296	3021	16725	13042
PARP6	141	225	2498	187	23	56	45	232
CELF6	0	13	0	7	3	3	0	20
HEXA	1309	546	22055	487	82	145	655	589
TMEM202	0	0	2	0	0	0	0	0
ARIH1	2240	2355	24461	1970	362	627	1192	2770
GOLGA6B	1	0	15	0	0	0	1	2
HIGD2B	0	0	14	1	0	0	0	4
BBS4	1283	853	14330	416	132	188	1028	1012
ADPGK	1341	348	15970	310	50	88	657	514
NEO1	701	2130	8533	1034	287	473	490	1694
HCN4	72	15	1561	37	3	7	47	56
REC114	1	12	28	4	2	3	1	17
NPTN	2978	955	40896	766	151	302	1591	1259
CD276	1097	697	17402	394	86	159	640	699
INSYN1	25	5	326	10	1	3	11	7
TBC1D21	0	0	0	0	0	1	0	0
LOXL1	125	162	2351	117	14	62	102	163
STOML1	93	63	1272	30	6	15	57	57
PML	521	162	7420	179	24	43	328	274
GOLGA6A	1	0	12	1	0	0	0	2
ISLR2	24	12	90	7	0	3	14	15
ISLR	5	16	88	25	1	1	13	28
STRA6	122	149	2389	183	19	26	146	151
CCDC33	225	93	1836	109	23	34	171	166
CYP11A1	19	20	478	47	3	8	33	28
SEMA7A	108	27	951	30	4	9	63	50
UBL7	1221	411	19137	244	66	114	833	572
ARID3B	1515	608	17798	826	143	277	678	1063
CLK3	735	332	13532	202	35	69	529	363
EDC3	574	325	8460	262	42	87	322	263
CYP1A1	5	26	223	2	20	21	4	1
CYP1A2	2	5	28	0	1	0	0	0
CSK	697	283	9151	185	35	67	399	357
LMAN1L	0	2	2	1	0	0	0	1
CPLX3	24	1	251	4	0	0	11	1
ULK3	440	95	6015	69	10	21	257	121
SCAMP2	1435	620	22570	402	88	203	896	589
MPI	861	318	12009	235	48	123	599	397
FAM219B	737	466	9830	237	55	111	508	440
COX5A	31782	5537	444915	5550	997	1760	17281	9139
RPP25	3086	122	24391	268	79	81	1530	670
SCAMP5	1089	79	10463	125	29	71	341	309
PPCDC	931	640	11391	333	85	132	540	610
C15orf39	751	39	7920	69	17	27	329	99
GOLGA6C	1	0	42	0	0	0	2	0
GOLGA6D	3	0	3	1	0	0	0	2
COMMD4	5373	1329	71853	1017	187	376	3149	1803
NEIL1	229	32	3149	34	11	20	103	52
MAN2C1	483	246	8137	137	30	66	335	252
SIN3A	1844	810	20541	685	127	220	1037	1047
PTPN9	872	793	11504	767	177	211	644	1069
SNUPN	1995	433	21954	427	79	127	1187	586
IMP3	9665	1227	113630	1438	246	482	5038	2179
SNX33	117	51	1997	39	2	17	87	48
CSPG4	14	12	384	8	5	4	12	10
ODF3L1	0	3	2	1	1	1	1	1
UBE2Q2	1800	1179	21386	885	171	266	917	1446
FBXO22	4951	1687	63751	996	212	419	2349	2116
NRG4	55	45	281	38	15	15	27	54
TMEM266	190	104	896	109	38	32	209	211
ETFA	2628	1796	38546	1101	253	448	1665	1567
ISL2	8	1	271	4	0	1	2	0
SCAPER	502	1633	3877	844	271	419	352	1400
RCN2	18758	6193	202714	3936	809	1696	11714	6575
PSTPIP1	105	9	1437	21	2	6	64	44
TSPAN3	2216	2610	28742	1069	261	590	1634	1698
PEAK1	478	1103	4359	1163	306	338	363	1951
HMG20A	1048	743	11926	514	109	178	704	776
LINGO1	1603	135	22103	284	50	74	863	530
TBC1D2B	195	184	2397	121	23	33	131	195
SH2D7	0	5	41	3	2	3	4	11
CIB2	2706	743	43766	822	129	245	1699	1415
IDH3A	2117	245	25323	246	66	82	770	461
ACSBG1	29	28	1016	45	6	7	26	67
DNAJA4	233	34	2327	41	4	8	155	91
WDR61	2758	978	30450	605	117	227	1511	1092
CRABP1	9232	3476	64245	4539	1230	1535	7181	5766
IREB2	2680	1179	29067	888	195	322	1463	1420
HYKK	97	29	1902	35	10	12	72	70
PSMA4	21919	4742	233445	3919	681	1342	11744	6163
CHRNA5	478	377	3577	173	36	88	373	415
CHRNA3	32	15	1168	10	5	6	31	57
CHRNB4	7	8	234	13	3	3	6	21
ADAMTS7	245	302	3783	138	46	68	155	377
MORF4L1	25884	8003	292751	6851	1264	2579	15032	10506
CTSH	466	94	7381	169	34	39	297	186
RASGRF1	8	5	110	33	2	2	3	10
ANKRD34C	0	0	1	0	0	0	0	0
TMED3	1362	891	34849	722	141	258	1542	1062
MINAR1	11	29	120	11	3	4	4	25
MTHFS	506	589	10144	589	101	224	369	755
AC015871.1	1336	395	9334	375	75	111	561	578
BCL2A1	1	0	15	1	1	0	0	0
ZFAND6	7131	2257	80585	2479	439	754	4588	3710
FAH	454	171	5982	144	25	38	222	189
CTXND1	6	10	18	4	1	3	1	11
ARNT2	49	640	681	182	74	112	25	384
ABHD17C	762	368	7313	232	45	89	534	474
CEMIP	17	91	275	71	13	19	9	74
MESD	5176	1714	57297	1408	258	570	3270	2214
TLNRD1	1057	304	11820	186	56	77	555	403
CFAP161	1	27	22	75	6	19	0	78
IL16	1	5	6	4	1	2	1	3
STARD5	49	67	576	47	4	18	27	28
TMC3	0	5	4	5	0	0	0	3
MEX3B	116	186	1588	52	12	44	78	169
EFL1	652	825	11788	510	103	194	510	834
SAXO2	35	158	834	84	14	22	27	67
GOLGA6L10	46	27	820	23	7	13	40	29
GOLGA6L9	7	70	212	30	10	14	14	55
RPS17	8416	20116	109352	22038	3466	7484	4817	33738
CPEB1	2	17	153	31	2	5	0	45
AP3B2	157	52	2662	124	16	32	70	145
FSD2	9	32	237	10	4	7	12	17
WHAMM	264	176	4337	110	28	40	128	146
HOMER2	647	236	6631	204	42	75	392	271
RAMAC	970	251	12676	203	39	94	517	323
C15orf40	1826	644	16768	464	80	165	919	657
BTBD1	798	668	9885	496	95	166	409	720
TM6SF1	50	25	633	16	6	13	15	35
HDGFL3	3057	2456	38505	1549	310	678	2329	2824
BNC1	5	5	22	28	2	7	1	5
SH3GL3	165	132	1736	201	38	57	98	229
ADAMTSL3	20	29	227	44	7	8	6	58
UBE2Q2L	6	9	60	6	2	0	5	6
GOLGA6L4	14	7	238	7	0	2	6	14
ZSCAN2	2198	205	23824	299	58	89	739	677
WDR73	1148	666	12717	320	78	153	573	446
NMB	3281	354	26865	286	94	113	1223	604
SEC11A	17405	6556	216766	5519	956	2124	13103	8278
ZNF592	334	340	3923	304	51	95	214	354
ALPK3	236	96	2650	153	13	40	158	195
SLC28A1	2	3	13	10	0	0	0	3
PDE8A	159	635	1409	481	101	146	64	652
AKAP13	1754	3764	18275	2210	452	784	1234	3403
KLHL25	163	286	2238	185	44	84	73	315
AGBL1	0	46	13	106	16	26	0	75
NTRK3	130	277	4589	111	58	16	49	219
MRPL46	193	556	2402	469	86	151	117	711
MRPS11	3538	786	47926	634	132	227	1810	968
DET1	43	398	346	207	50	69	27	300
AEN	2743	341	42908	357	42	119	1038	608
ISG20	98	26	2991	26	8	15	51	70
ACAN	22	2	596	5	1	3	5	11
HAPLN3	583	59	4278	67	8	25	290	124
MFGE8	4013	976	74191	1033	131	335	4067	2041
ABHD2	258	259	3876	165	34	57	183	265
RLBP1	0	1	54	1	1	3	3	1
FANCI	2022	1298	20237	885	170	325	1238	1242
POLG	632	209	8019	164	26	61	329	233
RHCG	16	2	412	8	0	2	19	10
TICRR	717	281	8200	229	48	83	367	376
KIF7	132	284	2377	199	36	76	99	323
PLIN1	0	0	22	0	0	0	0	1
PEX11A	215	146	2959	86	19	34	119	134
WDR93	11	61	128	23	6	12	6	29
MESP1	74	169	520	123	21	14	90	70
MESP2	20	26	215	31	9	1	32	12
ANPEP	2	6	175	5	0	1	4	6
AP3S2	288	854	3355	517	101	199	152	827
ARPIN	93	262	1166	103	24	74	65	155
ZNF710	409	641	4025	386	104	128	181	516
IDH2	1187	1891	16702	803	192	385	681	1306
SEMA4B	402	157	5278	141	26	39	231	241
CIB1	2838	670	31833	453	86	187	1066	696
GDPGP1	83	55	1110	28	6	16	52	35
TTLL13P	1	27	15	12	2	3	0	6
NGRN	335	2761	2894	1616	325	718	151	2904
ZNF774	48	24	530	17	2	10	14	14
IQGAP1	4845	848	45414	1316	239	424	2170	1898
CRTC3	160	489	1895	276	59	83	125	333
BLM	1617	1031	16051	778	180	262	1025	1100
FURIN	797	97	7473	129	10	34	265	192
FES	465	23	9110	52	3	13	155	58
MAN2A2	144	111	1774	33	17	23	68	84
HDDC3	2404	410	25925	323	72	108	1088	607
UNC45A	2011	376	26506	318	62	121	1034	553
RCCD1	657	198	7485	171	34	62	389	239
PRC1	839	1700	9947	765	165	301	498	1312
VPS33B	269	155	3810	79	17	41	139	131
SV2B	3	2	35	1	0	0	2	6
SLCO3A1	345	642	5251	501	88	189	164	781
ST8SIA2	32	382	335	158	42	78	15	235
FAM174B	248	193	4104	262	38	85	183	308
CHD2	1509	2668	21409	1817	354	631	1049	2762
RGMA	393	377	5047	258	58	140	262	368
MCTP2	138	13	820	122	23	21	50	210
NR2F2	221	3720	2722	827	461	843	174	1372
ARRDC4	99	64	1527	57	2	27	83	68
FAM169B	5	10	39	2	1	3	0	12
IGF1R	2713	3960	27544	2815	819	1170	1770	5929
PGPEP1L	3	0	26	1	0	0	3	0
SYNM	149	36	1094	26	3	9	51	32
TTC23	217	430	3599	240	54	90	125	361
LRRC28	462	652	6009	346	95	118	374	521
MEF2A	1098	2227	11614	1528	399	498	607	2704
LYSMD4	184	159	2675	68	10	44	79	100
ADAMTS17	16	32	105	145	16	35	4	56
CERS3	27	12	287	7	2	3	7	11
LINS1	389	207	4456	113	20	36	219	208
ASB7	273	164	3291	115	28	63	158	262
ALDH1A3	731	18	3936	49	17	34	180	163
LRRK1	130	28	2597	95	13	17	164	219
CHSY1	1363	620	12617	642	200	193	757	982
SELENOS	4447	971	56663	865	163	345	2260	1198
SNRPA1	11876	2601	112073	2678	421	849	5463	4002
PCSK6	81	162	677	152	24	37	32	120
TM2D3	1420	481	16663	379	84	139	804	543
TARSL2	459	397	8845	305	43	82	402	404
OR4F6	0	0	0	0	0	0	0	0
OR4F15	0	0	0	0	0	0	0	0
OR4F4	0	0	0	0	0	0	0	0
POLR3K	7203	981	75688	511	143	325	3558	1454
SNRNP25	6593	1475	83794	531	283	468	3475	2098
RHBDF1	629	79	8265	145	16	31	329	176
MPG	4792	1193	42690	1036	183	335	2672	1570
NPRL3	1218	468	14337	328	90	125	710	566
HBZ	8	6	183	5	1	2	1416	1
HBM	39	1	166	1	0	1	5	3
HBA2	97	4	2758	2	0	1	24	12
HBA1	100	0	728	3	0	3	118	1
HBQ1	300	22	1339	30	11	12	111	54
LUC7L	3644	1627	54125	1215	233	455	2316	1803
FAM234A	1433	556	24451	419	107	208	691	662
RGS11	40	9	511	7	0	0	14	7
ARHGDIG	209	22	2376	22	12	12	99	52
PDIA2	6	2	81	0	0	1	2	4
AXIN1	740	247	9620	240	48	79	413	420
MRPL28	9736	1572	138168	1253	203	430	4486	2059
TMEM8A	1567	281	20816	289	46	95	939	529
NME4	9289	5838	150494	4483	849	1368	10875	4174
DECR2	15	84	123	87	13	32	4	192
RAB11FIP3	76	668	1104	337	111	166	42	609
CAPN15	817	129	10719	146	24	36	394	190
PRR35	48	0	652	2	1	0	12	13
PIGQ	450	213	8136	114	17	65	295	150
NHLRC4	11	4	111	1	1	3	5	2
RAB40C	450	276	6286	176	34	72	305	291
WFIKKN1	108	447	3360	143	24	68	147	351
METTL26	8160	2061	103205	1626	298	673	4518	2556
MCRIP2	3358	523	43452	397	77	157	1730	824
WDR90	244	95	3935	33	16	39	173	107
RHOT2	2415	324	34211	276	43	107	1300	543
RHBDL1	470	20	6184	38	5	11	154	51
STUB1	7256	1766	84448	1351	214	418	3086	2192
JMJD8	1568	379	23386	171	52	122	1115	489
WDR24	443	94	5972	53	15	23	263	112
FBXL16	398	10	5957	37	8	22	174	92
METRN	4658	6881	56392	1788	655	1151	2121	4209
ANTKMT	3150	640	41932	503	109	226	1564	882
CCDC78	233	9	4352	16	5	5	186	49
HAGHL	3449	149	49627	267	40	97	2376	650
CIAO3	605	206	8020	126	24	55	299	219
MSLN	2	3	92	2	0	2	3	2
MSLNL	0	0	0	4	0	0	0	1
RPUSD1	1647	188	21850	202	30	76	767	348
CHTF18	1007	176	10254	172	25	48	470	235
GNG13	8	1	204	2	1	3	3	3
LMF1	102	471	1678	197	62	69	93	351
SOX8	527	35	6258	26	9	13	152	89
SSTR5	0	0	2	0	0	0	1	0
C1QTNF8	0	0	6	0	0	0	0	0
CACNA1H	306	80	3326	56	11	36	164	160
TPSG1	0	0	1	0	0	0	0	1
TPSB2	0	1	68	0	1	0	6	0
TPSAB1	1	0	17	0	0	0	0	0
TPSD1	0	1	61	0	0	0	0	0
UBE2I	17464	4888	221032	3723	674	1375	10287	6067
BAIAP3	66	37	681	10	0	11	21	33
TSR3	3234	898	44843	697	146	270	1879	990
GNPTG	383	287	6246	240	21	99	267	352
UNKL	1001	190	9404	179	40	65	490	262
C16orf91	1835	501	20914	343	76	124	868	531
AL032819.3	0	0	0	0	0	0	0	0
CCDC154	3	11	117	8	3	2	3	6
CLCN7	626	206	9537	138	18	50	338	225
PTX4	0	0	1	0	0	0	0	0
TELO2	990	198	14447	184	22	75	619	301
IFT140	129	410	1757	174	66	99	105	372
TMEM204	0	11	12	2	2	2	1	4
CRAMP1	287	290	2889	219	32	60	169	344
JPT2	3454	1103	40914	910	194	369	1994	1520
MAPK8IP3	214	338	3488	216	44	85	116	321
NME3	6983	1262	78744	1034	208	443	3751	1757
MRPS34	20934	3032	249745	3456	542	1169	10357	5423
EME2	165	34	2496	35	3	12	126	42
SPSB3	1279	427	16516	263	45	117	683	512
NUBP2	3213	813	41434	570	105	227	1678	1129
IGFALS	0	0	10	0	0	0	0	0
HAGH	1974	873	27611	548	115	195	1035	885
FAHD1	1229	403	15237	313	72	129	625	511
MEIOB	196	84	3699	87	9	44	208	63
HS3ST6	0	3	0	1	0	2	0	7
MSRB1	1999	358	23165	317	54	124	809	463
RPL3L	16	8	323	9	0	4	10	13
NDUFB10	26563	3970	297919	3614	780	1347	13115	6703
RPS2	391698	89706	4565644	82853	14788	31044	226439	133484
RNF151	12	0	20	0	0	0	0	0
TBL3	1350	257	18076	232	30	80	718	409
NOXO1	476	8	4055	36	8	8	192	92
GFER	2645	411	32116	376	66	154	1662	789
SYNGR3	969	77	12876	85	22	49	415	234
ZNF598	990	119	13254	121	17	48	464	201
NPW	3420	98	51442	183	26	123	1059	724
SLC9A3R2	896	75	10325	84	16	46	521	264
NTHL1	4945	944	60774	862	171	283	2760	1379
TSC2	738	262	8961	194	34	59	384	269
PKD1	357	156	4449	129	28	52	238	167
RAB26	143	53	2343	127	22	25	72	262
TRAF7	2416	469	30766	393	77	145	1400	754
CASKIN1	73	65	1075	50	13	17	39	71
MLST8	2260	580	39242	445	95	180	1363	904
BRICD5	32	25	591	23	5	4	25	17
PGP	10322	2165	120268	1847	344	598	5139	2814
E4F1	605	227	8650	183	38	58	258	268
DNASE1L2	50	1	573	3	0	1	23	8
ECI1	6290	2400	80709	1383	259	628	4068	2760
RNPS1	11967	2594	164660	2341	409	795	6878	3857
ABCA3	203	172	2661	123	47	48	113	267
CCNF	1679	359	19748	334	53	120	841	532
TEDC2	1421	335	18004	237	33	99	733	482
NTN3	1	0	18	2	0	0	0	0
TBC1D24	615	131	6276	100	19	39	294	158
ATP6V0C	29	2227	364	2233	323	713	10	3289
AMDHD2	946	120	20034	193	19	59	499	225
CEMP1	0	0	9	1	0	1	1	0
PDPK1	1360	262	15956	194	41	78	587	461
KCTD5	571	182	8433	141	36	56	338	275
PRSS27	29	14	386	13	4	8	22	18
SRRM2	17317	6057	216831	4438	919	1696	10873	6426
ELOB	29642	7206	340975	5739	1046	2122	16640	9187
PRSS33	6	6	162	6	0	0	0	4
PRSS41	0	0	14	3	0	2	0	2
PRSS21	276	1	3371	5	0	2	120	15
ZG16B	0	0	11	0	0	0	0	0
PRSS22	71	3	1154	27	1	10	15	8
FLYWCH2	1145	614	14777	438	83	151	721	565
FLYWCH1	393	185	4506	136	23	48	152	170
KREMEN2	498	25	7249	66	8	19	64	49
PKMYT1	1494	231	17309	224	33	79	710	407
PAQR4	520	137	6652	99	20	40	271	153
LINC00514	10	2	185	6	0	2	10	7
CLDN9	201	3	2902	24	1	13	54	17
CLDN6	12780	504	205823	2461	342	726	7346	3555
TNFRSF12A	6614	350	94020	1142	145	359	2782	1379
HCFC1R1	4518	567	66125	891	170	309	2286	1315
THOC6	3991	703	61974	746	145	269	2367	1266
BICDL2	688	13	7085	96	15	21	286	152
MMP25	385	16	3591	41	6	15	237	151
IL32	535	11	5057	51	5	10	179	51
ZSCAN10	4895	98	60266	553	86	139	2320	926
ZNF205	1161	226	14638	214	39	73	639	378
ZNF213	73	122	1053	60	16	35	66	81
OR1F1	0	0	2	0	0	0	0	0
ZNF200	386	97	4499	70	13	15	202	108
MEFV	1	0	16	0	0	0	0	1
ZNF263	704	151	9320	148	27	54	315	219
TIGD7	213	94	2957	89	10	25	150	129
ZNF75A	1151	470	15661	464	61	116	745	635
OR2C1	0	0	1	0	0	0	0	0
AC025283.2	3	72	13	34	13	10	3	49
MTRNR2L4	1	0	27	1	0	1	1	1
ZSCAN32	464	124	5372	110	23	33	244	164
ZNF174	414	93	5172	84	15	28	177	116
ZNF597	78	25	843	22	6	5	41	40
NAA60	818	239	14214	227	22	55	483	344
C16orf90	0	0	1	0	0	0	0	0
CLUAP1	1421	836	10526	425	87	204	572	579
NLRC3	1	9	42	26	3	5	12	14
SLX4	246	156	2497	96	19	49	182	160
DNASE1	260	330	2949	207	50	73	173	253
TRAP1	6692	1096	80571	1022	179	349	3042	1704
CREBBP	1782	1680	20175	1221	246	379	1081	1757
ADCY9	118	205	1619	135	40	67	56	288
SRL	1	5	21	3	0	0	2	6
TFAP4	662	231	7860	193	46	90	571	349
GLIS2	5	128	37	63	21	28	2	129
PAM16	311	1335	4647	1346	233	471	140	2178
CORO7	0	90	14	120	24	26	2	146
VASN	1	127	2	120	13	36	1	138
DNAJA3	252	305	2246	246	59	100	110	506
NMRAL1	881	287	9305	447	113	184	564	586
HMOX2	1193	326	15012	418	70	110	452	684
CDIP1	9	372	144	267	54	104	8	499
C16orf96	3	26	186	24	6	13	7	47
UBALD1	982	200	18270	278	38	60	444	273
MGRN1	902	481	10191	328	41	107	362	432
NUDT16L1	3940	774	47176	553	107	271	1754	1032
ANKS3	703	348	7702	241	55	96	354	353
C16orf71	4	22	89	7	1	1	4	23
ZNF500	325	123	3549	76	14	36	147	111
SEPTIN12	0	1	3	1	0	1	0	2
SMIM22	37	1	983	9	0	1	32	8
ROGDI	836	213	13749	173	40	69	569	315
GLYR1	2205	961	26464	800	151	277	1361	1293
UBN1	2185	1003	28186	621	139	232	1253	925
PPL	914	48	5467	167	25	64	273	244
SEC14L5	41	4	624	13	1	3	26	18
NAGPA	417	91	4566	65	8	30	177	79
ALG1	614	125	9480	172	23	54	378	190
C16orf89	43	2	361	96	2	11	153	19
EEF2KMT	931	252	12029	208	40	77	578	327
RBFOX1	183	11549	1953	3832	1425	2363	154	5985
TMEM114	0	4	62	8	3	2	0	7
METTL22	806	325	11178	261	52	97	477	417
ABAT	114	782	1655	156	70	127	108	373
TMEM186	1134	240	11436	185	41	56	651	283
PMM2	2500	407	25517	604	108	183	1240	823
CARHSP1	17566	3344	163042	3406	844	1362	10778	6611
LITAFD	0	0	1	1	0	0	0	2
USP7	5998	1421	63493	1381	294	449	2915	2277
C16orf72	1718	262	18887	303	56	110	1005	528
GRIN2A	857	68	629	94	53	39	110	362
ATF7IP2	871	838	6180	617	109	175	385	915
EMP2	955	620	15231	562	67	184	635	450
TEKT5	0	7	12	3	0	2	0	14
NUBP1	1408	471	22122	375	62	133	780	526
TVP23A	49	107	1603	77	21	35	42	106
CIITA	2	7	72	4	1	1	5	7
DEXI	1132	399	15754	342	55	129	749	490
CLEC16A	189	430	2046	351	62	97	74	534
RMI2	3357	682	39342	861	128	243	1883	1144
SOCS1	6442	202	58975	502	55	167	1685	891
TNP2	0	0	0	0	0	0	0	0
PRM3	1	0	1	0	0	0	0	0
PRM2	3	0	35	0	0	0	0	0
PRM1	4	10	191	0	1	1	1	0
AC099489.1	2	88	867	45	25	41	0	89
LITAF	10861	1152	102877	1433	143	659	3969	2019
SNN	1341	327	16948	240	45	128	558	473
TXNDC11	261	199	3793	154	22	51	149	205
ZC3H7A	1059	767	12757	525	111	198	700	733
RSL1D1	16710	2693	199040	3359	487	1090	9670	4713
GSPT1	12181	2001	129860	2205	409	785	6079	3653
NPIPB2	9	191	282	16	13	19	6	78
TNFRSF17	0	1	3	0	0	1	0	2
SNX29	214	533	2530	283	76	133	121	465
CPPED1	528	307	9168	272	40	105	307	377
SHISA9	377	1244	7004	1340	442	575	363	2608
ERCC4	786	491	10500	268	59	114	559	464
MRTFB	596	1503	5911	1071	211	393	312	1489
PARN	734	706	8762	721	138	248	388	1124
BFAR	346	862	4118	954	175	349	230	1548
PLA2G10	34	7	600	6	3	2	18	18
NPIPA3	2	1	18	0	0	0	2	4
NPIPA2	0	2	1	5	0	2	0	13
NOMO1	601	157	4139	107	16	37	335	290
NPIPA1	13	40	193	42	9	13	16	52
PDXDC1	291	927	3379	601	124	209	222	1032
NTAN1	680	655	7983	687	120	222	319	992
RRN3	172	373	1665	270	53	117	98	520
NPIPA5	0	5	4	22	2	5	0	32
MPV17L	2	68	164	134	18	31	5	129
BMERB1	55	969	897	479	104	203	38	772
MARF1	70	395	630	228	54	82	45	344
NDE1	50	469	716	218	47	102	37	354
MYH11	4	73	63	16	10	17	1	31
FOPNL	344	657	5003	515	118	223	311	1016
ABCC1	131	650	1557	783	143	215	66	1173
ABCC6	1	48	5	35	5	10	0	30
NOMO3	4	28	94	20	6	3	0	38
AC138969.1	2	14	22	0	2	3	1	16
NPIPA7	0	3	0	3	0	0	0	3
XYLT1	168	690	1820	449	135	237	140	969
NPIPA8	1	7	0	1	0	1	1	1
NPIPA9	0	3	0	0	1	0	0	2
NOMO2	45	82	579	33	5	14	24	58
RPS15A	179273	48435	1945451	41514	7100	15485	106173	67565
ARL6IP1	7107	5485	82984	3849	782	1587	3974	6266
SMG1	1769	1071	19445	949	207	345	991	1495
TMC7	85	161	1041	106	23	53	73	109
COQ7	765	366	10750	207	48	108	448	300
ITPRIPL2	175	62	1883	83	10	15	66	62
SYT17	173	78	3096	118	12	38	79	117
CLEC19A	3	19	58	8	2	3	4	19
TMC5	105	38	1027	85	10	7	158	50
GDE1	2247	715	31005	528	106	205	1480	880
CCP110	645	465	8742	185	43	78	376	376
VPS35L	1056	737	12789	644	121	202	657	906
KNOP1	7763	1815	82559	1710	263	577	4824	2402
IQCK	246	1140	2987	293	115	190	217	580
GPRC5B	1579	542	20852	430	82	168	853	793
GPR139	1	9	7	14	4	2	1	7
GP2	0	2	1	0	0	0	0	1
UMOD	0	1	2	1	0	0	0	0
PDILT	0	0	0	0	1	0	0	1
ACSM5	0	2	0	2	0	0	0	0
ACSM2A	2	1	8	2	0	0	0	0
ACSM2B	0	1	4	0	0	0	0	0
ACSM3	108	95	1602	168	88	195	73	45
ACSM1	206	33	72	22	17	13	269	11
THUMPD1	3607	1224	44432	953	197	390	2284	1627
ERI2	348	322	3093	148	37	70	189	252
REXO5	150	166	1315	53	15	26	83	110
DCUN1D3	251	50	3406	67	14	19	138	101
LYRM1	840	673	8241	328	76	124	564	493
DNAH3	35	56	296	32	7	7	11	52
TMEM159	1308	327	19587	420	91	125	779	529
ZP2	0	0	11	0	0	0	0	0
ANKS4B	1	0	9	2	0	0	1	1
CRYM	293	74	8120	63	15	28	224	175
NPIPB3	1	10	19	8	2	6	0	21
METTL9	5643	2748	62795	1635	375	714	3873	2533
IGSF6	16	17	79	13	3	5	7	19
OTOA	10	9	164	13	2	2	4	14
NPIPB4	10	88	154	93	19	18	3	55
UQCRC2	9350	1804	97846	1593	311	569	4365	2471
PDZD9	1	3	6	3	4	1	0	21
MOSMO	1176	764	16397	534	116	200	722	813
VWA3A	0	58	29	8	3	7	2	16
SDR42E2	13	4	108	7	0	2	3	2
EEF2K	448	171	7205	201	26	75	279	316
POLR3E	1539	293	19982	323	62	102	984	423
CDR2	1144	449	11237	584	110	158	569	866
NPIPB5	63	75	758	93	21	36	36	113
HS3ST2	29	71	402	35	6	10	11	54
USP31	743	410	7379	320	82	111	410	514
SCNN1G	33	2	344	10	0	0	14	13
SCNN1B	172	12	935	10	11	3	49	97
COG7	672	518	7771	289	86	127	323	562
GGA2	1542	807	19463	745	170	294	1015	1169
EARS2	772	165	10733	186	29	58	435	245
UBFD1	2521	527	29608	554	88	212	1340	746
NDUFAB1	45650	4556	577945	5143	857	1520	20072	8629
PALB2	657	246	6404	226	60	67	375	372
DCTN5	1611	477	19498	343	60	137	747	561
PLK1	3810	996	58406	789	130	263	2046	1321
ERN2	14	13	348	12	2	5	16	23
CHP2	29	2	1111	18	0	2	31	18
PRKCB	107	163	2872	139	27	62	93	245
CACNG3	0	4	9	3	1	13	0	1
RBBP6	3985	1398	46721	1297	222	455	2096	1804
TNRC6A	3812	2876	45531	2687	522	881	2058	3639
SLC5A11	7	24	223	6	1	3	2	17
ARHGAP17	718	549	9564	444	70	135	414	675
LCMT1	3951	1050	56257	1193	194	426	2479	1559
AQP8	1	0	26	0	0	2	0	3
ZKSCAN2	169	100	2613	65	17	24	103	105
HS3ST4	69	599	554	734	212	199	88	974
C16orf82	0	3	8	0	0	0	0	1
KDM8	63	59	964	58	8	17	53	62
NSMCE1	1935	839	22058	479	109	228	634	579
IL4R	295	64	2380	103	16	20	130	88
IL21R	1	1	34	4	1	2	1	1
GTF3C1	2192	758	21310	626	112	229	1049	966
KIAA0556	200	536	2325	287	71	97	109	417
GSG1L	20	13	421	34	7	5	7	27
XPO6	2340	636	21654	619	130	191	1082	997
SBK1	1370	457	16333	293	88	115	1001	697
NPIPB6	18	5	423	3	1	0	10	18
EIF3CL	1	6	15	6	2	0	3	5
NPIPB7	1	5	31	2	1	2	0	2
CLN3	70	265	546	275	41	88	31	351
APOBR	1	1	3	1	0	0	0	1
IL27	0	0	2	0	0	0	0	1
NUPR1	18	14	3107	27	2	4	32	79
SGF29	620	367	8356	232	61	92	359	323
SULT1A2	6	11	148	20	2	2	11	20
SULT1A1	193	53	1123	60	6	21	97	53
NPIPB8	0	1	4	0	0	0	0	1
EIF3C	70	92	482	89	17	27	24	102
NPIPB9	0	3	12	0	0	2	0	3
ATXN2L	1960	797	29864	561	103	236	1042	955
TUFM	18660	2845	210553	2434	437	768	8218	4304
SH2B1	416	215	7178	124	35	55	227	215
ATP2A1	11	32	400	28	4	7	17	50
RABEP2	460	153	6666	180	40	58	223	263
CD19	199	9	3767	24	10	15	130	56
NFATC2IP	3242	637	36578	655	116	242	1770	956
SPNS1	1761	345	32939	330	41	113	858	485
LAT	54	15	754	14	3	3	17	17
NPIPB11	11	15	334	5	2	2	14	11
BOLA2	0	690	1	535	107	320	0	931
SLX1B	1	1	18	2	2	2	1	5
SULT1A4	0	0	4	1	0	0	0	1
NPIPB12	0	11	0	3	1	1	0	7
SPN	41	11	1097	6	1	0	13	26
QPRT	14284	2789	185962	2979	485	899	8417	4607
C16orf54	13	1	110	4	0	0	10	7
ZG16	0	1	11	2	0	2	1	0
KIF22	3250	1017	46948	740	106	299	1955	1410
MAZ	7217	1712	90887	1255	240	552	4313	2472
PRRT2	319	596	5173	157	45	138	266	448
PAGR1	248	878	3319	877	143	317	118	1529
MVP	25	48	354	33	4	8	23	55
CDIPT	2004	299	27841	295	49	103	974	581
SEZ6L2	1217	99	17975	299	42	113	925	418
ASPHD1	714	61	10561	135	18	38	379	202
KCTD13	225	187	3548	171	25	52	187	185
TMEM219	3651	1599	51929	1169	233	469	2496	1589
TAOK2	300	96	4425	53	10	25	169	103
HIRIP3	1085	445	15983	242	58	119	678	415
INO80E	1325	314	18465	280	42	99	743	435
DOC2A	186	46	3112	71	9	22	86	75
C16orf92	1	0	5	0	0	0	0	0
TLCD3B	269	72	5162	67	5	28	175	98
AC093512.2	3	43	43	13	11	7	1	20
ALDOA	1493	156	19868	223	50	64	903	369
PPP4C	8383	2271	114543	1881	345	686	4629	3375
TBX6	45	5	732	19	1	7	21	15
YPEL3	1527	395	15694	370	69	112	829	550
GDPD3	35	9	568	8	2	1	13	13
MAPK3	1144	419	17407	160	54	89	722	376
CORO1A	140	110	2308	41	10	20	42	81
BOLA2B	131	80	1012	69	11	18	59	108
SLX1A	1	9	18	11	1	2	0	15
SULT1A3	10	14	74	10	2	5	2	12
NPIPB13	28	1	292	11	2	2	10	13
CD2BP2	2209	491	29673	443	86	134	1124	602
TBC1D10B	595	247	8521	163	38	66	358	231
MYLPF	48	17	1048	16	1	17	42	13
ZNF48	1426	392	18339	277	51	106	728	452
SEPTIN1	258	255	5221	105	29	55	172	169
ZNF771	494	432	9230	248	49	86	325	323
DCTPP1	6691	1566	88063	1241	223	526	3120	2160
SEPHS2	4331	366	57872	729	98	178	1645	883
ITGAL	1	2	36	2	0	1	0	0
ZNF768	372	141	5776	128	20	41	289	159
ZNF747	272	86	4105	65	16	25	165	122
ZNF764	263	136	2477	63	25	25	113	116
ZNF688	202	150	2650	53	25	26	119	122
ZNF785	183	333	2836	123	34	73	157	205
ZNF689	553	182	7921	136	27	44	331	220
PRR14	237	188	3576	74	37	36	130	141
FBRS	126	200	1921	90	21	48	100	135
SRCAP	122	363	1156	273	48	102	46	420
TMEM265	0	83	0	115	18	57	0	82
PHKG2	1106	275	17219	228	40	94	622	438
CCDC189	84	42	1227	17	11	15	48	31
RNF40	862	381	10638	219	55	82	467	315
ZNF629	185	163	3452	98	23	46	215	147
BCL7C	1229	1191	16150	817	170	282	674	887
CTF1	53	35	1061	33	3	8	21	33
FBXL19	552	181	7953	174	30	65	320	249
ORAI3	281	288	6343	146	28	59	214	190
SETD1A	570	206	7562	128	32	51	305	225
HSD3B7	409	20	4039	86	10	18	151	81
STX1B	294	57	5105	85	10	22	143	81
STX4	1223	282	17435	271	56	94	553	405
ZNF668	419	142	5125	102	19	36	256	202
ZNF646	266	116	3311	90	21	35	142	150
PRSS53	6	9	65	10	0	3	2	13
VKORC1	4110	1907	65482	1635	375	685	3619	2385
BCKDK	2686	461	40209	446	82	161	1648	760
KAT8	1144	736	19818	393	89	170	788	645
PRSS8	1878	68	29724	496	55	114	1520	487
PRSS36	48	12	523	8	1	1	21	12
FUS	22002	5199	296450	4704	834	1797	13605	7762
PYCARD	2670	57	42300	478	55	102	2278	934
TRIM72	15	4	340	9	5	2	23	22
PYDC1	122	10	2468	70	7	6	347	153
ITGAM	5	2	73	8	1	0	9	7
ITGAX	8	1	70	4	0	0	4	6
ITGAD	0	1	11	1	0	0	1	0
COX6A2	18	2	1079	6	0	1	34	9
ZNF843	3	26	52	4	2	4	4	11
ARMC5	132	57	2598	42	7	16	82	77
TGFB1I1	117	32	4061	82	8	15	69	37
SLC5A2	19	3	479	2	0	4	20	3
C16orf58	205	164	4992	109	17	41	249	157
AHSP	35	0	493	17	0	2	26	18
ZNF720	1108	669	14408	472	110	210	873	888
ZNF267	574	196	7080	160	35	61	322	288
IGHV1OR16-1	0	0	0	0	0	0	0	0
IGHV1OR16-3	0	0	0	0	0	0	0	0
IGHV3OR16-9	0	0	0	0	0	0	0	0
TP53TG3D	0	0	0	0	0	0	0	0
TP53TG3	0	0	0	0	0	0	0	0
IGHV2OR16-5	0	0	0	0	0	0	0	0
IGHV3OR16-15	0	0	0	0	0	0	0	0
IGHV3OR16-6	0	0	0	0	0	0	0	0
IGHV1OR16-2	0	0	0	0	0	0	0	0
IGHV3OR16-10	0	0	0	0	0	0	0	0
IGHV1OR16-4	0	0	0	0	0	0	0	0
IGHV3OR16-8	0	0	0	0	0	0	0	0
TP53TG3C	0	0	0	0	0	0	0	0
TP53TG3E	0	0	0	0	0	0	0	0
TP53TG3B	0	0	0	0	0	0	0	0
TP53TG3F	0	0	0	0	0	0	0	0
IGHV3OR16-12	0	0	0	0	0	0	0	0
IGHV3OR16-13	0	0	0	0	0	0	0	0
AC136428.1	0	0	0	0	0	0	0	0
IGHV3OR16-11	0	0	0	0	0	0	0	0
IGHV3OR16-7	0	0	0	0	0	0	0	0
SHCBP1	948	368	9896	295	64	105	478	445
VPS35	4920	1951	62292	1304	273	559	2649	2116
ORC6	6614	2091	82024	1653	278	591	3594	2584
MYLK3	8	16	84	21	7	6	10	36
C16orf87	3018	1098	32087	779	153	287	1519	1261
GPT2	1165	361	16487	353	54	133	579	530
DNAJA2	10698	1700	106702	1530	347	549	6204	3106
NETO2	1936	1207	9565	505	311	245	1165	1621
ITFG1	1188	2298	15250	1662	331	559	779	2495
PHKB	1577	1475	16712	961	237	375	799	1432
ABCC12	20	3	453	0	0	1	4	7
ABCC11	2	3	11	2	1	1	1	3
LONP2	1004	993	8997	620	149	239	572	949
SIAH1	1740	899	17685	686	118	263	1040	1090
N4BP1	2058	872	18505	824	144	278	966	1198
CBLN1	71	122	977	65	47	83	140	101
C16orf78	1	3	10	0	0	0	1	1
ZNF423	496	2147	4809	1340	313	458	303	1931
CNEP1R1	533	219	6437	154	22	72	308	224
HEATR3	789	242	7104	237	50	78	448	347
TENT4B	1186	341	13681	360	78	133	655	567
ADCY7	58	22	814	40	10	7	29	52
BRD7	5539	2603	66124	1829	339	743	3509	2748
NKD1	88	770	858	327	65	104	70	326
SNX20	0	1	0	0	0	0	0	1
NOD2	4	0	55	2	1	3	2	5
CYLD	396	188	4767	118	19	44	173	195
SALL1	703	408	4656	242	52	102	490	474
HNRNPA1P48	1415	492	18687	405	76	145	1010	656
TOX3	564	1436	3628	553	189	262	576	1281
AC007906.2	49	80	1503	85	1	17	81	36
CHD9	1718	3731	19079	1965	498	847	1858	3373
RBL2	387	675	4764	477	90	171	265	634
AKTIP	574	207	6837	163	28	54	309	226
RPGRIP1L	630	587	7177	310	71	130	470	436
FTO	651	1444	8494	949	210	370	374	1489
IRX3	33	315	725	70	44	56	34	134
IRX5	16	181	131	32	23	36	18	94
IRX6	13	11	58	3	1	2	0	1
MMP2	238	425	2826	217	16	55	200	384
LPCAT2	164	341	1884	209	44	104	128	229
CAPNS2	1	0	10	0	0	2	0	0
SLC6A2	2	0	102	2	0	0	2	1
CES1	3	1	204	8	1	6	0	11
CES5A	1	0	5	0	1	0	0	0
GNAO1	134	100	2530	141	24	42	85	181
AMFR	551	273	7027	162	58	79	294	307
NUDT21	6361	1296	73378	1518	266	543	3943	2366
OGFOD1	2162	480	22959	437	80	130	1182	722
BBS2	279	338	3581	127	32	73	182	230
MT4	0	1	3	0	0	0	0	0
MT3	24	6	1224	4	5	1	24	10
MT2A	4876	507	116715	115	37	173	1225	1117
MT1E	4052	65	83166	16	11	76	887	500
MT1M	263	8	12167	2	1	6	45	35
MT1A	45	1	1755	0	0	2	17	3
MT1B	0	0	65	0	0	0	0	0
MT1F	2681	58	79739	46	32	100	479	574
MT1G	18230	193	451512	135	34	548	2724	2173
MT1H	10803	104	308271	55	6	279	1646	1000
MT1X	29241	450	503649	1333	171	951	8939	4078
NUP93	2690	905	33944	796	137	272	1514	1296
SLC12A3	0	2	15	0	0	1	0	3
HERPUD1	1427	547	17877	470	80	164	692	561
CETP	3	0	36	0	1	0	2	3
NLRC5	18	10	350	12	1	4	6	15
CPNE2	386	257	4487	161	32	61	293	232
FAM192A	2858	1167	39778	878	158	373	1740	1405
RSPRY1	1312	664	14651	426	87	150	742	692
ARL2BP	1159	1034	15363	497	117	182	718	715
PLLP	176	17	1755	27	3	14	111	52
CCL22	0	1	47	0	0	0	1	0
CX3CL1	8	37	133	26	1	8	4	41
CCL17	0	1	1	0	0	0	0	0
CIAPIN1	3681	1113	48791	817	133	325	2137	1498
COQ9	1550	444	17066	322	57	97	782	463
POLR2C	4228	1024	58457	885	166	358	2304	1363
DOK4	305	44	3823	88	6	28	132	88
CCDC102A	246	169	2677	147	26	49	235	168
ADGRG5	28	7	359	17	2	11	34	36
ADGRG1	22	179	269	63	19	38	24	101
ADGRG3	2	0	134	5	2	0	8	3
DRC7	3	7	44	1	0	3	2	0
KATNB1	1003	231	12516	146	34	64	417	253
KIFC3	123	78	1104	73	15	42	43	68
CNGB1	1	11	11	6	0	2	0	6
TEPP	28	15	1116	16	2	8	17	19
ZNF319	49	39	982	19	5	2	27	41
USB1	1584	458	21445	352	56	129	850	644
MMP15	736	58	8391	107	24	31	384	217
CFAP20	2012	797	25124	482	116	206	1047	838
CSNK2A2	3894	956	51119	1039	193	336	2372	1657
CCDC113	346	295	3757	171	32	71	271	236
PRSS54	1	0	1	1	0	0	0	1
GINS3	382	198	5985	137	22	55	206	181
NDRG4	300	116	5892	86	23	37	134	162
SETD6	756	184	9796	161	30	44	517	236
CNOT1	3018	1420	35101	1216	211	395	1725	1747
SLC38A7	551	128	9081	129	26	47	281	195
GOT2	4546	914	54657	942	161	316	2286	1425
CDH8	432	407	6301	471	81	157	338	898
CDH11	88	1731	1458	759	233	555	85	1632
CDH5	3	2	10	2	0	0	1	2
BEAN1	0	30	12	13	3	11	0	13
TK2	108	167	1525	83	16	41	96	99
CKLF	1335	809	17502	550	134	267	785	963
CMTM1	4	169	42	53	17	47	0	172
CMTM2	0	2	22	6	0	1	1	3
CMTM3	783	554	12007	320	70	168	465	585
CMTM4	940	624	9077	657	129	227	564	906
DYNC1LI2	3130	1578	41367	1093	225	465	2129	1862
TERB1	1	9	19	5	1	2	2	19
NAE1	7892	2688	72208	1838	401	680	4069	2725
CA7	45	5	538	5	1	6	21	8
PDP2	474	105	7626	118	18	24	309	158
CDH16	0	1	1	0	0	0	0	0
RRAD	29	9	135	1	0	1	2	5
CIAO2B	7805	2558	98260	1926	335	574	4460	2700
CES2	417	264	6372	117	28	42	257	210
CES3	17	33	318	21	5	7	20	20
CES4A	13	13	458	2	0	3	13	9
CBFB	780	861	8470	537	112	229	427	1045
C16orf70	434	160	5224	144	24	53	212	216
B3GNT9	78	16	1552	19	4	6	66	27
TRADD	97	8	1731	35	6	17	68	53
FBXL8	19	2	297	10	0	1	10	4
HSF4	23	1	978	3	2	3	15	12
NOL3	236	58	4006	65	5	37	266	111
KIAA0895L	338	233	5698	116	38	79	271	221
EXOC3L1	43	2	1302	3	0	2	42	17
E2F4	2243	349	33615	330	52	109	1130	532
ELMO3	345	9	3880	44	7	9	133	75
LRRC29	11	27	801	21	2	11	7	37
TMEM208	5251	1076	71891	1105	163	376	2789	1466
FHOD1	549	95	7594	79	22	33	331	130
SLC9A5	29	37	866	38	7	16	42	64
PLEKHG4	424	8	8029	29	9	9	214	70
KCTD19	3	36	35	14	7	8	5	14
LRRC36	4	17	67	7	1	1	4	17
TPPP3	53	74	508	38	20	29	17	38
ZDHHC1	35	139	708	76	23	31	39	104
HSD11B2	472	35	6331	111	12	21	268	195
ATP6V0D1	2190	716	32201	632	105	228	1093	865
AGRP	1	1	20	0	0	1	0	3
RIPOR1	354	92	8070	63	12	25	113	124
CTCF	5071	1990	51381	1601	290	570	2843	2348
CARMIL2	601	7	9294	88	4	16	206	61
ACD	1258	268	21452	266	43	101	628	465
PARD6A	823	167	16355	120	37	69	382	190
ENKD1	296	237	4228	97	27	29	162	132
C16orf86	97	83	1571	25	7	11	46	42
GFOD2	892	541	14398	302	77	128	524	489
RANBP10	280	352	2705	260	66	98	127	365
TSNAXIP1	11	25	337	9	4	18	12	16
CENPT	857	274	12942	204	46	71	533	298
THAP11	2491	436	30605	402	65	136	1233	642
NUTF2	10284	2458	121918	2339	450	821	5746	3722
EDC4	833	153	11230	147	24	55	368	197
NRN1L	1536	22	8063	97	15	21	481	272
PSKH1	343	202	4898	149	28	45	194	231
CTRL	21	18	300	8	2	8	15	19
PSMB10	780	334	10161	467	78	149	456	674
LCAT	82	14	1264	18	2	3	17	27
SLC12A4	407	71	5979	68	10	31	185	147
DPEP3	2039	13	36836	17	27	48	1391	249
DPEP2	0	1	18	0	2	1	0	0
DUS2	710	240	8959	224	51	54	310	312
DPEP2NB	0	0	3	0	0	0	0	0
DDX28	959	126	12641	158	36	46	443	195
NFATC3	1441	1298	17274	631	154	230	948	1062
ESRP2	587	23	9227	93	9	30	316	117
PLA2G15	134	54	3361	54	2	29	93	61
SLC7A6	358	325	3766	185	33	83	216	264
SLC7A6OS	1385	603	15480	407	79	172	860	615
PRMT7	730	359	9378	301	63	92	336	412
SMPD3	17	6	158	6	1	3	8	14
ZFP90	432	892	4434	321	88	175	285	587
CDH3	1941	170	23434	557	108	206	1013	790
CDH1	6023	210	47068	1772	320	463	3315	2154
TANGO6	328	405	4610	341	86	171	165	506
HAS3	900	50	9191	179	28	38	411	216
CHTF8	68	33	530	21	7	9	51	33
DERPC	2	1	26	1	1	0	1	0
UTP4	1558	375	21369	444	81	137	881	691
SNTB2	1342	708	11857	497	101	158	649	849
VPS4A	2487	805	35149	583	104	233	1299	983
COG8	492	202	6305	150	28	51	351	247
PDF	16	15	312	17	2	5	9	20
NIP7	5636	688	62619	766	110	259	2815	1212
TMED6	0	14	13	3	0	5	0	14
TERF2	1036	453	12769	407	77	152	634	484
CYB5B	2929	1168	36207	832	159	294	1645	1364
NFAT5	1364	1793	16770	1380	268	523	687	2108
NQO1	2972	426	39114	524	91	177	1005	779
NOB1	4233	646	58428	726	114	263	2339	1175
WWP2	264	595	3447	477	109	144	156	643
CLEC18A	3	23	109	11	2	2	3	16
PDPR	961	290	16766	270	37	129	661	752
CLEC18C	0	5	12	0	2	0	0	6
EXOSC6	2511	783	28178	685	133	248	1388	951
AARS	3648	853	52539	847	116	267	1743	1142
DDX19B	642	440	8281	281	57	114	371	458
DDX19A	1110	468	15160	342	66	152	649	489
ST3GAL2	763	424	8433	345	86	99	404	503
FCSK	127	80	1289	50	14	9	73	71
COG4	1233	422	13633	321	78	127	713	490
SF3B3	3689	1181	45441	1055	195	332	2072	1448
IL34	152	42	1497	133	29	22	73	226
MTSS2	139	200	1983	124	29	49	81	150
VAC14	805	278	12747	349	51	100	443	450
HYDIN	16	522	166	105	30	73	8	175
CMTR2	459	234	4994	135	32	54	285	183
CALB2	157	13	3003	38	3	12	92	40
TLE7	41	1	210	1	0	2	16	16
ZNF23	27	149	314	118	30	37	18	189
ZNF19	82	191	1468	83	14	45	58	136
CHST4	247	20	3201	55	5	15	166	91
TAT	0	1	8	0	0	0	1	1
MARVELD3	3094	73	38059	466	74	118	1585	646
PHLPP2	802	760	7803	442	150	191	332	995
AP1G1	1292	744	13547	582	126	226	713	882
ATXN1L	536	75	5747	105	19	30	247	135
IST1	2795	1181	34454	923	169	326	1602	1545
ZNF821	418	533	5625	321	72	124	316	459
PKD1L3	0	29	8	25	8	7	0	64
DHODH	937	207	11014	182	42	66	505	298
TXNL4B	333	231	3962	128	17	51	157	146
HP	1	2	6	1	0	0	1	3
HPR	0	8	4	3	0	0	0	5
DHX38	1115	371	12019	283	39	74	546	389
PMFBP1	10	130	178	73	12	30	7	93
ZFHX3	596	1946	1876	828	269	459	293	1548
PSMD7	17925	3369	217548	3404	598	1105	9178	5470
NPIPB15	67	10	1265	17	6	10	34	40
CLEC18B	1	16	46	23	2	7	4	57
GLG1	3892	2289	53798	1838	371	655	2715	3034
RFWD3	1853	624	17827	646	123	183	840	854
MLKL	157	5	2008	32	3	6	86	36
FA2H	72	6	2503	94	6	12	38	84
WDR59	1156	597	13659	510	104	187	589	891
ZNRF1	3370	1277	33752	1189	248	442	2090	2037
LDHD	1073	17	14029	116	9	16	285	136
ZFP1	311	278	3400	134	41	63	159	233
CTRB2	0	1	3	0	0	0	0	0
CTRB1	0	1	6	0	0	0	0	2
BCAR1	1022	262	16176	281	44	110	592	381
CFDP1	6309	4551	94848	3179	703	1258	3952	5247
TMEM170A	3794	1026	39398	858	164	321	2096	1367
CHST6	290	87	2876	92	12	25	183	135
CHST5	0	12	7	3	1	0	0	6
TMEM231	157	314	2002	130	43	51	114	159
GABARAPL2	7101	2392	97919	1521	345	606	4324	2348
ADAT1	695	278	5704	221	38	64	344	313
KARS	4054	793	48143	776	126	241	2161	1011
TERF2IP	1590	1363	17114	652	148	268	1024	1065
AC025287.4	4	12	2	6	1	3	3	11
DUXB	1	1	0	0	1	0	0	1
CPHXL	4	6	1	1	3	2	0	3
CNTNAP4	1	40	9	51	3	1	1	23
MON1B	644	277	8679	236	43	95	358	367
SYCE1L	182	445	2129	170	39	59	151	204
ADAMTS18	5	122	130	316	27	67	11	62
NUDT7	494	283	6120	139	39	86	443	220
VAT1L	262	380	3640	609	54	182	408	580
CLEC3A	0	0	3	1	0	1	1	1
WWOX	304	6092	4139	4748	808	1963	269	5611
MAF	171	595	4428	355	113	211	163	331
DYNLRB2	7	47	144	13	5	13	5	21
CDYL2	51	100	1239	94	30	30	20	114
CMC2	4334	1525	49669	1049	241	370	2225	2028
CENPN	2161	1150	38452	873	202	307	2227	1308
ATMIN	1875	474	18530	439	96	160	1077	631
C16orf46	17	229	307	96	21	38	19	154
GCSH	981	3672	10750	3823	774	1552	640	5493
BCO1	3	5	49	15	1	3	1	12
GAN	360	357	3558	325	62	90	214	446
CMIP	1608	1215	16267	1156	208	337	910	1932
PLCG2	139	209	988	187	35	58	84	331
SDR42E1	8	2	92	29	0	0	4	0
HSD17B2	4	13	49	17	9	5	1	11
MPHOSPH6	2737	1014	29128	721	122	267	1377	1028
CDH13	80	73	2062	119	19	30	72	278
HSBP1	29780	7160	347119	5703	1136	2025	16020	8642
MLYCD	580	242	9715	242	44	90	413	409
OSGIN1	19	5	750	4	2	3	10	6
NECAB2	113	342	1815	140	39	92	81	243
SLC38A8	1	6	71	7	1	2	3	16
MBTPS1	1133	762	13567	512	101	187	688	681
HSDL1	1366	713	18727	429	78	189	956	726
DNAAF1	7	9	79	5	2	0	2	3
TAF1C	484	110	6988	96	18	30	264	131
ADAD2	42	0	493	2	0	1	10	8
KCNG4	0	0	2	0	0	1	0	0
WFDC1	11	7	194	10	2	1	19	16
ATP2C2	44	23	490	29	3	7	19	48
MEAK7	321	250	4670	144	29	55	207	215
COTL1	4883	2813	72990	1285	240	549	2023	2444
KLHL36	670	159	7053	144	46	65	369	240
USP10	5210	1684	55583	1661	348	549	2704	2591
CRISPLD2	99	20	722	24	7	12	56	73
ZDHHC7	942	273	12932	255	50	93	581	396
KIAA0513	116	94	925	46	14	19	69	92
FAM92B	3	7	18	4	0	1	1	4
GSE1	2093	1031	19348	891	160	250	926	1585
GINS2	4022	1762	45803	1201	199	470	2271	1788
C16orf74	1524	97	9631	215	40	63	571	283
EMC8	3963	802	53151	691	146	251	1906	1220
COX4I1	62200	11267	707505	10263	1928	3636	31976	16579
IRF8	15	1	212	3	1	4	9	4
FOXF1	2	5	30	1	0	0	0	3
MTHFSD	172	159	2043	100	21	37	121	132
FOXC2	41	15	116	6	1	1	15	3
FOXL1	2	0	13	0	0	1	3	3
C16orf95	19	151	308	111	32	42	17	160
FBXO31	184	123	2125	107	22	28	100	160
MAP1LC3B	7898	1389	84243	1266	262	429	3239	2319
ZCCHC14	630	511	6078	324	79	122	354	608
JPH3	425	60	5294	156	14	44	252	216
KLHDC4	929	374	9028	304	69	120	485	481
SLC7A5	1352	232	16444	523	40	174	885	402
CA5A	0	5	0	3	1	1	0	1
BANP	922	486	11387	455	65	139	529	679
ZNF469	35	1	149	6	2	0	17	16
ZFPM1	1960	701	25148	456	113	180	1431	760
ZC3H18	2652	1021	31553	843	151	292	1476	1202
IL17C	3	0	134	0	0	0	5	2
CYBA	13949	2031	199260	2082	326	933	8260	3645
MVD	1452	582	18248	409	94	124	774	752
SNAI3	323	75	4771	53	10	14	83	117
RNF166	839	260	11316	196	26	64	449	254
CTU2	994	157	12272	189	24	41	477	300
PIEZO1	417	25	3476	44	11	23	123	106
CDT1	5332	704	64815	690	143	247	2658	1271
APRT	31791	3490	366167	4681	682	1685	18121	8002
GALNS	333	123	6945	72	23	53	203	213
TRAPPC2L	7319	1307	77712	1275	152	546	3550	2566
PABPN1L	1	0	18	0	0	0	0	0
CBFA2T3	201	24	1337	21	2	5	64	47
ACSF3	608	235	7472	159	30	72	388	290
CDH15	42	6	1053	10	1	2	50	22
SLC22A31	64	7	2400	10	0	15	66	33
ZNF778	388	139	4530	128	20	29	195	163
ANKRD11	9237	4221	107244	3676	600	1288	4952	6123
SPG7	2882	843	29569	784	149	293	1424	1211
RPL13	352635	79389	3851290	65478	12575	26374	225726	114863
CPNE7	352	19	6099	64	15	16	188	117
DPEP1	18	12	836	16	2	4	61	18
CHMP1A	1674	455	25889	341	59	133	959	544
SPATA33	545	717	7757	209	57	129	405	444
CDK10	1004	385	14698	253	57	105	555	497
SPATA2L	429	163	7312	113	29	33	233	161
VPS9D1	190	155	2178	83	23	29	60	113
ZNF276	231	138	3090	65	15	20	173	134
FANCA	962	612	13047	441	106	132	560	675
SPIRE2	148	121	1897	76	24	33	90	137
TCF25	4144	1710	49699	1088	267	445	2368	1722
MC1R	65	14	723	20	2	3	24	20
TUBB3	48	2533	513	1569	433	663	14	3807
DEF8	2820	715	28328	574	88	184	1547	866
CENPBD1	291	37	4256	81	16	23	149	105
DBNDD1	2190	101	13958	339	63	85	1069	566
GAS8	648	100	4165	153	46	42	303	259
PRDM7	0	1	5	0	0	2	0	3
SCGB1C2	0	0	0	0	0	0	0	0
DOC2B	6	26	218	31	1	8	5	30
RPH3AL	4	125	461	71	10	30	15	102
C17orf97	213	207	4206	97	20	16	224	113
RFLNB	1750	129	43781	174	36	108	742	440
VPS53	927	813	10873	723	169	200	507	1002
TLCD3A	677	216	8849	161	36	43	347	239
GEMIN4	1207	136	10447	158	34	71	506	235
GLOD4	5782	1265	71589	935	168	392	2629	1571
MRM3	1252	282	11184	227	43	71	712	395
NXN	3296	2743	31412	2336	491	753	1941	3758
TIMM22	17	489	266	433	89	180	15	992
ABR	37	485	352	383	100	117	21	679
BHLHA9	3	0	25	1	0	0	2	6
TRARG1	0	1	0	1	0	1	0	1
YWHAE	1497	11335	19679	8577	1740	3300	1149	13519
CRK	47	692	517	644	104	294	20	968
MYO1C	1349	214	14763	216	41	74	598	415
INPP5K	277	75	3378	69	11	31	128	135
PITPNA	2129	956	24764	861	155	238	1109	1203
SLC43A2	20	172	201	67	13	33	10	149
SCARF1	0	13	3	19	1	2	0	30
RILP	15	39	257	86	14	27	5	159
PRPF8	1296	1480	13058	1092	241	354	805	1570
TLCD2	0	49	9	26	7	16	0	31
WDR81	28	38	881	51	10	15	14	56
SERPINF2	0	6	1	21	0	2	0	11
SERPINF1	378	283	13265	181	30	106	411	249
SMYD4	618	357	7385	250	48	90	358	354
RPA1	3248	1072	39916	764	160	277	1921	1364
RTN4RL1	1	143	26	49	11	21	2	85
DPH1	18	47	259	20	6	8	10	36
OVCA2	1	3	9	0	0	0	0	2
HIC1	9	9	102	4	0	3	9	9
SMG6	911	1702	12398	1189	243	409	505	1702
SRR	98	434	1541	178	46	113	66	288
TSR1	4925	619	49362	885	134	274	3100	1310
SGSM2	305	143	2916	99	20	37	148	150
MNT	403	130	6697	116	21	46	223	157
METTL16	1834	1291	21828	939	172	297	1067	1329
PAFAH1B1	4645	3155	55413	2078	437	861	2723	3241
CLUH	912	58	10659	98	11	25	308	142
RAP1GAP2	1003	219	12201	885	180	158	364	1838
OR1D5	0	0	0	0	0	0	0	0
OR1D2	0	0	3	0	0	0	0	0
OR1G1	0	0	1	0	0	0	1	0
OR1A2	0	0	0	0	0	0	0	0
OR1A1	0	1	4	0	0	0	0	0
OR3A2	3	4	22	3	2	3	1	17
OR3A1	3	0	9	0	0	0	2	0
AC087498.1	2	1	7	0	0	0	0	0
OR1E1	0	0	0	0	0	0	0	0
OR3A3	0	1	13	0	1	0	0	1
OR1E2	0	0	0	0	0	0	0	0
SPATA22	7	3	38	7	1	0	4	16
ASPA	1	3	86	0	1	2	2	4
TRPV3	18	45	117	20	11	17	10	32
TRPV1	69	123	863	86	19	30	58	108
SHPK	363	269	4224	171	36	63	156	266
CTNS	295	140	5911	105	14	47	185	129
TAX1BP3	1919	652	15883	612	126	194	870	831
EMC6	11268	1899	136965	1863	294	591	5539	2963
P2RX5	113	5	1672	12	1	8	38	24
ITGAE	2563	1691	30138	921	183	427	1453	1341
HASPIN	401	56	4023	84	16	17	166	112
NCBP3	2428	1040	34022	861	143	307	1378	1180
CAMKK1	198	40	1739	37	8	19	75	96
P2RX1	53	1	1443	12	0	3	19	19
ATP2A3	604	25	4281	46	8	10	192	121
ZZEF1	288	365	3442	262	62	76	152	350
CYB5D2	187	264	4120	138	45	65	126	227
ANKFY1	860	928	8538	669	136	210	471	1010
UBE2G1	4337	1693	40306	2349	476	556	1720	3571
SPNS3	0	1	6	1	1	1	1	1
SPNS2	44	11	627	45	3	10	17	9
MYBBP1A	1632	166	18598	226	28	68	949	338
GGT6	12	1	93	1	0	0	3	3
SMTNL2	113	36	1203	40	5	19	54	35
ALOX15	12	1	508	8	1	1	12	7
PELP1	5773	731	59694	942	156	278	2417	1263
ARRB2	1467	420	15918	246	62	101	653	464
MED11	2158	497	22090	405	59	156	1015	598
CXCL16	295	3	1510	19	2	1	40	14
ZMYND15	33	5	176	4	3	0	7	3
TM4SF5	0	0	1	0	0	0	0	0
VMO1	30	30	113	2	0	15	7	9
GLTPD2	10	5	20	3	0	0	1	2
PSMB6	29536	5187	317540	4856	823	1731	13117	8143
AC233723.1	6	19	120	16	2	5	7	7
PLD2	439	93	3893	94	17	38	236	135
MINK1	507	279	6668	215	58	90	280	325
CHRNE	83	44	686	21	7	13	31	66
C17orf107	76	2	898	14	2	2	23	11
GP1BA	18	18	91	9	1	0	6	12
SLC25A11	6948	1181	81208	994	186	347	3299	1824
RNF167	3937	632	61851	607	130	259	2046	1063
PFN1	83053	10282	1047469	15135	2266	4363	39208	25003
ENO3	1107	535	17241	230	32	59	434	491
SPAG7	7153	1887	78106	1529	298	486	3563	2400
CAMTA2	267	55	3826	77	7	23	85	75
INCA1	29	13	632	16	6	7	14	11
KIF1C	1419	268	16699	248	34	90	734	369
SLC52A1	140	15	829	6	2	1	14	15
ZFP3	126	33	939	31	8	19	64	43
ZNF232	1120	300	10979	269	49	79	454	349
USP6	14	5	69	7	3	0	8	21
ZNF594	234	178	2665	133	30	41	122	133
SCIMP	0	21	26	20	2	2	5	16
RABEP1	1978	1490	26838	1081	210	359	1087	1682
NUP88	2056	793	20846	712	133	231	1210	946
RPAIN	7218	2180	84587	1523	296	558	4503	2539
C1QBP	53801	3998	537732	6003	844	1775	26985	8809
DHX33	2839	486	29283	613	100	186	1698	882
DERL2	3073	773	36331	655	137	249	1591	902
MIS12	935	576	10243	437	86	158	612	561
NLRP1	7	42	198	21	7	13	7	42
AC055839.2	2	186	130	34	13	37	3	87
WSCD1	447	368	6184	166	48	60	381	392
AIPL1	67	5	710	37	0	2	49	27
PIMREG	2407	1370	31621	639	127	314	1407	1738
PITPNM3	12	71	589	35	8	16	24	44
KIAA0753	238	495	3254	254	65	97	192	406
AC004706.3	12	7	99	9	0	5	7	8
TXNDC17	14747	2584	208634	3091	514	1134	9716	4909
MED31	1143	692	10239	295	81	147	568	556
C17orf100	44	73	684	39	5	23	48	64
SLC13A5	16	2	512	11	0	0	13	5
XAF1	1	2	19	5	0	0	0	2
FBXO39	0	0	3	0	0	0	0	0
TEKT1	1	13	17	7	2	4	0	1
ALOX12	33	9	522	6	1	1	17	5
RNASEK	174	6382	3089	3617	707	1225	115	4956
C17orf49	206	4486	2512	1669	373	628	141	2505
BCL6B	59	13	518	20	4	3	49	24
SLC16A13	26	72	307	41	10	10	26	32
SLC16A11	114	8	784	15	5	0	28	12
CLEC10A	0	1	6	10	0	3	0	5
ASGR2	1	4	34	1	0	1	0	2
ASGR1	240	141	3471	104	22	46	283	175
DLG4	220	210	3061	89	29	65	170	191
ACADVL	3573	823	48332	574	105	278	1792	1003
DVL2	1172	370	16060	220	46	85	703	389
PHF23	2771	706	32836	604	83	249	1547	846
GABARAP	272	7599	3453	4256	958	1865	168	7039
CTDNEP1	3628	981	53828	758	140	289	2267	1174
ELP5	1918	752	28145	483	96	173	2546	700
CLDN7	13469	228	159233	2159	301	400	5089	2446
SLC2A4	109	36	1814	14	4	10	69	26
YBX2	397	19	9053	109	20	44	290	131
EIF5A	36188	4474	454826	5910	610	1956	19605	9487
GPS2	785	783	12530	506	117	238	485	863
NEURL4	296	56	3923	62	6	20	99	77
ACAP1	416	82	8644	90	9	16	263	145
KCTD11	58	56	1203	28	7	9	38	32
TMEM95	0	0	2	0	0	0	0	0
TNK1	98	15	1577	37	5	13	64	45
PLSCR3	4	108	71	133	14	60	3	200
TMEM256	6520	2431	105555	2039	327	644	3974	2836
NLGN2	251	318	5653	187	34	85	213	300
SPEM1	0	0	38	0	0	0	0	1
SPEM2	0	0	38	1	0	0	0	0
SPEM3	0	0	3	0	0	0	0	0
TMEM102	404	24	6567	60	9	17	215	86
FGF11	264	155	4458	169	37	81	300	266
CHRNB1	338	143	5783	94	25	41	174	140
ZBTB4	292	177	3060	184	27	64	152	232
SLC35G6	0	0	13	0	0	1	0	0
POLR2A	5127	1410	53410	1116	191	357	2361	1684
TNFSF12	125	22	2134	48	5	16	84	51
TNFSF13	1	7	25	11	5	3	0	36
SENP3	152	141	2511	126	19	49	147	151
EIF4A1	12150	13572	151279	14081	2263	4870	7009	24242
CD68	52	3	1396	6	0	1	14	17
MPDU1	2152	727	35719	436	55	197	1246	934
SOX15	1033	52	6193	113	16	38	302	196
FXR2	530	205	7342	156	27	52	294	183
SHBG	29	50	819	21	7	9	30	22
SAT2	6348	1998	83717	1362	310	484	3651	2243
ATP1B2	667	278	10383	188	79	62	729	368
TP53	3397	615	34799	612	118	210	2348	976
WRAP53	893	377	12353	203	49	83	506	381
EFNB3	338	457	4945	166	56	88	217	310
DNAH2	2	27	137	10	5	0	5	17
KDM6B	315	296	5198	192	35	84	392	294
TMEM88	107	401	1423	366	39	69	216	253
NAA38	3163	2834	36892	1012	282	451	2179	1983
CYB5D1	282	73	3754	67	9	26	236	129
CHD3	312	540	2939	236	70	111	299	345
RNF227	22	28	358	14	4	8	34	23
KCNAB3	12	65	216	9	4	9	26	28
TRAPPC1	4609	2305	87620	1689	334	640	3242	2382
CNTROB	136	156	2153	64	15	23	118	124
GUCY2D	3	6	60	4	1	5	4	4
ALOX15B	12	2	255	1	0	0	7	0
ALOX12B	9	8	193	8	3	4	9	13
ALOXE3	0	0	67	0	0	0	3	2
HES7	15	7	162	27	1	0	31	10
PER1	245	129	3833	91	25	24	189	127
VAMP2	1502	1036	20501	413	114	196	1237	810
TMEM107	613	586	6625	267	80	146	448	543
BORCS6	328	51	4128	62	10	17	131	97
AURKB	4985	1194	59353	810	152	312	2661	1498
CTC1	196	116	2564	96	18	32	98	125
PFAS	1829	352	20677	372	55	120	902	560
SLC25A35	117	38	2134	30	4	6	98	50
RANGRF	1783	653	30277	446	87	152	1097	701
ARHGEF15	7	2	142	5	1	1	4	9
ODF4	0	0	0	0	0	0	0	0
KRBA2	54	230	663	107	25	58	45	180
RPL26	86307	49307	927383	47160	8548	17246	51001	79000
RNF222	7	6	41	3	0	2	3	2
NDEL1	503	360	6844	308	66	91	307	383
MYH10	5801	3362	76778	2865	512	1116	4059	4426
CCDC42	2	4	33	1	0	0	1	2
SPDYE4	0	1	0	0	0	0	0	0
MFSD6L	49	1	1195	7	2	5	27	10
PIK3R6	1	3	21	3	1	0	0	7
PIK3R5	59	5	1161	38	7	11	41	50
NTN1	192	227	879	267	82	72	23	716
STX8	1572	1683	21062	1337	266	444	910	1864
CFAP52	1	16	52	5	8	3	3	14
USP43	209	57	2439	253	17	46	96	179
DHRS7C	0	0	0	0	0	0	0	1
GSG1L2	0	0	0	1	1	0	0	0
GLP2R	0	3	0	0	0	0	0	0
RCVRN	0	1	12	0	0	0	0	0
GAS7	326	148	2066	282	43	58	90	362
MYH13	5	0	28	0	0	3	1	4
MYH8	1	1	5	1	0	0	0	0
MYH4	0	0	7	0	0	0	0	0
MYH1	0	1	1	0	0	0	0	0
MYH2	17	0	560	1	1	0	8	4
MYH3	23	18	276	6	1	2	8	29
SCO1	4770	666	53783	851	126	256	2422	1111
ADPRM	213	149	2546	72	19	33	126	93
TMEM220	504	100	6446	121	23	30	378	332
TMEM238L	0	2	5	1	1	1	0	0
PIRT	1	3	1	4	3	0	0	4
SHISA6	20	203	559	113	23	69	37	247
DNAH9	6	103	75	52	24	26	5	80
ZNF18	205	136	2166	71	14	26	119	132
MAP2K4	930	1598	10040	1208	232	405	495	1686
MYOCD	15	11	168	11	2	12	16	26
ARHGAP44	355	558	3749	501	109	155	243	827
ELAC2	2061	327	28292	325	67	135	1075	528
HS3ST3A1	149	291	1387	208	54	66	83	273
COX10	844	454	9662	405	73	140	424	620
CDRT15	0	0	0	0	0	0	0	0
HS3ST3B1	107	201	1014	74	21	34	102	239
PMP22	64	127	803	109	23	18	68	79
TEKT3	30	7	564	9	1	3	23	15
CDRT4	5	267	84	192	33	108	2	369
TVP23C	144	594	2054	389	82	154	121	628
CDRT1	1	2	2	1	1	0	0	6
TRIM16	434	288	4787	203	41	81	266	311
ZNF286A	450	822	5281	541	107	250	235	1020
TBC1D26	0	10	5	2	1	2	1	6
ADORA2B	98	130	1100	76	11	14	63	75
ZSWIM7	2721	1647	35457	860	195	498	1468	2131
TTC19	3739	1748	44663	1373	254	503	2400	1911
NCOR1	4654	3381	57345	2207	480	836	2796	3448
PIGL	634	874	8389	584	140	224	413	951
CENPV	6538	6848	58428	2556	629	1490	5291	5252
UBB	29137	11913	371803	8093	1535	3303	15107	12979
TRPV2	60	4	731	6	0	4	20	9
LRRC75A	5717	434	58682	454	108	182	2775	1050
ZNF287	98	176	1836	70	18	39	75	108
ZNF624	88	156	786	58	20	21	36	86
CCDC144A	7	54	137	34	7	11	3	49
TNFRSF13B	11	2	142	1	0	0	18	9
MPRIP	1423	667	16431	528	112	207	847	892
PLD6	4	5	64	3	1	1	27	2
FLCN	522	94	9015	145	26	53	286	161
COPS3	6062	1415	74130	1107	168	363	2789	1688
NT5M	303	152	5485	133	27	50	221	229
MED9	653	201	7639	169	37	57	326	247
RASD1	342	47	1522	33	6	10	74	78
PEMT	1501	676	19099	547	94	192	1041	799
RAI1	85	528	428	159	61	76	66	334
SREBF1	1072	251	9965	214	39	54	426	286
TOM1L2	56	228	945	159	26	49	31	154
DRC3	28	79	265	39	9	20	10	42
ATPAF2	769	335	9210	178	32	79	457	344
GID4	911	173	10908	171	34	70	497	307
DRG2	1442	471	21563	422	84	128	806	594
MYO15A	27	22	350	15	1	5	23	35
ALKBH5	2452	554	32995	555	110	205	1611	869
LLGL1	674	320	3972	174	40	41	186	352
FLII	1901	384	25669	349	65	129	1107	519
MIEF2	290	107	4676	93	15	25	232	125
TOP3A	713	448	8140	318	61	104	364	428
SMCR8	328	59	4054	80	11	17	147	103
SHMT1	1386	476	18492	411	83	155	799	653
EVPLL	5	0	258	3	0	3	14	5
LGALS9C	0	0	8	0	0	0	0	0
TBC1D28	0	0	0	0	0	0	0	0
FOXO3B	131	124	1374	69	8	26	66	117
TRIM16L	126	58	1554	54	15	18	64	65
FBXW10	0	6	4	3	0	0	0	3
TVP23B	591	325	5102	241	47	77	293	296
PRPSAP2	2492	991	26589	660	162	260	1552	1180
SLC5A10	2	19	44	14	2	7	1	40
FAM83G	374	20	5026	54	13	20	159	95
GRAP	0	1	40	4	0	0	3	1
GRAPL	0	0	0	2	0	0	0	0
EPN2	1519	1116	14182	892	179	334	800	1313
B9D1	1241	538	24130	440	70	172	881	624
MAPK7	604	166	10685	126	26	56	439	237
MFAP4	147	49	3990	76	7	9	152	100
RNF112	24	10	488	9	0	0	28	17
SLC47A1	73	49	787	48	6	8	64	101
ALDH3A2	1909	417	23510	692	89	217	1250	980
SLC47A2	3	12	10	9	2	3	1	8
ALDH3A1	11	4	186	3	0	0	11	2
ULK2	140	477	1519	170	54	92	87	288
AKAP10	512	753	6962	538	110	178	325	745
SPECC1	2498	905	31046	791	201	278	1425	1346
LGALS9B	0	1	0	0	0	0	0	0
CDRT15L2	0	0	0	1	2	0	0	0
CCDC144NL	2	181	51	104	19	44	4	189
USP22	4378	1965	59756	1812	329	658	2566	2587
DHRS7B	779	772	12741	750	138	228	590	1026
TMEM11	3564	681	48626	672	93	221	1781	1032
NATD1	234	48	2641	51	9	14	98	91
MAP2K3	1124	164	14333	185	38	59	513	386
KCNJ12	61	17	783	15	2	6	41	35
KCNJ18	0	0	2	0	0	0	0	0
MTRNR2L1	14	14	261	451	3	5	7	10
WSB1	5197	3013	74429	2100	527	1128	4186	3319
KSR1	528	311	3829	363	74	131	192	550
LGALS9	8	3	80	0	0	3	3	9
NOS2	11	36	150	10	3	9	10	8
LYRM9	165	141	2233	62	19	40	119	101
NLK	568	1151	8176	982	226	348	334	1562
TMEM97	3352	1648	41107	1234	237	493	2504	1832
IFT20	1486	623	18744	435	67	154	737	601
TNFAIP1	564	244	6779	144	28	65	251	218
POLDIP2	3195	571	45641	522	89	151	1645	800
TMEM199	1053	360	14987	245	32	79	548	334
SEBOX	0	0	0	0	0	0	0	0
SARM1	30	102	780	56	19	22	26	120
VTN	14	15	204	11	2	9	11	10
SLC46A1	66	14	1529	12	2	11	27	20
AC005726.1	54	95	754	79	12	33	42	167
SLC13A2	0	0	1	0	0	0	0	0
FOXN1	0	0	2	0	0	0	0	0
UNC119	1843	550	25407	505	96	183	1391	713
PIGS	757	332	10400	178	37	65	413	327
ALDOC	882	123	10329	221	49	88	796	326
SPAG5	1524	336	17225	266	63	103	837	502
RSKR	297	56	2823	49	7	21	198	92
KIAA0100	1162	554	13723	399	77	152	610	646
SDF2	2263	881	32577	583	126	224	1377	923
SUPT6H	2349	741	26814	628	125	247	1206	1035
PROCA1	541	139	7566	134	34	58	341	210
RAB34	10825	1649	128317	1523	215	541	4616	2699
RPL23A	99319	30373	1054995	23876	4415	8883	55021	42532
TLCD1	1706	108	22075	218	27	81	1113	374
NEK8	479	65	6039	85	12	27	284	144
TRAF4	4487	607	54777	824	100	229	2258	1212
FAM222B	3067	1089	34303	1297	260	455	1566	2271
ERAL1	2102	529	30692	422	84	160	1188	778
FLOT2	755	367	14025	398	47	151	634	469
DHRS13	586	181	8220	126	23	53	404	215
PHF12	790	393	9265	316	53	126	445	475
PIPOX	559	62	9534	96	22	39	225	206
SEZ6	6	7	129	9	0	5	5	8
MYO18A	219	168	2502	100	34	35	107	192
TIAF1	7	1	78	3	1	2	7	5
CRYBA1	13	42	114	8	1	6	4	19
NUFIP2	4621	1368	42024	1502	231	470	2300	2226
TAOK1	2658	2034	28633	1422	299	512	1722	2331
ABHD15	54	16	768	11	2	2	22	28
TP53I13	1037	438	13559	324	66	141	526	443
GIT1	924	364	8938	215	49	83	463	353
ANKRD13B	198	108	2511	38	13	16	73	65
CORO6	31	14	273	5	1	1	8	9
SSH2	604	2316	5131	1329	335	451	217	1804
EFCAB5	8	73	71	39	9	19	4	41
NSRP1	3147	2064	34706	1343	252	497	1666	1953
SLC6A4	2	6	24	9	1	5	1	6
BLMH	3164	909	37362	744	121	258	1616	1114
TMIGD1	0	10	0	1	1	0	0	5
CPD	711	686	10908	425	83	167	429	693
GOSR1	3415	1176	38243	992	195	371	1808	1478
CRLF3	597	1053	9080	662	182	285	515	979
ATAD5	2430	1381	25552	854	204	398	1347	1544
TEFM	1262	449	14945	308	66	132	641	421
ADAP2	24	84	440	19	10	9	11	33
RNF135	462	139	4114	161	33	42	341	200
NF1	1225	3448	13097	1939	495	805	934	3015
OMG	1	162	17	66	29	39	2	104
EVI2B	1	57	1	22	7	12	0	37
EVI2A	0	13	8	2	3	2	0	7
RAB11FIP4	1124	185	11607	218	35	83	609	333
COPRS	3669	1356	61762	1104	183	387	2316	1421
UTP6	5474	755	55379	932	148	304	2629	1449
SUZ12	4474	1776	41954	1324	274	517	2134	2013
LRRC37B	306	334	2776	209	44	75	147	335
RHOT1	1568	855	18848	659	97	219	999	1024
RHBDL3	240	223	1973	205	58	90	101	363
C17orf75	2368	954	30419	625	136	226	1547	975
ZNF207	7732	2178	95790	1851	333	664	4436	2708
PSMD11	14432	2209	162741	2278	387	860	6714	3389
CDK5R1	222	53	1965	44	12	19	147	86
MYO1D	221	504	2729	951	156	247	177	1179
TMEM98	2606	1700	27056	945	181	372	1452	1571
SPACA3	0	0	1	0	0	0	0	2
ASIC2	23	74	241	209	52	40	10	177
CCL2	166	129	1901	56	10	26	127	92
CCL7	0	0	0	0	0	0	0	0
CCL11	0	0	0	0	0	0	0	0
CCL8	0	0	0	0	0	0	0	0
CCL13	0	0	0	0	0	0	0	0
CCL1	0	0	1	0	0	0	0	0
TMEM132E	4	8	39	5	1	5	3	12
CCT6B	46	201	920	69	16	25	48	142
ZNF830	1315	455	16152	386	79	145	740	507
LIG3	1771	680	18231	485	103	210	1090	728
RFFL	255	342	2251	304	88	92	152	376
RAD51D	506	208	7447	152	23	62	287	250
FNDC8	0	0	19	2	0	1	0	11
NLE1	1341	172	16570	188	41	71	757	367
UNC45B	0	2	17	2	0	0	0	0
SLC35G3	0	0	0	0	0	0	0	0
SLFN5	158	145	1999	61	22	32	61	101
SLFN11	1	0	7	2	0	3	2	1
SLFN12	174	50	687	89	9	30	180	76
SLFN13	74	63	167	79	4	28	177	55
SLFN12L	0	1	1	2	0	0	0	3
SLFN14	0	0	2	0	0	0	0	0
PEX12	100	32	1525	34	8	14	70	48
AP2B1	3977	1621	39531	1237	267	392	2068	1855
TAF15	1559	3343	17668	2618	518	1131	1028	4074
RASL10B	159	91	2614	76	13	30	159	100
GAS2L2	1	1	8	1	0	1	1	1
MMP28	3	18	12	38	4	7	1	19
C17orf50	9	53	146	13	5	3	18	10
HEATR9	0	1	0	1	0	0	0	0
CCL5	0	1	0	1	0	2	0	2
RDM1	62	353	832	91	15	37	26	168
LYZL6	0	0	0	1	0	0	0	0
CCL16	0	0	0	0	0	0	0	0
CCL14	0	0	0	0	0	0	0	0
CCL15	0	0	0	0	0	0	0	0
CCL23	0	0	0	0	0	0	0	0
CCL18	0	2	0	0	0	0	0	0
CCL3	0	2	0	0	0	0	0	0
CCL4	0	0	1	1	0	0	0	0
TBC1D3B	0	0	1	0	0	1	0	1
CCL3L1	0	1	0	1	4	1	0	0
CCL4L2	1	0	4	0	0	0	0	0
TBC1D3I	0	0	0	0	0	0	0	0
TBC1D3G	0	0	0	0	0	0	0	0
TBC1D3H	0	0	0	0	0	0	0	0
TBC1D3F	0	0	0	0	0	0	0	0
ZNHIT3	21	1787	329	1355	263	472	7	1878
MYO19	30	630	540	642	136	240	25	840
PIGW	8	109	70	115	20	41	2	178
GGNBP2	1435	1159	17004	899	184	314	764	1397
DHRS11	37	317	613	310	44	112	19	466
MRM1	2	32	223	70	7	7	4	111
LHX1	0	14	12	54	0	0	0	155
AATF	1298	717	20091	756	147	230	761	1114
ACACA	291	2687	2991	1793	467	588	177	2663
C17orf78	0	7	0	5	4	3	0	4
TADA2A	226	467	2294	348	65	118	142	467
DUSP14	2	470	10	313	60	130	1	596
SYNRG	401	773	4632	525	119	209	298	798
DDX52	1414	1361	13359	1212	189	430	585	1639
HNF1B	0	10	1	4	0	1	1	11
TBC1D3K	0	0	0	0	0	0	0	0
TBC1D3L	0	5	0	0	0	0	0	0
TBC1D3D	0	1	55	0	2	3	0	7
TBC1D3C	0	0	0	0	0	0	0	0
TBC1D3E	0	0	3	0	0	0	1	0
TBC1D3	0	0	0	0	0	2	0	0
MRPL45	272	712	2287	695	134	278	136	1241
GPR179	0	1	0	1	0	0	0	0
SOCS7	27	413	498	242	44	88	27	406
ARHGAP23	18	36	278	78	6	27	2	93
SRCIN1	6	167	30	97	22	44	2	122
EPOP	0	65	0	33	7	15	0	63
MLLT6	5	167	10	99	23	43	3	187
CISD3	71	185	887	181	36	65	52	358
PCGF2	88	675	1606	576	104	204	61	944
PSMB3	17269	4380	198041	4005	650	1348	8009	6126
PIP4K2B	24	368	379	259	44	108	22	386
CWC25	243	436	4053	292	56	110	149	426
C17orf98	5	0	17	0	0	1	0	5
RPL23	200607	31221	1778792	29055	5366	11357	118293	48369
LASP1	1889	299	17563	377	58	98	737	527
LINC00672	125	213	4790	62	17	16	222	139
FBXO47	0	2	2	1	0	0	1	3
PLXDC1	9	26	293	20	4	10	2	10
ARL5C	1	9	4	5	0	3	0	4
CACNB1	85	32	984	30	2	10	42	36
RPL19	226118	47755	2512205	39022	7160	14255	126562	65319
STAC2	48	11	704	3	1	3	21	18
FBXL20	553	1109	5033	619	192	282	273	1126
MED1	2240	664	21874	573	112	214	1084	900
CDK12	3511	1022	34170	991	179	392	1711	1539
NEUROD2	1	1	15	1	0	0	0	3
PPP1R1B	611	15	2635	81	18	19	405	109
STARD3	956	406	10863	242	55	86	640	449
TCAP	31	14	194	6	3	2	9	13
PNMT	196	9	654	22	6	5	66	31
PGAP3	77	110	1755	83	19	27	102	82
ERBB2	1920	412	14188	606	80	186	1553	813
MIEN1	3275	950	33909	680	197	229	2031	1214
GRB7	1506	26	6982	169	39	23	536	202
IKZF3	23	6	49	10	12	3	17	15
ZPBP2	0	0	6	0	0	0	0	0
GSDMB	42	81	564	56	10	26	28	83
ORMDL3	475	226	6771	180	26	96	330	260
LRRC3C	0	0	0	0	0	0	0	0
GSDMA	0	6	14	3	0	1	1	6
PSMD3	6919	1166	95206	1101	185	399	3435	1723
CSF3	0	0	4	0	0	0	0	1
MED24	986	378	13204	299	46	107	579	376
THRA	263	174	3494	96	22	36	208	172
NR1D1	123	22	2585	25	3	6	130	34
MSL1	1021	612	12620	384	63	165	789	724
CASC3	1929	853	22933	591	115	244	1321	911
RAPGEFL1	94	68	1218	54	11	17	62	107
WIPF2	1095	636	13183	481	99	184	639	760
CDC6	2451	575	21362	596	113	217	1378	949
RARA	185	82	3340	74	14	18	144	91
GJD3	5	1	45	2	0	0	0	1
TOP2A	12580	6688	141276	4240	820	1734	8450	7051
IGFBP4	894	279	12131	377	26	71	492	515
TNS4	47	2	140	7	0	1	8	11
CCR7	15	1	309	10	0	1	6	1
SMARCE1	1639	3256	16691	2246	445	811	1180	3262
KRT222	3	8	41	4	0	0	3	7
KRT24	0	0	8	1	0	1	0	0
KRT25	0	0	1	0	0	0	0	0
KRT26	0	0	0	0	0	0	0	0
KRT27	0	1	2	0	0	1	0	1
KRT28	0	0	14	0	0	0	0	0
KRT10	4021	2456	75714	1432	274	581	2586	1896
KRT12	0	1	7	0	0	0	0	0
KRT20	0	0	0	0	0	0	0	1
KRT23	0	23	2	23	0	9	0	1
KRT39	0	0	0	0	0	0	0	0
KRT40	0	0	0	0	0	0	0	0
KRTAP3-3	0	0	0	0	0	0	0	0
KRTAP3-2	0	0	0	0	0	0	0	0
KRTAP3-1	0	0	0	0	0	0	0	0
KRTAP1-5	0	0	0	0	0	0	0	0
KRTAP1-4	0	0	0	0	0	0	0	0
KRTAP1-3	0	0	0	0	0	0	0	0
KRTAP1-1	0	0	0	0	0	0	0	0
KRTAP2-1	0	0	0	1	0	0	0	0
KRTAP2-2	0	0	0	0	0	0	0	1
KRTAP2-3	0	0	0	0	0	0	0	0
KRTAP2-4	0	0	0	0	0	0	0	0
KRTAP4-7	0	0	0	0	0	0	0	0
KRTAP4-8	0	0	0	0	0	0	0	0
KRTAP4-16	0	0	0	0	0	0	0	0
KRTAP4-9	0	0	0	0	0	0	0	0
KRTAP4-11	0	0	0	0	0	0	0	0
KRTAP4-12	0	0	0	0	0	0	0	0
KRTAP4-6	0	0	0	0	0	0	0	0
KRTAP4-5	0	0	0	0	0	0	0	0
KRTAP4-4	0	2	0	0	0	0	0	0
KRTAP4-3	0	0	0	0	0	0	0	0
KRTAP4-2	0	0	0	0	0	0	0	0
KRTAP4-1	1	0	1	0	0	0	1	0
KRTAP9-1	0	0	0	0	0	0	0	0
KRTAP9-2	0	0	0	0	0	0	0	0
KRTAP9-3	0	0	0	0	0	0	0	0
KRTAP9-8	0	0	0	0	0	0	0	0
KRTAP9-4	0	0	0	0	0	0	0	0
KRTAP9-9	0	0	0	0	0	0	0	1
KRTAP9-6	0	0	0	0	0	0	0	0
KRTAP9-7	0	0	0	0	0	0	0	0
KRTAP29-1	0	0	0	0	0	0	0	0
KRTAP16-1	0	0	0	0	0	0	0	0
KRTAP17-1	0	0	0	0	0	0	0	0
KRT33A	0	0	0	0	0	0	0	0
KRT33B	0	0	0	0	0	0	0	0
KRT34	0	0	0	0	0	0	0	0
KRT31	0	0	0	0	0	0	0	0
KRT37	0	0	0	0	0	0	0	0
KRT38	0	0	0	0	0	0	0	0
KRT32	0	0	0	0	0	0	0	0
KRT35	0	0	0	0	0	0	0	0
KRT36	0	0	0	0	0	0	0	0
KRT13	1	0	44	0	0	0	0	1
KRT15	3	2	111	1	0	0	6	4
KRT19	4337	1439	77160	5716	210	1337	4252	1761
KRT9	0	0	2	0	0	0	0	0
KRT14	0	0	0	0	0	0	0	0
KRT16	2	0	9	9	0	0	0	0
KRT17	42	31	482	140	0	9	17	14
EIF1	56198	13099	711825	12246	1788	4355	30298	17020
GAST	1	0	58	0	0	1	0	0
HAP1	67	32	819	18	6	8	52	75
JUP	1129	310	13570	543	67	132	806	559
P3H4	637	714	8654	355	78	185	511	613
FKBP10	1520	1327	29995	671	115	303	1210	1209
NT5C3B	2067	1142	35763	665	132	308	1363	1076
KLHL10	3	8	43	3	2	2	3	7
KLHL11	232	116	2605	71	22	27	119	115
ACLY	3790	1142	33698	1127	202	387	2152	1498
TTC25	40	129	534	41	10	26	26	81
CNP	1384	429	15517	286	57	143	660	468
DNAJC7	9711	2086	102026	2044	345	675	4736	2840
NKIRAS2	1170	463	18684	286	46	116	809	531
ZNF385C	84	60	1140	48	4	6	70	58
C17orf113	14	22	341	8	1	5	15	18
DHX58	76	6	1552	19	2	9	79	34
KAT2A	516	77	7614	99	10	28	284	126
HSPB9	10	8	101	3	0	1	6	5
RAB5C	6608	1302	74928	1166	196	365	2846	1759
KCNH4	5	3	44	3	0	0	2	1
HCRT	19	4	276	3	1	2	7	6
GHDC	312	49	4444	47	11	19	193	105
STAT5B	517	913	5264	530	114	199	318	721
STAT5A	79	9	974	22	2	3	31	33
STAT3	2181	649	23292	634	114	229	1225	947
CAVIN1	492	38	7948	108	23	100	373	170
ATP6V0A1	609	516	9030	311	59	133	371	516
NAGLU	707	243	12901	181	34	53	452	259
HSD17B1	138	82	1255	41	11	19	78	62
COASY	1865	337	25186	290	58	120	969	556
MLX	2300	363	26907	324	57	114	1041	511
PSMC3IP	1189	473	15966	218	43	114	720	457
RETREG3	409	272	5697	241	58	98	272	360
TUBG1	3988	960	53890	623	137	224	2166	1292
TUBG2	270	131	5000	100	28	36	155	151
PLEKHH3	2254	166	23026	241	37	60	749	367
CCR10	28	66	744	42	7	11	58	38
CNTNAP1	28	64	691	39	15	17	48	68
EZH1	458	318	5108	213	52	77	330	279
RAMP2	1383	71	32439	269	36	56	972	279
VPS25	6883	1644	98120	1515	240	504	3897	2226
WNK4	18	4	239	14	1	1	17	14
COA3	5755	1750	78829	1521	301	526	3411	2097
CNTD1	11	16	89	19	0	5	3	34
BECN1	1525	355	19889	393	81	104	856	585
PSME3	3248	466	37582	586	81	158	1614	879
AOC2	31	7	442	7	0	5	23	16
AOC3	9	2	185	2	0	4	7	7
G6PC	0	0	0	0	0	0	0	2
AARSD1	330	668	4651	557	103	177	185	780
PTGES3L	62	38	1387	39	6	7	52	34
RUNDC1	496	199	7516	139	32	49	341	192
RPL27	120480	14842	1267719	14157	2301	5110	71458	22788
IFI35	217	33	3362	56	6	14	174	75
VAT1	6056	720	94201	928	153	312	2734	1397
RND2	5479	1240	83442	1181	236	427	3441	1710
BRCA1	2629	1268	24251	736	181	235	1404	1108
NBR1	1111	442	11667	304	71	104	605	494
TMEM106A	94	84	1438	44	7	15	79	73
CCDC200	0	79	1	69	12	23	0	106
ARL4D	486	204	3898	200	40	77	307	272
DHX8	1036	446	10756	412	86	120	527	503
ETV4	5812	252	52576	873	110	119	2625	1183
MEOX1	4	16	15	6	0	3	1	2
SOST	15	680	130	548	271	735	21	180
DUSP3	874	154	14043	231	35	82	487	245
CFAP97D1	0	2	3	0	0	0	0	0
MPP3	84	65	827	64	17	31	51	98
CD300LG	1	2	1	0	0	0	0	1
MPP2	245	132	3407	143	37	59	310	175
PPY	12	0	103	2	0	2	2	3
PYY	330	8	5380	42	2	8	87	45
NAGS	206	18	3423	26	8	10	113	59
TMEM101	1061	484	13573	268	67	149	797	593
LSM12	377	1145	4193	1288	231	511	200	2309
G6PC3	3626	866	74896	815	155	280	2470	1184
HDAC5	1278	304	15169	321	52	103	667	437
C17orf53	414	130	5894	109	17	32	172	189
ASB16	9	31	35	23	3	5	8	16
TMUB2	547	277	8697	169	46	79	383	280
ATXN7L3	749	226	8612	189	31	72	445	301
UBTF	3439	1125	35366	964	186	363	2350	1324
SLC4A1	0	5	37	0	0	0	5	1
RUNDC3A	127	5	2188	19	6	5	74	25
SLC25A39	9315	1242	129437	1482	253	453	4700	2211
GRN	3046	474	57683	662	93	196	1419	960
FAM171A2	399	290	3655	182	35	82	322	271
ITGA2B	295	59	3504	69	13	38	137	124
GPATCH8	2497	2534	27530	1937	395	714	1427	2949
FZD2	177	531	1921	308	55	190	483	530
MEIOC	53	44	1214	49	5	15	132	71
CCDC43	2925	724	36004	639	106	238	1856	1096
DBF4B	308	498	3980	283	84	82	207	496
ADAM11	34	22	583	38	2	11	31	39
GJC1	825	867	11373	633	105	243	694	860
HIGD1B	2	15	23	25	2	4	0	23
EFTUD2	2498	679	31315	653	108	207	1350	1022
CCDC103	0	0	0	0	0	0	0	0
FAM187A	0	0	0	0	0	0	0	0
GFAP	11	1	187	6	0	0	5	4
KIF18B	515	828	7175	439	99	160	272	690
C1QL1	117	48	3741	64	8	16	78	107
DCAKD	452	697	7617	437	99	164	396	587
NMT1	2336	798	30159	678	148	219	1325	1052
PLCD3	310	28	4434	69	8	15	108	86
ACBD4	68	58	2473	45	6	15	93	92
HEXIM1	639	208	8319	158	31	72	289	337
HEXIM2	585	120	6812	149	24	39	337	219
FMNL1	87	12	1657	10	1	5	54	19
SPATA32	1	11	2	7	1	2	1	5
MAP3K14	30	217	535	107	39	45	18	134
ARHGAP27	3	16	26	42	3	14	3	56
PLEKHM1	13	75	178	73	17	20	11	93
CRHR1	0	8	2	5	1	1	0	18
SPPL2C	0	0	0	0	0	0	0	0
MAPT	24	140	176	51	29	39	16	155
STH	0	0	1	0	0	0	1	0
KANSL1	47	3417	617	2194	406	792	32	3397
ARL17B	8	150	41	91	41	74	8	150
LRRC37A	1	24	26	8	2	6	2	10
LRRC37A2	5	72	111	38	1	15	4	55
ARL17A	0	177	6	108	18	88	9	106
NSF	177	494	1395	316	63	131	122	434
WNT3	187	832	287	465	149	126	77	743
WNT9B	0	24	0	28	8	10	0	21
GOSR2	1267	657	19147	527	91	176	773	752
RPRML	225	39	2334	52	14	25	71	27
CDC27	1437	1647	17256	808	198	327	763	1453
MYL4	9	32	136	54	2	4	15	19
ITGB3	0	11	3	5	2	4	0	3
EFCAB13	49	288	461	159	30	60	31	263
NPEPPS	3263	2196	38728	1836	266	487	1689	1944
KPNB1	17900	4402	203380	3871	620	1363	10036	5907
TBKBP1	175	76	3213	43	5	14	85	48
TBX21	1	0	14	0	0	1	0	1
OSBPL7	105	46	1232	34	5	7	62	37
MRPL10	4498	688	53463	635	117	241	2292	1079
LRRC46	14	12	237	8	2	4	17	5
SCRN2	751	401	11327	216	51	112	590	369
SP6	9	11	146	26	1	5	7	9
SP2	393	315	4550	223	49	72	191	257
PNPO	150	16	5911	58	9	7	159	139
PRR15L	23	2	226	8	0	3	16	4
CDK5RAP3	1225	769	21025	399	87	163	951	713
COPZ2	8	32	188	23	6	13	4	21
NFE2L1	1102	489	20930	467	81	168	677	732
CBX1	8122	4413	86711	2547	583	1122	5812	4376
SNX11	352	123	4894	103	15	39	213	164
SKAP1	4	26	52	18	2	10	5	18
HOXB1	122	23	55	21	4	7	24	24
HOXB2	518	457	224	150	82	68	283	439
HOXB3	5	35	72	24	3	5	4	20
HOXB4	1	4	19	11	0	2	3	1
HOXB5	2	1	23	5	0	4	0	1
HOXB6	1	4	49	5	0	1	2	3
HOXB7	0	6	38	5	0	1	1	1
HOXB8	0	3	23	7	0	1	1	0
HOXB9	0	5	20	2	0	0	1	4
PRAC1	418	22	74	19	9	0	112	245
PRAC2	91	4	22	6	2	0	26	99
HOXB13	2	0	3	1	0	0	1	4
TTLL6	23	5	334	19	2	11	9	32
CALCOCO2	677	466	9895	365	72	138	373	493
ATP5MC1	28611	2702	282613	2685	563	931	12063	5327
UBE2Z	3341	590	46831	574	91	208	1818	903
SNF8	7767	2051	106134	1619	281	585	4173	2584
GIP	24	5	252	16	1	2	22	10
IGF2BP1	6344	3692	86289	2768	427	1158	4629	4177
B4GALNT2	3	1	6	1	1	0	1	4
GNGT2	19	1	317	7	1	1	11	3
ABI3	48	1	873	19	4	2	37	9
PHOSPHO1	12	0	103	5	0	0	5	1
ZNF652	1766	1359	19430	1094	233	400	1151	1618
PHB	25073	3129	268787	3671	530	1185	12714	6111
NGFR	151	22	664	23	10	22	53	69
NXPH3	25	9	330	11	1	1	10	5
SPOP	992	1208	12984	555	117	229	686	926
SLC35B1	2916	846	37533	563	116	249	1642	972
FAM117A	845	209	11242	260	43	78	478	349
KAT7	3876	797	38381	819	209	299	3011	1957
TAC4	3	19	15	16	4	8	1	36
DLX4	17	0	209	8	1	6	20	10
DLX3	11	9	26	16	3	9	9	11
ITGA3	167	24	2685	41	11	17	87	88
PDK2	211	182	4032	90	19	39	133	177
SAMD14	29	73	687	42	12	11	35	43
PPP1R9B	99	90	1555	44	12	19	57	70
SGCA	9	0	231	18	0	2	10	8
COL1A1	1289	173	19559	328	19	130	301	332
TMEM92	785	59	13930	206	18	43	600	192
XYLT2	405	182	4794	113	27	63	248	181
MRPL27	7356	1543	91601	1315	228	444	3998	1990
EME1	334	210	4021	116	19	69	213	211
LRRC59	5442	772	68620	805	134	248	2378	1198
ACSF2	158	155	3274	138	26	34	133	163
CHAD	1	16	24	9	1	3	2	15
RSAD1	942	243	11151	164	30	47	648	262
MYCBPAP	13	11	217	13	3	9	21	22
EPN3	68	4	379	28	3	12	67	14
SPATA20	222	124	3559	44	14	25	148	138
CACNA1G	37	140	348	41	13	24	22	102
ABCC3	10	9	101	5	1	1	5	7
ANKRD40	1754	337	19795	349	59	130	879	489
LUC7L3	10667	3791	129373	2913	535	1135	6622	4119
ANKRD40CL	2	3	5	1	0	0	1	2
WFIKKN2	2	0	24	0	0	0	2	0
TOB1	1287	369	14346	257	43	122	574	581
SPAG9	2246	1696	26452	928	236	421	989	1476
NME1	23580	4259	257655	4469	652	1364	11065	5591
NME2	990	11598	13979	15242	2409	4797	520	22113
MBTD1	1333	1252	14266	1053	186	397	877	1487
UTP18	4278	1091	55367	1037	184	337	2793	1476
CA10	20	587	143	401	29	142	7	214
KIF2B	0	0	1	0	0	0	0	0
TOM1L1	1367	809	10209	792	153	246	1041	1037
COX11	2922	972	24257	645	151	297	1920	1220
STXBP4	489	1229	4384	499	143	291	291	880
HLF	5	3	112	3	0	1	3	8
MMD	1086	966	12115	463	106	216	733	961
SMIM36	0	18	4	12	5	10	2	36
TMEM100	15	15	180	5	2	5	19	7
PCTP	370	261	6147	154	14	70	244	214
ANKFN1	0	88	20	49	13	17	1	71
NOG	14	97	453	67	9	15	47	71
C17orf67	190	222	2018	117	26	46	126	175
DGKE	289	166	3278	142	46	60	213	200
TRIM25	1260	122	9396	205	26	39	525	318
COIL	1688	865	17502	561	123	205	1331	879
SCPEP1	1836	356	26105	312	44	120	930	564
AKAP1	3989	221	27141	341	102	108	1660	716
MSI2	1204	4071	11383	2459	575	1140	1070	3544
CCDC182	0	0	0	0	0	0	0	0
MRPS23	8520	1296	102543	1322	239	404	4242	2064
CUEDC1	164	786	1072	294	66	119	103	361
VEZF1	1264	1127	14049	516	110	215	751	1011
SRSF1	3036	1570	44205	1410	244	564	2037	2071
DYNLL2	1515	770	20827	611	80	285	858	896
OR4D1	18	2	502	6	0	1	28	9
OR4D2	0	2	0	0	0	0	0	0
EPX	0	12	6	2	1	0	0	4
MKS1	397	189	4295	94	36	41	252	163
LPO	41	0	394	5	0	1	13	1
MPO	3	0	73	0	0	2	3	3
TSPOAP1	33	34	623	26	5	16	22	45
SUPT4H1	93	1222	2042	1341	226	470	62	1870
RNF43	94	80	1048	219	24	53	60	129
HSF5	1	9	6	8	1	5	0	33
MTMR4	655	536	6875	226	70	105	404	419
SEPTIN4	58	29	1352	21	3	6	45	57
TEX14	39	377	342	248	19	63	44	533
AC011195.2	0	0	6	0	0	0	0	0
RAD51C	659	1018	11095	333	100	153	510	927
PPM1E	78	3053	1360	866	359	480	45	1935
TRIM37	2006	964	23922	694	165	315	1274	1083
SKA2	4007	2818	52821	1469	311	626	2787	2397
PRR11	938	781	11776	429	79	188	589	710
SMG8	112	101	1376	115	25	39	73	150
GDPD1	69	322	884	89	17	57	99	164
YPEL2	61	131	1046	126	10	48	45	107
DHX40	802	726	10242	419	109	176	584	625
CLTC	8261	1864	89301	2122	305	644	4241	2950
PTRH2	2153	807	26992	738	138	233	1191	925
VMP1	4446	1634	44188	1420	294	556	2489	1655
TUBD1	788	456	12417	327	74	104	592	564
RPS6KB1	906	443	10811	302	68	127	475	511
RNFT1	227	202	2592	99	24	50	111	145
HEATR6	640	517	9667	275	49	148	453	454
CA4	609	32	12589	32	4	11	126	72
USP32	1854	1101	28776	1634	345	356	1055	2806
C17orf64	9	18	94	8	1	2	6	11
APPBP2	396	982	5696	514	148	228	338	826
PPM1D	850	748	8366	438	105	180	298	750
BCAS3	212	2010	3290	1309	321	613	151	2226
TBX2	2	0	51	2	0	1	0	2
TBX4	0	1	12	0	0	0	2	0
NACA2	126	14	1112	8	1	3	109	12
BRIP1	358	1852	3940	973	229	355	344	1532
INTS2	734	475	8508	314	65	126	445	528
MED13	1120	1710	11913	1290	267	443	672	1831
EFCAB3	0	10	4	4	1	1	0	13
METTL2A	2343	751	32582	582	94	248	1506	985
TLK2	1327	1219	14993	907	195	319	789	1375
MRC2	507	517	3836	309	36	90	225	408
MARCH10	7	9	128	13	0	3	9	20
TANC2	187	1597	2435	1108	185	358	139	1189
CYB561	932	154	6513	135	34	44	453	242
ACE	98	6	1043	15	2	6	41	19
KCNH6	34	2	717	5	0	1	30	22
DCAF7	3433	1535	47255	983	227	407	2119	1910
TACO1	1912	349	24660	357	53	95	854	483
MAP3K3	333	309	6256	208	36	69	236	333
STRADA	288	691	2082	342	78	153	128	573
LIMD2	3501	1013	35268	500	141	192	1590	1108
CCDC47	4715	1223	54834	1169	243	457	2742	1997
DDX42	3587	1177	37787	1189	191	400	2112	1357
FTSJ3	2284	477	33345	516	84	139	1716	753
PSMC5	13224	3002	163849	2201	369	876	7258	4076
SMARCD2	2243	232	27723	401	59	106	1134	564
CSH2	408	3	3642	4	1	2	22	30
GH2	146	0	2464	11	0	1	71	15
CSH1	316	0	1823	11	0	0	57	10
CSHL1	35	0	439	5	0	0	0	1
GH1	0	1	10	2	0	1	0	1
CD79B	116	8	2424	48	2	3	115	49
SCN4A	34	19	972	20	5	3	29	26
PRR29	8	11	123	1	1	0	0	1
ICAM2	12	0	523	11	0	1	8	3
ERN1	144	98	1933	89	20	26	59	144
TEX2	295	190	3646	170	39	75	120	197
PECAM1	4	5	33	4	0	0	3	12
MILR1	2	1	28	1	0	0	0	4
POLG2	1015	391	12451	314	73	115	607	648
DDX5	22107	7816	231428	5215	1035	2211	11964	8314
CEP95	1398	1066	12661	677	163	261	835	1163
SMURF2	1249	1352	10692	767	184	326	782	1377
LRRC37A3	5	237	102	115	19	51	2	134
GNA13	1115	414	12633	404	73	140	582	573
RGS9	709	162	11845	188	40	64	592	263
AXIN2	955	655	9843	372	82	109	391	503
CEP112	96	3195	1707	1123	341	534	80	1707
APOH	3	1	6	2	0	1	0	7
PRKCA	388	1818	3214	1098	389	416	300	2150
CACNG5	2	5	14	19	1	2	1	11
CACNG4	153	326	974	151	41	71	44	198
CACNG1	0	10	10	4	1	0	1	6
HELZ	2549	1161	23854	1018	193	371	1413	1618
PSMD12	7899	1534	89788	1693	279	563	3602	2415
PITPNC1	1693	1359	19192	1587	446	561	1095	2878
NOL11	4762	853	60875	928	138	303	2541	1415
BPTF	13430	5656	160385	4523	939	1708	8361	7710
C17orf58	2442	492	18988	307	88	135	1182	680
KPNA2	24762	5212	321051	4175	649	1627	13714	6581
AMZ2	1607	613	25839	383	86	142	813	609
ARSG	163	393	1529	170	51	90	117	301
SLC16A6	18	56	26	11	3	5	3	19
WIPI1	449	344	7534	275	59	75	329	278
PRKAR1A	3776	1108	52086	952	172	336	2274	1450
FAM20A	151	71	1812	385	23	48	73	193
ABCA8	0	11	6	1	2	4	1	6
ABCA9	0	25	2	8	3	2	2	21
ABCA6	0	0	3	0	0	0	0	1
ABCA10	1	16	10	10	1	5	0	6
ABCA5	48	270	1868	90	29	58	106	108
MAP2K6	1180	1160	16051	647	170	346	1112	1354
KCNJ16	1	8	2	7	0	1	0	6
KCNJ2	11	46	198	27	4	24	10	12
SOX9	119	224	1629	187	39	139	84	168
SLC39A11	350	553	4832	566	126	163	221	746
SSTR2	537	109	2947	79	28	44	182	250
COG1	299	147	4819	95	16	32	205	135
FAM104A	2329	453	28671	464	68	201	1305	879
C17orf80	844	316	12227	249	37	87	415	317
CPSF4L	1	1	7	0	1	1	0	1
CDC42EP4	634	243	5772	182	40	49	218	283
SDK2	92	2672	1028	702	198	348	76	1550
RPL38	82629	10577	826261	10103	1846	3643	48795	15279
TTYH2	60	124	453	43	11	26	20	76
DNAI2	0	53	21	15	1	11	3	13
KIF19	15	25	180	12	1	4	14	16
BTBD17	41	324	644	112	32	63	51	166
GPR142	0	0	2	0	0	0	0	0
GPRC5C	434	181	7010	235	28	66	250	209
CD300A	29	1	1171	17	1	8	44	11
CD300LB	0	0	10	0	0	0	0	0
CD300C	0	0	0	0	0	0	0	0
CD300LD	0	0	0	0	0	0	0	0
CD300E	0	3	10	0	0	0	1	0
RAB37	61	21	1263	10	3	13	25	44
CD300LF	0	1	0	0	0	0	0	1
SLC9A3R1	2377	527	26707	622	83	165	1397	894
NAT9	790	296	11617	218	36	75	603	299
TMEM104	207	101	2789	94	17	28	103	149
GRIN2C	31	23	144	12	3	6	5	20
FDXR	1918	395	25722	327	39	142	799	712
FADS6	17	4	523	8	2	4	12	13
USH1G	9	1	112	4	0	1	3	3
OTOP2	1	0	9	1	1	0	0	1
OTOP3	1	0	3	3	0	0	1	0
HID1	112	34	1841	56	8	19	87	61
CDR2L	467	105	6136	93	19	41	290	130
MRPL58	3351	815	36528	775	121	230	1677	987
KCTD2	759	233	10274	232	42	52	462	294
ATP5PD	24093	3250	326734	4409	781	1278	14624	6930
SLC16A5	186	34	2256	79	13	21	97	120
ARMC7	303	118	4153	62	13	28	203	136
NT5C	5388	1235	74099	1128	176	389	3493	1774
JPT1	36834	6916	396410	5162	929	2164	15141	10105
SUMO2	48401	18577	578631	14045	2719	5278	28305	22585
NUP85	979	387	15585	365	63	119	525	576
GGA3	823	212	9528	225	44	63	432	291
MRPS7	8082	1492	100601	1402	234	451	4167	2401
MIF4GD	1144	410	20414	294	63	116	626	426
SLC25A19	1392	141	17819	138	29	53	603	221
GRB2	5306	1148	60480	1231	285	474	2307	2050
TMEM94	412	224	5739	127	36	44	202	221
CASKIN2	482	75	5153	81	16	28	199	85
TSEN54	1144	301	14397	210	41	79	584	427
LLGL2	1308	102	15722	354	46	95	641	534
MYO15B	48	60	1112	59	19	15	34	136
RECQL5	282	136	3626	82	15	43	147	113
SMIM5	8	10	58	5	3	9	4	3
SMIM6	1	1	4	1	0	0	1	0
SAP30BP	1781	722	24669	582	113	214	1132	1011
ITGB4	49	11	647	18	2	6	24	12
GALK1	2588	359	34899	434	94	148	1156	618
H3F3B	61879	18978	622364	12017	2368	5421	30084	21048
UNK	1059	833	13798	543	127	226	660	746
UNC13D	677	21	8070	50	11	15	263	122
WBP2	1924	364	30687	372	59	114	1083	488
TRIM47	314	10	2420	33	4	8	85	25
TRIM65	1006	229	8949	211	51	77	478	343
MRPL38	75	841	868	718	131	250	29	1160
FBF1	140	231	1290	109	27	74	71	192
ACOX1	1164	252	10277	179	61	68	409	429
TEN1	2	177	14	256	42	88	1	362
CDK3	0	36	0	28	7	11	0	21
EVPL	28	1	266	5	3	8	18	9
SRP68	2567	519	33332	474	73	165	1325	777
ZACN	3	2	28	1	0	4	1	4
GALR2	76	4	398	2	1	1	11	13
EXOC7	1392	401	17602	270	50	135	691	432
FOXJ1	430	91	1564	25	8	11	69	71
RNF157	296	412	6244	162	53	81	144	309
UBALD2	2187	426	18907	346	47	101	869	489
QRICH2	49	68	531	54	8	26	8	69
PRPSAP1	3505	1292	35686	682	168	274	1895	1364
SPHK1	491	499	2162	143	44	69	98	278
UBE2O	2393	648	25886	659	162	220	1065	1296
AANAT	15	15	288	10	4	1	22	17
RHBDF2	219	14	2795	78	19	17	152	109
CYGB	149	12	2459	15	3	8	47	39
PRCD	33	6	610	10	3	1	20	13
AC015802.6	304	109	1575	63	11	27	91	111
ST6GALNAC2	0	15	0	6	4	6	0	9
ST6GALNAC1	1	7	8	1	0	1	0	1
MXRA7	378	1039	8655	323	70	226	368	968
JMJD6	942	201	12038	202	28	47	498	264
METTL23	3223	796	37309	617	138	241	1875	1005
SRSF2	26851	4489	298262	3733	700	1559	14208	6707
MFSD11	502	325	7338	226	58	119	343	435
MGAT5B	49	65	510	22	6	14	19	73
SEC14L1	2559	1190	25206	740	182	299	1226	1249
SEPTIN9	2366	873	34569	960	149	346	1491	1434
TNRC6C	1407	1430	12416	883	255	315	997	1696
TMC6	536	104	8902	171	25	42	454	282
TMC8	27	3	497	6	1	2	10	15
C17orf99	0	5	3	8	1	0	0	13
SYNGR2	1225	163	15068	219	48	71	552	242
TK1	2411	694	31490	589	75	285	1570	1084
AFMID	1006	309	13074	292	52	134	770	539
BIRC5	7592	2294	96662	1669	315	563	4794	3008
TMEM235	0	3	27	2	0	3	0	2
SOCS3	256	114	1395	88	13	24	134	121
PGS1	667	426	11537	340	66	107	522	526
DNAH17	5	35	50	38	11	13	3	115
CYTH1	211	533	2268	275	65	98	125	442
USP36	1195	260	14229	375	76	103	240	479
TIMP2	1092	395	12870	430	75	129	561	563
CEP295NL	6	5	50	5	3	3	2	4
LGALS3BP	224	277	3316	218	21	39	313	253
CANT1	450	245	7416	180	25	66	283	230
C1QTNF1	13	5	202	7	2	5	4	12
ENGASE	223	96	2336	49	13	29	118	79
RBFOX3	427	193	3688	126	22	47	206	168
ENPP7	0	1	3	0	0	0	0	1
CBX2	975	432	10340	237	56	124	712	518
CBX8	109	127	1001	47	11	37	84	77
CBX4	251	277	1912	136	37	53	106	164
TBC1D16	1369	877	13797	547	126	187	705	1129
CCDC40	109	467	1243	109	47	74	86	263
GAA	780	230	8865	195	35	82	456	314
EIF4A3	9025	1970	100509	1557	293	626	4601	2664
CARD14	4	9	39	6	1	6	7	9
SGSH	88	78	1654	24	4	13	64	48
SLC26A11	509	209	5933	137	23	56	238	244
RNF213	1500	601	18402	584	136	176	825	854
ENDOV	503	411	7225	178	40	78	338	315
NPTX1	45	16	687	1	2	22	33	19
RPTOR	190	914	2507	654	134	220	107	1183
CHMP6	701	335	9378	212	28	67	383	317
BAIAP2	572	278	6204	146	33	75	218	269
AATK	126	106	2083	40	10	17	53	67
PVALEF	1	32	3	21	3	5	0	14
CEP131	509	178	5689	101	18	40	297	196
TEPSIN	428	65	5578	57	10	25	167	101
NDUFAF8	4439	1216	54188	964	159	323	2153	1278
SLC38A10	430	276	7628	202	58	91	282	307
BAHCC1	136	641	200	120	53	74	67	429
ACTG1	175884	39860	2118357	39707	7193	13485	79509	56428
FSCN2	4	2	29	0	1	0	2	3
FAAP100	561	89	7807	78	12	32	297	167
NPLOC4	1628	608	17710	611	111	175	653	779
TSPAN10	93	81	1761	50	15	19	75	54
PDE6G	524	17	3846	79	14	10	259	117
OXLD1	2668	373	33318	450	90	140	1487	772
CCDC137	4107	486	43665	667	114	181	1668	1149
ARL16	2981	1335	24011	815	169	270	2245	1355
HGS	1662	367	20412	267	66	102	787	464
MRPL12	12050	1626	161433	1954	325	570	5970	3045
SLC25A10	710	158	11454	106	17	39	406	199
GCGR	12	0	108	2	0	2	3	4
MCRIP1	4582	1768	57371	1215	239	426	2867	2220
PPP1R27	23	2	238	3	2	0	8	0
P4HB	10268	2075	147428	1668	333	765	6192	3347
ARHGDIA	5831	823	81953	701	138	252	2155	1313
ALYREF	10788	1507	120561	1475	239	577	5285	2487
ANAPC11	17751	5404	186457	3800	805	1305	10211	6275
NPB	710	92	7676	60	7	37	277	157
PCYT2	1260	245	16171	218	30	68	493	336
SIRT7	834	153	9035	140	29	40	371	231
MAFG	2404	255	34066	376	41	107	880	514
PYCR1	2985	898	40200	658	90	268	2008	1190
MYADML2	0	3	81	1	0	0	2	0
NOTUM	72	47	380	33	1	5	22	24
ASPSCR1	2081	726	26503	542	124	194	1068	718
CENPX	9534	2322	96771	1556	299	699	3832	2809
LRRC45	801	99	8609	97	21	49	347	154
RAC3	8966	1585	101010	1082	206	472	3720	1911
DCXR	7040	2107	56923	924	212	402	3011	2207
RFNG	1416	374	20337	209	48	123	752	454
GPS1	3215	670	45435	554	72	187	1667	991
DUS1L	3210	587	36845	475	97	176	1493	770
FASN	3838	1117	30027	758	199	242	2207	1165
CCDC57	230	723	2149	418	95	183	112	547
SLC16A3	1384	216	20171	497	66	156	1296	578
CSNK1D	2000	642	23513	675	131	241	1000	854
CD7	82	13	1662	40	3	6	60	22
SECTM1	10	3	47	1	1	2	1	1
TEX19	27	1	299	7	2	1	14	6
UTS2R	0	0	0	1	0	0	0	1
OGFOD3	626	332	7656	188	39	109	427	435
HEXD	858	428	10383	253	49	105	481	409
CYBC1	1356	352	16773	297	61	118	770	477
NARF	3047	1165	34727	779	204	380	1941	1607
FOXK2	1476	1253	17106	858	195	290	840	1299
WDR45B	2514	716	36922	691	113	275	2081	1022
RAB40B	250	99	2757	99	14	37	73	111
FN3KRP	714	420	11715	262	67	121	480	407
FN3K	166	89	2107	57	31	26	133	104
TBCD	1009	1087	11837	839	237	262	492	1676
ZNF750	6	12	26	19	10	11	0	11
B3GNTL1	115	267	1514	153	35	64	56	258
METRNL	30	437	414	247	108	162	16	465
TUBB8P12	16	0	132	4	1	1	2	4
USP14	7872	2054	80310	2162	340	684	4121	2918
THOC1	2099	1440	19793	993	193	359	1118	1365
COLEC12	70	2872	800	588	108	351	45	834
CETN1	0	0	1	0	0	0	0	0
CLUL1	4	118	74	23	14	18	4	50
TYMS	4339	4248	51123	1574	355	825	3045	3923
ENOSF1	993	1408	10006	762	170	259	764	1085
YES1	2666	1640	25553	1383	253	466	1402	2212
ADCYAP1	9	5	62	9	0	5	5	9
METTL4	563	368	5807	247	43	114	327	388
NDC80	2587	1457	41151	893	177	321	1775	1555
SMCHD1	1855	2598	19172	1494	323	528	1469	2121
EMILIN2	260	53	2383	110	15	25	169	103
LPIN2	482	929	6688	471	103	200	384	613
MYOM1	4	69	83	30	11	25	2	44
MYL12A	14818	3092	203211	3865	599	1196	8683	4963
MYL12B	19851	3192	252613	3942	704	1214	10480	5943
IGLJCOR18	0	0	0	0	0	0	0	0
TGIF1	6419	1236	67926	1319	221	441	4281	2004
DLGAP1	259	3760	3127	3949	722	1857	207	6050
AKAIN1	2	2	33	3	1	0	2	1
ZBTB14	454	177	4941	146	28	67	304	242
EPB41L3	116	526	1601	1241	99	132	188	811
TMEM200C	63	108	988	55	11	27	66	79
L3MBTL4	14	79	182	211	21	36	9	118
ARHGAP28	105	728	1106	463	70	134	313	485
LAMA1	203	2776	4048	723	268	460	320	1976
LRRC30	0	0	0	0	0	0	0	0
PTPRM	58	3623	750	1716	502	886	40	3271
RAB12	790	524	10023	750	226	245	481	1516
MTCL1	581	381	4994	531	116	122	425	835
NDUFV2	19537	4212	258514	3992	728	1407	10512	5829
ANKRD12	2754	2724	32590	1692	363	670	1808	2729
TWSG1	482	594	7072	484	95	152	426	650
RALBP1	4983	1559	51929	1268	271	491	2827	2257
PPP4R1	1512	903	16040	689	168	235	681	937
RAB31	951	482	8543	446	64	119	437	672
TXNDC2	0	0	3	0	0	0	1	0
VAPA	9122	2772	103098	2282	458	835	5243	3540
APCDD1	82	2718	914	436	113	139	99	618
NAPG	1557	747	21586	637	114	236	1057	853
PIEZO2	33	578	406	543	149	126	92	448
SLC35G4	0	0	0	0	0	0	0	0
GNAL	544	591	4141	301	105	123	366	872
CHMP1B	2282	438	24884	490	71	197	1010	620
MPPE1	580	213	7991	161	44	59	399	255
IMPA2	4369	974	35537	754	198	358	2606	1719
ANKRD62	7	2	48	0	0	2	0	1
CIDEA	14	12	52	2	2	0	8	1
TUBB6	8170	1501	54589	790	415	343	3072	2134
AFG3L2	5424	831	58013	904	183	280	2668	1293
PRELID3A	124	147	1042	99	13	34	83	92
SPIRE1	661	897	5901	450	197	202	359	1114
PSMG2	7070	1559	83661	1463	279	471	4091	2213
CEP76	639	289	6545	219	45	76	369	434
PTPN2	3838	1218	37199	1144	182	354	2249	1679
SEH1L	1754	568	17135	477	96	189	986	752
CEP192	876	1581	8944	843	168	341	561	1352
LDLRAD4	43	192	328	213	92	77	14	420
FAM210A	2347	422	24930	488	80	161	1381	814
RNMT	6226	1642	58615	1433	279	510	3438	1996
MC5R	5	2	21	0	0	1	3	2
MC2R	0	0	0	0	0	0	0	0
ZNF519	952	1124	7550	772	191	306	611	1239
POTEC	0	15	35	0	0	0	0	1
ANKRD30B	0	14	8	2	3	3	0	4
ROCK1	3222	2267	42079	1621	358	602	2418	2695
GREB1L	20	4344	151	1495	421	1063	18	2254
ESCO1	2533	917	24573	803	183	261	1404	1158
SNRPD1	32825	7101	372843	6273	1073	1999	18342	8911
ABHD3	506	441	3398	256	80	85	173	471
MIB1	1624	2612	18610	1346	268	593	1119	2400
GATA6	18	31	120	119	9	15	9	138
CTAGE1	1	1	3	0	0	1	0	1
RBBP8	1007	978	13169	537	101	249	695	756
CABLES1	416	127	3097	356	77	73	194	667
TMEM241	247	362	2829	369	76	100	149	674
RIOK3	1068	682	12534	577	91	239	968	792
RMC1	356	158	6379	146	31	46	187	216
NPC1	521	519	5405	328	77	112	216	507
ANKRD29	331	40	5181	37	8	10	193	73
LAMA3	75	19	589	13	5	13	18	33
TTC39C	1710	615	15916	377	101	196	699	727
CABYR	768	122	7505	94	25	44	243	250
OSBPL1A	2337	3162	26612	1431	403	657	1854	2802
IMPACT	1735	606	19476	330	84	187	975	674
HRH4	0	2	8	1	0	6	0	11
ZNF521	127	6243	1301	1584	506	1148	204	3316
SS18	2735	1308	34289	1019	206	385	1733	1554
PSMA8	2	1	73	1	0	0	1	4
TAF4B	537	178	5863	411	91	111	338	568
KCTD1	372	1679	3378	600	179	277	293	989
AQP4	53	4	586	4	2	6	30	24
CHST9	2171	250	17056	600	101	202	556	2256
CDH2	515	7035	6040	1976	556	1262	417	3629
DSC3	16	12	409	14	3	13	19	19
DSC2	990	359	8895	659	99	226	926	749
DSC1	2	0	5	0	0	0	0	0
DSG1	1	1	9	1	0	0	0	0
DSG4	0	0	0	0	0	0	0	2
DSG3	5	1	15	2	1	0	2	1
DSG2	4003	465	43339	945	140	267	2299	1136
TTR	451	397	6671	267	59	71	417	337
B4GALT6	498	498	7586	438	86	134	308	866
SLC25A52	0	0	4	0	0	0	0	0
TRAPPC8	1259	916	15894	668	126	206	633	970
RNF125	1456	116	14916	197	72	81	621	579
RNF138	2123	885	21787	735	112	248	1133	1087
GAREM1	295	737	2278	493	121	226	158	766
MEP1B	0	9	6	7	1	1	0	5
KLHL14	46	473	262	167	29	63	48	319
CCDC178	2	95	94	54	16	29	10	83
ASXL3	9	808	198	308	95	217	11	658
NOL4	8	29	235	48	12	18	11	54
DTNA	768	1175	15691	1759	370	403	448	1897
MAPRE2	534	576	12717	458	81	151	481	543
ZNF397	1723	629	17739	367	92	178	1180	686
ZSCAN30	280	240	3419	139	38	89	202	272
ZNF24	2334	1071	28010	716	135	269	1203	1142
ZNF396	22	49	441	18	1	13	16	34
INO80C	1900	534	25436	445	89	139	1222	794
GALNT1	3231	2214	31224	1578	291	573	2136	2427
C18orf21	3115	471	30782	476	86	146	1554	846
RPRD1A	3026	1394	34624	1409	245	489	2030	2013
SLC39A6	1068	1008	13345	395	125	235	948	930
ELP2	2397	885	32906	768	150	272	2025	1301
MOCOS	64	45	1024	83	9	37	49	103
FHOD3	33	1288	724	710	182	390	56	981
TPGS2	4155	2080	60087	1412	290	540	2658	1993
KIAA1328	222	1915	2865	870	230	370	170	1365
CELF4	394	35	2845	64	17	25	106	130
PIK3C3	832	606	8593	499	92	174	467	690
RIT2	254	41	2992	44	4	12	75	62
SYT4	49	450	652	18	14	2	54	48
SETBP1	77	2105	850	933	237	521	53	1443
SLC14A2	3	19	81	7	3	5	3	19
SLC14A1	0	5	3	0	0	2	2	4
SIGLEC15	0	2	15	1	0	0	0	4
EPG5	358	489	4375	312	61	103	202	407
PSTPIP2	48	124	640	154	13	43	15	70
ATP5F1A	24969	5108	299679	4197	756	1706	13091	7907
HAUS1	4841	1739	49428	1039	261	445	2382	1996
C18orf25	863	469	8705	366	89	141	436	600
RNF165	84	576	840	112	37	81	82	289
LOXHD1	37	5	232	68	14	5	22	184
ST8SIA5	30	10	335	15	6	3	6	21
PIAS2	2625	953	26029	1002	200	309	1565	1662
KATNAL2	529	418	6092	279	93	111	331	498
ELOA3	0	1	0	0	0	0	0	2
ELOA3B	0	0	0	0	1	0	0	0
ELOA3D	0	0	0	0	0	0	0	0
ELOA2	0	0	3	1	0	0	0	0
HDHD2	1101	1151	19266	624	140	336	829	1368
IER3IP1	2483	1570	26533	1112	184	353	1465	1408
SKOR2	110	9	323	4	4	3	34	45
SMAD2	2301	1777	26164	1776	317	539	1483	2378
ZBTB7C	2	46	54	36	5	17	0	47
CTIF	186	407	2214	364	79	89	103	441
SMAD7	1147	301	9505	450	144	128	709	851
DYM	1102	1425	16163	1091	197	338	669	1596
C18orf32	269	1663	3165	887	218	423	159	1712
RPL17	6020	58364	78935	49868	8695	18595	3533	79370
LIPG	67	259	976	116	34	68	55	140
ACAA2	5509	1555	81675	1073	252	470	3058	2128
MYO5B	104	71	1872	172	26	74	66	151
CFAP53	9	98	304	32	15	16	16	54
MBD1	718	364	10024	227	53	74	366	320
CXXC1	1345	217	18123	239	40	76	779	337
SKA1	71	282	983	244	38	64	68	342
MAPK4	30	506	174	208	59	91	30	302
MRO	26	5	305	6	2	4	20	11
ME2	3051	1693	26392	935	189	386	1787	1386
ELAC1	199	316	2180	117	30	62	165	158
SMAD4	1792	1704	21496	1148	251	484	1041	1435
MEX3C	1056	430	13412	389	55	155	706	590
DCC	30	3568	368	1658	631	1221	27	2719
MBD2	2809	889	25072	817	190	300	1334	1248
POLI	888	561	10845	428	107	161	526	710
STARD6	4	21	52	8	8	3	7	13
C18orf54	900	342	7950	245	61	103	556	434
DYNAP	13	2	184	4	0	1	11	4
RAB27B	12	31	134	46	6	11	5	17
CCDC68	27	7	611	6	4	3	13	8
TCF4	3822	4746	40960	4056	772	1446	2802	3345
TXNL1	13669	2768	161577	2615	464	911	6616	1927
WDR7	224	846	2601	600	115	232	137	377
BOD1L2	14	0	40	0	0	0	0	3
ST8SIA3	55	7	998	31	1	1	11	6
ONECUT2	157	123	2438	71	10	29	71	65
FECH	421	158	4859	106	16	38	200	72
NARS	10685	1674	124221	1637	282	557	5774	1293
ATP8B1	106	334	1012	284	57	107	68	161
NEDD4L	1510	1116	16673	1497	262	465	974	939
ALPK2	3	35	42	63	4	5	2	18
MALT1	858	615	8284	589	103	145	391	276
ZNF532	1145	2186	11770	2147	396	599	893	1222
SEC11C	4475	909	68879	729	158	265	2363	503
GRP	1	4	56	22	2	2	0	8
RAX	64	6	528	5	3	4	25	15
CPLX4	0	3	4	2	0	0	0	0
LMAN1	6679	2412	86614	1620	298	763	3933	1121
CCBE1	65	617	824	442	174	306	34	155
PMAIP1	13530	737	140562	2310	390	489	7468	1306
MC4R	1	0	4	0	0	0	0	1
CDH20	8	344	68	169	35	101	2	212
RNF152	148	1928	717	379	96	174	74	674
PIGN	515	734	5344	505	85	183	304	603
RELCH	501	697	6043	576	108	184	253	768
TNFRSF11A	89	17	1647	57	4	6	38	56
ZCCHC2	746	412	7638	234	68	87	441	473
PHLPP1	1079	2759	14528	1875	434	770	687	2916
BCL2	99	1238	1545	375	122	291	56	608
KDSR	3312	602	38449	602	113	205	1737	991
VPS4B	2224	660	27315	641	147	274	1200	971
SERPINB5	70	0	2052	1	1	0	3	0
SERPINB12	0	0	5	0	0	0	0	0
SERPINB13	0	0	2	0	0	0	0	2
SERPINB4	16	0	1127	1	0	2	2	7
SERPINB11	0	1	1	0	0	0	0	0
SERPINB3	1	0	367	0	0	0	1	1
SERPINB7	0	0	6	0	0	0	0	0
SERPINB2	0	3	28	4	2	23	0	1
SERPINB10	0	0	1	0	0	0	0	0
HMSD	62	35	1021	68	10	7	90	35
SERPINB8	49	13	510	18	3	3	17	22
CDH7	34	51	569	69	8	51	39	47
CDH19	8	12	117	1	1	4	4	16
DSEL	17	250	144	532	33	139	9	998
TMX3	909	585	8727	373	73	154	495	584
CCDC102B	60	701	894	270	63	123	112	354
DOK6	17	875	220	427	131	104	51	402
CD226	2	17	29	18	3	0	2	11
RTTN	279	992	2698	501	119	216	179	873
SOCS6	427	512	4027	304	63	116	244	479
CBLN2	1	3	4	0	3	1	0	3
NETO1	135	54	709	20	14	13	29	147
FBXO15	21	44	274	29	8	17	19	23
TIMM21	1269	301	14256	249	61	110	606	432
CYB5A	10898	1285	115301	2083	284	541	5967	2637
C18orf63	0	1	1	1	0	0	0	0
DIPK1C	2	20	44	6	2	5	1	14
CNDP2	2988	648	33941	585	87	236	2054	1059
CNDP1	3	17	71	9	1	4	1	7
ZNF407	281	957	2280	703	164	249	147	952
ZADH2	212	233	1789	83	33	46	156	161
TSHZ1	63	87	271	36	24	10	32	65
SMIM21	0	0	1	0	0	0	0	0
ZNF516	306	1119	2060	530	143	202	233	976
ZNF236	498	567	4481	467	108	140	239	656
MBP	1044	63	10060	247	51	64	442	629
GALR1	7	2	105	2	1	0	3	7
SALL3	8	448	177	704	136	154	4	1165
ATP9B	297	1788	3278	1046	252	387	161	1485
NFATC1	434	141	2000	59	25	23	161	295
CTDP1	870	179	11716	171	44	59	367	339
KCNG2	16	8	138	1	0	2	2	7
SLC66A2	814	402	5582	215	41	84	312	480
HSBP1L1	193	60	680	42	13	16	73	54
TXNL4A	5702	3066	78154	2036	328	671	4218	3395
AC090360.1	34	16	433	10	2	8	32	23
RBFA	2501	546	23818	261	57	132	791	579
ADNP2	1703	808	18999	889	155	235	988	1069
PARD6G	731	601	6444	347	67	157	338	590
DEFB125	0	0	1	0	0	0	0	0
DEFB126	1	0	1	0	0	0	2	0
DEFB127	0	0	0	0	0	0	0	1
DEFB128	0	0	0	0	0	0	0	0
DEFB129	0	0	0	0	0	0	0	0
DEFB132	0	0	1	0	0	0	0	0
C20orf96	655	280	19047	295	36	93	500	385
ZCCHC3	1256	513	20785	432	54	165	1042	515
SOX12	805	528	16652	361	88	145	1046	619
NRSN2	353	220	5296	171	41	79	204	217
TRIB3	184	40	3032	65	5	31	122	68
RBCK1	1656	432	24121	428	61	107	1061	513
TBC1D20	509	301	6418	237	41	90	324	331
CSNK2A1	6370	2486	70142	2111	413	687	3611	2965
TCF15	456	43	5922	131	10	43	411	118
SRXN1	4	61	40	65	4	20	4	82
SCRT2	2	4	30	2	1	1	5	4
SLC52A3	315	2	2628	39	5	9	424	53
FAM110A	345	134	4918	110	16	33	335	163
ANGPT4	0	1	26	0	0	2	1	1
RSPO4	42	15	1443	59	2	9	66	49
PSMF1	2072	870	38466	702	138	224	1521	1128
TMEM74B	92	10	1600	29	5	8	73	26
C20orf202	0	1	8	0	0	0	0	0
RAD21L1	1	8	41	10	0	2	1	11
SNPH	54	2	979	6	1	1	21	7
SDCBP2	149	72	2072	68	15	21	90	70
FKBP1A	12956	2241	143829	2427	390	791	6828	3218
NSFL1C	4029	968	56069	856	159	297	2012	1205
SIRPB2	0	0	5	0	0	0	0	0
SIRPD	0	0	0	0	0	0	0	0
SIRPB1	0	0	3	0	0	0	0	2
SIRPG	0	1	7	1	0	0	0	2
SIRPA	103	83	810	39	11	19	72	109
PDYN	7	1	103	3	0	1	5	3
STK35	501	281	7117	217	41	82	275	406
TGM3	0	8	1	3	0	1	0	3
TGM6	0	3	1	2	0	1	0	1
SNRPB	34311	7550	484165	6668	997	2175	20292	10337
ZNF343	39	65	419	29	12	13	24	46
TMC2	1	3	3	4	0	1	0	4
NOP56	11884	1876	136565	1749	300	632	5855	2852
IDH3B	4410	686	58435	705	132	197	2500	1040
EBF4	27	147	526	36	21	25	20	100
CPXM1	271	773	6022	247	59	111	271	465
C20orf141	0	0	2	0	0	0	0	0
TMEM239	0	0	0	0	0	0	0	0
PCED1A	209	251	2813	112	24	49	195	166
VPS16	416	291	5981	168	21	63	256	263
PTPRA	1864	2598	20901	1213	327	555	1270	2247
GNRH2	3	13	44	7	1	0	1	11
MRPS26	13508	2327	177560	2315	437	784	6749	3435
OXT	13	3	337	5	2	0	7	11
AVP	45	4	1319	1	0	3	28	33
UBOX5	149	134	1630	72	23	33	61	104
FASTKD5	777	75	9197	128	24	42	288	154
LZTS3	485	68	6015	92	17	31	350	150
DDRGK1	2648	719	40593	570	105	240	1585	738
ITPA	5729	848	65877	1137	150	292	2108	1509
SLC4A11	328	13	5674	16	0	5	105	68
C20orf194	103	786	1695	456	120	195	109	687
ATRN	359	922	4342	496	123	185	236	833
GFRA4	1	0	10	0	0	0	0	0
ADAM33	25	8	498	7	1	1	5	7
SIGLEC1	0	0	1	1	0	0	0	0
HSPA12B	49	15	940	17	2	2	34	24
C20orf27	4790	1175	71000	997	149	347	3010	1526
SPEF1	13	22	422	6	1	3	14	6
CENPB	620	249	8595	157	39	90	394	298
CDC25B	400	288	6221	165	18	45	264	181
AP5S1	146	69	1849	53	8	14	63	59
MAVS	761	267	9405	237	31	80	441	215
PANK2	2531	1265	25333	939	188	337	1057	1541
RNF24	650	878	9396	767	139	238	411	1131
SMOX	376	99	4307	91	9	15	169	101
ADRA1D	7	5	148	3	0	3	36	6
PRNP	908	87	10514	179	21	44	381	216
PRND	2	4	48	4	2	2	3	1
RASSF2	171	182	2099	67	33	44	93	152
SLC23A2	350	343	3065	229	67	80	152	376
TMEM230	5499	2137	65189	1682	323	604	3813	2565
PCNA	10243	2244	110042	1403	268	599	4782	2804
CDS2	1441	502	22763	441	82	158	762	692
PROKR2	1	1	9	0	0	1	0	1
GPCPD1	236	998	1708	330	87	181	131	509
SHLD1	231	333	5189	178	53	57	184	301
CHGB	60	6	1831	24	3	18	50	24
TRMT6	1754	399	23165	395	72	138	968	535
MCM8	740	481	9175	368	63	125	420	553
CRLS1	101	661	1017	573	106	195	53	803
LRRN4	9	6	131	15	1	3	1	4
FERMT1	2017	82	12263	255	54	63	1011	489
BMP2	56	272	813	157	49	93	106	224
HAO1	0	2	0	1	0	0	0	1
TMX4	385	503	7877	252	79	111	330	377
PLCB1	435	4332	4905	3037	725	931	345	4640
PLCB4	402	1577	3810	1025	211	350	237	1615
LAMP5	99	24	995	3	9	20	13	59
PAK5	17	111	300	75	18	35	30	122
ANKEF1	202	75	2715	109	16	47	168	130
SNAP25	19	54	169	27	6	13	14	46
MKKS	1099	495	12248	361	54	141	563	593
AL034430.1	0	0	0	0	0	0	0	0
AL034430.2	0	0	0	0	0	0	0	0
SLX4IP	553	699	6810	508	117	225	355	1024
JAG1	897	1575	10478	768	172	318	724	1224
BTBD3	795	1115	8399	639	141	283	781	875
SPTLC3	14	56	65	53	10	21	3	119
ISM1	13	70	409	67	11	20	15	216
TASP1	734	1131	9122	798	165	283	372	1193
ESF1	7002	1660	71584	1404	261	552	4145	2296
NDUFAF5	1331	522	17165	354	70	111	706	623
SEL1L2	2	28	9	8	4	2	0	23
MACROD2	91	1569	1070	976	284	502	104	1660
FLRT3	59	785	595	318	69	141	50	298
KIF16B	652	670	6120	467	100	171	332	651
SNRPB2	11921	2661	144093	2482	386	803	6164	3543
OTOR	1	0	84	1	0	2	7	0
PCSK2	8	28	69	22	2	6	5	43
BFSP1	110	32	1281	64	2	7	91	70
DSTN	19918	3106	267571	4515	677	1344	9807	5563
RRBP1	4531	852	53388	1387	190	384	2747	1974
BANF2	0	1	2	5	0	0	0	0
SNX5	6078	1257	84784	1323	211	439	3154	2180
OVOL2	120	109	2515	146	34	62	278	196
MGME1	3029	868	38610	989	165	380	1816	1495
PET117	1282	295	14597	236	43	110	840	388
KAT14	490	160	6251	153	24	52	316	194
ZNF133	177	402	1707	252	60	93	129	341
DZANK1	165	324	2913	179	40	68	127	295
POLR3F	990	327	10710	276	56	100	507	379
RBBP9	299	171	3811	81	21	35	243	131
SEC23B	1874	494	21937	338	78	147	969	625
SMIM26	6457	1848	74528	1445	303	487	4007	2011
DTD1	3526	1624	50806	1402	290	494	2586	1927
SCP2D1	0	0	0	0	0	0	0	0
SLC24A3	15	258	80	203	75	130	7	190
RIN2	26	686	217	308	76	124	27	330
NAA20	4063	957	47675	798	133	258	2178	1120
CRNKL1	1303	436	13472	340	69	112	741	474
CFAP61	0	126	28	26	11	20	0	45
INSM1	92	55	1252	31	8	15	179	54
RALGAPA2	617	1152	6834	869	207	345	349	1168
KIZ	1621	451	27150	425	68	147	896	774
XRN2	13330	3730	155130	3358	570	1152	8119	5142
NKX2-4	2	0	37	0	0	0	0	0
NKX2-2	3	8	38	0	1	2	1	2
PAX1	0	12	2	7	0	2	0	1
FOXA2	261	115	453	67	8	3	34	252
SSTR4	0	0	0	0	0	0	0	0
THBD	7	2	73	1	0	0	11	6
CD93	0	0	10	0	0	0	1	0
NXT1	2171	662	29426	491	81	160	1074	709
GZF1	355	173	5031	117	26	58	230	178
NAPB	320	221	3330	144	26	60	209	209
CSTL1	0	0	3	0	0	0	0	0
CST11	3	1	61	3	0	0	4	3
CST8	0	0	0	0	0	0	0	0
CST9L	0	0	2	0	0	0	0	0
CST9	1	0	4	0	0	0	0	0
CST3	2235	2940	34523	1719	357	684	1188	1675
CST4	7	2	81	11	0	2	5	4
CST1	75	80	1772	60	16	23	105	578
CST2	1	10	58	3	1	2	5	16
CST5	3	0	103	0	5	0	2	0
GGTLC1	1	0	15	0	0	0	0	0
SYNDIG1	144	193	753	424	70	47	114	351
CST7	0	0	0	1	0	0	0	0
APMAP	1749	758	33715	544	102	204	1260	876
ACSS1	17	8	556	5	1	5	5	7
VSX1	1	5	31	1	1	0	1	1
ENTPD6	535	176	9186	129	21	45	270	197
PYGB	406	276	5668	167	42	77	233	244
ABHD12	1646	709	27247	632	106	211	958	1069
GINS1	1871	791	20172	756	132	239	1102	1192
NINL	450	1150	4499	667	144	271	364	1059
NANP	226	124	1783	59	11	30	138	141
ZNF337	205	328	2735	229	50	74	136	323
DEFB115	0	0	0	0	0	0	0	0
DEFB116	0	0	0	0	0	0	0	0
DEFB118	0	0	0	0	0	0	0	0
DEFB119	0	0	0	0	0	0	0	0
DEFB121	0	0	0	0	0	0	0	0
DEFB123	0	0	0	0	0	0	0	0
DEFB124	1	0	5	0	0	0	0	1
REM1	0	0	19	0	0	1	1	0
HM13	2790	1165	65017	914	203	335	1606	1463
MCTS2P	0	0	0	0	0	0	0	0
ID1	24731	5957	344175	9136	1300	2229	21951	6287
COX4I2	37	4	1215	25	5	18	38	8
BCL2L1	1090	371	18704	313	72	125	418	445
TPX2	6719	3489	110028	2086	429	818	4260	3226
MYLK2	2	5	52	3	0	0	4	3
FOXS1	3	4	27	0	0	0	3	5
DUSP15	49	53	1666	29	3	26	33	58
TTLL9	2	46	24	17	4	8	0	20
PDRG1	1093	553	28828	340	65	130	802	599
XKR7	13	13	499	16	4	5	17	32
CCM2L	107	30	2377	46	7	15	130	88
HCK	10	9	331	7	1	3	7	17
TM9SF4	864	783	16124	557	132	212	664	819
PLAGL2	622	335	10907	204	36	73	415	309
POFUT1	452	249	12115	192	25	60	208	245
KIF3B	711	509	12179	291	77	123	398	411
ASXL1	527	1491	8175	655	179	380	406	1069
NOL4L	707	273	11846	235	47	86	425	425
C20orf203	2	36	54	10	6	4	2	23
COMMD7	4362	987	50923	1100	225	389	2363	1503
DNMT3B	32131	922	291922	4616	698	1379	12691	6846
MAPRE1	6725	1575	78756	1274	244	479	3431	1940
EFCAB8	0	12	5	4	1	0	0	16
SUN5	0	0	1	0	0	0	1	0
BPIFB2	0	1	1	2	0	0	0	0
BPIFB6	0	0	0	0	0	0	0	0
BPIFB3	0	0	2	1	0	0	0	0
BPIFB4	0	4	4	0	0	0	0	1
BPIFA2	0	0	0	0	0	0	0	0
BPIFA3	0	0	0	0	0	0	0	0
BPIFA1	0	0	0	0	0	0	0	0
BPIFB1	0	1	4	0	0	0	0	0
CDK5RAP1	1937	563	24360	473	107	163	1031	670
SNTA1	135	73	3337	61	12	38	137	96
CBFA2T2	1367	1395	7025	1033	264	282	435	1647
NECAB3	476	170	5269	111	14	51	282	194
C20orf144	4	3	33	0	1	1	2	1
ACTL10	42	13	372	9	1	4	38	13
E2F1	1200	383	12046	246	45	106	545	331
PXMP4	342	109	5260	81	21	32	160	132
ZNF341	122	93	1483	54	11	29	71	99
CHMP4B	1907	591	23309	561	97	198	1067	778
RALY	4836	2228	68659	1776	303	611	2704	2622
EIF2S2	14079	3862	178547	4002	581	1319	8330	5891
ASIP	1	108	18	37	5	15	0	70
AHCY	10304	1276	134186	1581	232	520	4954	2624
ITCH	775	1569	7811	987	227	313	404	1457
DYNLRB1	5788	2270	87717	1866	323	637	3552	2486
MAP1LC3A	439	384	9240	167	45	71	333	220
PIGU	648	829	10947	482	112	187	410	709
NCOA6	178	1069	2499	409	103	187	139	584
TP53INP2	40	8	745	24	2	8	12	21
GGT7	216	490	3892	211	38	116	195	373
ACSS2	267	167	2600	169	44	46	121	140
GSS	1395	666	14814	351	80	157	664	584
MYH7B	21	11	247	6	2	2	5	15
TRPC4AP	1677	1017	21489	787	186	280	845	1244
EDEM2	1490	193	19731	210	57	73	731	417
PROCR	2463	74	22962	178	28	68	963	369
MMP24OS	3307	457	45989	575	100	179	1558	839
MMP24	630	97	6427	153	38	52	223	225
EIF6	11360	1709	143078	1768	294	587	6037	2709
FAM83C	4	0	30	0	0	0	5	0
UQCC1	1000	723	12873	480	105	162	523	779
GDF5OS	1	1	9	0	0	0	1	1
GDF5	1	26	26	2	4	6	1	14
CEP250	878	402	7994	254	68	109	475	454
C20orf173	0	0	2	0	0	0	0	0
ERGIC3	4202	1596	60506	1028	203	398	2794	1820
SPAG4	187	40	3243	146	18	41	243	87
CPNE1	4024	2067	46552	1266	231	539	2201	2134
RBM12	1382	399	15139	424	82	168	812	665
NFS1	929	202	10790	163	40	43	455	234
ROMO1	7804	2180	94096	1782	358	633	4946	2675
RBM39	10401	4241	117871	3681	608	1266	5898	4954
PHF20	4576	1989	54341	1812	329	624	2752	2646
SCAND1	10570	1871	117854	2032	335	673	5345	2752
CNBD2	155	92	1698	57	12	13	71	92
EPB41L1	474	247	6114	183	50	76	255	296
AAR2	630	251	9470	230	43	79	313	296
DLGAP4	1536	1037	15237	747	154	311	965	1209
MYL9	2258	320	60803	1200	134	274	1160	623
TGIF2	2139	686	27297	802	135	308	1382	1246
RAB5IF	3888	1935	44441	1707	262	577	1785	2583
SLA2	2	13	58	8	0	5	5	15
NDRG3	1277	552	16004	294	71	138	633	586
DSN1	1942	653	21748	478	81	199	769	857
SOGA1	641	522	5057	369	82	128	354	569
TLDC2	4	12	32	2	3	2	5	9
SAMHD1	1745	118	32248	324	55	103	798	463
RBL1	529	1171	4596	604	145	252	264	906
MROH8	23	177	283	65	18	40	11	129
RPN2	11344	2930	150267	2443	464	865	6645	4277
GHRH	4	58	38	11	3	6	7	41
MANBAL	1355	812	21180	451	81	199	1039	754
SRC	207	272	2532	144	27	55	136	197
BLCAP	1757	599	19392	355	96	173	1038	881
NNAT	974	137	1660	1640	444	463	442	917
CTNNBL1	2584	1044	30708	749	149	325	1399	1155
VSTM2L	11	101	157	45	16	21	6	52
TTI1	1010	576	10875	404	87	180	570	617
RPRD1B	588	556	5995	336	67	133	323	591
TGM2	13	4	167	6	0	4	13	7
KIAA1755	1	13	21	15	1	1	2	13
BPI	0	0	1	0	0	0	0	1
LBP	13	5	180	9	1	3	6	7
RALGAPB	864	678	10656	481	111	156	482	693
ADIG	0	1	1	1	0	0	0	0
ARHGAP40	16	2	88	38	2	1	5	16
SLC32A1	3	0	182	1	0	0	7	0
ACTR5	510	129	6581	114	16	40	267	169
PPP1R16B	148	89	1867	120	26	27	63	241
FAM83D	2183	524	23123	450	81	164	1068	681
DHX35	484	426	5904	292	68	89	231	414
MAFB	228	391	1388	228	31	89	96	257
TOP1	8076	4146	93237	2932	566	1065	5089	4256
PLCG1	459	305	6275	232	39	100	275	348
ZHX3	97	383	1277	210	61	85	42	324
LPIN3	145	65	1915	57	12	15	78	71
EMILIN3	36	65	706	18	5	6	40	27
CHD6	1870	1927	25280	1348	266	553	1304	2310
PTPRT	3	432	118	9	67	149	2	336
SRSF6	3545	992	32235	820	143	357	1885	1254
L3MBTL1	202	297	2912	205	30	88	52	260
SGK2	0	43	29	17	5	10	1	30
IFT52	1255	934	21076	519	104	197	862	726
MYBL2	5522	694	55967	722	130	238	2588	1228
GTSF1L	0	0	0	0	0	0	0	0
TOX2	101	80	498	34	10	22	34	65
JPH2	2	25	64	68	7	13	0	8
OSER1	1778	506	25576	558	69	179	921	606
GDAP1L1	141	47	5406	90	9	22	107	79
FITM2	106	55	1246	51	9	12	60	44
R3HDML	0	2	0	2	1	0	0	0
HNF4A	5	3	15	2	1	1	2	6
TTPAL	326	114	3909	85	23	52	166	186
SERINC3	2400	413	25485	401	65	157	984	729
PKIG	1637	1200	15503	518	113	247	712	1006
ADA	235	226	2888	122	33	65	201	235
CCN5	0	3	15	2	0	1	1	1
KCNK15	10	2	348	10	1	1	10	6
RIMS4	112	28	1976	36	9	22	80	49
YWHAB	25567	4885	326712	5578	822	1961	13970	9289
PABPC1L	319	163	4989	150	21	54	144	194
TOMM34	695	394	13070	241	36	56	419	322
STK4	1559	914	19904	662	148	240	1145	1084
KCNS1	14	2	161	2	1	1	13	7
WFDC5	1	0	11	0	0	0	1	1
WFDC12	0	0	1	0	0	0	0	0
PI3	0	0	1	0	0	0	0	0
SEMG1	51	0	1794	4	0	0	29	8
SEMG2	0	0	1	0	0	0	0	0
SLPI	27	2	28	1	0	1	8	1
MATN4	51	11	576	10	0	3	16	12
RBPJL	9	1	144	10	0	3	7	9
SDC4	1587	183	11890	341	52	98	908	466
SYS1	853	441	13476	265	52	121	458	377
TP53TG5	5	51	75	20	4	3	2	25
DBNDD2	8	330	111	414	80	140	5	877
PIGT	1926	472	30377	410	83	145	1218	631
WFDC2	4690	542	68641	628	95	250	2610	1328
SPINT3	0	0	6	0	1	0	0	0
WFDC6	0	0	0	0	0	0	0	2
EPPIN	1	0	26	0	1	0	1	3
WFDC8	0	0	2	2	0	0	0	2
WFDC9	0	0	0	0	0	0	0	1
WFDC10A	1	0	56	0	0	0	1	0
WFDC11	0	1	2	0	0	0	1	2
WFDC10B	5	3	91	9	0	3	5	29
WFDC13	1	1	1	0	0	0	0	0
SPINT4	0	1	0	3	1	0	0	8
WFDC3	8	21	204	16	1	8	12	20
DNTTIP1	1780	669	24645	446	97	187	987	666
UBE2C	22104	5171	273670	3819	620	1460	12117	6557
TNNC2	750	42	10683	112	15	30	341	274
SNX21	439	80	6992	97	24	42	233	124
ACOT8	1678	221	26494	281	57	88	849	551
ZSWIM3	270	52	2944	59	8	9	99	75
ZSWIM1	99	27	1269	27	4	11	68	35
SPATA25	0	1	35	0	0	0	0	1
NEURL2	170	38	2764	37	5	11	82	49
CTSA	1505	174	29360	237	33	65	837	379
PLTP	4636	1464	49803	724	160	419	2072	1504
PCIF1	1407	222	22354	223	30	80	544	288
ZNF335	401	167	4273	154	21	38	166	203
MMP9	1127	5	9061	55	26	14	291	166
SLC12A5	194	123	3141	73	22	37	105	102
NCOA5	567	755	6224	469	106	195	309	633
CD40	184	135	4459	68	14	31	266	143
CDH22	6	29	41	6	2	2	1	11
SLC35C2	1132	530	15614	396	67	130	734	476
ELMO2	174	318	2947	143	36	65	124	209
ZNF334	331	422	4289	239	51	116	281	383
OCSTAMP	3	6	46	5	0	0	3	4
SLC13A3	171	582	2843	355	78	110	199	620
TP53RK	3596	642	38742	606	81	174	1600	923
SLC2A10	120	155	1625	107	26	35	91	145
EYA2	18	107	220	193	20	82	19	133
ZMYND8	5258	1735	54952	2063	294	770	3012	4094
NCOA3	1236	1088	12200	924	183	367	595	1435
SULF2	320	303	4373	329	44	152	178	475
PREX1	118	829	1608	296	79	160	111	563
ARFGEF2	748	630	9282	555	107	174	376	754
CSE1L	6633	1801	71103	1774	293	641	3630	2859
STAU1	5900	2068	66534	1840	337	624	3032	2779
DDX27	4277	657	53603	754	118	213	2599	1190
ZNFX1	524	167	4723	154	42	37	196	187
KCNB1	47	52	205	65	18	18	18	81
PTGIS	216	220	5319	186	32	108	285	331
B4GALT5	2250	873	25659	786	212	308	1743	1321
SLC9A8	121	261	1447	138	28	63	62	268
SPATA2	432	100	6423	75	16	29	235	116
RNF114	3995	826	48198	839	168	291	2480	1483
SNAI1	192	44	1988	59	5	20	135	89
UBE2V1	522	2613	6088	2467	416	885	343	3796
TMEM189	1125	281	12182	373	55	122	690	506
CEBPB	2018	245	24771	415	43	118	1146	456
PTPN1	1324	719	14778	543	101	158	754	769
RIPOR3	26	31	741	31	5	13	21	80
PARD6B	1389	614	14630	536	101	169	755	676
BCAS4	650	403	12478	319	68	125	552	519
ADNP	2887	2821	26226	2202	461	753	2155	3337
DPM1	3837	889	39570	763	138	253	2170	1030
MOCS3	583	113	6733	113	18	54	301	170
KCNG1	300	240	2423	424	45	60	469	354
NFATC2	16	164	254	112	27	39	8	74
ATP9A	110	230	1217	196	49	99	99	273
SALL4	5377	587	73840	1439	197	465	3145	1778
ZFP64	473	554	6766	598	87	170	456	626
TSHZ2	253	1885	1568	445	189	330	111	503
ZNF217	2534	570	19528	726	166	202	1310	1176
BCAS1	6	1	67	4	0	2	2	9
CYP24A1	1	2	11	0	1	0	2	0
PFDN4	11573	1949	124465	2168	300	653	7074	2923
DOK5	161	305	4542	213	31	64	286	235
CBLN4	1	1	1	0	0	0	2	0
MC3R	0	0	0	0	0	0	0	0
FAM210B	1689	743	20458	509	86	210	896	1024
AURKA	5238	1077	63866	996	198	344	2878	1606
CSTF1	1956	401	22393	407	54	141	1246	615
CASS4	0	5	3	8	0	3	0	18
RTF2	3249	1540	41204	1115	233	367	2122	1636
GCNT7	0	33	3	26	3	11	0	36
FAM209A	2	6	34	3	1	2	1	20
FAM209B	21	7	564	1	3	2	21	9
TFAP2C	2802	103	10438	339	88	72	1035	517
BMP7	1880	1481	22312	548	174	310	837	1408
SPO11	0	0	0	0	0	0	1	0
RAE1	1993	779	27503	606	120	233	1084	812
MTRNR2L3	4	0	89	2	0	0	4	1
RBM38	2884	244	25176	355	68	113	895	612
CTCFL	32	2	483	6	7	19	53	18
PCK1	0	1	1	3	2	0	0	1
ZBP1	0	1	1	0	0	0	0	1
PMEPA1	2915	328	28174	777	212	155	1282	1172
C20orf85	2	1	14	0	0	0	2	0
ANKRD60	0	0	1	0	0	0	0	0
RAB22A	1097	558	11361	445	85	123	536	592
VAPB	1449	808	19141	537	117	223	1030	1034
APCDD1L	50	11	344	21	2	10	11	44
STX16	2451	944	29342	773	191	393	1563	1647
NPEPL1	344	217	5345	217	45	88	284	334
GNAS	41642	16784	462017	13711	2689	5342	23963	20308
NELFCD	2010	883	22111	566	99	208	941	693
CTSZ	668	438	15477	331	68	107	501	318
TUBB1	1	1	5	1	1	2	0	6
ATP5F1E	15847	8564	257101	5441	1121	2174	9504	6225
PRELID3B	3061	631	30007	555	100	182	1557	848
ZNF831	0	1	2	0	0	0	0	0
EDN3	10	5	165	2	2	6	3	3
PHACTR3	32	10	354	25	7	9	11	43
SYCP2	5	7	100	7	2	3	7	17
FAM217B	530	413	5628	331	53	105	791	449
PPP1R3D	59	35	631	33	3	12	39	45
CDH26	57	16	876	24	3	11	63	39
CDH4	5	886	119	702	210	365	3	1532
TAF4	92	332	794	272	70	101	50	520
LSM14B	1811	466	24845	397	97	188	1072	701
PSMA7	34063	8268	395647	6826	1252	2553	16140	11964
SS18L1	404	328	4250	202	48	107	257	413
MTG2	597	323	6108	223	32	68	295	233
HRH3	99	8	2026	13	3	5	47	21
OSBPL2	812	341	9846	241	47	98	396	386
ADRM1	12748	1358	165797	1508	208	490	5222	2457
LAMA5	829	133	9736	211	31	62	419	261
RPS21	118000	18137	1179035	16589	3086	5957	64256	27932
CABLES2	106	107	2094	63	17	27	90	117
RBBP8NL	15	0	28	22	1	3	25	4
GATA5	115	15	673	5	1	5	48	35
SLCO4A1	394	24	5540	23	5	18	165	85
NTSR1	6	3	72	2	1	1	1	7
MRGBP	2738	492	27323	369	89	155	1335	749
OGFR	1315	215	14772	171	34	46	466	241
COL9A3	1362	257	15012	98	37	53	1146	477
TCFL5	551	393	5919	262	68	105	356	503
DIDO1	2844	1227	30603	1289	287	417	1292	1982
GID8	5673	951	63797	961	189	367	2410	1638
SLC17A9	344	4	4059	25	4	7	125	51
BHLHE23	2	1	14	0	0	1	1	1
YTHDF1	2386	434	26597	416	76	171	1117	675
BIRC7	1	3	85	5	0	0	4	3
NKAIN4	563	800	7847	234	59	155	363	509
ARFGAP1	757	179	10596	161	25	59	390	263
COL20A1	7	3	281	2	1	0	1	8
CHRNA4	7	24	196	5	3	2	11	4
KCNQ2	550	821	5909	306	117	271	492	1000
EEF1A2	991	59	16964	208	19	37	471	383
PPDPF	13623	6234	191540	3757	876	1943	7342	5880
PTK6	3	2	103	2	1	5	4	14
SRMS	2	0	7	0	0	0	0	0
FNDC11	52	21	868	17	2	4	24	23
HELZ2	224	47	2950	34	5	13	108	40
GMEB2	341	280	3862	200	47	67	206	250
STMN3	916	248	10892	101	30	55	368	273
RTEL1	4	98	34	68	12	31	3	99
TNFRSF6B	0	5	0	4	0	3	0	8
ARFRP1	971	271	14769	195	31	77	553	293
ZGPAT	25	364	248	269	59	83	11	426
LIME1	1	18	1	23	5	5	0	42
SLC2A4RG	941	654	11279	400	60	163	618	504
ZBTB46	345	192	3589	314	36	99	142	435
ABHD16B	0	0	2	1	0	0	0	0
TPD52L2	2706	517	42276	499	94	190	1493	917
DNAJC5	382	314	4402	224	40	73	207	394
UCKL1	2132	150	28261	186	24	103	1011	291
ZNF512B	512	102	6533	89	17	40	214	110
SAMD10	57	35	974	17	7	12	51	34
PRPF6	3568	1105	41508	839	162	330	1987	1383
C20orf204	85	4	694	1	1	3	24	30
SOX18	452	6	1278	10	1	5	33	35
TCEA2	1268	931	23023	547	121	234	686	882
RGS19	829	167	10860	136	29	50	392	285
OPRL1	1	23	6	9	9	5	0	15
LKAAEAR1	135	6	1349	11	1	4	69	25
MYT1	12	39	91	35	8	15	5	73
NPBWR2	0	0	0	0	0	0	0	0
PCMTD2	892	539	7931	332	97	170	642	820
OR4F17	0	1	1	0	0	0	0	2
PLPP2	1487	44	21329	358	45	66	1116	503
MIER2	769	220	9307	229	40	69	349	266
THEG	1	1	1	0	0	0	0	0
C2CD4C	520	75	4654	59	13	16	123	61
SHC2	1010	225	11820	244	37	67	301	344
ODF3L2	34	7	533	7	4	3	14	15
MADCAM1	51	28	1366	22	2	13	35	33
TPGS1	822	576	17941	325	80	158	590	407
CDC34	3559	1105	49476	836	131	304	1903	1551
GZMM	10	3	271	6	0	2	7	7
BSG	19123	7181	262218	5013	897	1839	11259	8671
HCN2	135	11	1314	15	6	7	45	46
POLRMT	1887	197	21857	200	35	67	831	297
FGF22	64	9	1006	6	2	7	30	10
RNF126	3546	695	47825	528	126	219	1781	1018
FSTL3	284	40	3652	30	6	12	119	45
PRSS57	2	3	148	2	0	0	9	4
PALM	326	378	3805	168	43	77	170	362
MISP	11	3	211	3	0	1	9	8
PTBP1	8612	1669	110370	1484	230	521	4558	2526
PLPPR3	2233	946	21264	404	146	250	1088	982
AZU1	2	21	206	14	8	2	5	41
PRTN3	0	7	16	7	0	2	1	4
ELANE	1	0	1	0	0	0	0	0
CFD	178	12	2396	32	9	22	38	108
MED16	479	370	6035	334	44	126	398	476
R3HDM4	1469	233	18835	266	53	126	857	499
KISS1R	203	18	4188	19	5	9	95	31
ARID3A	4759	802	53623	815	109	247	1903	1303
WDR18	4500	1100	67415	705	126	311	2479	1148
GRIN3B	9	20	429	3	1	9	5	40
TMEM259	2494	504	42382	364	75	153	1377	693
CNN2	7429	1397	122787	1997	238	619	3759	2496
ABCA7	1262	78	16008	109	54	109	911	189
ARHGAP45	677	27	9331	79	17	31	438	118
POLR2E	8001	1856	119251	1532	238	538	3929	2500
GPX4	36938	7976	479153	5965	1065	2244	19260	9079
SBNO2	7	108	96	133	23	33	3	165
STK11	1612	391	21071	285	41	131	909	533
CBARP	282	68	3638	46	13	25	139	92
ATP5F1D	26350	4012	297800	3602	705	1373	12338	6434
MIDN	7211	1285	56761	1293	237	467	3250	2132
CIRBP	7401	4600	93045	2388	567	1317	5086	3951
FAM174C	4764	560	63917	586	134	227	2803	1310
EFNA2	349	393	3558	171	34	85	198	339
PWWP3A	2577	591	22543	420	99	168	1447	826
NDUFS7	9773	2078	126467	1683	326	568	5166	2766
GAMT	2765	675	38657	663	120	260	1543	997
DAZAP1	11837	1479	127348	2103	365	621	6342	3397
RPS15	183354	43381	1951025	34588	6642	13250	102173	57047
APC2	11	105	164	24	14	22	5	76
C19orf25	2400	709	32746	573	115	194	1289	934
PCSK4	62	71	1387	19	8	20	49	61
REEP6	384	135	6321	89	22	40	213	166
ADAMTSL5	11	5	179	2	0	0	5	3
PLK5	41	3	276	4	1	2	9	11
MEX3D	1295	405	12948	327	79	144	827	600
MBD3	1358	617	15012	401	76	168	840	606
UQCR11	11485	3370	137106	2662	535	1007	6290	4575
TCF3	4041	1401	45327	1214	195	429	2511	1960
ONECUT3	3	4	38	2	0	0	3	5
ATP8B3	32	47	1260	33	0	3	44	40
REXO1	1248	235	14042	249	49	71	741	367
KLF16	867	78	8745	102	19	24	448	171
ABHD17A	876	764	11432	505	95	190	467	904
SCAMP4	1064	398	13476	379	59	105	643	487
ADAT3	192	16	3396	33	3	10	96	30
CSNK1G2	2750	774	35446	588	120	239	1573	958
BTBD2	426	591	10912	484	116	165	609	624
MKNK2	2016	435	23963	396	69	174	970	833
MOB3A	135	235	1841	123	24	49	61	149
IZUMO4	29	18	561	10	5	4	16	13
AP3D1	4096	821	58248	693	129	250	2360	1133
DOT1L	572	360	7497	239	60	88	365	436
PLEKHJ1	7158	1889	95199	1397	283	529	4122	2704
SF3A2	1684	745	27578	450	112	198	1043	880
AMH	52	17	1916	30	0	12	6	20
JSRP1	89	6	2219	9	2	8	25	19
OAZ1	47868	8013	596810	8265	1243	2774	22893	11983
PEAK3	1	10	3	5	1	3	0	34
LINGO3	18	48	209	6	4	4	9	14
LSM7	25306	5006	254168	4297	738	1464	11426	6495
SPPL2B	614	313	7324	146	30	79	411	273
TMPRSS9	25	36	437	38	7	10	12	84
TIMM13	26554	3168	311641	4128	579	1414	12741	5976
LMNB2	2862	830	36740	561	114	256	1520	1107
GADD45B	1075	117	7203	335	32	62	508	316
GNG7	310	434	4292	389	53	138	233	516
DIRAS1	152	82	1932	45	8	24	83	87
SLC39A3	1564	476	22293	409	65	136	885	564
SGTA	2069	479	28269	357	71	150	1033	663
THOP1	1649	364	16928	312	63	104	727	417
ZNF554	112	50	1578	63	13	20	96	66
ZNF555	253	88	3649	55	13	25	144	99
ZNF556	11	8	891	0	1	2	16	30
ZNF57	333	77	4694	71	14	22	206	113
ZNF77	220	102	1896	63	12	27	106	108
TLE6	26	8	370	4	1	7	11	17
TLE2	364	17	4000	31	9	23	145	156
TLE5	5481	1374	72102	880	208	354	2457	2079
GNA11	690	114	7420	109	16	61	264	166
GNA15	8	2	678	2	1	0	3	9
S1PR4	1	0	6	0	0	0	1	0
NCLN	1644	240	20253	287	46	90	769	459
CELF5	152	184	3470	125	20	72	235	229
NFIC	189	105	3067	68	14	40	170	135
SMIM24	458	19	12884	145	7	44	400	195
AC005551.1	0	0	1	0	0	0	0	0
DOHH	1247	200	17262	183	29	69	554	281
FZR1	493	178	6414	113	22	51	267	202
MFSD12	1085	256	20378	235	41	93	711	329
C19orf71	1	9	24	12	3	1	1	5
HMG20B	3778	812	47491	724	126	348	2068	1274
GIPC3	12	1	206	2	0	0	7	3
TBXA2R	41	3	364	4	1	2	14	7
CACTIN	394	105	6434	90	12	28	247	136
PIP5K1C	610	193	7962	190	30	69	356	285
TJP3	1178	32	7304	94	22	28	521	153
APBA3	299	83	5062	72	15	27	159	99
MRPL54	4717	1090	65949	995	190	353	2743	1361
RAX2	0	1	1	0	0	0	0	0
MATK	2228	32	23257	118	18	44	748	318
ZFR2	646	204	9857	330	55	109	480	352
ATCAY	1029	36	19852	158	17	67	390	311
NMRK2	5549	63	189402	756	42	74	2066	846
DAPK3	1599	641	26239	684	123	218	636	589
EEF2	51321	9205	749173	9505	1571	3830	30019	16160
PIAS4	1146	230	17449	235	31	94	679	412
ZBTB7A	1446	192	15638	331	58	88	615	398
MAP2K2	9482	2713	116540	2015	361	790	5332	3365
CREB3L3	2	3	35	1	0	0	1	1
SIRT6	646	227	9437	160	31	68	351	222
ANKRD24	71	12	1375	29	2	18	49	42
EBI3	41	2	971	12	1	1	19	8
YJU2	1202	294	17163	294	42	101	668	406
SHD	125	21	2139	22	6	7	63	28
TMIGD2	21	19	614	11	1	3	26	19
FSD1	1199	504	19103	415	73	160	842	508
STAP2	493	157	7111	211	37	77	360	253
MPND	693	362	9518	218	43	109	514	339
SH3GL1	1974	638	31228	462	79	152	995	676
CHAF1A	4742	1189	57999	1156	180	395	2637	1656
UBXN6	533	139	7794	114	28	41	325	196
HDGFL2	4560	1443	58184	1014	217	387	2595	1739
PLIN4	5	5	70	8	2	5	3	14
PLIN5	83	171	1550	49	5	35	45	55
LRG1	12	2	214	11	3	3	12	14
SEMA6B	979	133	11618	110	23	56	344	170
TNFAIP8L1	288	146	3016	119	17	46	176	113
MYDGF	5099	1579	95950	1185	201	444	3176	2042
DPP9	703	183	10142	165	23	59	365	312
FEM1A	819	90	9745	152	21	39	384	220
TICAM1	12	12	224	16	5	2	11	6
PLIN3	3220	1014	37669	836	118	256	1880	1183
ARRDC5	0	0	0	0	0	1	0	0
UHRF1	634	681	5311	426	96	170	305	669
KDM4B	966	827	11543	718	148	241	731	1042
PTPRS	260	2123	4500	1328	292	517	185	2406
ZNRF4	0	0	2	0	0	0	0	0
TINCR	88	67	849	71	14	24	21	62
SAFB2	3530	639	46454	594	107	214	1654	812
SAFB	4660	1708	58083	1383	222	492	2897	1871
RPL36	143310	24320	1501962	20300	3516	7532	80581	31264
MICOS13	4420	1113	42208	777	186	309	2460	1211
HSD11B1L	525	385	9504	129	39	91	399	312
LONP1	2947	480	41726	489	69	157	1450	824
CATSPERD	3	10	19	6	2	1	2	16
PRR22	50	6	1487	6	2	3	40	12
DUS3L	548	136	7552	138	28	38	319	168
NRTN	182	121	2123	33	5	22	110	87
FUT6	3	8	23	1	0	2	1	4
FUT3	0	9	5	1	0	1	1	4
FUT5	2	1	3	1	0	1	0	0
NDUFA11	9913	5295	118530	4037	731	1366	6063	6090
VMAC	110	76	1826	55	9	30	75	82
CAPS	18	20	687	16	3	5	19	21
RANBP3	1081	491	13596	341	62	126	669	554
RFX2	183	880	2204	245	84	185	140	494
ACSBG2	1	33	6	8	4	6	0	19
MLLT1	519	382	7628	197	48	87	291	284
ACER1	1	1	12	2	0	1	2	2
CLPP	4192	1021	55199	853	167	302	2152	1407
ALKBH7	8621	2455	110265	1945	391	834	5882	3459
PSPN	29	21	666	18	2	2	25	12
GTF2F1	2144	819	27426	534	106	213	1267	788
KHSRP	5091	1106	59400	1040	139	374	2517	1425
SLC25A41	36	19	521	5	2	3	20	12
SLC25A23	668	417	10515	307	57	98	303	389
CRB3	1258	28	19439	160	23	30	546	221
DENND1C	65	7	1576	13	2	5	55	29
TUBB4A	656	30	9989	105	9	25	212	95
TNFSF9	250	12	8813	25	2	12	57	45
CD70	126	19	5784	11	0	10	34	33
TNFSF14	2	0	15	3	0	0	0	6
C3	39	8	1006	22	5	4	32	32
GPR108	908	198	14827	194	43	47	332	300
TRIP10	1434	190	18461	268	38	80	692	350
SH2D3A	710	24	8505	100	8	35	315	134
VAV1	134	2	4125	53	2	10	60	22
ADGRE1	5	2	16	0	1	1	0	1
MBD3L2B	12	0	4	0	0	0	0	0
MBD3L5	0	0	0	0	0	0	0	0
MBD3L4	0	0	0	0	0	0	0	0
MBD3L2	4	1	10	0	0	0	0	0
MBD3L3	5	0	3	0	0	0	0	0
ZNF557	333	121	3786	139	27	46	194	163
INSR	1151	444	14351	598	116	191	702	766
AC119396.1	0	14	0	5	3	3	0	13
ARHGEF18	389	309	4910	325	63	113	191	430
PEX11G	75	73	1799	41	12	18	37	76
TEX45	6	11	246	9	3	6	11	11
ZNF358	982	561	16793	399	78	174	717	565
MCOLN1	548	154	7499	162	29	41	310	187
PNPLA6	984	161	16280	200	33	64	589	258
CAMSAP3	369	79	5890	116	20	33	201	157
XAB2	1311	281	15871	238	47	88	709	332
PET100	2676	1788	28586	1167	236	475	1488	1785
PCP2	20	0	277	2	0	0	9	3
STXBP2	1098	122	16995	264	37	60	612	290
RETN	0	0	19	0	0	0	0	0
MCEMP1	2	0	42	1	0	0	0	0
TRAPPC5	124	2950	2316	2613	472	782	88	3838
FCER2	17	0	187	0	0	0	2	0
CLEC4G	122	0	1673	19	0	3	33	13
CD209	0	0	6	0	0	0	0	0
CLEC4M	0	0	5	0	0	0	0	0
EVI5L	251	115	7842	83	21	35	167	106
PRR36	268	231	4352	150	32	57	311	221
LRRC8E	101	4	1206	17	1	9	28	21
MAP2K7	1129	260	15270	179	48	62	698	385
TGFBR3L	187	25	4502	38	3	16	126	99
SNAPC2	941	279	15711	182	31	96	634	367
CTXN1	1691	1749	14025	658	202	341	909	1107
TIMM44	3186	545	44599	621	87	168	1408	771
ELAVL1	6942	2255	76255	1700	370	628	3731	2812
CCL25	2	5	113	2	0	3	7	6
FBN3	281	269	6803	320	75	95	212	695
CERS4	3107	528	46589	796	165	196	1601	1452
CD320	4313	978	63777	808	129	287	3076	1848
NDUFA7	812	2308	11072	1955	385	661	448	2737
RPS28	102439	28877	985090	27706	5179	10081	57352	43686
KANK3	163	19	2855	42	4	14	90	97
ANGPTL4	210	55	2465	74	6	42	121	125
RAB11B	1819	745	31374	504	83	194	1195	808
MARCH2	569	224	7530	222	37	88	307	304
HNRNPM	26134	5371	294540	5629	853	2011	15624	9023
PRAM1	13	9	87	11	7	9	3	19
ZNF414	1267	321	15517	228	49	95	720	388
MYO1F	87	125	1292	80	5	24	63	79
ADAMTS10	51	94	983	147	30	20	61	125
LINC01862	0	5	1	2	0	0	0	0
ACTL9	0	0	1	1	0	0	0	0
OR2Z1	0	0	0	1	0	0	0	0
ZNF558	54	5	2455	63	9	12	77	4
MBD3L1	0	0	0	1	0	1	1	1
MUC16	37	11	265	20	11	26	8	23
OR1M1	0	3	0	0	0	0	0	0
OR7G2	0	1	0	0	0	0	0	1
OR7G1	0	0	0	0	0	0	0	0
OR7G3	0	0	0	0	0	0	0	0
ZNF317	415	161	5299	170	35	58	207	210
OR7D2	1	0	5	6	1	0	4	0
OR7D4	0	0	0	0	0	0	2	0
OR7E24	0	0	0	0	0	0	0	0
ZNF699	198	111	1453	54	11	19	71	107
ZNF559	504	359	7759	220	28	57	425	425
ZNF177	12	102	115	84	11	15	6	115
ZNF266	227	245	2539	132	21	68	148	191
ZNF560	377	23	3335	1	5	38	91	232
ZNF426	1716	408	16591	351	53	123	809	470
ZNF121	3060	641	35057	744	140	250	1358	1343
ZNF561	1409	442	14480	346	59	127	622	520
ZNF562	658	381	10874	401	89	136	424	415
ZNF846	182	336	2649	158	51	90	161	293
FBXL12	1407	409	17628	293	77	112	722	441
UBL5	25642	6188	290272	5139	981	1743	13692	8318
PIN1	6294	2209	86710	1476	299	558	3471	2432
OLFM2	3093	386	75152	960	188	292	2404	1083
COL5A3	172	15	1939	42	9	14	102	39
RDH8	4	3	2219	2	0	0	12	6
SHFL	534	16	10511	83	6	10	261	99
ANGPTL6	20	3	318	6	0	0	5	2
PPAN	2528	416	31709	467	77	162	1196	717
P2RY11	24	16	461	28	2	8	10	28
EIF3G	14854	2916	181450	2687	451	897	7821	4153
DNMT1	7581	2386	87832	1783	281	651	4545	2673
S1PR2	250	64	2689	46	16	24	138	92
MRPL4	8098	1138	107274	1324	216	356	3777	1881
ICAM1	56	13	1343	27	3	7	57	36
ICAM4	32	2	473	8	1	5	31	12
ICAM5	9	2	118	1	1	1	7	3
ZGLP1	27	10	799	9	0	6	19	9
FDX2	407	502	6301	351	51	151	232	627
RAVER1	50	361	789	270	44	121	30	440
ICAM3	803	86	11447	153	13	39	549	304
TYK2	450	116	8910	138	34	53	358	278
CDC37	5761	1338	83512	1157	218	481	3279	1983
PDE4A	261	71	3574	71	5	20	127	102
KEAP1	1970	319	27553	315	57	90	799	498
S1PR5	47	1	972	4	0	5	16	6
ATG4D	1274	264	21464	271	40	73	718	379
KRI1	969	239	14106	176	31	86	643	321
CDKN2D	366	285	4839	96	25	50	161	203
AP1M2	5187	111	69892	949	132	238	3076	1324
SLC44A2	541	574	7440	372	70	172	543	437
ILF3	11228	4156	134733	2958	547	1198	6860	4633
QTRT1	1553	524	22331	337	44	155	911	655
DNM2	1221	659	18412	546	121	181	690	816
TMED1	1601	766	28081	477	91	219	1145	778
C19orf38	1	10	73	11	4	4	4	19
CARM1	2803	535	36150	569	111	231	1590	970
YIPF2	1688	363	24445	330	63	113	1017	536
TIMM29	2172	362	21677	430	58	124	982	604
SMARCA4	7719	2768	96325	1858	425	694	4767	3485
LDLR	2056	518	14054	642	135	149	899	667
SPC24	1036	454	13408	291	56	98	690	458
KANK2	603	172	7137	236	24	55	434	259
DOCK6	325	205	5201	182	36	43	242	284
ANGPTL8	2	0	13	0	0	0	0	4
TSPAN16	0	8	5	5	1	0	0	3
RAB3D	274	75	2880	85	9	25	120	118
TMEM205	3319	649	49693	693	105	240	1980	1005
CCDC159	68	86	1065	41	11	20	39	63
PLPPR2	152	32	2289	41	10	16	76	40
SWSAP1	476	98	7137	96	15	41	280	146
EPOR	569	112	9753	116	19	31	317	169
RGL3	344	47	6027	240	45	67	285	348
CCDC151	815	50	12125	133	33	46	628	246
PRKCSH	3792	967	53696	707	135	239	2350	1182
ELAVL3	539	91	2633	73	21	28	65	117
ZNF653	81	72	1229	61	4	26	63	65
ECSIT	1882	530	29865	367	62	122	939	647
CNN1	483	45	9197	106	10	20	143	90
ELOF1	3420	667	47849	679	100	221	1784	955
ZNF627	263	410	2850	243	48	89	188	250
ACP5	464	6	10062	58	5	14	222	93
ZNF823	137	174	1226	110	21	40	82	128
ZNF441	28	160	225	34	10	20	30	74
ZNF491	4	103	87	23	10	22	7	39
ZNF440	79	171	659	100	20	36	37	158
ZNF439	142	263	1478	4	17	40	95	195
ZNF69	202	535	1606	244	93	156	150	579
ZNF700	155	213	1575	215	46	75	103	281
ZNF763	20	67	349	27	5	18	31	70
ZNF433	66	186	590	107	42	63	43	145
ZNF878	221	56	2662	91	26	38	193	194
ZNF844	369	338	1985	183	43	61	130	355
ZNF20	36	269	414	129	36	51	37	254
ZNF625	525	745	5124	393	106	217	332	606
ZNF136	434	239	3782	125	29	59	232	235
ZNF44	682	336	7747	183	57	101	242	564
ZNF563	249	78	3143	52	8	17	186	116
ZNF442	102	152	995	39	19	18	70	106
ZNF799	165	81	1606	42	10	16	86	77
ZNF443	192	75	1529	64	8	26	142	94
ZNF709	19	566	180	273	46	106	14	391
ZNF564	126	249	990	143	24	47	54	184
ZNF490	178	231	1446	127	35	53	76	218
ZNF791	1772	535	15266	355	59	122	778	542
MAN2B1	133	207	1218	209	42	76	62	277
WDR83	1005	369	13137	204	42	108	466	360
WDR83OS	79	3674	1111	2401	510	1005	53	3686
DHPS	691	970	8215	610	137	264	420	1071
GNG14	2	0	5	0	0	0	0	1
FBXW9	389	335	6012	138	39	76	260	299
TNPO2	1079	400	12416	324	69	103	615	563
TRIR	12258	3625	174302	2647	524	980	7134	4275
GET3	4788	974	66639	936	147	348	2743	1571
BEST2	33	0	734	2	1	4	36	16
HOOK2	2754	377	35086	659	102	207	1503	830
JUNB	898	372	8465	364	30	61	342	154
PRDX2	25398	12713	337997	7804	1731	3199	17478	12709
THSD8	4	13	9	2	1	3	0	3
RNASEH2A	307	118	4430	86	19	28	235	127
RTBDN	54	1	1673	12	2	1	35	11
MAST1	280	102	3258	132	25	40	193	146
DNASE2	1186	247	22139	316	44	105	744	468
KLF1	19	0	275	2	0	5	15	7
GCDH	2354	522	27214	376	61	151	1128	714
SYCE2	41	98	1250	50	15	26	59	95
FARSA	3596	491	55598	558	85	167	1811	862
CALR	46774	7259	562282	6173	1100	2399	24002	12355
RAD23A	6580	1749	84079	1431	241	540	4000	2253
GADD45GIP1	21055	3486	247685	3637	602	1245	11837	5680
DAND5	7	3	43	5	0	0	2	5
NFIX	95	5	475	7	7	3	30	20
LYL1	53	10	473	8	0	0	21	17
TRMT1	2072	325	28089	317	54	112	1132	491
NACC1	2838	285	30026	502	78	163	1372	703
STX10	1345	412	19349	297	83	104	675	448
IER2	12706	3041	91124	3764	554	941	7094	2715
CACNA1A	1083	544	8255	759	172	254	495	1594
CCDC130	806	481	9520	278	68	124	382	388
MRI1	541	170	6569	97	24	49	222	160
C19orf53	16440	3379	157226	3043	520	1078	7994	4416
ZSWIM4	401	248	4593	244	39	72	222	295
NANOS3	5	13	85	12	4	7	7	11
C19orf57	88	55	1597	25	10	12	64	53
CC2D1A	578	146	7499	142	19	38	259	168
PODNL1	19	11	182	10	3	5	19	30
DCAF15	1734	516	24342	407	83	183	963	725
RFX1	1385	221	12585	233	37	72	545	337
RLN3	0	0	4	0	0	0	0	1
IL27RA	431	42	3548	57	9	15	186	78
PALM3	928	36	7642	105	13	39	297	123
MISP3	92	78	1293	23	6	6	51	43
C19orf67	20	2	438	4	0	2	12	5
SAMD1	2564	525	21947	529	102	189	1568	770
PRKACA	442	362	7175	220	34	104	311	359
ASF1B	885	520	14545	299	56	112	555	528
ADGRL1	1189	498	16604	470	67	161	842	675
ADGRE5	138	28	1109	26	8	10	66	29
DDX39A	9539	1210	135588	1206	210	334	4028	1939
PKN1	3660	820	57040	727	122	245	2141	1030
PTGER1	34	5	560	6	2	1	28	1
GIPC1	3104	822	51262	785	127	271	1492	972
DNAJB1	2764	515	29046	587	75	188	1198	822
TECR	4046	2275	70415	1620	326	627	2580	2787
NDUFB7	15419	3053	205893	2674	486	1022	8484	4383
CLEC17A	0	2	6	0	0	0	1	1
ADGRE3	0	11	1	6	0	1	0	8
ZNF333	101	246	1853	134	40	47	125	149
ADGRE2	19	14	639	38	7	7	27	23
OR7C1	1	0	11	1	0	1	1	0
OR7A5	0	0	0	0	0	0	0	0
OR7A10	0	0	0	0	0	0	0	0
OR7A17	0	0	3	0	0	1	1	0
OR7C2	0	0	0	0	0	0	0	0
SLC1A6	715	233	12736	181	44	102	503	188
CCDC105	0	4	6	1	0	1	0	0
CASP14	0	0	0	0	0	0	0	0
OR1I1	0	1	3	0	1	0	0	1
SYDE1	313	59	3749	46	8	29	114	58
ILVBL	1052	371	19096	254	44	90	697	452
NOTCH3	1575	675	17301	485	120	218	799	732
EPHX3	1100	60	15269	122	20	48	492	246
BRD4	5356	2048	61271	1598	272	581	3034	2534
AKAP8	1716	393	17497	395	64	139	798	558
AKAP8L	2344	1322	31896	896	197	343	1355	1310
WIZ	857	279	12063	180	37	85	536	292
RASAL3	34	2	2099	3	0	5	5	7
PGLYRP2	8	2	374	2	0	1	0	1
CYP4F22	9	3	693	0	0	2	1	4
CYP4F8	0	0	8	0	0	0	0	0
CYP4F3	0	0	4	0	0	0	0	0
CYP4F12	0	0	0	0	0	0	0	0
OR10H2	0	0	0	0	0	0	0	0
OR10H3	0	0	0	0	0	0	0	0
OR10H5	0	0	1	0	0	0	0	0
OR10H1	2	0	12	1	0	0	0	0
CYP4F2	0	0	0	0	0	0	0	0
CYP4F11	0	1	0	0	0	0	0	0
OR10H4	0	0	0	0	0	0	0	0
TPM4	17210	4121	209508	4965	863	1539	8183	6035
RAB8A	3910	1091	44895	872	158	336	1956	1440
HSH2D	23	12	605	27	2	7	26	26
CIB3	1	1	45	0	0	0	2	1
FAM32A	3577	1075	55908	955	187	361	2061	1435
AP1M1	465	514	10013	208	53	97	325	386
KLF2	251	6	4086	22	0	7	52	37
EPS15L1	784	611	9330	444	98	148	396	722
CALR3	1	13	25	6	1	3	3	8
C19orf44	100	90	1229	48	7	13	79	55
CHERP	1553	371	18109	338	53	103	782	530
SLC35E1	989	275	11719	248	54	118	687	377
MED26	432	130	4728	170	24	49	200	234
SMIM7	3882	1663	50833	1140	172	465	2399	1707
TMEM38A	525	122	9023	223	30	52	289	284
NWD1	1	11	11	3	1	2	0	10
SIN3B	1769	390	17295	444	96	149	848	593
F2RL3	0	5	4	1	0	0	1	1
CPAMD8	70	179	1335	110	28	54	52	175
HAUS8	1095	420	12166	241	67	105	562	490
MYO9B	748	714	8978	438	121	140	410	891
USE1	989	418	17256	282	54	87	576	371
OCEL1	1947	201	21526	210	48	60	811	399
NR2F6	8991	1597	113835	1779	306	504	4776	3019
USHBP1	68	99	1019	52	13	23	43	103
BABAM1	4678	948	63945	908	157	325	2302	1569
ANKLE1	422	30	4901	22	9	16	136	117
ABHD8	178	335	4224	232	33	69	172	309
MRPL34	9882	1503	146053	1568	236	480	4604	2300
DDA1	2543	598	29434	440	73	190	1190	803
ANO8	207	69	2464	68	13	29	154	92
GTPBP3	1944	293	23551	297	60	109	1095	570
PLVAP	3	2	37	5	0	1	2	5
CCDC194	6	5	7	1	2	2	1	12
BST2	9856	827	51885	1848	381	859	5063	4372
MVB12A	1414	829	20088	583	108	215	1078	903
TMEM221	11	19	258	23	12	6	19	25
NXNL1	0	2	0	0	0	1	0	0
SLC27A1	101	136	2306	103	18	38	92	129
PGLS	5531	2929	91718	2001	383	833	3432	2999
NIBAN3	2	4	54	5	1	1	3	12
COLGALT1	373	295	7139	143	30	61	376	306
UNC13A	578	42	7947	288	31	59	276	407
MAP1S	1833	311	23710	390	65	126	821	465
FCHO1	552	146	10681	127	22	46	240	163
B3GNT3	11	0	224	4	0	1	15	6
INSL3	22	7	778	12	1	12	28	14
JAK3	79	42	2819	34	10	14	84	60
RPL18A	204606	50180	2560959	44854	7597	15044	139635	68428
SLC5A5	50	2	594	6	0	3	16	15
CCDC124	4279	1643	58092	1200	204	424	2286	1880
KCNN1	402	64	3075	141	27	36	119	175
ARRDC2	199	16	1788	27	10	5	93	42
IL12RB1	0	1	4	1	0	0	0	0
MAST3	146	97	1854	55	13	21	97	106
PIK3R2	41	230	625	234	47	77	24	360
IFI30	28	37	1136	146	13	57	23	294
MPV17L2	1532	234	24741	240	50	90	742	451
RAB3A	620	55	10584	56	11	28	304	105
PDE4C	3	20	54	34	8	13	0	50
AC008397.1	10	0	242	4	0	1	9	9
IQCN	4	37	87	20	7	11	4	47
JUND	12335	3904	109740	2879	531	940	4600	3978
LSM4	21413	6499	278294	4711	1051	1936	14318	8650
PGPEP1	962	116	8261	157	31	71	357	359
GDF15	881	131	9024	137	10	44	191	467
LRRC25	9	3	112	2	0	0	5	2
SSBP4	2695	1574	35678	720	181	324	1148	1294
ISYNA1	5274	2893	72423	1409	246	647	2405	2860
ELL	425	91	4427	130	23	47	178	176
FKBP8	9416	2071	143076	2066	378	730	5622	3603
KXD1	3862	640	65552	632	132	249	2336	1114
UBA52	116529	18434	1087301	15538	2944	6020	54840	29001
CRLF1	2325	104	17581	86	36	33	761	427
REX1BD	7089	1781	95538	1530	256	550	4989	2449
TMEM59L	1012	69	19963	61	10	29	439	200
KLHL26	141	64	1779	43	4	18	87	89
CRTC1	279	432	4484	303	71	111	174	457
COMP	19	3	319	1	0	1	7	3
UPF1	1274	317	14400	298	48	107	702	454
CERS1	686	128	12567	112	20	44	503	218
GDF1	0	0	3	0	0	0	0	0
COPE	12056	3549	162655	2867	567	1053	6848	4742
DDX49	1963	425	23094	380	51	128	992	489
HOMER3	1318	838	22985	530	101	199	843	868
SUGP2	3300	1261	51104	964	203	344	1783	1458
ARMC6	1796	338	24575	361	38	95	817	596
SLC25A42	229	132	3663	101	21	33	178	170
TMEM161A	1076	476	15393	356	62	137	744	474
MEF2B	3	129	89	87	15	33	0	146
BORCS8	1386	252	17896	256	37	61	617	348
RFXANK	2625	701	38407	554	107	186	1277	772
NR2C2AP	959	155	11238	179	27	51	663	336
NCAN	24	14	707	21	4	15	26	18
HAPLN4	62	17	3252	40	6	4	50	21
TM6SF2	23	35	865	16	7	16	17	35
SUGP1	854	327	8985	306	40	98	369	353
MAU2	635	383	7984	286	68	108	393	467
GATAD2A	2978	1206	34297	1261	201	379	1556	1806
TSSK6	4	18	56	10	3	1	3	21
NDUFA13	6448	10136	87589	8412	1602	2925	3756	13635
YJEFN3	197	92	2929	61	10	22	128	123
CILP2	124	11	2374	20	3	6	67	47
PBX4	84	262	1180	95	33	38	45	145
LPAR2	901	179	11861	168	34	69	565	272
GMIP	423	45	4138	64	15	16	204	97
ATP13A1	864	124	12375	157	26	43	459	174
ZNF101	744	153	7396	159	47	54	358	244
ZNF14	320	229	2773	109	26	58	147	231
ZNF506	553	508	6232	343	58	151	149	492
ZNF253	1101	1140	10373	714	144	254	520	891
ZNF93	2018	985	24338	1049	205	314	1138	1301
ZNF682	1561	998	13534	605	148	273	667	1065
ZNF90	3798	769	38335	1255	245	470	1963	2403
ZNF486	1020	322	7410	340	71	109	438	631
ZNF737	660	361	5146	271	59	97	337	340
ZNF626	2009	911	15107	728	148	347	954	1261
ZNF66	379	684	3404	632	97	222	198	664
ZNF85	61	668	723	466	77	195	20	631
ZNF430	1229	481	12047	433	79	121	497	551
ZNF714	2614	1569	31396	1226	155	438	1142	1575
ZNF431	1895	869	20512	771	118	296	988	1012
ZNF708	655	1192	7601	727	165	299	378	985
ZNF738	5914	1580	52976	1164	234	508	2900	2168
ZNF493	882	453	8515	279	66	110	282	437
ZNF429	792	511	7605	346	76	136	233	501
ZNF100	199	648	1633	493	104	207	83	751
ZNF43	316	1804	3617	1095	238	405	214	1641
ZNF208	383	1071	9773	10	1	4	66	40
ZNF257	40	313	7	6	0	0	13	9
ZNF676	15	4	2	544	0	0	0	0
ZNF729	46	1	4	0	0	0	6	0
ZNF98	482	5	6	8	1	3	139	17
ZNF492	1358	4	58	3	0	10	183	31
ZNF99	402	2	9	1	2	1	81	8
ZNF723	120	1	18	1	0	0	13	9
ZNF728	67	3	2527	0	0	2	8	27
ZNF730	612	1475	5941	1127	213	418	383	1660
ZNF724	1090	513	10389	544	94	196	526	770
ZNF91	1608	1209	15113	749	181	341	821	1290
ZNF675	2372	658	26427	365	172	198	1005	1294
ZNF681	937	307	9806	165	60	103	423	469
ZNF726	25	386	1821	82	1	78	7	323
ZNF254	1257	1493	13490	836	158	365	704	1343
UQCRFS1	7483	3108	159252	2979	517	895	6851	4265
VSTM2B	52	15	1049	24	2	16	158	75
POP4	1494	470	16939	304	59	114	910	524
PLEKHF1	379	28	5812	46	8	23	190	88
C19orf12	807	414	8338	258	58	124	485	436
CCNE1	3704	261	32081	388	50	104	1409	652
URI1	5010	2421	49531	1885	396	722	3433	2722
ZNF536	23	497	144	89	26	84	7	163
TSHZ3	425	79	5550	207	71	42	244	906
ZNF507	769	446	7481	313	67	107	418	451
DPY19L3	460	825	5699	505	112	159	299	867
PDCD5	10951	3246	147100	2423	459	873	6479	3702
ANKRD27	582	290	6956	231	73	92	325	394
RGS9BP	2	2	80	0	0	2	1	1
NUDT19	100	58	1314	52	13	18	72	71
TDRD12	156	10	2932	22	3	7	131	34
SLC7A9	0	22	27	10	1	2	1	10
CEP89	472	733	8812	336	91	152	413	567
FAAP24	295	113	4960	86	20	31	191	156
RHPN2	357	232	4904	277	55	76	250	342
GPATCH1	586	221	6337	189	33	69	272	273
WDR88	0	29	2	23	8	6	1	23
LRP3	825	74	8982	33	6	17	493	60
SLC7A10	72	4	1365	19	5	4	41	40
CEBPA	175	11	1463	29	7	17	76	29
CEBPG	1463	661	18571	526	99	207	914	830
PEPD	3909	845	60362	892	105	279	1895	1307
CHST8	775	32	10463	194	53	56	428	629
KCTD15	446	250	3831	200	36	57	298	224
LSM14A	1851	3430	19203	2507	496	920	1445	3578
KIAA0355	144	561	1917	454	78	165	116	692
GPI	7523	1259	94650	1518	302	656	4489	2845
PDCD2L	2144	282	24877	276	59	103	1078	549
UBA2	8910	3274	102618	2623	493	966	6093	4029
WTIP	429	297	5688	155	30	63	223	275
SCGB2B2	0	284	7	112	26	83	0	347
ZNF302	1124	899	16689	511	112	228	668	791
ZNF181	363	138	4661	86	20	41	221	137
ZNF599	121	127	1981	47	11	20	81	99
ZNF30	156	116	1714	56	18	24	98	106
ZNF792	144	24	1601	12	4	9	56	36
GRAMD1A	3388	424	50796	527	118	144	1775	931
SCN1B	411	19	5128	45	9	11	113	74
HPN	235	37	5013	268	40	73	275	305
FXYD3	141	7	426	20	9	14	62	49
LGI4	70	29	1396	35	7	19	72	35
FXYD1	1186	120	18176	148	43	64	472	185
FXYD7	826	45	19619	134	18	43	272	227
FXYD5	8292	225	153815	1031	124	239	4120	1643
FAM187B	0	0	28	0	0	0	1	0
LSR	3489	409	57464	561	84	209	1809	930
USF2	2207	542	36937	537	112	194	1359	775
HAMP	0	0	17	1	0	1	1	1
MAG	3	0	109	1	1	1	3	0
CD22	3	4	16	3	0	0	0	3
FFAR1	0	0	2	0	0	0	1	0
FFAR3	1	0	2	0	0	0	0	0
GPR42	0	0	0	0	0	0	0	0
FFAR2	0	0	5	0	0	0	1	0
KRTDAP	22	6	339	14	2	10	32	39
DMKN	9921	596	137205	1976	211	590	6625	2515
SBSN	1	1	51	1	0	0	1	2
GAPDHS	8	0	189	0	0	1	8	4
TMEM147	10603	2035	146691	1893	305	646	6227	2580
ATP4A	4	15	247	12	3	1	5	16
PMIS2	0	0	16	0	0	0	0	0
HAUS5	393	300	6039	161	26	57	279	232
RBM42	3085	738	44735	654	95	220	1712	991
ETV2	27	45	923	25	9	7	36	51
COX6B1	29074	5618	355294	5372	1016	1777	17268	8861
UPK1A	144	10	5794	42	12	22	145	64
ZBTB32	5	18	138	12	6	5	4	16
KMT2B	2018	330	22788	289	59	131	1178	467
IGFLR1	38	116	788	100	24	45	25	166
U2AF1L4	727	191	11854	175	29	62	342	223
PSENEN	3309	1135	40717	967	165	370	1932	1278
LIN37	24	125	355	112	18	33	11	154
HSPB6	39	32	936	28	5	3	26	21
PROSER3	204	220	2745	80	21	37	140	132
ARHGAP33	440	180	6948	92	25	37	242	177
PRODH2	1	0	18	3	1	0	3	2
NPHS1	18	71	298	46	10	32	7	89
KIRREL2	64	142	1796	51	21	28	51	84
APLP1	193	856	6833	236	67	163	130	483
NFKBID	241	48	5839	50	6	12	93	70
HCST	48	1	1414	12	1	2	46	17
TYROBP	2	1	130	1	0	0	9	15
LRFN3	212	87	3281	70	16	28	144	74
SDHAF1	1369	295	18459	226	45	101	794	423
SYNE4	855	44	19234	326	34	78	788	283
ALKBH6	318	99	5665	75	10	36	182	156
CLIP3	215	353	4519	138	35	90	134	262
THAP8	455	162	8179	130	28	50	296	219
WDR62	898	388	13375	230	32	73	419	482
OVOL3	0	5	84	2	1	1	4	2
POLR2I	12318	3115	139952	2422	443	828	7106	3829
TBCB	8135	2318	127687	1764	350	725	4703	3248
CAPNS1	4620	999	69900	934	156	310	2442	1472
COX7A1	216	7	2256	19	0	3	61	18
ZNF565	96	606	1173	342	101	151	53	479
ZNF146	3794	1290	46423	1026	207	417	1980	1672
ZFP14	693	536	6791	251	75	120	405	496
ZFP82	827	593	10759	399	70	130	603	517
ZNF566	804	413	5894	298	65	81	481	496
ZNF260	1005	627	8199	409	78	158	581	608
ZNF529	393	236	4790	298	38	100	269	347
ZNF382	153	43	2797	55	7	24	86	68
ZNF461	162	157	1659	78	24	36	85	144
ZNF567	1224	432	11499	361	72	124	688	559
ZNF850	1278	331	14097	486	95	138	604	912
ZNF790	305	264	3173	206	27	49	170	289
ZNF345	213	328	2358	171	40	101	105	297
ZNF829	203	116	2463	70	1	22	89	124
ZNF568	392	412	4926	178	11	81	273	323
ZNF420	391	250	5493	154	38	56	176	417
ZNF585A	236	416	4521	293	68	67	174	542
ZNF585B	178	159	2220	170	27	40	78	234
ZNF383	200	140	2041	102	19	41	126	158
ZNF875	1037	587	16130	523	82	176	412	863
ZNF527	176	73	1531	48	6	20	62	71
ZNF569	422	395	5287	173	46	81	277	326
ZNF570	219	128	2258	62	13	37	119	111
ZNF793	825	339	8320	231	71	85	520	363
ZNF540	16	41	143	16	8	8	6	35
ZNF571	240	132	2444	87	16	26	121	139
ZFP30	175	508	1609	183	64	70	54	329
ZNF781	15	67	203	26	4	8	20	26
ZNF607	261	182	2729	133	23	41	134	199
ZNF573	250	249	3413	158	35	61	173	223
WDR87	1	2	19	2	0	1	0	5
SIPA1L3	282	1112	3434	954	184	323	141	1416
DPF1	949	71	8789	154	18	33	203	109
SPINT2	16710	1777	230948	3069	529	1141	9228	4655
PPP1R14A	3813	160	37520	379	87	142	1435	626
YIF1B	2537	538	41475	458	67	203	1496	791
C19orf33	1310	26	19086	181	24	116	464	116
KCNK6	1004	23	11100	73	14	31	464	158
CATSPERG	16	62	404	51	7	24	8	68
PSMD8	17709	3741	222629	3130	541	1125	8178	5068
GGN	14	9	183	3	1	4	7	8
SPRED3	124	41	1580	60	6	17	59	52
FAM98C	318	80	4519	72	14	32	185	124
RASGRP4	87	4	1654	10	0	4	48	33
RYR1	289	144	2029	225	40	65	140	248
MAP4K1	370	32	5604	139	17	52	319	181
EIF3K	42587	5963	441765	9134	1355	2535	26117	12730
ACTN4	5343	987	59773	1374	233	446	2459	1569
CAPN12	286	21	2607	79	1	20	231	103
LGALS7	96	3	4	0	0	0	0	0
LGALS7B	107	2	1057	3	1	6	35	5
LGALS4	2	3	83	3	2	0	2	2
ECH1	5882	1540	91167	1210	280	463	3194	1885
HNRNPL	4249	1577	49072	1407	270	600	2512	2669
RINL	560	79	5152	99	15	14	383	158
SIRT2	259	156	3480	142	36	54	133	143
NFKBIB	1763	322	27481	333	50	97	997	394
CCER2	6	9	193	8	1	6	4	14
SARS2	579	292	8543	218	48	101	359	450
MRPS12	9417	879	105755	1198	205	375	4255	2012
FBXO17	920	606	22349	617	129	197	748	648
FBXO27	277	65	5908	116	22	43	152	129
ACP7	1	0	39	2	0	0	0	1
PAK4	918	407	13085	314	57	119	484	416
NCCRP1	99	9	1992	12	3	3	37	30
SYCN	0	0	2	0	0	0	0	0
IFNL3	0	0	2	0	0	0	0	0
IFNL2	0	0	0	0	0	0	0	0
IFNL1	0	0	1	0	0	0	0	0
LRFN1	201	43	3589	59	6	10	99	53
GMFG	19	21	604	23	1	4	20	20
SAMD4B	2805	851	36483	677	113	268	1514	970
PAF1	983	373	14793	224	56	97	460	363
MED29	1442	569	18335	434	74	154	720	589
ZFP36	549	72	6245	144	19	39	249	81
PLEKHG2	464	193	5453	162	33	71	240	212
RPS16	213472	37299	1954765	31426	5696	11805	120405	57240
SUPT5H	2855	595	31511	558	97	177	1368	728
TIMM50	5002	682	68963	797	128	256	2477	1379
DLL3	790	181	10543	210	37	40	437	242
SELENOV	326	87	5580	132	14	25	203	187
EID2B	208	238	3778	82	23	42	116	135
EID2	1238	620	22238	440	78	144	708	599
LGALS13	1	0	24	0	0	0	0	0
LGALS16	2	0	9	0	0	0	0	1
LGALS14	0	0	164	0	0	0	0	0
CLC	4	2	850	2	0	0	2	0
LEUTX	7	0	4	1	0	0	0	0
DYRK1B	179	162	3507	79	24	43	121	132
FBL	13656	2413	171563	2521	433	941	8046	4192
FCGBP	47	18	621	16	0	5	39	20
PSMC4	12461	1595	130549	1478	230	553	5215	2335
ZNF546	30	138	814	53	12	23	27	93
ZNF780B	305	426	2661	284	53	90	127	371
ZNF780A	283	181	3608	86	16	34	144	132
MAP3K10	157	142	2681	94	30	47	126	162
TTC9B	44	9	573	3	1	1	23	11
CNTD2	67	8	986	21	1	5	43	22
AKT2	1019	407	14698	341	63	112	557	510
C19orf47	211	59	4042	38	12	18	103	76
PLD3	4848	1453	75820	1425	240	454	2248	1629
HIPK4	4	7	93	17	2	3	0	38
PRX	125	38	1292	53	9	11	100	56
SERTAD1	806	147	8029	196	19	66	317	256
SERTAD3	1408	321	19552	411	48	124	808	381
BLVRB	6476	699	110983	1293	158	422	2881	1474
SPTBN4	86	36	2297	58	9	8	79	58
SHKBP1	1189	299	22000	324	55	94	774	478
LTBP4	481	638	11108	272	45	115	467	425
NUMBL	445	107	4952	102	17	42	206	132
COQ8B	915	439	10843	214	50	95	528	389
ITPKC	225	90	2556	177	16	47	94	74
C19orf54	332	171	5333	80	23	54	212	199
SNRPA	6455	1999	84076	1501	296	580	3740	2354
MIA	2	13	60	5	1	3	4	17
RAB4B	18	270	315	263	43	82	18	425
EGLN2	48	504	606	503	61	178	20	796
CYP2A6	1	1	120	1	0	1	4	4
CYP2A7	3	0	36	2	0	1	1	0
CYP2B6	216	4	1725	38	1	0	60	38
CYP2A13	8	0	184	7	1	3	7	7
CYP2F1	2	1	124	0	0	1	10	2
CYP2S1	3182	65	48727	412	51	119	1815	747
AXL	449	255	6032	122	21	62	299	212
HNRNPUL1	5118	1498	63337	1109	235	435	3004	1977
TGFB1	1487	299	11761	240	43	54	399	321
CCDC97	566	240	7968	196	35	71	307	337
TMEM91	622	513	6896	205	47	92	288	287
B9D2	274	225	3784	80	32	47	186	149
EXOSC5	2901	395	41924	516	100	151	1846	937
BCKDHA	17	412	158	303	61	107	8	525
B3GNT8	53	15	355	26	4	7	30	18
DMAC2	2537	708	34391	433	88	195	1321	913
ERICH4	2	2	33	0	0	0	0	2
CEACAM21	0	31	3	4	1	0	0	12
CEACAM4	0	0	0	0	0	0	0	0
CEACAM7	1	0	7	0	1	0	0	0
CEACAM5	0	3	2	0	0	0	0	0
CEACAM6	2	0	15	0	0	0	0	2
CEACAM3	0	0	0	0	0	0	0	1
LYPD4	0	0	5	0	0	0	0	0
DMRTC2	0	2	10	3	1	0	0	0
RPS19	353901	75649	3570906	63979	10864	23598	189641	106404
CD79A	11	7	321	6	0	0	8	8
ARHGEF1	609	123	7532	149	26	55	360	208
ERFL	0	5	16	3	0	0	2	5
RABAC1	12416	2892	174322	2669	451	1092	6409	4056
ATP1A3	369	36	7915	39	10	28	149	96
GRIK5	239	239	4573	256	53	70	206	348
ZNF574	861	144	11260	155	25	54	431	266
POU2F2	268	91	3912	96	15	38	186	154
DEDD2	927	292	15103	204	32	89	524	309
ZNF526	318	89	3840	83	8	18	188	99
GSK3A	1925	409	29480	407	68	140	982	600
ERF	992	249	10649	192	34	67	396	261
CIC	561	165	7702	124	19	43	262	190
PAFAH1B3	9628	3175	138001	2051	434	886	5148	3529
PRR19	163	23	2582	25	2	7	91	45
TMEM145	249	26	5163	71	13	29	205	84
MEGF8	545	233	8885	218	36	66	398	332
CNFN	665	97	10338	161	26	48	463	187
LIPE	96	159	1855	68	18	38	58	141
CXCL17	2	34	62	23	6	10	1	21
CEACAM1	38	82	847	48	6	21	22	63
CEACAM8	0	0	5	1	0	1	0	1
PSG3	0	0	1	0	1	1	0	0
PSG8	0	4	0	1	0	1	0	1
PSG1	0	0	0	0	0	0	0	0
PSG6	0	0	0	1	0	0	0	1
PSG7	0	1	0	0	0	0	0	1
PSG11	0	0	1	0	0	1	0	2
PSG2	0	0	0	0	0	0	0	1
PSG5	0	0	3	0	0	0	0	0
PSG4	0	0	0	0	0	0	0	1
PSG9	0	2	3	1	0	0	0	1
CD177	4	0	862	6	0	0	29	16
TEX101	0	1	63	1	0	0	1	1
LYPD3	123	9	2222	39	7	24	81	42
PHLDB3	90	99	2360	102	18	33	36	78
ETHE1	436	355	9784	177	55	118	507	368
ZNF575	1	11	81	4	4	4	2	18
XRCC1	868	688	13436	333	86	158	497	640
PINLYP	387	237	6168	100	31	48	308	190
IRGQ	562	213	8995	155	30	68	315	268
ZNF576	908	238	14220	223	39	80	599	313
SRRM5	3	29	43	9	3	5	3	17
ZNF428	1660	3068	27688	952	269	563	1250	1730
CADM4	143	393	2898	173	32	99	125	274
PLAUR	147	241	1368	133	18	40	92	184
IRGC	0	0	0	0	0	0	0	0
SMG9	387	293	6667	152	23	72	134	270
KCNN4	221	3	483	20	0	4	13	20
LYPD5	212	3	2128	29	4	3	20	10
ZNF283	187	137	2387	55	17	12	68	131
ZNF404	481	31	5709	32	5	6	167	39
ZNF45	182	122	2288	74	10	30	103	94
ZNF221	92	77	878	35	9	14	45	67
ZNF155	135	314	1987	174	39	73	67	407
ZNF230	154	59	2348	36	3	7	108	60
ZNF222	170	40	2794	44	8	20	107	80
ZNF223	113	98	1467	78	18	18	54	109
ZNF284	101	62	1087	27	9	10	55	66
ZNF224	330	187	4496	122	23	48	203	171
ZNF225	116	67	1736	32	8	20	64	59
ZNF234	354	163	4057	114	21	32	176	147
ZNF226	567	482	6502	179	49	89	338	312
ZNF227	404	243	4891	147	37	42	256	210
ZNF235	86	759	1253	382	77	123	43	514
ZNF233	66	60	735	37	8	10	32	45
ZNF112	121	260	801	89	34	45	42	194
ZNF285	50	46	1052	26	3	2	25	52
ZNF229	69	134	106	39	5	2	24	65
ZNF180	390	194	5110	144	22	43	183	212
CEACAM20	1	0	6	2	0	0	0	1
IGSF23	0	4	5	4	3	0	1	3
PVR	401	118	6148	107	22	36	219	150
CEACAM19	14	19	340	25	4	5	4	21
CEACAM16	0	1	0	0	0	0	0	2
BCL3	130	15	1363	29	1	5	59	23
CBLC	551	14	6808	127	24	37	350	179
BCAM	817	265	23457	216	32	125	978	275
NECTIN2	3101	927	54953	1163	110	356	1554	1353
TOMM40	13396	1448	188977	1705	308	583	6782	3121
APOE	132964	4519	1657931	14690	1832	3637	56313	24351
APOC1	5920	543	54395	877	104	176	3510	1021
APOC4	0	1	0	2	0	2	0	0
APOC2	0	12	11	5	3	1	1	7
CLPTM1	1608	373	25974	372	72	114	873	508
RELB	492	62	7572	165	15	38	198	152
CLASRP	887	439	9808	325	60	104	477	503
ZNF296	1316	15	11067	89	26	33	665	228
GEMIN7	2106	354	36836	375	85	134	1077	546
MARK4	532	607	9788	396	102	143	456	668
PPP1R37	627	140	7139	103	18	40	317	166
NKPD1	11	7	277	10	3	1	8	12
TRAPPC6A	3082	1128	52169	1033	249	413	1921	1858
BLOC1S3	181	10	2539	27	5	10	102	54
EXOC3L2	96	11	2158	17	2	6	69	30
CKM	7	25	286	13	1	6	10	14
KLC3	307	13	5185	44	8	16	83	79
ERCC2	790	262	11115	212	41	78	475	371
PPP1R13L	206	65	3987	179	32	44	135	181
CD3EAP	3347	193	36732	415	63	112	1773	587
ERCC1	2751	1384	37772	958	202	380	1791	1417
FOSB	161	126	862	174	15	35	67	42
RTN2	626	97	7198	189	34	55	280	191
PPM1N	867	38	12285	132	37	67	624	293
VASP	5777	509	71921	1097	145	267	2705	1418
OPA3	645	291	8610	311	61	90	391	427
GPR4	0	0	18	0	0	1	2	0
EML2	1030	254	14353	218	41	93	661	400
GIPR	5	14	194	7	1	4	4	7
SNRPD2	27334	7329	311380	5107	1091	2181	14434	9210
QPCTL	91	107	1471	98	24	30	85	147
FBXO46	468	305	6458	242	60	85	280	293
BHMG1	14	1	28	2	0	0	7	5
SIX5	275	249	4940	132	23	48	244	191
DMPK	86	253	1913	126	29	58	80	201
DMWD	861	378	10823	199	49	96	484	296
RSPH6A	2	8	20	5	0	1	0	15
SYMPK	2596	762	29247	595	84	229	1207	907
FOXA3	1191	33	16323	202	22	52	540	232
IRF2BP1	510	122	7535	89	20	32	297	142
MYPOP	342	85	6931	91	9	23	215	133
NANOS2	1	1	22	1	0	0	4	0
NOVA2	211	159	2952	76	25	55	89	162
CCDC61	596	156	7733	116	16	31	315	220
PGLYRP1	10	22	278	7	4	3	9	27
IGFL4	5	7	127	9	6	2	2	13
IGFL3	3	2	68	2	0	0	1	1
IGFL2	2	0	24	0	0	3	2	1
IGFL1	0	0	1	0	0	0	0	0
HIF3A	324	354	5903	333	32	85	369	369
PPP5C	2234	635	31247	538	97	190	1100	755
CCDC8	1001	202	8978	149	32	59	357	239
PNMA8C	19	39	685	20	5	13	17	20
PNMA8A	256	200	3994	100	22	43	144	136
PPP5D1	65	52	598	25	9	18	18	44
PNMA8B	57	48	867	14	9	9	30	53
CALM3	11697	3782	144345	2528	478	1087	6149	4729
PTGIR	1	2	33	1	0	0	2	1
GNG8	19	5	649	10	0	2	15	3
DACT3	94	135	1992	71	8	17	41	75
PRKD2	671	235	9467	245	47	81	347	370
STRN4	1442	425	22000	330	67	122	899	508
FKRP	293	167	3579	135	24	53	191	220
SLC1A5	3491	593	55990	876	105	288	2156	1211
AP2S1	17491	3823	248816	3651	565	1262	9280	5290
ARHGAP35	1074	1061	13473	822	172	319	630	1108
NPAS1	288	94	10403	101	16	39	253	167
TMEM160	9102	1983	115745	1608	323	571	5004	2686
ZC3H4	1089	422	8804	395	95	128	677	526
SAE1	4660	1852	79715	1709	306	644	2613	3128
BBC3	2831	383	34229	312	44	125	907	662
CCDC9	540	233	8013	177	39	53	310	260
INAFM1	235	257	3282	95	20	54	122	170
C5AR1	2	13	127	31	2	5	1	24
C5AR2	2	4	22	0	0	2	1	1
DHX34	586	367	7284	295	63	111	275	435
MEIS3	227	620	8996	459	50	146	277	660
SLC8A2	45	13	1233	27	2	13	41	73
KPTN	699	195	10130	190	28	84	393	294
NAPA	1793	571	35153	544	80	171	830	772
ZNF541	2	1	27	2	0	0	2	4
BICRA	470	98	5195	79	13	32	228	126
EHD2	157	14	2148	43	7	17	52	59
NOP53	11714	3025	155413	2437	423	947	7370	4068
SELENOW	29360	6554	347616	6041	999	1824	13859	9515
TPRX1	23	1	8	1	0	0	1	1
CRX	2	4	30	2	2	7	1	9
SULT2A1	1	5	2	3	0	0	0	1
BSPH1	0	1	0	1	0	1	0	2
ELSPBP1	0	1	5	0	0	0	0	1
CABP5	0	0	2	1	0	0	0	0
PLA2G4C	21	19	1270	39	2	6	160	54
LIG1	1940	760	21094	495	124	222	1052	880
ZSWIM9	196	237	4426	161	34	59	233	221
CARD8	418	458	5188	255	60	83	319	375
ZNF114	511	149	8228	136	21	55	321	220
CCDC114	11	25	226	14	3	3	8	6
EMP3	2391	757	27467	608	101	182	671	473
TMEM143	233	94	3976	76	22	32	189	128
SYNGR4	4	3	205	2	0	1	3	6
KDELR1	10600	5478	165265	4219	756	1825	7432	6637
GRIN2D	599	59	5503	96	28	32	172	242
GRWD1	2771	368	37090	445	82	148	1408	587
KCNJ14	31	39	502	39	10	10	31	55
CYTH2	1816	655	20720	438	80	159	969	614
LMTK3	261	124	4184	98	21	55	144	186
SULT2B1	43	19	966	26	5	11	34	26
FAM83E	13	14	202	68	15	8	4	37
SPACA4	0	0	2	0	0	0	0	0
RPL18	197761	44477	2348709	35840	6193	14624	123687	59371
SPHK2	392	213	5078	162	33	43	237	157
DBP	416	177	8358	169	17	57	472	190
CA11	321	166	9704	302	30	86	516	212
NTN5	16	18	198	17	1	8	3	21
FUT2	50	24	818	9	6	4	41	22
MAMSTR	243	42	4698	76	9	15	144	56
RASIP1	668	32	11054	66	10	25	379	150
IZUMO1	3	0	99	9	0	1	1	5
FUT1	109	3	2019	18	5	10	89	33
FGF21	2	0	113	3	0	0	3	3
BCAT2	356	389	7247	241	38	113	375	319
HSD17B14	390	347	21573	280	47	99	397	315
PLEKHA4	343	224	7090	166	40	69	263	186
PPP1R15A	989	349	9482	287	43	94	437	352
TULP2	6	4	164	8	4	7	1	35
NUCB1	2919	731	48162	632	121	251	1656	1212
DHDH	62	49	897	21	7	21	37	38
BAX	21407	2766	283049	3142	431	1010	8931	6542
FTL	315620	35577	3356918	44537	5560	16488	119467	68851
GYS1	391	222	5884	188	48	69	244	297
RUVBL2	4626	974	56384	714	130	322	2670	1419
LHB	0	1	54	1	0	0	2	1
AC008687.4	0	0	15	0	0	0	0	0
CGB3	0	0	15	0	0	0	0	0
CGB2	1	1	93	0	0	0	3	0
CGB1	0	0	2	0	0	0	0	0
CGB5	0	0	0	0	0	0	0	0
CGB8	0	0	1	0	0	0	0	0
CGB7	0	4	27	0	0	0	1	4
NTF4	41	32	925	35	5	6	55	16
KCNA7	6	2	45	1	0	0	3	3
SNRNP70	8342	2855	104961	2129	345	741	5060	3524
LIN7B	188	75	2455	92	12	24	94	83
C19orf73	116	54	2602	38	3	18	91	59
PPFIA3	275	158	6139	128	16	58	227	164
HRC	22	35	505	35	3	11	78	36
TRPM4	967	271	10623	220	27	85	685	273
SLC6A16	37	297	343	93	28	49	15	360
CD37	25	36	295	18	7	5	10	43
TEAD2	2575	1027	30212	753	142	288	1670	928
DKKL1	93	110	1522	34	14	29	65	82
CCDC155	2	3	61	8	1	1	2	3
PTH2	12	4	495	8	1	2	12	6
GFY	18	3	865	5	0	3	20	11
SLC17A7	18	5	599	6	0	3	16	8
PIH1D1	4903	1444	64208	1088	220	475	2869	2080
ALDH16A1	1220	242	21430	244	38	75	693	434
FLT3LG	44	37	2921	28	6	7	42	44
RPL13A	177983	45128	2029553	31665	6406	13863	114698	57103
RPS11	161953	30519	1430189	23470	5124	9921	96332	44079
FCGRT	919	136	15421	207	21	89	468	262
RCN3	584	109	12194	83	19	36	393	133
NOSIP	7002	1096	79180	1120	187	354	3346	1748
PRRG2	287	28	3976	78	5	22	226	96
PRR12	1350	401	15196	454	61	128	813	653
RRAS	372	192	10432	264	13	78	303	220
SCAF1	1136	291	16251	269	50	104	649	391
IRF3	2494	451	38617	543	72	160	1616	786
BCL2L12	4247	969	61596	886	155	329	3019	1460
PRMT1	23281	6687	317593	4564	740	1874	13603	8391
ADM5	33	10	969	6	1	4	43	17
CPT1C	466	247	7171	170	50	73	389	270
TSKS	18	7	472	10	0	2	21	13
AP2A1	3193	529	38240	576	123	221	1723	956
FUZ	1559	266	14807	254	45	76	856	338
MED25	1412	443	20185	261	71	106	735	542
PTOV1	3614	2138	58059	1097	248	475	2400	2023
PNKP	2759	855	36338	601	113	240	1619	989
AKT1S1	1084	211	15063	166	27	78	616	295
TBC1D17	619	171	8525	109	26	50	319	207
IL4I1	32	12	384	9	4	4	12	14
NUP62	3062	698	37346	614	112	258	2125	1014
ATF5	654	182	13666	246	26	136	240	545
SIGLEC11	8	1	55	1	0	0	5	8
VRK3	849	466	13062	303	75	113	589	598
ZNF473	227	124	2138	70	17	33	124	87
IZUMO2	77	17	1734	55	7	28	107	84
MYH14	228	65	5729	219	40	94	192	268
KCNC3	111	52	1831	109	18	39	117	118
NR1H2	1558	285	20867	305	47	99	826	482
NAPSA	9	7	147	3	0	1	11	3
POLD1	792	435	9285	359	43	110	469	571
SPIB	515	5	7193	41	4	10	86	54
MYBPC2	122	8	2326	40	2	7	64	49
FAM71E1	1198	168	33134	271	46	97	1018	486
EMC10	2969	836	51038	709	133	243	1955	1056
JOSD2	266	93	4156	148	14	27	191	80
ASPDH	1	2	9	0	0	0	0	0
LRRC4B	35	455	839	98	41	80	41	248
SYT3	44	10	1002	10	2	11	44	23
C19orf81	701	408	10707	293	39	102	443	350
SHANK1	1	145	51	54	14	17	1	83
CLEC11A	729	539	10880	325	70	101	478	418
GPR32	0	0	0	0	0	0	0	0
AC010325.1	0	30	86	16	2	6	3	67
ACP4	0	6	2	5	0	3	0	20
C19orf48	4777	1264	60428	892	156	355	2676	1433
KLK1	74	1	2726	28	3	6	61	16
KLK15	4	0	10	2	0	0	0	0
KLK3	0	0	22	0	0	0	0	1
KLK2	8	1	123	2	1	0	5	1
KLK4	17	0	222	1	0	0	3	2
KLK5	23	2	289	5	0	1	18	2
KLK6	43	17	970	46	5	4	21	21
KLK7	24	0	263	4	1	0	14	6
KLK8	199	30	3043	216	28	21	120	158
KLK9	0	0	0	0	0	0	0	0
KLK10	107	7	1600	14	4	5	74	35
KLK11	5	1	88	0	0	0	2	3
KLK12	0	0	27	0	0	0	1	0
KLK13	126	2	2164	24	2	2	71	16
KLK14	0	7	7	3	0	2	1	7
CTU1	942	204	14080	177	30	57	515	276
SIGLEC9	1	0	2	0	0	0	0	0
SIGLEC7	1	1	6	0	0	0	0	0
CD33	2	1	177	2	0	0	0	2
SIGLECL1	1	0	2	1	0	0	0	1
IGLON5	584	301	6852	228	45	62	361	315
VSIG10L	325	141	5838	100	14	33	246	144
ETFB	6488	1936	63059	1463	223	415	2707	1973
CLDND2	104	62	1417	13	1	15	63	39
NKG7	6	1	17	0	0	0	0	0
LIM2	86	114	255	23	1	8	20	25
C19orf84	124	14	1376	23	7	7	81	52
SIGLEC10	5	13	29	8	1	1	3	7
SIGLEC8	0	0	0	0	0	0	0	0
CEACAM18	0	0	0	0	0	0	0	0
SIGLEC12	0	0	0	0	0	0	0	0
SIGLEC6	1	6	11	0	0	0	0	0
ZNF175	129	98	1616	71	11	27	84	85
SIGLEC5	0	0	1	1	0	0	0	0
SIGLEC14	0	0	61	0	0	0	0	3
SPACA6	76	150	1153	122	16	38	65	169
HAS1	13	5	200	8	1	2	33	25
FPR1	0	6	8	3	5	0	0	6
FPR2	0	0	5	1	0	0	0	1
FPR3	0	12	3	6	3	1	0	6
ZNF577	873	449	6747	814	159	133	328	1118
ZNF649	1685	330	45377	703	89	203	1015	935
ZNF613	824	61	9089	180	29	46	261	275
ZNF350	544	127	5138	107	22	29	161	185
ZNF615	243	101	2670	86	12	17	115	119
ZNF614	649	144	5658	180	31	49	289	222
ZNF432	231	226	1962	137	25	42	76	192
ZNF841	133	38	1374	53	8	12	67	64
ZNF616	713	180	7211	184	38	77	372	302
ZNF836	308	82	3162	103	22	27	184	145
PPP2R1A	9108	1750	133159	1612	282	511	4887	2670
ZNF766	2943	845	28998	755	168	270	1666	1059
ZNF480	1436	418	13490	337	89	117	604	567
ZNF610	263	125	2378	104	20	18	127	135
ZNF880	1433	374	16611	419	55	136	466	694
ZNF528	473	228	5057	175	18	55	147	301
ZNF534	341	9	321	10	8	8	66	72
ZNF578	1795	121	16014	527	54	73	507	744
ZNF808	503	231	4210	238	39	65	251	335
ZNF701	1065	193	7152	274	57	69	368	392
ZNF83	494	937	5460	752	153	212	376	913
ZNF611	308	368	3328	532	85	129	182	530
ZNF600	653	104	2771	337	30	26	144	159
ZNF28	373	88	3426	117	21	34	141	169
ZNF468	383	42	3922	73	7	15	137	118
ZNF320	25	102	338	94	16	24	21	122
ZNF888	142	69	1716	87	9	20	68	97
ZNF816	180	64	1678	52	12	29	94	102
ERVV-1	0	0	1	1	0	0	0	0
ERVV-2	7	3	148	10	3	2	6	2
ZNF160	612	396	8191	395	66	144	489	516
ZNF415	221	136	3062	110	30	37	175	134
ZNF347	392	176	4204	138	32	54	204	209
ZNF665	144	102	1390	89	18	20	80	123
ZNF677	2163	503	22806	464	80	188	1333	894
VN1R2	0	1	28	0	0	1	1	0
VN1R4	0	0	0	0	0	0	0	0
ZNF845	351	118	3513	97	21	30	192	130
ZNF525	986	113	7715	189	33	80	363	393
ZNF765	729	248	8154	252	56	90	293	386
ZNF761	402	57	5241	95	27	31	190	167
ZNF813	433	142	4994	174	25	57	327	266
ZNF331	923	408	14403	336	69	141	692	528
DPRX	1	1	24	0	0	0	0	1
NLRP12	258	9	1405	78	11	12	63	89
MYADM	1493	437	32541	530	69	149	1007	453
PRKCG	200	113	4040	69	21	26	134	133
CACNG7	197	274	6301	361	54	123	195	427
CACNG8	239	277	5889	396	43	90	285	307
CACNG6	81	10	1464	29	6	5	54	23
VSTM1	12	2	97	4	0	1	4	0
TARM1	0	0	0	1	0	0	0	1
OSCAR	0	8	1	11	2	8	0	17
NDUFA3	8468	2063	109843	1512	273	335	3726	1948
TFPT	592	403	9964	246	41	90	260	404
PRPF31	445	989	6423	785	164	325	248	992
CNOT3	466	370	4992	323	52	126	235	469
LENG1	246	245	4063	160	25	64	165	253
TMC4	44	47	876	103	16	26	24	120
MBOAT7	13	463	588	407	67	154	22	650
TSEN34	22	962	518	440	118	196	14	764
RPS9	107746	38875	1241119	37155	6386	13409	63851	60606
LILRB3	0	8	0	2	0	0	0	19
LILRA6	0	2	0	0	0	3	0	1
LILRB5	0	1	10	3	0	1	0	1
LILRB2	0	0	0	1	0	0	0	0
LILRA5	0	0	1	0	0	0	0	0
LILRA4	0	0	2	1	0	0	0	0
LAIR1	1	5	11	9	2	0	0	6
TTYH1	214	4177	5029	1297	565	852	104	2399
LENG8	21	323	214	231	52	97	11	314
LENG9	0	33	0	68	12	10	0	54
CDC42EP5	3	66	76	127	3	57	0	149
LAIR2	0	0	15	1	1	0	0	0
LILRA2	0	1	2	0	1	0	0	1
LILRA1	0	0	11	0	0	0	0	0
LILRB1	0	0	2	0	0	0	0	0
LILRB4	0	0	0	0	0	0	0	0
KIR3DL3	0	0	0	0	0	0	0	0
KIR2DL3	0	0	0	0	0	0	0	0
KIR2DL1	0	0	0	0	0	0	0	0
KIR2DL4	0	0	0	0	0	0	0	0
KIR3DL1	0	0	0	0	0	0	0	0
KIR3DL2	0	0	0	0	0	0	0	0
FCAR	0	2	4	1	0	0	0	1
NCR1	0	2	16	20	0	1	0	20
NLRP7	817	5	396	13	0	15	0	38
NLRP2	1317	112	248	637	3	80	0	30
GP6	0	21	0	171	2	20	0	58
RDH13	25	104	223	143	9	37	14	217
EPS8L1	603	114	7365	124	17	70	196	176
PPP1R12C	713	127	10599	157	18	42	389	175
TNNT1	4056	519	62733	1269	92	442	2791	1250
TNNI3	1601	311	28186	590	60	168	1146	633
DNAAF3	61	52	1573	45	8	24	87	55
SYT5	82	32	5001	57	10	17	54	41
PTPRH	9	1	124	2	0	2	0	1
TMEM86B	30	14	433	9	2	3	9	4
PPP6R1	1766	303	21007	309	53	103	728	458
HSPBP1	1625	457	22788	366	31	142	833	604
BRSK1	204	104	3315	72	16	18	124	129
TMEM150B	7	4	47	4	0	0	0	10
KMT5C	817	204	11695	134	26	60	428	254
COX6B2	67	10	996	15	3	5	44	20
FAM71E2	0	0	0	0	0	0	0	1
IL11	125	12	1140	6	1	4	41	22
TMEM190	39	8	1120	8	4	7	43	17
TMEM238	1304	31	14843	134	21	33	569	199
RPL28	230248	42537	2501287	38064	6735	15020	108631	65368
UBE2S	16049	6729	226721	5473	890	1996	8748	8989
SHISA7	11	5	237	6	0	2	7	5
ISOC2	7215	734	100315	1276	159	288	3032	1555
C19orf85	567	3	3570	12	7	5	287	19
ZNF628	244	67	2908	63	11	17	131	74
NAT14	2109	925	25888	350	83	209	1055	804
SSC5D	64	11	189	28	5	1	15	17
SBK2	2	1	17	2	0	2	0	1
SBK3	0	0	2	1	0	0	0	0
ZNF579	1036	377	14059	248	40	127	649	372
FIZ1	244	162	4588	86	17	41	190	157
ZNF524	340	84	4262	106	9	16	195	111
ZNF865	178	70	3674	80	16	19	146	82
ZNF784	166	65	2842	68	10	22	117	70
ZNF580	1495	1211	27676	499	128	232	1300	925
ZNF581	4029	448	55658	658	145	219	2549	1145
CCDC106	1275	203	12497	208	42	76	595	403
U2AF2	2844	684	44582	540	88	227	2051	941
EPN1	3622	687	48435	715	146	218	1956	1122
NLRP9	1	2	7	1	0	0	0	2
RFPL4A	1	0	0	0	0	0	0	0
RFPL4AL1	3	0	0	0	0	0	0	0
NLRP11	6	2	78	1	0	1	0	1
NLRP4	10	0	53	2	0	3	0	0
NLRP13	0	1	0	0	0	0	0	0
NLRP8	0	1	1	2	2	1	0	0
NLRP5	0	2	0	1	0	0	0	2
ZNF787	2231	549	28522	487	110	192	1439	736
ZNF444	2098	534	17238	431	85	135	1029	637
GALP	8	56	103	21	13	6	3	11
ZSCAN5B	7	2	34	1	0	1	0	4
ZSCAN5C	0	0	0	0	0	0	0	0
ZSCAN5A	235	462	3400	239	46	117	117	388
EDDM13	12	62	63	29	10	19	5	31
ZNF582	196	134	2473	85	15	38	96	108
ZNF583	226	132	1893	95	14	30	76	101
ZNF667	622	114	1075	131	3	8	59	369
ZNF471	38	51	133	24	1	1	9	67
ZFP28	181	38	2221	59	4	4	19	115
ZNF470	251	90	3158	89	9	22	64	185
ZNF71	461	254	5887	133	36	72	137	233
SMIM17	3	27	202	12	11	7	2	66
ZNF835	37	2	539	18	0	1	1	7
ZIM2	0	1	7	2	0	0	0	5
PEG3	68	17	742	15	1	1	35	14
USP29	0	0	1	0	0	0	0	0
ZIM3	0	1	1	0	0	0	0	0
DUXA	0	1	0	1	0	0	0	0
ZNF264	517	194	4600	132	27	67	293	240
AURKC	846	40	22415	198	10	23	273	189
ZNF805	530	154	5799	113	27	45	280	183
ZNF460	221	192	2521	152	34	77	129	216
ZNF543	166	92	2227	90	16	37	99	107
ZNF304	183	60	1920	49	12	13	55	72
ZNF547	60	56	425	29	9	18	18	45
TRAPPC2B	1229	324	10827	230	45	81	551	297
ZNF548	183	144	1826	90	15	41	102	113
ZNF17	235	67	2596	42	9	20	114	90
ZNF749	210	163	2316	150	66	45	122	197
VN1R1	16	17	166	18	0	3	9	17
ZNF772	152	70	1481	41	4	20	62	84
ZNF419	309	80	3917	64	17	35	165	98
ZNF773	322	79	3012	75	22	31	159	133
ZNF549	272	189	3310	146	32	43	178	220
ZNF550	264	66	3067	67	13	24	123	108
ZNF416	313	45	4134	58	13	27	174	93
ZIK1	836	146	9525	139	27	45	369	269
ZNF530	131	115	2241	60	13	25	76	127
ZNF134	1228	238	14634	258	48	91	600	410
ZNF211	212	74	3217	56	6	29	104	99
ZSCAN4	12	0	54	1	0	0	0	4
ZNF551	774	438	8232	295	64	136	435	504
ZNF154	248	159	3366	100	21	50	147	155
ZNF671	128	49	2152	41	10	9	72	64
ZNF776	225	121	2015	61	7	33	117	135
ZNF586	583	457	5546	262	64	120	317	466
ZNF552	474	176	3605	181	49	40	179	191
ZNF587B	642	342	4697	303	73	98	301	377
ZNF814	1480	798	22367	1355	181	272	1004	1051
ZNF587	571	264	5332	163	46	84	341	293
ZNF417	135	135	1562	115	19	51	81	163
ZNF418	204	187	1910	100	19	43	124	151
ZNF256	399	107	4376	122	17	37	203	138
C19orf18	18	32	162	32	4	5	9	36
ZNF606	400	285	3917	156	44	72	192	223
ZSCAN1	62	79	1426	47	2	35	26	59
ZNF135	308	273	3777	235	52	69	163	310
ZSCAN18	1338	663	15154	364	90	197	623	751
ZNF329	237	227	3385	196	37	54	153	254
ZNF274	588	359	7466	299	43	76	361	418
ZNF544	1193	1754	16378	1036	197	363	879	1772
ZNF8	418	253	4116	209	35	83	222	302
ERVK3-1	366	662	6163	456	91	162	220	756
ZSCAN22	47	28	809	10	5	7	43	24
A1BG	644	221	10766	209	23	78	387	240
ZNF497	32	127	543	48	10	29	28	57
ZNF837	129	82	2117	37	7	14	124	87
RPS5	166237	31872	1864652	30444	5225	10197	92175	47678
RNF225	0	0	0	0	0	0	0	0
ZNF584	131	247	2061	63	26	45	72	134
ZNF132	5	13	559	13	0	3	0	2
ZNF324B	48	21	785	27	4	5	29	22
ZNF324	238	89	2725	37	14	24	91	59
ZNF446	151	147	1843	36	18	26	87	101
SLC27A5	1653	519	24245	447	88	156	971	636
ZBTB45	407	146	6155	103	18	34	179	139
TRIM28	17825	2386	224281	2416	339	874	8514	4190
CHMP2A	7161	2437	104527	1548	366	718	4787	3260
UBE2M	11719	2375	148890	2068	367	777	6325	3309
MZF1	268	334	4599	211	36	74	299	207
SRY	0	119	13	0	0	0	332	154
RPS4Y1	89	9040	1002	101	23	32	11688	11994
ZFY	2	580	34	14	0	1	186	490
TGIF2LY	0	0	0	0	0	0	0	0
PCDH11Y	16	518	172	80	13	14	54	1114
TSPY2	0	0	0	0	0	0	0	0
AMELY	0	7	1	0	0	0	1	8
TBL1Y	0	621	5	4	0	1	24	462
PRKY	1	494	39	3	3	3	261	747
TSPY4	0	0	0	0	0	0	0	0
TSPY8	0	0	0	0	0	0	0	0
TSPY3	0	0	0	0	0	0	0	0
TSPY1	0	0	0	0	0	0	0	0
TSPY9P	0	0	0	0	0	0	0	0
TSPY10	0	0	0	0	0	0	0	0
USP9Y	15	1253	108	14	1	2	1477	1676
DDX3Y	19	678	208	10	1	5	1350	1135
UTY	5	1732	41	17	1	6	259	1815
TMSB4Y	3	89	18	3	0	0	647	355
VCY	0	0	0	0	0	0	0	0
VCY1B	0	0	0	0	0	0	0	0
NLGN4Y	4	2284	89	18	1	2	430	3412
CDY2B	0	0	0	0	0	0	0	0
CDY2A	0	0	0	0	0	0	0	0
HSFY1	0	0	0	0	0	0	0	0
HSFY2	0	0	0	0	0	0	0	0
AC007244.1	0	1	1	0	0	0	11	0
KDM5D	5	292	45	2	1	0	226	278
EIF1AY	23	1129	255	16	3	1	2544	1288
RPS4Y2	45	0	483	0	0	0	20	0
RBMY1B	0	0	0	0	0	0	0	0
RBMY1A1	0	0	0	0	0	0	0	0
RBMY1D	0	0	0	0	0	0	0	0
RBMY1E	0	0	0	0	0	0	0	0
PRY2	0	0	0	0	0	0	0	0
RBMY1F	0	0	0	0	0	0	0	0
RBMY1J	0	0	0	0	0	0	0	0
PRY	0	0	0	0	0	0	0	0
BPY2	0	0	0	0	0	0	0	0
DAZ1	0	0	0	0	0	0	0	0
DAZ2	0	0	0	1	0	0	0	0
PRYP3	0	0	0	0	0	0	0	0
CDY1B	0	0	0	0	0	0	0	0
BPY2B	0	0	0	0	0	0	0	0
DAZ3	0	0	0	0	0	0	0	0
DAZ4	0	0	0	0	0	0	0	0
BPY2C	0	0	0	0	0	0	0	0
CDY1	0	0	0	0	0	0	0	0
OR11H1	0	0	0	0	0	0	0	0
POTEH	0	0	1	2	0	0	0	1
CCT8L2	0	0	0	0	0	0	0	0
XKR3	1	4	75	1	0	0	0	5
IGKV1OR22-5	0	0	0	0	0	0	0	0
IGKV2OR22-4	0	0	0	0	0	0	0	0
IGKV2OR22-3	0	0	1	0	0	0	0	0
IGKV3OR22-2	0	0	0	0	0	0	0	0
IGKV1OR22-1	0	0	0	0	0	0	0	0
GAB4	1	0	58	0	0	1	0	2
IL17RA	282	75	4160	76	22	20	93	133
TMEM121B	89	17	1750	22	3	11	53	40
HDHD5	4667	672	52265	774	157	239	2582	1347
ADA2	837	93	9611	136	29	58	524	399
CECR2	5512	4066	62414	4566	946	1285	2789	6673
SLC25A18	74	57	1123	68	19	19	36	179
ATP6V1E1	5110	608	70933	893	156	202	2027	1235
BCL2L13	1583	652	17665	551	98	162	823	816
BID	2069	546	21856	548	81	166	1273	745
MICAL3	317	553	4714	488	92	134	191	685
PEX26	792	368	10440	285	61	107	507	468
TUBA8	3	7	24	6	1	3	1	11
USP18	7	68	58	51	10	13	3	69
GGTLC3	2	0	24	0	0	0	0	0
TMEM191B	57	80	3454	48	15	42	32	58
RIMBP3	0	2	2	0	0	0	0	0
AC023490.5	0	0	0	0	0	0	0	0
DGCR6	12	36	83	26	1	8	4	26
PRODH	3	12	489	35	6	6	124	41
DGCR2	564	454	8013	363	62	116	321	579
ESS2	501	159	7090	111	17	36	271	163
TSSK2	1	0	3	0	0	0	1	0
GSC2	1	0	14	0	0	0	0	0
SLC25A1	2748	1101	34110	849	172	292	1808	1438
CLTCL1	48	293	710	248	34	63	67	313
HIRA	863	242	11653	202	44	77	439	379
C22orf39	1711	689	21933	405	79	133	1158	705
MRPL40	3034	668	49682	535	85	175	1471	904
UFD1	5963	1175	68734	1047	139	325	2618	1754
CDC45	1008	395	12500	277	49	99	532	525
CLDN5	85	26	1053	12	3	7	29	26
SEPTIN5	3	43	11	6	3	12	0	33
GP1BB	0	29	0	6	5	6	0	32
TBX1	408	128	1429	9	13	17	110	165
GNB1L	453	170	6141	149	21	58	239	245
RTL10	457	123	5410	99	20	42	272	181
TXNRD2	239	22	5138	68	14	17	42	155
COMT	1050	144	10958	419	138	131	831	947
ARVCF	278	118	5537	70	18	45	176	154
TANGO2	243	116	4790	95	8	32	120	148
DGCR8	772	458	9790	278	90	145	483	488
TRMT2A	962	150	12640	133	23	37	477	195
RANBP1	43880	9881	492321	7663	1321	3073	25013	13247
ZDHHC8	480	134	7225	91	16	45	213	211
CCDC188	0	2	5	0	1	1	0	3
RTN4R	631	200	9511	157	36	66	333	226
DGCR6L	1862	589	26569	490	108	207	1087	758
USP41	2	1	21	1	0	0	1	3
ZNF74	852	192	8805	182	38	47	467	274
SCARF2	49	55	1186	41	5	8	28	50
KLHL22	91	564	2679	306	80	134	75	444
MED15	748	622	10007	393	66	147	418	573
PI4KA	279	611	5311	384	74	137	143	473
SERPIND1	3	12	19	13	4	3	0	11
SNAP29	1249	337	20039	312	49	115	636	488
CRKL	1008	457	12385	416	86	155	607	631
AIFM3	87	17	1757	28	2	12	46	38
LZTR1	166	86	2615	63	21	22	109	86
THAP7	1429	456	18161	272	64	108	796	463
P2RX6	0	15	57	4	0	0	2	10
SLC7A4	5	6	214	11	1	3	12	3
LRRC74B	2	12	13	6	1	2	0	3
GGT2	1	0	0	6	0	0	0	1
AP000552.4	0	0	0	0	0	0	0	0
RIMBP3B	0	0	0	0	0	0	0	0
HIC2	827	311	8814	241	60	89	493	380
TMEM191C	122	25	2825	22	4	18	92	48
RIMBP3C	3	0	14	1	0	0	0	0
UBE2L3	4877	2538	64406	2476	408	820	2445	3767
YDJC	2456	305	28491	358	57	129	1307	565
CCDC116	4	0	62	1	0	0	1	1
SDF2L1	4471	798	57843	703	190	232	2580	1210
PPIL2	665	322	9338	177	38	57	388	336
YPEL1	297	906	4543	308	99	189	300	564
MAPK1	2027	1353	26267	1007	205	365	1060	1624
PPM1F	345	122	3746	92	13	20	170	134
TOP3B	153	132	2336	114	19	40	131	166
IGLVI-70	0	0	1	0	0	0	0	0
IGLV4-69	0	0	1	0	0	0	0	0
IGLVI-68	0	0	0	0	0	0	0	0
IGLV10-54	0	2	0	1	0	0	0	2
IGLV10-67	0	0	0	0	0	0	0	0
IGLVIV-66-1	0	0	0	0	0	0	0	0
IGLVV-66	0	0	0	0	0	0	0	0
IGLVIV-65	0	0	0	0	0	0	0	0
IGLVIV-64	0	0	0	0	0	0	0	0
IGLVI-63	0	0	0	0	0	0	0	0
IGLV1-62	0	0	0	0	0	0	0	0
IGLV8-61	0	0	0	0	0	0	0	0
IGLV4-60	0	0	0	0	0	0	0	0
IGLVIV-59	0	0	0	0	0	0	0	0
IGLVV-58	0	0	0	0	0	0	0	0
IGLV6-57	0	0	6	0	0	0	0	0
IGLVI-56	0	0	0	0	0	0	0	0
IGLV11-55	0	0	0	0	0	0	0	0
IGLVIV-53	0	0	0	0	0	0	0	0
VPREB1	0	0	0	0	0	0	0	0
IGLV5-52	0	1	12	1	1	0	1	1
IGLV1-51	0	0	5	0	0	0	0	0
IGLV1-50	0	0	0	0	0	0	0	0
IGLV9-49	0	0	0	0	0	0	0	0
IGLV5-48	0	0	0	0	0	0	0	0
IGLV1-47	0	0	0	0	0	0	0	0
IGLV7-46	0	0	6	0	0	0	0	0
IGLV5-45	0	0	0	0	0	0	0	0
IGLV1-44	0	0	0	0	0	0	0	0
IGLV7-43	0	0	0	0	0	0	0	0
IGLVI-42	0	0	0	0	0	0	0	0
IGLVVII-41-1	0	0	0	0	0	0	0	0
IGLV1-41	0	0	0	0	0	0	0	0
IGLV1-40	0	0	0	0	0	0	0	0
IGLVI-38	0	0	0	0	0	0	0	0
IGLV5-37	0	0	0	0	0	0	0	0
IGLV1-36	0	0	0	0	0	0	0	0
IGLV7-35	0	0	0	0	0	0	0	0
ZNF280B	41	126	484	78	33	58	16	92
ZNF280A	0	3	2	0	0	1	0	1
PRAME	0	16	1	0	0	0	0	0
IGLV2-34	0	0	0	0	0	0	0	0
IGLV2-33	0	0	0	0	0	0	0	0
IGLV3-32	0	0	0	0	0	0	0	0
IGLV3-31	0	0	0	0	0	0	0	0
IGLV3-30	0	0	0	0	0	0	0	0
GGTLC2	0	0	11	1	0	1	0	0
IGLV3-29	0	0	0	0	0	0	0	0
IGLV2-28	0	0	0	0	0	0	0	0
IGLV3-27	0	0	0	0	0	0	0	0
IGLV3-26	0	0	0	0	0	0	0	0
IGLVVI-25-1	0	0	0	0	0	0	0	0
IGLV3-25	0	0	0	0	0	0	0	0
IGLV3-24	0	0	0	0	0	0	0	0
IGLV2-23	0	0	0	0	0	0	0	0
IGLVVI-22-1	0	0	0	0	0	0	0	0
IGLV3-22	0	0	0	0	0	0	0	0
IGLV3-21	0	0	0	0	0	0	0	0
IGLVI-20	0	0	0	0	0	0	0	0
IGLV3-19	0	0	0	0	0	0	0	0
IGLV2-18	0	0	0	0	0	0	0	0
IGLV3-17	0	0	0	0	0	0	0	0
IGLV3-16	0	0	0	0	0	0	0	0
IGLV3-15	0	0	0	0	0	0	0	0
IGLV2-14	0	0	0	0	0	0	0	0
IGLV3-13	0	0	0	0	0	0	0	0
IGLV3-12	0	0	0	0	0	0	0	0
IGLV2-11	0	0	0	0	0	0	0	0
IGLV3-10	0	0	0	0	0	0	0	0
IGLV3-9	0	0	0	0	0	0	0	0
IGLV2-8	0	0	0	0	0	0	0	0
IGLV3-7	0	0	0	0	0	0	0	0
IGLV3-6	0	0	0	0	0	0	0	0
IGLV2-5	0	0	0	0	0	0	0	0
IGLV3-4	0	0	0	0	0	0	0	0
IGLV4-3	0	0	0	0	0	0	0	0
IGLV3-2	0	0	0	0	0	0	0	0
IGLV3-1	0	0	0	0	0	0	0	0
IGLJ1	0	0	0	0	0	0	0	0
IGLC1	0	0	0	0	0	0	0	0
IGLJ2	0	0	0	0	0	0	0	0
IGLC2	0	0	0	1	0	0	0	5
IGLJ3	0	0	0	0	0	0	0	0
IGLC3	0	0	0	0	1	0	0	12
IGLJ4	0	0	0	0	0	0	0	0
IGLC4	0	0	0	0	0	0	0	0
IGLJ5	0	0	0	0	0	0	0	0
IGLC5	0	0	0	0	0	0	0	0
IGLJ6	0	0	0	0	0	0	0	0
IGLC6	0	0	0	0	0	0	0	0
IGLJ7	0	0	0	0	0	0	0	0
IGLC7	0	0	0	0	0	0	0	0
RSPH14	14	55	151	15	5	10	13	27
GNAZ	128	127	2381	60	23	35	62	129
RAB36	22	94	355	23	4	18	20	35
BCR	822	653	11320	506	93	163	560	730
IGLL1	0	1	2	1	0	0	0	2
DRICH1	0	12	26	17	2	7	1	7
RGL4	3	9	24	7	1	3	1	9
ZNF70	56	81	733	28	10	19	48	64
VPREB3	69	11	937	18	2	5	78	13
C22orf15	49	127	583	41	10	21	71	77
CHCHD10	8002	1456	122828	1722	296	563	3693	3049
MMP11	2	73	7	44	15	15	0	106
SMARCB1	968	2794	16306	1524	318	715	602	2698
DERL3	111	120	1410	62	21	32	45	117
SLC2A11	69	202	833	141	26	67	39	183
MIF	23776	28010	279873	32822	5713	11332	16421	51372
GSTT2B	138	65	1613	682	25	113	57	752
DDTL	5	20	23	28	1	3	1	24
DDT	108	1626	1374	2639	585	842	42	4706
GSTT4	0	0	0	1	0	0	0	0
CABIN1	1425	809	16705	669	155	224	1033	1117
SUSD2	40	11	331	7	1	2	43	15
GGT5	7	0	40	1	0	0	2	1
SPECC1L	317	2082	4523	1300	284	438	208	1728
ADORA2A	0	16	3	23	4	14	0	40
UPB1	1	15	38	5	1	5	2	4
GUCD1	1019	204	12098	229	45	76	554	347
SNRPD3	7501	1948	84357	1882	299	596	4085	2763
GGT1	4	11	33	2	3	2	0	11
LRRC75B	234	106	2476	69	12	26	146	116
GGT1.1	7	0	54	3	0	1	1	2
PIWIL3	28	3	21	1	1	0	7	7
SGSM1	148	119	1547	110	13	30	60	178
TMEM211	0	0	0	1	0	0	0	0
KIAA1671	308	610	3886	382	83	146	191	581
CRYBB3	4	2	88	2	3	1	2	9
CRYBB2	102	248	1893	79	22	37	68	248
LRP5L	81	82	881	77	21	13	30	90
IGLVIVOR22-1	0	0	1	0	0	0	0	0
GRK3	704	694	10330	597	85	197	467	807
MYO18B	70	16	932	73	10	5	39	59
SEZ6L	98	199	259	195	56	21	125	610
ASPHD2	266	162	5224	84	18	48	207	193
HPS4	1049	445	12908	266	57	107	622	416
SRRD	2247	388	24644	304	64	119	1147	513
TFIP11	583	207	8607	193	31	51	310	234
TPST2	6321	391	82472	939	126	232	2483	1567
CRYBB1	490	9	10942	51	4	7	213	147
CRYBA4	180	21	5227	31	2	17	85	164
MN1	484	566	2235	207	63	109	183	501
PITPNB	3382	1427	38391	1170	235	373	1861	1777
TTC28	200	9155	2277	2615	908	1625	142	5134
CHEK2	3658	748	38794	875	185	233	1739	1746
HSCB	1488	452	20601	330	64	140	708	626
CCDC117	1963	519	21559	537	95	215	1036	967
XBP1	5786	1219	68021	906	177	386	3171	1617
ZNRF3	696	3779	7171	1320	404	604	374	2551
C22orf31	3	10	17	3	0	0	1	21
KREMEN1	91	246	951	77	15	31	26	116
EMID1	243	1026	5098	246	71	115	227	600
RHBDD3	994	407	16685	345	53	119	649	492
EWSR1	5527	2026	86220	1572	272	572	3056	2382
GAS2L1	587	53	4882	67	21	13	218	117
RASL10A	316	12	3504	21	3	11	78	56
AP1B1	977	309	13047	243	45	85	509	405
RFPL1	16	0	5	2	0	0	0	1
NEFH	709	17	5071	48	6	11	283	86
THOC5	1250	321	13186	216	42	92	746	457
NIPSNAP1	3787	1998	45617	1155	270	528	3002	2338
NF2	1513	453	15785	353	67	122	719	573
CABP7	39	2	364	7	0	2	4	8
ZMAT5	812	466	12769	286	58	122	481	390
UQCR10	23735	6869	297882	5073	953	1753	13154	7742
ASCC2	921	322	13628	249	55	97	579	398
MTMR3	235	692	3494	390	90	143	152	620
HORMAD2	2	10	34	3	3	0	1	6
LIF	99	7	1032	6	1	0	26	20
OSM	0	0	3	0	0	0	0	0
CASTOR1	63	98	1311	82	13	43	40	117
TBC1D10A	245	55	3853	66	11	24	110	84
SF3A1	2812	688	37089	582	101	188	1668	825
CCDC157	158	147	2239	75	13	35	91	123
RNF215	342	201	5207	163	43	69	217	251
SEC14L2	35	93	450	65	21	35	16	77
MTFP1	248	595	3906	757	140	309	178	1166
SEC14L3	0	1	0	0	0	0	0	1
SEC14L4	19	6	136	8	1	3	23	10
SEC14L6	21	111	316	39	5	15	11	58
GAL3ST1	235	65	3833	65	6	18	145	102
PES1	1850	319	27302	377	44	117	937	365
TCN2	821	196	19076	318	45	73	761	404
SLC35E4	271	78	3359	71	18	28	152	94
DUSP18	80	122	979	65	12	38	44	99
OSBP2	104	214	1124	183	40	59	36	253
MORC2	1129	406	14382	496	83	126	529	472
SMTN	901	137	18883	116	20	36	493	219
SELENOM	1693	494	32489	459	76	171	858	440
INPP5J	701	11	9865	67	19	21	486	56
PLA2G3	184	73	3653	46	8	11	179	82
RNF185	261	280	4108	245	50	83	153	306
LIMK2	543	287	6238	321	40	109	301	411
PIK3IP1	49	18	380	13	6	6	42	52
PATZ1	1284	394	12225	310	62	110	768	525
DRG1	3505	875	46119	798	153	270	1724	1262
EIF4ENIF1	748	514	7859	278	72	119	431	412
SFI1	381	357	3870	187	56	77	186	324
PISD	1026	467	14549	380	75	140	409	608
PRR14L	2536	984	26757	1122	170	415	1537	1644
DEPDC5	423	341	5007	225	71	78	211	396
YWHAH	15132	2355	179727	2680	464	896	8010	4416
SLC5A1	1	1	13	2	0	0	2	0
C22orf42	38	0	785	6	0	0	10	13
RFPL2	44	1	123	12	3	0	3	19
IGLCOR22-1	0	0	1	0	0	0	0	0
SLC5A4	6	22	79	20	5	5	2	21
RFPL3	1	0	16	1	0	0	0	2
IGLCOR22-2	0	0	3	0	0	0	0	0
IGLVIVOR22-2	0	0	0	0	0	0	0	0
RTCB	7230	1754	76036	1501	253	510	3967	2449
BPIFC	0	4	5	3	0	0	0	3
FBXO7	2138	703	29168	529	124	138	1075	807
SYN3	145	434	2993	3002	278	635	171	1919
TIMP3	241	1459	1973	747	122	277	87	408
LARGE1	781	4768	10804	4283	1115	1757	419	6405
ISX	0	0	2	0	0	0	0	0
HMGXB4	3826	1699	38339	1103	234	387	2459	1756
TOM1	260	179	5624	120	17	44	156	174
HMOX1	532	52	10474	96	14	45	260	162
MCM5	5147	690	56224	756	123	283	2421	1388
RASD2	58	8	591	5	2	3	31	13
MB	13	3	124	14	2	3	12	8
APOL6	0	0	22	7	0	0	0	2
APOL5	0	0	0	1	0	0	0	3
RBFOX2	1285	3181	17470	2187	387	830	771	3532
APOL3	1	0	7	3	2	0	0	0
APOL4	0	4	13	2	0	0	0	1
APOL2	226	90	2392	101	15	24	140	69
APOL1	1	9	9	1	0	0	0	3
MYH9	2654	1096	32074	1298	228	466	1594	1531
TXN2	4473	1647	70143	1031	231	477	2537	1985
FOXRED2	321	136	4705	119	19	23	243	151
EIF3D	13920	2417	135840	2580	397	807	7556	3478
CACNG2	0	9	6	5	1	4	0	10
IFT27	1743	807	29562	516	115	232	1205	878
PVALB	48	76	1926	28	4	6	59	27
NCF4	0	0	0	0	0	0	0	0
CSF2RB	0	0	4	1	0	0	0	0
TEX33	0	0	0	0	0	0	0	0
TST	729	504	12593	680	83	153	610	568
MPST	3935	1667	50606	999	176	356	2499	1590
KCTD17	466	332	8516	116	26	72	333	227
TMPRSS6	4	1	35	2	0	0	2	3
IL2RB	1	3	39	4	0	0	2	4
C1QTNF6	31	107	632	51	12	31	33	48
SSTR3	1	0	10	0	0	0	0	0
RAC2	74	1	938	31	2	4	67	21
CYTH4	0	1	3	0	0	0	0	1
ELFN2	7	1	93	2	0	3	8	2
MFNG	16	37	190	7	1	5	19	26
CARD10	248	16	2613	50	4	7	97	68
CDC42EP1	263	141	2617	134	15	25	89	97
LGALS2	1	5	24	7	0	0	2	3
GGA1	1215	362	15111	332	47	93	713	459
SH3BP1	811	108	11147	174	19	40	415	275
PDXP	9	298	361	243	59	81	7	369
LGALS1	7248	517	106229	1413	147	259	3266	1644
NOL12	477	399	7980	309	68	133	303	454
TRIOBP	2239	786	33824	893	122	310	1752	1220
H1F0	2035	1158	20072	1106	239	355	1580	1407
GCAT	1526	602	21456	331	54	150	1127	684
GALR3	13	5	187	3	1	2	16	5
ANKRD54	799	311	8223	199	40	64	440	281
EIF3L	17600	2860	214083	1994	422	775	10508	3784
MICALL1	415	164	4741	178	24	65	223	189
C22orf23	2	40	270	22	2	12	14	26
POLR2F	11111	2279	152966	2180	347	712	6073	3134
SOX10	81	42	949	37	5	12	31	44
PICK1	714	166	9391	155	27	63	383	233
SLC16A8	44	12	609	17	6	7	78	21
BAIAP2L2	145	30	1467	34	5	12	78	30
PLA2G6	102	114	1767	79	22	32	95	128
MAFF	147	44	2005	72	11	32	77	61
TMEM184B	795	363	8270	213	67	97	418	403
CSNK1E	3053	1571	44502	1252	242	515	1776	2094
KCNJ4	22	31	354	14	6	3	7	12
KDELR3	233	184	3613	109	14	46	179	139
DDX17	10134	4763	99751	3429	701	1269	5659	4993
DMC1	155	117	2190	100	18	29	97	124
FAM227A	137	606	3011	162	66	70	102	287
CBY1	1698	841	23941	477	105	225	922	723
TOMM22	12769	1967	160715	2295	306	718	7241	3558
JOSD1	602	386	7143	249	46	110	310	348
GTPBP1	951	343	11771	270	52	110	553	396
SUN2	77	130	1049	48	9	20	42	72
DNAL4	358	260	5273	133	34	56	281	254
NPTXR	125	16	1276	30	9	9	86	33
CBX6	612	281	8779	194	44	75	510	305
APOBEC3A	0	5	19	1	0	0	0	2
APOBEC3B	98	4	682	2	6	1	58	21
APOBEC3C	1996	44	22749	313	24	42	1231	455
APOBEC3D	13	10	172	36	10	10	8	65
APOBEC3F	237	29	2970	47	7	10	133	74
APOBEC3G	233	2	1226	37	4	8	86	31
APOBEC3H	28	5	206	9	0	3	10	14
CBX7	88	36	837	25	7	9	34	49
PDGFB	17	16	214	20	7	5	15	15
RPL3	257380	58561	2769915	53585	9635	18511	145063	85532
SYNGR1	3413	633	18688	375	80	158	1261	1177
TAB1	501	253	5894	163	33	53	270	242
MGAT3	57	96	421	63	14	22	34	65
MIEF1	1088	301	13280	211	37	104	623	367
AL022312.1	0	0	0	0	0	0	0	0
ATF4	5009	1480	63350	1314	173	500	2914	1732
RPS19BP1	7477	1702	92228	1463	251	565	3957	2242
CACNA1I	14	10	262	2	0	0	13	5
ENTHD1	0	2	1	1	0	1	0	3
GRAP2	1	14	13	21	1	6	2	20
Z82206.1	3	0	32	0	0	0	1	0
FAM83F	726	25	6899	141	34	24	388	300
TNRC6B	4806	3210	57558	2685	517	1046	2908	4401
ADSL	1294	1389	17619	1440	232	490	809	2613
SGSM3	130	393	1530	268	58	96	80	470
MRTFA	363	1100	4732	946	171	306	167	1211
MCHR1	7	12	177	12	2	1	12	2
SLC25A17	1337	443	17715	395	77	163	725	592
ST13	16224	4921	222439	4844	852	1752	10439	7879
XPNPEP3	1429	796	17368	481	105	211	828	835
DNAJB7	21	6	70	3	1	3	9	8
RBX1	20462	5211	265609	4227	777	1603	12828	6403
EP300	3636	1315	39795	1355	254	465	1886	1821
L3MBTL2	1064	253	11398	262	51	92	594	350
CHADL	33	14	370	13	6	5	32	27
RANGAP1	2511	618	28385	510	80	172	1181	689
ZC3H7B	575	308	7563	259	50	100	316	336
TEF	52	61	901	31	7	14	46	53
TOB2	1201	346	14057	344	66	141	707	557
PHF5A	7520	1444	88273	1257	237	480	3932	1571
ACO2	3010	805	40957	551	120	220	1300	1042
POLR3H	820	343	16573	234	54	106	432	397
CSDC2	2	26	171	13	2	5	4	14
PMM1	497	372	8951	187	45	94	336	355
DESI1	2933	292	27834	422	83	131	1105	553
XRCC6	17181	4363	226918	3786	655	1390	8760	6000
SNU13	20530	3563	284369	3368	586	1135	10301	5595
MEI1	10	22	126	9	5	11	4	34
CCDC134	193	164	3313	136	21	34	111	203
SREBF2	1425	2627	17535	1723	411	539	844	2349
SHISA8	44	7	592	6	3	1	32	36
TNFRSF13C	90	33	995	14	2	12	44	33
CENPM	2026	927	26161	518	104	269	1643	1027
LINC00634	11	14	167	5	2	2	13	11
SEPTIN3	358	170	4936	126	26	48	281	207
WBP2NL	21	18	85	14	5	1	2	15
NAGA	470	145	7029	111	10	29	312	202
PHETA2	2	19	7	7	2	4	0	49
SMDT1	2407	1785	30793	938	270	322	1666	1527
NDUFA6	6879	3227	75977	2138	398	798	3733	3689
CYP2D6	4	3	111	2	1	2	6	4
TCF20	32	772	289	696	134	222	9	1013
NFAM1	21	4	41	10	2	3	13	5
RRP7A	4942	490	58995	466	92	175	1683	1167
SERHL2	19	66	229	42	5	23	14	50
POLDIP3	1347	492	18898	386	96	130	717	520
CYB5R3	2063	1063	34578	868	140	318	1502	1131
ATP5MGL	106	8	1243	5	4	3	64	10
A4GALT	768	45	5219	72	20	29	327	261
ARFGAP3	934	833	12967	440	101	195	475	707
PACSIN2	1515	880	19657	850	151	276	855	1421
TTLL1	126	432	1393	156	44	78	124	249
BIK	268	26	2224	30	4	21	140	41
MCAT	653	284	8240	167	37	70	379	275
TSPO	1146	327	19174	307	51	102	502	362
TTLL12	1716	175	20920	230	50	85	857	421
SCUBE1	23	249	310	113	35	88	11	156
MPPED1	0	20	69	16	5	18	3	24
EFCAB6	8	253	170	93	30	46	8	124
SULT4A1	100	68	1496	48	8	33	115	74
PNPLA5	72	3	799	12	2	2	52	14
PNPLA3	472	427	3208	307	68	67	350	364
SAMM50	5022	825	62958	807	111	288	3016	1605
PARVB	507	135	6583	148	24	51	322	234
PARVG	1	1	34	10	0	0	3	6
SHISAL1	16	29	130	6	0	2	14	19
RTL6	409	135	3914	89	15	35	249	120
PRR5	790	147	9479	159	23	47	382	216
ARHGAP8	199	93	6727	327	65	112	82	505
PHF21B	251	1636	4365	1267	270	541	208	1993
NUP50	2702	782	29440	724	151	262	1312	1118
KIAA0930	754	148	10266	156	29	50	323	272
UPK3A	4	0	265	4	0	2	8	9
FAM118A	419	239	7257	160	34	58	302	261
SMC1B	13	32	102	8	2	5	21	23
RIBC2	81	118	330	40	9	16	44	54
FBLN1	4891	2021	43684	1855	222	484	2903	2456
ATXN10	6601	3979	78605	2562	495	894	4168	4181
WNT7B	74	397	472	57	42	66	15	201
PPARA	255	137	3855	139	29	34	97	210
CDPF1	400	135	4640	93	31	37	221	144
PKDREJ	1	0	14	0	0	0	0	0
TTC38	239	195	7366	169	27	34	298	169
GTSE1	3095	1348	38084	866	182	267	1646	1264
TRMU	1414	417	24241	353	81	105	736	547
CELSR1	110	548	1632	291	65	162	72	514
GRAMD4	266	160	2700	119	19	52	166	232
CERK	644	673	10149	311	55	134	527	556
TBC1D22A	680	1089	8098	1155	240	343	405	1809
TAFA5	582	580	5822	481	146	188	283	894
BRD1	986	756	8807	493	87	170	647	713
ZBED4	751	653	6522	435	85	158	505	614
ALG12	584	159	8206	151	29	64	427	306
CRELD2	2889	495	22393	338	56	140	1258	648
PIM3	3392	387	43884	414	51	121	1243	698
IL17REL	0	1	5	3	0	0	0	4
TTLL8	0	0	4	1	0	0	0	1
MLC1	2	3	10	2	0	1	0	4
MOV10L1	48	11	404	4	3	2	34	7
PANX2	117	6	1848	11	1	7	41	35
TRABD	3354	393	34112	385	90	110	1522	645
SELENOO	520	417	4785	290	48	113	275	428
TUBGCP6	207	81	2822	72	11	19	134	98
HDAC10	326	45	4505	58	9	15	165	87
MAPK12	1065	120	16355	91	20	32	337	201
MAPK11	102	28	1118	14	10	18	30	28
PLXNB2	538	292	4873	110	23	90	205	261
DENND6B	43	177	626	50	22	37	25	86
PPP6R2	676	1005	9075	792	166	286	471	988
SBF1	490	124	7222	94	15	47	254	155
ADM2	137	36	1678	45	4	16	58	51
MIOX	2	4	17	0	0	0	1	2
LMF2	474	225	7451	125	34	74	331	277
NCAPH2	931	336	14168	217	46	80	585	393
SCO2	2592	310	22785	295	74	107	1014	469
TYMP	179	50	2690	43	13	16	101	67
ODF3B	29	77	352	22	6	16	7	28
KLHDC7B	3	0	64	0	0	0	0	0
SYCE3	56	14	358	11	1	3	57	31
CPT1B	7	29	97	18	2	10	4	16
CHKB	114	656	1373	320	78	103	67	874
MAPK8IP2	104	52	2164	30	15	14	31	39
ARSA	120	105	2228	61	7	15	72	69
SHANK3	48	124	808	53	14	25	50	120
ACR	0	1	2	0	0	0	0	1
RABL2B	346	277	4584	173	29	69	239	215
FP565260.4	0	0	0	0	0	0	0	0
FP565260.3	0	0	11	0	0	0	0	1
GATD3B	14	123	151	187	20	32	2	195
FP565260.1	0	0	23	0	0	0	3	16
FP565260.6	44	9	583	8	1	1	22	17
CU639417.1	0	0	0	0	0	0	0	0
SIK1B	5	4	85	5	0	0	3	0
CBSL	1	10	236	2	0	2	2	6
U2AF1L5	189	7	1608	69	20	17	73	85
CRYAA2	0	0	0	0	0	0	0	0
SMIM11B	0	1	0	2	0	0	0	4
FAM243B	0	0	0	0	0	0	0	0
SMIM34B	0	0	0	0	0	0	0	0
KCNE1B	0	0	3	0	0	0	0	0
TPTE	2	25	6	7	3	5	3	12
IGHV1OR21-1	0	0	0	0	0	0	0	0
POTED	0	0	0	0	0	0	0	0
LIPI	1	87	0	38	11	22	0	56
RBM11	131	28	1918	33	9	18	72	62
HSPA13	1079	617	14023	307	71	147	692	548
SAMSN1	53	4	1262	33	0	2	40	64
NRIP1	325	1809	3112	1130	209	531	181	1426
USP25	785	1637	9008	1455	276	483	462	1740
CXADR	11373	3066	132182	2789	530	975	6525	4440
BTG3	2036	2081	16985	697	184	299	837	1265
C21orf91	740	384	5568	239	60	104	355	446
CHODL	260	173	212	430	267	56	24	1478
TMPRSS15	0	3	1	4	0	1	1	4
NCAM2	8	185	160	85	20	69	8	123
MRPL39	3177	821	47192	718	86	274	1741	1169
JAM2	92	728	2481	162	119	216	134	445
ATP5PF	31267	5611	351644	5483	1003	1813	14914	8022
GABPA	743	521	7530	340	71	157	512	570
APP	12785	4667	153282	4342	951	1557	7543	8540
CYYR1	706	1618	6030	712	163	269	590	1237
ADAMTS1	305	145	1708	160	29	47	234	250
ADAMTS5	100	9	262	9	9	10	34	65
N6AMT1	441	199	4699	119	25	45	229	186
LTN1	2392	805	24173	635	112	258	1256	923
RWDD2B	169	132	3536	121	16	25	1	7
USP16	2693	1235	31360	756	149	267	1125	1071
CCT8	24275	6585	305835	5304	822	1799	13679	7173
MAP3K7CL	9	3	102	7	1	4	2	23
BACH1	928	1306	9593	1063	208	383	522	1357
GRIK1	3	1040	17	318	109	159	2	196
CLDN17	0	0	0	0	0	0	0	0
CLDN8	1	0	1	0	0	0	0	0
KRTAP24-1	0	0	0	0	0	0	0	0
KRTAP25-1	0	0	0	0	0	0	0	0
KRTAP26-1	0	0	1	0	0	0	0	0
KRTAP27-1	0	0	0	0	0	0	0	0
KRTAP23-1	0	0	0	0	0	0	0	0
KRTAP13-2	0	0	0	0	0	0	0	0
KRTAP13-1	0	0	0	0	0	0	0	0
KRTAP13-3	0	0	0	0	0	0	0	0
KRTAP13-4	3	1	19	3	0	0	3	5
KRTAP15-1	0	0	0	0	0	0	0	0
KRTAP19-1	0	0	2	0	0	0	0	0
KRTAP19-2	0	0	0	0	0	0	0	0
KRTAP19-3	0	0	0	0	0	0	0	0
KRTAP19-4	0	0	0	0	0	0	0	0
KRTAP19-5	0	0	0	0	0	0	0	0
KRTAP19-6	0	0	0	0	0	0	0	0
KRTAP19-7	0	0	0	0	0	0	0	0
KRTAP22-2	1	0	0	0	0	0	0	0
KRTAP6-3	0	0	0	0	0	0	0	0
KRTAP6-2	0	0	0	0	0	0	0	0
KRTAP22-1	0	0	0	0	0	0	0	0
KRTAP6-1	0	0	0	0	0	0	0	0
KRTAP20-1	0	0	0	0	0	0	0	0
KRTAP20-4	0	0	0	0	0	0	0	0
KRTAP20-2	0	0	0	0	0	0	0	0
KRTAP20-3	0	0	0	0	0	0	0	0
KRTAP21-3	0	0	0	0	0	0	0	0
KRTAP21-2	0	0	0	0	0	0	0	0
KRTAP21-1	0	0	0	0	0	0	0	0
KRTAP8-1	0	0	6	0	0	0	1	0
KRTAP7-1	0	0	1	0	0	0	0	0
KRTAP11-1	0	0	0	0	0	0	0	0
KRTAP19-8	0	0	2	0	0	0	0	0
TIAM1	1077	2322	10272	1969	416	668	496	2585
SOD1	21544	5798	267852	4346	895	1536	9821	6520
SCAF4	1068	927	15282	787	129	259	704	1065
HUNK	212	374	1814	207	50	83	103	294
MIS18A	7980	1273	92525	1329	260	472	4484	2499
MRAP	0	11	5	12	0	2	0	8
URB1	877	259	10317	305	49	91	549	520
EVA1C	125	75	1087	109	28	28	71	226
TCP10L	71	38	823	35	7	13	46	22
CFAP298	5358	1482	66518	1980	286	485	3107	2270
SYNJ1	160	215	1287	109	32	54	57	166
PAXBP1	1168	1492	12813	983	184	401	705	1464
C21orf62	0	46	0	7	15	13	0	14
OLIG2	6	7	158	2	1	1	5	7
OLIG1	10	24	252	1	1	1	11	7
IFNAR2	323	545	5497	335	76	126	247	561
IL10RB	9	151	128	93	18	28	5	140
IFNAR1	860	501	8683	299	78	124	488	455
IFNGR2	90	746	1073	516	130	159	68	790
TMEM50B	437	515	4345	328	88	116	286	441
DNAJC28	3	45	21	28	9	14	2	47
GART	3135	1054	28258	925	172	305	1874	1749
SON	11630	4003	142883	3224	567	1224	6958	5241
DONSON	1075	450	12194	288	64	106	669	509
CRYZL1	1136	903	12921	453	128	218	705	733
ITSN1	3113	3036	37827	2136	672	941	1897	3831
ATP5PO	25850	6695	310401	5340	1012	1967	12922	9439
MRPS6	10047	3955	128854	2894	451	1042	5417	4063
SLC5A3	1161	908	13707	457	91	227	681	848
KCNE2	3	8	39	1	0	0	2	6
SMIM11A	0	14	0	5	1	1	0	13
FAM243A	0	0	0	0	0	0	0	0
SMIM34A	0	0	0	0	0	0	0	0
KCNE1	5	7	26	5	0	0	0	3
RCAN1	216	157	2933	113	18	40	123	170
CLIC6	17	27	388	16	1	8	11	18
RUNX1	43	50	197	182	8	32	22	145
SETD4	995	331	14404	334	64	90	367	495
CBR1	6394	772	56014	2051	291	324	1936	1497
CBR3	3809	43	17585	123	93	23	457	323
DOP1B	225	257	3508	218	43	70	109	255
MORC3	1287	855	12095	621	124	249	638	820
CHAF1B	509	297	6439	204	35	82	318	334
CLDN14	0	4	3	9	0	2	0	2
SIM2	0	12	14	4	2	2	0	8
HLCS	146	953	2061	500	126	227	149	685
RIPPLY3	27	1695	559	371	214	486	106	683
PIGP	838	751	9382	309	64	104	425	400
TTC3	849	6706	7343	1636	472	991	616	3444
VPS26C	1411	543	22597	508	91	162	730	683
DYRK1A	870	2283	10048	1616	296	593	570	2352
KCNJ6	17	16	257	30	4	19	13	49
KCNJ15	0	4	11	3	0	2	1	2
ERG	0	5	36	15	4	8	0	23
ETS2	1309	138	11457	285	99	78	774	564
PSMG1	4928	1236	80531	944	179	361	3097	1438
BRWD1	2880	1799	30939	1429	296	477	1522	2276
HMGN1	29530	9247	381366	8534	1300	3356	20034	12097
GET1	1900	916	23642	539	130	242	1185	945
LCA5L	11	67	326	40	12	11	20	43
SH3BGR	9	123	445	113	13	47	11	133
B3GALT5	313	72	4245	236	24	50	102	215
IGSF5	15	16	520	34	9	9	21	41
PCP4	86	67	836	40	7	15	62	46
DSCAM	9	170	44	113	43	88	2	443
BACE2	122	254	2316	229	28	69	282	292
FAM3B	49	6	1208	14	2	4	47	20
MX2	63	10	3742	79	3	8	72	43
MX1	186	19	4754	16	0	7	50	21
TMPRSS2	98	3	1338	26	2	6	37	27
RIPK4	217	27	1523	16	10	14	74	75
PRDM15	145	144	1373	109	23	35	61	156
C2CD2	165	224	1996	134	35	42	144	205
ZBTB21	337	222	3482	134	29	78	168	226
UMODL1	16	2	47	1	0	1	10	3
ABCG1	21	59	307	5	4	11	14	20
TFF3	18	20	341	38	4	3	32	41
TFF2	4	0	91	1	0	0	2	1
TFF1	0	2	5	2	0	0	0	1
TMPRSS3	2	1	19	4	2	3	0	0
UBASH3A	0	0	0	0	0	0	0	0
RSPH1	17	53	322	22	8	12	5	26
SLC37A1	433	62	4826	166	30	34	282	230
PDE9A	506	342	3660	417	67	124	366	634
WDR4	1657	249	14457	330	73	94	788	714
NDUFV3	5610	1766	60972	1327	296	474	2905	1949
PKNOX1	1576	373	17166	563	106	160	646	649
CBS	42	34	527	62	10	25	23	105
U2AF1	24	108	543	12	1	15	75	43
CRYAA	0	0	0	0	0	0	0	0
SIK1	1	0	0	0	0	0	0	5
HSF2BP	36	62	349	33	17	17	27	35
H2BFS	0	0	0	0	0	0	0	0
RRP1B	5965	1296	63898	1287	246	450	3097	1714
PDXK	3244	779	43215	797	111	244	1928	1300
CSTB	14998	1944	309810	3398	526	1067	8341	4702
RRP1	3088	362	39926	486	92	152	1655	733
AGPAT3	147	512	1969	144	56	76	44	277
TRAPPC10	946	783	10181	591	116	194	495	966
PWP2	143	25	1957	25	3	7	85	18
GATD3A	339	147	5153	37	4	48	166	184
ICOSLG	2	8	35	29	3	4	0	27
DNMT3L	12	0	98	1	0	0	1	1
AIRE	10	0	67	1	0	0	2	0
PFKL	2963	618	35673	562	104	206	1605	957
CFAP410	650	277	7738	119	25	65	278	231
TRPM2	46	3	393	6	3	5	1	22
LRRC3	85	35	1499	31	3	15	36	55
TSPEAR	37	47	309	567	54	48	12	568
KRTAP10-1	0	0	4	0	0	0	1	0
KRTAP10-2	1	0	14	1	0	0	0	1
KRTAP10-3	0	0	12	0	0	0	1	0
KRTAP10-4	0	1	0	37	6	3	0	51
KRTAP10-5	0	0	3	0	0	0	0	0
KRTAP10-6	0	0	16	0	0	0	1	0
KRTAP10-7	0	0	23	0	0	0	0	0
KRTAP10-8	0	0	0	0	0	0	0	0
KRTAP10-9	0	0	4	0	0	0	0	0
KRTAP10-10	0	0	1	0	0	0	0	0
KRTAP10-11	0	0	0	0	0	0	2	0
KRTAP12-4	1	0	1	0	0	1	1	0
KRTAP12-3	0	0	0	0	0	0	0	0
KRTAP12-2	1	0	4	0	0	0	0	0
KRTAP12-1	7	0	70	0	0	0	3	0
KRTAP10-12	1	0	10	1	0	0	0	0
UBE2G2	3798	1386	40947	1071	219	417	2015	1774
SUMO3	5646	1286	60947	1166	186	402	3483	1837
PTTG1IP	2745	1907	38556	1134	239	534	2275	2257
ITGB2	10	5	82	2	0	3	7	8
FAM207A	4654	791	48148	847	142	322	2238	1495
ADARB1	268	447	3219	321	62	105	150	562
POFUT2	381	239	6506	133	25	82	274	260
COL18A1	1213	958	15345	689	101	228	1112	908
SLC19A1	463	183	7802	138	16	45	281	163
PCBP3	77	158	934	344	64	87	48	424
COL6A1	3273	690	60637	914	231	249	2270	2311
COL6A2	1367	286	21612	473	81	89	1153	619
FTCD	10	7	1202	42	2	0	8	27
SPATC1L	2	29	261	669	33	10	10	602
LSS	29	452	349	360	49	93	15	464
MCM3AP	1218	546	13351	390	76	141	783	677
YBEY	1814	645	22506	427	39	190	685	600
C21orf58	720	624	9155	346	91	145	539	515
PCNT	860	532	9081	322	89	207	469	626
AP000471.1	0	1	12	0	0	0	0	0
DIP2A	639	753	8324	361	81	171	404	691
S100B	60	55	540	34	3	9	23	57
PRMT2	2531	1486	33703	903	172	395	1430	1586
MT-ND1	113883	30738	2547361	30494	5479	12227	87868	43212
MT-ND2	107859	21174	1257516	27204	3935	8811	87611	41774
MT-CO1	437135	184302	8031803	152585	28939	61691	333120	234841
MT-CO2	1077423	188656	13931665	203644	31482	65025	521161	278339
MT-ATP8	2111	5400	29228	4963	848	1897	1097	8006
MT-ATP6	408311	127943	6025838	124084	23047	52350	254094	205346
MT-CO3	918939	224620	11201620	220682	27466	72957	443353	262326
MT-ND3	189962	31133	2464328	35175	4833	12323	114157	46933
MT-ND4L	15161	2468	135714	2580	394	826	6154	3219
MT-ND4	415307	74340	5606669	79339	13110	26353	251326	127867
MT-ND5	75274	21918	725747	13727	2923	5562	35625	25073
MT-ND6	11865	3275	99186	2352	584	1121	7755	3834
MT-CYB	353548	88760	5708055	92192	11003	36017	192945	129647
AC133551.1	0	0	0	0	0	0	0	0
AC136612.1	0	0	0	0	0	0	0	0
AC136616.1	0	0	4	0	0	0	0	0
AC136616.3	0	0	0	0	0	0	0	0
AC136616.2	0	0	0	0	0	0	0	0
AC141272.1	0	0	0	0	0	0	0	0
AC136352.3	0	1	0	0	0	0	0	1
AC136352.2	0	0	0	0	0	0	0	0
AC171558.3	0	0	0	0	0	0	0	0
AC171558.1	0	0	0	0	0	0	0	0
BX004987.1	0	0	0	0	0	0	0	0
AC145212.1	0	0	0	0	0	0	0	0
MAFIP	0	0	1	0	0	0	0	0
AC011841.1	0	2	0	2	0	1	0	2
AC011043.1	683	375	6896	111	48	47	536	323
AC011043.2	0	0	0	3	0	1	0	0
AL592183.1	2	14	15	89	3	7	0	116
AC007325.1	0	0	0	0	0	0	0	0
AC007325.4	82	60	1551	34	3	11	40	18
AC007325.2	182	4	2595	37	3	9	0	41
BX072566.1	0	0	0	0	0	0	0	0
AL354822.1	0	0	0	0	0	0	0	0
AC023491.2	0	0	0	0	0	0	0	0
AC004556.3	2192	0	240	1	1	0	9	3
AC233755.2	0	0	0	0	0	0	0	0
AC233755.1	0	0	0	0	0	0	0	0
AC240274.1	103	153	614	25	18	22	71	98
AC213203.2	0	0	1	0	0	0	0	0
AC213203.1	0	0	0	0	0	0	0	1
